WARNING:__main__:
*****************************************
Setting OMP_NUM_THREADS environment variable for each process to be 1 in default, to avoid your system being overloaded, please further tune the variable for optimal performance in your application as needed. 
*****************************************
[lora] enabled: replaced_linear=48, trainable_params=1966080
[params] trainable_total=11414536
/data/xiangyuyue/ULLM-zf/fsl-20260209/miniconda3/envs/fsl/lib/python3.11/site-packages/torch/autograd/graph.py:825: UserWarning: Grad strides do not match bucket view strides. This may indicate grad was not created according to the gradient layout contract, or that the param's strides changed since DDP was constructed.  This is not an error, but may impair performance.
grad.sizes() = [8, 1024, 1, 1], strides() = [1024, 1, 1024, 1024]
bucket_view.sizes() = [8, 1024, 1, 1], strides() = [1024, 1, 1, 1] (Triggered internally at ../torch/csrc/distributed/c10d/reducer.cpp:327.)
  return Variable._execution_engine.run_backward(  # Calls into the C++ engine to run the backward pass
/data/xiangyuyue/ULLM-zf/fsl-20260209/miniconda3/envs/fsl/lib/python3.11/site-packages/torch/autograd/graph.py:825: UserWarning: Grad strides do not match bucket view strides. This may indicate grad was not created according to the gradient layout contract, or that the param's strides changed since DDP was constructed.  This is not an error, but may impair performance.
grad.sizes() = [8, 1024, 1, 1], strides() = [1024, 1, 1024, 1024]
bucket_view.sizes() = [8, 1024, 1, 1], strides() = [1024, 1, 1, 1] (Triggered internally at ../torch/csrc/distributed/c10d/reducer.cpp:327.)
  return Variable._execution_engine.run_backward(  # Calls into the C++ engine to run the backward pass
/data/xiangyuyue/ULLM-zf/fsl-20260209/miniconda3/envs/fsl/lib/python3.11/site-packages/torch/autograd/graph.py:825: UserWarning: Grad strides do not match bucket view strides. This may indicate grad was not created according to the gradient layout contract, or that the param's strides changed since DDP was constructed.  This is not an error, but may impair performance.
grad.sizes() = [8, 1024, 1, 1], strides() = [1024, 1, 1024, 1024]
bucket_view.sizes() = [8, 1024, 1, 1], strides() = [1024, 1, 1, 1] (Triggered internally at ../torch/csrc/distributed/c10d/reducer.cpp:327.)
  return Variable._execution_engine.run_backward(  # Calls into the C++ engine to run the backward pass
/data/xiangyuyue/ULLM-zf/fsl-20260209/miniconda3/envs/fsl/lib/python3.11/site-packages/torch/autograd/graph.py:825: UserWarning: Grad strides do not match bucket view strides. This may indicate grad was not created according to the gradient layout contract, or that the param's strides changed since DDP was constructed.  This is not an error, but may impair performance.
grad.sizes() = [8, 1024, 1, 1], strides() = [1024, 1, 1024, 1024]
bucket_view.sizes() = [8, 1024, 1, 1], strides() = [1024, 1, 1, 1] (Triggered internally at ../torch/csrc/distributed/c10d/reducer.cpp:327.)
  return Variable._execution_engine.run_backward(  # Calls into the C++ engine to run the backward pass
/data/xiangyuyue/ULLM-zf/fsl-20260209/miniconda3/envs/fsl/lib/python3.11/site-packages/torch/autograd/graph.py:825: UserWarning: Grad strides do not match bucket view strides. This may indicate grad was not created according to the gradient layout contract, or that the param's strides changed since DDP was constructed.  This is not an error, but may impair performance.
grad.sizes() = [8, 1024, 1, 1], strides() = [1024, 1, 1024, 1024]
bucket_view.sizes() = [8, 1024, 1, 1], strides() = [1024, 1, 1, 1] (Triggered internally at ../torch/csrc/distributed/c10d/reducer.cpp:327.)
  return Variable._execution_engine.run_backward(  # Calls into the C++ engine to run the backward pass
/data/xiangyuyue/ULLM-zf/fsl-20260209/miniconda3/envs/fsl/lib/python3.11/site-packages/torch/autograd/graph.py:825: UserWarning: Grad strides do not match bucket view strides. This may indicate grad was not created according to the gradient layout contract, or that the param's strides changed since DDP was constructed.  This is not an error, but may impair performance.
grad.sizes() = [8, 1024, 1, 1], strides() = [1024, 1, 1024, 1024]
bucket_view.sizes() = [8, 1024, 1, 1], strides() = [1024, 1, 1, 1] (Triggered internally at ../torch/csrc/distributed/c10d/reducer.cpp:327.)
  return Variable._execution_engine.run_backward(  # Calls into the C++ engine to run the backward pass
/data/xiangyuyue/ULLM-zf/fsl-20260209/miniconda3/envs/fsl/lib/python3.11/site-packages/torch/autograd/graph.py:825: UserWarning: Grad strides do not match bucket view strides. This may indicate grad was not created according to the gradient layout contract, or that the param's strides changed since DDP was constructed.  This is not an error, but may impair performance.
grad.sizes() = [8, 1024, 1, 1], strides() = [1024, 1, 1024, 1024]
bucket_view.sizes() = [8, 1024, 1, 1], strides() = [1024, 1, 1, 1] (Triggered internally at ../torch/csrc/distributed/c10d/reducer.cpp:327.)
  return Variable._execution_engine.run_backward(  # Calls into the C++ engine to run the backward pass
/data/xiangyuyue/ULLM-zf/fsl-20260209/miniconda3/envs/fsl/lib/python3.11/site-packages/torch/autograd/graph.py:825: UserWarning: Grad strides do not match bucket view strides. This may indicate grad was not created according to the gradient layout contract, or that the param's strides changed since DDP was constructed.  This is not an error, but may impair performance.
grad.sizes() = [8, 1024, 1, 1], strides() = [1024, 1, 1024, 1024]
bucket_view.sizes() = [8, 1024, 1, 1], strides() = [1024, 1, 1, 1] (Triggered internally at ../torch/csrc/distributed/c10d/reducer.cpp:327.)
  return Variable._execution_engine.run_backward(  # Calls into the C++ engine to run the backward pass
epoch 1/100 step 20 | loss 928747.9906 | det 0.0000 seg 0.0000 cnt 1085441.5000
epoch 1/100 step 40 | loss 709509.7098 | det 0.0000 seg 0.0000 cnt 223741.6875
epoch 1/100 step 60 | loss 510644.2109 | det 0.0000 seg 0.0000 cnt 52412.4531
epoch 1/100 step 80 | loss 390544.2048 | det 0.0000 seg 0.0000 cnt 13422.5137
epoch 1/100 step 100 | loss 314120.3152 | det 0.0000 seg 0.0000 cnt 4183.3564
epoch 1/100 step 120 | loss 262230.8329 | det 0.0000 seg 0.0000 cnt 1576.0950
epoch 1/100 step 140 | loss 224907.1236 | det 0.0000 seg 0.0000 cnt 536.0134
epoch 1/100 step 160 | loss 196835.8091 | det 0.0000 seg 0.0000 cnt 186.4819
epoch 1/100 step 180 | loss 174977.9195 | det 0.0000 seg 0.0000 cnt 57.9159
epoch 1/100 step 200 | loss 157483.9063 | det 0.0000 seg 0.0000 cnt 22.3044
epoch 1/100 step 220 | loss 143168.4606 | det 0.0000 seg 0.0000 cnt 8.1327
epoch 1/100 step 240 | loss 131238.4619 | det 0.0000 seg 0.0000 cnt 3.5262
epoch 1/100 step 260 | loss 121143.6928 | det 0.0000 seg 0.0000 cnt 6.8209
epoch 1/100 step 280 | loss 112491.0098 | det 0.0000 seg 0.0000 cnt 2.9533
epoch 1/100 step 300 | loss 104992.1118 | det 0.0000 seg 0.0000 cnt 3.8621
epoch 1/100 step 320 | loss 98430.5573 | det 0.0000 seg 0.0000 cnt 3.9486
epoch 1/100 | train 97516.4017 | val det 0.0000 seg 0.0000 miou 0.0000 cnt 0.0000 dens 0.000000e+00 mae 0.0000 total_mae 0.0000 | ap50 0.0000 | selected cnt_mae(min) 0.000000
epoch 2/100 step 20 | loss 6.2592 | det 0.0000 seg 0.0000 cnt 6.8379
epoch 2/100 step 40 | loss 6.1641 | det 0.0000 seg 0.0000 cnt 6.2988
epoch 2/100 step 60 | loss 5.5680 | det 0.0000 seg 0.0000 cnt 3.7945
epoch 2/100 step 80 | loss 5.3915 | det 0.0000 seg 0.0000 cnt 3.7755
epoch 2/100 step 100 | loss 5.2575 | det 0.0000 seg 0.0000 cnt 3.3031
epoch 2/100 step 120 | loss 5.2679 | det 0.0000 seg 0.0000 cnt 1.7898
epoch 2/100 step 140 | loss 5.3579 | det 0.0000 seg 0.0000 cnt 4.0042
epoch 2/100 step 160 | loss 5.1670 | det 0.0000 seg 0.0000 cnt 2.7369
epoch 2/100 step 180 | loss 5.1186 | det 0.0000 seg 0.0000 cnt 6.2646
epoch 2/100 step 200 | loss 5.0425 | det 0.0000 seg 0.0000 cnt 3.4829
epoch 2/100 step 220 | loss 5.1264 | det 0.0000 seg 0.0000 cnt 2.3940
epoch 2/100 step 240 | loss 5.1779 | det 0.0000 seg 0.0000 cnt 2.6380
epoch 2/100 step 260 | loss 5.1947 | det 0.0000 seg 0.0000 cnt 2.4846
epoch 2/100 step 280 | loss 5.1339 | det 0.0000 seg 0.0000 cnt 1.7311
epoch 2/100 step 300 | loss 5.0789 | det 0.0000 seg 0.0000 cnt 1.8655
epoch 2/100 step 320 | loss 5.0077 | det 0.0000 seg 0.0000 cnt 6.1298
epoch 2/100 | train 4.9909 | val det 0.0000 seg 0.0000 miou 0.0000 cnt 0.0000 dens 0.000000e+00 mae 0.0000 total_mae 0.0000 | ap50 0.0000 | selected cnt_mae(min) 0.000000
epoch 3/100 step 20 | loss 4.6373 | det 0.0000 seg 0.0000 cnt 4.8120
epoch 3/100 step 40 | loss 4.3027 | det 0.0000 seg 0.0000 cnt 2.8665
epoch 3/100 step 60 | loss 4.4014 | det 0.0000 seg 0.0000 cnt 7.7802
epoch 3/100 step 80 | loss 4.3361 | det 0.0000 seg 0.0000 cnt 4.0172
epoch 3/100 step 100 | loss 4.3932 | det 0.0000 seg 0.0000 cnt 8.7693
epoch 3/100 step 120 | loss 4.4496 | det 0.0000 seg 0.0000 cnt 2.5876
epoch 3/100 step 140 | loss 4.4673 | det 0.0000 seg 0.0000 cnt 4.0266
epoch 3/100 step 160 | loss 4.3503 | det 0.0000 seg 0.0000 cnt 2.7866
epoch 3/100 step 180 | loss 4.3210 | det 0.0000 seg 0.0000 cnt 1.7284
epoch 3/100 step 200 | loss 4.3118 | det 0.0000 seg 0.0000 cnt 8.4663
epoch 3/100 step 220 | loss 4.2086 | det 0.0000 seg 0.0000 cnt 3.8842
epoch 3/100 step 240 | loss 4.2181 | det 0.0000 seg 0.0000 cnt 5.4824
epoch 3/100 step 260 | loss 4.2809 | det 0.0000 seg 0.0000 cnt 1.0073
epoch 3/100 step 280 | loss 4.2603 | det 0.0000 seg 0.0000 cnt 3.3725
epoch 3/100 step 300 | loss 4.2633 | det 0.0000 seg 0.0000 cnt 11.9501
epoch 3/100 step 320 | loss 4.3091 | det 0.0000 seg 0.0000 cnt 3.0873
epoch 3/100 | train 4.3002 | val det 0.0000 seg 0.0000 miou 0.0000 cnt 0.0000 dens 0.000000e+00 mae 0.0000 total_mae 0.0000 | ap50 0.0000 | selected cnt_mae(min) 0.000000
epoch 4/100 step 20 | loss 4.2758 | det 0.0000 seg 0.0000 cnt 4.5182
epoch 4/100 step 40 | loss 4.2188 | det 0.0000 seg 0.0000 cnt 1.4770
epoch 4/100 step 60 | loss 4.1372 | det 0.0000 seg 0.0000 cnt 4.5934
epoch 4/100 step 80 | loss 3.9732 | det 0.0000 seg 0.0000 cnt 4.8860
epoch 4/100 step 100 | loss 3.8870 | det 0.0000 seg 0.0000 cnt 1.9239
epoch 4/100 step 120 | loss 4.0323 | det 0.0000 seg 0.0000 cnt 0.9789
epoch 4/100 step 140 | loss 4.0586 | det 0.0000 seg 0.0000 cnt 1.6225
epoch 4/100 step 160 | loss 4.0398 | det 0.0000 seg 0.0000 cnt 8.0344
epoch 4/100 step 180 | loss 4.0348 | det 0.0000 seg 0.0000 cnt 8.8106
epoch 4/100 step 200 | loss 3.9532 | det 0.0000 seg 0.0000 cnt 1.8995
epoch 4/100 step 220 | loss 3.9368 | det 0.0000 seg 0.0000 cnt 3.8450
epoch 4/100 step 240 | loss 3.8867 | det 0.0000 seg 0.0000 cnt 1.5430
epoch 4/100 step 260 | loss 3.8637 | det 0.0000 seg 0.0000 cnt 1.2988
epoch 4/100 step 280 | loss 3.9118 | det 0.0000 seg 0.0000 cnt 6.7002
epoch 4/100 step 300 | loss 3.9219 | det 0.0000 seg 0.0000 cnt 3.4737
epoch 4/100 step 320 | loss 3.9122 | det 0.0000 seg 0.0000 cnt 5.0497
epoch 4/100 | train 3.9008 | val det 0.0000 seg 0.0000 miou 0.0000 cnt 0.0000 dens 0.000000e+00 mae 0.0000 total_mae 0.0000 | ap50 0.0000 | selected cnt_mae(min) 0.000000
epoch 5/100 step 20 | loss 3.8163 | det 0.0000 seg 0.0000 cnt 4.1231
epoch 5/100 step 40 | loss 3.7525 | det 0.0000 seg 0.0000 cnt 1.5746
epoch 5/100 step 60 | loss 4.1493 | det 0.0000 seg 0.0000 cnt 1.6322
epoch 5/100 step 80 | loss 3.9445 | det 0.0000 seg 0.0000 cnt 6.3699
epoch 5/100 step 100 | loss 3.9327 | det 0.0000 seg 0.0000 cnt 1.6610
epoch 5/100 step 120 | loss 3.7811 | det 0.0000 seg 0.0000 cnt 1.8743
epoch 5/100 step 140 | loss 3.7271 | det 0.0000 seg 0.0000 cnt 5.5709
epoch 5/100 step 160 | loss 3.8314 | det 0.0000 seg 0.0000 cnt 3.1170
epoch 5/100 step 180 | loss 3.8942 | det 0.0000 seg 0.0000 cnt 2.6852
epoch 5/100 step 200 | loss 3.8751 | det 0.0000 seg 0.0000 cnt 1.1073
epoch 5/100 step 220 | loss 3.8079 | det 0.0000 seg 0.0000 cnt 3.1348
epoch 5/100 step 240 | loss 3.8313 | det 0.0000 seg 0.0000 cnt 1.8441
epoch 5/100 step 260 | loss 3.8290 | det 0.0000 seg 0.0000 cnt 1.8203
epoch 5/100 step 280 | loss 3.8312 | det 0.0000 seg 0.0000 cnt 4.0942
epoch 5/100 step 300 | loss 3.8098 | det 0.0000 seg 0.0000 cnt 3.5447
epoch 5/100 step 320 | loss 3.8225 | det 0.0000 seg 0.0000 cnt 15.3344
epoch 5/100 | train 3.8171 | val det 0.0000 seg 0.0000 miou 0.0000 cnt 0.0000 dens 0.000000e+00 mae 0.0000 total_mae 0.0000 | ap50 0.0000 | selected cnt_mae(min) 0.000000
epoch 6/100 step 20 | loss 3.1262 | det 0.0000 seg 0.0000 cnt 2.2516
epoch 6/100 step 40 | loss 3.5067 | det 0.0000 seg 0.0000 cnt 2.2891
epoch 6/100 step 60 | loss 3.6308 | det 0.0000 seg 0.0000 cnt 3.9533
epoch 6/100 step 80 | loss 3.6697 | det 0.0000 seg 0.0000 cnt 1.1271
epoch 6/100 step 100 | loss 3.7445 | det 0.0000 seg 0.0000 cnt 5.2579
epoch 6/100 step 120 | loss 3.6233 | det 0.0000 seg 0.0000 cnt 2.5713
epoch 6/100 step 140 | loss 3.6760 | det 0.0000 seg 0.0000 cnt 5.6776
epoch 6/100 step 160 | loss 3.6473 | det 0.0000 seg 0.0000 cnt 1.4904
epoch 6/100 step 180 | loss 3.6534 | det 0.0000 seg 0.0000 cnt 2.2922
epoch 6/100 step 200 | loss 3.6480 | det 0.0000 seg 0.0000 cnt 3.7202
epoch 6/100 step 220 | loss 3.6998 | det 0.0000 seg 0.0000 cnt 1.7844
epoch 6/100 step 240 | loss 3.7112 | det 0.0000 seg 0.0000 cnt 1.8017
epoch 6/100 step 260 | loss 3.6864 | det 0.0000 seg 0.0000 cnt 5.3878
epoch 6/100 step 280 | loss 3.6543 | det 0.0000 seg 0.0000 cnt 2.4927
epoch 6/100 step 300 | loss 3.6375 | det 0.0000 seg 0.0000 cnt 3.7241
epoch 6/100 step 320 | loss 3.5946 | det 0.0000 seg 0.0000 cnt 1.3952
epoch 6/100 | train 3.5821 | val det 0.0000 seg 0.0000 miou 0.0000 cnt 0.0000 dens 0.000000e+00 mae 0.0000 total_mae 0.0000 | ap50 0.0000 | selected cnt_mae(min) 0.000000
epoch 7/100 step 20 | loss 4.7900 | det 0.0000 seg 0.0000 cnt 7.4375
epoch 7/100 step 40 | loss 4.1823 | det 0.0000 seg 0.0000 cnt 2.9227
epoch 7/100 step 60 | loss 3.7788 | det 0.0000 seg 0.0000 cnt 3.1399
epoch 7/100 step 80 | loss 3.6176 | det 0.0000 seg 0.0000 cnt 1.5072
epoch 7/100 step 100 | loss 3.5239 | det 0.0000 seg 0.0000 cnt 1.7480
epoch 7/100 step 120 | loss 3.5145 | det 0.0000 seg 0.0000 cnt 5.5815
epoch 7/100 step 140 | loss 3.4856 | det 0.0000 seg 0.0000 cnt 1.9177
epoch 7/100 step 160 | loss 3.4740 | det 0.0000 seg 0.0000 cnt 5.2348
epoch 7/100 step 180 | loss 3.4387 | det 0.0000 seg 0.0000 cnt 1.6770
epoch 7/100 step 200 | loss 3.4287 | det 0.0000 seg 0.0000 cnt 2.5458
epoch 7/100 step 220 | loss 3.4141 | det 0.0000 seg 0.0000 cnt 1.8812
epoch 7/100 step 240 | loss 3.4998 | det 0.0000 seg 0.0000 cnt 2.8146
epoch 7/100 step 260 | loss 3.5370 | det 0.0000 seg 0.0000 cnt 2.7912
epoch 7/100 step 280 | loss 3.5157 | det 0.0000 seg 0.0000 cnt 4.2779
epoch 7/100 step 300 | loss 3.4639 | det 0.0000 seg 0.0000 cnt 1.0299
epoch 7/100 step 320 | loss 3.5118 | det 0.0000 seg 0.0000 cnt 6.5779
epoch 7/100 | train 3.5141 | val det 0.0000 seg 0.0000 miou 0.0000 cnt 0.0000 dens 0.000000e+00 mae 0.0000 total_mae 0.0000 | ap50 0.0000 | selected cnt_mae(min) 0.000000
epoch 8/100 step 20 | loss 3.5299 | det 0.0000 seg 0.0000 cnt 10.3912
epoch 8/100 step 40 | loss 3.8250 | det 0.0000 seg 0.0000 cnt 2.7169
epoch 8/100 step 60 | loss 3.5655 | det 0.0000 seg 0.0000 cnt 1.2541
epoch 8/100 step 80 | loss 3.3708 | det 0.0000 seg 0.0000 cnt 2.0403
epoch 8/100 step 100 | loss 3.3733 | det 0.0000 seg 0.0000 cnt 2.3182
epoch 8/100 step 120 | loss 3.2877 | det 0.0000 seg 0.0000 cnt 1.6685
epoch 8/100 step 140 | loss 3.2736 | det 0.0000 seg 0.0000 cnt 5.2688
epoch 8/100 step 160 | loss 3.3972 | det 0.0000 seg 0.0000 cnt 3.8253
epoch 8/100 step 180 | loss 3.4407 | det 0.0000 seg 0.0000 cnt 1.8708
epoch 8/100 step 200 | loss 3.4617 | det 0.0000 seg 0.0000 cnt 2.7353
epoch 8/100 step 220 | loss 3.4498 | det 0.0000 seg 0.0000 cnt 1.7433
epoch 8/100 step 240 | loss 3.3957 | det 0.0000 seg 0.0000 cnt 2.1467
epoch 8/100 step 260 | loss 3.3153 | det 0.0000 seg 0.0000 cnt 1.8415
epoch 8/100 step 280 | loss 3.2991 | det 0.0000 seg 0.0000 cnt 4.8546
epoch 8/100 step 300 | loss 3.2681 | det 0.0000 seg 0.0000 cnt 4.7874
epoch 8/100 step 320 | loss 3.2465 | det 0.0000 seg 0.0000 cnt 0.5981
epoch 8/100 | train 3.2466 | val det 0.0000 seg 0.0000 miou 0.0000 cnt 0.0000 dens 0.000000e+00 mae 0.0000 total_mae 0.0000 | ap50 0.0000 | selected cnt_mae(min) 0.000000
epoch 9/100 step 20 | loss 3.0606 | det 0.0000 seg 0.0000 cnt 4.3671
epoch 9/100 step 40 | loss 3.1826 | det 0.0000 seg 0.0000 cnt 1.9925
epoch 9/100 step 60 | loss 3.4700 | det 0.0000 seg 0.0000 cnt 5.7564
epoch 9/100 step 80 | loss 3.3508 | det 0.0000 seg 0.0000 cnt 0.7523
epoch 9/100 step 100 | loss 3.4311 | det 0.0000 seg 0.0000 cnt 3.4270
epoch 9/100 step 120 | loss 3.3804 | det 0.0000 seg 0.0000 cnt 1.3049
epoch 9/100 step 140 | loss 3.3381 | det 0.0000 seg 0.0000 cnt 1.8095
epoch 9/100 step 160 | loss 3.2537 | det 0.0000 seg 0.0000 cnt 1.7809
epoch 9/100 step 180 | loss 3.2547 | det 0.0000 seg 0.0000 cnt 2.1532
epoch 9/100 step 200 | loss 3.3091 | det 0.0000 seg 0.0000 cnt 1.9488
epoch 9/100 step 220 | loss 3.4292 | det 0.0000 seg 0.0000 cnt 0.9060
epoch 9/100 step 240 | loss 3.5082 | det 0.0000 seg 0.0000 cnt 8.6921
epoch 9/100 step 260 | loss 3.5323 | det 0.0000 seg 0.0000 cnt 10.9127
epoch 9/100 step 280 | loss 3.4979 | det 0.0000 seg 0.0000 cnt 4.9351
epoch 9/100 step 300 | loss 3.4780 | det 0.0000 seg 0.0000 cnt 1.2896
epoch 9/100 step 320 | loss 3.4774 | det 0.0000 seg 0.0000 cnt 0.9678
epoch 9/100 | train 3.4841 | val det 0.0000 seg 0.0000 miou 0.0000 cnt 0.0000 dens 0.000000e+00 mae 0.0000 total_mae 0.0000 | ap50 0.0000 | selected cnt_mae(min) 0.000000
epoch 10/100 step 20 | loss 3.2967 | det 0.0000 seg 0.0000 cnt 3.9267
epoch 10/100 step 40 | loss 3.1052 | det 0.0000 seg 0.0000 cnt 1.5445
epoch 10/100 step 60 | loss 3.3618 | det 0.0000 seg 0.0000 cnt 2.5577
epoch 10/100 step 80 | loss 3.2107 | det 0.0000 seg 0.0000 cnt 1.8335
epoch 10/100 step 100 | loss 3.3192 | det 0.0000 seg 0.0000 cnt 10.3933
epoch 10/100 step 120 | loss 3.3810 | det 0.0000 seg 0.0000 cnt 4.1289
epoch 10/100 step 140 | loss 3.3520 | det 0.0000 seg 0.0000 cnt 3.1451
epoch 10/100 step 160 | loss 3.4398 | det 0.0000 seg 0.0000 cnt 2.6675
epoch 10/100 step 180 | loss 3.3128 | det 0.0000 seg 0.0000 cnt 1.4714
epoch 10/100 step 200 | loss 3.2575 | det 0.0000 seg 0.0000 cnt 1.8268
epoch 10/100 step 220 | loss 3.2755 | det 0.0000 seg 0.0000 cnt 2.1240
epoch 10/100 step 240 | loss 3.2719 | det 0.0000 seg 0.0000 cnt 1.5414
epoch 10/100 step 260 | loss 3.5379 | det 0.0000 seg 0.0000 cnt 4.3496
epoch 10/100 step 280 | loss 3.5241 | det 0.0000 seg 0.0000 cnt 5.4446
epoch 10/100 step 300 | loss 3.4881 | det 0.0000 seg 0.0000 cnt 1.7444
epoch 10/100 step 320 | loss 3.4895 | det 0.0000 seg 0.0000 cnt 2.9646
epoch 10/100 | train 3.4841 | val det 0.0000 seg 0.0000 miou 0.0000 cnt 0.0000 dens 0.000000e+00 mae 0.0000 total_mae 0.0000 | ap50 0.0000 | selected cnt_mae(min) 0.000000
epoch 11/100 step 20 | loss 4.0882 | det 0.0000 seg 0.0000 cnt 3.3469
epoch 11/100 step 40 | loss 3.1910 | det 0.0000 seg 0.0000 cnt 3.2481
epoch 11/100 step 60 | loss 3.2736 | det 0.0000 seg 0.0000 cnt 1.3596
epoch 11/100 step 80 | loss 3.2331 | det 0.0000 seg 0.0000 cnt 4.0963
epoch 11/100 step 100 | loss 3.2866 | det 0.0000 seg 0.0000 cnt 2.3148
epoch 11/100 step 120 | loss 3.3141 | det 0.0000 seg 0.0000 cnt 4.9051
epoch 11/100 step 140 | loss 3.3618 | det 0.0000 seg 0.0000 cnt 6.9339
epoch 11/100 step 160 | loss 3.2831 | det 0.0000 seg 0.0000 cnt 2.7273
epoch 11/100 step 180 | loss 3.3524 | det 0.0000 seg 0.0000 cnt 4.1870
epoch 11/100 step 200 | loss 3.4198 | det 0.0000 seg 0.0000 cnt 3.0202
epoch 11/100 step 220 | loss 3.4251 | det 0.0000 seg 0.0000 cnt 3.8111
epoch 11/100 step 240 | loss 3.3925 | det 0.0000 seg 0.0000 cnt 3.2002
epoch 11/100 step 260 | loss 3.4054 | det 0.0000 seg 0.0000 cnt 2.1669
epoch 11/100 step 280 | loss 3.3919 | det 0.0000 seg 0.0000 cnt 6.0321
epoch 11/100 step 300 | loss 3.3286 | det 0.0000 seg 0.0000 cnt 3.0502
epoch 11/100 step 320 | loss 3.2806 | det 0.0000 seg 0.0000 cnt 1.3323
epoch 11/100 | train 3.2814 | val det 0.0000 seg 0.0000 miou 0.0000 cnt 0.0000 dens 0.000000e+00 mae 0.0000 total_mae 0.0000 | ap50 0.0000 | selected cnt_mae(min) 0.000000
epoch 12/100 step 20 | loss 3.5610 | det 0.0000 seg 0.0000 cnt 3.8371
epoch 12/100 step 40 | loss 3.1203 | det 0.0000 seg 0.0000 cnt 3.1145
epoch 12/100 step 60 | loss 3.2060 | det 0.0000 seg 0.0000 cnt 3.7097
epoch 12/100 step 80 | loss 3.1709 | det 0.0000 seg 0.0000 cnt 1.6383
epoch 12/100 step 100 | loss 3.1431 | det 0.0000 seg 0.0000 cnt 4.0814
epoch 12/100 step 120 | loss 3.1187 | det 0.0000 seg 0.0000 cnt 2.5243
epoch 12/100 step 140 | loss 3.1583 | det 0.0000 seg 0.0000 cnt 1.7408
epoch 12/100 step 160 | loss 3.0693 | det 0.0000 seg 0.0000 cnt 2.4279
epoch 12/100 step 180 | loss 3.0180 | det 0.0000 seg 0.0000 cnt 2.1479
epoch 12/100 step 200 | loss 3.0350 | det 0.0000 seg 0.0000 cnt 1.8599
epoch 12/100 step 220 | loss 3.0332 | det 0.0000 seg 0.0000 cnt 2.3015
epoch 12/100 step 240 | loss 3.0425 | det 0.0000 seg 0.0000 cnt 1.8130
epoch 12/100 step 260 | loss 3.0283 | det 0.0000 seg 0.0000 cnt 3.4291
epoch 12/100 step 280 | loss 3.0331 | det 0.0000 seg 0.0000 cnt 2.8732
epoch 12/100 step 300 | loss 3.0939 | det 0.0000 seg 0.0000 cnt 11.6266
epoch 12/100 step 320 | loss 3.0972 | det 0.0000 seg 0.0000 cnt 8.8836
epoch 12/100 | train 3.0899 | val det 0.0000 seg 0.0000 miou 0.0000 cnt 0.0000 dens 0.000000e+00 mae 0.0000 total_mae 0.0000 | ap50 0.0000 | selected cnt_mae(min) 0.000000
epoch 13/100 step 20 | loss 2.9351 | det 0.0000 seg 0.0000 cnt 3.6399
epoch 13/100 step 40 | loss 2.7165 | det 0.0000 seg 0.0000 cnt 1.6871
epoch 13/100 step 60 | loss 2.7560 | det 0.0000 seg 0.0000 cnt 1.7261
epoch 13/100 step 80 | loss 2.7437 | det 0.0000 seg 0.0000 cnt 2.2189
epoch 13/100 step 100 | loss 2.8415 | det 0.0000 seg 0.0000 cnt 1.0431
epoch 13/100 step 120 | loss 2.9102 | det 0.0000 seg 0.0000 cnt 3.6136
epoch 13/100 step 140 | loss 2.9091 | det 0.0000 seg 0.0000 cnt 3.4377
epoch 13/100 step 160 | loss 2.8513 | det 0.0000 seg 0.0000 cnt 1.3630
epoch 13/100 step 180 | loss 2.8763 | det 0.0000 seg 0.0000 cnt 3.6684
epoch 13/100 step 200 | loss 2.8655 | det 0.0000 seg 0.0000 cnt 5.2233
epoch 13/100 step 220 | loss 2.8418 | det 0.0000 seg 0.0000 cnt 3.1853
epoch 13/100 step 240 | loss 2.8375 | det 0.0000 seg 0.0000 cnt 2.9918
epoch 13/100 step 260 | loss 2.8585 | det 0.0000 seg 0.0000 cnt 2.7462
epoch 13/100 step 280 | loss 2.8631 | det 0.0000 seg 0.0000 cnt 2.9110
epoch 13/100 step 300 | loss 2.8680 | det 0.0000 seg 0.0000 cnt 3.1844
epoch 13/100 step 320 | loss 2.8633 | det 0.0000 seg 0.0000 cnt 3.3672
epoch 13/100 | train 2.8622 | val det 0.0000 seg 0.0000 miou 0.0000 cnt 0.0000 dens 0.000000e+00 mae 0.0000 total_mae 0.0000 | ap50 0.0000 | selected cnt_mae(min) 0.000000
epoch 14/100 step 20 | loss 2.2418 | det 0.0000 seg 0.0000 cnt 2.4001
epoch 14/100 step 40 | loss 3.0653 | det 0.0000 seg 0.0000 cnt 1.6339
epoch 14/100 step 60 | loss 3.1288 | det 0.0000 seg 0.0000 cnt 3.2216
epoch 14/100 step 80 | loss 3.1686 | det 0.0000 seg 0.0000 cnt 5.6600
epoch 14/100 step 100 | loss 3.1758 | det 0.0000 seg 0.0000 cnt 2.6462
epoch 14/100 step 120 | loss 3.5615 | det 0.0000 seg 0.0000 cnt 2.4392
epoch 14/100 step 140 | loss 3.4875 | det 0.0000 seg 0.0000 cnt 2.1406
epoch 14/100 step 160 | loss 3.4922 | det 0.0000 seg 0.0000 cnt 1.4001
epoch 14/100 step 180 | loss 3.4221 | det 0.0000 seg 0.0000 cnt 3.1099
epoch 14/100 step 200 | loss 3.3864 | det 0.0000 seg 0.0000 cnt 1.0820
epoch 14/100 step 220 | loss 3.3603 | det 0.0000 seg 0.0000 cnt 0.8501
epoch 14/100 step 240 | loss 3.3106 | det 0.0000 seg 0.0000 cnt 1.3615
epoch 14/100 step 260 | loss 3.2760 | det 0.0000 seg 0.0000 cnt 4.0214
epoch 14/100 step 280 | loss 3.2420 | det 0.0000 seg 0.0000 cnt 2.6214
epoch 14/100 step 300 | loss 3.1960 | det 0.0000 seg 0.0000 cnt 2.6244
epoch 14/100 step 320 | loss 3.1361 | det 0.0000 seg 0.0000 cnt 4.0618
epoch 14/100 | train 3.1289 | val det 0.0000 seg 0.0000 miou 0.0000 cnt 0.0000 dens 0.000000e+00 mae 0.0000 total_mae 0.0000 | ap50 0.0000 | selected cnt_mae(min) 0.000000
epoch 15/100 step 20 | loss 2.5561 | det 0.0000 seg 0.0000 cnt 1.6160
epoch 15/100 step 40 | loss 2.5196 | det 0.0000 seg 0.0000 cnt 2.3119
epoch 15/100 step 60 | loss 2.6391 | det 0.0000 seg 0.0000 cnt 2.1996
epoch 15/100 step 80 | loss 2.6711 | det 0.0000 seg 0.0000 cnt 3.1889
epoch 15/100 step 100 | loss 2.8437 | det 0.0000 seg 0.0000 cnt 2.1955
epoch 15/100 step 120 | loss 2.8617 | det 0.0000 seg 0.0000 cnt 2.6999
epoch 15/100 step 140 | loss 2.8448 | det 0.0000 seg 0.0000 cnt 2.2917
epoch 15/100 step 160 | loss 2.8963 | det 0.0000 seg 0.0000 cnt 6.1597
epoch 15/100 step 180 | loss 2.8484 | det 0.0000 seg 0.0000 cnt 3.7801
epoch 15/100 step 200 | loss 2.9453 | det 0.0000 seg 0.0000 cnt 1.4194
epoch 15/100 step 220 | loss 2.9213 | det 0.0000 seg 0.0000 cnt 2.9296
epoch 15/100 step 240 | loss 2.9043 | det 0.0000 seg 0.0000 cnt 3.1330
epoch 15/100 step 260 | loss 2.9484 | det 0.0000 seg 0.0000 cnt 10.2254
epoch 15/100 step 280 | loss 2.9409 | det 0.0000 seg 0.0000 cnt 2.6290
epoch 15/100 step 300 | loss 2.8938 | det 0.0000 seg 0.0000 cnt 2.2760
epoch 15/100 step 320 | loss 3.1707 | det 0.0000 seg 0.0000 cnt 64.3430
epoch 15/100 | train 3.1742 | val det 0.0000 seg 0.0000 miou 0.0000 cnt 0.0000 dens 0.000000e+00 mae 0.0000 total_mae 0.0000 | ap50 0.0000 | selected cnt_mae(min) 0.000000
epoch 16/100 step 20 | loss 2.2621 | det 0.0000 seg 0.0000 cnt 4.1929
epoch 16/100 step 40 | loss 2.5175 | det 0.0000 seg 0.0000 cnt 2.0842
epoch 16/100 step 60 | loss 2.6477 | det 0.0000 seg 0.0000 cnt 2.5956
epoch 16/100 step 80 | loss 2.7122 | det 0.0000 seg 0.0000 cnt 3.4109
epoch 16/100 step 100 | loss 2.8048 | det 0.0000 seg 0.0000 cnt 3.3123
epoch 16/100 step 120 | loss 2.8378 | det 0.0000 seg 0.0000 cnt 8.6890
epoch 16/100 step 140 | loss 2.8598 | det 0.0000 seg 0.0000 cnt 6.6662
epoch 16/100 step 160 | loss 2.8290 | det 0.0000 seg 0.0000 cnt 2.1888
epoch 16/100 step 180 | loss 2.7864 | det 0.0000 seg 0.0000 cnt 2.3942
epoch 16/100 step 200 | loss 2.7952 | det 0.0000 seg 0.0000 cnt 1.3332
epoch 16/100 step 220 | loss 2.8092 | det 0.0000 seg 0.0000 cnt 2.5700
epoch 16/100 step 240 | loss 2.7862 | det 0.0000 seg 0.0000 cnt 5.7312
epoch 16/100 step 260 | loss 2.8226 | det 0.0000 seg 0.0000 cnt 5.7292
epoch 16/100 step 280 | loss 2.8719 | det 0.0000 seg 0.0000 cnt 3.6805
epoch 16/100 step 300 | loss 2.8500 | det 0.0000 seg 0.0000 cnt 0.5571
epoch 16/100 step 320 | loss 2.8370 | det 0.0000 seg 0.0000 cnt 3.3625
epoch 16/100 | train 2.8307 | val det 0.0000 seg 0.0000 miou 0.0000 cnt 0.0000 dens 0.000000e+00 mae 0.0000 total_mae 0.0000 | ap50 0.0000 | selected cnt_mae(min) 0.000000
epoch 17/100 step 20 | loss 2.8048 | det 0.0000 seg 0.0000 cnt 1.7079
epoch 17/100 step 40 | loss 2.9202 | det 0.0000 seg 0.0000 cnt 1.8715
epoch 17/100 step 60 | loss 2.9141 | det 0.0000 seg 0.0000 cnt 2.3131
epoch 17/100 step 80 | loss 2.7414 | det 0.0000 seg 0.0000 cnt 4.5946
epoch 17/100 step 100 | loss 2.8132 | det 0.0000 seg 0.0000 cnt 3.0402
epoch 17/100 step 120 | loss 2.8624 | det 0.0000 seg 0.0000 cnt 5.7413
epoch 17/100 step 140 | loss 2.8868 | det 0.0000 seg 0.0000 cnt 0.9007
epoch 17/100 step 160 | loss 2.9275 | det 0.0000 seg 0.0000 cnt 2.6104
epoch 17/100 step 180 | loss 2.8688 | det 0.0000 seg 0.0000 cnt 1.6603
epoch 17/100 step 200 | loss 2.9124 | det 0.0000 seg 0.0000 cnt 11.5968
epoch 17/100 step 220 | loss 2.9924 | det 0.0000 seg 0.0000 cnt 5.2463
epoch 17/100 step 240 | loss 3.0119 | det 0.0000 seg 0.0000 cnt 0.8438
epoch 17/100 step 260 | loss 3.0110 | det 0.0000 seg 0.0000 cnt 2.3978
epoch 17/100 step 280 | loss 3.0044 | det 0.0000 seg 0.0000 cnt 4.7188
epoch 17/100 step 300 | loss 2.9953 | det 0.0000 seg 0.0000 cnt 4.4145
epoch 17/100 step 320 | loss 2.9760 | det 0.0000 seg 0.0000 cnt 1.6155
epoch 17/100 | train 2.9767 | val det 0.0000 seg 0.0000 miou 0.0000 cnt 0.0000 dens 0.000000e+00 mae 0.0000 total_mae 0.0000 | ap50 0.0000 | selected cnt_mae(min) 0.000000
epoch 18/100 step 20 | loss 2.6774 | det 0.0000 seg 0.0000 cnt 2.9799
epoch 18/100 step 40 | loss 3.1144 | det 0.0000 seg 0.0000 cnt 4.8242
epoch 18/100 step 60 | loss 3.0698 | det 0.0000 seg 0.0000 cnt 1.3126
epoch 18/100 step 80 | loss 2.9035 | det 0.0000 seg 0.0000 cnt 3.5456
epoch 18/100 step 100 | loss 2.9585 | det 0.0000 seg 0.0000 cnt 1.0388
epoch 18/100 step 120 | loss 2.9661 | det 0.0000 seg 0.0000 cnt 2.8173
epoch 18/100 step 140 | loss 2.9735 | det 0.0000 seg 0.0000 cnt 5.5634
epoch 18/100 step 160 | loss 2.9396 | det 0.0000 seg 0.0000 cnt 2.2168
epoch 18/100 step 180 | loss 2.9525 | det 0.0000 seg 0.0000 cnt 2.0790
epoch 18/100 step 200 | loss 2.9466 | det 0.0000 seg 0.0000 cnt 1.9377
epoch 18/100 step 220 | loss 2.9096 | det 0.0000 seg 0.0000 cnt 3.1940
epoch 18/100 step 240 | loss 2.8592 | det 0.0000 seg 0.0000 cnt 2.4719
epoch 18/100 step 260 | loss 2.8906 | det 0.0000 seg 0.0000 cnt 4.2851
epoch 18/100 step 280 | loss 2.8717 | det 0.0000 seg 0.0000 cnt 5.6915
epoch 18/100 step 300 | loss 2.8577 | det 0.0000 seg 0.0000 cnt 0.6991
epoch 18/100 step 320 | loss 2.8706 | det 0.0000 seg 0.0000 cnt 1.8279
epoch 18/100 | train 2.8591 | val det 0.0000 seg 0.0000 miou 0.0000 cnt 0.0000 dens 0.000000e+00 mae 0.0000 total_mae 0.0000 | ap50 0.0000 | selected cnt_mae(min) 0.000000
epoch 19/100 step 20 | loss 2.5053 | det 0.0000 seg 0.0000 cnt 1.0091
epoch 19/100 step 40 | loss 2.6609 | det 0.0000 seg 0.0000 cnt 1.6215
epoch 19/100 step 60 | loss 2.7270 | det 0.0000 seg 0.0000 cnt 1.7865
epoch 19/100 step 80 | loss 2.6665 | det 0.0000 seg 0.0000 cnt 2.0104
epoch 19/100 step 100 | loss 2.6572 | det 0.0000 seg 0.0000 cnt 2.3443
epoch 19/100 step 120 | loss 2.6557 | det 0.0000 seg 0.0000 cnt 4.5732
epoch 19/100 step 140 | loss 2.5683 | det 0.0000 seg 0.0000 cnt 2.8134
epoch 19/100 step 160 | loss 2.5831 | det 0.0000 seg 0.0000 cnt 1.1910
epoch 19/100 step 180 | loss 2.5933 | det 0.0000 seg 0.0000 cnt 5.4328
epoch 19/100 step 200 | loss 2.6620 | det 0.0000 seg 0.0000 cnt 2.5538
epoch 19/100 step 220 | loss 2.6137 | det 0.0000 seg 0.0000 cnt 2.1621
epoch 19/100 step 240 | loss 2.6390 | det 0.0000 seg 0.0000 cnt 4.4778
epoch 19/100 step 260 | loss 2.6694 | det 0.0000 seg 0.0000 cnt 3.4063
epoch 19/100 step 280 | loss 2.6929 | det 0.0000 seg 0.0000 cnt 1.7195
epoch 19/100 step 300 | loss 2.6884 | det 0.0000 seg 0.0000 cnt 0.8778
epoch 19/100 step 320 | loss 2.6651 | det 0.0000 seg 0.0000 cnt 2.4434
epoch 19/100 | train 2.6717 | val det 0.0000 seg 0.0000 miou 0.0000 cnt 0.0000 dens 0.000000e+00 mae 0.0000 total_mae 0.0000 | ap50 0.0000 | selected cnt_mae(min) 0.000000
epoch 20/100 step 20 | loss 3.0286 | det 0.0000 seg 0.0000 cnt 2.5245
epoch 20/100 step 40 | loss 2.8205 | det 0.0000 seg 0.0000 cnt 4.3121
epoch 20/100 step 60 | loss 2.7617 | det 0.0000 seg 0.0000 cnt 0.9199
epoch 20/100 step 80 | loss 2.7537 | det 0.0000 seg 0.0000 cnt 3.2185
epoch 20/100 step 100 | loss 2.8223 | det 0.0000 seg 0.0000 cnt 3.5623
epoch 20/100 step 120 | loss 2.7965 | det 0.0000 seg 0.0000 cnt 1.7395
epoch 20/100 step 140 | loss 2.7697 | det 0.0000 seg 0.0000 cnt 1.1449
epoch 20/100 step 160 | loss 2.7608 | det 0.0000 seg 0.0000 cnt 6.3085
epoch 20/100 step 180 | loss 2.7520 | det 0.0000 seg 0.0000 cnt 1.1730
epoch 20/100 step 200 | loss 2.8192 | det 0.0000 seg 0.0000 cnt 2.9042
epoch 20/100 step 220 | loss 2.7868 | det 0.0000 seg 0.0000 cnt 1.2519
epoch 20/100 step 240 | loss 2.7923 | det 0.0000 seg 0.0000 cnt 2.2274
epoch 20/100 step 260 | loss 2.7851 | det 0.0000 seg 0.0000 cnt 3.1486
epoch 20/100 step 280 | loss 2.7951 | det 0.0000 seg 0.0000 cnt 2.8871
epoch 20/100 step 300 | loss 2.7778 | det 0.0000 seg 0.0000 cnt 0.4831
epoch 20/100 step 320 | loss 2.7576 | det 0.0000 seg 0.0000 cnt 1.1480
epoch 20/100 | train 2.7595 | val det 0.0000 seg 0.0000 miou 0.0000 cnt 0.0000 dens 0.000000e+00 mae 0.0000 total_mae 0.0000 | ap50 0.0000 | selected cnt_mae(min) 0.000000
epoch 21/100 step 20 | loss 2.4705 | det 0.0000 seg 0.0000 cnt 1.3393
epoch 21/100 step 40 | loss 2.5731 | det 0.0000 seg 0.0000 cnt 3.1233
epoch 21/100 step 60 | loss 2.5743 | det 0.0000 seg 0.0000 cnt 2.2902
epoch 21/100 step 80 | loss 2.5832 | det 0.0000 seg 0.0000 cnt 1.6896
epoch 21/100 step 100 | loss 2.5221 | det 0.0000 seg 0.0000 cnt 1.7229
epoch 21/100 step 120 | loss 2.5411 | det 0.0000 seg 0.0000 cnt 1.1290
epoch 21/100 step 140 | loss 2.6054 | det 0.0000 seg 0.0000 cnt 2.7071
epoch 21/100 step 160 | loss 2.6571 | det 0.0000 seg 0.0000 cnt 2.2900
epoch 21/100 step 180 | loss 2.6863 | det 0.0000 seg 0.0000 cnt 2.5497
epoch 21/100 step 200 | loss 2.7223 | det 0.0000 seg 0.0000 cnt 4.2819
epoch 21/100 step 220 | loss 2.7630 | det 0.0000 seg 0.0000 cnt 3.7860
epoch 21/100 step 240 | loss 2.7544 | det 0.0000 seg 0.0000 cnt 0.9145
epoch 21/100 step 260 | loss 2.7508 | det 0.0000 seg 0.0000 cnt 1.3544
epoch 21/100 step 280 | loss 2.7429 | det 0.0000 seg 0.0000 cnt 1.4269
epoch 21/100 step 300 | loss 2.7706 | det 0.0000 seg 0.0000 cnt 1.9259
epoch 21/100 step 320 | loss 2.7589 | det 0.0000 seg 0.0000 cnt 1.0064
epoch 21/100 | train 2.7535 | val det 0.0000 seg 0.0000 miou 0.0000 cnt 0.0000 dens 0.000000e+00 mae 0.0000 total_mae 0.0000 | ap50 0.0000 | selected cnt_mae(min) 0.000000
epoch 22/100 step 20 | loss 2.3745 | det 0.0000 seg 0.0000 cnt 2.0761
epoch 22/100 step 40 | loss 2.3637 | det 0.0000 seg 0.0000 cnt 2.1740
epoch 22/100 step 60 | loss 2.4473 | det 0.0000 seg 0.0000 cnt 2.5308
epoch 22/100 step 80 | loss 2.5034 | det 0.0000 seg 0.0000 cnt 2.0547
epoch 22/100 step 100 | loss 2.4366 | det 0.0000 seg 0.0000 cnt 1.6720
epoch 22/100 step 120 | loss 2.4497 | det 0.0000 seg 0.0000 cnt 0.5003
epoch 22/100 step 140 | loss 2.4489 | det 0.0000 seg 0.0000 cnt 0.9201
epoch 22/100 step 160 | loss 2.4862 | det 0.0000 seg 0.0000 cnt 3.2871
epoch 22/100 step 180 | loss 2.4773 | det 0.0000 seg 0.0000 cnt 2.8046
epoch 22/100 step 200 | loss 2.5056 | det 0.0000 seg 0.0000 cnt 2.2221
epoch 22/100 step 220 | loss 2.5367 | det 0.0000 seg 0.0000 cnt 1.6616
epoch 22/100 step 240 | loss 2.5485 | det 0.0000 seg 0.0000 cnt 1.6937
epoch 22/100 step 260 | loss 2.5379 | det 0.0000 seg 0.0000 cnt 1.6226
epoch 22/100 step 280 | loss 2.5409 | det 0.0000 seg 0.0000 cnt 1.4338
epoch 22/100 step 300 | loss 2.5601 | det 0.0000 seg 0.0000 cnt 1.1724
epoch 22/100 step 320 | loss 2.5244 | det 0.0000 seg 0.0000 cnt 1.9606
epoch 22/100 | train 2.5206 | val det 0.0000 seg 0.0000 miou 0.0000 cnt 0.0000 dens 0.000000e+00 mae 0.0000 total_mae 0.0000 | ap50 0.0000 | selected cnt_mae(min) 0.000000
epoch 23/100 step 20 | loss 3.1825 | det 0.0000 seg 0.0000 cnt 3.5515
epoch 23/100 step 40 | loss 2.6817 | det 0.0000 seg 0.0000 cnt 2.0926
epoch 23/100 step 60 | loss 2.7126 | det 0.0000 seg 0.0000 cnt 1.9413
epoch 23/100 step 80 | loss 2.5910 | det 0.0000 seg 0.0000 cnt 2.5904
epoch 23/100 step 100 | loss 2.6530 | det 0.0000 seg 0.0000 cnt 1.8717
epoch 23/100 step 120 | loss 2.6185 | det 0.0000 seg 0.0000 cnt 0.8344
epoch 23/100 step 140 | loss 2.6315 | det 0.0000 seg 0.0000 cnt 1.3921
epoch 23/100 step 160 | loss 2.5987 | det 0.0000 seg 0.0000 cnt 1.8237
epoch 23/100 step 180 | loss 2.6097 | det 0.0000 seg 0.0000 cnt 1.9670
epoch 23/100 step 200 | loss 2.8658 | det 0.0000 seg 0.0000 cnt 4.1055
epoch 23/100 step 220 | loss 2.8614 | det 0.0000 seg 0.0000 cnt 1.0634
epoch 23/100 step 240 | loss 2.8370 | det 0.0000 seg 0.0000 cnt 2.5942
epoch 23/100 step 260 | loss 2.7853 | det 0.0000 seg 0.0000 cnt 1.7583
epoch 23/100 step 280 | loss 2.7835 | det 0.0000 seg 0.0000 cnt 2.7821
epoch 23/100 step 300 | loss 2.8113 | det 0.0000 seg 0.0000 cnt 4.9478
epoch 23/100 step 320 | loss 2.8037 | det 0.0000 seg 0.0000 cnt 5.6684
epoch 23/100 | train 2.8136 | val det 0.0000 seg 0.0000 miou 0.0000 cnt 0.0000 dens 0.000000e+00 mae 0.0000 total_mae 0.0000 | ap50 0.0000 | selected cnt_mae(min) 0.000000
epoch 24/100 step 20 | loss 2.3331 | det 0.0000 seg 0.0000 cnt 1.0448
epoch 24/100 step 40 | loss 2.6040 | det 0.0000 seg 0.0000 cnt 1.0093
epoch 24/100 step 60 | loss 2.5430 | det 0.0000 seg 0.0000 cnt 2.6889
epoch 24/100 step 80 | loss 2.5317 | det 0.0000 seg 0.0000 cnt 1.5708
epoch 24/100 step 100 | loss 2.5592 | det 0.0000 seg 0.0000 cnt 3.3286
epoch 24/100 step 120 | loss 2.5251 | det 0.0000 seg 0.0000 cnt 1.4545
epoch 24/100 step 140 | loss 2.5210 | det 0.0000 seg 0.0000 cnt 1.6876
epoch 24/100 step 160 | loss 2.5254 | det 0.0000 seg 0.0000 cnt 1.1221
epoch 24/100 step 180 | loss 2.5176 | det 0.0000 seg 0.0000 cnt 1.1446
epoch 24/100 step 200 | loss 2.4601 | det 0.0000 seg 0.0000 cnt 0.7703
epoch 24/100 step 220 | loss 2.4625 | det 0.0000 seg 0.0000 cnt 0.8894
epoch 24/100 step 240 | loss 2.4706 | det 0.0000 seg 0.0000 cnt 1.3538
epoch 24/100 step 260 | loss 2.4781 | det 0.0000 seg 0.0000 cnt 1.6127
epoch 24/100 step 280 | loss 2.4760 | det 0.0000 seg 0.0000 cnt 1.2547
epoch 24/100 step 300 | loss 2.4920 | det 0.0000 seg 0.0000 cnt 2.2162
epoch 24/100 step 320 | loss 2.4633 | det 0.0000 seg 0.0000 cnt 1.0745
epoch 24/100 | train 2.4664 | val det 0.0000 seg 0.0000 miou 0.0000 cnt 0.0000 dens 0.000000e+00 mae 0.0000 total_mae 0.0000 | ap50 0.0000 | selected cnt_mae(min) 0.000000
epoch 25/100 step 20 | loss 2.4200 | det 0.0000 seg 0.0000 cnt 3.1468
epoch 25/100 step 40 | loss 2.6088 | det 0.0000 seg 0.0000 cnt 3.4120
epoch 25/100 step 60 | loss 2.5537 | det 0.0000 seg 0.0000 cnt 2.3352
epoch 25/100 step 80 | loss 2.6156 | det 0.0000 seg 0.0000 cnt 7.5621
epoch 25/100 step 100 | loss 2.6638 | det 0.0000 seg 0.0000 cnt 2.3063
epoch 25/100 step 120 | loss 2.7041 | det 0.0000 seg 0.0000 cnt 2.8874
epoch 25/100 step 140 | loss 2.6283 | det 0.0000 seg 0.0000 cnt 3.4250
epoch 25/100 step 160 | loss 2.5380 | det 0.0000 seg 0.0000 cnt 2.4884
epoch 25/100 step 180 | loss 2.5706 | det 0.0000 seg 0.0000 cnt 1.2395
epoch 25/100 step 200 | loss 2.5217 | det 0.0000 seg 0.0000 cnt 2.1939
epoch 25/100 step 220 | loss 2.4841 | det 0.0000 seg 0.0000 cnt 1.9314
epoch 25/100 step 240 | loss 2.5328 | det 0.0000 seg 0.0000 cnt 2.4117
epoch 25/100 step 260 | loss 2.5015 | det 0.0000 seg 0.0000 cnt 3.1844
epoch 25/100 step 280 | loss 2.4766 | det 0.0000 seg 0.0000 cnt 2.2161
epoch 25/100 step 300 | loss 2.5312 | det 0.0000 seg 0.0000 cnt 3.9763
epoch 25/100 step 320 | loss 2.5437 | det 0.0000 seg 0.0000 cnt 1.7945
epoch 25/100 | train 2.5497 | val det 0.0000 seg 0.0000 miou 0.0000 cnt 0.0000 dens 0.000000e+00 mae 0.0000 total_mae 0.0000 | ap50 0.0000 | selected cnt_mae(min) 0.000000
epoch 26/100 step 20 | loss 2.5616 | det 0.0000 seg 0.0000 cnt 1.3509
epoch 26/100 step 40 | loss 2.8121 | det 0.0000 seg 0.0000 cnt 4.5455
epoch 26/100 step 60 | loss 2.5852 | det 0.0000 seg 0.0000 cnt 2.4804
epoch 26/100 step 80 | loss 2.5700 | det 0.0000 seg 0.0000 cnt 3.9543
epoch 26/100 step 100 | loss 2.5704 | det 0.0000 seg 0.0000 cnt 0.9575
epoch 26/100 step 120 | loss 2.5951 | det 0.0000 seg 0.0000 cnt 1.9521
epoch 26/100 step 140 | loss 2.5511 | det 0.0000 seg 0.0000 cnt 3.1903
epoch 26/100 step 160 | loss 2.5310 | det 0.0000 seg 0.0000 cnt 2.6866
epoch 26/100 step 180 | loss 2.5576 | det 0.0000 seg 0.0000 cnt 4.1922
epoch 26/100 step 200 | loss 2.5888 | det 0.0000 seg 0.0000 cnt 1.7517
epoch 26/100 step 220 | loss 2.5723 | det 0.0000 seg 0.0000 cnt 1.6092
epoch 26/100 step 240 | loss 2.6008 | det 0.0000 seg 0.0000 cnt 2.3792
epoch 26/100 step 260 | loss 2.6397 | det 0.0000 seg 0.0000 cnt 7.2268
epoch 26/100 step 280 | loss 2.6462 | det 0.0000 seg 0.0000 cnt 1.7138
epoch 26/100 step 300 | loss 2.6097 | det 0.0000 seg 0.0000 cnt 2.6476
epoch 26/100 step 320 | loss 2.6006 | det 0.0000 seg 0.0000 cnt 3.0435
epoch 26/100 | train 2.5953 | val det 0.0000 seg 0.0000 miou 0.0000 cnt 0.0000 dens 0.000000e+00 mae 0.0000 total_mae 0.0000 | ap50 0.0000 | selected cnt_mae(min) 0.000000
epoch 27/100 step 20 | loss 2.3835 | det 0.0000 seg 0.0000 cnt 2.2220
epoch 27/100 step 40 | loss 2.4943 | det 0.0000 seg 0.0000 cnt 2.2008
epoch 27/100 step 60 | loss 2.3904 | det 0.0000 seg 0.0000 cnt 2.6894
epoch 27/100 step 80 | loss 2.5821 | det 0.0000 seg 0.0000 cnt 3.6225
epoch 27/100 step 100 | loss 2.5733 | det 0.0000 seg 0.0000 cnt 5.4785
epoch 27/100 step 120 | loss 2.5123 | det 0.0000 seg 0.0000 cnt 1.3638
epoch 27/100 step 140 | loss 2.4780 | det 0.0000 seg 0.0000 cnt 5.9537
epoch 27/100 step 160 | loss 2.4158 | det 0.0000 seg 0.0000 cnt 0.6777
epoch 27/100 step 180 | loss 2.4169 | det 0.0000 seg 0.0000 cnt 0.9454
epoch 27/100 step 200 | loss 2.4604 | det 0.0000 seg 0.0000 cnt 1.7116
epoch 27/100 step 220 | loss 2.4946 | det 0.0000 seg 0.0000 cnt 2.3843
epoch 27/100 step 240 | loss 2.4955 | det 0.0000 seg 0.0000 cnt 1.6162
epoch 27/100 step 260 | loss 2.4578 | det 0.0000 seg 0.0000 cnt 1.3347
epoch 27/100 step 280 | loss 2.4737 | det 0.0000 seg 0.0000 cnt 3.5453
epoch 27/100 step 300 | loss 2.4677 | det 0.0000 seg 0.0000 cnt 2.1834
epoch 27/100 step 320 | loss 2.4790 | det 0.0000 seg 0.0000 cnt 2.3355
epoch 27/100 | train 2.4960 | val det 0.0000 seg 0.0000 miou 0.0000 cnt 0.0000 dens 0.000000e+00 mae 0.0000 total_mae 0.0000 | ap50 0.0000 | selected cnt_mae(min) 0.000000
epoch 28/100 step 20 | loss 2.4280 | det 0.0000 seg 0.0000 cnt 2.2269
epoch 28/100 step 40 | loss 2.2644 | det 0.0000 seg 0.0000 cnt 2.6921
epoch 28/100 step 60 | loss 2.4309 | det 0.0000 seg 0.0000 cnt 1.7817
epoch 28/100 step 80 | loss 2.6243 | det 0.0000 seg 0.0000 cnt 1.5678
epoch 28/100 step 100 | loss 2.4819 | det 0.0000 seg 0.0000 cnt 1.8420
epoch 28/100 step 120 | loss 2.4944 | det 0.0000 seg 0.0000 cnt 2.5695
epoch 28/100 step 140 | loss 2.5484 | det 0.0000 seg 0.0000 cnt 3.2279
epoch 28/100 step 160 | loss 2.5767 | det 0.0000 seg 0.0000 cnt 1.2734
epoch 28/100 step 180 | loss 2.5730 | det 0.0000 seg 0.0000 cnt 5.0890
epoch 28/100 step 200 | loss 2.5309 | det 0.0000 seg 0.0000 cnt 1.0890
epoch 28/100 step 220 | loss 2.5952 | det 0.0000 seg 0.0000 cnt 2.4654
epoch 28/100 step 240 | loss 2.5559 | det 0.0000 seg 0.0000 cnt 2.4914
epoch 28/100 step 260 | loss 2.5520 | det 0.0000 seg 0.0000 cnt 2.9328
epoch 28/100 step 280 | loss 2.5625 | det 0.0000 seg 0.0000 cnt 1.6794
epoch 28/100 step 300 | loss 2.5697 | det 0.0000 seg 0.0000 cnt 3.1218
epoch 28/100 step 320 | loss 2.5772 | det 0.0000 seg 0.0000 cnt 3.3712
epoch 28/100 | train 2.5773 | val det 0.0000 seg 0.0000 miou 0.0000 cnt 0.0000 dens 0.000000e+00 mae 0.0000 total_mae 0.0000 | ap50 0.0000 | selected cnt_mae(min) 0.000000
epoch 29/100 step 20 | loss 2.6165 | det 0.0000 seg 0.0000 cnt 2.1703
epoch 29/100 step 40 | loss 3.0004 | det 0.0000 seg 0.0000 cnt 2.7144
epoch 29/100 step 60 | loss 2.7851 | det 0.0000 seg 0.0000 cnt 2.6923
epoch 29/100 step 80 | loss 2.6751 | det 0.0000 seg 0.0000 cnt 1.7523
epoch 29/100 step 100 | loss 2.6394 | det 0.0000 seg 0.0000 cnt 1.8050
epoch 29/100 step 120 | loss 2.5688 | det 0.0000 seg 0.0000 cnt 2.3192
epoch 29/100 step 140 | loss 2.5051 | det 0.0000 seg 0.0000 cnt 1.9773
epoch 29/100 step 160 | loss 2.5037 | det 0.0000 seg 0.0000 cnt 5.0409
epoch 29/100 step 180 | loss 2.4948 | det 0.0000 seg 0.0000 cnt 3.0461
epoch 29/100 step 200 | loss 2.5250 | det 0.0000 seg 0.0000 cnt 0.6643
epoch 29/100 step 220 | loss 2.5056 | det 0.0000 seg 0.0000 cnt 3.4685
epoch 29/100 step 240 | loss 2.4468 | det 0.0000 seg 0.0000 cnt 2.7894
epoch 29/100 step 260 | loss 2.4782 | det 0.0000 seg 0.0000 cnt 5.9992
epoch 29/100 step 280 | loss 2.4809 | det 0.0000 seg 0.0000 cnt 1.5742
epoch 29/100 step 300 | loss 2.4455 | det 0.0000 seg 0.0000 cnt 3.4463
epoch 29/100 step 320 | loss 2.4092 | det 0.0000 seg 0.0000 cnt 2.1998
epoch 29/100 | train 2.4026 | val det 0.0000 seg 0.0000 miou 0.0000 cnt 0.0000 dens 0.000000e+00 mae 0.0000 total_mae 0.0000 | ap50 0.0000 | selected cnt_mae(min) 0.000000
epoch 30/100 step 20 | loss 2.1146 | det 0.0000 seg 0.0000 cnt 1.5820
epoch 30/100 step 40 | loss 2.1350 | det 0.0000 seg 0.0000 cnt 1.4927
epoch 30/100 step 60 | loss 2.1722 | det 0.0000 seg 0.0000 cnt 0.8683
epoch 30/100 step 80 | loss 2.2187 | det 0.0000 seg 0.0000 cnt 1.1098
epoch 30/100 step 100 | loss 2.2392 | det 0.0000 seg 0.0000 cnt 3.0426
epoch 30/100 step 120 | loss 2.1589 | det 0.0000 seg 0.0000 cnt 2.6880
epoch 30/100 step 140 | loss 2.2793 | det 0.0000 seg 0.0000 cnt 1.9142
epoch 30/100 step 160 | loss 2.3308 | det 0.0000 seg 0.0000 cnt 3.5998
epoch 30/100 step 180 | loss 2.3936 | det 0.0000 seg 0.0000 cnt 6.1966
epoch 30/100 step 200 | loss 2.3576 | det 0.0000 seg 0.0000 cnt 1.5628
epoch 30/100 step 220 | loss 2.3372 | det 0.0000 seg 0.0000 cnt 2.4354
epoch 30/100 step 240 | loss 2.3784 | det 0.0000 seg 0.0000 cnt 1.7800
epoch 30/100 step 260 | loss 2.4051 | det 0.0000 seg 0.0000 cnt 1.1167
epoch 30/100 step 280 | loss 2.3840 | det 0.0000 seg 0.0000 cnt 1.8221
epoch 30/100 step 300 | loss 2.3885 | det 0.0000 seg 0.0000 cnt 1.9705
epoch 30/100 step 320 | loss 2.4340 | det 0.0000 seg 0.0000 cnt 1.7320
epoch 30/100 | train 2.4272 | val det 0.0000 seg 0.0000 miou 0.0000 cnt 0.0000 dens 0.000000e+00 mae 0.0000 total_mae 0.0000 | ap50 0.0000 | selected cnt_mae(min) 0.000000
epoch 31/100 step 20 | loss 2.5575 | det 0.0000 seg 0.0000 cnt 0.8202
epoch 31/100 step 40 | loss 2.4038 | det 0.0000 seg 0.0000 cnt 1.3370
epoch 31/100 step 60 | loss 2.5138 | det 0.0000 seg 0.0000 cnt 2.4143
epoch 31/100 step 80 | loss 2.4899 | det 0.0000 seg 0.0000 cnt 3.5615
epoch 31/100 step 100 | loss 2.4592 | det 0.0000 seg 0.0000 cnt 0.8763
epoch 31/100 step 120 | loss 2.4040 | det 0.0000 seg 0.0000 cnt 2.1047
epoch 31/100 step 140 | loss 2.3991 | det 0.0000 seg 0.0000 cnt 2.0764
epoch 31/100 step 160 | loss 2.4016 | det 0.0000 seg 0.0000 cnt 2.3730
epoch 31/100 step 180 | loss 2.3858 | det 0.0000 seg 0.0000 cnt 1.1987
epoch 31/100 step 200 | loss 2.4018 | det 0.0000 seg 0.0000 cnt 3.0737
epoch 31/100 step 220 | loss 2.4511 | det 0.0000 seg 0.0000 cnt 1.9769
epoch 31/100 step 240 | loss 2.4436 | det 0.0000 seg 0.0000 cnt 2.9242
epoch 31/100 step 260 | loss 2.4384 | det 0.0000 seg 0.0000 cnt 1.7466
epoch 31/100 step 280 | loss 2.4331 | det 0.0000 seg 0.0000 cnt 2.8664
epoch 31/100 step 300 | loss 2.5089 | det 0.0000 seg 0.0000 cnt 5.0226
epoch 31/100 step 320 | loss 2.4852 | det 0.0000 seg 0.0000 cnt 2.5881
epoch 31/100 | train 2.4811 | val det 0.0000 seg 0.0000 miou 0.0000 cnt 0.0000 dens 0.000000e+00 mae 0.0000 total_mae 0.0000 | ap50 0.0000 | selected cnt_mae(min) 0.000000
epoch 32/100 step 20 | loss 2.2960 | det 0.0000 seg 0.0000 cnt 2.1664
epoch 32/100 step 40 | loss 2.4931 | det 0.0000 seg 0.0000 cnt 2.1291
epoch 32/100 step 60 | loss 2.3669 | det 0.0000 seg 0.0000 cnt 1.8506
epoch 32/100 step 80 | loss 2.2587 | det 0.0000 seg 0.0000 cnt 0.4977
epoch 32/100 step 100 | loss 2.2573 | det 0.0000 seg 0.0000 cnt 2.4629
epoch 32/100 step 120 | loss 2.2525 | det 0.0000 seg 0.0000 cnt 3.3848
epoch 32/100 step 140 | loss 2.2262 | det 0.0000 seg 0.0000 cnt 1.1749
epoch 32/100 step 160 | loss 2.2601 | det 0.0000 seg 0.0000 cnt 1.6382
epoch 32/100 step 180 | loss 2.2459 | det 0.0000 seg 0.0000 cnt 4.5694
epoch 32/100 step 200 | loss 2.2850 | det 0.0000 seg 0.0000 cnt 0.8046
epoch 32/100 step 220 | loss 2.3345 | det 0.0000 seg 0.0000 cnt 3.0585
epoch 32/100 step 240 | loss 2.3001 | det 0.0000 seg 0.0000 cnt 2.0116
epoch 32/100 step 260 | loss 2.3273 | det 0.0000 seg 0.0000 cnt 0.9562
epoch 32/100 step 280 | loss 2.3252 | det 0.0000 seg 0.0000 cnt 2.2805
epoch 32/100 step 300 | loss 2.3357 | det 0.0000 seg 0.0000 cnt 2.3837
epoch 32/100 step 320 | loss 2.3421 | det 0.0000 seg 0.0000 cnt 1.4402
epoch 32/100 | train 2.3313 | val det 0.0000 seg 0.0000 miou 0.0000 cnt 0.0000 dens 0.000000e+00 mae 0.0000 total_mae 0.0000 | ap50 0.0000 | selected cnt_mae(min) 0.000000
epoch 33/100 step 20 | loss 2.1271 | det 0.0000 seg 0.0000 cnt 1.5434
epoch 33/100 step 40 | loss 2.3602 | det 0.0000 seg 0.0000 cnt 1.3368
epoch 33/100 step 60 | loss 2.4238 | det 0.0000 seg 0.0000 cnt 6.4744
epoch 33/100 step 80 | loss 2.4997 | det 0.0000 seg 0.0000 cnt 1.2218
epoch 33/100 step 100 | loss 2.4125 | det 0.0000 seg 0.0000 cnt 0.8189
epoch 33/100 step 120 | loss 2.4548 | det 0.0000 seg 0.0000 cnt 1.4664
epoch 33/100 step 140 | loss 2.4139 | det 0.0000 seg 0.0000 cnt 0.7426
epoch 33/100 step 160 | loss 2.4477 | det 0.0000 seg 0.0000 cnt 4.9567
epoch 33/100 step 180 | loss 2.4436 | det 0.0000 seg 0.0000 cnt 2.6085
epoch 33/100 step 200 | loss 2.4504 | det 0.0000 seg 0.0000 cnt 1.0486
epoch 33/100 step 220 | loss 2.5102 | det 0.0000 seg 0.0000 cnt 1.5281
epoch 33/100 step 240 | loss 2.5085 | det 0.0000 seg 0.0000 cnt 2.9158
epoch 33/100 step 260 | loss 2.4833 | det 0.0000 seg 0.0000 cnt 3.9358
epoch 33/100 step 280 | loss 2.4626 | det 0.0000 seg 0.0000 cnt 2.4757
epoch 33/100 step 300 | loss 2.4654 | det 0.0000 seg 0.0000 cnt 7.5251
epoch 33/100 step 320 | loss 2.4356 | det 0.0000 seg 0.0000 cnt 1.4513
epoch 33/100 | train 2.4308 | val det 0.0000 seg 0.0000 miou 0.0000 cnt 0.0000 dens 0.000000e+00 mae 0.0000 total_mae 0.0000 | ap50 0.0000 | selected cnt_mae(min) 0.000000
epoch 34/100 step 20 | loss 2.4590 | det 0.0000 seg 0.0000 cnt 3.1558
epoch 34/100 step 40 | loss 2.4154 | det 0.0000 seg 0.0000 cnt 2.9140
epoch 34/100 step 60 | loss 2.3755 | det 0.0000 seg 0.0000 cnt 0.7519
epoch 34/100 step 80 | loss 2.3748 | det 0.0000 seg 0.0000 cnt 2.2223
epoch 34/100 step 100 | loss 2.3166 | det 0.0000 seg 0.0000 cnt 1.9841
epoch 34/100 step 120 | loss 2.3000 | det 0.0000 seg 0.0000 cnt 0.9892
epoch 34/100 step 140 | loss 2.3148 | det 0.0000 seg 0.0000 cnt 2.8527
epoch 34/100 step 160 | loss 2.2825 | det 0.0000 seg 0.0000 cnt 1.7210
epoch 34/100 step 180 | loss 2.2845 | det 0.0000 seg 0.0000 cnt 2.1158
epoch 34/100 step 200 | loss 2.2950 | det 0.0000 seg 0.0000 cnt 2.5254
epoch 34/100 step 220 | loss 2.3008 | det 0.0000 seg 0.0000 cnt 0.8686
epoch 34/100 step 240 | loss 2.3342 | det 0.0000 seg 0.0000 cnt 3.9986
epoch 34/100 step 260 | loss 2.3078 | det 0.0000 seg 0.0000 cnt 3.0437
epoch 34/100 step 280 | loss 2.2916 | det 0.0000 seg 0.0000 cnt 2.5846
epoch 34/100 step 300 | loss 2.2921 | det 0.0000 seg 0.0000 cnt 1.1999
epoch 34/100 step 320 | loss 2.3139 | det 0.0000 seg 0.0000 cnt 3.9003
epoch 34/100 | train 2.3089 | val det 0.0000 seg 0.0000 miou 0.0000 cnt 0.0000 dens 0.000000e+00 mae 0.0000 total_mae 0.0000 | ap50 0.0000 | selected cnt_mae(min) 0.000000
epoch 35/100 step 20 | loss 2.1937 | det 0.0000 seg 0.0000 cnt 3.6075
epoch 35/100 step 40 | loss 2.3896 | det 0.0000 seg 0.0000 cnt 2.0187
epoch 35/100 step 60 | loss 2.3481 | det 0.0000 seg 0.0000 cnt 0.7369
epoch 35/100 step 80 | loss 2.4207 | det 0.0000 seg 0.0000 cnt 2.5549
epoch 35/100 step 100 | loss 2.4700 | det 0.0000 seg 0.0000 cnt 1.5184
epoch 35/100 step 120 | loss 2.4211 | det 0.0000 seg 0.0000 cnt 2.5530
epoch 35/100 step 140 | loss 2.3721 | det 0.0000 seg 0.0000 cnt 2.3973
epoch 35/100 step 160 | loss 2.4046 | det 0.0000 seg 0.0000 cnt 1.7083
epoch 35/100 step 180 | loss 2.3901 | det 0.0000 seg 0.0000 cnt 1.7615
epoch 35/100 step 200 | loss 2.4019 | det 0.0000 seg 0.0000 cnt 1.3023
epoch 35/100 step 220 | loss 2.3816 | det 0.0000 seg 0.0000 cnt 1.8131
epoch 35/100 step 240 | loss 2.3632 | det 0.0000 seg 0.0000 cnt 0.9715
epoch 35/100 step 260 | loss 2.3289 | det 0.0000 seg 0.0000 cnt 2.1256
epoch 35/100 step 280 | loss 2.3042 | det 0.0000 seg 0.0000 cnt 3.4749
epoch 35/100 step 300 | loss 2.3038 | det 0.0000 seg 0.0000 cnt 1.0432
epoch 35/100 step 320 | loss 2.3413 | det 0.0000 seg 0.0000 cnt 10.4131
epoch 35/100 | train 2.3490 | val det 0.0000 seg 0.0000 miou 0.0000 cnt 0.0000 dens 0.000000e+00 mae 0.0000 total_mae 0.0000 | ap50 0.0000 | selected cnt_mae(min) 0.000000
epoch 36/100 step 20 | loss 2.1601 | det 0.0000 seg 0.0000 cnt 0.9445
epoch 36/100 step 40 | loss 2.2533 | det 0.0000 seg 0.0000 cnt 4.5380
epoch 36/100 step 60 | loss 2.3505 | det 0.0000 seg 0.0000 cnt 1.0503
epoch 36/100 step 80 | loss 2.2807 | det 0.0000 seg 0.0000 cnt 3.0731
epoch 36/100 step 100 | loss 2.2064 | det 0.0000 seg 0.0000 cnt 1.2802
epoch 36/100 step 120 | loss 2.2876 | det 0.0000 seg 0.0000 cnt 1.1686
epoch 36/100 step 140 | loss 2.2446 | det 0.0000 seg 0.0000 cnt 3.2045
epoch 36/100 step 160 | loss 2.2305 | det 0.0000 seg 0.0000 cnt 3.5451
epoch 36/100 step 180 | loss 2.2285 | det 0.0000 seg 0.0000 cnt 2.3584
epoch 36/100 step 200 | loss 2.2619 | det 0.0000 seg 0.0000 cnt 1.3768
epoch 36/100 step 220 | loss 2.3030 | det 0.0000 seg 0.0000 cnt 1.4871
epoch 36/100 step 240 | loss 2.3062 | det 0.0000 seg 0.0000 cnt 5.4575
epoch 36/100 step 260 | loss 2.3147 | det 0.0000 seg 0.0000 cnt 2.6819
epoch 36/100 step 280 | loss 2.3058 | det 0.0000 seg 0.0000 cnt 1.4180
epoch 36/100 step 300 | loss 2.3020 | det 0.0000 seg 0.0000 cnt 3.5643
epoch 36/100 step 320 | loss 2.3027 | det 0.0000 seg 0.0000 cnt 0.7220
epoch 36/100 | train 2.3012 | val det 0.0000 seg 0.0000 miou 0.0000 cnt 0.0000 dens 0.000000e+00 mae 0.0000 total_mae 0.0000 | ap50 0.0000 | selected cnt_mae(min) 0.000000
epoch 37/100 step 20 | loss 2.3502 | det 0.0000 seg 0.0000 cnt 0.6705
epoch 37/100 step 40 | loss 2.5075 | det 0.0000 seg 0.0000 cnt 2.0531
epoch 37/100 step 60 | loss 2.2204 | det 0.0000 seg 0.0000 cnt 1.0185
epoch 37/100 step 80 | loss 2.3473 | det 0.0000 seg 0.0000 cnt 0.8487
epoch 37/100 step 100 | loss 2.2977 | det 0.0000 seg 0.0000 cnt 0.9768
epoch 37/100 step 120 | loss 2.2592 | det 0.0000 seg 0.0000 cnt 2.8096
epoch 37/100 step 140 | loss 2.2277 | det 0.0000 seg 0.0000 cnt 1.2819
epoch 37/100 step 160 | loss 2.1943 | det 0.0000 seg 0.0000 cnt 0.7006
epoch 37/100 step 180 | loss 2.2137 | det 0.0000 seg 0.0000 cnt 1.0410
epoch 37/100 step 200 | loss 2.2172 | det 0.0000 seg 0.0000 cnt 3.0545
epoch 37/100 step 220 | loss 2.2169 | det 0.0000 seg 0.0000 cnt 1.3688
epoch 37/100 step 240 | loss 2.2043 | det 0.0000 seg 0.0000 cnt 2.1152
epoch 37/100 step 260 | loss 2.2171 | det 0.0000 seg 0.0000 cnt 3.1283
epoch 37/100 step 280 | loss 2.2186 | det 0.0000 seg 0.0000 cnt 2.4134
epoch 37/100 step 300 | loss 2.2231 | det 0.0000 seg 0.0000 cnt 1.0771
epoch 37/100 step 320 | loss 2.2184 | det 0.0000 seg 0.0000 cnt 1.8525
epoch 37/100 | train 2.2218 | val det 0.0000 seg 0.0000 miou 0.0000 cnt 0.0000 dens 0.000000e+00 mae 0.0000 total_mae 0.0000 | ap50 0.0000 | selected cnt_mae(min) 0.000000
epoch 38/100 step 20 | loss 2.6897 | det 0.0000 seg 0.0000 cnt 1.2622
epoch 38/100 step 40 | loss 2.5344 | det 0.0000 seg 0.0000 cnt 3.1280
epoch 38/100 step 60 | loss 2.5867 | det 0.0000 seg 0.0000 cnt 2.9912
epoch 38/100 step 80 | loss 2.4624 | det 0.0000 seg 0.0000 cnt 1.8545
epoch 38/100 step 100 | loss 2.3786 | det 0.0000 seg 0.0000 cnt 1.3915
epoch 38/100 step 120 | loss 2.3531 | det 0.0000 seg 0.0000 cnt 1.1839
epoch 38/100 step 140 | loss 2.3617 | det 0.0000 seg 0.0000 cnt 2.1569
epoch 38/100 step 160 | loss 2.3403 | det 0.0000 seg 0.0000 cnt 2.1114
epoch 38/100 step 180 | loss 2.3131 | det 0.0000 seg 0.0000 cnt 1.0697
epoch 38/100 step 200 | loss 2.3186 | det 0.0000 seg 0.0000 cnt 1.9826
epoch 38/100 step 220 | loss 2.3209 | det 0.0000 seg 0.0000 cnt 3.8405
epoch 38/100 step 240 | loss 2.3190 | det 0.0000 seg 0.0000 cnt 1.5633
epoch 38/100 step 260 | loss 2.3255 | det 0.0000 seg 0.0000 cnt 2.3909
epoch 38/100 step 280 | loss 2.2971 | det 0.0000 seg 0.0000 cnt 1.6488
epoch 38/100 step 300 | loss 2.3052 | det 0.0000 seg 0.0000 cnt 3.6521
epoch 38/100 step 320 | loss 2.3065 | det 0.0000 seg 0.0000 cnt 2.7742
epoch 38/100 | train 2.3176 | val det 0.0000 seg 0.0000 miou 0.0000 cnt 0.0000 dens 0.000000e+00 mae 0.0000 total_mae 0.0000 | ap50 0.0000 | selected cnt_mae(min) 0.000000
epoch 39/100 step 20 | loss 2.5191 | det 0.0000 seg 0.0000 cnt 1.4556
epoch 39/100 step 40 | loss 2.4877 | det 0.0000 seg 0.0000 cnt 1.8746
epoch 39/100 step 60 | loss 2.4991 | det 0.0000 seg 0.0000 cnt 3.0517
epoch 39/100 step 80 | loss 2.4714 | det 0.0000 seg 0.0000 cnt 0.6779
epoch 39/100 step 100 | loss 2.4063 | det 0.0000 seg 0.0000 cnt 2.8931
epoch 39/100 step 120 | loss 2.3295 | det 0.0000 seg 0.0000 cnt 1.4678
epoch 39/100 step 140 | loss 2.2925 | det 0.0000 seg 0.0000 cnt 2.6840
epoch 39/100 step 160 | loss 2.3171 | det 0.0000 seg 0.0000 cnt 1.3421
epoch 39/100 step 180 | loss 2.2925 | det 0.0000 seg 0.0000 cnt 3.2238
epoch 39/100 step 200 | loss 2.2997 | det 0.0000 seg 0.0000 cnt 1.9115
epoch 39/100 step 220 | loss 2.2853 | det 0.0000 seg 0.0000 cnt 0.7979
epoch 39/100 step 240 | loss 2.2760 | det 0.0000 seg 0.0000 cnt 1.8704
epoch 39/100 step 260 | loss 2.3319 | det 0.0000 seg 0.0000 cnt 1.8875
epoch 39/100 step 280 | loss 2.3269 | det 0.0000 seg 0.0000 cnt 1.1015
epoch 39/100 step 300 | loss 2.3799 | det 0.0000 seg 0.0000 cnt 2.0877
epoch 39/100 step 320 | loss 2.3782 | det 0.0000 seg 0.0000 cnt 3.3797
epoch 39/100 | train 2.3701 | val det 0.0000 seg 0.0000 miou 0.0000 cnt 0.0000 dens 0.000000e+00 mae 0.0000 total_mae 0.0000 | ap50 0.0000 | selected cnt_mae(min) 0.000000
epoch 40/100 step 20 | loss 2.1346 | det 0.0000 seg 0.0000 cnt 1.6477
epoch 40/100 step 40 | loss 2.0922 | det 0.0000 seg 0.0000 cnt 0.8506
epoch 40/100 step 60 | loss 2.0497 | det 0.0000 seg 0.0000 cnt 1.3793
epoch 40/100 step 80 | loss 2.0631 | det 0.0000 seg 0.0000 cnt 0.6112
epoch 40/100 step 100 | loss 2.1589 | det 0.0000 seg 0.0000 cnt 2.1236
epoch 40/100 step 120 | loss 2.1671 | det 0.0000 seg 0.0000 cnt 1.0633
epoch 40/100 step 140 | loss 2.1302 | det 0.0000 seg 0.0000 cnt 1.8114
epoch 40/100 step 160 | loss 2.1233 | det 0.0000 seg 0.0000 cnt 1.8811
epoch 40/100 step 180 | loss 2.1174 | det 0.0000 seg 0.0000 cnt 2.1448
epoch 40/100 step 200 | loss 2.1516 | det 0.0000 seg 0.0000 cnt 1.5006
epoch 40/100 step 220 | loss 2.1367 | det 0.0000 seg 0.0000 cnt 0.7516
epoch 40/100 step 240 | loss 2.1047 | det 0.0000 seg 0.0000 cnt 2.7197
epoch 40/100 step 260 | loss 2.1418 | det 0.0000 seg 0.0000 cnt 2.1072
epoch 40/100 step 280 | loss 2.1477 | det 0.0000 seg 0.0000 cnt 3.7620
epoch 40/100 step 300 | loss 2.1499 | det 0.0000 seg 0.0000 cnt 4.7312
epoch 40/100 step 320 | loss 2.1332 | det 0.0000 seg 0.0000 cnt 1.2492
epoch 40/100 | train 2.1370 | val det 0.0000 seg 0.0000 miou 0.0000 cnt 0.0000 dens 0.000000e+00 mae 0.0000 total_mae 0.0000 | ap50 0.0000 | selected cnt_mae(min) 0.000000
epoch 41/100 step 20 | loss 2.5146 | det 0.0000 seg 0.0000 cnt 1.8073
epoch 41/100 step 40 | loss 2.3858 | det 0.0000 seg 0.0000 cnt 1.9023
epoch 41/100 step 60 | loss 2.3061 | det 0.0000 seg 0.0000 cnt 4.1034
epoch 41/100 step 80 | loss 2.2846 | det 0.0000 seg 0.0000 cnt 2.3899
epoch 41/100 step 100 | loss 2.2110 | det 0.0000 seg 0.0000 cnt 1.4364
epoch 41/100 step 120 | loss 2.1830 | det 0.0000 seg 0.0000 cnt 1.3594
epoch 41/100 step 140 | loss 2.2697 | det 0.0000 seg 0.0000 cnt 1.8743
epoch 41/100 step 160 | loss 2.2213 | det 0.0000 seg 0.0000 cnt 4.1863
epoch 41/100 step 180 | loss 2.1944 | det 0.0000 seg 0.0000 cnt 1.2146
epoch 41/100 step 200 | loss 2.1801 | det 0.0000 seg 0.0000 cnt 3.2509
epoch 41/100 step 220 | loss 2.1540 | det 0.0000 seg 0.0000 cnt 2.3610
epoch 41/100 step 240 | loss 2.1140 | det 0.0000 seg 0.0000 cnt 0.2848
epoch 41/100 step 260 | loss 2.1322 | det 0.0000 seg 0.0000 cnt 0.5702
epoch 41/100 step 280 | loss 2.1595 | det 0.0000 seg 0.0000 cnt 0.9038
epoch 41/100 step 300 | loss 2.1643 | det 0.0000 seg 0.0000 cnt 3.2996
epoch 41/100 step 320 | loss 2.1725 | det 0.0000 seg 0.0000 cnt 2.6189
epoch 41/100 | train 2.1693 | val det 0.0000 seg 0.0000 miou 0.0000 cnt 0.0000 dens 0.000000e+00 mae 0.0000 total_mae 0.0000 | ap50 0.0000 | selected cnt_mae(min) 0.000000
epoch 42/100 step 20 | loss 1.7356 | det 0.0000 seg 0.0000 cnt 1.0088
epoch 42/100 step 40 | loss 1.8703 | det 0.0000 seg 0.0000 cnt 0.6871
epoch 42/100 step 60 | loss 1.8305 | det 0.0000 seg 0.0000 cnt 1.9459
epoch 42/100 step 80 | loss 2.0402 | det 0.0000 seg 0.0000 cnt 1.8063
epoch 42/100 step 100 | loss 2.1525 | det 0.0000 seg 0.0000 cnt 0.9375
epoch 42/100 step 120 | loss 2.1383 | det 0.0000 seg 0.0000 cnt 1.2795
epoch 42/100 step 140 | loss 2.1433 | det 0.0000 seg 0.0000 cnt 1.6585
epoch 42/100 step 160 | loss 2.0790 | det 0.0000 seg 0.0000 cnt 1.4136
epoch 42/100 step 180 | loss 2.1174 | det 0.0000 seg 0.0000 cnt 2.6068
epoch 42/100 step 200 | loss 2.1324 | det 0.0000 seg 0.0000 cnt 1.3941
epoch 42/100 step 220 | loss 2.1012 | det 0.0000 seg 0.0000 cnt 4.1480
epoch 42/100 step 240 | loss 2.0979 | det 0.0000 seg 0.0000 cnt 0.9427
epoch 42/100 step 260 | loss 2.1103 | det 0.0000 seg 0.0000 cnt 1.0789
epoch 42/100 step 280 | loss 2.1090 | det 0.0000 seg 0.0000 cnt 1.4611
epoch 42/100 step 300 | loss 2.0975 | det 0.0000 seg 0.0000 cnt 1.6091
epoch 42/100 step 320 | loss 2.1078 | det 0.0000 seg 0.0000 cnt 0.9530
epoch 42/100 | train 2.1041 | val det 0.0000 seg 0.0000 miou 0.0000 cnt 0.0000 dens 0.000000e+00 mae 0.0000 total_mae 0.0000 | ap50 0.0000 | selected cnt_mae(min) 0.000000
epoch 43/100 step 20 | loss 1.8454 | det 0.0000 seg 0.0000 cnt 1.0775
epoch 43/100 step 40 | loss 2.2381 | det 0.0000 seg 0.0000 cnt 3.1800
epoch 43/100 step 60 | loss 2.0720 | det 0.0000 seg 0.0000 cnt 2.9318
epoch 43/100 step 80 | loss 2.0687 | det 0.0000 seg 0.0000 cnt 1.1357
epoch 43/100 step 100 | loss 2.0986 | det 0.0000 seg 0.0000 cnt 0.8879
epoch 43/100 step 120 | loss 2.1596 | det 0.0000 seg 0.0000 cnt 1.6354
epoch 43/100 step 140 | loss 2.1735 | det 0.0000 seg 0.0000 cnt 1.4915
epoch 43/100 step 160 | loss 2.1855 | det 0.0000 seg 0.0000 cnt 1.6648
epoch 43/100 step 180 | loss 2.1814 | det 0.0000 seg 0.0000 cnt 2.3634
epoch 43/100 step 200 | loss 2.1577 | det 0.0000 seg 0.0000 cnt 2.9241
epoch 43/100 step 220 | loss 2.1157 | det 0.0000 seg 0.0000 cnt 2.1260
epoch 43/100 step 240 | loss 2.1039 | det 0.0000 seg 0.0000 cnt 2.3691
epoch 43/100 step 260 | loss 2.1342 | det 0.0000 seg 0.0000 cnt 3.2252
epoch 43/100 step 280 | loss 2.1263 | det 0.0000 seg 0.0000 cnt 2.7299
epoch 43/100 step 300 | loss 2.1274 | det 0.0000 seg 0.0000 cnt 1.7811
epoch 43/100 step 320 | loss 2.1525 | det 0.0000 seg 0.0000 cnt 2.6424
epoch 43/100 | train 2.1559 | val det 0.0000 seg 0.0000 miou 0.0000 cnt 0.0000 dens 0.000000e+00 mae 0.0000 total_mae 0.0000 | ap50 0.0000 | selected cnt_mae(min) 0.000000
epoch 44/100 step 20 | loss 2.2713 | det 0.0000 seg 0.0000 cnt 2.3532
epoch 44/100 step 40 | loss 2.3121 | det 0.0000 seg 0.0000 cnt 1.2126
epoch 44/100 step 60 | loss 2.2873 | det 0.0000 seg 0.0000 cnt 2.8663
epoch 44/100 step 80 | loss 2.1919 | det 0.0000 seg 0.0000 cnt 3.0141
epoch 44/100 step 100 | loss 2.1691 | det 0.0000 seg 0.0000 cnt 1.2448
epoch 44/100 step 120 | loss 2.1522 | det 0.0000 seg 0.0000 cnt 1.6551
epoch 44/100 step 140 | loss 2.3738 | det 0.0000 seg 0.0000 cnt 1.5926
epoch 44/100 step 160 | loss 2.3229 | det 0.0000 seg 0.0000 cnt 2.4373
epoch 44/100 step 180 | loss 2.2814 | det 0.0000 seg 0.0000 cnt 4.7110
epoch 44/100 step 200 | loss 2.2423 | det 0.0000 seg 0.0000 cnt 1.2458
epoch 44/100 step 220 | loss 2.2248 | det 0.0000 seg 0.0000 cnt 1.1072
epoch 44/100 step 240 | loss 2.2156 | det 0.0000 seg 0.0000 cnt 1.2710
epoch 44/100 step 260 | loss 2.2084 | det 0.0000 seg 0.0000 cnt 3.6666
epoch 44/100 step 280 | loss 2.1823 | det 0.0000 seg 0.0000 cnt 1.9167
epoch 44/100 step 300 | loss 2.1765 | det 0.0000 seg 0.0000 cnt 3.1225
epoch 44/100 step 320 | loss 2.1465 | det 0.0000 seg 0.0000 cnt 2.6474
epoch 44/100 | train 2.1469 | val det 0.0000 seg 0.0000 miou 0.0000 cnt 0.0000 dens 0.000000e+00 mae 0.0000 total_mae 0.0000 | ap50 0.0000 | selected cnt_mae(min) 0.000000
epoch 45/100 step 20 | loss 1.8505 | det 0.0000 seg 0.0000 cnt 1.0644
epoch 45/100 step 40 | loss 2.1204 | det 0.0000 seg 0.0000 cnt 2.9691
epoch 45/100 step 60 | loss 2.0298 | det 0.0000 seg 0.0000 cnt 2.0252
epoch 45/100 step 80 | loss 2.1219 | det 0.0000 seg 0.0000 cnt 0.7606
epoch 45/100 step 100 | loss 2.1652 | det 0.0000 seg 0.0000 cnt 2.5862
epoch 45/100 step 120 | loss 2.2076 | det 0.0000 seg 0.0000 cnt 1.5891
epoch 45/100 step 140 | loss 2.1687 | det 0.0000 seg 0.0000 cnt 2.0977
epoch 45/100 step 160 | loss 2.1554 | det 0.0000 seg 0.0000 cnt 3.5682
epoch 45/100 step 180 | loss 2.1476 | det 0.0000 seg 0.0000 cnt 0.6960
epoch 45/100 step 200 | loss 2.1237 | det 0.0000 seg 0.0000 cnt 2.1607
epoch 45/100 step 220 | loss 2.0812 | det 0.0000 seg 0.0000 cnt 0.6665
epoch 45/100 step 240 | loss 2.0802 | det 0.0000 seg 0.0000 cnt 1.3294
epoch 45/100 step 260 | loss 2.1052 | det 0.0000 seg 0.0000 cnt 3.0979
epoch 45/100 step 280 | loss 2.1358 | det 0.0000 seg 0.0000 cnt 3.2318
epoch 45/100 step 300 | loss 2.1266 | det 0.0000 seg 0.0000 cnt 1.5000
epoch 45/100 step 320 | loss 2.1438 | det 0.0000 seg 0.0000 cnt 1.5019
epoch 45/100 | train 2.1406 | val det 0.0000 seg 0.0000 miou 0.0000 cnt 0.0000 dens 0.000000e+00 mae 0.0000 total_mae 0.0000 | ap50 0.0000 | selected cnt_mae(min) 0.000000
epoch 46/100 step 20 | loss 2.1379 | det 0.0000 seg 0.0000 cnt 1.0830
epoch 46/100 step 40 | loss 2.1216 | det 0.0000 seg 0.0000 cnt 3.4973
epoch 46/100 step 60 | loss 2.0175 | det 0.0000 seg 0.0000 cnt 1.7076
epoch 46/100 step 80 | loss 2.0676 | det 0.0000 seg 0.0000 cnt 3.6749
epoch 46/100 step 100 | loss 2.0418 | det 0.0000 seg 0.0000 cnt 3.5112
epoch 46/100 step 120 | loss 2.1035 | det 0.0000 seg 0.0000 cnt 6.3632
epoch 46/100 step 140 | loss 2.1275 | det 0.0000 seg 0.0000 cnt 4.0244
epoch 46/100 step 160 | loss 2.1068 | det 0.0000 seg 0.0000 cnt 3.4721
epoch 46/100 step 180 | loss 2.2190 | det 0.0000 seg 0.0000 cnt 16.2343
epoch 46/100 step 200 | loss 2.2054 | det 0.0000 seg 0.0000 cnt 2.9589
epoch 46/100 step 220 | loss 2.1764 | det 0.0000 seg 0.0000 cnt 2.2699
epoch 46/100 step 240 | loss 2.1825 | det 0.0000 seg 0.0000 cnt 2.5651
epoch 46/100 step 260 | loss 2.1878 | det 0.0000 seg 0.0000 cnt 1.1444
epoch 46/100 step 280 | loss 2.1882 | det 0.0000 seg 0.0000 cnt 6.3595
epoch 46/100 step 300 | loss 2.1745 | det 0.0000 seg 0.0000 cnt 2.9860
epoch 46/100 step 320 | loss 2.1432 | det 0.0000 seg 0.0000 cnt 2.0377
epoch 46/100 | train 2.1349 | val det 0.0000 seg 0.0000 miou 0.0000 cnt 0.0000 dens 0.000000e+00 mae 0.0000 total_mae 0.0000 | ap50 0.0000 | selected cnt_mae(min) 0.000000
epoch 47/100 step 20 | loss 1.7408 | det 0.0000 seg 0.0000 cnt 2.4171
epoch 47/100 step 40 | loss 1.8928 | det 0.0000 seg 0.0000 cnt 1.8846
epoch 47/100 step 60 | loss 2.0733 | det 0.0000 seg 0.0000 cnt 6.3268
epoch 47/100 step 80 | loss 2.0148 | det 0.0000 seg 0.0000 cnt 1.0852
epoch 47/100 step 100 | loss 2.0612 | det 0.0000 seg 0.0000 cnt 2.3174
epoch 47/100 step 120 | loss 2.0354 | det 0.0000 seg 0.0000 cnt 2.9496
epoch 47/100 step 140 | loss 2.0380 | det 0.0000 seg 0.0000 cnt 3.4452
epoch 47/100 step 160 | loss 2.0533 | det 0.0000 seg 0.0000 cnt 1.7677
epoch 47/100 step 180 | loss 2.0464 | det 0.0000 seg 0.0000 cnt 1.6621
epoch 47/100 step 200 | loss 2.0625 | det 0.0000 seg 0.0000 cnt 1.7298
epoch 47/100 step 220 | loss 2.0682 | det 0.0000 seg 0.0000 cnt 2.9217
epoch 47/100 step 240 | loss 2.0551 | det 0.0000 seg 0.0000 cnt 2.3369
epoch 47/100 step 260 | loss 2.0735 | det 0.0000 seg 0.0000 cnt 1.1685
epoch 47/100 step 280 | loss 2.0491 | det 0.0000 seg 0.0000 cnt 0.8330
epoch 47/100 step 300 | loss 2.0775 | det 0.0000 seg 0.0000 cnt 4.5386
epoch 47/100 step 320 | loss 2.1333 | det 0.0000 seg 0.0000 cnt 7.1204
epoch 47/100 | train 2.1273 | val det 0.0000 seg 0.0000 miou 0.0000 cnt 0.0000 dens 0.000000e+00 mae 0.0000 total_mae 0.0000 | ap50 0.0000 | selected cnt_mae(min) 0.000000
epoch 48/100 step 20 | loss 2.1936 | det 0.0000 seg 0.0000 cnt 2.6189
epoch 48/100 step 40 | loss 2.3024 | det 0.0000 seg 0.0000 cnt 1.6198
epoch 48/100 step 60 | loss 2.2359 | det 0.0000 seg 0.0000 cnt 2.9320
epoch 48/100 step 80 | loss 2.2303 | det 0.0000 seg 0.0000 cnt 0.6234
epoch 48/100 step 100 | loss 2.1498 | det 0.0000 seg 0.0000 cnt 1.1523
epoch 48/100 step 120 | loss 2.2125 | det 0.0000 seg 0.0000 cnt 1.2590
epoch 48/100 step 140 | loss 2.1504 | det 0.0000 seg 0.0000 cnt 1.6468
epoch 48/100 step 160 | loss 2.1256 | det 0.0000 seg 0.0000 cnt 1.1927
epoch 48/100 step 180 | loss 2.0585 | det 0.0000 seg 0.0000 cnt 1.8519
epoch 48/100 step 200 | loss 2.0568 | det 0.0000 seg 0.0000 cnt 5.0597
epoch 48/100 step 220 | loss 2.0487 | det 0.0000 seg 0.0000 cnt 2.5920
epoch 48/100 step 240 | loss 2.0622 | det 0.0000 seg 0.0000 cnt 0.9083
epoch 48/100 step 260 | loss 2.0951 | det 0.0000 seg 0.0000 cnt 1.8178
epoch 48/100 step 280 | loss 2.1034 | det 0.0000 seg 0.0000 cnt 2.8518
epoch 48/100 step 300 | loss 2.1007 | det 0.0000 seg 0.0000 cnt 1.5370
epoch 48/100 step 320 | loss 2.1142 | det 0.0000 seg 0.0000 cnt 1.5523
epoch 48/100 | train 2.1146 | val det 0.0000 seg 0.0000 miou 0.0000 cnt 0.0000 dens 0.000000e+00 mae 0.0000 total_mae 0.0000 | ap50 0.0000 | selected cnt_mae(min) 0.000000
epoch 49/100 step 20 | loss 2.0163 | det 0.0000 seg 0.0000 cnt 2.2375
epoch 49/100 step 40 | loss 1.9516 | det 0.0000 seg 0.0000 cnt 1.1872
epoch 49/100 step 60 | loss 1.9925 | det 0.0000 seg 0.0000 cnt 3.0567
epoch 49/100 step 80 | loss 2.2083 | det 0.0000 seg 0.0000 cnt 3.8829
epoch 49/100 step 100 | loss 2.1438 | det 0.0000 seg 0.0000 cnt 1.4059
epoch 49/100 step 120 | loss 2.1197 | det 0.0000 seg 0.0000 cnt 1.7505
epoch 49/100 step 140 | loss 2.0438 | det 0.0000 seg 0.0000 cnt 1.0986
epoch 49/100 step 160 | loss 2.0368 | det 0.0000 seg 0.0000 cnt 2.2825
epoch 49/100 step 180 | loss 2.0406 | det 0.0000 seg 0.0000 cnt 2.2168
epoch 49/100 step 200 | loss 2.0310 | det 0.0000 seg 0.0000 cnt 1.1915
epoch 49/100 step 220 | loss 2.0226 | det 0.0000 seg 0.0000 cnt 3.2636
epoch 49/100 step 240 | loss 2.0315 | det 0.0000 seg 0.0000 cnt 2.1488
epoch 49/100 step 260 | loss 2.0179 | det 0.0000 seg 0.0000 cnt 0.9641
epoch 49/100 step 280 | loss 2.0181 | det 0.0000 seg 0.0000 cnt 0.4811
epoch 49/100 step 300 | loss 2.0236 | det 0.0000 seg 0.0000 cnt 2.6983
epoch 49/100 step 320 | loss 2.0252 | det 0.0000 seg 0.0000 cnt 1.7166
epoch 49/100 | train 2.0219 | val det 0.0000 seg 0.0000 miou 0.0000 cnt 0.0000 dens 0.000000e+00 mae 0.0000 total_mae 0.0000 | ap50 0.0000 | selected cnt_mae(min) 0.000000
epoch 50/100 step 20 | loss 1.9738 | det 0.0000 seg 0.0000 cnt 2.9992
epoch 50/100 step 40 | loss 2.0199 | det 0.0000 seg 0.0000 cnt 1.3750
epoch 50/100 step 60 | loss 1.9158 | det 0.0000 seg 0.0000 cnt 2.0120
epoch 50/100 step 80 | loss 1.8528 | det 0.0000 seg 0.0000 cnt 1.7868
epoch 50/100 step 100 | loss 1.9140 | det 0.0000 seg 0.0000 cnt 1.7394
epoch 50/100 step 120 | loss 1.9736 | det 0.0000 seg 0.0000 cnt 2.3554
epoch 50/100 step 140 | loss 1.9544 | det 0.0000 seg 0.0000 cnt 1.5878
epoch 50/100 step 160 | loss 1.9899 | det 0.0000 seg 0.0000 cnt 2.0752
epoch 50/100 step 180 | loss 1.9496 | det 0.0000 seg 0.0000 cnt 1.4898
epoch 50/100 step 200 | loss 1.9462 | det 0.0000 seg 0.0000 cnt 2.0170
epoch 50/100 step 220 | loss 1.9209 | det 0.0000 seg 0.0000 cnt 1.3122
epoch 50/100 step 240 | loss 1.9150 | det 0.0000 seg 0.0000 cnt 0.3122
epoch 50/100 step 260 | loss 1.9765 | det 0.0000 seg 0.0000 cnt 1.7312
epoch 50/100 step 280 | loss 1.9870 | det 0.0000 seg 0.0000 cnt 1.2713
epoch 50/100 step 300 | loss 2.0071 | det 0.0000 seg 0.0000 cnt 2.5627
epoch 50/100 step 320 | loss 2.0188 | det 0.0000 seg 0.0000 cnt 1.2378
epoch 50/100 | train 2.0157 | val det 0.0000 seg 0.0000 miou 0.0000 cnt 0.0000 dens 0.000000e+00 mae 0.0000 total_mae 0.0000 | ap50 0.0000 | selected cnt_mae(min) 0.000000
epoch 51/100 step 20 | loss 2.2485 | det 0.0000 seg 0.0000 cnt 1.3550
epoch 51/100 step 40 | loss 2.1568 | det 0.0000 seg 0.0000 cnt 1.9545
epoch 51/100 step 60 | loss 2.1497 | det 0.0000 seg 0.0000 cnt 0.9286
epoch 51/100 step 80 | loss 2.0524 | det 0.0000 seg 0.0000 cnt 0.7106
epoch 51/100 step 100 | loss 2.0433 | det 0.0000 seg 0.0000 cnt 1.9006
epoch 51/100 step 120 | loss 2.0326 | det 0.0000 seg 0.0000 cnt 3.4886
epoch 51/100 step 140 | loss 2.0786 | det 0.0000 seg 0.0000 cnt 2.3135
epoch 51/100 step 160 | loss 2.0144 | det 0.0000 seg 0.0000 cnt 1.1170
epoch 51/100 step 180 | loss 2.0165 | det 0.0000 seg 0.0000 cnt 2.1198
epoch 51/100 step 200 | loss 2.0339 | det 0.0000 seg 0.0000 cnt 1.7227
epoch 51/100 step 220 | loss 2.0162 | det 0.0000 seg 0.0000 cnt 1.0014
epoch 51/100 step 240 | loss 1.9885 | det 0.0000 seg 0.0000 cnt 1.3836
epoch 51/100 step 260 | loss 1.9863 | det 0.0000 seg 0.0000 cnt 0.9898
epoch 51/100 step 280 | loss 2.0025 | det 0.0000 seg 0.0000 cnt 1.6196
epoch 51/100 step 300 | loss 1.9926 | det 0.0000 seg 0.0000 cnt 2.3937
epoch 51/100 step 320 | loss 1.9751 | det 0.0000 seg 0.0000 cnt 1.0642
epoch 51/100 | train 1.9716 | val det 0.0000 seg 0.0000 miou 0.0000 cnt 2.7682 dens 8.051387e-01 mae 1.9631 total_mae 8.9491 | ap50 0.0000 | selected cnt_mae(min) 1.963062
[ckpt] new best cached (cnt_mae 1.963062)
epoch 52/100 step 20 | loss 2.1880 | det 0.0000 seg 0.0000 cnt 3.6885
epoch 52/100 step 40 | loss 2.1786 | det 0.0000 seg 0.0000 cnt 2.1799
epoch 52/100 step 60 | loss 2.1556 | det 0.0000 seg 0.0000 cnt 2.2536
epoch 52/100 step 80 | loss 2.0630 | det 0.0000 seg 0.0000 cnt 1.0023
epoch 52/100 step 100 | loss 2.0683 | det 0.0000 seg 0.0000 cnt 1.3332
epoch 52/100 step 120 | loss 2.0260 | det 0.0000 seg 0.0000 cnt 1.1657
epoch 52/100 step 140 | loss 2.1025 | det 0.0000 seg 0.0000 cnt 3.3340
epoch 52/100 step 160 | loss 2.0955 | det 0.0000 seg 0.0000 cnt 4.6122
epoch 52/100 step 180 | loss 2.1158 | det 0.0000 seg 0.0000 cnt 1.5981
epoch 52/100 step 200 | loss 2.0957 | det 0.0000 seg 0.0000 cnt 3.1778
epoch 52/100 step 220 | loss 2.0941 | det 0.0000 seg 0.0000 cnt 1.2476
epoch 52/100 step 240 | loss 2.0369 | det 0.0000 seg 0.0000 cnt 1.3860
epoch 52/100 step 260 | loss 2.0024 | det 0.0000 seg 0.0000 cnt 2.3389
epoch 52/100 step 280 | loss 2.0094 | det 0.0000 seg 0.0000 cnt 1.1913
epoch 52/100 step 300 | loss 1.9830 | det 0.0000 seg 0.0000 cnt 2.5269
epoch 52/100 step 320 | loss 1.9627 | det 0.0000 seg 0.0000 cnt 2.0412
epoch 52/100 | train 1.9589 | val det 0.0000 seg 0.0000 miou 0.0000 cnt 2.7132 dens 8.023993e-01 mae 1.9108 total_mae 9.0462 | ap50 0.0000 | selected cnt_mae(min) 1.910754
[ckpt] new best cached (cnt_mae 1.910754)
epoch 53/100 step 20 | loss 1.7746 | det 0.0000 seg 0.0000 cnt 1.4294
epoch 53/100 step 40 | loss 1.6941 | det 0.0000 seg 0.0000 cnt 1.6873
epoch 53/100 step 60 | loss 1.7536 | det 0.0000 seg 0.0000 cnt 1.6646
epoch 53/100 step 80 | loss 1.9037 | det 0.0000 seg 0.0000 cnt 1.2698
epoch 53/100 step 100 | loss 1.9395 | det 0.0000 seg 0.0000 cnt 1.4149
epoch 53/100 step 120 | loss 1.9473 | det 0.0000 seg 0.0000 cnt 1.0949
epoch 53/100 step 140 | loss 1.9667 | det 0.0000 seg 0.0000 cnt 0.8006
epoch 53/100 step 160 | loss 1.9583 | det 0.0000 seg 0.0000 cnt 1.7283
epoch 53/100 step 180 | loss 1.9422 | det 0.0000 seg 0.0000 cnt 1.7210
epoch 53/100 step 200 | loss 1.9679 | det 0.0000 seg 0.0000 cnt 1.5453
epoch 53/100 step 220 | loss 2.0124 | det 0.0000 seg 0.0000 cnt 4.3588
epoch 53/100 step 240 | loss 2.0709 | det 0.0000 seg 0.0000 cnt 7.2688
epoch 53/100 step 260 | loss 2.0546 | det 0.0000 seg 0.0000 cnt 1.3630
epoch 53/100 step 280 | loss 2.1022 | det 0.0000 seg 0.0000 cnt 4.8846
epoch 53/100 step 300 | loss 2.0810 | det 0.0000 seg 0.0000 cnt 0.9041
epoch 53/100 step 320 | loss 2.0794 | det 0.0000 seg 0.0000 cnt 3.2447
epoch 53/100 | train 2.0811 | val det 0.0000 seg 0.0000 miou 0.0000 cnt 2.7577 dens 8.012461e-01 mae 1.9565 total_mae 9.2535 | ap50 0.0000 | selected cnt_mae(min) 1.956463
epoch 54/100 step 20 | loss 1.9219 | det 0.0000 seg 0.0000 cnt 1.9231
epoch 54/100 step 40 | loss 1.8916 | det 0.0000 seg 0.0000 cnt 2.3959
epoch 54/100 step 60 | loss 1.9345 | det 0.0000 seg 0.0000 cnt 3.2204
epoch 54/100 step 80 | loss 1.9429 | det 0.0000 seg 0.0000 cnt 2.0380
epoch 54/100 step 100 | loss 1.8914 | det 0.0000 seg 0.0000 cnt 2.3881
epoch 54/100 step 120 | loss 1.9074 | det 0.0000 seg 0.0000 cnt 2.6153
epoch 54/100 step 140 | loss 1.8622 | det 0.0000 seg 0.0000 cnt 1.0785
epoch 54/100 step 160 | loss 1.8927 | det 0.0000 seg 0.0000 cnt 1.0815
epoch 54/100 step 180 | loss 1.9278 | det 0.0000 seg 0.0000 cnt 1.4400
epoch 54/100 step 200 | loss 1.9252 | det 0.0000 seg 0.0000 cnt 0.6807
epoch 54/100 step 220 | loss 1.8848 | det 0.0000 seg 0.0000 cnt 3.0813
epoch 54/100 step 240 | loss 1.8949 | det 0.0000 seg 0.0000 cnt 2.1273
epoch 54/100 step 260 | loss 1.9085 | det 0.0000 seg 0.0000 cnt 2.1739
epoch 54/100 step 280 | loss 1.9092 | det 0.0000 seg 0.0000 cnt 1.0199
epoch 54/100 step 300 | loss 1.8903 | det 0.0000 seg 0.0000 cnt 2.3181
epoch 54/100 step 320 | loss 1.8754 | det 0.0000 seg 0.0000 cnt 1.3125
epoch 54/100 | train 1.8829 | val det 0.0000 seg 0.0000 miou 0.0000 cnt 2.7459 dens 8.019408e-01 mae 1.9440 total_mae 8.9086 | ap50 0.0000 | selected cnt_mae(min) 1.943951
epoch 55/100 step 20 | loss 1.8939 | det 0.0000 seg 0.0000 cnt 2.2617
epoch 55/100 step 40 | loss 1.9155 | det 0.0000 seg 0.0000 cnt 2.3892
epoch 55/100 step 60 | loss 1.9082 | det 0.0000 seg 0.0000 cnt 1.7409
epoch 55/100 step 80 | loss 1.8921 | det 0.0000 seg 0.0000 cnt 0.5911
epoch 55/100 step 100 | loss 1.9077 | det 0.0000 seg 0.0000 cnt 0.9467
epoch 55/100 step 120 | loss 1.9005 | det 0.0000 seg 0.0000 cnt 0.9712
epoch 55/100 step 140 | loss 1.9013 | det 0.0000 seg 0.0000 cnt 2.4497
epoch 55/100 step 160 | loss 1.8596 | det 0.0000 seg 0.0000 cnt 1.7378
epoch 55/100 step 180 | loss 1.8436 | det 0.0000 seg 0.0000 cnt 4.4690
epoch 55/100 step 200 | loss 1.8466 | det 0.0000 seg 0.0000 cnt 1.5073
epoch 55/100 step 220 | loss 1.8569 | det 0.0000 seg 0.0000 cnt 1.6603
epoch 55/100 step 240 | loss 1.8472 | det 0.0000 seg 0.0000 cnt 2.0264
epoch 55/100 step 260 | loss 1.8657 | det 0.0000 seg 0.0000 cnt 2.2665
epoch 55/100 step 280 | loss 1.8685 | det 0.0000 seg 0.0000 cnt 3.9129
epoch 55/100 step 300 | loss 1.9260 | det 0.0000 seg 0.0000 cnt 2.2112
epoch 55/100 step 320 | loss 1.9300 | det 0.0000 seg 0.0000 cnt 0.6473
epoch 55/100 | train 1.9316 | val det 0.0000 seg 0.0000 miou 0.0000 cnt 2.7555 dens 8.026483e-01 mae 1.9529 total_mae 9.1158 | ap50 0.0000 | selected cnt_mae(min) 1.952862
epoch 56/100 step 20 | loss 1.7131 | det 0.0000 seg 0.0000 cnt 0.5833
epoch 56/100 step 40 | loss 1.9289 | det 0.0000 seg 0.0000 cnt 2.4429
epoch 56/100 step 60 | loss 1.8536 | det 0.0000 seg 0.0000 cnt 0.4988
epoch 56/100 step 80 | loss 1.8957 | det 0.0000 seg 0.0000 cnt 2.1964
epoch 56/100 step 100 | loss 1.9892 | det 0.0000 seg 0.0000 cnt 4.1857
epoch 56/100 step 120 | loss 1.9618 | det 0.0000 seg 0.0000 cnt 1.7537
epoch 56/100 step 140 | loss 1.9533 | det 0.0000 seg 0.0000 cnt 1.7193
epoch 56/100 step 160 | loss 1.9258 | det 0.0000 seg 0.0000 cnt 1.5285
epoch 56/100 step 180 | loss 1.9248 | det 0.0000 seg 0.0000 cnt 1.9633
epoch 56/100 step 200 | loss 1.8866 | det 0.0000 seg 0.0000 cnt 2.2353
epoch 56/100 step 220 | loss 1.8946 | det 0.0000 seg 0.0000 cnt 1.6216
epoch 56/100 step 240 | loss 1.8996 | det 0.0000 seg 0.0000 cnt 1.0007
epoch 56/100 step 260 | loss 1.8965 | det 0.0000 seg 0.0000 cnt 1.3649
epoch 56/100 step 280 | loss 1.8914 | det 0.0000 seg 0.0000 cnt 2.1855
epoch 56/100 step 300 | loss 1.8971 | det 0.0000 seg 0.0000 cnt 1.0479
epoch 56/100 step 320 | loss 1.9170 | det 0.0000 seg 0.0000 cnt 0.8883
epoch 56/100 | train 1.9122 | val det 0.0000 seg 0.0000 miou 0.0000 cnt 2.6991 dens 7.996289e-01 mae 1.8995 total_mae 9.2283 | ap50 0.0000 | selected cnt_mae(min) 1.899462
[ckpt] new best cached (cnt_mae 1.899462)
epoch 57/100 step 20 | loss 1.9816 | det 0.0000 seg 0.0000 cnt 0.9977
epoch 57/100 step 40 | loss 2.0601 | det 0.0000 seg 0.0000 cnt 1.4249
epoch 57/100 step 60 | loss 2.1288 | det 0.0000 seg 0.0000 cnt 1.9981
epoch 57/100 step 80 | loss 2.0600 | det 0.0000 seg 0.0000 cnt 4.0977
epoch 57/100 step 100 | loss 2.0028 | det 0.0000 seg 0.0000 cnt 1.4829
epoch 57/100 step 120 | loss 2.0119 | det 0.0000 seg 0.0000 cnt 1.5102
epoch 57/100 step 140 | loss 2.0353 | det 0.0000 seg 0.0000 cnt 2.2455
epoch 57/100 step 160 | loss 1.9586 | det 0.0000 seg 0.0000 cnt 1.7161
epoch 57/100 step 180 | loss 2.0134 | det 0.0000 seg 0.0000 cnt 0.8957
epoch 57/100 step 200 | loss 1.9994 | det 0.0000 seg 0.0000 cnt 0.9968
epoch 57/100 step 220 | loss 2.0150 | det 0.0000 seg 0.0000 cnt 1.8748
epoch 57/100 step 240 | loss 1.9911 | det 0.0000 seg 0.0000 cnt 1.1231
epoch 57/100 step 260 | loss 1.9996 | det 0.0000 seg 0.0000 cnt 1.2433
epoch 57/100 step 280 | loss 1.9971 | det 0.0000 seg 0.0000 cnt 2.1270
epoch 57/100 step 300 | loss 2.0150 | det 0.0000 seg 0.0000 cnt 0.8244
epoch 57/100 step 320 | loss 2.0095 | det 0.0000 seg 0.0000 cnt 1.6165
epoch 57/100 | train 2.0076 | val det 0.0000 seg 0.0000 miou 0.0000 cnt 2.7097 dens 7.987485e-01 mae 1.9110 total_mae 9.1742 | ap50 0.0000 | selected cnt_mae(min) 1.910989
epoch 58/100 step 20 | loss 2.1173 | det 0.0000 seg 0.0000 cnt 1.5486
epoch 58/100 step 40 | loss 1.9947 | det 0.0000 seg 0.0000 cnt 1.1086
epoch 58/100 step 60 | loss 1.8907 | det 0.0000 seg 0.0000 cnt 1.2239
epoch 58/100 step 80 | loss 1.9037 | det 0.0000 seg 0.0000 cnt 1.5984
epoch 58/100 step 100 | loss 1.9038 | det 0.0000 seg 0.0000 cnt 0.4674
epoch 58/100 step 120 | loss 1.9603 | det 0.0000 seg 0.0000 cnt 1.2667
epoch 58/100 step 140 | loss 1.9700 | det 0.0000 seg 0.0000 cnt 1.3741
epoch 58/100 step 160 | loss 2.0142 | det 0.0000 seg 0.0000 cnt 4.5425
epoch 58/100 step 180 | loss 2.0199 | det 0.0000 seg 0.0000 cnt 2.9250
epoch 58/100 step 200 | loss 2.0575 | det 0.0000 seg 0.0000 cnt 2.8317
epoch 58/100 step 220 | loss 2.0593 | det 0.0000 seg 0.0000 cnt 2.1214
epoch 58/100 step 240 | loss 2.0190 | det 0.0000 seg 0.0000 cnt 1.3024
epoch 58/100 step 260 | loss 2.0623 | det 0.0000 seg 0.0000 cnt 7.7051
epoch 58/100 step 280 | loss 2.0655 | det 0.0000 seg 0.0000 cnt 0.6686
epoch 58/100 step 300 | loss 2.0742 | det 0.0000 seg 0.0000 cnt 2.8613
epoch 58/100 step 320 | loss 2.0569 | det 0.0000 seg 0.0000 cnt 2.5933
epoch 58/100 | train 2.0531 | val det 0.0000 seg 0.0000 miou 0.0000 cnt 2.7530 dens 8.003110e-01 mae 1.9527 total_mae 10.5470 | ap50 0.0000 | selected cnt_mae(min) 1.952685
epoch 59/100 step 20 | loss 1.8680 | det 0.0000 seg 0.0000 cnt 0.7246
epoch 59/100 step 40 | loss 1.8634 | det 0.0000 seg 0.0000 cnt 0.9086
epoch 59/100 step 60 | loss 2.0306 | det 0.0000 seg 0.0000 cnt 2.1893
epoch 59/100 step 80 | loss 1.9701 | det 0.0000 seg 0.0000 cnt 2.4149
epoch 59/100 step 100 | loss 1.9331 | det 0.0000 seg 0.0000 cnt 2.9932
epoch 59/100 step 120 | loss 1.8759 | det 0.0000 seg 0.0000 cnt 0.3107
epoch 59/100 step 140 | loss 1.8700 | det 0.0000 seg 0.0000 cnt 1.4176
epoch 59/100 step 160 | loss 1.9192 | det 0.0000 seg 0.0000 cnt 2.8765
epoch 59/100 step 180 | loss 1.9120 | det 0.0000 seg 0.0000 cnt 1.3345
epoch 59/100 step 200 | loss 1.9294 | det 0.0000 seg 0.0000 cnt 1.9396
epoch 59/100 step 220 | loss 1.9378 | det 0.0000 seg 0.0000 cnt 1.0278
epoch 59/100 step 240 | loss 1.9138 | det 0.0000 seg 0.0000 cnt 1.9235
epoch 59/100 step 260 | loss 1.9088 | det 0.0000 seg 0.0000 cnt 2.2179
epoch 59/100 step 280 | loss 1.8950 | det 0.0000 seg 0.0000 cnt 0.7457
epoch 59/100 step 300 | loss 1.9451 | det 0.0000 seg 0.0000 cnt 1.5409
epoch 59/100 step 320 | loss 1.9343 | det 0.0000 seg 0.0000 cnt 1.9101
epoch 59/100 | train 1.9317 | val det 0.0000 seg 0.0000 miou 0.0000 cnt 2.7257 dens 8.001019e-01 mae 1.9256 total_mae 8.4444 | ap50 0.0000 | selected cnt_mae(min) 1.925630
epoch 60/100 step 20 | loss 1.6559 | det 0.0000 seg 0.0000 cnt 1.8913
epoch 60/100 step 40 | loss 1.5245 | det 0.0000 seg 0.0000 cnt 0.5559
epoch 60/100 step 60 | loss 1.5878 | det 0.0000 seg 0.0000 cnt 0.5177
epoch 60/100 step 80 | loss 1.6921 | det 0.0000 seg 0.0000 cnt 1.0300
epoch 60/100 step 100 | loss 1.6831 | det 0.0000 seg 0.0000 cnt 1.2816
epoch 60/100 step 120 | loss 1.7764 | det 0.0000 seg 0.0000 cnt 4.0599
epoch 60/100 step 140 | loss 1.8515 | det 0.0000 seg 0.0000 cnt 1.5345
epoch 60/100 step 160 | loss 1.8694 | det 0.0000 seg 0.0000 cnt 0.6481
epoch 60/100 step 180 | loss 1.8657 | det 0.0000 seg 0.0000 cnt 3.0701
epoch 60/100 step 200 | loss 1.8479 | det 0.0000 seg 0.0000 cnt 0.4730
epoch 60/100 step 220 | loss 1.8262 | det 0.0000 seg 0.0000 cnt 2.7706
epoch 60/100 step 240 | loss 1.8417 | det 0.0000 seg 0.0000 cnt 1.7471
epoch 60/100 step 260 | loss 1.8436 | det 0.0000 seg 0.0000 cnt 0.8153
epoch 60/100 step 280 | loss 1.8607 | det 0.0000 seg 0.0000 cnt 1.3980
epoch 60/100 step 300 | loss 1.8411 | det 0.0000 seg 0.0000 cnt 0.4108
epoch 60/100 step 320 | loss 1.8386 | det 0.0000 seg 0.0000 cnt 1.5904
epoch 60/100 | train 1.8395 | val det 0.0000 seg 0.0000 miou 0.0000 cnt 2.6634 dens 7.993389e-01 mae 1.8641 total_mae 8.6033 | ap50 0.0000 | selected cnt_mae(min) 1.864059
[ckpt] new best cached (cnt_mae 1.864059)
epoch 61/100 step 20 | loss 1.8024 | det 0.0000 seg 0.0000 cnt 2.3386
epoch 61/100 step 40 | loss 2.0708 | det 0.0000 seg 0.0000 cnt 1.8188
epoch 61/100 step 60 | loss 2.0487 | det 0.0000 seg 0.0000 cnt 1.9376
epoch 61/100 step 80 | loss 1.9323 | det 0.0000 seg 0.0000 cnt 0.6913
epoch 61/100 step 100 | loss 1.9121 | det 0.0000 seg 0.0000 cnt 0.9496
epoch 61/100 step 120 | loss 1.9421 | det 0.0000 seg 0.0000 cnt 1.9072
epoch 61/100 step 140 | loss 1.9516 | det 0.0000 seg 0.0000 cnt 1.0205
epoch 61/100 step 160 | loss 1.8967 | det 0.0000 seg 0.0000 cnt 0.9439
epoch 61/100 step 180 | loss 1.9392 | det 0.0000 seg 0.0000 cnt 0.9663
epoch 61/100 step 200 | loss 1.9368 | det 0.0000 seg 0.0000 cnt 2.8774
epoch 61/100 step 220 | loss 1.9520 | det 0.0000 seg 0.0000 cnt 2.3686
epoch 61/100 step 240 | loss 1.9110 | det 0.0000 seg 0.0000 cnt 2.2473
epoch 61/100 step 260 | loss 1.9021 | det 0.0000 seg 0.0000 cnt 1.0286
epoch 61/100 step 280 | loss 1.9103 | det 0.0000 seg 0.0000 cnt 1.5368
epoch 61/100 step 300 | loss 1.9172 | det 0.0000 seg 0.0000 cnt 1.5650
epoch 61/100 step 320 | loss 1.9314 | det 0.0000 seg 0.0000 cnt 5.4108
epoch 61/100 | train 1.9329 | val det 0.0000 seg 0.0000 miou 0.0000 cnt 2.7650 dens 8.004094e-01 mae 1.9646 total_mae 10.0194 | ap50 0.0000 | selected cnt_mae(min) 1.964556
epoch 62/100 step 20 | loss 3.1437 | det 0.0000 seg 0.0000 cnt 1.3204
epoch 62/100 step 40 | loss 2.4631 | det 0.0000 seg 0.0000 cnt 2.1269
epoch 62/100 step 60 | loss 2.2624 | det 0.0000 seg 0.0000 cnt 1.3830
epoch 62/100 step 80 | loss 2.1565 | det 0.0000 seg 0.0000 cnt 2.1061
epoch 62/100 step 100 | loss 2.0758 | det 0.0000 seg 0.0000 cnt 1.5240
epoch 62/100 step 120 | loss 1.9875 | det 0.0000 seg 0.0000 cnt 1.3220
epoch 62/100 step 140 | loss 1.9601 | det 0.0000 seg 0.0000 cnt 1.0387
epoch 62/100 step 160 | loss 1.9782 | det 0.0000 seg 0.0000 cnt 1.2446
epoch 62/100 step 180 | loss 1.9773 | det 0.0000 seg 0.0000 cnt 0.8248
epoch 62/100 step 200 | loss 2.0307 | det 0.0000 seg 0.0000 cnt 1.5864
epoch 62/100 step 220 | loss 2.0039 | det 0.0000 seg 0.0000 cnt 2.6554
epoch 62/100 step 240 | loss 1.9966 | det 0.0000 seg 0.0000 cnt 1.0913
epoch 62/100 step 260 | loss 2.0081 | det 0.0000 seg 0.0000 cnt 1.3274
epoch 62/100 step 280 | loss 2.0074 | det 0.0000 seg 0.0000 cnt 1.4330
epoch 62/100 step 300 | loss 2.0091 | det 0.0000 seg 0.0000 cnt 2.6899
epoch 62/100 step 320 | loss 1.9865 | det 0.0000 seg 0.0000 cnt 3.4239
epoch 62/100 | train 1.9787 | val det 0.0000 seg 0.0000 miou 0.0000 cnt 2.7071 dens 7.998082e-01 mae 1.9073 total_mae 9.1502 | ap50 0.0000 | selected cnt_mae(min) 1.907261
epoch 63/100 step 20 | loss 1.7427 | det 0.0000 seg 0.0000 cnt 3.3097
epoch 63/100 step 40 | loss 1.7524 | det 0.0000 seg 0.0000 cnt 2.0228
epoch 63/100 step 60 | loss 1.8614 | det 0.0000 seg 0.0000 cnt 0.5791
epoch 63/100 step 80 | loss 1.7994 | det 0.0000 seg 0.0000 cnt 0.9444
epoch 63/100 step 100 | loss 1.8084 | det 0.0000 seg 0.0000 cnt 1.6289
epoch 63/100 step 120 | loss 1.8593 | det 0.0000 seg 0.0000 cnt 1.8979
epoch 63/100 step 140 | loss 1.9067 | det 0.0000 seg 0.0000 cnt 1.0970
epoch 63/100 step 160 | loss 1.8710 | det 0.0000 seg 0.0000 cnt 1.5629
epoch 63/100 step 180 | loss 1.8471 | det 0.0000 seg 0.0000 cnt 1.4833
epoch 63/100 step 200 | loss 1.8334 | det 0.0000 seg 0.0000 cnt 2.5620
epoch 63/100 step 220 | loss 1.8354 | det 0.0000 seg 0.0000 cnt 1.0022
epoch 63/100 step 240 | loss 1.8692 | det 0.0000 seg 0.0000 cnt 1.1325
epoch 63/100 step 260 | loss 1.8788 | det 0.0000 seg 0.0000 cnt 1.5148
epoch 63/100 step 280 | loss 1.9145 | det 0.0000 seg 0.0000 cnt 1.6983
epoch 63/100 step 300 | loss 1.9102 | det 0.0000 seg 0.0000 cnt 0.9018
epoch 63/100 step 320 | loss 1.9101 | det 0.0000 seg 0.0000 cnt 3.0146
epoch 63/100 | train 1.9061 | val det 0.0000 seg 0.0000 miou 0.0000 cnt 2.7108 dens 7.983953e-01 mae 1.9124 total_mae 8.7174 | ap50 0.0000 | selected cnt_mae(min) 1.912367
epoch 64/100 step 20 | loss 1.7657 | det 0.0000 seg 0.0000 cnt 1.6496
epoch 64/100 step 40 | loss 1.8520 | det 0.0000 seg 0.0000 cnt 2.0865
epoch 64/100 step 60 | loss 1.7510 | det 0.0000 seg 0.0000 cnt 1.4677
epoch 64/100 step 80 | loss 1.9872 | det 0.0000 seg 0.0000 cnt 5.3261
epoch 64/100 step 100 | loss 1.9013 | det 0.0000 seg 0.0000 cnt 2.0914
epoch 64/100 step 120 | loss 1.8658 | det 0.0000 seg 0.0000 cnt 0.9022
epoch 64/100 step 140 | loss 1.8452 | det 0.0000 seg 0.0000 cnt 1.0683
epoch 64/100 step 160 | loss 1.8526 | det 0.0000 seg 0.0000 cnt 1.4581
epoch 64/100 step 180 | loss 1.8322 | det 0.0000 seg 0.0000 cnt 2.2364
epoch 64/100 step 200 | loss 1.8096 | det 0.0000 seg 0.0000 cnt 2.8872
epoch 64/100 step 220 | loss 1.8001 | det 0.0000 seg 0.0000 cnt 0.9870
epoch 64/100 step 240 | loss 1.8166 | det 0.0000 seg 0.0000 cnt 5.2176
epoch 64/100 step 260 | loss 1.8303 | det 0.0000 seg 0.0000 cnt 1.7686
epoch 64/100 step 280 | loss 1.8616 | det 0.0000 seg 0.0000 cnt 1.8591
epoch 64/100 step 300 | loss 1.8990 | det 0.0000 seg 0.0000 cnt 7.6128
epoch 64/100 step 320 | loss 1.9145 | det 0.0000 seg 0.0000 cnt 3.8458
epoch 64/100 | train 1.9131 | val det 0.0000 seg 0.0000 miou 0.0000 cnt 2.8148 dens 8.031789e-01 mae 2.0116 total_mae 10.3538 | ap50 0.0000 | selected cnt_mae(min) 2.011637
epoch 65/100 step 20 | loss 1.7606 | det 0.0000 seg 0.0000 cnt 1.8432
epoch 65/100 step 40 | loss 1.6835 | det 0.0000 seg 0.0000 cnt 0.7185
epoch 65/100 step 60 | loss 1.7422 | det 0.0000 seg 0.0000 cnt 1.2258
epoch 65/100 step 80 | loss 1.7191 | det 0.0000 seg 0.0000 cnt 2.7374
epoch 65/100 step 100 | loss 1.7000 | det 0.0000 seg 0.0000 cnt 0.7352
epoch 65/100 step 120 | loss 1.6965 | det 0.0000 seg 0.0000 cnt 0.8734
epoch 65/100 step 140 | loss 1.7179 | det 0.0000 seg 0.0000 cnt 1.8467
epoch 65/100 step 160 | loss 1.7346 | det 0.0000 seg 0.0000 cnt 1.4897
epoch 65/100 step 180 | loss 1.7810 | det 0.0000 seg 0.0000 cnt 1.9129
epoch 65/100 step 200 | loss 1.7848 | det 0.0000 seg 0.0000 cnt 1.0187
epoch 65/100 step 220 | loss 1.7733 | det 0.0000 seg 0.0000 cnt 1.8789
epoch 65/100 step 240 | loss 1.7958 | det 0.0000 seg 0.0000 cnt 2.5698
epoch 65/100 step 260 | loss 1.8265 | det 0.0000 seg 0.0000 cnt 2.3316
epoch 65/100 step 280 | loss 1.8191 | det 0.0000 seg 0.0000 cnt 2.1819
epoch 65/100 step 300 | loss 1.8297 | det 0.0000 seg 0.0000 cnt 1.6195
epoch 65/100 step 320 | loss 1.8239 | det 0.0000 seg 0.0000 cnt 1.6158
epoch 65/100 | train 1.8336 | val det 0.0000 seg 0.0000 miou 0.0000 cnt 2.6834 dens 7.989255e-01 mae 1.8845 total_mae 8.5698 | ap50 0.0000 | selected cnt_mae(min) 1.884510
epoch 66/100 step 20 | loss 1.6859 | det 0.0000 seg 0.0000 cnt 1.7888
epoch 66/100 step 40 | loss 1.8128 | det 0.0000 seg 0.0000 cnt 1.4431
epoch 66/100 step 60 | loss 1.8340 | det 0.0000 seg 0.0000 cnt 2.3662
epoch 66/100 step 80 | loss 1.9108 | det 0.0000 seg 0.0000 cnt 1.0952
epoch 66/100 step 100 | loss 1.9048 | det 0.0000 seg 0.0000 cnt 1.5683
epoch 66/100 step 120 | loss 1.9228 | det 0.0000 seg 0.0000 cnt 2.3294
epoch 66/100 step 140 | loss 1.9341 | det 0.0000 seg 0.0000 cnt 1.4320
epoch 66/100 step 160 | loss 1.9649 | det 0.0000 seg 0.0000 cnt 2.5259
epoch 66/100 step 180 | loss 1.9542 | det 0.0000 seg 0.0000 cnt 1.3232
epoch 66/100 step 200 | loss 1.9153 | det 0.0000 seg 0.0000 cnt 0.8774
epoch 66/100 step 220 | loss 1.8909 | det 0.0000 seg 0.0000 cnt 4.5361
epoch 66/100 step 240 | loss 1.8988 | det 0.0000 seg 0.0000 cnt 3.7803
epoch 66/100 step 260 | loss 1.9080 | det 0.0000 seg 0.0000 cnt 2.2333
epoch 66/100 step 280 | loss 1.8912 | det 0.0000 seg 0.0000 cnt 1.9100
epoch 66/100 step 300 | loss 1.8785 | det 0.0000 seg 0.0000 cnt 1.1598
epoch 66/100 step 320 | loss 1.8993 | det 0.0000 seg 0.0000 cnt 1.3878
epoch 66/100 | train 1.8992 | val det 0.0000 seg 0.0000 miou 0.0000 cnt 2.7027 dens 7.992094e-01 mae 1.9035 total_mae 8.9954 | ap50 0.0000 | selected cnt_mae(min) 1.903509
epoch 67/100 step 20 | loss 1.5457 | det 0.0000 seg 0.0000 cnt 1.2557
epoch 67/100 step 40 | loss 1.7205 | det 0.0000 seg 0.0000 cnt 1.2444
epoch 67/100 step 60 | loss 1.7857 | det 0.0000 seg 0.0000 cnt 1.5001
epoch 67/100 step 80 | loss 1.7934 | det 0.0000 seg 0.0000 cnt 1.6503
epoch 67/100 step 100 | loss 1.8727 | det 0.0000 seg 0.0000 cnt 1.5443
epoch 67/100 step 120 | loss 1.8988 | det 0.0000 seg 0.0000 cnt 1.1603
epoch 67/100 step 140 | loss 1.9196 | det 0.0000 seg 0.0000 cnt 2.0306
epoch 67/100 step 160 | loss 1.9136 | det 0.0000 seg 0.0000 cnt 0.8895
epoch 67/100 step 180 | loss 1.9434 | det 0.0000 seg 0.0000 cnt 0.6446
epoch 67/100 step 200 | loss 2.0100 | det 0.0000 seg 0.0000 cnt 3.2498
epoch 67/100 step 220 | loss 1.9760 | det 0.0000 seg 0.0000 cnt 0.4054
epoch 67/100 step 240 | loss 1.9515 | det 0.0000 seg 0.0000 cnt 1.6952
epoch 67/100 step 260 | loss 1.9586 | det 0.0000 seg 0.0000 cnt 2.5613
epoch 67/100 step 280 | loss 1.9194 | det 0.0000 seg 0.0000 cnt 1.3642
epoch 67/100 step 300 | loss 1.9599 | det 0.0000 seg 0.0000 cnt 1.4204
epoch 67/100 step 320 | loss 1.9716 | det 0.0000 seg 0.0000 cnt 0.5083
epoch 67/100 | train 1.9730 | val det 0.0000 seg 0.0000 miou 0.0000 cnt 2.6760 dens 7.999534e-01 mae 1.8761 total_mae 8.6245 | ap50 0.0000 | selected cnt_mae(min) 1.876082
epoch 68/100 step 20 | loss 2.0369 | det 0.0000 seg 0.0000 cnt 1.4134
epoch 68/100 step 40 | loss 1.8799 | det 0.0000 seg 0.0000 cnt 1.3638
epoch 68/100 step 60 | loss 1.7973 | det 0.0000 seg 0.0000 cnt 0.5079
epoch 68/100 step 80 | loss 1.7711 | det 0.0000 seg 0.0000 cnt 4.0443
epoch 68/100 step 100 | loss 1.7235 | det 0.0000 seg 0.0000 cnt 1.3501
epoch 68/100 step 120 | loss 1.7336 | det 0.0000 seg 0.0000 cnt 0.6640
epoch 68/100 step 140 | loss 1.7707 | det 0.0000 seg 0.0000 cnt 1.9577
epoch 68/100 step 160 | loss 1.7455 | det 0.0000 seg 0.0000 cnt 2.0262
epoch 68/100 step 180 | loss 1.7541 | det 0.0000 seg 0.0000 cnt 2.4040
epoch 68/100 step 200 | loss 1.7466 | det 0.0000 seg 0.0000 cnt 1.0971
epoch 68/100 step 220 | loss 1.7846 | det 0.0000 seg 0.0000 cnt 2.7011
epoch 68/100 step 240 | loss 1.7959 | det 0.0000 seg 0.0000 cnt 1.6630
epoch 68/100 step 260 | loss 1.7958 | det 0.0000 seg 0.0000 cnt 6.1677
epoch 68/100 step 280 | loss 1.7721 | det 0.0000 seg 0.0000 cnt 2.7021
epoch 68/100 step 300 | loss 1.7674 | det 0.0000 seg 0.0000 cnt 1.5860
epoch 68/100 step 320 | loss 1.7625 | det 0.0000 seg 0.0000 cnt 1.0563
epoch 68/100 | train 1.7691 | val det 0.0000 seg 0.0000 miou 0.0000 cnt 2.6757 dens 7.983642e-01 mae 1.8773 total_mae 8.5123 | ap50 0.0000 | selected cnt_mae(min) 1.877293
epoch 69/100 step 20 | loss 1.4183 | det 0.0000 seg 0.0000 cnt 0.8703
epoch 69/100 step 40 | loss 1.6320 | det 0.0000 seg 0.0000 cnt 2.6661
epoch 69/100 step 60 | loss 1.6748 | det 0.0000 seg 0.0000 cnt 1.5429
epoch 69/100 step 80 | loss 1.6586 | det 0.0000 seg 0.0000 cnt 1.6818
epoch 69/100 step 100 | loss 1.6464 | det 0.0000 seg 0.0000 cnt 1.1722
epoch 69/100 step 120 | loss 1.7255 | det 0.0000 seg 0.0000 cnt 3.5620
epoch 69/100 step 140 | loss 1.7767 | det 0.0000 seg 0.0000 cnt 1.7783
epoch 69/100 step 160 | loss 1.7861 | det 0.0000 seg 0.0000 cnt 2.1235
epoch 69/100 step 180 | loss 1.8157 | det 0.0000 seg 0.0000 cnt 1.1006
epoch 69/100 step 200 | loss 1.8250 | det 0.0000 seg 0.0000 cnt 1.9461
epoch 69/100 step 220 | loss 1.8201 | det 0.0000 seg 0.0000 cnt 0.6277
epoch 69/100 step 240 | loss 1.8290 | det 0.0000 seg 0.0000 cnt 4.1114
epoch 69/100 step 260 | loss 1.8826 | det 0.0000 seg 0.0000 cnt 3.7744
epoch 69/100 step 280 | loss 1.8608 | det 0.0000 seg 0.0000 cnt 1.8475
epoch 69/100 step 300 | loss 1.8496 | det 0.0000 seg 0.0000 cnt 1.6143
epoch 69/100 step 320 | loss 1.8284 | det 0.0000 seg 0.0000 cnt 1.4036
epoch 69/100 | train 1.8285 | val det 0.0000 seg 0.0000 miou 0.0000 cnt 2.7261 dens 7.989552e-01 mae 1.9272 total_mae 9.3258 | ap50 0.0000 | selected cnt_mae(min) 1.927170
epoch 70/100 step 20 | loss 1.6127 | det 0.0000 seg 0.0000 cnt 1.4682
epoch 70/100 step 40 | loss 1.7461 | det 0.0000 seg 0.0000 cnt 1.3357
epoch 70/100 step 60 | loss 1.7145 | det 0.0000 seg 0.0000 cnt 0.7473
epoch 70/100 step 80 | loss 1.7585 | det 0.0000 seg 0.0000 cnt 2.8478
epoch 70/100 step 100 | loss 1.9042 | det 0.0000 seg 0.0000 cnt 12.1431
epoch 70/100 step 120 | loss 1.8562 | det 0.0000 seg 0.0000 cnt 1.2118
epoch 70/100 step 140 | loss 1.8557 | det 0.0000 seg 0.0000 cnt 2.1027
epoch 70/100 step 160 | loss 1.8498 | det 0.0000 seg 0.0000 cnt 1.0442
epoch 70/100 step 180 | loss 1.8317 | det 0.0000 seg 0.0000 cnt 1.3567
epoch 70/100 step 200 | loss 1.8430 | det 0.0000 seg 0.0000 cnt 3.3680
epoch 70/100 step 220 | loss 1.8605 | det 0.0000 seg 0.0000 cnt 1.3256
epoch 70/100 step 240 | loss 1.8565 | det 0.0000 seg 0.0000 cnt 0.5941
epoch 70/100 step 260 | loss 1.8671 | det 0.0000 seg 0.0000 cnt 3.1082
epoch 70/100 step 280 | loss 1.8836 | det 0.0000 seg 0.0000 cnt 1.2944
epoch 70/100 step 300 | loss 1.8714 | det 0.0000 seg 0.0000 cnt 3.3461
epoch 70/100 step 320 | loss 1.8655 | det 0.0000 seg 0.0000 cnt 3.0694
epoch 70/100 | train 1.8652 | val det 0.0000 seg 0.0000 miou 0.0000 cnt 2.6914 dens 7.982868e-01 mae 1.8931 total_mae 8.4375 | ap50 0.0000 | selected cnt_mae(min) 1.893126
epoch 71/100 step 20 | loss 2.1532 | det 0.0000 seg 0.0000 cnt 0.6817
epoch 71/100 step 40 | loss 2.2787 | det 0.0000 seg 0.0000 cnt 2.8909
epoch 71/100 step 60 | loss 2.1645 | det 0.0000 seg 0.0000 cnt 2.2578
epoch 71/100 step 80 | loss 2.0698 | det 0.0000 seg 0.0000 cnt 0.9516
epoch 71/100 step 100 | loss 2.1089 | det 0.0000 seg 0.0000 cnt 1.1205
epoch 71/100 step 120 | loss 1.9943 | det 0.0000 seg 0.0000 cnt 0.6980
epoch 71/100 step 140 | loss 1.9402 | det 0.0000 seg 0.0000 cnt 1.9656
epoch 71/100 step 160 | loss 1.9155 | det 0.0000 seg 0.0000 cnt 1.2225
epoch 71/100 step 180 | loss 1.9199 | det 0.0000 seg 0.0000 cnt 1.9996
epoch 71/100 step 200 | loss 1.9994 | det 0.0000 seg 0.0000 cnt 1.3193
epoch 71/100 step 220 | loss 1.9647 | det 0.0000 seg 0.0000 cnt 0.5274
epoch 71/100 step 240 | loss 1.9493 | det 0.0000 seg 0.0000 cnt 1.5471
epoch 71/100 step 260 | loss 1.9392 | det 0.0000 seg 0.0000 cnt 1.2154
epoch 71/100 step 280 | loss 1.9034 | det 0.0000 seg 0.0000 cnt 0.9119
epoch 71/100 step 300 | loss 1.8761 | det 0.0000 seg 0.0000 cnt 1.2629
epoch 71/100 step 320 | loss 1.8732 | det 0.0000 seg 0.0000 cnt 2.0728
epoch 71/100 | train 1.8721 | val det 0.0000 seg 0.0000 miou 0.0000 cnt 2.7012 dens 7.983310e-01 mae 1.9028 total_mae 8.7427 | ap50 0.0000 | selected cnt_mae(min) 1.902825
epoch 72/100 step 20 | loss 1.5257 | det 0.0000 seg 0.0000 cnt 1.4734
epoch 72/100 step 40 | loss 1.6669 | det 0.0000 seg 0.0000 cnt 2.1381
epoch 72/100 step 60 | loss 1.5850 | det 0.0000 seg 0.0000 cnt 0.9957
epoch 72/100 step 80 | loss 1.7391 | det 0.0000 seg 0.0000 cnt 1.9839
epoch 72/100 step 100 | loss 1.7749 | det 0.0000 seg 0.0000 cnt 1.2996
epoch 72/100 step 120 | loss 1.7505 | det 0.0000 seg 0.0000 cnt 1.6002
epoch 72/100 step 140 | loss 1.7575 | det 0.0000 seg 0.0000 cnt 3.1563
epoch 72/100 step 160 | loss 1.7397 | det 0.0000 seg 0.0000 cnt 1.9517
epoch 72/100 step 180 | loss 1.7315 | det 0.0000 seg 0.0000 cnt 1.7287
epoch 72/100 step 200 | loss 1.7509 | det 0.0000 seg 0.0000 cnt 1.1049
epoch 72/100 step 220 | loss 1.7324 | det 0.0000 seg 0.0000 cnt 1.1460
epoch 72/100 step 240 | loss 1.7334 | det 0.0000 seg 0.0000 cnt 0.9503
epoch 72/100 step 260 | loss 1.7361 | det 0.0000 seg 0.0000 cnt 0.2622
epoch 72/100 step 280 | loss 1.7370 | det 0.0000 seg 0.0000 cnt 0.3592
epoch 72/100 step 300 | loss 1.7604 | det 0.0000 seg 0.0000 cnt 1.2909
epoch 72/100 step 320 | loss 1.7849 | det 0.0000 seg 0.0000 cnt 2.0007
epoch 72/100 | train 1.7933 | val det 0.0000 seg 0.0000 miou 0.0000 cnt 2.6733 dens 7.980567e-01 mae 1.8752 total_mae 8.9460 | ap50 0.0000 | selected cnt_mae(min) 1.875212
epoch 73/100 step 20 | loss 1.6958 | det 0.0000 seg 0.0000 cnt 0.8527
epoch 73/100 step 40 | loss 1.4955 | det 0.0000 seg 0.0000 cnt 1.5611
epoch 73/100 step 60 | loss 1.6470 | det 0.0000 seg 0.0000 cnt 1.7487
epoch 73/100 step 80 | loss 1.6521 | det 0.0000 seg 0.0000 cnt 2.2143
epoch 73/100 step 100 | loss 1.5812 | det 0.0000 seg 0.0000 cnt 1.6550
epoch 73/100 step 120 | loss 1.6064 | det 0.0000 seg 0.0000 cnt 0.9241
epoch 73/100 step 140 | loss 1.7313 | det 0.0000 seg 0.0000 cnt 1.4131
epoch 73/100 step 160 | loss 1.6989 | det 0.0000 seg 0.0000 cnt 1.4569
epoch 73/100 step 180 | loss 1.7062 | det 0.0000 seg 0.0000 cnt 2.3444
epoch 73/100 step 200 | loss 1.7309 | det 0.0000 seg 0.0000 cnt 1.1381
epoch 73/100 step 220 | loss 1.7574 | det 0.0000 seg 0.0000 cnt 1.7898
epoch 73/100 step 240 | loss 1.7604 | det 0.0000 seg 0.0000 cnt 1.3574
epoch 73/100 step 260 | loss 1.7598 | det 0.0000 seg 0.0000 cnt 1.8862
epoch 73/100 step 280 | loss 1.7620 | det 0.0000 seg 0.0000 cnt 2.0110
epoch 73/100 step 300 | loss 1.7485 | det 0.0000 seg 0.0000 cnt 1.6572
epoch 73/100 step 320 | loss 1.7698 | det 0.0000 seg 0.0000 cnt 1.0569
epoch 73/100 | train 1.7732 | val det 0.0000 seg 0.0000 miou 0.0000 cnt 2.6684 dens 7.970377e-01 mae 1.8713 total_mae 8.3605 | ap50 0.0000 | selected cnt_mae(min) 1.871341
epoch 74/100 step 20 | loss 1.5299 | det 0.0000 seg 0.0000 cnt 1.2602
epoch 74/100 step 40 | loss 1.5327 | det 0.0000 seg 0.0000 cnt 1.4155
epoch 74/100 step 60 | loss 1.6348 | det 0.0000 seg 0.0000 cnt 1.2897
epoch 74/100 step 80 | loss 1.7112 | det 0.0000 seg 0.0000 cnt 1.5681
epoch 74/100 step 100 | loss 1.6382 | det 0.0000 seg 0.0000 cnt 1.5215
epoch 74/100 step 120 | loss 1.6633 | det 0.0000 seg 0.0000 cnt 1.5548
epoch 74/100 step 140 | loss 1.6570 | det 0.0000 seg 0.0000 cnt 1.3858
epoch 74/100 step 160 | loss 1.7174 | det 0.0000 seg 0.0000 cnt 1.9522
epoch 74/100 step 180 | loss 1.7272 | det 0.0000 seg 0.0000 cnt 0.6960
epoch 74/100 step 200 | loss 1.7309 | det 0.0000 seg 0.0000 cnt 2.0765
epoch 74/100 step 220 | loss 1.7784 | det 0.0000 seg 0.0000 cnt 1.0581
epoch 74/100 step 240 | loss 1.7803 | det 0.0000 seg 0.0000 cnt 1.5104
epoch 74/100 step 260 | loss 1.8375 | det 0.0000 seg 0.0000 cnt 2.4831
epoch 74/100 step 280 | loss 1.8427 | det 0.0000 seg 0.0000 cnt 1.5468
epoch 74/100 step 300 | loss 1.8327 | det 0.0000 seg 0.0000 cnt 1.3686
epoch 74/100 step 320 | loss 1.8357 | det 0.0000 seg 0.0000 cnt 0.7357
epoch 74/100 | train 1.8353 | val det 0.0000 seg 0.0000 miou 0.0000 cnt 2.6521 dens 7.969252e-01 mae 1.8552 total_mae 8.2491 | ap50 0.0000 | selected cnt_mae(min) 1.855177
[ckpt] new best cached (cnt_mae 1.855177)
epoch 75/100 step 20 | loss 1.6204 | det 0.0000 seg 0.0000 cnt 2.4507
epoch 75/100 step 40 | loss 1.6507 | det 0.0000 seg 0.0000 cnt 0.9897
epoch 75/100 step 60 | loss 1.7952 | det 0.0000 seg 0.0000 cnt 2.2302
epoch 75/100 step 80 | loss 1.7562 | det 0.0000 seg 0.0000 cnt 3.8760
epoch 75/100 step 100 | loss 1.7270 | det 0.0000 seg 0.0000 cnt 1.4999
epoch 75/100 step 120 | loss 1.7050 | det 0.0000 seg 0.0000 cnt 2.1075
epoch 75/100 step 140 | loss 1.6796 | det 0.0000 seg 0.0000 cnt 0.5670
epoch 75/100 step 160 | loss 1.6571 | det 0.0000 seg 0.0000 cnt 2.2106
epoch 75/100 step 180 | loss 1.6480 | det 0.0000 seg 0.0000 cnt 2.6119
epoch 75/100 step 200 | loss 1.6505 | det 0.0000 seg 0.0000 cnt 1.0928
epoch 75/100 step 220 | loss 1.6897 | det 0.0000 seg 0.0000 cnt 2.3078
epoch 75/100 step 240 | loss 1.7001 | det 0.0000 seg 0.0000 cnt 1.8096
epoch 75/100 step 260 | loss 1.6909 | det 0.0000 seg 0.0000 cnt 2.6814
epoch 75/100 step 280 | loss 1.7070 | det 0.0000 seg 0.0000 cnt 1.2013
epoch 75/100 step 300 | loss 1.6908 | det 0.0000 seg 0.0000 cnt 1.7800
epoch 75/100 step 320 | loss 1.7302 | det 0.0000 seg 0.0000 cnt 3.5503
epoch 75/100 | train 1.7251 | val det 0.0000 seg 0.0000 miou 0.0000 cnt 2.6714 dens 7.966478e-01 mae 1.8747 total_mae 8.3564 | ap50 0.0000 | selected cnt_mae(min) 1.874738
epoch 76/100 step 20 | loss 1.7962 | det 0.0000 seg 0.0000 cnt 2.8979
epoch 76/100 step 40 | loss 1.7968 | det 0.0000 seg 0.0000 cnt 1.0174
epoch 76/100 step 60 | loss 1.7049 | det 0.0000 seg 0.0000 cnt 1.2208
epoch 76/100 step 80 | loss 1.6963 | det 0.0000 seg 0.0000 cnt 1.2793
epoch 76/100 step 100 | loss 1.7053 | det 0.0000 seg 0.0000 cnt 1.3655
epoch 76/100 step 120 | loss 1.6546 | det 0.0000 seg 0.0000 cnt 0.9540
epoch 76/100 step 140 | loss 1.7033 | det 0.0000 seg 0.0000 cnt 1.3023
epoch 76/100 step 160 | loss 1.7380 | det 0.0000 seg 0.0000 cnt 2.2716
epoch 76/100 step 180 | loss 1.7557 | det 0.0000 seg 0.0000 cnt 3.3600
epoch 76/100 step 200 | loss 1.7700 | det 0.0000 seg 0.0000 cnt 2.1868
epoch 76/100 step 220 | loss 1.7630 | det 0.0000 seg 0.0000 cnt 0.8124
epoch 76/100 step 240 | loss 1.7601 | det 0.0000 seg 0.0000 cnt 0.4135
epoch 76/100 step 260 | loss 1.7899 | det 0.0000 seg 0.0000 cnt 2.5868
epoch 76/100 step 280 | loss 1.8090 | det 0.0000 seg 0.0000 cnt 2.2514
epoch 76/100 step 300 | loss 1.8152 | det 0.0000 seg 0.0000 cnt 3.9381
epoch 76/100 step 320 | loss 1.8071 | det 0.0000 seg 0.0000 cnt 0.6512
epoch 76/100 | train 1.8008 | val det 0.0000 seg 0.0000 miou 0.0000 cnt 2.6795 dens 7.978098e-01 mae 1.8817 total_mae 8.6174 | ap50 0.0000 | selected cnt_mae(min) 1.881650
epoch 77/100 step 20 | loss 1.5295 | det 0.0000 seg 0.0000 cnt 1.7846
epoch 77/100 step 40 | loss 2.3588 | det 0.0000 seg 0.0000 cnt 1.0877
epoch 77/100 step 60 | loss 2.1259 | det 0.0000 seg 0.0000 cnt 1.3181
epoch 77/100 step 80 | loss 2.0263 | det 0.0000 seg 0.0000 cnt 0.9009
epoch 77/100 step 100 | loss 1.8934 | det 0.0000 seg 0.0000 cnt 0.9771
epoch 77/100 step 120 | loss 1.8589 | det 0.0000 seg 0.0000 cnt 0.9103
epoch 77/100 step 140 | loss 1.8435 | det 0.0000 seg 0.0000 cnt 1.9707
epoch 77/100 step 160 | loss 1.8152 | det 0.0000 seg 0.0000 cnt 3.2243
epoch 77/100 step 180 | loss 1.8329 | det 0.0000 seg 0.0000 cnt 1.7247
epoch 77/100 step 200 | loss 1.8498 | det 0.0000 seg 0.0000 cnt 1.3950
epoch 77/100 step 220 | loss 1.8587 | det 0.0000 seg 0.0000 cnt 1.3598
epoch 77/100 step 240 | loss 1.8424 | det 0.0000 seg 0.0000 cnt 1.9724
epoch 77/100 step 260 | loss 1.8312 | det 0.0000 seg 0.0000 cnt 1.4993
epoch 77/100 step 280 | loss 1.8035 | det 0.0000 seg 0.0000 cnt 0.8613
epoch 77/100 step 300 | loss 1.8449 | det 0.0000 seg 0.0000 cnt 1.8817
epoch 77/100 step 320 | loss 1.8328 | det 0.0000 seg 0.0000 cnt 2.0694
epoch 77/100 | train 1.8238 | val det 0.0000 seg 0.0000 miou 0.0000 cnt 2.6657 dens 7.976200e-01 mae 1.8681 total_mae 8.5099 | ap50 0.0000 | selected cnt_mae(min) 1.868100
epoch 78/100 step 20 | loss 1.6644 | det 0.0000 seg 0.0000 cnt 2.0126
epoch 78/100 step 40 | loss 1.6159 | det 0.0000 seg 0.0000 cnt 1.5140
epoch 78/100 step 60 | loss 1.6468 | det 0.0000 seg 0.0000 cnt 1.3773
epoch 78/100 step 80 | loss 1.6887 | det 0.0000 seg 0.0000 cnt 0.4159
epoch 78/100 step 100 | loss 1.7303 | det 0.0000 seg 0.0000 cnt 4.5365
epoch 78/100 step 120 | loss 1.7401 | det 0.0000 seg 0.0000 cnt 0.4759
epoch 78/100 step 140 | loss 1.6982 | det 0.0000 seg 0.0000 cnt 1.9139
epoch 78/100 step 160 | loss 1.7536 | det 0.0000 seg 0.0000 cnt 1.5822
epoch 78/100 step 180 | loss 1.7875 | det 0.0000 seg 0.0000 cnt 2.3152
epoch 78/100 step 200 | loss 1.7721 | det 0.0000 seg 0.0000 cnt 1.4585
epoch 78/100 step 220 | loss 1.7291 | det 0.0000 seg 0.0000 cnt 0.4290
epoch 78/100 step 240 | loss 1.7358 | det 0.0000 seg 0.0000 cnt 2.5185
epoch 78/100 step 260 | loss 1.7190 | det 0.0000 seg 0.0000 cnt 1.0203
epoch 78/100 step 280 | loss 1.7552 | det 0.0000 seg 0.0000 cnt 2.5139
epoch 78/100 step 300 | loss 1.7567 | det 0.0000 seg 0.0000 cnt 1.3716
epoch 78/100 step 320 | loss 1.7485 | det 0.0000 seg 0.0000 cnt 1.3547
epoch 78/100 | train 1.7459 | val det 0.0000 seg 0.0000 miou 0.0000 cnt 2.7095 dens 7.972795e-01 mae 1.9122 total_mae 8.3419 | ap50 0.0000 | selected cnt_mae(min) 1.912220
epoch 79/100 step 20 | loss 1.5119 | det 0.0000 seg 0.0000 cnt 2.5073
epoch 79/100 step 40 | loss 1.5003 | det 0.0000 seg 0.0000 cnt 2.1436
epoch 79/100 step 60 | loss 1.5344 | det 0.0000 seg 0.0000 cnt 3.1816
epoch 79/100 step 80 | loss 1.6036 | det 0.0000 seg 0.0000 cnt 2.7216
epoch 79/100 step 100 | loss 1.5831 | det 0.0000 seg 0.0000 cnt 2.1306
epoch 79/100 step 120 | loss 1.6170 | det 0.0000 seg 0.0000 cnt 1.1094
epoch 79/100 step 140 | loss 1.6507 | det 0.0000 seg 0.0000 cnt 2.3887
epoch 79/100 step 160 | loss 1.6786 | det 0.0000 seg 0.0000 cnt 9.8165
epoch 79/100 step 180 | loss 1.6804 | det 0.0000 seg 0.0000 cnt 0.8685
epoch 79/100 step 200 | loss 1.7056 | det 0.0000 seg 0.0000 cnt 1.1467
epoch 79/100 step 220 | loss 1.7252 | det 0.0000 seg 0.0000 cnt 2.6173
epoch 79/100 step 240 | loss 1.7265 | det 0.0000 seg 0.0000 cnt 1.2332
epoch 79/100 step 260 | loss 1.7193 | det 0.0000 seg 0.0000 cnt 2.5861
epoch 79/100 step 280 | loss 1.7007 | det 0.0000 seg 0.0000 cnt 1.6221
epoch 79/100 step 300 | loss 1.6931 | det 0.0000 seg 0.0000 cnt 2.1012
epoch 79/100 step 320 | loss 1.6799 | det 0.0000 seg 0.0000 cnt 1.5122
epoch 79/100 | train 1.6743 | val det 0.0000 seg 0.0000 miou 0.0000 cnt 2.7019 dens 7.987532e-01 mae 1.9031 total_mae 9.2667 | ap50 0.0000 | selected cnt_mae(min) 1.903102
epoch 80/100 step 20 | loss 2.9979 | det 0.0000 seg 0.0000 cnt 4.9827
epoch 80/100 step 40 | loss 2.2496 | det 0.0000 seg 0.0000 cnt 1.7663
epoch 80/100 step 60 | loss 2.1484 | det 0.0000 seg 0.0000 cnt 1.7768
epoch 80/100 step 80 | loss 2.0950 | det 0.0000 seg 0.0000 cnt 2.5780
epoch 80/100 step 100 | loss 2.0336 | det 0.0000 seg 0.0000 cnt 1.2142
epoch 80/100 step 120 | loss 1.9804 | det 0.0000 seg 0.0000 cnt 5.1883
epoch 80/100 step 140 | loss 2.0121 | det 0.0000 seg 0.0000 cnt 3.8062
epoch 80/100 step 160 | loss 1.9693 | det 0.0000 seg 0.0000 cnt 0.9498
epoch 80/100 step 180 | loss 1.9115 | det 0.0000 seg 0.0000 cnt 1.7101
epoch 80/100 step 200 | loss 1.9012 | det 0.0000 seg 0.0000 cnt 0.6560
epoch 80/100 step 220 | loss 1.8775 | det 0.0000 seg 0.0000 cnt 2.0609
epoch 80/100 step 240 | loss 1.8781 | det 0.0000 seg 0.0000 cnt 2.1749
epoch 80/100 step 260 | loss 1.8545 | det 0.0000 seg 0.0000 cnt 1.6310
epoch 80/100 step 280 | loss 1.8715 | det 0.0000 seg 0.0000 cnt 0.8771
epoch 80/100 step 300 | loss 1.8900 | det 0.0000 seg 0.0000 cnt 1.6349
epoch 80/100 step 320 | loss 1.8604 | det 0.0000 seg 0.0000 cnt 0.7544
epoch 80/100 | train 1.8612 | val det 0.0000 seg 0.0000 miou 0.0000 cnt 2.6803 dens 7.996356e-01 mae 1.8806 total_mae 9.0218 | ap50 0.0000 | selected cnt_mae(min) 1.880637
epoch 81/100 step 20 | loss 1.8306 | det 0.0000 seg 0.0000 cnt 2.3065
epoch 81/100 step 40 | loss 1.7120 | det 0.0000 seg 0.0000 cnt 1.7562
epoch 81/100 step 60 | loss 1.7642 | det 0.0000 seg 0.0000 cnt 2.6294
epoch 81/100 step 80 | loss 1.7961 | det 0.0000 seg 0.0000 cnt 2.9901
epoch 81/100 step 100 | loss 1.7789 | det 0.0000 seg 0.0000 cnt 1.7341
epoch 81/100 step 120 | loss 1.7903 | det 0.0000 seg 0.0000 cnt 1.1476
epoch 81/100 step 140 | loss 1.7782 | det 0.0000 seg 0.0000 cnt 4.6912
epoch 81/100 step 160 | loss 1.7418 | det 0.0000 seg 0.0000 cnt 2.0330
epoch 81/100 step 180 | loss 1.7176 | det 0.0000 seg 0.0000 cnt 1.1708
epoch 81/100 step 200 | loss 1.7193 | det 0.0000 seg 0.0000 cnt 3.8739
epoch 81/100 step 220 | loss 1.7355 | det 0.0000 seg 0.0000 cnt 2.0130
epoch 81/100 step 240 | loss 1.7583 | det 0.0000 seg 0.0000 cnt 1.4734
epoch 81/100 step 260 | loss 1.7629 | det 0.0000 seg 0.0000 cnt 2.2014
epoch 81/100 step 280 | loss 1.7517 | det 0.0000 seg 0.0000 cnt 0.8127
epoch 81/100 step 300 | loss 1.7449 | det 0.0000 seg 0.0000 cnt 1.0126
epoch 81/100 step 320 | loss 1.8102 | det 0.0000 seg 0.0000 cnt 4.7323
epoch 81/100 | train 1.8072 | val det 0.0000 seg 0.0000 miou 0.0000 cnt 2.6939 dens 7.991238e-01 mae 1.8948 total_mae 9.4744 | ap50 0.0000 | selected cnt_mae(min) 1.894783
epoch 82/100 step 20 | loss 1.6758 | det 0.0000 seg 0.0000 cnt 0.9595
epoch 82/100 step 40 | loss 1.4744 | det 0.0000 seg 0.0000 cnt 1.9769
epoch 82/100 step 60 | loss 1.4779 | det 0.0000 seg 0.0000 cnt 1.6489
epoch 82/100 step 80 | loss 1.5258 | det 0.0000 seg 0.0000 cnt 4.6240
epoch 82/100 step 100 | loss 1.5418 | det 0.0000 seg 0.0000 cnt 0.7312
epoch 82/100 step 120 | loss 1.5704 | det 0.0000 seg 0.0000 cnt 0.7750
epoch 82/100 step 140 | loss 1.6210 | det 0.0000 seg 0.0000 cnt 1.7655
epoch 82/100 step 160 | loss 1.6261 | det 0.0000 seg 0.0000 cnt 1.5881
epoch 82/100 step 180 | loss 1.6367 | det 0.0000 seg 0.0000 cnt 2.3690
epoch 82/100 step 200 | loss 1.6402 | det 0.0000 seg 0.0000 cnt 1.1264
epoch 82/100 step 220 | loss 1.6167 | det 0.0000 seg 0.0000 cnt 2.0111
epoch 82/100 step 240 | loss 1.6037 | det 0.0000 seg 0.0000 cnt 3.2892
epoch 82/100 step 260 | loss 1.5938 | det 0.0000 seg 0.0000 cnt 1.8040
epoch 82/100 step 280 | loss 1.5947 | det 0.0000 seg 0.0000 cnt 1.2593
epoch 82/100 step 300 | loss 1.6248 | det 0.0000 seg 0.0000 cnt 1.5595
epoch 82/100 step 320 | loss 1.6129 | det 0.0000 seg 0.0000 cnt 2.1735
epoch 82/100 | train 1.6092 | val det 0.0000 seg 0.0000 miou 0.0000 cnt 2.6812 dens 7.978877e-01 mae 1.8833 total_mae 8.4667 | ap50 0.0000 | selected cnt_mae(min) 1.883343
epoch 83/100 step 20 | loss 1.7913 | det 0.0000 seg 0.0000 cnt 1.4722
epoch 83/100 step 40 | loss 1.6484 | det 0.0000 seg 0.0000 cnt 3.0745
epoch 83/100 step 60 | loss 1.6475 | det 0.0000 seg 0.0000 cnt 0.7777
epoch 83/100 step 80 | loss 1.6199 | det 0.0000 seg 0.0000 cnt 1.2151
epoch 83/100 step 100 | loss 1.7024 | det 0.0000 seg 0.0000 cnt 3.8234
epoch 83/100 step 120 | loss 1.6478 | det 0.0000 seg 0.0000 cnt 1.2929
epoch 83/100 step 140 | loss 1.6460 | det 0.0000 seg 0.0000 cnt 0.9254
epoch 83/100 step 160 | loss 1.6382 | det 0.0000 seg 0.0000 cnt 1.5248
epoch 83/100 step 180 | loss 1.6140 | det 0.0000 seg 0.0000 cnt 0.9170
epoch 83/100 step 200 | loss 1.6537 | det 0.0000 seg 0.0000 cnt 2.6972
epoch 83/100 step 220 | loss 1.6388 | det 0.0000 seg 0.0000 cnt 1.6763
epoch 83/100 step 240 | loss 1.6373 | det 0.0000 seg 0.0000 cnt 0.4170
epoch 83/100 step 260 | loss 1.6673 | det 0.0000 seg 0.0000 cnt 2.8663
epoch 83/100 step 280 | loss 1.6584 | det 0.0000 seg 0.0000 cnt 1.4474
epoch 83/100 step 300 | loss 1.6587 | det 0.0000 seg 0.0000 cnt 0.8595
epoch 83/100 step 320 | loss 1.6653 | det 0.0000 seg 0.0000 cnt 1.7209
epoch 83/100 | train 1.6673 | val det 0.0000 seg 0.0000 miou 0.0000 cnt 2.6465 dens 7.975597e-01 mae 1.8489 total_mae 8.5143 | ap50 0.0000 | selected cnt_mae(min) 1.848912
[ckpt] new best cached (cnt_mae 1.848912)
epoch 84/100 step 20 | loss 1.5311 | det 0.0000 seg 0.0000 cnt 3.1318
epoch 84/100 step 40 | loss 1.4196 | det 0.0000 seg 0.0000 cnt 1.5638
epoch 84/100 step 60 | loss 1.4019 | det 0.0000 seg 0.0000 cnt 1.4615
epoch 84/100 step 80 | loss 1.4054 | det 0.0000 seg 0.0000 cnt 1.4744
epoch 84/100 step 100 | loss 1.4554 | det 0.0000 seg 0.0000 cnt 0.6131
epoch 84/100 step 120 | loss 1.5715 | det 0.0000 seg 0.0000 cnt 1.5495
epoch 84/100 step 140 | loss 1.5907 | det 0.0000 seg 0.0000 cnt 1.1922
epoch 84/100 step 160 | loss 1.5803 | det 0.0000 seg 0.0000 cnt 1.5039
epoch 84/100 step 180 | loss 1.5657 | det 0.0000 seg 0.0000 cnt 2.1267
epoch 84/100 step 200 | loss 1.6061 | det 0.0000 seg 0.0000 cnt 1.3573
epoch 84/100 step 220 | loss 1.6093 | det 0.0000 seg 0.0000 cnt 1.3433
epoch 84/100 step 240 | loss 1.5925 | det 0.0000 seg 0.0000 cnt 1.1269
epoch 84/100 step 260 | loss 1.6146 | det 0.0000 seg 0.0000 cnt 2.3689
epoch 84/100 step 280 | loss 1.6169 | det 0.0000 seg 0.0000 cnt 0.9188
epoch 84/100 step 300 | loss 1.6248 | det 0.0000 seg 0.0000 cnt 2.3291
epoch 84/100 step 320 | loss 1.6187 | det 0.0000 seg 0.0000 cnt 3.5917
epoch 84/100 | train 1.6198 | val det 0.0000 seg 0.0000 miou 0.0000 cnt 2.6700 dens 7.981828e-01 mae 1.8718 total_mae 8.8279 | ap50 0.0000 | selected cnt_mae(min) 1.871771
epoch 85/100 step 20 | loss 1.6358 | det 0.0000 seg 0.0000 cnt 2.4670
epoch 85/100 step 40 | loss 1.6358 | det 0.0000 seg 0.0000 cnt 6.0433
epoch 85/100 step 60 | loss 1.6894 | det 0.0000 seg 0.0000 cnt 1.3825
epoch 85/100 step 80 | loss 1.6105 | det 0.0000 seg 0.0000 cnt 1.0603
epoch 85/100 step 100 | loss 1.6160 | det 0.0000 seg 0.0000 cnt 1.0251
epoch 85/100 step 120 | loss 1.6175 | det 0.0000 seg 0.0000 cnt 1.3768
epoch 85/100 step 140 | loss 1.5991 | det 0.0000 seg 0.0000 cnt 5.2581
epoch 85/100 step 160 | loss 1.5792 | det 0.0000 seg 0.0000 cnt 1.3317
epoch 85/100 step 180 | loss 1.6360 | det 0.0000 seg 0.0000 cnt 1.9084
epoch 85/100 step 200 | loss 1.5964 | det 0.0000 seg 0.0000 cnt 1.8057
epoch 85/100 step 220 | loss 1.6133 | det 0.0000 seg 0.0000 cnt 1.5346
epoch 85/100 step 240 | loss 1.6164 | det 0.0000 seg 0.0000 cnt 1.5561
epoch 85/100 step 260 | loss 1.6146 | det 0.0000 seg 0.0000 cnt 1.3285
epoch 85/100 step 280 | loss 1.6026 | det 0.0000 seg 0.0000 cnt 0.8950
epoch 85/100 step 300 | loss 1.6237 | det 0.0000 seg 0.0000 cnt 0.5658
epoch 85/100 step 320 | loss 1.6439 | det 0.0000 seg 0.0000 cnt 0.9822
epoch 85/100 | train 1.6503 | val det 0.0000 seg 0.0000 miou 0.0000 cnt 2.6847 dens 7.968275e-01 mae 1.8878 total_mae 8.2825 | ap50 0.0000 | selected cnt_mae(min) 1.887830
epoch 86/100 step 20 | loss 1.2770 | det 0.0000 seg 0.0000 cnt 1.8023
epoch 86/100 step 40 | loss 1.4097 | det 0.0000 seg 0.0000 cnt 1.4839
epoch 86/100 step 60 | loss 1.5748 | det 0.0000 seg 0.0000 cnt 1.1874
epoch 86/100 step 80 | loss 1.6288 | det 0.0000 seg 0.0000 cnt 1.5540
epoch 86/100 step 100 | loss 1.6680 | det 0.0000 seg 0.0000 cnt 1.1598
epoch 86/100 step 120 | loss 1.6771 | det 0.0000 seg 0.0000 cnt 1.0611
epoch 86/100 step 140 | loss 1.7577 | det 0.0000 seg 0.0000 cnt 2.5678
epoch 86/100 step 160 | loss 1.7312 | det 0.0000 seg 0.0000 cnt 2.9067
epoch 86/100 step 180 | loss 1.7226 | det 0.0000 seg 0.0000 cnt 2.3736
epoch 86/100 step 200 | loss 1.7033 | det 0.0000 seg 0.0000 cnt 1.1433
epoch 86/100 step 220 | loss 1.7211 | det 0.0000 seg 0.0000 cnt 1.2122
epoch 86/100 step 240 | loss 1.7106 | det 0.0000 seg 0.0000 cnt 1.0924
epoch 86/100 step 260 | loss 1.7157 | det 0.0000 seg 0.0000 cnt 0.8915
epoch 86/100 step 280 | loss 1.6927 | det 0.0000 seg 0.0000 cnt 1.1415
epoch 86/100 step 300 | loss 1.7126 | det 0.0000 seg 0.0000 cnt 1.1407
epoch 86/100 step 320 | loss 1.7098 | det 0.0000 seg 0.0000 cnt 2.3202
epoch 86/100 | train 1.7152 | val det 0.0000 seg 0.0000 miou 0.0000 cnt 2.6573 dens 7.958937e-01 mae 1.8614 total_mae 8.7371 | ap50 0.0000 | selected cnt_mae(min) 1.861390
epoch 87/100 step 20 | loss 1.6722 | det 0.0000 seg 0.0000 cnt 1.8111
epoch 87/100 step 40 | loss 1.8537 | det 0.0000 seg 0.0000 cnt 3.0390
epoch 87/100 step 60 | loss 1.8577 | det 0.0000 seg 0.0000 cnt 2.4725
epoch 87/100 step 80 | loss 1.8908 | det 0.0000 seg 0.0000 cnt 4.1879
epoch 87/100 step 100 | loss 1.8510 | det 0.0000 seg 0.0000 cnt 1.9281
epoch 87/100 step 120 | loss 1.7869 | det 0.0000 seg 0.0000 cnt 1.8092
epoch 87/100 step 140 | loss 1.7472 | det 0.0000 seg 0.0000 cnt 1.0126
epoch 87/100 step 160 | loss 1.7569 | det 0.0000 seg 0.0000 cnt 1.2893
epoch 87/100 step 180 | loss 1.7668 | det 0.0000 seg 0.0000 cnt 1.8111
epoch 87/100 step 200 | loss 1.7567 | det 0.0000 seg 0.0000 cnt 1.3739
epoch 87/100 step 220 | loss 1.7634 | det 0.0000 seg 0.0000 cnt 2.4529
epoch 87/100 step 240 | loss 1.8412 | det 0.0000 seg 0.0000 cnt 0.5647
epoch 87/100 step 260 | loss 1.8208 | det 0.0000 seg 0.0000 cnt 1.0942
epoch 87/100 step 280 | loss 1.8255 | det 0.0000 seg 0.0000 cnt 1.2284
epoch 87/100 step 300 | loss 1.8062 | det 0.0000 seg 0.0000 cnt 1.1022
epoch 87/100 step 320 | loss 1.8142 | det 0.0000 seg 0.0000 cnt 2.9307
epoch 87/100 | train 1.8246 | val det 0.0000 seg 0.0000 miou 0.0000 cnt 2.6644 dens 7.971194e-01 mae 1.8673 total_mae 8.8683 | ap50 0.0000 | selected cnt_mae(min) 1.867272
epoch 88/100 step 20 | loss 1.7911 | det 0.0000 seg 0.0000 cnt 1.2998
epoch 88/100 step 40 | loss 1.8029 | det 0.0000 seg 0.0000 cnt 2.2317
epoch 88/100 step 60 | loss 1.8358 | det 0.0000 seg 0.0000 cnt 1.6246
epoch 88/100 step 80 | loss 1.8020 | det 0.0000 seg 0.0000 cnt 1.4409
epoch 88/100 step 100 | loss 1.7265 | det 0.0000 seg 0.0000 cnt 1.6383
epoch 88/100 step 120 | loss 1.6794 | det 0.0000 seg 0.0000 cnt 1.6054
epoch 88/100 step 140 | loss 1.6353 | det 0.0000 seg 0.0000 cnt 0.9485
epoch 88/100 step 160 | loss 1.6390 | det 0.0000 seg 0.0000 cnt 1.1765
epoch 88/100 step 180 | loss 1.6563 | det 0.0000 seg 0.0000 cnt 2.4397
epoch 88/100 step 200 | loss 1.6922 | det 0.0000 seg 0.0000 cnt 1.1951
epoch 88/100 step 220 | loss 1.7228 | det 0.0000 seg 0.0000 cnt 1.9404
epoch 88/100 step 240 | loss 1.7159 | det 0.0000 seg 0.0000 cnt 1.0136
epoch 88/100 step 260 | loss 1.7347 | det 0.0000 seg 0.0000 cnt 3.0407
epoch 88/100 step 280 | loss 1.7418 | det 0.0000 seg 0.0000 cnt 2.6999
epoch 88/100 step 300 | loss 1.7372 | det 0.0000 seg 0.0000 cnt 1.6455
epoch 88/100 step 320 | loss 1.7357 | det 0.0000 seg 0.0000 cnt 1.9358
epoch 88/100 | train 1.7336 | val det 0.0000 seg 0.0000 miou 0.0000 cnt 2.6966 dens 7.975721e-01 mae 1.8990 total_mae 9.3966 | ap50 0.0000 | selected cnt_mae(min) 1.899001
epoch 89/100 step 20 | loss 1.6360 | det 0.0000 seg 0.0000 cnt 0.9295
epoch 89/100 step 40 | loss 1.7689 | det 0.0000 seg 0.0000 cnt 1.6466
epoch 89/100 step 60 | loss 1.8407 | det 0.0000 seg 0.0000 cnt 0.7836
epoch 89/100 step 80 | loss 1.7247 | det 0.0000 seg 0.0000 cnt 0.8076
epoch 89/100 step 100 | loss 1.6796 | det 0.0000 seg 0.0000 cnt 0.4782
epoch 89/100 step 120 | loss 1.6617 | det 0.0000 seg 0.0000 cnt 2.0579
epoch 89/100 step 140 | loss 1.6710 | det 0.0000 seg 0.0000 cnt 2.3743
epoch 89/100 step 160 | loss 1.7022 | det 0.0000 seg 0.0000 cnt 0.6942
epoch 89/100 step 180 | loss 1.6810 | det 0.0000 seg 0.0000 cnt 0.4992
epoch 89/100 step 200 | loss 1.6383 | det 0.0000 seg 0.0000 cnt 0.6395
epoch 89/100 step 220 | loss 1.6838 | det 0.0000 seg 0.0000 cnt 1.7524
epoch 89/100 step 240 | loss 1.6880 | det 0.0000 seg 0.0000 cnt 3.2744
epoch 89/100 step 260 | loss 1.7027 | det 0.0000 seg 0.0000 cnt 1.9650
epoch 89/100 step 280 | loss 1.6894 | det 0.0000 seg 0.0000 cnt 1.7103
epoch 89/100 step 300 | loss 1.6620 | det 0.0000 seg 0.0000 cnt 0.6194
epoch 89/100 step 320 | loss 1.6730 | det 0.0000 seg 0.0000 cnt 2.8714
epoch 89/100 | train 1.6671 | val det 0.0000 seg 0.0000 miou 0.0000 cnt 2.6776 dens 7.968665e-01 mae 1.8807 total_mae 9.0802 | ap50 0.0000 | selected cnt_mae(min) 1.880744
epoch 90/100 step 20 | loss 1.8002 | det 0.0000 seg 0.0000 cnt 0.8472
epoch 90/100 step 40 | loss 1.5970 | det 0.0000 seg 0.0000 cnt 1.2094
epoch 90/100 step 60 | loss 1.6332 | det 0.0000 seg 0.0000 cnt 0.9404
epoch 90/100 step 80 | loss 1.6056 | det 0.0000 seg 0.0000 cnt 1.4669
epoch 90/100 step 100 | loss 1.6149 | det 0.0000 seg 0.0000 cnt 1.3943
epoch 90/100 step 120 | loss 1.6146 | det 0.0000 seg 0.0000 cnt 1.0243
epoch 90/100 step 140 | loss 1.6163 | det 0.0000 seg 0.0000 cnt 1.6085
epoch 90/100 step 160 | loss 1.5993 | det 0.0000 seg 0.0000 cnt 0.8160
epoch 90/100 step 180 | loss 1.6023 | det 0.0000 seg 0.0000 cnt 0.8281
epoch 90/100 step 200 | loss 1.6172 | det 0.0000 seg 0.0000 cnt 1.4496
epoch 90/100 step 220 | loss 1.7131 | det 0.0000 seg 0.0000 cnt 1.9694
epoch 90/100 step 240 | loss 1.7015 | det 0.0000 seg 0.0000 cnt 0.5045
epoch 90/100 step 260 | loss 1.7071 | det 0.0000 seg 0.0000 cnt 1.9191
epoch 90/100 step 280 | loss 1.6916 | det 0.0000 seg 0.0000 cnt 0.8002
epoch 90/100 step 300 | loss 1.6637 | det 0.0000 seg 0.0000 cnt 0.6251
epoch 90/100 step 320 | loss 1.6774 | det 0.0000 seg 0.0000 cnt 1.9709
epoch 90/100 | train 1.6782 | val det 0.0000 seg 0.0000 miou 0.0000 cnt 2.6971 dens 7.969065e-01 mae 1.9001 total_mae 9.1991 | ap50 0.0000 | selected cnt_mae(min) 1.900144
epoch 91/100 step 20 | loss 1.5415 | det 0.0000 seg 0.0000 cnt 1.7858
epoch 91/100 step 40 | loss 1.6999 | det 0.0000 seg 0.0000 cnt 1.4848
epoch 91/100 step 60 | loss 1.5797 | det 0.0000 seg 0.0000 cnt 1.0713
epoch 91/100 step 80 | loss 1.5187 | det 0.0000 seg 0.0000 cnt 0.8781
epoch 91/100 step 100 | loss 1.4916 | det 0.0000 seg 0.0000 cnt 1.6850
epoch 91/100 step 120 | loss 1.4970 | det 0.0000 seg 0.0000 cnt 1.2777
epoch 91/100 step 140 | loss 1.5257 | det 0.0000 seg 0.0000 cnt 1.0541
epoch 91/100 step 160 | loss 1.5164 | det 0.0000 seg 0.0000 cnt 0.4831
epoch 91/100 step 180 | loss 1.5508 | det 0.0000 seg 0.0000 cnt 0.6927
epoch 91/100 step 200 | loss 1.5782 | det 0.0000 seg 0.0000 cnt 2.3354
epoch 91/100 step 220 | loss 1.5513 | det 0.0000 seg 0.0000 cnt 0.9687
epoch 91/100 step 240 | loss 1.5678 | det 0.0000 seg 0.0000 cnt 1.2447
epoch 91/100 step 260 | loss 1.5785 | det 0.0000 seg 0.0000 cnt 0.7352
epoch 91/100 step 280 | loss 1.5573 | det 0.0000 seg 0.0000 cnt 0.9261
epoch 91/100 step 300 | loss 1.5835 | det 0.0000 seg 0.0000 cnt 1.5198
epoch 91/100 step 320 | loss 1.5940 | det 0.0000 seg 0.0000 cnt 0.7851
epoch 91/100 | train 1.5993 | val det 0.0000 seg 0.0000 miou 0.0000 cnt 2.6682 dens 7.967442e-01 mae 1.8714 total_mae 9.1458 | ap50 0.0000 | selected cnt_mae(min) 1.871427
epoch 92/100 step 20 | loss 1.8965 | det 0.0000 seg 0.0000 cnt 1.8510
epoch 92/100 step 40 | loss 1.7510 | det 0.0000 seg 0.0000 cnt 1.2748
epoch 92/100 step 60 | loss 1.6868 | det 0.0000 seg 0.0000 cnt 1.5549
epoch 92/100 step 80 | loss 1.7086 | det 0.0000 seg 0.0000 cnt 1.2821
epoch 92/100 step 100 | loss 1.6559 | det 0.0000 seg 0.0000 cnt 0.8055
epoch 92/100 step 120 | loss 1.6643 | det 0.0000 seg 0.0000 cnt 3.1390
epoch 92/100 step 140 | loss 1.6998 | det 0.0000 seg 0.0000 cnt 2.1710
epoch 92/100 step 160 | loss 1.7113 | det 0.0000 seg 0.0000 cnt 2.6633
epoch 92/100 step 180 | loss 1.6990 | det 0.0000 seg 0.0000 cnt 2.6805
epoch 92/100 step 200 | loss 1.7015 | det 0.0000 seg 0.0000 cnt 1.8248
epoch 92/100 step 220 | loss 1.6803 | det 0.0000 seg 0.0000 cnt 0.5452
epoch 92/100 step 240 | loss 1.6548 | det 0.0000 seg 0.0000 cnt 1.6502
epoch 92/100 step 260 | loss 1.6598 | det 0.0000 seg 0.0000 cnt 3.3280
epoch 92/100 step 280 | loss 1.6695 | det 0.0000 seg 0.0000 cnt 1.7877
epoch 92/100 step 300 | loss 1.6834 | det 0.0000 seg 0.0000 cnt 1.7927
epoch 92/100 step 320 | loss 1.7385 | det 0.0000 seg 0.0000 cnt 1.3089
epoch 92/100 | train 1.7341 | val det 0.0000 seg 0.0000 miou 0.0000 cnt 2.6414 dens 7.964760e-01 mae 1.8449 total_mae 8.7548 | ap50 0.0000 | selected cnt_mae(min) 1.844926
[ckpt] new best cached (cnt_mae 1.844926)
epoch 93/100 step 20 | loss 2.0191 | det 0.0000 seg 0.0000 cnt 2.7514
epoch 93/100 step 40 | loss 1.8388 | det 0.0000 seg 0.0000 cnt 2.6240
epoch 93/100 step 60 | loss 1.9725 | det 0.0000 seg 0.0000 cnt 2.7261
epoch 93/100 step 80 | loss 1.8656 | det 0.0000 seg 0.0000 cnt 2.6474
epoch 93/100 step 100 | loss 1.8324 | det 0.0000 seg 0.0000 cnt 1.9075
epoch 93/100 step 120 | loss 1.8560 | det 0.0000 seg 0.0000 cnt 0.8833
epoch 93/100 step 140 | loss 1.8392 | det 0.0000 seg 0.0000 cnt 1.7909
epoch 93/100 step 160 | loss 1.8170 | det 0.0000 seg 0.0000 cnt 4.9206
epoch 93/100 step 180 | loss 1.8222 | det 0.0000 seg 0.0000 cnt 1.2635
epoch 93/100 step 200 | loss 1.8050 | det 0.0000 seg 0.0000 cnt 0.9556
epoch 93/100 step 220 | loss 1.8065 | det 0.0000 seg 0.0000 cnt 1.5433
epoch 93/100 step 240 | loss 1.7877 | det 0.0000 seg 0.0000 cnt 0.8822
epoch 93/100 step 260 | loss 1.7932 | det 0.0000 seg 0.0000 cnt 1.3591
epoch 93/100 step 280 | loss 1.7828 | det 0.0000 seg 0.0000 cnt 2.1110
epoch 93/100 step 300 | loss 1.7474 | det 0.0000 seg 0.0000 cnt 0.6823
epoch 93/100 step 320 | loss 1.7351 | det 0.0000 seg 0.0000 cnt 1.6897
epoch 93/100 | train 1.7409 | val det 0.0000 seg 0.0000 miou 0.0000 cnt 2.6507 dens 7.948820e-01 mae 1.8558 total_mae 8.9999 | ap50 0.0000 | selected cnt_mae(min) 1.855848
epoch 94/100 step 20 | loss 1.4897 | det 0.0000 seg 0.0000 cnt 1.1616
epoch 94/100 step 40 | loss 1.5370 | det 0.0000 seg 0.0000 cnt 1.5451
epoch 94/100 step 60 | loss 1.6234 | det 0.0000 seg 0.0000 cnt 1.7044
epoch 94/100 step 80 | loss 1.6214 | det 0.0000 seg 0.0000 cnt 1.2371
epoch 94/100 step 100 | loss 1.6999 | det 0.0000 seg 0.0000 cnt 2.1430
epoch 94/100 step 120 | loss 1.6870 | det 0.0000 seg 0.0000 cnt 1.1778
epoch 94/100 step 140 | loss 1.6563 | det 0.0000 seg 0.0000 cnt 0.8688
epoch 94/100 step 160 | loss 1.6058 | det 0.0000 seg 0.0000 cnt 1.1345
epoch 94/100 step 180 | loss 1.6536 | det 0.0000 seg 0.0000 cnt 2.6731
epoch 94/100 step 200 | loss 1.6569 | det 0.0000 seg 0.0000 cnt 4.1642
epoch 94/100 step 220 | loss 1.6629 | det 0.0000 seg 0.0000 cnt 0.9719
epoch 94/100 step 240 | loss 1.6587 | det 0.0000 seg 0.0000 cnt 1.3195
epoch 94/100 step 260 | loss 1.6690 | det 0.0000 seg 0.0000 cnt 1.7640
epoch 94/100 step 280 | loss 1.6578 | det 0.0000 seg 0.0000 cnt 0.5628
epoch 94/100 step 300 | loss 1.6469 | det 0.0000 seg 0.0000 cnt 2.4078
epoch 94/100 step 320 | loss 1.6533 | det 0.0000 seg 0.0000 cnt 0.7461
epoch 94/100 | train 1.6568 | val det 0.0000 seg 0.0000 miou 0.0000 cnt 2.6592 dens 7.962352e-01 mae 1.8630 total_mae 8.7743 | ap50 0.0000 | selected cnt_mae(min) 1.862965
epoch 95/100 step 20 | loss 1.4886 | det 0.0000 seg 0.0000 cnt 1.5617
epoch 95/100 step 40 | loss 1.8778 | det 0.0000 seg 0.0000 cnt 2.1214
epoch 95/100 step 60 | loss 1.6834 | det 0.0000 seg 0.0000 cnt 0.8666
epoch 95/100 step 80 | loss 1.6660 | det 0.0000 seg 0.0000 cnt 2.1390
epoch 95/100 step 100 | loss 1.6799 | det 0.0000 seg 0.0000 cnt 1.3654
epoch 95/100 step 120 | loss 1.6748 | det 0.0000 seg 0.0000 cnt 1.1596
epoch 95/100 step 140 | loss 1.6203 | det 0.0000 seg 0.0000 cnt 0.7946
epoch 95/100 step 160 | loss 1.6560 | det 0.0000 seg 0.0000 cnt 0.8136
epoch 95/100 step 180 | loss 1.6183 | det 0.0000 seg 0.0000 cnt 1.2698
epoch 95/100 step 200 | loss 1.6087 | det 0.0000 seg 0.0000 cnt 1.5837
epoch 95/100 step 220 | loss 1.6105 | det 0.0000 seg 0.0000 cnt 1.3838
epoch 95/100 step 240 | loss 1.6449 | det 0.0000 seg 0.0000 cnt 1.9917
epoch 95/100 step 260 | loss 1.6206 | det 0.0000 seg 0.0000 cnt 1.2829
epoch 95/100 step 280 | loss 1.6191 | det 0.0000 seg 0.0000 cnt 1.8480
epoch 95/100 step 300 | loss 1.6385 | det 0.0000 seg 0.0000 cnt 2.0079
epoch 95/100 step 320 | loss 1.6181 | det 0.0000 seg 0.0000 cnt 2.3965
epoch 95/100 | train 1.6298 | val det 0.0000 seg 0.0000 miou 0.0000 cnt 2.6695 dens 7.970155e-01 mae 1.8725 total_mae 8.5711 | ap50 0.0000 | selected cnt_mae(min) 1.872482
epoch 96/100 step 20 | loss 1.5800 | det 0.0000 seg 0.0000 cnt 1.0533
epoch 96/100 step 40 | loss 1.7173 | det 0.0000 seg 0.0000 cnt 1.5695
epoch 96/100 step 60 | loss 1.7108 | det 0.0000 seg 0.0000 cnt 3.5044
epoch 96/100 step 80 | loss 1.7782 | det 0.0000 seg 0.0000 cnt 1.6258
epoch 96/100 step 100 | loss 1.7533 | det 0.0000 seg 0.0000 cnt 2.0512
epoch 96/100 step 120 | loss 1.8416 | det 0.0000 seg 0.0000 cnt 2.2102
epoch 96/100 step 140 | loss 1.7580 | det 0.0000 seg 0.0000 cnt 1.1902
epoch 96/100 step 160 | loss 1.7118 | det 0.0000 seg 0.0000 cnt 0.8831
epoch 96/100 step 180 | loss 1.7077 | det 0.0000 seg 0.0000 cnt 2.0713
epoch 96/100 step 200 | loss 1.6728 | det 0.0000 seg 0.0000 cnt 0.9369
epoch 96/100 step 220 | loss 1.6636 | det 0.0000 seg 0.0000 cnt 1.1640
epoch 96/100 step 240 | loss 1.6511 | det 0.0000 seg 0.0000 cnt 1.1646
epoch 96/100 step 260 | loss 1.6674 | det 0.0000 seg 0.0000 cnt 1.9992
epoch 96/100 step 280 | loss 1.6623 | det 0.0000 seg 0.0000 cnt 1.5811
epoch 96/100 step 300 | loss 1.6581 | det 0.0000 seg 0.0000 cnt 1.4441
epoch 96/100 step 320 | loss 1.6749 | det 0.0000 seg 0.0000 cnt 1.6440
epoch 96/100 | train 1.6806 | val det 0.0000 seg 0.0000 miou 0.0000 cnt 2.6603 dens 7.965969e-01 mae 1.8637 total_mae 8.8576 | ap50 0.0000 | selected cnt_mae(min) 1.863693
epoch 97/100 step 20 | loss 1.7618 | det 0.0000 seg 0.0000 cnt 1.7225
epoch 97/100 step 40 | loss 1.7310 | det 0.0000 seg 0.0000 cnt 0.6738
epoch 97/100 step 60 | loss 1.6537 | det 0.0000 seg 0.0000 cnt 1.0981
epoch 97/100 step 80 | loss 1.6963 | det 0.0000 seg 0.0000 cnt 1.0514
epoch 97/100 step 100 | loss 1.6348 | det 0.0000 seg 0.0000 cnt 0.8430
epoch 97/100 step 120 | loss 1.7121 | det 0.0000 seg 0.0000 cnt 1.4454
epoch 97/100 step 140 | loss 1.6863 | det 0.0000 seg 0.0000 cnt 1.7278
epoch 97/100 step 160 | loss 1.7202 | det 0.0000 seg 0.0000 cnt 0.8533
epoch 97/100 step 180 | loss 1.8001 | det 0.0000 seg 0.0000 cnt 1.2732
epoch 97/100 step 200 | loss 1.7818 | det 0.0000 seg 0.0000 cnt 1.0591
epoch 97/100 step 220 | loss 1.7691 | det 0.0000 seg 0.0000 cnt 1.8720
epoch 97/100 step 240 | loss 1.7907 | det 0.0000 seg 0.0000 cnt 1.0248
epoch 97/100 step 260 | loss 1.8004 | det 0.0000 seg 0.0000 cnt 2.5122
epoch 97/100 step 280 | loss 1.7724 | det 0.0000 seg 0.0000 cnt 0.6016
epoch 97/100 step 300 | loss 1.7435 | det 0.0000 seg 0.0000 cnt 1.8165
epoch 97/100 step 320 | loss 1.7201 | det 0.0000 seg 0.0000 cnt 0.7905
epoch 97/100 | train 1.7160 | val det 0.0000 seg 0.0000 miou 0.0000 cnt 2.6477 dens 7.961359e-01 mae 1.8516 total_mae 8.7463 | ap50 0.0000 | selected cnt_mae(min) 1.851566
epoch 98/100 step 20 | loss 1.5350 | det 0.0000 seg 0.0000 cnt 0.4349
epoch 98/100 step 40 | loss 1.4564 | det 0.0000 seg 0.0000 cnt 1.4767
epoch 98/100 step 60 | loss 1.6452 | det 0.0000 seg 0.0000 cnt 3.9506
epoch 98/100 step 80 | loss 1.6425 | det 0.0000 seg 0.0000 cnt 3.4113
epoch 98/100 step 100 | loss 1.6828 | det 0.0000 seg 0.0000 cnt 1.5574
epoch 98/100 step 120 | loss 1.6403 | det 0.0000 seg 0.0000 cnt 1.6605
epoch 98/100 step 140 | loss 1.6653 | det 0.0000 seg 0.0000 cnt 1.0596
epoch 98/100 step 160 | loss 1.6532 | det 0.0000 seg 0.0000 cnt 0.7256
epoch 98/100 step 180 | loss 1.6652 | det 0.0000 seg 0.0000 cnt 0.9850
epoch 98/100 step 200 | loss 1.6588 | det 0.0000 seg 0.0000 cnt 4.3864
epoch 98/100 step 220 | loss 1.6517 | det 0.0000 seg 0.0000 cnt 2.2615
epoch 98/100 step 240 | loss 1.6179 | det 0.0000 seg 0.0000 cnt 1.1585
epoch 98/100 step 260 | loss 1.5972 | det 0.0000 seg 0.0000 cnt 1.5408
epoch 98/100 step 280 | loss 1.6008 | det 0.0000 seg 0.0000 cnt 1.0781
epoch 98/100 step 300 | loss 1.6201 | det 0.0000 seg 0.0000 cnt 1.1812
epoch 98/100 step 320 | loss 1.6075 | det 0.0000 seg 0.0000 cnt 1.3226
epoch 98/100 | train 1.6103 | val det 0.0000 seg 0.0000 miou 0.0000 cnt 2.6234 dens 7.960898e-01 mae 1.8273 total_mae 8.5236 | ap50 0.0000 | selected cnt_mae(min) 1.827270
[ckpt] new best cached (cnt_mae 1.827270)
epoch 99/100 step 20 | loss 1.5320 | det 0.0000 seg 0.0000 cnt 2.0319
epoch 99/100 step 40 | loss 1.5514 | det 0.0000 seg 0.0000 cnt 2.9845
epoch 99/100 step 60 | loss 1.6308 | det 0.0000 seg 0.0000 cnt 2.4041
epoch 99/100 step 80 | loss 1.6259 | det 0.0000 seg 0.0000 cnt 1.2411
epoch 99/100 step 100 | loss 1.5692 | det 0.0000 seg 0.0000 cnt 1.6512
epoch 99/100 step 120 | loss 1.5937 | det 0.0000 seg 0.0000 cnt 2.8357
epoch 99/100 step 140 | loss 1.6058 | det 0.0000 seg 0.0000 cnt 1.9703
epoch 99/100 step 160 | loss 1.5674 | det 0.0000 seg 0.0000 cnt 1.7352
epoch 99/100 step 180 | loss 1.5532 | det 0.0000 seg 0.0000 cnt 1.7714
epoch 99/100 step 200 | loss 1.5661 | det 0.0000 seg 0.0000 cnt 1.5375
epoch 99/100 step 220 | loss 1.5810 | det 0.0000 seg 0.0000 cnt 1.5583
epoch 99/100 step 240 | loss 1.5740 | det 0.0000 seg 0.0000 cnt 0.7066
epoch 99/100 step 260 | loss 1.5674 | det 0.0000 seg 0.0000 cnt 1.4841
epoch 99/100 step 280 | loss 1.5929 | det 0.0000 seg 0.0000 cnt 0.8803
epoch 99/100 step 300 | loss 1.5962 | det 0.0000 seg 0.0000 cnt 4.2176
epoch 99/100 step 320 | loss 1.5827 | det 0.0000 seg 0.0000 cnt 1.1386
epoch 99/100 | train 1.5810 | val det 0.0000 seg 0.0000 miou 0.0000 cnt 2.6455 dens 7.966971e-01 mae 1.8488 total_mae 8.5966 | ap50 0.0000 | selected cnt_mae(min) 1.848754
epoch 100/100 step 20 | loss 1.6367 | det 0.0000 seg 0.0000 cnt 1.5844
epoch 100/100 step 40 | loss 1.5885 | det 0.0000 seg 0.0000 cnt 1.3405
epoch 100/100 step 60 | loss 1.5389 | det 0.0000 seg 0.0000 cnt 0.7983
epoch 100/100 step 80 | loss 1.6512 | det 0.0000 seg 0.0000 cnt 4.3148
epoch 100/100 step 100 | loss 1.6449 | det 0.0000 seg 0.0000 cnt 1.2612
epoch 100/100 step 120 | loss 1.5911 | det 0.0000 seg 0.0000 cnt 1.4291
epoch 100/100 step 140 | loss 1.5566 | det 0.0000 seg 0.0000 cnt 1.0382
epoch 100/100 step 160 | loss 1.5157 | det 0.0000 seg 0.0000 cnt 0.9263
epoch 100/100 step 180 | loss 1.5074 | det 0.0000 seg 0.0000 cnt 1.0975
epoch 100/100 step 200 | loss 1.5328 | det 0.0000 seg 0.0000 cnt 2.5720
epoch 100/100 step 220 | loss 1.5278 | det 0.0000 seg 0.0000 cnt 0.7495
epoch 100/100 step 240 | loss 1.5759 | det 0.0000 seg 0.0000 cnt 0.8120
epoch 100/100 step 260 | loss 1.5870 | det 0.0000 seg 0.0000 cnt 1.8335
epoch 100/100 step 280 | loss 1.5761 | det 0.0000 seg 0.0000 cnt 0.8845
epoch 100/100 step 300 | loss 1.5847 | det 0.0000 seg 0.0000 cnt 1.6625
epoch 100/100 step 320 | loss 1.6185 | det 0.0000 seg 0.0000 cnt 2.9071
epoch 100/100 | train 1.6195 | val det 0.0000 seg 0.0000 miou 0.0000 cnt 2.6456 dens 7.955931e-01 mae 1.8500 total_mae 8.4626 | ap50 0.0000 | selected cnt_mae(min) 1.850034
[ckpt] saved best -> runs/single_tasks_100per/cnt/best_combo.pt (cnt_mae 1.827270)
[run] project: /data/xiangyuyue/ULLM-zf/fsl-20260209
[run] ckpt: /data/xiangyuyue/ULLM-zf/fsl-20260209/runs/single_tasks_100per/cnt/best_combo.pt
[run] stats: /data/xiangyuyue/ULLM-zf/fsl-20260209/runs/single_tasks_100per/cnt/stats_eval_best_combo_20260421_082931
[run] cmd: /data/xiangyuyue/ULLM-zf/fsl-20260209/miniconda3/envs/fsl/bin/python -m lora_multitask.eval --checkpoint /data/xiangyuyue/ULLM-zf/fsl-20260209/runs/single_tasks_100per/cnt/best_combo.pt --tasks cnt --stats-dir /data/xiangyuyue/ULLM-zf/fsl-20260209/runs/single_tasks_100per/cnt/stats_eval_best_combo_20260421_082931 --device cuda --image-size 448 --model-name dinov3_vitl16 --det-data-root /data/xiangyuyue/ULLM-zf/fsl-20260209/data/det/coco --det-ann-file /data/xiangyuyue/ULLM-zf/fsl-20260209/data/det/coco/annotations/instances_test.json --det-img-dir /data/xiangyuyue/ULLM-zf/fsl-20260209/data/det/coco/images/test --det-backbone-checkpoint /data/xiangyuyue/ULLM-zf/fsl-20260209/dinov3_vitl16_pretrain_lvd1689m-8aa4cbdd.pth --det-score-thr 0 --seg-data-dir /data/xiangyuyue/ULLM-zf/fsl-20260209/data/seg/nas/liyangguang103/newdataset/CD-SematicSeg/EvLab-SS/mydataset/test --seg-backbone-checkpoint /data/xiangyuyue/ULLM-zf/fsl-20260209/dinov3_vitl16_pretrain_lvd1689m-8aa4cbdd.pth --cnt-data-root /data/xiangyuyue/ULLM-zf/fsl-20260209/data/cnt/nas/liyangguang103/newdataset/CD-Count/DSACA --cnt-test-dir /data/xiangyuyue/ULLM-zf/fsl-20260209/data/cnt/nas/liyangguang103/newdataset/CD-Count/DSACA/test_data_class8 --cnt-backbone-checkpoint /data/xiangyuyue/ULLM-zf/fsl-20260209/dinov3_vitl16_pretrain_lvd1689m-8aa4cbdd.pth --det-use-coco-eval

[lora] enabled: replaced_linear=48, trainable_params=1966080
[multitask/eval] shared(full): total=464, matched=464 (100.0%), missing=0, unexpected=0
[multitask/eval] detector: missing=464 (expected_shared_missing=464, real_missing=0), unexpected=0
[multitask/eval] seg_head: missing=0, unexpected=0
[multitask/eval] cnt_head: missing=0, unexpected=0
Saved metrics to /data/xiangyuyue/ULLM-zf/fsl-20260209/runs/single_tasks_100per/cnt/stats_eval_best_combo_20260421_082931/metrics_cnt_test_data_class8.json
[multitask/eval] wrote full-model summary: /data/xiangyuyue/ULLM-zf/fsl-20260209/runs/single_tasks_100per/cnt/stats_eval_best_combo_20260421_082931/multitask_full_model_eval_summary.json
