WARNING:__main__:
*****************************************
Setting OMP_NUM_THREADS environment variable for each process to be 1 in default, to avoid your system being overloaded, please further tune the variable for optimal performance in your application as needed. 
*****************************************
[rank7]:[W418 14:00:07.247801404 ProcessGroupNCCL.cpp:4115] [PG ID 0 PG GUID 0 Rank 7]  using GPU 7 to perform barrier as devices used by this process are currently unknown. This can potentially cause a hang if this rank to GPU mapping is incorrect.Specify device_ids in barrier() to force use of a particular device,or call init_process_group() with a device_id.
[rank4]:[W418 14:00:08.785801381 ProcessGroupNCCL.cpp:4115] [PG ID 0 PG GUID 0 Rank 4]  using GPU 4 to perform barrier as devices used by this process are currently unknown. This can potentially cause a hang if this rank to GPU mapping is incorrect.Specify device_ids in barrier() to force use of a particular device,or call init_process_group() with a device_id.
[rank5]:[W418 14:00:08.915359402 ProcessGroupNCCL.cpp:4115] [PG ID 0 PG GUID 0 Rank 5]  using GPU 5 to perform barrier as devices used by this process are currently unknown. This can potentially cause a hang if this rank to GPU mapping is incorrect.Specify device_ids in barrier() to force use of a particular device,or call init_process_group() with a device_id.
[rank0]:[W418 14:00:08.946284975 ProcessGroupNCCL.cpp:4115] [PG ID 0 PG GUID 0 Rank 0]  using GPU 0 to perform barrier as devices used by this process are currently unknown. This can potentially cause a hang if this rank to GPU mapping is incorrect.Specify device_ids in barrier() to force use of a particular device,or call init_process_group() with a device_id.
[rank1]:[W418 14:00:08.997226823 ProcessGroupNCCL.cpp:4115] [PG ID 0 PG GUID 0 Rank 1]  using GPU 1 to perform barrier as devices used by this process are currently unknown. This can potentially cause a hang if this rank to GPU mapping is incorrect.Specify device_ids in barrier() to force use of a particular device,or call init_process_group() with a device_id.
[rank2]:[W418 14:00:08.128834773 ProcessGroupNCCL.cpp:4115] [PG ID 0 PG GUID 0 Rank 2]  using GPU 2 to perform barrier as devices used by this process are currently unknown. This can potentially cause a hang if this rank to GPU mapping is incorrect.Specify device_ids in barrier() to force use of a particular device,or call init_process_group() with a device_id.
[rank3]:[W418 14:00:08.170829295 ProcessGroupNCCL.cpp:4115] [PG ID 0 PG GUID 0 Rank 3]  using GPU 3 to perform barrier as devices used by this process are currently unknown. This can potentially cause a hang if this rank to GPU mapping is incorrect.Specify device_ids in barrier() to force use of a particular device,or call init_process_group() with a device_id.
[rank6]:[W418 14:00:08.190762146 ProcessGroupNCCL.cpp:4115] [PG ID 0 PG GUID 0 Rank 6]  using GPU 6 to perform barrier as devices used by this process are currently unknown. This can potentially cause a hang if this rank to GPU mapping is incorrect.Specify device_ids in barrier() to force use of a particular device,or call init_process_group() with a device_id.
swanlab: Tracking run with swanlab version 0.7.14
swanlab: Run data will be saved locally in 
/data/xiangyuyue/ULLM-zf/fsl-20260209/ours_clip/runs/ours_10per/swanlog/run-2026
0418_140025-4bbvpr2fj0tpydyv30lbp
swanlab: 👋 Hi blacknwhit,welcome to swanlab!
swanlab: Syncing run ours_10per to the cloud
swanlab: 🏠 View project at https://swanlab.cn/@blacknwhit/115_grpo_mainonly
swanlab: 🚀 View run at 
https://swanlab.cn/@blacknwhit/115_grpo_mainonly/runs/4bbvpr2fj0tpydyv30lbp
[train] Backbone params: 0
[train] LoRA-MoE params: 6561792
[train] Det head params: 14875060
[train] Seg head params: 9451531
[train] Cnt head params: 9448456
[stage1] epoch 1/100 step 1 | loss 1033900.6421 | w [15.0, 8.0, 1.0] | train det 3.8005 seg 2.5949 cnt 1033822.8750
[stage1] epoch 1/100 step 2 | loss 1138007.9401 | w [15.0, 8.0, 1.0] | train det 3.5499 seg 2.3365 cnt 1137936.0000
[stage1] epoch 1/100 step 3 | loss 910015.5942 | w [15.0, 8.0, 1.0] | train det 2.3433 seg 1.9618 cnt 909964.7500
[stage1] epoch 1/100 step 4 | loss 804372.0579 | w [15.0, 8.0, 1.0] | train det 1.5597 seg 1.8329 cnt 804334.0000
[stage1] epoch 1/100 step 5 | loss 743376.1136 | w [15.0, 8.0, 1.0] | train det 1.2653 seg 1.7511 cnt 743343.1250
[stage1] epoch 1/100 step 6 | loss 650958.5555 | w [15.0, 8.0, 1.0] | train det 0.9516 seg 2.1290 cnt 650927.2500
[stage1] epoch 1/100 step 7 | loss 595175.9618 | w [15.0, 8.0, 1.0] | train det 0.6920 seg 1.9166 cnt 595150.2500
[stage1] epoch 1/100 step 8 | loss 538011.5500 | w [15.0, 8.0, 1.0] | train det 1.2234 seg 1.9546 cnt 537977.5625
[stage1] epoch 1/100 step 9 | loss 479595.6186 | w [15.0, 8.0, 1.0] | train det 1.0375 seg 1.7648 cnt 479565.9375
[stage1] epoch 1/100 step 10 | loss 472092.4319 | w [15.0, 8.0, 1.0] | train det 3.7634 seg 1.3219 cnt 472025.4062
[stage1] epoch 1/100 step 11 | loss 415264.8619 | w [15.0, 8.0, 1.0] | train det 0.9210 seg 1.0683 cnt 415242.5000
[stage1] epoch 1/100 step 12 | loss 403978.9096 | w [15.0, 8.0, 1.0] | train det 0.8024 seg 1.4334 cnt 403955.4062
[stage1] epoch 1/100 step 13 | loss 349074.4693 | w [15.0, 8.0, 1.0] | train det 1.2818 seg 0.9755 cnt 349047.4375
[stage1] epoch 1/100 step 14 | loss 300504.7713 | w [15.0, 8.0, 1.0] | train det 0.7956 seg 1.2687 cnt 300482.6875
[stage1] epoch 1/100 step 15 | loss 286451.7075 | w [15.0, 8.0, 1.0] | train det 1.2198 seg 0.8325 cnt 286426.7500
[stage1] epoch 1/100 step 16 | loss 265042.5037 | w [15.0, 8.0, 1.0] | train det 0.8616 seg 1.0216 cnt 265021.4062
[stage1] epoch 1/100 step 17 | loss 241505.3909 | w [15.0, 8.0, 1.0] | train det 0.7066 seg 1.4094 cnt 241483.5156
[stage1] epoch 1/100 step 18 | loss 221022.4327 | w [15.0, 8.0, 1.0] | train det 1.0959 seg 1.3196 cnt 220995.4375
[stage1] epoch 1/100 step 19 | loss 212366.4883 | w [15.0, 8.0, 1.0] | train det 0.9455 seg 0.8565 cnt 212345.4531
[stage1] epoch 1/100 step 20 | loss 200148.7357 | w [15.0, 8.0, 1.0] | train det 0.8808 seg 1.4053 cnt 200124.2812
[stage1] epoch 1/100 step 21 | loss 166319.8961 | w [15.0, 8.0, 1.0] | train det 0.9546 seg 0.8710 cnt 166298.6094
[stage1] epoch 1/100 step 22 | loss 164307.7036 | w [15.0, 8.0, 1.0] | train det 1.1640 seg 1.3449 cnt 164279.4844
[stage1] epoch 1/100 step 23 | loss 147239.9628 | w [15.0, 8.0, 1.0] | train det 0.7817 seg 1.0844 cnt 147219.5625
[stage1] epoch 1/100 step 24 | loss 136941.2368 | w [15.0, 8.0, 1.0] | train det 0.6045 seg 0.4879 cnt 136928.2656
[stage1] epoch 1/100 step 25 | loss 126561.5595 | w [15.0, 8.0, 1.0] | train det 0.4560 seg 0.9376 cnt 126547.2188
[stage1] epoch 1/100 step 26 | loss 118219.9746 | w [15.0, 8.0, 1.0] | train det 0.4148 seg 0.9554 cnt 118206.1094
[stage1] epoch 1/100 step 27 | loss 105806.0717 | w [15.0, 8.0, 1.0] | train det 0.5038 seg 0.5398 cnt 105794.1953
[stage1] epoch 1/100 step 28 | loss 94824.9811 | w [15.0, 8.0, 1.0] | train det 0.7662 seg 0.4242 cnt 94810.0938
[stage1] epoch 1/100 step 29 | loss 91860.0228 | w [15.0, 8.0, 1.0] | train det 0.3446 seg 1.4144 cnt 91843.5391
[stage1] epoch 1/100 step 30 | loss 80784.1816 | w [15.0, 8.0, 1.0] | train det 0.6620 seg 0.8909 cnt 80767.1250
[stage1] epoch 1/100 step 31 | loss 82847.4098 | w [15.0, 8.0, 1.0] | train det 0.7340 seg 1.0539 cnt 82827.9688
[stage1] epoch 1/100 step 32 | loss 70025.6548 | w [15.0, 8.0, 1.0] | train det 0.4630 seg 1.0750 cnt 70010.1094
[stage1] epoch 1/100 step 33 | loss 64316.2056 | w [15.0, 8.0, 1.0] | train det 0.4807 seg 1.1996 cnt 64299.3984
[stage1] epoch 1/100 step 34 | loss 61560.6177 | w [15.0, 8.0, 1.0] | train det 0.4819 seg 1.4335 cnt 61541.9219
[stage1] epoch 1/100 step 35 | loss 57408.9308 | w [15.0, 8.0, 1.0] | train det 1.0265 seg 1.3972 cnt 57382.3555
[stage1] epoch 1/100 step 36 | loss 54275.9861 | w [15.0, 8.0, 1.0] | train det 0.3619 seg 0.7786 cnt 54264.3281
[stage1] epoch 1/100 step 37 | loss 51643.6650 | w [15.0, 8.0, 1.0] | train det 0.7208 seg 0.4968 cnt 51628.8789
[stage1] epoch 1/100 step 38 | loss 45143.2748 | w [15.0, 8.0, 1.0] | train det 1.6223 seg 0.9857 cnt 45111.0547
[stage1] epoch 1/100 step 39 | loss 46022.5414 | w [15.0, 8.0, 1.0] | train det 0.6587 seg 1.2183 cnt 46002.9141
[stage1] epoch 1/100 step 40 | loss 37141.4570 | w [15.0, 8.0, 1.0] | train det 0.3609 seg 0.8414 cnt 37129.3125
[stage1] epoch 1/100 step 41 | loss 35508.6365 | w [15.0, 8.0, 1.0] | train det 0.6651 seg 0.7183 cnt 35492.9141
[stage1] epoch 1/100 step 42 | loss 37564.2396 | w [15.0, 8.0, 1.0] | train det 0.3618 seg 0.8212 cnt 37552.2422
[stage1] epoch 1/100 step 43 | loss 37410.6087 | w [15.0, 8.0, 1.0] | train det 0.1244 seg 1.9131 cnt 37393.4375
[stage1] epoch 1/100 | train 283130.2687 | det 1.0328 seg 1.2567 cnt 283104.7226
[stage1] epoch 2/100 step 1 | loss 31756.4684 | w [15.0, 8.0, 1.0] | train det 0.5531 seg 0.9578 cnt 31740.5098
[stage1] epoch 2/100 step 2 | loss 28953.0863 | w [15.0, 8.0, 1.0] | train det 0.3165 seg 1.1512 cnt 28939.1289
[stage1] epoch 2/100 step 3 | loss 27998.2048 | w [15.0, 8.0, 1.0] | train det 1.5462 seg 0.6968 cnt 27969.4375
[stage1] epoch 2/100 step 4 | loss 27623.2335 | w [15.0, 8.0, 1.0] | train det 0.2670 seg 0.8081 cnt 27612.7637
[stage1] epoch 2/100 step 5 | loss 27089.3362 | w [15.0, 8.0, 1.0] | train det 0.7208 seg 0.5772 cnt 27073.9062
[stage1] epoch 2/100 step 6 | loss 24321.0788 | w [15.0, 8.0, 1.0] | train det 0.5268 seg 0.8979 cnt 24305.9941
[stage1] epoch 2/100 step 7 | loss 21580.8677 | w [15.0, 8.0, 1.0] | train det 0.4845 seg 0.6164 cnt 21568.6699
[stage1] epoch 2/100 step 8 | loss 20071.3747 | w [15.0, 8.0, 1.0] | train det 0.1724 seg 0.5107 cnt 20064.7031
[stage1] epoch 2/100 step 9 | loss 20528.1963 | w [15.0, 8.0, 1.0] | train det 1.0312 seg 0.5334 cnt 20508.4609
[stage1] epoch 2/100 step 10 | loss 19174.1497 | w [15.0, 8.0, 1.0] | train det 0.5244 seg 0.8155 cnt 19159.7598
[stage1] epoch 2/100 step 11 | loss 16910.5489 | w [15.0, 8.0, 1.0] | train det 0.4163 seg 1.1207 cnt 16895.3398
[stage1] epoch 2/100 step 12 | loss 16002.1018 | w [15.0, 8.0, 1.0] | train det 0.7865 seg 0.9315 cnt 15982.8516
[stage1] epoch 2/100 step 13 | loss 16154.5891 | w [15.0, 8.0, 1.0] | train det 1.1057 seg 1.0740 cnt 16129.4121
[stage1] epoch 2/100 step 14 | loss 14839.4330 | w [15.0, 8.0, 1.0] | train det 0.5948 seg 0.7829 cnt 14824.2480
[stage1] epoch 2/100 step 15 | loss 15786.4155 | w [15.0, 8.0, 1.0] | train det 0.4769 seg 1.1996 cnt 15769.6650
[stage1] epoch 2/100 step 16 | loss 14841.8072 | w [15.0, 8.0, 1.0] | train det 0.5916 seg 0.5498 cnt 14828.5342
[stage1] epoch 2/100 step 17 | loss 13152.3888 | w [15.0, 8.0, 1.0] | train det 0.1758 seg 1.0339 cnt 13141.4805
[stage1] epoch 2/100 step 18 | loss 11435.3854 | w [15.0, 8.0, 1.0] | train det 0.7893 seg 0.8852 cnt 11416.4639
[stage1] epoch 2/100 step 19 | loss 11735.9128 | w [15.0, 8.0, 1.0] | train det 0.7084 seg 0.9492 cnt 11717.6934
[stage1] epoch 2/100 step 20 | loss 11819.7635 | w [15.0, 8.0, 1.0] | train det 0.7688 seg 0.9669 cnt 11800.4961
[stage1] epoch 2/100 step 21 | loss 10529.3251 | w [15.0, 8.0, 1.0] | train det 0.4296 seg 0.7158 cnt 10517.1543
[stage1] epoch 2/100 step 22 | loss 9841.6654 | w [15.0, 8.0, 1.0] | train det 0.4153 seg 1.0301 cnt 9827.1953
[stage1] epoch 2/100 step 23 | loss 9023.2403 | w [15.0, 8.0, 1.0] | train det 0.5678 seg 1.2322 cnt 9004.8662
[stage1] epoch 2/100 step 24 | loss 8826.2468 | w [15.0, 8.0, 1.0] | train det 0.6725 seg 0.5705 cnt 8811.5957
[stage1] epoch 2/100 step 25 | loss 8467.4219 | w [15.0, 8.0, 1.0] | train det 0.4692 seg 0.7276 cnt 8454.5635
[stage1] epoch 2/100 step 26 | loss 7651.8150 | w [15.0, 8.0, 1.0] | train det 0.6436 seg 0.5659 cnt 7637.6338
[stage1] epoch 2/100 step 27 | loss 7408.3675 | w [15.0, 8.0, 1.0] | train det 0.5231 seg 0.8937 cnt 7393.3711
[stage1] epoch 2/100 step 28 | loss 7577.6503 | w [15.0, 8.0, 1.0] | train det 0.8323 seg 0.5027 cnt 7561.1440
[stage1] epoch 2/100 step 29 | loss 7677.7750 | w [15.0, 8.0, 1.0] | train det 0.7094 seg 0.7576 cnt 7661.0728
[stage1] epoch 2/100 step 30 | loss 6404.0265 | w [15.0, 8.0, 1.0] | train det 1.1754 seg 1.3911 cnt 6375.2661
[stage1] epoch 2/100 step 31 | loss 6250.3154 | w [15.0, 8.0, 1.0] | train det 0.2624 seg 1.3909 cnt 6235.2529
[stage1] epoch 2/100 step 32 | loss 5706.2354 | w [15.0, 8.0, 1.0] | train det 0.3089 seg 1.2415 cnt 5691.6704
[stage1] epoch 2/100 step 33 | loss 5889.9142 | w [15.0, 8.0, 1.0] | train det 0.7303 seg 0.8355 cnt 5872.2754
[stage1] epoch 2/100 step 34 | loss 5751.7985 | w [15.0, 8.0, 1.0] | train det 0.5760 seg 0.8190 cnt 5736.6074
[stage1] epoch 2/100 step 35 | loss 4804.9706 | w [15.0, 8.0, 1.0] | train det 0.2879 seg 0.9115 cnt 4793.3604
[stage1] epoch 2/100 step 36 | loss 4802.3871 | w [15.0, 8.0, 1.0] | train det 0.1136 seg 0.9183 cnt 4793.3369
[stage1] epoch 2/100 step 37 | loss 4740.4722 | w [15.0, 8.0, 1.0] | train det 0.4981 seg 0.8010 cnt 4726.5928
[stage1] epoch 2/100 step 38 | loss 4223.0700 | w [15.0, 8.0, 1.0] | train det 0.3157 seg 0.6045 cnt 4213.4990
[stage1] epoch 2/100 step 39 | loss 4445.4651 | w [15.0, 8.0, 1.0] | train det 1.2796 seg 0.4517 cnt 4422.6582
[stage1] epoch 2/100 step 40 | loss 4468.8514 | w [15.0, 8.0, 1.0] | train det 0.2606 seg 0.6356 cnt 4459.8584
[stage1] epoch 2/100 step 41 | loss 3979.3258 | w [15.0, 8.0, 1.0] | train det 0.6830 seg 0.9886 cnt 3961.1719
[stage1] epoch 2/100 step 42 | loss 3514.9031 | w [15.0, 8.0, 1.0] | train det 0.7156 seg 0.9216 cnt 3496.7969
[stage1] epoch 2/100 step 43 | loss 3500.1910 | w [15.0, 8.0, 1.0] | train det 0.4139 seg 0.7632 cnt 3487.8760
[stage1] epoch 2/100 | train 12494.4134 | det 0.5916 seg 0.8542 cnt 12478.7055
[stage1] epoch 3/100 step 1 | loss 3416.5443 | w [15.0, 8.0, 1.0] | train det 0.6227 seg 0.8787 cnt 3400.1741
[stage1] epoch 3/100 step 2 | loss 3138.4819 | w [15.0, 8.0, 1.0] | train det 0.6061 seg 0.7240 cnt 3123.5986
[stage1] epoch 3/100 step 3 | loss 3183.5820 | w [15.0, 8.0, 1.0] | train det 0.3365 seg 0.5416 cnt 3174.2026
[stage1] epoch 3/100 step 4 | loss 2980.2787 | w [15.0, 8.0, 1.0] | train det 0.4613 seg 0.4087 cnt 2970.0901
[stage1] epoch 3/100 step 5 | loss 2645.1028 | w [15.0, 8.0, 1.0] | train det 0.4126 seg 0.6580 cnt 2633.6497
[stage1] epoch 3/100 step 6 | loss 2763.4921 | w [15.0, 8.0, 1.0] | train det 0.3525 seg 0.8555 cnt 2751.3604
[stage1] epoch 3/100 step 7 | loss 2473.7334 | w [15.0, 8.0, 1.0] | train det 0.5648 seg 1.1386 cnt 2456.1521
[stage1] epoch 3/100 step 8 | loss 2355.7683 | w [15.0, 8.0, 1.0] | train det 0.3047 seg 0.5794 cnt 2346.5625
[stage1] epoch 3/100 step 9 | loss 2258.5851 | w [15.0, 8.0, 1.0] | train det 0.9105 seg 0.9865 cnt 2237.0356
[stage1] epoch 3/100 step 10 | loss 2014.7231 | w [15.0, 8.0, 1.0] | train det 0.5023 seg 0.8101 cnt 2000.7080
[stage1] epoch 3/100 step 11 | loss 2338.7063 | w [15.0, 8.0, 1.0] | train det 0.2324 seg 0.9283 cnt 2327.7942
[stage1] epoch 3/100 step 12 | loss 1983.3745 | w [15.0, 8.0, 1.0] | train det 0.5336 seg 0.6082 cnt 1970.5056
[stage1] epoch 3/100 step 13 | loss 2061.5921 | w [15.0, 8.0, 1.0] | train det 0.2352 seg 0.9312 cnt 2050.6155
[stage1] epoch 3/100 step 14 | loss 1757.0512 | w [15.0, 8.0, 1.0] | train det 0.1377 seg 0.7150 cnt 1749.2654
[stage1] epoch 3/100 step 15 | loss 1734.4772 | w [15.0, 8.0, 1.0] | train det 0.6961 seg 0.7196 cnt 1718.2799
[stage1] epoch 3/100 step 16 | loss 1642.0114 | w [15.0, 8.0, 1.0] | train det 0.2321 seg 0.9945 cnt 1630.5745
[stage1] epoch 3/100 step 17 | loss 1863.8809 | w [15.0, 8.0, 1.0] | train det 0.6163 seg 0.8433 cnt 1847.8905
[stage1] epoch 3/100 step 18 | loss 1634.5427 | w [15.0, 8.0, 1.0] | train det 0.5012 seg 0.3257 cnt 1624.4188
[stage1] epoch 3/100 step 19 | loss 1772.9573 | w [15.0, 8.0, 1.0] | train det 0.2116 seg 0.7425 cnt 1763.8440
[stage1] epoch 3/100 step 20 | loss 1464.2714 | w [15.0, 8.0, 1.0] | train det 0.3532 seg 1.1492 cnt 1449.7793
[stage1] epoch 3/100 step 21 | loss 1287.6627 | w [15.0, 8.0, 1.0] | train det 0.4055 seg 0.7797 cnt 1275.3430
[stage1] epoch 3/100 step 22 | loss 1108.2241 | w [15.0, 8.0, 1.0] | train det 0.2791 seg 0.2984 cnt 1101.6497
[stage1] epoch 3/100 step 23 | loss 1154.6435 | w [15.0, 8.0, 1.0] | train det 0.2078 seg 1.0235 cnt 1143.3375
[stage1] epoch 3/100 step 24 | loss 1261.1319 | w [15.0, 8.0, 1.0] | train det 0.8139 seg 0.5869 cnt 1244.2278
[stage1] epoch 3/100 step 25 | loss 1082.9723 | w [15.0, 8.0, 1.0] | train det 0.4827 seg 0.5948 cnt 1070.9738
[stage1] epoch 3/100 step 26 | loss 1064.2097 | w [15.0, 8.0, 1.0] | train det 0.1441 seg 0.6774 cnt 1056.6289
[stage1] epoch 3/100 step 27 | loss 1052.4086 | w [15.0, 8.0, 1.0] | train det 0.2854 seg 0.6919 cnt 1042.5920
[stage1] epoch 3/100 step 28 | loss 1045.9704 | w [15.0, 8.0, 1.0] | train det 0.3530 seg 0.7884 cnt 1034.3683
[stage1] epoch 3/100 step 29 | loss 900.8110 | w [15.0, 8.0, 1.0] | train det 0.2784 seg 1.0483 cnt 888.2488
[stage1] epoch 3/100 step 30 | loss 875.4808 | w [15.0, 8.0, 1.0] | train det 0.3223 seg 0.9137 cnt 863.3365
[stage1] epoch 3/100 step 31 | loss 873.3705 | w [15.0, 8.0, 1.0] | train det 0.3420 seg 0.6652 cnt 862.9186
[stage1] epoch 3/100 step 32 | loss 819.9708 | w [15.0, 8.0, 1.0] | train det 0.4188 seg 0.6760 cnt 808.2802
[stage1] epoch 3/100 step 33 | loss 810.1219 | w [15.0, 8.0, 1.0] | train det 0.6755 seg 0.8880 cnt 792.8854
[stage1] epoch 3/100 step 34 | loss 657.3724 | w [15.0, 8.0, 1.0] | train det 0.1926 seg 0.9418 cnt 646.9495
[stage1] epoch 3/100 step 35 | loss 865.8729 | w [15.0, 8.0, 1.0] | train det 0.2848 seg 0.8129 cnt 855.0973
[stage1] epoch 3/100 step 36 | loss 660.8341 | w [15.0, 8.0, 1.0] | train det 0.6684 seg 0.7953 cnt 644.4454
[stage1] epoch 3/100 step 37 | loss 720.7424 | w [15.0, 8.0, 1.0] | train det 0.4528 seg 0.9750 cnt 706.1502
[stage1] epoch 3/100 step 38 | loss 616.8546 | w [15.0, 8.0, 1.0] | train det 0.4998 seg 0.9693 cnt 601.6027
[stage1] epoch 3/100 step 39 | loss 625.3496 | w [15.0, 8.0, 1.0] | train det 0.3516 seg 0.4512 cnt 616.4657
[stage1] epoch 3/100 step 40 | loss 582.4079 | w [15.0, 8.0, 1.0] | train det 0.4676 seg 0.4449 cnt 571.8350
[stage1] epoch 3/100 step 41 | loss 649.7350 | w [15.0, 8.0, 1.0] | train det 0.3473 seg 0.5563 cnt 640.0745
[stage1] epoch 3/100 step 42 | loss 548.7037 | w [15.0, 8.0, 1.0] | train det 0.4068 seg 0.5340 cnt 538.3297
[stage1] epoch 3/100 step 43 | loss 524.1842 | w [15.0, 8.0, 1.0] | train det 0.4751 seg 0.7639 cnt 510.9472
[stage1] epoch 3/100 | train 1517.9579 | det 0.4181 seg 0.7538 cnt 1505.6556
[stage1] epoch 4/100 step 1 | loss 448.6262 | w [15.0, 8.0, 1.0] | train det 0.1666 seg 0.5723 cnt 441.5495
[stage1] epoch 4/100 step 2 | loss 438.2543 | w [15.0, 8.0, 1.0] | train det 0.8939 seg 0.8837 cnt 417.7765
[stage1] epoch 4/100 step 3 | loss 434.7081 | w [15.0, 8.0, 1.0] | train det 0.2812 seg 0.5404 cnt 426.1662
[stage1] epoch 4/100 step 4 | loss 488.4029 | w [15.0, 8.0, 1.0] | train det 0.5183 seg 0.2526 cnt 478.6070
[stage1] epoch 4/100 step 5 | loss 371.5442 | w [15.0, 8.0, 1.0] | train det 0.3148 seg 0.6199 cnt 361.8633
[stage1] epoch 4/100 step 6 | loss 355.6893 | w [15.0, 8.0, 1.0] | train det 0.1825 seg 0.2862 cnt 350.6616
[stage1] epoch 4/100 step 7 | loss 322.8463 | w [15.0, 8.0, 1.0] | train det 0.1972 seg 0.7597 cnt 313.8109
[stage1] epoch 4/100 step 8 | loss 306.4517 | w [15.0, 8.0, 1.0] | train det 0.3415 seg 0.4696 cnt 297.5724
[stage1] epoch 4/100 step 9 | loss 294.5140 | w [15.0, 8.0, 1.0] | train det 0.3101 seg 0.8259 cnt 283.2544
[stage1] epoch 4/100 step 10 | loss 282.2443 | w [15.0, 8.0, 1.0] | train det 0.3182 seg 0.6835 cnt 272.0038
[stage1] epoch 4/100 step 11 | loss 282.7557 | w [15.0, 8.0, 1.0] | train det 0.5941 seg 0.7198 cnt 268.0861
[stage1] epoch 4/100 step 12 | loss 267.6530 | w [15.0, 8.0, 1.0] | train det 0.3492 seg 0.8821 cnt 255.3580
[stage1] epoch 4/100 step 13 | loss 242.3597 | w [15.0, 8.0, 1.0] | train det 0.4201 seg 0.6242 cnt 231.0652
[stage1] epoch 4/100 step 14 | loss 251.2724 | w [15.0, 8.0, 1.0] | train det 1.1108 seg 0.7449 cnt 228.6507
[stage1] epoch 4/100 step 15 | loss 233.0719 | w [15.0, 8.0, 1.0] | train det 0.4956 seg 0.6899 cnt 220.1182
[stage1] epoch 4/100 step 16 | loss 219.3607 | w [15.0, 8.0, 1.0] | train det 0.2430 seg 0.4909 cnt 211.7879
[stage1] epoch 4/100 step 17 | loss 209.1279 | w [15.0, 8.0, 1.0] | train det 0.9548 seg 0.4247 cnt 191.4077
[stage1] epoch 4/100 step 18 | loss 197.7561 | w [15.0, 8.0, 1.0] | train det 0.2607 seg 0.2868 cnt 191.5514
[stage1] epoch 4/100 step 19 | loss 181.4656 | w [15.0, 8.0, 1.0] | train det 0.1684 seg 0.6196 cnt 173.9835
[stage1] epoch 4/100 step 20 | loss 185.7467 | w [15.0, 8.0, 1.0] | train det 0.8318 seg 0.4461 cnt 169.7010
[stage1] epoch 4/100 step 21 | loss 177.4363 | w [15.0, 8.0, 1.0] | train det 0.7788 seg 0.4823 cnt 161.8952
[stage1] epoch 4/100 step 22 | loss 164.9478 | w [15.0, 8.0, 1.0] | train det 0.6085 seg 0.9421 cnt 148.2837
[stage1] epoch 4/100 step 23 | loss 141.9637 | w [15.0, 8.0, 1.0] | train det 0.2226 seg 0.6537 cnt 133.3955
[stage1] epoch 4/100 step 24 | loss 160.2796 | w [15.0, 8.0, 1.0] | train det 0.7963 seg 0.4627 cnt 144.6336
[stage1] epoch 4/100 step 25 | loss 149.2477 | w [15.0, 8.0, 1.0] | train det 0.3413 seg 0.5948 cnt 139.3695
[stage1] epoch 4/100 step 26 | loss 131.1287 | w [15.0, 8.0, 1.0] | train det 0.3750 seg 0.4123 cnt 122.2053
[stage1] epoch 4/100 step 27 | loss 137.2190 | w [15.0, 8.0, 1.0] | train det 0.4780 seg 0.3861 cnt 126.9600
[stage1] epoch 4/100 step 28 | loss 159.1048 | w [15.0, 8.0, 1.0] | train det 0.2493 seg 0.2626 cnt 153.2639
[stage1] epoch 4/100 step 29 | loss 120.1089 | w [15.0, 8.0, 1.0] | train det 0.5601 seg 0.9001 cnt 104.5066
[stage1] epoch 4/100 step 30 | loss 107.6731 | w [15.0, 8.0, 1.0] | train det 0.4317 seg 0.5927 cnt 96.4563
[stage1] epoch 4/100 step 31 | loss 108.0636 | w [15.0, 8.0, 1.0] | train det 0.5194 seg 0.6617 cnt 94.9796
[stage1] epoch 4/100 step 32 | loss 108.5402 | w [15.0, 8.0, 1.0] | train det 0.9441 seg 0.9912 cnt 86.4498
[stage1] epoch 4/100 step 33 | loss 94.8700 | w [15.0, 8.0, 1.0] | train det 0.5297 seg 0.5789 cnt 82.2926
[stage1] epoch 4/100 step 34 | loss 81.8872 | w [15.0, 8.0, 1.0] | train det 0.1254 seg 0.6139 cnt 75.0955
[stage1] epoch 4/100 step 35 | loss 84.1277 | w [15.0, 8.0, 1.0] | train det 0.3172 seg 0.3028 cnt 76.9470
[stage1] epoch 4/100 step 36 | loss 76.9122 | w [15.0, 8.0, 1.0] | train det 0.0975 seg 0.2908 cnt 73.1237
[stage1] epoch 4/100 step 37 | loss 68.2055 | w [15.0, 8.0, 1.0] | train det 0.1278 seg 0.4085 cnt 63.0206
[stage1] epoch 4/100 step 38 | loss 80.3875 | w [15.0, 8.0, 1.0] | train det 0.8370 seg 0.7009 cnt 62.2250
[stage1] epoch 4/100 step 39 | loss 79.9571 | w [15.0, 8.0, 1.0] | train det 0.2936 seg 1.1850 cnt 66.0728
[stage1] epoch 4/100 step 40 | loss 70.7356 | w [15.0, 8.0, 1.0] | train det 0.4993 seg 0.8406 cnt 56.5217
[stage1] epoch 4/100 step 41 | loss 54.0409 | w [15.0, 8.0, 1.0] | train det 0.2578 seg 0.4840 cnt 46.3026
[stage1] epoch 4/100 step 42 | loss 55.8798 | w [15.0, 8.0, 1.0] | train det 0.1453 seg 0.4849 cnt 49.8212
[stage1] epoch 4/100 step 43 | loss 52.4491 | w [15.0, 8.0, 1.0] | train det 0.1878 seg 0.6369 cnt 44.5376
[stage1] epoch 4/100 | train 197.1864 | det 0.4343 seg 0.5975 cnt 185.8915
[stage1] epoch 5/100 step 1 | loss 57.0999 | w [15.0, 8.0, 1.0] | train det 0.4419 seg 0.7065 cnt 44.8197
[stage1] epoch 5/100 step 2 | loss 52.3937 | w [15.0, 8.0, 1.0] | train det 0.3248 seg 0.2734 cnt 45.3340
[stage1] epoch 5/100 step 3 | loss 57.1442 | w [15.0, 8.0, 1.0] | train det 0.2459 seg 0.7410 cnt 47.5274
[stage1] epoch 5/100 step 4 | loss 44.5975 | w [15.0, 8.0, 1.0] | train det 0.2939 seg 0.5779 cnt 35.5662
[stage1] epoch 5/100 step 5 | loss 61.1147 | w [15.0, 8.0, 1.0] | train det 0.9926 seg 0.9937 cnt 38.2755
[stage1] epoch 5/100 step 6 | loss 56.4628 | w [15.0, 8.0, 1.0] | train det 0.4370 seg 0.7693 cnt 43.7541
[stage1] epoch 5/100 step 7 | loss 39.3555 | w [15.0, 8.0, 1.0] | train det 0.2842 seg 0.3865 cnt 32.0004
[stage1] epoch 5/100 step 8 | loss 46.9427 | w [15.0, 8.0, 1.0] | train det 0.6136 seg 0.6598 cnt 32.4599
[stage1] epoch 5/100 step 9 | loss 51.7882 | w [15.0, 8.0, 1.0] | train det 0.3543 seg 0.7844 cnt 40.1986
[stage1] epoch 5/100 step 10 | loss 40.3687 | w [15.0, 8.0, 1.0] | train det 0.2584 seg 0.3251 cnt 33.8916
[stage1] epoch 5/100 step 11 | loss 40.6329 | w [15.0, 8.0, 1.0] | train det 0.6360 seg 0.5828 cnt 26.4298
[stage1] epoch 5/100 step 12 | loss 35.9034 | w [15.0, 8.0, 1.0] | train det 0.2365 seg 0.8628 cnt 25.4530
[stage1] epoch 5/100 step 13 | loss 37.7804 | w [15.0, 8.0, 1.0] | train det 0.2901 seg 0.9519 cnt 25.8129
[stage1] epoch 5/100 step 14 | loss 34.0372 | w [15.0, 8.0, 1.0] | train det 0.1850 seg 0.4743 cnt 27.4678
[stage1] epoch 5/100 step 15 | loss 119.8233 | w [15.0, 8.0, 1.0] | train det 0.4052 seg 0.7077 cnt 108.0835
[stage1] epoch 5/100 step 16 | loss 28.9687 | w [15.0, 8.0, 1.0] | train det 0.2170 seg 0.4900 cnt 21.7938
[stage1] epoch 5/100 step 17 | loss 35.8321 | w [15.0, 8.0, 1.0] | train det 0.3933 seg 1.0902 cnt 21.2110
[stage1] epoch 5/100 step 18 | loss 43.6982 | w [15.0, 8.0, 1.0] | train det 1.2061 seg 0.5314 cnt 21.3552
[stage1] epoch 5/100 step 19 | loss 69.9557 | w [15.0, 8.0, 1.0] | train det 0.2883 seg 0.2915 cnt 63.2997
[stage1] epoch 5/100 step 20 | loss 31.4070 | w [15.0, 8.0, 1.0] | train det 0.3743 seg 0.4166 cnt 22.4591
[stage1] epoch 5/100 step 21 | loss 27.6347 | w [15.0, 8.0, 1.0] | train det 0.2330 seg 0.7600 cnt 18.0604
[stage1] epoch 5/100 step 22 | loss 26.8102 | w [15.0, 8.0, 1.0] | train det 0.4461 seg 0.3276 cnt 17.4972
[stage1] epoch 5/100 step 23 | loss 28.9211 | w [15.0, 8.0, 1.0] | train det 0.2897 seg 1.3076 cnt 14.1151
[stage1] epoch 5/100 step 24 | loss 27.8775 | w [15.0, 8.0, 1.0] | train det 0.5463 seg 0.5998 cnt 14.8841
[stage1] epoch 5/100 step 25 | loss 25.3738 | w [15.0, 8.0, 1.0] | train det 0.4554 seg 0.3709 cnt 15.5757
[stage1] epoch 5/100 step 26 | loss 30.2017 | w [15.0, 8.0, 1.0] | train det 0.6417 seg 0.2858 cnt 18.2899
[stage1] epoch 5/100 step 27 | loss 30.3213 | w [15.0, 8.0, 1.0] | train det 0.2934 seg 0.6959 cnt 20.3536
[stage1] epoch 5/100 step 28 | loss 30.6901 | w [15.0, 8.0, 1.0] | train det 0.6735 seg 0.4237 cnt 17.1978
[stage1] epoch 5/100 step 29 | loss 22.6569 | w [15.0, 8.0, 1.0] | train det 0.4120 seg 0.5379 cnt 12.1742
[stage1] epoch 5/100 step 30 | loss 32.9305 | w [15.0, 8.0, 1.0] | train det 0.1624 seg 0.8263 cnt 23.8843
[stage1] epoch 5/100 step 31 | loss 17.7834 | w [15.0, 8.0, 1.0] | train det 0.2098 seg 0.4394 cnt 11.1211
[stage1] epoch 5/100 step 32 | loss 23.6187 | w [15.0, 8.0, 1.0] | train det 0.3488 seg 0.7694 cnt 12.2321
[stage1] epoch 5/100 step 33 | loss 30.0373 | w [15.0, 8.0, 1.0] | train det 0.4122 seg 0.2436 cnt 21.9057
[stage1] epoch 5/100 step 34 | loss 22.6739 | w [15.0, 8.0, 1.0] | train det 0.1086 seg 0.7758 cnt 14.8380
[stage1] epoch 5/100 step 35 | loss 14.8289 | w [15.0, 8.0, 1.0] | train det 0.2259 seg 0.1919 cnt 9.9051
[stage1] epoch 5/100 step 36 | loss 19.3777 | w [15.0, 8.0, 1.0] | train det 0.1049 seg 0.5792 cnt 13.1707
[stage1] epoch 5/100 step 37 | loss 20.4248 | w [15.0, 8.0, 1.0] | train det 0.3811 seg 0.5087 cnt 10.6386
[stage1] epoch 5/100 step 38 | loss 23.3329 | w [15.0, 8.0, 1.0] | train det 0.3002 seg 0.6087 cnt 13.9601
[stage1] epoch 5/100 step 39 | loss 103.6879 | w [15.0, 8.0, 1.0] | train det 0.2597 seg 0.7850 cnt 93.5119
[stage1] epoch 5/100 step 40 | loss 17.5027 | w [15.0, 8.0, 1.0] | train det 0.2990 seg 0.4074 cnt 9.7585
[stage1] epoch 5/100 step 41 | loss 33.7496 | w [15.0, 8.0, 1.0] | train det 0.9363 seg 0.7455 cnt 13.7407
[stage1] epoch 5/100 step 42 | loss 22.5423 | w [15.0, 8.0, 1.0] | train det 0.4273 seg 0.7325 cnt 10.2727
[stage1] epoch 5/100 step 43 | loss 26.1111 | w [15.0, 8.0, 1.0] | train det 0.2843 seg 0.2116 cnt 20.1539
[stage1] epoch 5/100 | train 38.2418 | det 0.3937 seg 0.5989 cnt 27.5450
[stage1] epoch 6/100 step 1 | loss 26.0072 | w [15.0, 8.0, 1.0] | train det 0.6437 seg 0.4332 cnt 12.8852
[stage1] epoch 6/100 step 2 | loss 15.2779 | w [15.0, 8.0, 1.0] | train det 0.3010 seg 0.6747 cnt 5.3658
[stage1] epoch 6/100 step 3 | loss 25.0362 | w [15.0, 8.0, 1.0] | train det 0.5729 seg 1.0222 cnt 8.2654
[stage1] epoch 6/100 step 4 | loss 20.0022 | w [15.0, 8.0, 1.0] | train det 0.2070 seg 0.5707 cnt 12.3319
[stage1] epoch 6/100 step 5 | loss 12.5456 | w [15.0, 8.0, 1.0] | train det 0.1163 seg 0.5457 cnt 6.4349
[stage1] epoch 6/100 step 6 | loss 14.4194 | w [15.0, 8.0, 1.0] | train det 0.2662 seg 0.3062 cnt 7.9762
[stage1] epoch 6/100 step 7 | loss 19.0140 | w [15.0, 8.0, 1.0] | train det 0.4530 seg 0.5153 cnt 8.0971
[stage1] epoch 6/100 step 8 | loss 27.6189 | w [15.0, 8.0, 1.0] | train det 0.8148 seg 0.6105 cnt 10.5132
[stage1] epoch 6/100 step 9 | loss 15.9123 | w [15.0, 8.0, 1.0] | train det 0.3325 seg 0.7274 cnt 5.1048
[stage1] epoch 6/100 step 10 | loss 17.8783 | w [15.0, 8.0, 1.0] | train det 0.1654 seg 0.5256 cnt 11.1918
[stage1] epoch 6/100 step 11 | loss 16.3244 | w [15.0, 8.0, 1.0] | train det 0.4908 seg 0.4133 cnt 5.6568
[stage1] epoch 6/100 step 12 | loss 22.4215 | w [15.0, 8.0, 1.0] | train det 0.5537 seg 0.4128 cnt 10.8138
[stage1] epoch 6/100 step 13 | loss 49.3287 | w [15.0, 8.0, 1.0] | train det 1.5826 seg 0.8115 cnt 19.0976
[stage1] epoch 6/100 step 14 | loss 20.4359 | w [15.0, 8.0, 1.0] | train det 0.8216 seg 0.3595 cnt 5.2362
[stage1] epoch 6/100 step 15 | loss 32.1702 | w [15.0, 8.0, 1.0] | train det 0.3527 seg 0.4004 cnt 23.6768
[stage1] epoch 6/100 step 16 | loss 22.7206 | w [15.0, 8.0, 1.0] | train det 0.5273 seg 0.9761 cnt 7.0019
[stage1] epoch 6/100 step 17 | loss 13.9829 | w [15.0, 8.0, 1.0] | train det 0.2832 seg 0.3313 cnt 7.0838
[stage1] epoch 6/100 step 18 | loss 15.4604 | w [15.0, 8.0, 1.0] | train det 0.3439 seg 0.3402 cnt 7.5814
[stage1] epoch 6/100 step 19 | loss 18.7771 | w [15.0, 8.0, 1.0] | train det 0.1349 seg 0.7197 cnt 10.9958
[stage1] epoch 6/100 step 20 | loss 27.5809 | w [15.0, 8.0, 1.0] | train det 0.2950 seg 0.3314 cnt 20.5047
[stage1] epoch 6/100 step 21 | loss 15.7815 | w [15.0, 8.0, 1.0] | train det 0.3440 seg 0.4055 cnt 7.3777
[stage1] epoch 6/100 step 22 | loss 16.0210 | w [15.0, 8.0, 1.0] | train det 0.2563 seg 0.2820 cnt 9.9206
[stage1] epoch 6/100 step 23 | loss 13.3995 | w [15.0, 8.0, 1.0] | train det 0.1170 seg 0.6292 cnt 6.6115
[stage1] epoch 6/100 step 24 | loss 16.2023 | w [15.0, 8.0, 1.0] | train det 0.4927 seg 0.4789 cnt 4.9805
[stage1] epoch 6/100 step 25 | loss 17.9009 | w [15.0, 8.0, 1.0] | train det 0.2627 seg 0.4464 cnt 10.3887
[stage1] epoch 6/100 step 26 | loss 12.3515 | w [15.0, 8.0, 1.0] | train det 0.2529 seg 0.6254 cnt 3.5551
[stage1] epoch 6/100 step 27 | loss 13.5304 | w [15.0, 8.0, 1.0] | train det 0.3177 seg 0.2751 cnt 6.5644
[stage1] epoch 6/100 step 28 | loss 18.3604 | w [15.0, 8.0, 1.0] | train det 0.2586 seg 0.3673 cnt 11.5431
[stage1] epoch 6/100 step 29 | loss 13.2233 | w [15.0, 8.0, 1.0] | train det 0.3768 seg 0.3860 cnt 4.4831
[stage1] epoch 6/100 step 30 | loss 17.7786 | w [15.0, 8.0, 1.0] | train det 0.3021 seg 0.8882 cnt 6.1407
[stage1] epoch 6/100 step 31 | loss 20.3776 | w [15.0, 8.0, 1.0] | train det 0.5138 seg 0.5781 cnt 8.0450
[stage1] epoch 6/100 step 32 | loss 20.5030 | w [15.0, 8.0, 1.0] | train det 0.4903 seg 0.5069 cnt 9.0940
[stage1] epoch 6/100 step 33 | loss 11.7554 | w [15.0, 8.0, 1.0] | train det 0.1849 seg 0.5546 cnt 4.5454
[stage1] epoch 6/100 step 34 | loss 19.9391 | w [15.0, 8.0, 1.0] | train det 0.6360 seg 0.1625 cnt 9.0989
[stage1] epoch 6/100 step 35 | loss 16.7656 | w [15.0, 8.0, 1.0] | train det 0.3636 seg 0.8027 cnt 4.8895
[stage1] epoch 6/100 step 36 | loss 13.6317 | w [15.0, 8.0, 1.0] | train det 0.0902 seg 0.2376 cnt 10.3775
[stage1] epoch 6/100 step 37 | loss 29.3503 | w [15.0, 8.0, 1.0] | train det 0.7063 seg 0.3223 cnt 16.1775
[stage1] epoch 6/100 step 38 | loss 14.4841 | w [15.0, 8.0, 1.0] | train det 0.3721 seg 0.6253 cnt 3.9002
[stage1] epoch 6/100 step 39 | loss 33.1063 | w [15.0, 8.0, 1.0] | train det 0.6807 seg 0.1800 cnt 21.4558
[stage1] epoch 6/100 step 40 | loss 13.3250 | w [15.0, 8.0, 1.0] | train det 0.1549 seg 0.6639 cnt 5.6893
[stage1] epoch 6/100 step 41 | loss 10.6949 | w [15.0, 8.0, 1.0] | train det 0.1623 seg 0.4229 cnt 4.8773
[stage1] epoch 6/100 step 42 | loss 13.1092 | w [15.0, 8.0, 1.0] | train det 0.1806 seg 0.5728 cnt 5.8171
[stage1] epoch 6/100 step 43 | loss 21.4678 | w [15.0, 8.0, 1.0] | train det 0.5254 seg 0.4423 cnt 10.0482
[stage1] epoch 6/100 | train 19.2087 | det 0.4023 seg 0.5089 cnt 9.1022
[stage1] epoch 7/100 step 1 | loss 20.2317 | w [15.0, 8.0, 1.0] | train det 0.8637 seg 0.3324 cnt 4.6181
[stage1] epoch 7/100 step 2 | loss 20.1044 | w [15.0, 8.0, 1.0] | train det 0.8645 seg 0.4128 cnt 3.8354
[stage1] epoch 7/100 step 3 | loss 11.4817 | w [15.0, 8.0, 1.0] | train det 0.1630 seg 0.4313 cnt 5.5855
[stage1] epoch 7/100 step 4 | loss 21.1242 | w [15.0, 8.0, 1.0] | train det 0.1997 seg 0.4767 cnt 14.3156
[stage1] epoch 7/100 step 5 | loss 8.6763 | w [15.0, 8.0, 1.0] | train det 0.1522 seg 0.1770 cnt 4.9780
[stage1] epoch 7/100 step 6 | loss 17.6888 | w [15.0, 8.0, 1.0] | train det 0.5163 seg 0.4519 cnt 6.3289
[stage1] epoch 7/100 step 7 | loss 20.0776 | w [15.0, 8.0, 1.0] | train det 0.3749 seg 0.6244 cnt 9.4588
[stage1] epoch 7/100 step 8 | loss 14.8200 | w [15.0, 8.0, 1.0] | train det 0.3695 seg 0.4159 cnt 5.9496
[stage1] epoch 7/100 step 9 | loss 8.9500 | w [15.0, 8.0, 1.0] | train det 0.1024 seg 0.3084 cnt 4.9465
[stage1] epoch 7/100 step 10 | loss 16.9476 | w [15.0, 8.0, 1.0] | train det 0.2145 seg 0.6932 cnt 8.1847
[stage1] epoch 7/100 step 11 | loss 15.1872 | w [15.0, 8.0, 1.0] | train det 0.1357 seg 0.3614 cnt 10.2597
[stage1] epoch 7/100 step 12 | loss 10.9525 | w [15.0, 8.0, 1.0] | train det 0.2964 seg 0.2863 cnt 4.2158
[stage1] epoch 7/100 step 13 | loss 12.8711 | w [15.0, 8.0, 1.0] | train det 0.1147 seg 0.5502 cnt 6.7498
[stage1] epoch 7/100 step 14 | loss 11.0222 | w [15.0, 8.0, 1.0] | train det 0.1610 seg 0.3492 cnt 5.8135
[stage1] epoch 7/100 step 15 | loss 12.5587 | w [15.0, 8.0, 1.0] | train det 0.2080 seg 0.4272 cnt 6.0208
[stage1] epoch 7/100 step 16 | loss 18.8181 | w [15.0, 8.0, 1.0] | train det 0.2891 seg 0.6555 cnt 9.2370
[stage1] epoch 7/100 step 17 | loss 14.3534 | w [15.0, 8.0, 1.0] | train det 0.1637 seg 0.7128 cnt 6.1951
[stage1] epoch 7/100 step 18 | loss 13.1397 | w [15.0, 8.0, 1.0] | train det 0.2825 seg 0.4201 cnt 5.5412
[stage1] epoch 7/100 step 19 | loss 15.8071 | w [15.0, 8.0, 1.0] | train det 0.4734 seg 0.4520 cnt 5.0894
[stage1] epoch 7/100 step 20 | loss 9.4587 | w [15.0, 8.0, 1.0] | train det 0.1406 seg 0.5025 cnt 3.3298
[stage1] epoch 7/100 step 21 | loss 13.5829 | w [15.0, 8.0, 1.0] | train det 0.1749 seg 0.3648 cnt 8.0400
[stage1] epoch 7/100 step 22 | loss 13.3987 | w [15.0, 8.0, 1.0] | train det 0.3901 seg 0.5767 cnt 2.9334
[stage1] epoch 7/100 step 23 | loss 23.5338 | w [15.0, 8.0, 1.0] | train det 0.1759 seg 0.7560 cnt 14.8475
[stage1] epoch 7/100 step 24 | loss 22.3680 | w [15.0, 8.0, 1.0] | train det 0.2844 seg 0.5073 cnt 14.0440
[stage1] epoch 7/100 step 25 | loss 11.7390 | w [15.0, 8.0, 1.0] | train det 0.1900 seg 0.6198 cnt 3.9303
[stage1] epoch 7/100 step 26 | loss 6.8155 | w [15.0, 8.0, 1.0] | train det 0.1536 seg 0.0697 cnt 3.9536
[stage1] epoch 7/100 step 27 | loss 10.8269 | w [15.0, 8.0, 1.0] | train det 0.1852 seg 0.2631 cnt 5.9448
[stage1] epoch 7/100 step 28 | loss 20.5168 | w [15.0, 8.0, 1.0] | train det 0.2612 seg 0.4068 cnt 13.3443
[stage1] epoch 7/100 step 29 | loss 10.3094 | w [15.0, 8.0, 1.0] | train det 0.2024 seg 0.3335 cnt 4.6056
[stage1] epoch 7/100 step 30 | loss 22.3085 | w [15.0, 8.0, 1.0] | train det 0.9203 seg 0.2870 cnt 6.2078
[stage1] epoch 7/100 step 31 | loss 15.5522 | w [15.0, 8.0, 1.0] | train det 0.1695 seg 0.5111 cnt 8.9213
[stage1] epoch 7/100 step 32 | loss 18.2194 | w [15.0, 8.0, 1.0] | train det 0.4321 seg 0.6844 cnt 6.2630
[stage1] epoch 7/100 step 33 | loss 11.1500 | w [15.0, 8.0, 1.0] | train det 0.2932 seg 0.2856 cnt 4.4676
[stage1] epoch 7/100 step 34 | loss 11.3748 | w [15.0, 8.0, 1.0] | train det 0.1158 seg 0.5613 cnt 5.1481
[stage1] epoch 7/100 step 35 | loss 18.4270 | w [15.0, 8.0, 1.0] | train det 0.4093 seg 0.4286 cnt 8.8581
[stage1] epoch 7/100 step 36 | loss 12.3538 | w [15.0, 8.0, 1.0] | train det 0.2272 seg 0.6336 cnt 3.8770
[stage1] epoch 7/100 step 37 | loss 25.6498 | w [15.0, 8.0, 1.0] | train det 0.9878 seg 0.5597 cnt 6.3551
[stage1] epoch 7/100 step 38 | loss 23.3071 | w [15.0, 8.0, 1.0] | train det 0.8161 seg 0.6041 cnt 6.2318
[stage1] epoch 7/100 step 39 | loss 12.5130 | w [15.0, 8.0, 1.0] | train det 0.2130 seg 0.4660 cnt 5.5899
[stage1] epoch 7/100 step 40 | loss 18.2279 | w [15.0, 8.0, 1.0] | train det 0.2680 seg 0.6367 cnt 9.1138
[stage1] epoch 7/100 step 41 | loss 11.7244 | w [15.0, 8.0, 1.0] | train det 0.1486 seg 0.4780 cnt 5.6717
[stage1] epoch 7/100 step 42 | loss 18.2715 | w [15.0, 8.0, 1.0] | train det 0.5657 seg 0.5701 cnt 5.2260
[stage1] epoch 7/100 step 43 | loss 12.9635 | w [15.0, 8.0, 1.0] | train det 0.3539 seg 0.3690 cnt 4.7034
[stage1] epoch 7/100 | train 15.3350 | det 0.3261 seg 0.4654 cnt 6.7193
[stage1] epoch 8/100 step 1 | loss 20.8973 | w [15.0, 8.0, 1.0] | train det 0.1313 seg 0.4401 cnt 15.4070
[stage1] epoch 8/100 step 2 | loss 14.2415 | w [15.0, 8.0, 1.0] | train det 0.2670 seg 0.3055 cnt 7.7934
[stage1] epoch 8/100 step 3 | loss 14.5210 | w [15.0, 8.0, 1.0] | train det 0.4613 seg 0.2388 cnt 5.6910
[stage1] epoch 8/100 step 4 | loss 13.2189 | w [15.0, 8.0, 1.0] | train det 0.1863 seg 0.7079 cnt 4.7605
[stage1] epoch 8/100 step 5 | loss 15.4263 | w [15.0, 8.0, 1.0] | train det 0.4195 seg 0.7313 cnt 3.2843
[stage1] epoch 8/100 step 6 | loss 16.0757 | w [15.0, 8.0, 1.0] | train det 0.1964 seg 0.6359 cnt 8.0416
[stage1] epoch 8/100 step 7 | loss 17.9093 | w [15.0, 8.0, 1.0] | train det 0.4815 seg 0.5452 cnt 6.3249
[stage1] epoch 8/100 step 8 | loss 11.6867 | w [15.0, 8.0, 1.0] | train det 0.1255 seg 0.6035 cnt 4.9766
[stage1] epoch 8/100 step 9 | loss 29.3106 | w [15.0, 8.0, 1.0] | train det 1.2570 seg 0.3161 cnt 7.9267
[stage1] epoch 8/100 step 10 | loss 14.3363 | w [15.0, 8.0, 1.0] | train det 0.2722 seg 0.5197 cnt 6.0949
[stage1] epoch 8/100 step 11 | loss 22.8256 | w [15.0, 8.0, 1.0] | train det 0.4415 seg 0.5225 cnt 12.0229
[stage1] epoch 8/100 step 12 | loss 14.7955 | w [15.0, 8.0, 1.0] | train det 0.3086 seg 0.4460 cnt 6.5981
[stage1] epoch 8/100 step 13 | loss 32.6998 | w [15.0, 8.0, 1.0] | train det 0.2991 seg 0.6962 cnt 22.6440
[stage1] epoch 8/100 step 14 | loss 17.1265 | w [15.0, 8.0, 1.0] | train det 0.2225 seg 0.5786 cnt 9.1591
[stage1] epoch 8/100 step 15 | loss 24.4404 | w [15.0, 8.0, 1.0] | train det 0.7018 seg 0.3244 cnt 11.3176
[stage1] epoch 8/100 step 16 | loss 15.2080 | w [15.0, 8.0, 1.0] | train det 0.3273 seg 0.3343 cnt 7.6243
[stage1] epoch 8/100 step 17 | loss 15.6496 | w [15.0, 8.0, 1.0] | train det 0.2755 seg 0.2496 cnt 9.5204
[stage1] epoch 8/100 step 18 | loss 10.3483 | w [15.0, 8.0, 1.0] | train det 0.1274 seg 0.3457 cnt 5.6723
[stage1] epoch 8/100 step 19 | loss 19.6010 | w [15.0, 8.0, 1.0] | train det 0.2647 seg 0.4168 cnt 12.2968
[stage1] epoch 8/100 step 20 | loss 19.5554 | w [15.0, 8.0, 1.0] | train det 0.5978 seg 0.4180 cnt 7.2440
[stage1] epoch 8/100 step 21 | loss 12.8241 | w [15.0, 8.0, 1.0] | train det 0.2639 seg 0.3731 cnt 5.8798
[stage1] epoch 8/100 step 22 | loss 18.9944 | w [15.0, 8.0, 1.0] | train det 0.3645 seg 0.4586 cnt 9.8579
[stage1] epoch 8/100 step 23 | loss 27.8960 | w [15.0, 8.0, 1.0] | train det 0.2895 seg 0.5065 cnt 19.5010
[stage1] epoch 8/100 step 24 | loss 18.6569 | w [15.0, 8.0, 1.0] | train det 0.4161 seg 0.6265 cnt 7.4036
[stage1] epoch 8/100 step 25 | loss 29.4607 | w [15.0, 8.0, 1.0] | train det 0.5559 seg 0.6289 cnt 16.0918
[stage1] epoch 8/100 step 26 | loss 15.9341 | w [15.0, 8.0, 1.0] | train det 0.2606 seg 0.4197 cnt 8.6671
[stage1] epoch 8/100 step 27 | loss 14.9982 | w [15.0, 8.0, 1.0] | train det 0.2407 seg 0.7163 cnt 5.6568
[stage1] epoch 8/100 step 28 | loss 13.3397 | w [15.0, 8.0, 1.0] | train det 0.2950 seg 0.5222 cnt 4.7372
[stage1] epoch 8/100 step 29 | loss 12.5532 | w [15.0, 8.0, 1.0] | train det 0.3351 seg 0.4461 cnt 3.9575
[stage1] epoch 8/100 step 30 | loss 14.0305 | w [15.0, 8.0, 1.0] | train det 0.1744 seg 0.3708 cnt 8.4480
[stage1] epoch 8/100 step 31 | loss 15.5731 | w [15.0, 8.0, 1.0] | train det 0.4973 seg 0.2228 cnt 6.3316
[stage1] epoch 8/100 step 32 | loss 14.5721 | w [15.0, 8.0, 1.0] | train det 0.5307 seg 0.3237 cnt 4.0228
[stage1] epoch 8/100 step 33 | loss 18.1715 | w [15.0, 8.0, 1.0] | train det 0.5339 seg 0.2882 cnt 7.8583
[stage1] epoch 8/100 step 34 | loss 13.3724 | w [15.0, 8.0, 1.0] | train det 0.2763 seg 0.4185 cnt 5.8801
[stage1] epoch 8/100 step 35 | loss 22.2660 | w [15.0, 8.0, 1.0] | train det 0.4895 seg 0.4849 cnt 11.0440
[stage1] epoch 8/100 step 36 | loss 13.5938 | w [15.0, 8.0, 1.0] | train det 0.2665 seg 0.4482 cnt 6.0109
[stage1] epoch 8/100 step 37 | loss 29.2054 | w [15.0, 8.0, 1.0] | train det 0.0893 seg 0.6888 cnt 22.3550
[stage1] epoch 8/100 step 38 | loss 18.2689 | w [15.0, 8.0, 1.0] | train det 0.2829 seg 0.5504 cnt 9.6229
[stage1] epoch 8/100 step 39 | loss 21.6623 | w [15.0, 8.0, 1.0] | train det 0.4262 seg 0.5689 cnt 10.7182
[stage1] epoch 8/100 step 40 | loss 12.8086 | w [15.0, 8.0, 1.0] | train det 0.2011 seg 0.2479 cnt 7.8097
[stage1] epoch 8/100 step 41 | loss 19.4762 | w [15.0, 8.0, 1.0] | train det 0.3659 seg 0.6819 cnt 8.5316
[stage1] epoch 8/100 step 42 | loss 12.1864 | w [15.0, 8.0, 1.0] | train det 0.1725 seg 0.6274 cnt 4.5790
[stage1] epoch 8/100 step 43 | loss 23.3636 | w [15.0, 8.0, 1.0] | train det 0.5870 seg 0.3170 cnt 12.0233
[stage1] epoch 8/100 | train 17.9786 | det 0.3553 seg 0.4724 cnt 8.8695
[stage1] epoch 9/100 step 1 | loss 9.0671 | w [15.0, 8.0, 1.0] | train det 0.1401 seg 0.5027 cnt 2.9434
[stage1] epoch 9/100 step 2 | loss 9.7878 | w [15.0, 8.0, 1.0] | train det 0.2360 seg 0.2909 cnt 3.9215
[stage1] epoch 9/100 step 3 | loss 9.7070 | w [15.0, 8.0, 1.0] | train det 0.1690 seg 0.3040 cnt 4.7402
[stage1] epoch 9/100 step 4 | loss 12.2415 | w [15.0, 8.0, 1.0] | train det 0.4098 seg 0.3160 cnt 3.5668
[stage1] epoch 9/100 step 5 | loss 13.7116 | w [15.0, 8.0, 1.0] | train det 0.3079 seg 0.2015 cnt 7.4805
[stage1] epoch 9/100 step 6 | loss 12.3205 | w [15.0, 8.0, 1.0] | train det 0.3008 seg 0.2508 cnt 5.8026
[stage1] epoch 9/100 step 7 | loss 14.2676 | w [15.0, 8.0, 1.0] | train det 0.1837 seg 0.2276 cnt 9.6916
[stage1] epoch 9/100 step 8 | loss 13.0059 | w [15.0, 8.0, 1.0] | train det 0.3588 seg 0.1580 cnt 6.3597
[stage1] epoch 9/100 step 9 | loss 12.2899 | w [15.0, 8.0, 1.0] | train det 0.3907 seg 0.2030 cnt 4.8059
[stage1] epoch 9/100 step 10 | loss 24.0402 | w [15.0, 8.0, 1.0] | train det 0.2551 seg 0.5186 cnt 16.0648
[stage1] epoch 9/100 step 11 | loss 18.6066 | w [15.0, 8.0, 1.0] | train det 0.2039 seg 0.3762 cnt 12.5384
[stage1] epoch 9/100 step 12 | loss 12.9317 | w [15.0, 8.0, 1.0] | train det 0.4119 seg 0.2736 cnt 4.5645
[stage1] epoch 9/100 step 13 | loss 16.2207 | w [15.0, 8.0, 1.0] | train det 0.5002 seg 0.2888 cnt 6.4076
[stage1] epoch 9/100 step 14 | loss 7.7010 | w [15.0, 8.0, 1.0] | train det 0.1054 seg 0.3057 cnt 3.6743
[stage1] epoch 9/100 step 15 | loss 9.7583 | w [15.0, 8.0, 1.0] | train det 0.1924 seg 0.5654 cnt 2.3487
[stage1] epoch 9/100 step 16 | loss 13.6754 | w [15.0, 8.0, 1.0] | train det 0.2692 seg 0.4273 cnt 6.2183
[stage1] epoch 9/100 step 17 | loss 17.4419 | w [15.0, 8.0, 1.0] | train det 0.3109 seg 0.6555 cnt 7.5349
[stage1] epoch 9/100 step 18 | loss 15.4614 | w [15.0, 8.0, 1.0] | train det 0.3331 seg 0.5409 cnt 6.1388
[stage1] epoch 9/100 step 19 | loss 28.2089 | w [15.0, 8.0, 1.0] | train det 0.6679 seg 0.1690 cnt 16.8383
[stage1] epoch 9/100 step 20 | loss 14.2452 | w [15.0, 8.0, 1.0] | train det 0.3136 seg 0.3198 cnt 6.9825
[stage1] epoch 9/100 step 21 | loss 17.8277 | w [15.0, 8.0, 1.0] | train det 0.3331 seg 0.2994 cnt 10.4364
[stage1] epoch 9/100 step 22 | loss 10.9258 | w [15.0, 8.0, 1.0] | train det 0.2059 seg 0.4694 cnt 4.0818
[stage1] epoch 9/100 step 23 | loss 17.7414 | w [15.0, 8.0, 1.0] | train det 0.3422 seg 0.7314 cnt 6.7570
[stage1] epoch 9/100 step 24 | loss 19.1238 | w [15.0, 8.0, 1.0] | train det 0.8037 seg 0.4549 cnt 3.4289
[stage1] epoch 9/100 step 25 | loss 10.1939 | w [15.0, 8.0, 1.0] | train det 0.2759 seg 0.2152 cnt 4.3344
[stage1] epoch 9/100 step 26 | loss 17.5093 | w [15.0, 8.0, 1.0] | train det 0.7576 seg 0.3161 cnt 3.6161
[stage1] epoch 9/100 step 27 | loss 12.9410 | w [15.0, 8.0, 1.0] | train det 0.3741 seg 0.2683 cnt 5.1841
[stage1] epoch 9/100 step 28 | loss 11.2438 | w [15.0, 8.0, 1.0] | train det 0.3369 seg 0.2681 cnt 4.0449
[stage1] epoch 9/100 step 29 | loss 15.8463 | w [15.0, 8.0, 1.0] | train det 0.2499 seg 0.4671 cnt 8.3601
[stage1] epoch 9/100 step 30 | loss 9.1958 | w [15.0, 8.0, 1.0] | train det 0.1483 seg 0.1456 cnt 5.8070
[stage1] epoch 9/100 step 31 | loss 23.6246 | w [15.0, 8.0, 1.0] | train det 0.7434 seg 0.3506 cnt 9.6693
[stage1] epoch 9/100 step 32 | loss 15.8503 | w [15.0, 8.0, 1.0] | train det 0.4479 seg 0.2513 cnt 7.1218
[stage1] epoch 9/100 step 33 | loss 14.9165 | w [15.0, 8.0, 1.0] | train det 0.3122 seg 0.4906 cnt 6.3086
[stage1] epoch 9/100 step 34 | loss 25.2576 | w [15.0, 8.0, 1.0] | train det 0.3483 seg 0.3566 cnt 17.1810
[stage1] epoch 9/100 step 35 | loss 16.2205 | w [15.0, 8.0, 1.0] | train det 0.1104 seg 0.4126 cnt 11.2635
[stage1] epoch 9/100 step 36 | loss 17.1590 | w [15.0, 8.0, 1.0] | train det 0.6402 seg 0.3866 cnt 4.4624
[stage1] epoch 9/100 step 37 | loss 10.7083 | w [15.0, 8.0, 1.0] | train det 0.1536 seg 0.2716 cnt 6.2318
[stage1] epoch 9/100 step 38 | loss 10.1713 | w [15.0, 8.0, 1.0] | train det 0.1895 seg 0.4542 cnt 3.6951
[stage1] epoch 9/100 step 39 | loss 8.9035 | w [15.0, 8.0, 1.0] | train det 0.1924 seg 0.4682 cnt 2.2714
[stage1] epoch 9/100 step 40 | loss 12.7392 | w [15.0, 8.0, 1.0] | train det 0.3198 seg 0.2200 cnt 6.1827
[stage1] epoch 9/100 step 41 | loss 14.7730 | w [15.0, 8.0, 1.0] | train det 0.2980 seg 0.3603 cnt 7.4198
[stage1] epoch 9/100 step 42 | loss 13.3606 | w [15.0, 8.0, 1.0] | train det 0.3530 seg 0.2019 cnt 6.4508
[stage1] epoch 9/100 step 43 | loss 22.2970 | w [15.0, 8.0, 1.0] | train det 0.2181 seg 0.7115 cnt 13.3335
[stage1] epoch 9/100 | train 14.7261 | det 0.3306 seg 0.3597 cnt 6.8899
[stage1] epoch 10/100 step 1 | loss 9.7845 | w [15.0, 8.0, 1.0] | train det 0.1203 seg 0.3598 cnt 5.1012
[stage1] epoch 10/100 step 2 | loss 15.2372 | w [15.0, 8.0, 1.0] | train det 0.1498 seg 0.2809 cnt 10.7429
[stage1] epoch 10/100 step 3 | loss 8.4150 | w [15.0, 8.0, 1.0] | train det 0.2430 seg 0.0785 cnt 4.1415
[stage1] epoch 10/100 step 4 | loss 11.9610 | w [15.0, 8.0, 1.0] | train det 0.3712 seg 0.1755 cnt 4.9889
[stage1] epoch 10/100 step 5 | loss 13.7551 | w [15.0, 8.0, 1.0] | train det 0.1837 seg 0.3675 cnt 8.0597
[stage1] epoch 10/100 step 6 | loss 7.8149 | w [15.0, 8.0, 1.0] | train det 0.1116 seg 0.3902 cnt 3.0194
[stage1] epoch 10/100 step 7 | loss 22.6011 | w [15.0, 8.0, 1.0] | train det 0.4098 seg 0.4471 cnt 12.8772
[stage1] epoch 10/100 step 8 | loss 16.1980 | w [15.0, 8.0, 1.0] | train det 0.5228 seg 0.5234 cnt 4.1683
[stage1] epoch 10/100 step 9 | loss 18.6061 | w [15.0, 8.0, 1.0] | train det 0.3835 seg 0.5884 cnt 8.1462
[stage1] epoch 10/100 step 10 | loss 19.4605 | w [15.0, 8.0, 1.0] | train det 0.2941 seg 0.3614 cnt 12.1574
[stage1] epoch 10/100 step 11 | loss 22.0274 | w [15.0, 8.0, 1.0] | train det 0.4418 seg 0.3831 cnt 12.3352
[stage1] epoch 10/100 step 12 | loss 18.2461 | w [15.0, 8.0, 1.0] | train det 0.3832 seg 0.5063 cnt 8.4471
[stage1] epoch 10/100 step 13 | loss 13.1810 | w [15.0, 8.0, 1.0] | train det 0.2815 seg 0.2182 cnt 7.2131
[stage1] epoch 10/100 step 14 | loss 14.3767 | w [15.0, 8.0, 1.0] | train det 0.2278 seg 0.4266 cnt 7.5468
[stage1] epoch 10/100 step 15 | loss 17.6972 | w [15.0, 8.0, 1.0] | train det 0.2694 seg 0.5280 cnt 9.4328
[stage1] epoch 10/100 step 16 | loss 9.6574 | w [15.0, 8.0, 1.0] | train det 0.2022 seg 0.2275 cnt 4.8047
[stage1] epoch 10/100 step 17 | loss 14.9780 | w [15.0, 8.0, 1.0] | train det 0.4123 seg 0.5183 cnt 4.6471
[stage1] epoch 10/100 step 18 | loss 16.5802 | w [15.0, 8.0, 1.0] | train det 0.5248 seg 0.5408 cnt 4.3810
[stage1] epoch 10/100 step 19 | loss 13.8800 | w [15.0, 8.0, 1.0] | train det 0.2793 seg 0.5416 cnt 5.3578
[stage1] epoch 10/100 step 20 | loss 16.2767 | w [15.0, 8.0, 1.0] | train det 0.3196 seg 0.5969 cnt 6.7074
[stage1] epoch 10/100 step 21 | loss 18.6764 | w [15.0, 8.0, 1.0] | train det 0.7147 seg 0.5383 cnt 3.6500
[stage1] epoch 10/100 step 22 | loss 9.5227 | w [15.0, 8.0, 1.0] | train det 0.2508 seg 0.3397 cnt 3.0427
[stage1] epoch 10/100 step 23 | loss 19.6303 | w [15.0, 8.0, 1.0] | train det 0.2623 seg 0.5450 cnt 11.3359
[stage1] epoch 10/100 step 24 | loss 11.6501 | w [15.0, 8.0, 1.0] | train det 0.1818 seg 0.4637 cnt 5.2136
[stage1] epoch 10/100 step 25 | loss 11.1413 | w [15.0, 8.0, 1.0] | train det 0.2583 seg 0.3509 cnt 4.4600
[stage1] epoch 10/100 step 26 | loss 22.4479 | w [15.0, 8.0, 1.0] | train det 0.5706 seg 0.3271 cnt 11.2726
[stage1] epoch 10/100 step 27 | loss 9.9141 | w [15.0, 8.0, 1.0] | train det 0.2423 seg 0.2378 cnt 4.3763
[stage1] epoch 10/100 step 28 | loss 12.3435 | w [15.0, 8.0, 1.0] | train det 0.3747 seg 0.3272 cnt 4.1054
[stage1] epoch 10/100 step 29 | loss 13.1801 | w [15.0, 8.0, 1.0] | train det 0.1961 seg 0.4103 cnt 6.9556
[stage1] epoch 10/100 step 30 | loss 12.1682 | w [15.0, 8.0, 1.0] | train det 0.4251 seg 0.3320 cnt 3.1362
[stage1] epoch 10/100 step 31 | loss 20.6324 | w [15.0, 8.0, 1.0] | train det 0.2719 seg 0.4810 cnt 12.7063
[stage1] epoch 10/100 step 32 | loss 11.9642 | w [15.0, 8.0, 1.0] | train det 0.3237 seg 0.4065 cnt 3.8571
[stage1] epoch 10/100 step 33 | loss 22.3388 | w [15.0, 8.0, 1.0] | train det 0.6986 seg 0.2617 cnt 9.7666
[stage1] epoch 10/100 step 34 | loss 20.3650 | w [15.0, 8.0, 1.0] | train det 0.2951 seg 0.4017 cnt 12.7249
[stage1] epoch 10/100 step 35 | loss 22.6558 | w [15.0, 8.0, 1.0] | train det 0.4285 seg 0.3094 cnt 13.7522
[stage1] epoch 10/100 step 36 | loss 13.7650 | w [15.0, 8.0, 1.0] | train det 0.1526 seg 0.2728 cnt 9.2942
[stage1] epoch 10/100 step 37 | loss 13.1298 | w [15.0, 8.0, 1.0] | train det 0.0972 seg 0.4278 cnt 8.2496
[stage1] epoch 10/100 step 38 | loss 12.2621 | w [15.0, 8.0, 1.0] | train det 0.1549 seg 0.2705 cnt 7.7743
[stage1] epoch 10/100 step 39 | loss 16.7783 | w [15.0, 8.0, 1.0] | train det 0.2475 seg 0.5501 cnt 8.6644
[stage1] epoch 10/100 step 40 | loss 11.4002 | w [15.0, 8.0, 1.0] | train det 0.3234 seg 0.1956 cnt 4.9852
[stage1] epoch 10/100 step 41 | loss 10.2890 | w [15.0, 8.0, 1.0] | train det 0.1712 seg 0.3359 cnt 5.0340
[stage1] epoch 10/100 step 42 | loss 8.3709 | w [15.0, 8.0, 1.0] | train det 0.0752 seg 0.3389 cnt 4.5315
[stage1] epoch 10/100 step 43 | loss 16.3602 | w [15.0, 8.0, 1.0] | train det 0.5112 seg 0.4405 cnt 5.1679
[stage1] epoch 10/100 | train 14.9237 | det 0.3107 seg 0.3866 cnt 7.1705
[stage1] epoch 11/100 step 1 | loss 19.5630 | w [15.0, 8.0, 1.0] | train det 0.3536 seg 0.4168 cnt 10.9247
[stage1] epoch 11/100 step 2 | loss 11.5738 | w [15.0, 8.0, 1.0] | train det 0.1276 seg 0.5336 cnt 5.3907
[stage1] epoch 11/100 step 3 | loss 14.4822 | w [15.0, 8.0, 1.0] | train det 0.4623 seg 0.3490 cnt 4.7561
[stage1] epoch 11/100 step 4 | loss 18.1500 | w [15.0, 8.0, 1.0] | train det 0.2162 seg 0.3025 cnt 12.4872
[stage1] epoch 11/100 step 5 | loss 13.5203 | w [15.0, 8.0, 1.0] | train det 0.3579 seg 0.3777 cnt 5.1310
[stage1] epoch 11/100 step 6 | loss 21.7447 | w [15.0, 8.0, 1.0] | train det 0.8581 seg 0.5117 cnt 4.7803
[stage1] epoch 11/100 step 7 | loss 12.6850 | w [15.0, 8.0, 1.0] | train det 0.2215 seg 0.3203 cnt 6.7996
[stage1] epoch 11/100 step 8 | loss 19.8436 | w [15.0, 8.0, 1.0] | train det 0.6851 seg 0.4727 cnt 5.7855
[stage1] epoch 11/100 step 9 | loss 34.3601 | w [15.0, 8.0, 1.0] | train det 1.3634 seg 0.5788 cnt 9.2782
[stage1] epoch 11/100 step 10 | loss 12.3422 | w [15.0, 8.0, 1.0] | train det 0.2715 seg 0.3055 cnt 5.8252
[stage1] epoch 11/100 step 11 | loss 13.2322 | w [15.0, 8.0, 1.0] | train det 0.3477 seg 0.3616 cnt 5.1241
[stage1] epoch 11/100 step 12 | loss 13.6739 | w [15.0, 8.0, 1.0] | train det 0.2636 seg 0.5399 cnt 5.4008
[stage1] epoch 11/100 step 13 | loss 8.7992 | w [15.0, 8.0, 1.0] | train det 0.2699 seg 0.2524 cnt 2.7313
[stage1] epoch 11/100 step 14 | loss 8.5124 | w [15.0, 8.0, 1.0] | train det 0.1156 seg 0.3630 cnt 3.8748
[stage1] epoch 11/100 step 15 | loss 13.9846 | w [15.0, 8.0, 1.0] | train det 0.2086 seg 0.4594 cnt 7.1802
[stage1] epoch 11/100 step 16 | loss 16.6876 | w [15.0, 8.0, 1.0] | train det 0.5923 seg 0.1989 cnt 6.2125
[stage1] epoch 11/100 step 17 | loss 23.0602 | w [15.0, 8.0, 1.0] | train det 0.4497 seg 0.3953 cnt 13.1522
[stage1] epoch 11/100 step 18 | loss 12.0037 | w [15.0, 8.0, 1.0] | train det 0.2101 seg 0.2999 cnt 6.4531
[stage1] epoch 11/100 step 19 | loss 12.7825 | w [15.0, 8.0, 1.0] | train det 0.3571 seg 0.2801 cnt 5.1850
[stage1] epoch 11/100 step 20 | loss 6.3839 | w [15.0, 8.0, 1.0] | train det 0.0738 seg 0.1112 cnt 4.3877
[stage1] epoch 11/100 step 21 | loss 24.2486 | w [15.0, 8.0, 1.0] | train det 0.6699 seg 0.3933 cnt 11.0531
[stage1] epoch 11/100 step 22 | loss 15.6569 | w [15.0, 8.0, 1.0] | train det 0.5906 seg 0.4573 cnt 3.1387
[stage1] epoch 11/100 step 23 | loss 16.6951 | w [15.0, 8.0, 1.0] | train det 0.2112 seg 0.4809 cnt 9.6795
[stage1] epoch 11/100 step 24 | loss 12.6344 | w [15.0, 8.0, 1.0] | train det 0.2161 seg 0.5202 cnt 5.2318
[stage1] epoch 11/100 step 25 | loss 15.7544 | w [15.0, 8.0, 1.0] | train det 0.1260 seg 0.4315 cnt 10.4125
[stage1] epoch 11/100 step 26 | loss 12.1117 | w [15.0, 8.0, 1.0] | train det 0.2660 seg 0.3958 cnt 4.9546
[stage1] epoch 11/100 step 27 | loss 12.5227 | w [15.0, 8.0, 1.0] | train det 0.4155 seg 0.2294 cnt 4.4547
[stage1] epoch 11/100 step 28 | loss 21.3353 | w [15.0, 8.0, 1.0] | train det 0.3343 seg 0.4443 cnt 12.7663
[stage1] epoch 11/100 step 29 | loss 17.0868 | w [15.0, 8.0, 1.0] | train det 0.6314 seg 0.3350 cnt 4.9361
[stage1] epoch 11/100 step 30 | loss 13.4138 | w [15.0, 8.0, 1.0] | train det 0.3749 seg 0.5468 cnt 3.4169
[stage1] epoch 11/100 step 31 | loss 18.9829 | w [15.0, 8.0, 1.0] | train det 0.5772 seg 0.3982 cnt 7.1384
[stage1] epoch 11/100 step 32 | loss 13.0583 | w [15.0, 8.0, 1.0] | train det 0.1849 seg 0.6222 cnt 5.3071
[stage1] epoch 11/100 step 33 | loss 17.2369 | w [15.0, 8.0, 1.0] | train det 0.2787 seg 0.4023 cnt 9.8381
[stage1] epoch 11/100 step 34 | loss 13.5223 | w [15.0, 8.0, 1.0] | train det 0.3303 seg 0.3911 cnt 5.4393
[stage1] epoch 11/100 step 35 | loss 12.9922 | w [15.0, 8.0, 1.0] | train det 0.1946 seg 0.5517 cnt 5.6595
[stage1] epoch 11/100 step 36 | loss 16.7962 | w [15.0, 8.0, 1.0] | train det 0.6344 seg 0.2805 cnt 5.0354
[stage1] epoch 11/100 step 37 | loss 12.0446 | w [15.0, 8.0, 1.0] | train det 0.3778 seg 0.4556 cnt 2.7331
[stage1] epoch 11/100 step 38 | loss 9.5576 | w [15.0, 8.0, 1.0] | train det 0.1089 seg 0.4740 cnt 4.1313
[stage1] epoch 11/100 step 39 | loss 15.4306 | w [15.0, 8.0, 1.0] | train det 0.4540 seg 0.2777 cnt 6.3982
[stage1] epoch 11/100 step 40 | loss 12.9355 | w [15.0, 8.0, 1.0] | train det 0.2113 seg 0.5599 cnt 5.2875
[stage1] epoch 11/100 step 41 | loss 20.4065 | w [15.0, 8.0, 1.0] | train det 0.3377 seg 0.2646 cnt 13.2234
[stage1] epoch 11/100 step 42 | loss 21.7497 | w [15.0, 8.0, 1.0] | train det 0.7179 seg 0.5202 cnt 6.8198
[stage1] epoch 11/100 step 43 | loss 10.4972 | w [15.0, 8.0, 1.0] | train det 0.2636 seg 0.1352 cnt 5.4614
[stage1] epoch 11/100 | train 15.4431 | det 0.3794 seg 0.3953 cnt 6.5902
[stage1] epoch 12/100 step 1 | loss 16.8737 | w [15.0, 8.0, 1.0] | train det 0.1855 seg 0.3557 cnt 11.2461
[stage1] epoch 12/100 step 2 | loss 18.7769 | w [15.0, 8.0, 1.0] | train det 0.5950 seg 0.3726 cnt 6.8715
[stage1] epoch 12/100 step 3 | loss 11.5997 | w [15.0, 8.0, 1.0] | train det 0.2283 seg 0.2914 cnt 5.8445
[stage1] epoch 12/100 step 4 | loss 13.5636 | w [15.0, 8.0, 1.0] | train det 0.2556 seg 0.3738 cnt 6.7396
[stage1] epoch 12/100 step 5 | loss 15.9838 | w [15.0, 8.0, 1.0] | train det 0.2708 seg 0.3852 cnt 8.8404
[stage1] epoch 12/100 step 6 | loss 12.9751 | w [15.0, 8.0, 1.0] | train det 0.3890 seg 0.2767 cnt 4.9257
[stage1] epoch 12/100 step 7 | loss 10.4384 | w [15.0, 8.0, 1.0] | train det 0.2542 seg 0.3150 cnt 4.1058
[stage1] epoch 12/100 step 8 | loss 7.8296 | w [15.0, 8.0, 1.0] | train det 0.1492 seg 0.2937 cnt 3.2424
[stage1] epoch 12/100 step 9 | loss 11.7501 | w [15.0, 8.0, 1.0] | train det 0.2945 seg 0.1371 cnt 6.2358
[stage1] epoch 12/100 step 10 | loss 13.9014 | w [15.0, 8.0, 1.0] | train det 0.2654 seg 0.5571 cnt 5.4634
[stage1] epoch 12/100 step 11 | loss 8.0038 | w [15.0, 8.0, 1.0] | train det 0.1849 seg 0.3159 cnt 2.7026
[stage1] epoch 12/100 step 12 | loss 6.1266 | w [15.0, 8.0, 1.0] | train det 0.0982 seg 0.2594 cnt 2.5787
[stage1] epoch 12/100 step 13 | loss 16.3955 | w [15.0, 8.0, 1.0] | train det 0.4817 seg 0.3920 cnt 6.0339
[stage1] epoch 12/100 step 14 | loss 7.1613 | w [15.0, 8.0, 1.0] | train det 0.1873 seg 0.3111 cnt 1.8635
[stage1] epoch 12/100 step 15 | loss 15.9916 | w [15.0, 8.0, 1.0] | train det 0.3186 seg 0.3831 cnt 8.1473
[stage1] epoch 12/100 step 16 | loss 16.2239 | w [15.0, 8.0, 1.0] | train det 0.4767 seg 0.2540 cnt 7.0415
[stage1] epoch 12/100 step 17 | loss 8.7809 | w [15.0, 8.0, 1.0] | train det 0.1240 seg 0.3276 cnt 4.2993
[stage1] epoch 12/100 step 18 | loss 20.6366 | w [15.0, 8.0, 1.0] | train det 0.2567 seg 0.2365 cnt 14.8934
[stage1] epoch 12/100 step 19 | loss 13.0356 | w [15.0, 8.0, 1.0] | train det 0.3419 seg 0.2899 cnt 5.5881
[stage1] epoch 12/100 step 20 | loss 9.0300 | w [15.0, 8.0, 1.0] | train det 0.2021 seg 0.2936 cnt 3.6488
[stage1] epoch 12/100 step 21 | loss 11.9101 | w [15.0, 8.0, 1.0] | train det 0.4141 seg 0.2673 cnt 3.5602
[stage1] epoch 12/100 step 22 | loss 19.3455 | w [15.0, 8.0, 1.0] | train det 0.5021 seg 0.2934 cnt 9.4671
[stage1] epoch 12/100 step 23 | loss 24.2548 | w [15.0, 8.0, 1.0] | train det 0.4970 seg 0.2078 cnt 15.1378
[stage1] epoch 12/100 step 24 | loss 18.1355 | w [15.0, 8.0, 1.0] | train det 0.6215 seg 0.6590 cnt 3.5410
[stage1] epoch 12/100 step 25 | loss 13.3474 | w [15.0, 8.0, 1.0] | train det 0.1026 seg 0.3026 cnt 9.3875
[stage1] epoch 12/100 step 26 | loss 14.2473 | w [15.0, 8.0, 1.0] | train det 0.1599 seg 0.5841 cnt 7.1770
[stage1] epoch 12/100 step 27 | loss 11.9410 | w [15.0, 8.0, 1.0] | train det 0.1625 seg 0.4320 cnt 6.0479
[stage1] epoch 12/100 step 28 | loss 13.1163 | w [15.0, 8.0, 1.0] | train det 0.3064 seg 0.3295 cnt 5.8841
[stage1] epoch 12/100 step 29 | loss 17.7555 | w [15.0, 8.0, 1.0] | train det 0.4935 seg 0.3713 cnt 7.3823
[stage1] epoch 12/100 step 30 | loss 10.1158 | w [15.0, 8.0, 1.0] | train det 0.1724 seg 0.3297 cnt 4.8919
[stage1] epoch 12/100 step 31 | loss 12.6267 | w [15.0, 8.0, 1.0] | train det 0.3383 seg 0.4153 cnt 4.2294
[stage1] epoch 12/100 step 32 | loss 13.0538 | w [15.0, 8.0, 1.0] | train det 0.4193 seg 0.3205 cnt 4.2004
[stage1] epoch 12/100 step 33 | loss 19.4726 | w [15.0, 8.0, 1.0] | train det 0.8436 seg 0.1328 cnt 5.7557
[stage1] epoch 12/100 step 34 | loss 12.9813 | w [15.0, 8.0, 1.0] | train det 0.2876 seg 0.3548 cnt 5.8282
[stage1] epoch 12/100 step 35 | loss 11.5202 | w [15.0, 8.0, 1.0] | train det 0.3337 seg 0.3227 cnt 3.9328
[stage1] epoch 12/100 step 36 | loss 7.3980 | w [15.0, 8.0, 1.0] | train det 0.1103 seg 0.3896 cnt 2.6274
[stage1] epoch 12/100 step 37 | loss 9.6713 | w [15.0, 8.0, 1.0] | train det 0.1604 seg 0.2995 cnt 4.8697
[stage1] epoch 12/100 step 38 | loss 14.1870 | w [15.0, 8.0, 1.0] | train det 0.5642 seg 0.4921 cnt 1.7866
[stage1] epoch 12/100 step 39 | loss 13.2150 | w [15.0, 8.0, 1.0] | train det 0.1914 seg 0.3220 cnt 7.7683
[stage1] epoch 12/100 step 40 | loss 13.9037 | w [15.0, 8.0, 1.0] | train det 0.2308 seg 0.4837 cnt 6.5725
[stage1] epoch 12/100 step 41 | loss 10.6824 | w [15.0, 8.0, 1.0] | train det 0.3003 seg 0.2290 cnt 4.3464
[stage1] epoch 12/100 step 42 | loss 28.3028 | w [15.0, 8.0, 1.0] | train det 0.4071 seg 0.3024 cnt 19.7776
[stage1] epoch 12/100 step 43 | loss 11.1285 | w [15.0, 8.0, 1.0] | train det 0.2235 seg 0.3731 cnt 4.7915
[stage1] epoch 12/100 | train 13.6602 | det 0.3117 seg 0.3404 cnt 6.2622
[stage1] epoch 13/100 step 1 | loss 10.3867 | w [15.0, 8.0, 1.0] | train det 0.2076 seg 0.3220 cnt 4.6970
[stage1] epoch 13/100 step 2 | loss 12.2077 | w [15.0, 8.0, 1.0] | train det 0.1941 seg 0.1329 cnt 8.2330
[stage1] epoch 13/100 step 3 | loss 8.1847 | w [15.0, 8.0, 1.0] | train det 0.1483 seg 0.2766 cnt 3.7481
[stage1] epoch 13/100 step 4 | loss 11.3984 | w [15.0, 8.0, 1.0] | train det 0.3243 seg 0.3391 cnt 3.8216
[stage1] epoch 13/100 step 5 | loss 31.6322 | w [15.0, 8.0, 1.0] | train det 0.2314 seg 0.3658 cnt 25.2349
[stage1] epoch 13/100 step 6 | loss 11.2781 | w [15.0, 8.0, 1.0] | train det 0.2769 seg 0.3886 cnt 4.0154
[stage1] epoch 13/100 step 7 | loss 13.7729 | w [15.0, 8.0, 1.0] | train det 0.5109 seg 0.3120 cnt 3.6132
[stage1] epoch 13/100 step 8 | loss 11.3829 | w [15.0, 8.0, 1.0] | train det 0.1341 seg 0.2580 cnt 7.3070
[stage1] epoch 13/100 step 9 | loss 10.1209 | w [15.0, 8.0, 1.0] | train det 0.2702 seg 0.1400 cnt 4.9481
[stage1] epoch 13/100 step 10 | loss 16.2313 | w [15.0, 8.0, 1.0] | train det 0.6924 seg 0.1784 cnt 4.4186
[stage1] epoch 13/100 step 11 | loss 8.8947 | w [15.0, 8.0, 1.0] | train det 0.2140 seg 0.0184 cnt 5.5383
[stage1] epoch 13/100 step 12 | loss 28.0563 | w [15.0, 8.0, 1.0] | train det 0.3842 seg 0.3511 cnt 19.4848
[stage1] epoch 13/100 step 13 | loss 7.2078 | w [15.0, 8.0, 1.0] | train det 0.1521 seg 0.3237 cnt 2.3357
[stage1] epoch 13/100 step 14 | loss 14.3198 | w [15.0, 8.0, 1.0] | train det 0.4683 seg 0.2673 cnt 5.1564
[stage1] epoch 13/100 step 15 | loss 13.4156 | w [15.0, 8.0, 1.0] | train det 0.2785 seg 0.4419 cnt 5.7029
[stage1] epoch 13/100 step 16 | loss 10.0647 | w [15.0, 8.0, 1.0] | train det 0.1928 seg 0.3803 cnt 4.1300
[stage1] epoch 13/100 step 17 | loss 9.1774 | w [15.0, 8.0, 1.0] | train det 0.1503 seg 0.3493 cnt 4.1293
[stage1] epoch 13/100 step 18 | loss 13.3547 | w [15.0, 8.0, 1.0] | train det 0.2057 seg 0.2095 cnt 8.5927
[stage1] epoch 13/100 step 19 | loss 13.5836 | w [15.0, 8.0, 1.0] | train det 0.2564 seg 0.3962 cnt 6.5682
[stage1] epoch 13/100 step 20 | loss 16.1076 | w [15.0, 8.0, 1.0] | train det 0.3023 seg 0.2077 cnt 9.9119
[stage1] epoch 13/100 step 21 | loss 8.0831 | w [15.0, 8.0, 1.0] | train det 0.1124 seg 0.1854 cnt 4.9144
[stage1] epoch 13/100 step 22 | loss 9.8398 | w [15.0, 8.0, 1.0] | train det 0.2681 seg 0.3287 cnt 3.1888
[stage1] epoch 13/100 step 23 | loss 12.7410 | w [15.0, 8.0, 1.0] | train det 0.2120 seg 0.5720 cnt 4.9849
[stage1] epoch 13/100 step 24 | loss 10.7852 | w [15.0, 8.0, 1.0] | train det 0.0947 seg 0.4068 cnt 6.1105
[stage1] epoch 13/100 step 25 | loss 13.5548 | w [15.0, 8.0, 1.0] | train det 0.4452 seg 0.1951 cnt 5.3151
[stage1] epoch 13/100 step 26 | loss 17.4333 | w [15.0, 8.0, 1.0] | train det 0.1840 seg 0.4080 cnt 11.4097
[stage1] epoch 13/100 step 27 | loss 9.5740 | w [15.0, 8.0, 1.0] | train det 0.1849 seg 0.3052 cnt 4.3590
[stage1] epoch 13/100 step 28 | loss 10.1663 | w [15.0, 8.0, 1.0] | train det 0.2578 seg 0.2924 cnt 3.9602
[stage1] epoch 13/100 step 29 | loss 42.0091 | w [15.0, 8.0, 1.0] | train det 0.5169 seg 0.4471 cnt 30.6784
[stage1] epoch 13/100 step 30 | loss 10.0998 | w [15.0, 8.0, 1.0] | train det 0.1898 seg 0.3989 cnt 4.0614
[stage1] epoch 13/100 step 31 | loss 11.8973 | w [15.0, 8.0, 1.0] | train det 0.4176 seg 0.3134 cnt 3.1262
[stage1] epoch 13/100 step 32 | loss 10.4607 | w [15.0, 8.0, 1.0] | train det 0.1045 seg 0.2034 cnt 7.2653
[stage1] epoch 13/100 step 33 | loss 11.9748 | w [15.0, 8.0, 1.0] | train det 0.3094 seg 0.2466 cnt 5.3619
[stage1] epoch 13/100 step 34 | loss 15.1724 | w [15.0, 8.0, 1.0] | train det 0.4061 seg 0.4824 cnt 5.2214
[stage1] epoch 13/100 step 35 | loss 11.0944 | w [15.0, 8.0, 1.0] | train det 0.2049 seg 0.3013 cnt 5.6106
[stage1] epoch 13/100 step 36 | loss 19.0382 | w [15.0, 8.0, 1.0] | train det 0.2439 seg 0.1887 cnt 13.8696
[stage1] epoch 13/100 step 37 | loss 8.4666 | w [15.0, 8.0, 1.0] | train det 0.2349 seg 0.2683 cnt 2.7963
[stage1] epoch 13/100 step 38 | loss 10.4716 | w [15.0, 8.0, 1.0] | train det 0.1923 seg 0.2154 cnt 5.8643
[stage1] epoch 13/100 step 39 | loss 9.8634 | w [15.0, 8.0, 1.0] | train det 0.1580 seg 0.3017 cnt 5.0799
[stage1] epoch 13/100 step 40 | loss 11.9720 | w [15.0, 8.0, 1.0] | train det 0.2910 seg 0.4142 cnt 4.2938
[stage1] epoch 13/100 step 41 | loss 8.5239 | w [15.0, 8.0, 1.0] | train det 0.2411 seg 0.1702 cnt 3.5462
[stage1] epoch 13/100 step 42 | loss 13.5725 | w [15.0, 8.0, 1.0] | train det 0.2709 seg 0.1718 cnt 8.1341
[stage1] epoch 13/100 step 43 | loss 16.6930 | w [15.0, 8.0, 1.0] | train det 0.4778 seg 0.3364 cnt 6.8358
[stage1] epoch 13/100 | train 13.3550 | det 0.2701 seg 0.2980 cnt 6.9203
[stage1] epoch 14/100 step 1 | loss 10.7118 | w [15.0, 8.0, 1.0] | train det 0.2514 seg 0.3644 cnt 4.0248
[stage1] epoch 14/100 step 2 | loss 10.9792 | w [15.0, 8.0, 1.0] | train det 0.2074 seg 0.2121 cnt 6.1716
[stage1] epoch 14/100 step 3 | loss 16.5513 | w [15.0, 8.0, 1.0] | train det 0.2620 seg 0.5073 cnt 8.5631
[stage1] epoch 14/100 step 4 | loss 14.3223 | w [15.0, 8.0, 1.0] | train det 0.4197 seg 0.3019 cnt 5.6111
[stage1] epoch 14/100 step 5 | loss 7.8813 | w [15.0, 8.0, 1.0] | train det 0.1797 seg 0.2050 cnt 3.5456
[stage1] epoch 14/100 step 6 | loss 11.6929 | w [15.0, 8.0, 1.0] | train det 0.1750 seg 0.4559 cnt 5.4204
[stage1] epoch 14/100 step 7 | loss 17.1050 | w [15.0, 8.0, 1.0] | train det 0.5644 seg 0.4189 cnt 5.2877
[stage1] epoch 14/100 step 8 | loss 13.6870 | w [15.0, 8.0, 1.0] | train det 0.4923 seg 0.3294 cnt 3.6675
[stage1] epoch 14/100 step 9 | loss 8.6275 | w [15.0, 8.0, 1.0] | train det 0.2692 seg 0.0283 cnt 4.3635
[stage1] epoch 14/100 step 10 | loss 13.9520 | w [15.0, 8.0, 1.0] | train det 0.2975 seg 0.4584 cnt 5.8219
[stage1] epoch 14/100 step 11 | loss 11.1730 | w [15.0, 8.0, 1.0] | train det 0.2700 seg 0.3455 cnt 4.3597
[stage1] epoch 14/100 step 12 | loss 13.4413 | w [15.0, 8.0, 1.0] | train det 0.2175 seg 0.5394 cnt 5.8638
[stage1] epoch 14/100 step 13 | loss 18.2912 | w [15.0, 8.0, 1.0] | train det 0.2453 seg 0.3659 cnt 11.6840
[stage1] epoch 14/100 step 14 | loss 19.0394 | w [15.0, 8.0, 1.0] | train det 0.2856 seg 0.3120 cnt 12.2595
[stage1] epoch 14/100 step 15 | loss 11.1453 | w [15.0, 8.0, 1.0] | train det 0.1925 seg 0.2954 cnt 5.8951
[stage1] epoch 14/100 step 16 | loss 11.1676 | w [15.0, 8.0, 1.0] | train det 0.1719 seg 0.4036 cnt 5.3594
[stage1] epoch 14/100 step 17 | loss 16.5810 | w [15.0, 8.0, 1.0] | train det 0.2548 seg 0.2698 cnt 10.6007
[stage1] epoch 14/100 step 18 | loss 19.3379 | w [15.0, 8.0, 1.0] | train det 0.2998 seg 0.2766 cnt 12.6281
[stage1] epoch 14/100 step 19 | loss 11.7789 | w [15.0, 8.0, 1.0] | train det 0.1982 seg 0.2550 cnt 6.7664
[stage1] epoch 14/100 step 20 | loss 16.4676 | w [15.0, 8.0, 1.0] | train det 0.3333 seg 0.4849 cnt 7.5892
[stage1] epoch 14/100 step 21 | loss 15.5530 | w [15.0, 8.0, 1.0] | train det 0.2881 seg 0.2466 cnt 9.2586
[stage1] epoch 14/100 step 22 | loss 10.2797 | w [15.0, 8.0, 1.0] | train det 0.2874 seg 0.1819 cnt 4.5131
[stage1] epoch 14/100 step 23 | loss 4.2180 | w [15.0, 8.0, 1.0] | train det 0.0971 seg 0.1691 cnt 1.4091
[stage1] epoch 14/100 step 24 | loss 4.6701 | w [15.0, 8.0, 1.0] | train det 0.0869 seg 0.2447 cnt 1.4094
[stage1] epoch 14/100 step 25 | loss 8.3013 | w [15.0, 8.0, 1.0] | train det 0.2232 seg 0.2028 cnt 3.3302
[stage1] epoch 14/100 step 26 | loss 12.8642 | w [15.0, 8.0, 1.0] | train det 0.3516 seg 0.2186 cnt 5.8412
[stage1] epoch 14/100 step 27 | loss 12.3916 | w [15.0, 8.0, 1.0] | train det 0.1635 seg 0.2800 cnt 7.6990
[stage1] epoch 14/100 step 28 | loss 17.1738 | w [15.0, 8.0, 1.0] | train det 0.4497 seg 0.5032 cnt 6.4019
[stage1] epoch 14/100 step 29 | loss 14.4116 | w [15.0, 8.0, 1.0] | train det 0.6119 seg 0.2787 cnt 3.0030
[stage1] epoch 14/100 step 30 | loss 15.9013 | w [15.0, 8.0, 1.0] | train det 0.3209 seg 0.4390 cnt 7.5762
[stage1] epoch 14/100 step 31 | loss 11.1662 | w [15.0, 8.0, 1.0] | train det 0.2149 seg 0.3744 cnt 4.9479
[stage1] epoch 14/100 step 32 | loss 23.9356 | w [15.0, 8.0, 1.0] | train det 1.1732 seg 0.2813 cnt 4.0869
[stage1] epoch 14/100 step 33 | loss 16.3692 | w [15.0, 8.0, 1.0] | train det 0.6524 seg 0.2366 cnt 4.6905
[stage1] epoch 14/100 step 34 | loss 11.8430 | w [15.0, 8.0, 1.0] | train det 0.2407 seg 0.2764 cnt 6.0209
[stage1] epoch 14/100 step 35 | loss 9.7180 | w [15.0, 8.0, 1.0] | train det 0.1011 seg 0.5189 cnt 4.0502
[stage1] epoch 14/100 step 36 | loss 10.1067 | w [15.0, 8.0, 1.0] | train det 0.1057 seg 0.1834 cnt 7.0541
[stage1] epoch 14/100 step 37 | loss 17.5463 | w [15.0, 8.0, 1.0] | train det 0.2612 seg 0.3431 cnt 10.8840
[stage1] epoch 14/100 step 38 | loss 20.1790 | w [15.0, 8.0, 1.0] | train det 0.2112 seg 0.3981 cnt 13.8270
[stage1] epoch 14/100 step 39 | loss 12.2581 | w [15.0, 8.0, 1.0] | train det 0.3147 seg 0.2635 cnt 5.4285
[stage1] epoch 14/100 step 40 | loss 15.3368 | w [15.0, 8.0, 1.0] | train det 0.4154 seg 0.1972 cnt 7.5281
[stage1] epoch 14/100 step 41 | loss 19.1256 | w [15.0, 8.0, 1.0] | train det 0.2215 seg 0.3956 cnt 12.6379
[stage1] epoch 14/100 step 42 | loss 17.8754 | w [15.0, 8.0, 1.0] | train det 0.2091 seg 0.3697 cnt 11.7816
[stage1] epoch 14/100 step 43 | loss 20.9683 | w [15.0, 8.0, 1.0] | train det 0.5294 seg 0.7092 cnt 7.3538
[stage1] epoch 14/100 | train 13.8634 | det 0.3051 seg 0.3289 cnt 6.6562
[stage1] epoch 15/100 step 1 | loss 11.8444 | w [15.0, 8.0, 1.0] | train det 0.0891 seg 0.4062 cnt 7.2590
[stage1] epoch 15/100 step 2 | loss 15.2175 | w [15.0, 8.0, 1.0] | train det 0.3494 seg 0.3033 cnt 7.5508
[stage1] epoch 15/100 step 3 | loss 10.8191 | w [15.0, 8.0, 1.0] | train det 0.3497 seg 0.2233 cnt 3.7868
[stage1] epoch 15/100 step 4 | loss 10.0857 | w [15.0, 8.0, 1.0] | train det 0.0973 seg 0.2351 cnt 6.7463
[stage1] epoch 15/100 step 5 | loss 16.6496 | w [15.0, 8.0, 1.0] | train det 0.2926 seg 0.2564 cnt 10.2088
[stage1] epoch 15/100 step 6 | loss 10.9158 | w [15.0, 8.0, 1.0] | train det 0.2845 seg 0.0969 cnt 5.8738
[stage1] epoch 15/100 step 7 | loss 10.0085 | w [15.0, 8.0, 1.0] | train det 0.2721 seg 0.3341 cnt 3.2545
[stage1] epoch 15/100 step 8 | loss 14.8473 | w [15.0, 8.0, 1.0] | train det 0.1900 seg 0.2632 cnt 9.8914
[stage1] epoch 15/100 step 9 | loss 14.7042 | w [15.0, 8.0, 1.0] | train det 0.3137 seg 0.1103 cnt 9.1158
[stage1] epoch 15/100 step 10 | loss 5.9029 | w [15.0, 8.0, 1.0] | train det 0.1041 seg 0.1804 cnt 2.8982
[stage1] epoch 15/100 step 11 | loss 12.9961 | w [15.0, 8.0, 1.0] | train det 0.1801 seg 0.1730 cnt 8.9103
[stage1] epoch 15/100 step 12 | loss 19.0415 | w [15.0, 8.0, 1.0] | train det 0.7188 seg 0.1294 cnt 7.2236
[stage1] epoch 15/100 step 13 | loss 14.5851 | w [15.0, 8.0, 1.0] | train det 0.3828 seg 0.3436 cnt 6.0943
[stage1] epoch 15/100 step 14 | loss 24.6395 | w [15.0, 8.0, 1.0] | train det 1.1864 seg 0.5219 cnt 2.6680
[stage1] epoch 15/100 step 15 | loss 14.1314 | w [15.0, 8.0, 1.0] | train det 0.2274 seg 0.4741 cnt 6.9274
[stage1] epoch 15/100 step 16 | loss 19.3531 | w [15.0, 8.0, 1.0] | train det 0.9026 seg 0.3833 cnt 2.7474
[stage1] epoch 15/100 step 17 | loss 11.9113 | w [15.0, 8.0, 1.0] | train det 0.1866 seg 0.3354 cnt 6.4291
[stage1] epoch 15/100 step 18 | loss 11.4324 | w [15.0, 8.0, 1.0] | train det 0.3827 seg 0.4510 cnt 2.0837
[stage1] epoch 15/100 step 19 | loss 13.5407 | w [15.0, 8.0, 1.0] | train det 0.2256 seg 0.1536 cnt 8.9284
[stage1] epoch 15/100 step 20 | loss 21.1214 | w [15.0, 8.0, 1.0] | train det 0.2773 seg 0.1821 cnt 15.5046
[stage1] epoch 15/100 step 21 | loss 10.4280 | w [15.0, 8.0, 1.0] | train det 0.2073 seg 0.2094 cnt 5.6431
[stage1] epoch 15/100 step 22 | loss 11.2344 | w [15.0, 8.0, 1.0] | train det 0.2201 seg 0.3271 cnt 5.3157
[stage1] epoch 15/100 step 23 | loss 21.3696 | w [15.0, 8.0, 1.0] | train det 0.2176 seg 0.3287 cnt 15.4757
[stage1] epoch 15/100 step 24 | loss 23.1040 | w [15.0, 8.0, 1.0] | train det 0.0829 seg 0.3052 cnt 19.4184
[stage1] epoch 15/100 step 25 | loss 11.6330 | w [15.0, 8.0, 1.0] | train det 0.2482 seg 0.3102 cnt 5.4275
[stage1] epoch 15/100 step 26 | loss 11.4970 | w [15.0, 8.0, 1.0] | train det 0.2390 seg 0.3961 cnt 4.7426
[stage1] epoch 15/100 step 27 | loss 8.0934 | w [15.0, 8.0, 1.0] | train det 0.1908 seg 0.1680 cnt 3.8872
[stage1] epoch 15/100 step 28 | loss 21.1617 | w [15.0, 8.0, 1.0] | train det 0.7337 seg 0.3343 cnt 7.4821
[stage1] epoch 15/100 step 29 | loss 15.0325 | w [15.0, 8.0, 1.0] | train det 0.1962 seg 0.2762 cnt 9.8796
[stage1] epoch 15/100 step 30 | loss 13.3149 | w [15.0, 8.0, 1.0] | train det 0.3060 seg 0.2350 cnt 6.8443
[stage1] epoch 15/100 step 31 | loss 9.9964 | w [15.0, 8.0, 1.0] | train det 0.2656 seg 0.3119 cnt 3.5175
[stage1] epoch 15/100 step 32 | loss 18.4529 | w [15.0, 8.0, 1.0] | train det 0.3688 seg 0.5097 cnt 8.8433
[stage1] epoch 15/100 step 33 | loss 9.5597 | w [15.0, 8.0, 1.0] | train det 0.1856 seg 0.3223 cnt 4.1968
[stage1] epoch 15/100 step 34 | loss 10.6765 | w [15.0, 8.0, 1.0] | train det 0.1699 seg 0.3911 cnt 4.9998
[stage1] epoch 15/100 step 35 | loss 13.6700 | w [15.0, 8.0, 1.0] | train det 0.1600 seg 0.3139 cnt 8.7591
[stage1] epoch 15/100 step 36 | loss 11.2293 | w [15.0, 8.0, 1.0] | train det 0.0993 seg 0.2902 cnt 7.4175
[stage1] epoch 15/100 step 37 | loss 9.7077 | w [15.0, 8.0, 1.0] | train det 0.0902 seg 0.2265 cnt 6.5427
[stage1] epoch 15/100 step 38 | loss 9.6284 | w [15.0, 8.0, 1.0] | train det 0.3138 seg 0.2578 cnt 2.8591
[stage1] epoch 15/100 step 39 | loss 10.8295 | w [15.0, 8.0, 1.0] | train det 0.3996 seg 0.3221 cnt 2.2585
[stage1] epoch 15/100 step 40 | loss 6.6051 | w [15.0, 8.0, 1.0] | train det 0.1043 seg 0.3206 cnt 2.4765
[stage1] epoch 15/100 step 41 | loss 12.9313 | w [15.0, 8.0, 1.0] | train det 0.4032 seg 0.1324 cnt 5.8235
[stage1] epoch 15/100 step 42 | loss 8.9172 | w [15.0, 8.0, 1.0] | train det 0.3587 seg 0.1933 cnt 1.9895
[stage1] epoch 15/100 step 43 | loss 13.9085 | w [15.0, 8.0, 1.0] | train det 0.2272 seg 0.1913 cnt 8.9696
[stage1] epoch 15/100 | train 13.4123 | det 0.2977 seg 0.2844 cnt 6.6714
[stage1] epoch 16/100 step 1 | loss 12.7828 | w [15.0, 8.0, 1.0] | train det 0.1845 seg 0.1827 cnt 8.5539
[stage1] epoch 16/100 step 2 | loss 17.6088 | w [15.0, 8.0, 1.0] | train det 0.3219 seg 0.3631 cnt 9.8757
[stage1] epoch 16/100 step 3 | loss 9.6890 | w [15.0, 8.0, 1.0] | train det 0.2382 seg 0.2274 cnt 4.2963
[stage1] epoch 16/100 step 4 | loss 10.0586 | w [15.0, 8.0, 1.0] | train det 0.3138 seg 0.3198 cnt 2.7933
[stage1] epoch 16/100 step 5 | loss 12.0505 | w [15.0, 8.0, 1.0] | train det 0.3743 seg 0.3636 cnt 3.5264
[stage1] epoch 16/100 step 6 | loss 10.0554 | w [15.0, 8.0, 1.0] | train det 0.2360 seg 0.3117 cnt 4.0213
[stage1] epoch 16/100 step 7 | loss 13.6433 | w [15.0, 8.0, 1.0] | train det 0.1415 seg 0.2916 cnt 9.1888
[stage1] epoch 16/100 step 8 | loss 24.7262 | w [15.0, 8.0, 1.0] | train det 0.9864 seg 0.2568 cnt 7.8761
[stage1] epoch 16/100 step 9 | loss 10.8398 | w [15.0, 8.0, 1.0] | train det 0.1231 seg 0.3043 cnt 6.5593
[stage1] epoch 16/100 step 10 | loss 11.9707 | w [15.0, 8.0, 1.0] | train det 0.3169 seg 0.3051 cnt 4.7761
[stage1] epoch 16/100 step 11 | loss 16.7184 | w [15.0, 8.0, 1.0] | train det 0.4189 seg 0.1841 cnt 8.9629
[stage1] epoch 16/100 step 12 | loss 10.4081 | w [15.0, 8.0, 1.0] | train det 0.2301 seg 0.3348 cnt 4.2785
[stage1] epoch 16/100 step 13 | loss 33.6411 | w [15.0, 8.0, 1.0] | train det 0.2962 seg 0.2475 cnt 27.2184
[stage1] epoch 16/100 step 14 | loss 11.6777 | w [15.0, 8.0, 1.0] | train det 0.2658 seg 0.1669 cnt 6.3561
[stage1] epoch 16/100 step 15 | loss 28.6731 | w [15.0, 8.0, 1.0] | train det 0.2571 seg 0.4881 cnt 20.9115
[stage1] epoch 16/100 step 16 | loss 21.5402 | w [15.0, 8.0, 1.0] | train det 0.4270 seg 0.1134 cnt 14.2271
[stage1] epoch 16/100 step 17 | loss 16.9439 | w [15.0, 8.0, 1.0] | train det 0.2973 seg 0.3347 cnt 9.8071
[stage1] epoch 16/100 step 18 | loss 22.3665 | w [15.0, 8.0, 1.0] | train det 0.4203 seg 0.1664 cnt 14.7309
[stage1] epoch 16/100 step 19 | loss 8.1054 | w [15.0, 8.0, 1.0] | train det 0.1077 seg 0.3050 cnt 4.0498
[stage1] epoch 16/100 step 20 | loss 9.6420 | w [15.0, 8.0, 1.0] | train det 0.0666 seg 0.2218 cnt 6.8682
[stage1] epoch 16/100 step 21 | loss 15.8342 | w [15.0, 8.0, 1.0] | train det 0.4364 seg 0.2658 cnt 7.1611
[stage1] epoch 16/100 step 22 | loss 14.6961 | w [15.0, 8.0, 1.0] | train det 0.2363 seg 0.3050 cnt 8.7113
[stage1] epoch 16/100 step 23 | loss 19.9277 | w [15.0, 8.0, 1.0] | train det 0.3996 seg 0.3467 cnt 11.1600
[stage1] epoch 16/100 step 24 | loss 8.9908 | w [15.0, 8.0, 1.0] | train det 0.3960 seg 0.1904 cnt 1.5266
[stage1] epoch 16/100 step 25 | loss 11.6025 | w [15.0, 8.0, 1.0] | train det 0.3169 seg 0.0835 cnt 6.1815
[stage1] epoch 16/100 step 26 | loss 18.6582 | w [15.0, 8.0, 1.0] | train det 0.2420 seg 0.4587 cnt 11.3579
[stage1] epoch 16/100 step 27 | loss 11.1427 | w [15.0, 8.0, 1.0] | train det 0.2388 seg 0.3152 cnt 5.0386
[stage1] epoch 16/100 step 28 | loss 6.7252 | w [15.0, 8.0, 1.0] | train det 0.0649 seg 0.4902 cnt 1.8299
[stage1] epoch 16/100 step 29 | loss 13.9829 | w [15.0, 8.0, 1.0] | train det 0.5700 seg 0.2089 cnt 3.7616
[stage1] epoch 16/100 step 30 | loss 10.9505 | w [15.0, 8.0, 1.0] | train det 0.3885 seg 0.2010 cnt 3.5156
[stage1] epoch 16/100 step 31 | loss 14.4804 | w [15.0, 8.0, 1.0] | train det 0.1128 seg 0.3436 cnt 10.0400
[stage1] epoch 16/100 step 32 | loss 17.7912 | w [15.0, 8.0, 1.0] | train det 0.2391 seg 0.6088 cnt 9.3341
[stage1] epoch 16/100 step 33 | loss 12.3001 | w [15.0, 8.0, 1.0] | train det 0.1796 seg 0.4321 cnt 6.1491
[stage1] epoch 16/100 step 34 | loss 10.4792 | w [15.0, 8.0, 1.0] | train det 0.1956 seg 0.3041 cnt 5.1127
[stage1] epoch 16/100 step 35 | loss 11.7989 | w [15.0, 8.0, 1.0] | train det 0.1174 seg 0.3186 cnt 7.4886
[stage1] epoch 16/100 step 36 | loss 10.0374 | w [15.0, 8.0, 1.0] | train det 0.0745 seg 0.4033 cnt 5.6930
[stage1] epoch 16/100 step 37 | loss 33.1546 | w [15.0, 8.0, 1.0] | train det 0.1769 seg 0.2928 cnt 28.1595
[stage1] epoch 16/100 step 38 | loss 13.0153 | w [15.0, 8.0, 1.0] | train det 0.2414 seg 0.4278 cnt 5.9723
[stage1] epoch 16/100 step 39 | loss 27.4033 | w [15.0, 8.0, 1.0] | train det 0.2670 seg 0.1939 cnt 21.8481
[stage1] epoch 16/100 step 40 | loss 22.2973 | w [15.0, 8.0, 1.0] | train det 0.2698 seg 0.1925 cnt 16.7099
[stage1] epoch 16/100 step 41 | loss 16.5629 | w [15.0, 8.0, 1.0] | train det 0.3844 seg 0.3265 cnt 8.1846
[stage1] epoch 16/100 step 42 | loss 15.8521 | w [15.0, 8.0, 1.0] | train det 0.2054 seg 0.2859 cnt 10.4846
[stage1] epoch 16/100 step 43 | loss 8.9764 | w [15.0, 8.0, 1.0] | train det 0.1443 seg 0.1761 cnt 5.4039
[stage1] epoch 16/100 | train 15.3442 | det 0.2772 seg 0.2944 cnt 8.8303
[stage1] epoch 17/100 step 1 | loss 15.5879 | w [15.0, 8.0, 1.0] | train det 0.2421 seg 0.3353 cnt 9.2734
[stage1] epoch 17/100 step 2 | loss 12.8794 | w [15.0, 8.0, 1.0] | train det 0.1422 seg 0.3342 cnt 8.0727
[stage1] epoch 17/100 step 3 | loss 12.8075 | w [15.0, 8.0, 1.0] | train det 0.3066 seg 0.2377 cnt 6.3075
[stage1] epoch 17/100 step 4 | loss 16.5910 | w [15.0, 8.0, 1.0] | train det 0.2015 seg 0.2410 cnt 11.6413
[stage1] epoch 17/100 step 5 | loss 9.5370 | w [15.0, 8.0, 1.0] | train det 0.1348 seg 0.1875 cnt 6.0157
[stage1] epoch 17/100 step 6 | loss 22.5284 | w [15.0, 8.0, 1.0] | train det 0.3192 seg 0.2880 cnt 15.4357
[stage1] epoch 17/100 step 7 | loss 17.6718 | w [15.0, 8.0, 1.0] | train det 0.1680 seg 0.2904 cnt 12.8293
[stage1] epoch 17/100 step 8 | loss 8.5509 | w [15.0, 8.0, 1.0] | train det 0.2924 seg 0.1986 cnt 2.5760
[stage1] epoch 17/100 step 9 | loss 12.7287 | w [15.0, 8.0, 1.0] | train det 0.2191 seg 0.2580 cnt 7.3785
[stage1] epoch 17/100 step 10 | loss 19.8252 | w [15.0, 8.0, 1.0] | train det 0.0958 seg 0.4205 cnt 15.0233
[stage1] epoch 17/100 step 11 | loss 10.5028 | w [15.0, 8.0, 1.0] | train det 0.2009 seg 0.2207 cnt 5.7239
[stage1] epoch 17/100 step 12 | loss 20.8244 | w [15.0, 8.0, 1.0] | train det 0.3561 seg 0.3005 cnt 13.0789
[stage1] epoch 17/100 step 13 | loss 9.4982 | w [15.0, 8.0, 1.0] | train det 0.1155 seg 0.3698 cnt 4.8076
[stage1] epoch 17/100 step 14 | loss 11.2367 | w [15.0, 8.0, 1.0] | train det 0.3146 seg 0.2748 cnt 4.3190
[stage1] epoch 17/100 step 15 | loss 20.8726 | w [15.0, 8.0, 1.0] | train det 0.4710 seg 0.3676 cnt 10.8669
[stage1] epoch 17/100 step 16 | loss 6.2604 | w [15.0, 8.0, 1.0] | train det 0.0745 seg 0.2602 cnt 3.0611
[stage1] epoch 17/100 step 17 | loss 9.6679 | w [15.0, 8.0, 1.0] | train det 0.1141 seg 0.2584 cnt 5.8898
[stage1] epoch 17/100 step 18 | loss 9.2577 | w [15.0, 8.0, 1.0] | train det 0.3451 seg 0.1568 cnt 2.8272
[stage1] epoch 17/100 step 19 | loss 15.6118 | w [15.0, 8.0, 1.0] | train det 0.5277 seg 0.2551 cnt 5.6560
[stage1] epoch 17/100 step 20 | loss 6.1166 | w [15.0, 8.0, 1.0] | train det 0.1072 seg 0.1737 cnt 3.1192
[stage1] epoch 17/100 step 21 | loss 10.1905 | w [15.0, 8.0, 1.0] | train det 0.2831 seg 0.2473 cnt 3.9651
[stage1] epoch 17/100 step 22 | loss 8.9398 | w [15.0, 8.0, 1.0] | train det 0.2433 seg 0.2318 cnt 3.4369
[stage1] epoch 17/100 step 23 | loss 11.8383 | w [15.0, 8.0, 1.0] | train det 0.2431 seg 0.3990 cnt 5.0001
[stage1] epoch 17/100 step 24 | loss 13.8779 | w [15.0, 8.0, 1.0] | train det 0.2166 seg 0.2519 cnt 8.6145
[stage1] epoch 17/100 step 25 | loss 17.8246 | w [15.0, 8.0, 1.0] | train det 0.1869 seg 0.3185 cnt 12.4735
[stage1] epoch 17/100 step 26 | loss 9.6035 | w [15.0, 8.0, 1.0] | train det 0.2085 seg 0.2033 cnt 4.8492
[stage1] epoch 17/100 step 27 | loss 11.5332 | w [15.0, 8.0, 1.0] | train det 0.1975 seg 0.3101 cnt 6.0904
[stage1] epoch 17/100 step 28 | loss 17.8519 | w [15.0, 8.0, 1.0] | train det 0.4297 seg 0.1645 cnt 10.0906
[stage1] epoch 17/100 step 29 | loss 16.9819 | w [15.0, 8.0, 1.0] | train det 0.6246 seg 0.1720 cnt 6.2359
[stage1] epoch 17/100 step 30 | loss 34.7543 | w [15.0, 8.0, 1.0] | train det 1.0990 seg 0.3927 cnt 15.1272
[stage1] epoch 17/100 step 31 | loss 18.9696 | w [15.0, 8.0, 1.0] | train det 0.4167 seg 0.1256 cnt 11.7142
[stage1] epoch 17/100 step 32 | loss 18.5279 | w [15.0, 8.0, 1.0] | train det 0.8030 seg 0.2493 cnt 4.4883
[stage1] epoch 17/100 step 33 | loss 13.5981 | w [15.0, 8.0, 1.0] | train det 0.3961 seg 0.3222 cnt 5.0789
[stage1] epoch 17/100 step 34 | loss 23.9068 | w [15.0, 8.0, 1.0] | train det 0.5939 seg 0.2176 cnt 13.2568
[stage1] epoch 17/100 step 35 | loss 10.1812 | w [15.0, 8.0, 1.0] | train det 0.1211 seg 0.3820 cnt 5.3089
[stage1] epoch 17/100 step 36 | loss 13.5093 | w [15.0, 8.0, 1.0] | train det 0.1310 seg 0.2113 cnt 9.8538
[stage1] epoch 17/100 step 37 | loss 9.8497 | w [15.0, 8.0, 1.0] | train det 0.2568 seg 0.2305 cnt 4.1538
[stage1] epoch 17/100 step 38 | loss 9.8508 | w [15.0, 8.0, 1.0] | train det 0.1432 seg 0.4153 cnt 4.3805
[stage1] epoch 17/100 step 39 | loss 16.5941 | w [15.0, 8.0, 1.0] | train det 0.3897 seg 0.2409 cnt 8.8220
[stage1] epoch 17/100 step 40 | loss 9.6367 | w [15.0, 8.0, 1.0] | train det 0.2249 seg 0.4484 cnt 2.6757
[stage1] epoch 17/100 step 41 | loss 10.1702 | w [15.0, 8.0, 1.0] | train det 0.1319 seg 0.2510 cnt 6.1844
[stage1] epoch 17/100 step 42 | loss 10.0049 | w [15.0, 8.0, 1.0] | train det 0.2708 seg 0.3545 cnt 3.1065
[stage1] epoch 17/100 step 43 | loss 8.0398 | w [15.0, 8.0, 1.0] | train det 0.1868 seg 0.2593 cnt 3.1635
[stage1] epoch 17/100 | train 13.8324 | det 0.2918 seg 0.2751 cnt 7.2552
[stage1] epoch 18/100 step 1 | loss 5.3327 | w [15.0, 8.0, 1.0] | train det 0.1278 seg 0.1277 cnt 2.3935
[stage1] epoch 18/100 step 2 | loss 25.4689 | w [15.0, 8.0, 1.0] | train det 0.9125 seg 0.3833 cnt 8.7150
[stage1] epoch 18/100 step 3 | loss 10.1395 | w [15.0, 8.0, 1.0] | train det 0.1307 seg 0.4137 cnt 4.8697
[stage1] epoch 18/100 step 4 | loss 19.2075 | w [15.0, 8.0, 1.0] | train det 0.2708 seg 0.2626 cnt 13.0454
[stage1] epoch 18/100 step 5 | loss 15.5515 | w [15.0, 8.0, 1.0] | train det 0.3778 seg 0.2682 cnt 7.7385
[stage1] epoch 18/100 step 6 | loss 13.0288 | w [15.0, 8.0, 1.0] | train det 0.2867 seg 0.3901 cnt 5.6079
[stage1] epoch 18/100 step 7 | loss 26.4006 | w [15.0, 8.0, 1.0] | train det 0.3192 seg 0.3391 cnt 18.9000
[stage1] epoch 18/100 step 8 | loss 12.0398 | w [15.0, 8.0, 1.0] | train det 0.0777 seg 0.1311 cnt 9.8254
[stage1] epoch 18/100 step 9 | loss 8.8431 | w [15.0, 8.0, 1.0] | train det 0.1615 seg 0.2572 cnt 4.3641
[stage1] epoch 18/100 step 10 | loss 8.5460 | w [15.0, 8.0, 1.0] | train det 0.1936 seg 0.1699 cnt 4.2826
[stage1] epoch 18/100 step 11 | loss 19.1844 | w [15.0, 8.0, 1.0] | train det 0.3604 seg 0.5220 cnt 9.6033
[stage1] epoch 18/100 step 12 | loss 8.2690 | w [15.0, 8.0, 1.0] | train det 0.2393 seg 0.3174 cnt 2.1411
[stage1] epoch 18/100 step 13 | loss 12.1847 | w [15.0, 8.0, 1.0] | train det 0.3874 seg 0.1935 cnt 4.8253
[stage1] epoch 18/100 step 14 | loss 7.3827 | w [15.0, 8.0, 1.0] | train det 0.1205 seg 0.2848 cnt 3.2966
[stage1] epoch 18/100 step 15 | loss 20.4329 | w [15.0, 8.0, 1.0] | train det 0.2652 seg 0.3830 cnt 13.3912
[stage1] epoch 18/100 step 16 | loss 13.4531 | w [15.0, 8.0, 1.0] | train det 0.3575 seg 0.1727 cnt 6.7085
[stage1] epoch 18/100 step 17 | loss 19.3850 | w [15.0, 8.0, 1.0] | train det 0.7484 seg 0.1263 cnt 7.1480
[stage1] epoch 18/100 step 18 | loss 12.5158 | w [15.0, 8.0, 1.0] | train det 0.5193 seg 0.2316 cnt 2.8725
[stage1] epoch 18/100 step 19 | loss 9.6235 | w [15.0, 8.0, 1.0] | train det 0.1469 seg 0.2423 cnt 5.4822
[stage1] epoch 18/100 step 20 | loss 7.7190 | w [15.0, 8.0, 1.0] | train det 0.0979 seg 0.3294 cnt 3.6147
[stage1] epoch 18/100 step 21 | loss 15.1589 | w [15.0, 8.0, 1.0] | train det 0.3171 seg 0.2963 cnt 8.0324
[stage1] epoch 18/100 step 22 | loss 11.5178 | w [15.0, 8.0, 1.0] | train det 0.1256 seg 0.1663 cnt 8.3033
[stage1] epoch 18/100 step 23 | loss 14.4597 | w [15.0, 8.0, 1.0] | train det 0.0848 seg 0.4486 cnt 9.5994
[stage1] epoch 18/100 step 24 | loss 9.1757 | w [15.0, 8.0, 1.0] | train det 0.1003 seg 0.3380 cnt 4.9668
[stage1] epoch 18/100 step 25 | loss 5.6922 | w [15.0, 8.0, 1.0] | train det 0.1064 seg 0.2048 cnt 2.4578
[stage1] epoch 18/100 step 26 | loss 13.0068 | w [15.0, 8.0, 1.0] | train det 0.1692 seg 0.3566 cnt 7.6163
[stage1] epoch 18/100 step 27 | loss 9.2230 | w [15.0, 8.0, 1.0] | train det 0.1855 seg 0.2724 cnt 4.2618
[stage1] epoch 18/100 step 28 | loss 28.1214 | w [15.0, 8.0, 1.0] | train det 0.7517 seg 0.2524 cnt 14.8262
[stage1] epoch 18/100 step 29 | loss 10.7040 | w [15.0, 8.0, 1.0] | train det 0.2360 seg 0.1385 cnt 6.0570
[stage1] epoch 18/100 step 30 | loss 14.1502 | w [15.0, 8.0, 1.0] | train det 0.3591 seg 0.2601 cnt 6.6833
[stage1] epoch 18/100 step 31 | loss 23.3540 | w [15.0, 8.0, 1.0] | train det 0.3074 seg 0.4584 cnt 15.0764
[stage1] epoch 18/100 step 32 | loss 14.7195 | w [15.0, 8.0, 1.0] | train det 0.2407 seg 0.2266 cnt 9.2963
[stage1] epoch 18/100 step 33 | loss 8.3293 | w [15.0, 8.0, 1.0] | train det 0.1156 seg 0.2380 cnt 4.6908
[stage1] epoch 18/100 step 34 | loss 9.8623 | w [15.0, 8.0, 1.0] | train det 0.1350 seg 0.2331 cnt 5.9719
[stage1] epoch 18/100 step 35 | loss 19.7744 | w [15.0, 8.0, 1.0] | train det 0.2404 seg 0.4587 cnt 12.4996
[stage1] epoch 18/100 step 36 | loss 4.6194 | w [15.0, 8.0, 1.0] | train det 0.1057 seg 0.1856 cnt 1.5495
[stage1] epoch 18/100 step 37 | loss 10.6283 | w [15.0, 8.0, 1.0] | train det 0.1895 seg 0.1572 cnt 6.5281
[stage1] epoch 18/100 step 38 | loss 17.2504 | w [15.0, 8.0, 1.0] | train det 0.8525 seg 0.2597 cnt 2.3851
[stage1] epoch 18/100 step 39 | loss 17.3786 | w [15.0, 8.0, 1.0] | train det 0.1044 seg 0.3274 cnt 13.1928
[stage1] epoch 18/100 step 40 | loss 12.6276 | w [15.0, 8.0, 1.0] | train det 0.2976 seg 0.2948 cnt 5.8051
[stage1] epoch 18/100 step 41 | loss 14.9759 | w [15.0, 8.0, 1.0] | train det 0.3584 seg 0.2832 cnt 7.3348
[stage1] epoch 18/100 step 42 | loss 7.8258 | w [15.0, 8.0, 1.0] | train det 0.2325 seg 0.2349 cnt 2.4588
[stage1] epoch 18/100 step 43 | loss 12.3521 | w [15.0, 8.0, 1.0] | train det 0.2933 seg 0.2131 cnt 6.2485
[stage1] epoch 18/100 | train 13.4794 | det 0.2793 seg 0.2756 cnt 7.0853
[stage1] epoch 19/100 step 1 | loss 8.0562 | w [15.0, 8.0, 1.0] | train det 0.2199 seg 0.2756 cnt 2.5525
[stage1] epoch 19/100 step 2 | loss 17.7338 | w [15.0, 8.0, 1.0] | train det 0.2507 seg 0.1700 cnt 12.6128
[stage1] epoch 19/100 step 3 | loss 11.8463 | w [15.0, 8.0, 1.0] | train det 0.1912 seg 0.3783 cnt 5.9522
[stage1] epoch 19/100 step 4 | loss 11.4719 | w [15.0, 8.0, 1.0] | train det 0.2062 seg 0.3202 cnt 5.8176
[stage1] epoch 19/100 step 5 | loss 9.1925 | w [15.0, 8.0, 1.0] | train det 0.2655 seg 0.1289 cnt 4.1792
[stage1] epoch 19/100 step 6 | loss 18.9732 | w [15.0, 8.0, 1.0] | train det 0.2502 seg 0.3762 cnt 12.2109
[stage1] epoch 19/100 step 7 | loss 8.2095 | w [15.0, 8.0, 1.0] | train det 0.1429 seg 0.2401 cnt 4.1455
[stage1] epoch 19/100 step 8 | loss 7.1523 | w [15.0, 8.0, 1.0] | train det 0.1483 seg 0.1732 cnt 3.5423
[stage1] epoch 19/100 step 9 | loss 18.7040 | w [15.0, 8.0, 1.0] | train det 0.1442 seg 0.3315 cnt 13.8888
[stage1] epoch 19/100 step 10 | loss 17.1173 | w [15.0, 8.0, 1.0] | train det 0.7043 seg 0.4680 cnt 2.8084
[stage1] epoch 19/100 step 11 | loss 17.3465 | w [15.0, 8.0, 1.0] | train det 0.8573 seg 0.2032 cnt 2.8613
[stage1] epoch 19/100 step 12 | loss 13.4953 | w [15.0, 8.0, 1.0] | train det 0.1751 seg 0.2494 cnt 8.8736
[stage1] epoch 19/100 step 13 | loss 10.9356 | w [15.0, 8.0, 1.0] | train det 0.2042 seg 0.2951 cnt 5.5112
[stage1] epoch 19/100 step 14 | loss 14.3953 | w [15.0, 8.0, 1.0] | train det 0.0926 seg 0.3210 cnt 10.4379
[stage1] epoch 19/100 step 15 | loss 9.3795 | w [15.0, 8.0, 1.0] | train det 0.2915 seg 0.3068 cnt 2.5527
[stage1] epoch 19/100 step 16 | loss 18.4891 | w [15.0, 8.0, 1.0] | train det 0.2127 seg 0.2175 cnt 13.5588
[stage1] epoch 19/100 step 17 | loss 12.8482 | w [15.0, 8.0, 1.0] | train det 0.1559 seg 0.1422 cnt 9.3718
[stage1] epoch 19/100 step 18 | loss 12.0746 | w [15.0, 8.0, 1.0] | train det 0.2334 seg 0.3680 cnt 5.6298
[stage1] epoch 19/100 step 19 | loss 10.1062 | w [15.0, 8.0, 1.0] | train det 0.3290 seg 0.3328 cnt 2.5089
[stage1] epoch 19/100 step 20 | loss 10.0240 | w [15.0, 8.0, 1.0] | train det 0.1143 seg 0.2482 cnt 6.3248
[stage1] epoch 19/100 step 21 | loss 16.8687 | w [15.0, 8.0, 1.0] | train det 0.6783 seg 0.2069 cnt 5.0389
[stage1] epoch 19/100 step 22 | loss 8.9543 | w [15.0, 8.0, 1.0] | train det 0.0838 seg 0.3378 cnt 4.9948
[stage1] epoch 19/100 step 23 | loss 9.1370 | w [15.0, 8.0, 1.0] | train det 0.2122 seg 0.3512 cnt 3.1447
[stage1] epoch 19/100 step 24 | loss 10.1599 | w [15.0, 8.0, 1.0] | train det 0.3126 seg 0.2472 cnt 3.4925
[stage1] epoch 19/100 step 25 | loss 8.1020 | w [15.0, 8.0, 1.0] | train det 0.1858 seg 0.2496 cnt 3.3180
[stage1] epoch 19/100 step 26 | loss 18.7904 | w [15.0, 8.0, 1.0] | train det 0.2590 seg 0.4175 cnt 11.5652
[stage1] epoch 19/100 step 27 | loss 9.5719 | w [15.0, 8.0, 1.0] | train det 0.1577 seg 0.3399 cnt 4.4868
[stage1] epoch 19/100 step 28 | loss 10.6936 | w [15.0, 8.0, 1.0] | train det 0.2326 seg 0.2179 cnt 5.4622
[stage1] epoch 19/100 step 29 | loss 8.9463 | w [15.0, 8.0, 1.0] | train det 0.1960 seg 0.2165 cnt 4.2747
[stage1] epoch 19/100 step 30 | loss 21.2665 | w [15.0, 8.0, 1.0] | train det 0.5984 seg 0.1154 cnt 11.3678
[stage1] epoch 19/100 step 31 | loss 10.5264 | w [15.0, 8.0, 1.0] | train det 0.2316 seg 0.3279 cnt 4.4290
[stage1] epoch 19/100 step 32 | loss 9.3840 | w [15.0, 8.0, 1.0] | train det 0.1564 seg 0.4892 cnt 3.1241
[stage1] epoch 19/100 step 33 | loss 17.4372 | w [15.0, 8.0, 1.0] | train det 0.1685 seg 0.1731 cnt 13.5245
[stage1] epoch 19/100 step 34 | loss 8.0560 | w [15.0, 8.0, 1.0] | train det 0.2822 seg 0.1092 cnt 2.9494
[stage1] epoch 19/100 step 35 | loss 7.1264 | w [15.0, 8.0, 1.0] | train det 0.1095 seg 0.3004 cnt 3.0812
[stage1] epoch 19/100 step 36 | loss 14.0880 | w [15.0, 8.0, 1.0] | train det 0.2773 seg 0.1572 cnt 8.6713
[stage1] epoch 19/100 step 37 | loss 11.5168 | w [15.0, 8.0, 1.0] | train det 0.2754 seg 0.3177 cnt 4.8452
[stage1] epoch 19/100 step 38 | loss 15.4313 | w [15.0, 8.0, 1.0] | train det 0.3290 seg 0.1671 cnt 9.1602
[stage1] epoch 19/100 step 39 | loss 6.1456 | w [15.0, 8.0, 1.0] | train det 0.1882 seg 0.2328 cnt 1.4604
[stage1] epoch 19/100 step 40 | loss 19.0586 | w [15.0, 8.0, 1.0] | train det 0.2992 seg 0.3183 cnt 12.0242
[stage1] epoch 19/100 step 41 | loss 14.2356 | w [15.0, 8.0, 1.0] | train det 0.3276 seg 0.4535 cnt 5.6936
[stage1] epoch 19/100 step 42 | loss 11.7632 | w [15.0, 8.0, 1.0] | train det 0.2500 seg 0.3106 cnt 5.5277
[stage1] epoch 19/100 step 43 | loss 6.8964 | w [15.0, 8.0, 1.0] | train det 0.1384 seg 0.3330 cnt 2.1562
[stage1] epoch 19/100 | train 12.3653 | det 0.2590 seg 0.2776 cnt 6.2589
[stage1] epoch 20/100 step 1 | loss 9.9288 | w [15.0, 8.0, 1.0] | train det 0.2771 seg 0.2869 cnt 3.4771
[stage1] epoch 20/100 step 2 | loss 11.4316 | w [15.0, 8.0, 1.0] | train det 0.2640 seg 0.1184 cnt 6.5244
[stage1] epoch 20/100 step 3 | loss 6.9034 | w [15.0, 8.0, 1.0] | train det 0.1182 seg 0.2417 cnt 3.1971
[stage1] epoch 20/100 step 4 | loss 9.0085 | w [15.0, 8.0, 1.0] | train det 0.1996 seg 0.3314 cnt 3.3634
[stage1] epoch 20/100 step 5 | loss 11.6333 | w [15.0, 8.0, 1.0] | train det 0.3047 seg 0.1602 cnt 5.7805
[stage1] epoch 20/100 step 6 | loss 14.3728 | w [15.0, 8.0, 1.0] | train det 0.4099 seg 0.3043 cnt 5.7898
[stage1] epoch 20/100 step 7 | loss 8.6419 | w [15.0, 8.0, 1.0] | train det 0.1251 seg 0.2764 cnt 4.5532
[stage1] epoch 20/100 step 8 | loss 8.8843 | w [15.0, 8.0, 1.0] | train det 0.2380 seg 0.1982 cnt 3.7290
[stage1] epoch 20/100 step 9 | loss 8.8756 | w [15.0, 8.0, 1.0] | train det 0.2304 seg 0.4746 cnt 1.6235
[stage1] epoch 20/100 step 10 | loss 11.4688 | w [15.0, 8.0, 1.0] | train det 0.4801 seg 0.1749 cnt 2.8686
[stage1] epoch 20/100 step 11 | loss 8.2467 | w [15.0, 8.0, 1.0] | train det 0.2296 seg 0.3108 cnt 2.3166
[stage1] epoch 20/100 step 12 | loss 11.7071 | w [15.0, 8.0, 1.0] | train det 0.5561 seg 0.1080 cnt 2.5020
[stage1] epoch 20/100 step 13 | loss 8.8013 | w [15.0, 8.0, 1.0] | train det 0.2876 seg 0.0642 cnt 3.9735
[stage1] epoch 20/100 step 14 | loss 11.0315 | w [15.0, 8.0, 1.0] | train det 0.2558 seg 0.2825 cnt 4.9355
[stage1] epoch 20/100 step 15 | loss 14.6664 | w [15.0, 8.0, 1.0] | train det 0.3087 seg 0.1769 cnt 8.6199
[stage1] epoch 20/100 step 16 | loss 8.6188 | w [15.0, 8.0, 1.0] | train det 0.1307 seg 0.1511 cnt 5.4499
[stage1] epoch 20/100 step 17 | loss 11.9949 | w [15.0, 8.0, 1.0] | train det 0.1129 seg 0.3940 cnt 7.1490
[stage1] epoch 20/100 step 18 | loss 16.3407 | w [15.0, 8.0, 1.0] | train det 0.5299 seg 0.2502 cnt 6.3904
[stage1] epoch 20/100 step 19 | loss 29.8762 | w [15.0, 8.0, 1.0] | train det 0.2508 seg 0.3791 cnt 23.0822
[stage1] epoch 20/100 step 20 | loss 15.3986 | w [15.0, 8.0, 1.0] | train det 0.3755 seg 0.3744 cnt 6.7708
[stage1] epoch 20/100 step 21 | loss 9.0825 | w [15.0, 8.0, 1.0] | train det 0.2151 seg 0.3337 cnt 3.1864
[stage1] epoch 20/100 step 22 | loss 9.2887 | w [15.0, 8.0, 1.0] | train det 0.2310 seg 0.2282 cnt 3.9981
[stage1] epoch 20/100 step 23 | loss 7.0914 | w [15.0, 8.0, 1.0] | train det 0.0814 seg 0.2028 cnt 4.2480
[stage1] epoch 20/100 step 24 | loss 5.4071 | w [15.0, 8.0, 1.0] | train det 0.1656 seg 0.1613 cnt 1.6322
[stage1] epoch 20/100 step 25 | loss 18.2905 | w [15.0, 8.0, 1.0] | train det 0.7103 seg 0.3615 cnt 4.7444
[stage1] epoch 20/100 step 26 | loss 11.6287 | w [15.0, 8.0, 1.0] | train det 0.3250 seg 0.2145 cnt 5.0381
[stage1] epoch 20/100 step 27 | loss 14.6251 | w [15.0, 8.0, 1.0] | train det 0.5452 seg 0.4577 cnt 2.7858
[stage1] epoch 20/100 step 28 | loss 6.9716 | w [15.0, 8.0, 1.0] | train det 0.1000 seg 0.1850 cnt 3.9918
[stage1] epoch 20/100 step 29 | loss 14.0642 | w [15.0, 8.0, 1.0] | train det 0.3415 seg 0.4690 cnt 5.1900
[stage1] epoch 20/100 step 30 | loss 10.0676 | w [15.0, 8.0, 1.0] | train det 0.1490 seg 0.2435 cnt 5.8852
[stage1] epoch 20/100 step 31 | loss 11.4726 | w [15.0, 8.0, 1.0] | train det 0.2513 seg 0.3306 cnt 5.0573
[stage1] epoch 20/100 step 32 | loss 8.1844 | w [15.0, 8.0, 1.0] | train det 0.2476 seg 0.0757 cnt 3.8645
[stage1] epoch 20/100 step 33 | loss 4.8687 | w [15.0, 8.0, 1.0] | train det 0.0860 seg 0.2104 cnt 1.8960
[stage1] epoch 20/100 step 34 | loss 9.8768 | w [15.0, 8.0, 1.0] | train det 0.2996 seg 0.2855 cnt 3.0993
[stage1] epoch 20/100 step 35 | loss 8.7665 | w [15.0, 8.0, 1.0] | train det 0.3001 seg 0.2119 cnt 2.5695
[stage1] epoch 20/100 step 36 | loss 6.7968 | w [15.0, 8.0, 1.0] | train det 0.1386 seg 0.2666 cnt 2.5854
[stage1] epoch 20/100 step 37 | loss 10.0441 | w [15.0, 8.0, 1.0] | train det 0.2863 seg 0.2818 cnt 3.4947
[stage1] epoch 20/100 step 38 | loss 10.6843 | w [15.0, 8.0, 1.0] | train det 0.3095 seg 0.2842 cnt 3.7685
[stage1] epoch 20/100 step 39 | loss 11.5797 | w [15.0, 8.0, 1.0] | train det 0.1379 seg 0.2998 cnt 7.1130
[stage1] epoch 20/100 step 40 | loss 11.0752 | w [15.0, 8.0, 1.0] | train det 0.2361 seg 0.2823 cnt 5.2756
[stage1] epoch 20/100 step 41 | loss 11.0593 | w [15.0, 8.0, 1.0] | train det 0.2638 seg 0.3675 cnt 4.1632
[stage1] epoch 20/100 step 42 | loss 11.2278 | w [15.0, 8.0, 1.0] | train det 0.3354 seg 0.2345 cnt 4.3209
[stage1] epoch 20/100 step 43 | loss 27.0651 | w [15.0, 8.0, 1.0] | train det 0.1373 seg 0.4424 cnt 21.4663
[stage1] epoch 20/100 | train 11.3267 | det 0.2693 seg 0.2672 cnt 5.1505
[stage1] epoch 21/100 step 1 | loss 13.9457 | w [15.0, 8.0, 1.0] | train det 0.3284 seg 0.3528 cnt 6.1970
[stage1] epoch 21/100 step 2 | loss 8.3613 | w [15.0, 8.0, 1.0] | train det 0.1066 seg 0.3241 cnt 4.1695
[stage1] epoch 21/100 step 3 | loss 7.5165 | w [15.0, 8.0, 1.0] | train det 0.1310 seg 0.2557 cnt 3.5049
[stage1] epoch 21/100 step 4 | loss 10.0983 | w [15.0, 8.0, 1.0] | train det 0.0930 seg 0.4170 cnt 5.3681
[stage1] epoch 21/100 step 5 | loss 14.1740 | w [15.0, 8.0, 1.0] | train det 0.4406 seg 0.2269 cnt 5.7499
[stage1] epoch 21/100 step 6 | loss 10.1277 | w [15.0, 8.0, 1.0] | train det 0.3295 seg 0.1591 cnt 3.9127
[stage1] epoch 21/100 step 7 | loss 15.3908 | w [15.0, 8.0, 1.0] | train det 0.1739 seg 0.4674 cnt 9.0436
[stage1] epoch 21/100 step 8 | loss 7.5766 | w [15.0, 8.0, 1.0] | train det 0.1372 seg 0.1325 cnt 4.4592
[stage1] epoch 21/100 step 9 | loss 18.5703 | w [15.0, 8.0, 1.0] | train det 0.2586 seg 0.2368 cnt 12.7964
[stage1] epoch 21/100 step 10 | loss 19.4200 | w [15.0, 8.0, 1.0] | train det 0.7720 seg 0.3274 cnt 5.2212
[stage1] epoch 21/100 step 11 | loss 19.5954 | w [15.0, 8.0, 1.0] | train det 0.2992 seg 0.1139 cnt 14.1961
[stage1] epoch 21/100 step 12 | loss 9.2225 | w [15.0, 8.0, 1.0] | train det 0.2835 seg 0.3684 cnt 2.0223
[stage1] epoch 21/100 step 13 | loss 8.7643 | w [15.0, 8.0, 1.0] | train det 0.1138 seg 0.1071 cnt 6.2005
[stage1] epoch 21/100 step 14 | loss 11.7567 | w [15.0, 8.0, 1.0] | train det 0.2622 seg 0.2885 cnt 5.5159
[stage1] epoch 21/100 step 15 | loss 12.4302 | w [15.0, 8.0, 1.0] | train det 0.1085 seg 0.2334 cnt 8.9365
[stage1] epoch 21/100 step 16 | loss 7.1989 | w [15.0, 8.0, 1.0] | train det 0.2167 seg 0.1752 cnt 2.5464
[stage1] epoch 21/100 step 17 | loss 10.9798 | w [15.0, 8.0, 1.0] | train det 0.1990 seg 0.3211 cnt 5.4267
[stage1] epoch 21/100 step 18 | loss 11.9067 | w [15.0, 8.0, 1.0] | train det 0.1961 seg 0.1846 cnt 7.4888
[stage1] epoch 21/100 step 19 | loss 14.1439 | w [15.0, 8.0, 1.0] | train det 0.4037 seg 0.1674 cnt 6.7500
[stage1] epoch 21/100 step 20 | loss 22.6515 | w [15.0, 8.0, 1.0] | train det 0.8127 seg 0.2324 cnt 8.6019
[stage1] epoch 21/100 step 21 | loss 8.2825 | w [15.0, 8.0, 1.0] | train det 0.1621 seg 0.2173 cnt 4.1122
[stage1] epoch 21/100 step 22 | loss 8.2740 | w [15.0, 8.0, 1.0] | train det 0.1713 seg 0.1419 cnt 4.5692
[stage1] epoch 21/100 step 23 | loss 6.5215 | w [15.0, 8.0, 1.0] | train det 0.1494 seg 0.2060 cnt 2.6314
[stage1] epoch 21/100 step 24 | loss 11.3243 | w [15.0, 8.0, 1.0] | train det 0.1068 seg 0.1993 cnt 8.1280
[stage1] epoch 21/100 step 25 | loss 13.8556 | w [15.0, 8.0, 1.0] | train det 0.2535 seg 0.3981 cnt 6.8680
[stage1] epoch 21/100 step 26 | loss 8.2453 | w [15.0, 8.0, 1.0] | train det 0.2103 seg 0.0909 cnt 4.3635
[stage1] epoch 21/100 step 27 | loss 9.5795 | w [15.0, 8.0, 1.0] | train det 0.3139 seg 0.2148 cnt 3.1534
[stage1] epoch 21/100 step 28 | loss 8.7728 | w [15.0, 8.0, 1.0] | train det 0.1638 seg 0.2142 cnt 4.6017
[stage1] epoch 21/100 step 29 | loss 17.2197 | w [15.0, 8.0, 1.0] | train det 0.6456 seg 0.2300 cnt 5.6964
[stage1] epoch 21/100 step 30 | loss 14.1494 | w [15.0, 8.0, 1.0] | train det 0.4509 seg 0.2664 cnt 5.2550
[stage1] epoch 21/100 step 31 | loss 13.1727 | w [15.0, 8.0, 1.0] | train det 0.2067 seg 0.2836 cnt 7.8037
[stage1] epoch 21/100 step 32 | loss 10.5670 | w [15.0, 8.0, 1.0] | train det 0.2003 seg 0.4149 cnt 4.2433
[stage1] epoch 21/100 step 33 | loss 14.3865 | w [15.0, 8.0, 1.0] | train det 0.1555 seg 0.1217 cnt 11.0813
[stage1] epoch 21/100 step 34 | loss 10.3436 | w [15.0, 8.0, 1.0] | train det 0.2980 seg 0.2212 cnt 4.1035
[stage1] epoch 21/100 step 35 | loss 21.2189 | w [15.0, 8.0, 1.0] | train det 0.1730 seg 0.4543 cnt 14.9888
[stage1] epoch 21/100 step 36 | loss 6.7453 | w [15.0, 8.0, 1.0] | train det 0.2516 seg 0.1118 cnt 2.0776
[stage1] epoch 21/100 step 37 | loss 13.3116 | w [15.0, 8.0, 1.0] | train det 0.3279 seg 0.1821 cnt 6.9364
[stage1] epoch 21/100 step 38 | loss 8.0521 | w [15.0, 8.0, 1.0] | train det 0.1095 seg 0.1282 cnt 5.3842
[stage1] epoch 21/100 step 39 | loss 9.8403 | w [15.0, 8.0, 1.0] | train det 0.1358 seg 0.1840 cnt 6.3314
[stage1] epoch 21/100 step 40 | loss 6.0014 | w [15.0, 8.0, 1.0] | train det 0.0732 seg 0.2378 cnt 3.0005
[stage1] epoch 21/100 step 41 | loss 12.1245 | w [15.0, 8.0, 1.0] | train det 0.4459 seg 0.1745 cnt 4.0402
[stage1] epoch 21/100 step 42 | loss 13.6424 | w [15.0, 8.0, 1.0] | train det 0.2793 seg 0.2355 cnt 7.5679
[stage1] epoch 21/100 step 43 | loss 11.6180 | w [15.0, 8.0, 1.0] | train det 0.1754 seg 0.3361 cnt 6.2982
[stage1] epoch 21/100 | train 11.8856 | det 0.2587 seg 0.2408 cnt 6.0778
[stage1] epoch 22/100 step 1 | loss 11.4879 | w [15.0, 8.0, 1.0] | train det 0.3669 seg 0.2452 cnt 4.0228
[stage1] epoch 22/100 step 2 | loss 7.3709 | w [15.0, 8.0, 1.0] | train det 0.1184 seg 0.1794 cnt 4.1597
[stage1] epoch 22/100 step 3 | loss 9.6300 | w [15.0, 8.0, 1.0] | train det 0.1689 seg 0.3071 cnt 4.6396
[stage1] epoch 22/100 step 4 | loss 8.2249 | w [15.0, 8.0, 1.0] | train det 0.2447 seg 0.1900 cnt 3.0353
[stage1] epoch 22/100 step 5 | loss 10.7254 | w [15.0, 8.0, 1.0] | train det 0.3602 seg 0.1078 cnt 4.4602
[stage1] epoch 22/100 step 6 | loss 11.1717 | w [15.0, 8.0, 1.0] | train det 0.1736 seg 0.3693 cnt 5.6132
[stage1] epoch 22/100 step 7 | loss 6.0965 | w [15.0, 8.0, 1.0] | train det 0.0740 seg 0.2882 cnt 2.6806
[stage1] epoch 22/100 step 8 | loss 9.1054 | w [15.0, 8.0, 1.0] | train det 0.2215 seg 0.1449 cnt 4.6242
[stage1] epoch 22/100 step 9 | loss 7.0669 | w [15.0, 8.0, 1.0] | train det 0.0781 seg 0.0451 cnt 5.5351
[stage1] epoch 22/100 step 10 | loss 11.2797 | w [15.0, 8.0, 1.0] | train det 0.1651 seg 0.2437 cnt 6.8540
[stage1] epoch 22/100 step 11 | loss 6.4675 | w [15.0, 8.0, 1.0] | train det 0.1343 seg 0.2945 cnt 2.0974
[stage1] epoch 22/100 step 12 | loss 6.4089 | w [15.0, 8.0, 1.0] | train det 0.1510 seg 0.2952 cnt 1.7828
[stage1] epoch 22/100 step 13 | loss 10.5278 | w [15.0, 8.0, 1.0] | train det 0.4823 seg 0.1699 cnt 1.9332
[stage1] epoch 22/100 step 14 | loss 7.5433 | w [15.0, 8.0, 1.0] | train det 0.1108 seg 0.1365 cnt 4.7892
[stage1] epoch 22/100 step 15 | loss 12.1610 | w [15.0, 8.0, 1.0] | train det 0.3824 seg 0.3235 cnt 3.8366
[stage1] epoch 22/100 step 16 | loss 9.7222 | w [15.0, 8.0, 1.0] | train det 0.1269 seg 0.1835 cnt 6.3510
[stage1] epoch 22/100 step 17 | loss 17.2113 | w [15.0, 8.0, 1.0] | train det 0.3153 seg 0.0821 cnt 11.8254
[stage1] epoch 22/100 step 18 | loss 8.1729 | w [15.0, 8.0, 1.0] | train det 0.1574 seg 0.1740 cnt 4.4205
[stage1] epoch 22/100 step 19 | loss 12.1952 | w [15.0, 8.0, 1.0] | train det 0.1648 seg 0.1552 cnt 8.4815
[stage1] epoch 22/100 step 20 | loss 9.9643 | w [15.0, 8.0, 1.0] | train det 0.1719 seg 0.2904 cnt 5.0627
[stage1] epoch 22/100 step 21 | loss 8.0536 | w [15.0, 8.0, 1.0] | train det 0.1694 seg 0.1595 cnt 4.2367
[stage1] epoch 22/100 step 22 | loss 5.8270 | w [15.0, 8.0, 1.0] | train det 0.0605 seg 0.0715 cnt 4.3470
[stage1] epoch 22/100 step 23 | loss 14.7858 | w [15.0, 8.0, 1.0] | train det 0.2498 seg 0.5600 cnt 6.5597
[stage1] epoch 22/100 step 24 | loss 11.4521 | w [15.0, 8.0, 1.0] | train det 0.4538 seg 0.1944 cnt 3.0906
[stage1] epoch 22/100 step 25 | loss 12.7491 | w [15.0, 8.0, 1.0] | train det 0.4419 seg 0.1982 cnt 4.5348
[stage1] epoch 22/100 step 26 | loss 26.3781 | w [15.0, 8.0, 1.0] | train det 1.2638 seg 0.3254 cnt 4.8178
[stage1] epoch 22/100 step 27 | loss 8.7124 | w [15.0, 8.0, 1.0] | train det 0.1550 seg 0.1348 cnt 5.3080
[stage1] epoch 22/100 step 28 | loss 9.5587 | w [15.0, 8.0, 1.0] | train det 0.2068 seg 0.3360 cnt 3.7679
[stage1] epoch 22/100 step 29 | loss 8.7702 | w [15.0, 8.0, 1.0] | train det 0.2157 seg 0.2489 cnt 3.5434
[stage1] epoch 22/100 step 30 | loss 9.5228 | w [15.0, 8.0, 1.0] | train det 0.1219 seg 0.1820 cnt 6.2387
[stage1] epoch 22/100 step 31 | loss 7.1640 | w [15.0, 8.0, 1.0] | train det 0.2413 seg 0.1900 cnt 2.0248
[stage1] epoch 22/100 step 32 | loss 8.4657 | w [15.0, 8.0, 1.0] | train det 0.0907 seg 0.2170 cnt 5.3685
[stage1] epoch 22/100 step 33 | loss 16.7406 | w [15.0, 8.0, 1.0] | train det 0.4571 seg 0.4297 cnt 6.4471
[stage1] epoch 22/100 step 34 | loss 10.1999 | w [15.0, 8.0, 1.0] | train det 0.0977 seg 0.4618 cnt 5.0402
[stage1] epoch 22/100 step 35 | loss 13.9855 | w [15.0, 8.0, 1.0] | train det 0.4921 seg 0.3149 cnt 4.0846
[stage1] epoch 22/100 step 36 | loss 6.2737 | w [15.0, 8.0, 1.0] | train det 0.0927 seg 0.3470 cnt 2.1074
[stage1] epoch 22/100 step 37 | loss 9.1857 | w [15.0, 8.0, 1.0] | train det 0.2959 seg 0.1790 cnt 3.3151
[stage1] epoch 22/100 step 38 | loss 7.8532 | w [15.0, 8.0, 1.0] | train det 0.0868 seg 0.1468 cnt 5.3770
[stage1] epoch 22/100 step 39 | loss 9.0612 | w [15.0, 8.0, 1.0] | train det 0.1995 seg 0.2141 cnt 4.3565
[stage1] epoch 22/100 step 40 | loss 10.8614 | w [15.0, 8.0, 1.0] | train det 0.1377 seg 0.3011 cnt 6.3875
[stage1] epoch 22/100 step 41 | loss 14.3637 | w [15.0, 8.0, 1.0] | train det 0.3581 seg 0.4275 cnt 5.5718
[stage1] epoch 22/100 step 42 | loss 11.3749 | w [15.0, 8.0, 1.0] | train det 0.2036 seg 0.1558 cnt 7.0743
[stage1] epoch 22/100 step 43 | loss 11.2648 | w [15.0, 8.0, 1.0] | train det 0.0823 seg 0.1960 cnt 8.4629
[stage1] epoch 22/100 | train 10.3520 | det 0.2405 seg 0.2376 cnt 4.8434
[stage1] epoch 23/100 step 1 | loss 9.5966 | w [15.0, 8.0, 1.0] | train det 0.0631 seg 0.1822 cnt 7.1928
[stage1] epoch 23/100 step 2 | loss 15.6952 | w [15.0, 8.0, 1.0] | train det 0.3986 seg 0.2925 cnt 7.3772
[stage1] epoch 23/100 step 3 | loss 6.6005 | w [15.0, 8.0, 1.0] | train det 0.1808 seg 0.2519 cnt 1.8738
[stage1] epoch 23/100 step 4 | loss 8.5511 | w [15.0, 8.0, 1.0] | train det 0.1391 seg 0.2722 cnt 4.2868
[stage1] epoch 23/100 step 5 | loss 17.1662 | w [15.0, 8.0, 1.0] | train det 0.2322 seg 0.1946 cnt 12.1265
[stage1] epoch 23/100 step 6 | loss 16.5904 | w [15.0, 8.0, 1.0] | train det 0.5288 seg 0.2433 cnt 6.7116
[stage1] epoch 23/100 step 7 | loss 6.2510 | w [15.0, 8.0, 1.0] | train det 0.0871 seg 0.1329 cnt 3.8813
[stage1] epoch 23/100 step 8 | loss 7.3850 | w [15.0, 8.0, 1.0] | train det 0.2311 seg 0.1692 cnt 2.5645
[stage1] epoch 23/100 step 9 | loss 13.1397 | w [15.0, 8.0, 1.0] | train det 0.5175 seg 0.1073 cnt 4.5194
[stage1] epoch 23/100 step 10 | loss 8.2756 | w [15.0, 8.0, 1.0] | train det 0.2741 seg 0.3199 cnt 1.6043
[stage1] epoch 23/100 step 11 | loss 7.0987 | w [15.0, 8.0, 1.0] | train det 0.1693 seg 0.1265 cnt 3.5479
[stage1] epoch 23/100 step 12 | loss 12.6629 | w [15.0, 8.0, 1.0] | train det 0.1061 seg 0.2338 cnt 9.2013
[stage1] epoch 23/100 step 13 | loss 16.1234 | w [15.0, 8.0, 1.0] | train det 0.4884 seg 0.2691 cnt 6.6445
[stage1] epoch 23/100 step 14 | loss 8.5790 | w [15.0, 8.0, 1.0] | train det 0.1009 seg 0.2323 cnt 5.2074
[stage1] epoch 23/100 step 15 | loss 7.6560 | w [15.0, 8.0, 1.0] | train det 0.1299 seg 0.2476 cnt 3.7273
[stage1] epoch 23/100 step 16 | loss 28.3198 | w [15.0, 8.0, 1.0] | train det 1.0450 seg 0.2394 cnt 10.7307
[stage1] epoch 23/100 step 17 | loss 20.6466 | w [15.0, 8.0, 1.0] | train det 0.6173 seg 0.1763 cnt 9.9770
[stage1] epoch 23/100 step 18 | loss 12.8910 | w [15.0, 8.0, 1.0] | train det 0.3563 seg 0.2164 cnt 5.8156
[stage1] epoch 23/100 step 19 | loss 9.5010 | w [15.0, 8.0, 1.0] | train det 0.1025 seg 0.0968 cnt 7.1892
[stage1] epoch 23/100 step 20 | loss 9.6755 | w [15.0, 8.0, 1.0] | train det 0.1923 seg 0.2064 cnt 5.1406
[stage1] epoch 23/100 step 21 | loss 7.4252 | w [15.0, 8.0, 1.0] | train det 0.1897 seg 0.2502 cnt 2.5786
[stage1] epoch 23/100 step 22 | loss 13.4943 | w [15.0, 8.0, 1.0] | train det 0.3563 seg 0.1320 cnt 7.0932
[stage1] epoch 23/100 step 23 | loss 9.9672 | w [15.0, 8.0, 1.0] | train det 0.1403 seg 0.2635 cnt 5.7554
[stage1] epoch 23/100 step 24 | loss 8.5499 | w [15.0, 8.0, 1.0] | train det 0.1803 seg 0.2639 cnt 3.7346
[stage1] epoch 23/100 step 25 | loss 15.1798 | w [15.0, 8.0, 1.0] | train det 0.1851 seg 0.3591 cnt 9.5308
[stage1] epoch 23/100 step 26 | loss 11.4999 | w [15.0, 8.0, 1.0] | train det 0.1257 seg 0.2542 cnt 7.5808
[stage1] epoch 23/100 step 27 | loss 7.8495 | w [15.0, 8.0, 1.0] | train det 0.2466 seg 0.2531 cnt 2.1257
[stage1] epoch 23/100 step 28 | loss 10.9193 | w [15.0, 8.0, 1.0] | train det 0.2955 seg 0.2896 cnt 4.1700
[stage1] epoch 23/100 step 29 | loss 19.0848 | w [15.0, 8.0, 1.0] | train det 0.2355 seg 0.2830 cnt 13.2883
[stage1] epoch 23/100 step 30 | loss 14.4139 | w [15.0, 8.0, 1.0] | train det 0.3165 seg 0.2725 cnt 7.4864
[stage1] epoch 23/100 step 31 | loss 9.6469 | w [15.0, 8.0, 1.0] | train det 0.1956 seg 0.3854 cnt 3.6294
[stage1] epoch 23/100 step 32 | loss 13.2608 | w [15.0, 8.0, 1.0] | train det 0.4441 seg 0.2717 cnt 4.4260
[stage1] epoch 23/100 step 33 | loss 11.6084 | w [15.0, 8.0, 1.0] | train det 0.2726 seg 0.3976 cnt 4.3394
[stage1] epoch 23/100 step 34 | loss 6.5308 | w [15.0, 8.0, 1.0] | train det 0.2168 seg 0.1201 cnt 2.3176
[stage1] epoch 23/100 step 35 | loss 8.6376 | w [15.0, 8.0, 1.0] | train det 0.1975 seg 0.2962 cnt 3.3061
[stage1] epoch 23/100 step 36 | loss 8.9755 | w [15.0, 8.0, 1.0] | train det 0.2425 seg 0.3399 cnt 2.6184
[stage1] epoch 23/100 step 37 | loss 9.6042 | w [15.0, 8.0, 1.0] | train det 0.0423 seg 0.2943 cnt 6.6154
[stage1] epoch 23/100 step 38 | loss 11.7228 | w [15.0, 8.0, 1.0] | train det 0.4407 seg 0.0618 cnt 4.6172
[stage1] epoch 23/100 step 39 | loss 8.3962 | w [15.0, 8.0, 1.0] | train det 0.1825 seg 0.2524 cnt 3.6394
[stage1] epoch 23/100 step 40 | loss 13.7001 | w [15.0, 8.0, 1.0] | train det 0.1324 seg 0.1425 cnt 10.5746
[stage1] epoch 23/100 step 41 | loss 17.9670 | w [15.0, 8.0, 1.0] | train det 0.2505 seg 0.2010 cnt 12.6020
[stage1] epoch 23/100 step 42 | loss 13.9440 | w [15.0, 8.0, 1.0] | train det 0.4526 seg 0.1161 cnt 6.2270
[stage1] epoch 23/100 step 43 | loss 9.4070 | w [15.0, 8.0, 1.0] | train det 0.0889 seg 0.1689 cnt 6.7229
[stage1] epoch 23/100 | train 11.7254 | det 0.2649 seg 0.2298 cnt 5.9139
[stage1] epoch 24/100 step 1 | loss 16.6315 | w [15.0, 8.0, 1.0] | train det 0.2307 seg 0.3407 cnt 10.4451
[stage1] epoch 24/100 step 2 | loss 8.8514 | w [15.0, 8.0, 1.0] | train det 0.1910 seg 0.1745 cnt 4.5913
[stage1] epoch 24/100 step 3 | loss 7.5770 | w [15.0, 8.0, 1.0] | train det 0.2256 seg 0.2420 cnt 2.2577
[stage1] epoch 24/100 step 4 | loss 9.5190 | w [15.0, 8.0, 1.0] | train det 0.2210 seg 0.1521 cnt 4.9861
[stage1] epoch 24/100 step 5 | loss 6.2577 | w [15.0, 8.0, 1.0] | train det 0.2035 seg 0.1052 cnt 2.3632
[stage1] epoch 24/100 step 6 | loss 11.8587 | w [15.0, 8.0, 1.0] | train det 0.3088 seg 0.1881 cnt 5.7219
[stage1] epoch 24/100 step 7 | loss 11.8567 | w [15.0, 8.0, 1.0] | train det 0.2867 seg 0.1619 cnt 6.2609
[stage1] epoch 24/100 step 8 | loss 9.3651 | w [15.0, 8.0, 1.0] | train det 0.1751 seg 0.1440 cnt 5.5874
[stage1] epoch 24/100 step 9 | loss 12.6382 | w [15.0, 8.0, 1.0] | train det 0.4561 seg 0.2920 cnt 3.4603
[stage1] epoch 24/100 step 10 | loss 16.0718 | w [15.0, 8.0, 1.0] | train det 0.6174 seg 0.3660 cnt 3.8825
[stage1] epoch 24/100 step 11 | loss 6.5459 | w [15.0, 8.0, 1.0] | train det 0.1515 seg 0.1772 cnt 2.8563
[stage1] epoch 24/100 step 12 | loss 8.8996 | w [15.0, 8.0, 1.0] | train det 0.2861 seg 0.1978 cnt 3.0251
[stage1] epoch 24/100 step 13 | loss 20.1994 | w [15.0, 8.0, 1.0] | train det 0.7015 seg 0.1742 cnt 8.2841
[stage1] epoch 24/100 step 14 | loss 11.2881 | w [15.0, 8.0, 1.0] | train det 0.3370 seg 0.1820 cnt 4.7770
[stage1] epoch 24/100 step 15 | loss 9.7990 | w [15.0, 8.0, 1.0] | train det 0.1701 seg 0.2283 cnt 5.4206
[stage1] epoch 24/100 step 16 | loss 9.9374 | w [15.0, 8.0, 1.0] | train det 0.1687 seg 0.0993 cnt 6.6126
[stage1] epoch 24/100 step 17 | loss 15.9661 | w [15.0, 8.0, 1.0] | train det 0.3637 seg 0.2576 cnt 8.4496
[stage1] epoch 24/100 step 18 | loss 19.1107 | w [15.0, 8.0, 1.0] | train det 0.2513 seg 0.2245 cnt 13.5457
[stage1] epoch 24/100 step 19 | loss 8.7615 | w [15.0, 8.0, 1.0] | train det 0.2573 seg 0.2100 cnt 3.2221
[stage1] epoch 24/100 step 20 | loss 12.0168 | w [15.0, 8.0, 1.0] | train det 0.3308 seg 0.2865 cnt 4.7634
[stage1] epoch 24/100 step 21 | loss 8.5866 | w [15.0, 8.0, 1.0] | train det 0.1085 seg 0.2522 cnt 4.9413
[stage1] epoch 24/100 step 22 | loss 10.9135 | w [15.0, 8.0, 1.0] | train det 0.4719 seg 0.0966 cnt 3.0616
[stage1] epoch 24/100 step 23 | loss 4.4538 | w [15.0, 8.0, 1.0] | train det 0.1222 seg 0.0716 cnt 2.0481
[stage1] epoch 24/100 step 24 | loss 7.7703 | w [15.0, 8.0, 1.0] | train det 0.0550 seg 0.3062 cnt 4.4953
[stage1] epoch 24/100 step 25 | loss 14.1935 | w [15.0, 8.0, 1.0] | train det 0.1549 seg 0.1127 cnt 10.9688
[stage1] epoch 24/100 step 26 | loss 24.0940 | w [15.0, 8.0, 1.0] | train det 1.1173 seg 0.3915 cnt 4.2028
[stage1] epoch 24/100 step 27 | loss 8.6754 | w [15.0, 8.0, 1.0] | train det 0.3079 seg 0.2465 cnt 2.0851
[stage1] epoch 24/100 step 28 | loss 9.2438 | w [15.0, 8.0, 1.0] | train det 0.1920 seg 0.2799 cnt 4.1250
[stage1] epoch 24/100 step 29 | loss 8.8068 | w [15.0, 8.0, 1.0] | train det 0.2552 seg 0.3306 cnt 2.3345
[stage1] epoch 24/100 step 30 | loss 10.1919 | w [15.0, 8.0, 1.0] | train det 0.1788 seg 0.2875 cnt 5.2103
[stage1] epoch 24/100 step 31 | loss 10.7758 | w [15.0, 8.0, 1.0] | train det 0.1606 seg 0.2463 cnt 6.3960
[stage1] epoch 24/100 step 32 | loss 19.2443 | w [15.0, 8.0, 1.0] | train det 0.7534 seg 0.3666 cnt 5.0104
[stage1] epoch 24/100 step 33 | loss 5.7413 | w [15.0, 8.0, 1.0] | train det 0.0640 seg 0.1888 cnt 3.2701
[stage1] epoch 24/100 step 34 | loss 9.4314 | w [15.0, 8.0, 1.0] | train det 0.1643 seg 0.3373 cnt 4.2680
[stage1] epoch 24/100 step 35 | loss 7.7332 | w [15.0, 8.0, 1.0] | train det 0.3043 seg 0.0565 cnt 2.7171
[stage1] epoch 24/100 step 36 | loss 6.8090 | w [15.0, 8.0, 1.0] | train det 0.1068 seg 0.2144 cnt 3.4914
[stage1] epoch 24/100 step 37 | loss 14.4379 | w [15.0, 8.0, 1.0] | train det 0.2257 seg 0.2731 cnt 8.8675
[stage1] epoch 24/100 step 38 | loss 10.5396 | w [15.0, 8.0, 1.0] | train det 0.2152 seg 0.2010 cnt 5.7029
[stage1] epoch 24/100 step 39 | loss 11.7437 | w [15.0, 8.0, 1.0] | train det 0.2950 seg 0.2016 cnt 5.7059
[stage1] epoch 24/100 step 40 | loss 12.8973 | w [15.0, 8.0, 1.0] | train det 0.2496 seg 0.2638 cnt 7.0432
[stage1] epoch 24/100 step 41 | loss 14.9244 | w [15.0, 8.0, 1.0] | train det 0.1532 seg 0.3861 cnt 9.5378
[stage1] epoch 24/100 step 42 | loss 17.4473 | w [15.0, 8.0, 1.0] | train det 0.3048 seg 0.1671 cnt 11.5387
[stage1] epoch 24/100 step 43 | loss 7.2894 | w [15.0, 8.0, 1.0] | train det 0.2510 seg 0.0617 cnt 3.0310
[stage1] epoch 24/100 | train 11.3743 | det 0.2824 seg 0.2219 cnt 5.3620
[stage1] epoch 25/100 step 1 | loss 14.1613 | w [15.0, 8.0, 1.0] | train det 0.2048 seg 0.2704 cnt 8.9259
[stage1] epoch 25/100 step 2 | loss 7.9709 | w [15.0, 8.0, 1.0] | train det 0.1545 seg 0.2609 cnt 3.5659
[stage1] epoch 25/100 step 3 | loss 9.7104 | w [15.0, 8.0, 1.0] | train det 0.2821 seg 0.1150 cnt 4.5587
[stage1] epoch 25/100 step 4 | loss 9.6891 | w [15.0, 8.0, 1.0] | train det 0.1551 seg 0.3921 cnt 4.2260
[stage1] epoch 25/100 step 5 | loss 7.7878 | w [15.0, 8.0, 1.0] | train det 0.2241 seg 0.1637 cnt 3.1172
[stage1] epoch 25/100 step 6 | loss 10.9447 | w [15.0, 8.0, 1.0] | train det 0.2376 seg 0.1915 cnt 5.8488
[stage1] epoch 25/100 step 7 | loss 9.7314 | w [15.0, 8.0, 1.0] | train det 0.0740 seg 0.2302 cnt 6.7790
[stage1] epoch 25/100 step 8 | loss 8.9595 | w [15.0, 8.0, 1.0] | train det 0.1336 seg 0.3179 cnt 4.4128
[stage1] epoch 25/100 step 9 | loss 9.3668 | w [15.0, 8.0, 1.0] | train det 0.2079 seg 0.2252 cnt 4.4460
[stage1] epoch 25/100 step 10 | loss 14.4458 | w [15.0, 8.0, 1.0] | train det 0.4882 seg 0.4257 cnt 3.7168
[stage1] epoch 25/100 step 11 | loss 6.4446 | w [15.0, 8.0, 1.0] | train det 0.0715 seg 0.1773 cnt 3.9546
[stage1] epoch 25/100 step 12 | loss 17.8183 | w [15.0, 8.0, 1.0] | train det 0.2917 seg 0.1831 cnt 11.9781
[stage1] epoch 25/100 step 13 | loss 13.7165 | w [15.0, 8.0, 1.0] | train det 0.3200 seg 0.2267 cnt 7.1036
[stage1] epoch 25/100 step 14 | loss 22.2923 | w [15.0, 8.0, 1.0] | train det 0.7807 seg 0.2524 cnt 8.5628
[stage1] epoch 25/100 step 15 | loss 13.0326 | w [15.0, 8.0, 1.0] | train det 0.5170 seg 0.1894 cnt 3.7631
[stage1] epoch 25/100 step 16 | loss 5.8659 | w [15.0, 8.0, 1.0] | train det 0.1266 seg 0.2578 cnt 1.9052
[stage1] epoch 25/100 step 17 | loss 13.1827 | w [15.0, 8.0, 1.0] | train det 0.0936 seg 0.1999 cnt 10.1795
[stage1] epoch 25/100 step 18 | loss 13.5187 | w [15.0, 8.0, 1.0] | train det 0.1072 seg 0.2470 cnt 9.9343
[stage1] epoch 25/100 step 19 | loss 8.6542 | w [15.0, 8.0, 1.0] | train det 0.1460 seg 0.2365 cnt 4.5731
[stage1] epoch 25/100 step 20 | loss 9.3456 | w [15.0, 8.0, 1.0] | train det 0.2383 seg 0.2761 cnt 3.5625
[stage1] epoch 25/100 step 21 | loss 12.5485 | w [15.0, 8.0, 1.0] | train det 0.1658 seg 0.1977 cnt 8.4807
[stage1] epoch 25/100 step 22 | loss 16.3315 | w [15.0, 8.0, 1.0] | train det 0.2538 seg 0.1532 cnt 11.2990
[stage1] epoch 25/100 step 23 | loss 7.3253 | w [15.0, 8.0, 1.0] | train det 0.1710 seg 0.1503 cnt 3.5571
[stage1] epoch 25/100 step 24 | loss 11.5399 | w [15.0, 8.0, 1.0] | train det 0.1857 seg 0.1976 cnt 7.1740
[stage1] epoch 25/100 step 25 | loss 9.6185 | w [15.0, 8.0, 1.0] | train det 0.0734 seg 0.0781 cnt 7.8934
[stage1] epoch 25/100 step 26 | loss 18.0432 | w [15.0, 8.0, 1.0] | train det 0.8644 seg 0.2111 cnt 3.3887
[stage1] epoch 25/100 step 27 | loss 8.0227 | w [15.0, 8.0, 1.0] | train det 0.0804 seg 0.2050 cnt 5.1760
[stage1] epoch 25/100 step 28 | loss 10.7448 | w [15.0, 8.0, 1.0] | train det 0.2021 seg 0.3642 cnt 4.8000
[stage1] epoch 25/100 step 29 | loss 6.9552 | w [15.0, 8.0, 1.0] | train det 0.1638 seg 0.1955 cnt 2.9331
[stage1] epoch 25/100 step 30 | loss 12.0021 | w [15.0, 8.0, 1.0] | train det 0.2316 seg 0.3680 cnt 5.5848
[stage1] epoch 25/100 step 31 | loss 12.1956 | w [15.0, 8.0, 1.0] | train det 0.2519 seg 0.2617 cnt 6.3225
[stage1] epoch 25/100 step 32 | loss 9.3757 | w [15.0, 8.0, 1.0] | train det 0.2548 seg 0.1374 cnt 4.4539
[stage1] epoch 25/100 step 33 | loss 8.2496 | w [15.0, 8.0, 1.0] | train det 0.0863 seg 0.1810 cnt 5.5070
[stage1] epoch 25/100 step 34 | loss 16.2285 | w [15.0, 8.0, 1.0] | train det 0.7043 seg 0.2514 cnt 3.6519
[stage1] epoch 25/100 step 35 | loss 7.3778 | w [15.0, 8.0, 1.0] | train det 0.1838 seg 0.1532 cnt 3.3958
[stage1] epoch 25/100 step 36 | loss 17.6052 | w [15.0, 8.0, 1.0] | train det 0.2488 seg 0.2555 cnt 11.8285
[stage1] epoch 25/100 step 37 | loss 11.4234 | w [15.0, 8.0, 1.0] | train det 0.2193 seg 0.3445 cnt 5.3773
[stage1] epoch 25/100 step 38 | loss 14.7613 | w [15.0, 8.0, 1.0] | train det 0.1272 seg 0.2922 cnt 10.5152
[stage1] epoch 25/100 step 39 | loss 10.5394 | w [15.0, 8.0, 1.0] | train det 0.2024 seg 0.1923 cnt 5.9658
[stage1] epoch 25/100 step 40 | loss 5.5189 | w [15.0, 8.0, 1.0] | train det 0.1461 seg 0.0954 cnt 2.5637
[stage1] epoch 25/100 step 41 | loss 17.2517 | w [15.0, 8.0, 1.0] | train det 0.2280 seg 0.3135 cnt 11.3233
[stage1] epoch 25/100 step 42 | loss 16.2265 | w [15.0, 8.0, 1.0] | train det 0.2655 seg 0.2949 cnt 9.8840
[stage1] epoch 25/100 step 43 | loss 8.1327 | w [15.0, 8.0, 1.0] | train det 0.0593 seg 0.4145 cnt 3.9267
[stage1] epoch 25/100 | train 11.5037 | det 0.2378 seg 0.2360 cnt 6.0492
[stage1] epoch 26/100 step 1 | loss 12.0851 | w [15.0, 8.0, 1.0] | train det 0.4340 seg 0.1918 cnt 4.0402
[stage1] epoch 26/100 step 2 | loss 12.1737 | w [15.0, 8.0, 1.0] | train det 0.0973 seg 0.2695 cnt 8.5578
[stage1] epoch 26/100 step 3 | loss 4.0970 | w [15.0, 8.0, 1.0] | train det 0.0786 seg 0.1482 cnt 1.7321
[stage1] epoch 26/100 step 4 | loss 11.2038 | w [15.0, 8.0, 1.0] | train det 0.0802 seg 0.1257 cnt 8.9954
[stage1] epoch 26/100 step 5 | loss 15.2813 | w [15.0, 8.0, 1.0] | train det 0.7275 seg 0.2324 cnt 2.5106
[stage1] epoch 26/100 step 6 | loss 7.6296 | w [15.0, 8.0, 1.0] | train det 0.2159 seg 0.1907 cnt 2.8656
[stage1] epoch 26/100 step 7 | loss 7.9076 | w [15.0, 8.0, 1.0] | train det 0.1490 seg 0.3432 cnt 2.9262
[stage1] epoch 26/100 step 8 | loss 5.0334 | w [15.0, 8.0, 1.0] | train det 0.0606 seg 0.2412 cnt 2.1952
[stage1] epoch 26/100 step 9 | loss 9.0513 | w [15.0, 8.0, 1.0] | train det 0.1003 seg 0.2537 cnt 5.5180
[stage1] epoch 26/100 step 10 | loss 4.7150 | w [15.0, 8.0, 1.0] | train det 0.0723 seg 0.1564 cnt 2.3795
[stage1] epoch 26/100 step 11 | loss 9.6885 | w [15.0, 8.0, 1.0] | train det 0.1746 seg 0.0794 cnt 6.4346
[stage1] epoch 26/100 step 12 | loss 7.4039 | w [15.0, 8.0, 1.0] | train det 0.0715 seg 0.4202 cnt 2.9696
[stage1] epoch 26/100 step 13 | loss 10.9349 | w [15.0, 8.0, 1.0] | train det 0.3714 seg 0.1832 cnt 3.8991
[stage1] epoch 26/100 step 14 | loss 10.9200 | w [15.0, 8.0, 1.0] | train det 0.1824 seg 0.0455 cnt 7.8199
[stage1] epoch 26/100 step 15 | loss 9.0379 | w [15.0, 8.0, 1.0] | train det 0.2699 seg 0.3618 cnt 2.0956
[stage1] epoch 26/100 step 16 | loss 20.3164 | w [15.0, 8.0, 1.0] | train det 0.4444 seg 0.1986 cnt 12.0618
[stage1] epoch 26/100 step 17 | loss 6.7797 | w [15.0, 8.0, 1.0] | train det 0.0555 seg 0.2017 cnt 4.3343
[stage1] epoch 26/100 step 18 | loss 15.7549 | w [15.0, 8.0, 1.0] | train det 0.3548 seg 0.1815 cnt 8.9805
[stage1] epoch 26/100 step 19 | loss 12.1720 | w [15.0, 8.0, 1.0] | train det 0.2755 seg 0.3983 cnt 4.8533
[stage1] epoch 26/100 step 20 | loss 9.1724 | w [15.0, 8.0, 1.0] | train det 0.0840 seg 0.2999 cnt 5.5135
[stage1] epoch 26/100 step 21 | loss 10.8108 | w [15.0, 8.0, 1.0] | train det 0.2876 seg 0.0913 cnt 5.7666
[stage1] epoch 26/100 step 22 | loss 17.5660 | w [15.0, 8.0, 1.0] | train det 0.7726 seg 0.1543 cnt 4.7417
[stage1] epoch 26/100 step 23 | loss 11.3337 | w [15.0, 8.0, 1.0] | train det 0.2608 seg 0.2964 cnt 5.0503
[stage1] epoch 26/100 step 24 | loss 8.8278 | w [15.0, 8.0, 1.0] | train det 0.1508 seg 0.1956 cnt 5.0013
[stage1] epoch 26/100 step 25 | loss 10.0984 | w [15.0, 8.0, 1.0] | train det 0.0533 seg 0.5831 cnt 4.6341
[stage1] epoch 26/100 step 26 | loss 14.3593 | w [15.0, 8.0, 1.0] | train det 0.2334 seg 0.2046 cnt 9.2213
[stage1] epoch 26/100 step 27 | loss 6.4953 | w [15.0, 8.0, 1.0] | train det 0.1920 seg 0.2601 cnt 1.5347
[stage1] epoch 26/100 step 28 | loss 17.6757 | w [15.0, 8.0, 1.0] | train det 0.4045 seg 0.2095 cnt 9.9322
[stage1] epoch 26/100 step 29 | loss 6.9479 | w [15.0, 8.0, 1.0] | train det 0.1641 seg 0.2598 cnt 2.4072
[stage1] epoch 26/100 step 30 | loss 6.3109 | w [15.0, 8.0, 1.0] | train det 0.1058 seg 0.2558 cnt 2.6770
[stage1] epoch 26/100 step 31 | loss 6.9774 | w [15.0, 8.0, 1.0] | train det 0.1696 seg 0.2184 cnt 2.6864
[stage1] epoch 26/100 step 32 | loss 5.7042 | w [15.0, 8.0, 1.0] | train det 0.0868 seg 0.2541 cnt 2.3701
[stage1] epoch 26/100 step 33 | loss 11.1953 | w [15.0, 8.0, 1.0] | train det 0.2729 seg 0.1908 cnt 5.5751
[stage1] epoch 26/100 step 34 | loss 14.5183 | w [15.0, 8.0, 1.0] | train det 0.5585 seg 0.4359 cnt 2.6545
[stage1] epoch 26/100 step 35 | loss 10.2020 | w [15.0, 8.0, 1.0] | train det 0.1016 seg 0.2112 cnt 6.9878
[stage1] epoch 26/100 step 36 | loss 11.6454 | w [15.0, 8.0, 1.0] | train det 0.3740 seg 0.3215 cnt 3.4626
[stage1] epoch 26/100 step 37 | loss 11.6383 | w [15.0, 8.0, 1.0] | train det 0.4420 seg 0.1938 cnt 3.4581
[stage1] epoch 26/100 step 38 | loss 13.2931 | w [15.0, 8.0, 1.0] | train det 0.1177 seg 0.4460 cnt 7.9600
[stage1] epoch 26/100 step 39 | loss 4.1764 | w [15.0, 8.0, 1.0] | train det 0.0712 seg 0.1483 cnt 1.9225
[stage1] epoch 26/100 step 40 | loss 14.4750 | w [15.0, 8.0, 1.0] | train det 0.0634 seg 0.2628 cnt 11.4211
[stage1] epoch 26/100 step 41 | loss 14.6160 | w [15.0, 8.0, 1.0] | train det 0.6553 seg 0.1976 cnt 3.2052
[stage1] epoch 26/100 step 42 | loss 12.5881 | w [15.0, 8.0, 1.0] | train det 0.1919 seg 0.4700 cnt 5.9497
[stage1] epoch 26/100 step 43 | loss 9.2470 | w [15.0, 8.0, 1.0] | train det 0.1658 seg 0.2541 cnt 4.7263
[stage1] epoch 26/100 | train 10.5130 | det 0.2371 seg 0.2474 cnt 4.9774
[stage1] epoch 27/100 step 1 | loss 14.9681 | w [15.0, 8.0, 1.0] | train det 0.6988 seg 0.1904 cnt 2.9628
[stage1] epoch 27/100 step 2 | loss 10.7553 | w [15.0, 8.0, 1.0] | train det 0.1526 seg 0.1705 cnt 7.1015
[stage1] epoch 27/100 step 3 | loss 11.4378 | w [15.0, 8.0, 1.0] | train det 0.1652 seg 0.1606 cnt 7.6743
[stage1] epoch 27/100 step 4 | loss 15.5328 | w [15.0, 8.0, 1.0] | train det 0.1651 seg 0.2171 cnt 11.3194
[stage1] epoch 27/100 step 5 | loss 5.5143 | w [15.0, 8.0, 1.0] | train det 0.0823 seg 0.1669 cnt 2.9445
[stage1] epoch 27/100 step 6 | loss 9.2495 | w [15.0, 8.0, 1.0] | train det 0.1936 seg 0.2258 cnt 4.5386
[stage1] epoch 27/100 step 7 | loss 8.9287 | w [15.0, 8.0, 1.0] | train det 0.1806 seg 0.2137 cnt 4.5104
[stage1] epoch 27/100 step 8 | loss 10.9479 | w [15.0, 8.0, 1.0] | train det 0.1302 seg 0.1181 cnt 8.0498
[stage1] epoch 27/100 step 9 | loss 14.7348 | w [15.0, 8.0, 1.0] | train det 0.6957 seg 0.1400 cnt 3.1797
[stage1] epoch 27/100 step 10 | loss 11.6266 | w [15.0, 8.0, 1.0] | train det 0.5445 seg 0.1403 cnt 2.3363
[stage1] epoch 27/100 step 11 | loss 16.7437 | w [15.0, 8.0, 1.0] | train det 0.7242 seg 0.3732 cnt 2.8943
[stage1] epoch 27/100 step 12 | loss 7.3437 | w [15.0, 8.0, 1.0] | train det 0.1358 seg 0.2236 cnt 3.5175
[stage1] epoch 27/100 step 13 | loss 4.8405 | w [15.0, 8.0, 1.0] | train det 0.1090 seg 0.1434 cnt 2.0592
[stage1] epoch 27/100 step 14 | loss 6.7939 | w [15.0, 8.0, 1.0] | train det 0.1249 seg 0.2165 cnt 3.1881
[stage1] epoch 27/100 step 15 | loss 9.2568 | w [15.0, 8.0, 1.0] | train det 0.1296 seg 0.2458 cnt 5.3466
[stage1] epoch 27/100 step 16 | loss 5.1492 | w [15.0, 8.0, 1.0] | train det 0.0758 seg 0.2290 cnt 2.1797
[stage1] epoch 27/100 step 17 | loss 11.6054 | w [15.0, 8.0, 1.0] | train det 0.1972 seg 0.1967 cnt 7.0736
[stage1] epoch 27/100 step 18 | loss 4.7758 | w [15.0, 8.0, 1.0] | train det 0.0634 seg 0.1290 cnt 2.7930
[stage1] epoch 27/100 step 19 | loss 14.2001 | w [15.0, 8.0, 1.0] | train det 0.2423 seg 0.1668 cnt 9.2315
[stage1] epoch 27/100 step 20 | loss 12.3673 | w [15.0, 8.0, 1.0] | train det 0.2851 seg 0.2492 cnt 6.0969
[stage1] epoch 27/100 step 21 | loss 7.8874 | w [15.0, 8.0, 1.0] | train det 0.0874 seg 0.2682 cnt 4.4307
[stage1] epoch 27/100 step 22 | loss 11.7832 | w [15.0, 8.0, 1.0] | train det 0.2952 seg 0.2082 cnt 5.6890
[stage1] epoch 27/100 step 23 | loss 7.3534 | w [15.0, 8.0, 1.0] | train det 0.1474 seg 0.1297 cnt 4.1054
[stage1] epoch 27/100 step 24 | loss 11.1372 | w [15.0, 8.0, 1.0] | train det 0.0901 seg 0.1062 cnt 8.9353
[stage1] epoch 27/100 step 25 | loss 6.6319 | w [15.0, 8.0, 1.0] | train det 0.1016 seg 0.2086 cnt 3.4394
[stage1] epoch 27/100 step 26 | loss 14.1716 | w [15.0, 8.0, 1.0] | train det 0.3505 seg 0.3048 cnt 6.4755
[stage1] epoch 27/100 step 27 | loss 14.7595 | w [15.0, 8.0, 1.0] | train det 0.3615 seg 0.2016 cnt 7.7237
[stage1] epoch 27/100 step 28 | loss 19.2870 | w [15.0, 8.0, 1.0] | train det 0.3532 seg 0.2005 cnt 12.3853
[stage1] epoch 27/100 step 29 | loss 7.6631 | w [15.0, 8.0, 1.0] | train det 0.1988 seg 0.1910 cnt 3.1529
[stage1] epoch 27/100 step 30 | loss 8.0716 | w [15.0, 8.0, 1.0] | train det 0.0656 seg 0.2115 cnt 5.3952
[stage1] epoch 27/100 step 31 | loss 12.8375 | w [15.0, 8.0, 1.0] | train det 0.4265 seg 0.2211 cnt 4.6714
[stage1] epoch 27/100 step 32 | loss 13.0756 | w [15.0, 8.0, 1.0] | train det 0.0679 seg 0.3791 cnt 9.0240
[stage1] epoch 27/100 step 33 | loss 7.8701 | w [15.0, 8.0, 1.0] | train det 0.1073 seg 0.2989 cnt 3.8690
[stage1] epoch 27/100 step 34 | loss 5.8418 | w [15.0, 8.0, 1.0] | train det 0.1097 seg 0.2625 cnt 2.0963
[stage1] epoch 27/100 step 35 | loss 11.7289 | w [15.0, 8.0, 1.0] | train det 0.4839 seg 0.1717 cnt 3.0967
[stage1] epoch 27/100 step 36 | loss 8.5459 | w [15.0, 8.0, 1.0] | train det 0.2025 seg 0.2831 cnt 3.2435
[stage1] epoch 27/100 step 37 | loss 12.7636 | w [15.0, 8.0, 1.0] | train det 0.6226 seg 0.1524 cnt 2.2057
[stage1] epoch 27/100 step 38 | loss 8.6683 | w [15.0, 8.0, 1.0] | train det 0.1242 seg 0.3079 cnt 4.3414
[stage1] epoch 27/100 step 39 | loss 8.2572 | w [15.0, 8.0, 1.0] | train det 0.1502 seg 0.1372 cnt 4.9065
[stage1] epoch 27/100 step 40 | loss 6.7642 | w [15.0, 8.0, 1.0] | train det 0.1662 seg 0.2664 cnt 2.1396
[stage1] epoch 27/100 step 41 | loss 8.7600 | w [15.0, 8.0, 1.0] | train det 0.0948 seg 0.1306 cnt 6.2934
[stage1] epoch 27/100 step 42 | loss 7.7813 | w [15.0, 8.0, 1.0] | train det 0.2374 seg 0.1835 cnt 2.7522
[stage1] epoch 27/100 step 43 | loss 14.9332 | w [15.0, 8.0, 1.0] | train det 0.1709 seg 0.6250 cnt 7.3702
[stage1] epoch 27/100 | train 10.3104 | det 0.2352 seg 0.2178 cnt 5.0405
[stage1] epoch 28/100 step 1 | loss 15.6866 | w [15.0, 8.0, 1.0] | train det 0.1224 seg 0.3201 cnt 11.2902
[stage1] epoch 28/100 step 2 | loss 8.7925 | w [15.0, 8.0, 1.0] | train det 0.2137 seg 0.1567 cnt 4.3340
[stage1] epoch 28/100 step 3 | loss 7.5565 | w [15.0, 8.0, 1.0] | train det 0.2589 seg 0.1968 cnt 2.0982
[stage1] epoch 28/100 step 4 | loss 5.4107 | w [15.0, 8.0, 1.0] | train det 0.0876 seg 0.1091 cnt 3.2245
[stage1] epoch 28/100 step 5 | loss 8.4190 | w [15.0, 8.0, 1.0] | train det 0.2867 seg 0.1950 cnt 2.5594
[stage1] epoch 28/100 step 6 | loss 15.1112 | w [15.0, 8.0, 1.0] | train det 0.6569 seg 0.1086 cnt 4.3890
[stage1] epoch 28/100 step 7 | loss 10.6824 | w [15.0, 8.0, 1.0] | train det 0.3551 seg 0.1906 cnt 3.8317
[stage1] epoch 28/100 step 8 | loss 7.4092 | w [15.0, 8.0, 1.0] | train det 0.1206 seg 0.2204 cnt 3.8372
[stage1] epoch 28/100 step 9 | loss 74.8739 | w [15.0, 8.0, 1.0] | train det 0.3432 seg 0.2486 cnt 67.7364
[stage1] epoch 28/100 step 10 | loss 13.0275 | w [15.0, 8.0, 1.0] | train det 0.3444 seg 0.2377 cnt 5.9604
[stage1] epoch 28/100 step 11 | loss 7.3518 | w [15.0, 8.0, 1.0] | train det 0.1747 seg 0.1079 cnt 3.8687
[stage1] epoch 28/100 step 12 | loss 8.5135 | w [15.0, 8.0, 1.0] | train det 0.2902 seg 0.3044 cnt 1.7255
[stage1] epoch 28/100 step 13 | loss 8.3057 | w [15.0, 8.0, 1.0] | train det 0.1064 seg 0.2442 cnt 4.7565
[stage1] epoch 28/100 step 14 | loss 10.1021 | w [15.0, 8.0, 1.0] | train det 0.1698 seg 0.2246 cnt 5.7588
[stage1] epoch 28/100 step 15 | loss 9.9699 | w [15.0, 8.0, 1.0] | train det 0.3242 seg 0.1178 cnt 4.1654
[stage1] epoch 28/100 step 16 | loss 11.2332 | w [15.0, 8.0, 1.0] | train det 0.2114 seg 0.2453 cnt 6.0999
[stage1] epoch 28/100 step 17 | loss 9.3140 | w [15.0, 8.0, 1.0] | train det 0.2084 seg 0.1753 cnt 4.7859
[stage1] epoch 28/100 step 18 | loss 20.0435 | w [15.0, 8.0, 1.0] | train det 0.7024 seg 0.2840 cnt 7.2359
[stage1] epoch 28/100 step 19 | loss 7.1859 | w [15.0, 8.0, 1.0] | train det 0.1732 seg 0.1771 cnt 3.1712
[stage1] epoch 28/100 step 20 | loss 5.4530 | w [15.0, 8.0, 1.0] | train det 0.2430 seg 0.0376 cnt 1.5069
[stage1] epoch 28/100 step 21 | loss 5.8732 | w [15.0, 8.0, 1.0] | train det 0.0826 seg 0.2010 cnt 3.0256
[stage1] epoch 28/100 step 22 | loss 7.3106 | w [15.0, 8.0, 1.0] | train det 0.1462 seg 0.2213 cnt 3.3467
[stage1] epoch 28/100 step 23 | loss 16.7222 | w [15.0, 8.0, 1.0] | train det 0.1052 seg 0.3896 cnt 12.0281
[stage1] epoch 28/100 step 24 | loss 10.6331 | w [15.0, 8.0, 1.0] | train det 0.1691 seg 0.1300 cnt 7.0559
[stage1] epoch 28/100 step 25 | loss 29.8668 | w [15.0, 8.0, 1.0] | train det 0.9892 seg 0.1908 cnt 13.5023
[stage1] epoch 28/100 step 26 | loss 7.7176 | w [15.0, 8.0, 1.0] | train det 0.0644 seg 0.3297 cnt 4.1135
[stage1] epoch 28/100 step 27 | loss 8.7616 | w [15.0, 8.0, 1.0] | train det 0.1905 seg 0.3510 cnt 3.0960
[stage1] epoch 28/100 step 28 | loss 10.3384 | w [15.0, 8.0, 1.0] | train det 0.3753 seg 0.2363 cnt 2.8175
[stage1] epoch 28/100 step 29 | loss 5.6482 | w [15.0, 8.0, 1.0] | train det 0.0754 seg 0.2036 cnt 2.8885
[stage1] epoch 28/100 step 30 | loss 8.5685 | w [15.0, 8.0, 1.0] | train det 0.0798 seg 0.3606 cnt 4.4863
[stage1] epoch 28/100 step 31 | loss 9.2377 | w [15.0, 8.0, 1.0] | train det 0.1362 seg 0.3716 cnt 4.2213
[stage1] epoch 28/100 step 32 | loss 13.0104 | w [15.0, 8.0, 1.0] | train det 0.4637 seg 0.2930 cnt 3.7112
[stage1] epoch 28/100 step 33 | loss 50.1688 | w [15.0, 8.0, 1.0] | train det 0.1317 seg 0.2408 cnt 46.2663
[stage1] epoch 28/100 step 34 | loss 7.5277 | w [15.0, 8.0, 1.0] | train det 0.0745 seg 0.1730 cnt 5.0268
[stage1] epoch 28/100 step 35 | loss 8.7489 | w [15.0, 8.0, 1.0] | train det 0.0954 seg 0.2914 cnt 4.9864
[stage1] epoch 28/100 step 36 | loss 7.4692 | w [15.0, 8.0, 1.0] | train det 0.2792 seg 0.2211 cnt 1.5132
[stage1] epoch 28/100 step 37 | loss 7.5942 | w [15.0, 8.0, 1.0] | train det 0.1091 seg 0.1688 cnt 4.6065
[stage1] epoch 28/100 step 38 | loss 9.3231 | w [15.0, 8.0, 1.0] | train det 0.2323 seg 0.2033 cnt 4.2130
[stage1] epoch 28/100 step 39 | loss 10.6024 | w [15.0, 8.0, 1.0] | train det 0.3127 seg 0.2433 cnt 3.9655
[stage1] epoch 28/100 step 40 | loss 8.0639 | w [15.0, 8.0, 1.0] | train det 0.0829 seg 0.2598 cnt 4.7426
[stage1] epoch 28/100 step 41 | loss 11.5555 | w [15.0, 8.0, 1.0] | train det 0.3360 seg 0.1452 cnt 5.3537
[stage1] epoch 28/100 step 42 | loss 17.6312 | w [15.0, 8.0, 1.0] | train det 0.6159 seg 0.2142 cnt 6.6792
[stage1] epoch 28/100 step 43 | loss 11.6579 | w [15.0, 8.0, 1.0] | train det 0.3600 seg 0.3655 cnt 3.3334
[stage1] epoch 28/100 | train 12.7552 | det 0.2535 seg 0.2257 cnt 7.1469
[stage1] epoch 29/100 step 1 | loss 15.7795 | w [15.0, 8.0, 1.0] | train det 0.4249 seg 0.1357 cnt 8.3200
[stage1] epoch 29/100 step 2 | loss 12.5670 | w [15.0, 8.0, 1.0] | train det 0.5226 seg 0.3077 cnt 2.2659
[stage1] epoch 29/100 step 3 | loss 15.9868 | w [15.0, 8.0, 1.0] | train det 0.2190 seg 0.1267 cnt 11.6880
[stage1] epoch 29/100 step 4 | loss 11.4644 | w [15.0, 8.0, 1.0] | train det 0.3504 seg 0.1912 cnt 4.6790
[stage1] epoch 29/100 step 5 | loss 9.4952 | w [15.0, 8.0, 1.0] | train det 0.1707 seg 0.4587 cnt 3.2643
[stage1] epoch 29/100 step 6 | loss 19.4565 | w [15.0, 8.0, 1.0] | train det 0.1042 seg 0.2084 cnt 16.2269
[stage1] epoch 29/100 step 7 | loss 6.4199 | w [15.0, 8.0, 1.0] | train det 0.0626 seg 0.2676 cnt 3.3398
[stage1] epoch 29/100 step 8 | loss 9.3539 | w [15.0, 8.0, 1.0] | train det 0.2215 seg 0.1424 cnt 4.8920
[stage1] epoch 29/100 step 9 | loss 9.7352 | w [15.0, 8.0, 1.0] | train det 0.3669 seg 0.0862 cnt 3.5411
[stage1] epoch 29/100 step 10 | loss 6.8508 | w [15.0, 8.0, 1.0] | train det 0.1825 seg 0.2599 cnt 2.0346
[stage1] epoch 29/100 step 11 | loss 12.8592 | w [15.0, 8.0, 1.0] | train det 0.6793 seg 0.1806 cnt 1.2247
[stage1] epoch 29/100 step 12 | loss 14.6055 | w [15.0, 8.0, 1.0] | train det 0.6735 seg 0.1944 cnt 2.9477
[stage1] epoch 29/100 step 13 | loss 12.8389 | w [15.0, 8.0, 1.0] | train det 0.3666 seg 0.1753 cnt 5.9374
[stage1] epoch 29/100 step 14 | loss 10.1360 | w [15.0, 8.0, 1.0] | train det 0.2605 seg 0.1145 cnt 5.3132
[stage1] epoch 29/100 step 15 | loss 11.9481 | w [15.0, 8.0, 1.0] | train det 0.3971 seg 0.2294 cnt 4.1564
[stage1] epoch 29/100 step 16 | loss 8.2560 | w [15.0, 8.0, 1.0] | train det 0.1715 seg 0.2797 cnt 3.4453
[stage1] epoch 29/100 step 17 | loss 8.0978 | w [15.0, 8.0, 1.0] | train det 0.2506 seg 0.1604 cnt 3.0555
[stage1] epoch 29/100 step 18 | loss 13.2756 | w [15.0, 8.0, 1.0] | train det 0.0692 seg 0.3407 cnt 9.5118
[stage1] epoch 29/100 step 19 | loss 8.0215 | w [15.0, 8.0, 1.0] | train det 0.2792 seg 0.1739 cnt 2.4428
[stage1] epoch 29/100 step 20 | loss 6.3137 | w [15.0, 8.0, 1.0] | train det 0.0726 seg 0.2471 cnt 3.2479
[stage1] epoch 29/100 step 21 | loss 12.3250 | w [15.0, 8.0, 1.0] | train det 0.1253 seg 0.2273 cnt 8.6265
[stage1] epoch 29/100 step 22 | loss 17.6880 | w [15.0, 8.0, 1.0] | train det 0.4087 seg 0.2714 cnt 9.3859
[stage1] epoch 29/100 step 23 | loss 46.7852 | w [15.0, 8.0, 1.0] | train det 0.2494 seg 0.2516 cnt 41.0313
[stage1] epoch 29/100 step 24 | loss 10.3472 | w [15.0, 8.0, 1.0] | train det 0.2956 seg 0.1311 cnt 4.8641
[stage1] epoch 29/100 step 25 | loss 15.9666 | w [15.0, 8.0, 1.0] | train det 0.2499 seg 0.0856 cnt 11.5334
[stage1] epoch 29/100 step 26 | loss 9.4022 | w [15.0, 8.0, 1.0] | train det 0.4390 seg 0.1276 cnt 1.7962
[stage1] epoch 29/100 step 27 | loss 7.3156 | w [15.0, 8.0, 1.0] | train det 0.0811 seg 0.1486 cnt 4.9108
[stage1] epoch 29/100 step 28 | loss 7.6516 | w [15.0, 8.0, 1.0] | train det 0.1319 seg 0.2388 cnt 3.7624
[stage1] epoch 29/100 step 29 | loss 5.9474 | w [15.0, 8.0, 1.0] | train det 0.0624 seg 0.2180 cnt 3.2677
[stage1] epoch 29/100 step 30 | loss 19.2883 | w [15.0, 8.0, 1.0] | train det 0.1815 seg 0.2633 cnt 14.4588
[stage1] epoch 29/100 step 31 | loss 5.0376 | w [15.0, 8.0, 1.0] | train det 0.0425 seg 0.2448 cnt 2.4412
[stage1] epoch 29/100 step 32 | loss 9.6688 | w [15.0, 8.0, 1.0] | train det 0.1907 seg 0.2682 cnt 4.6627
[stage1] epoch 29/100 step 33 | loss 9.8217 | w [15.0, 8.0, 1.0] | train det 0.3682 seg 0.1831 cnt 2.8343
[stage1] epoch 29/100 step 34 | loss 6.6426 | w [15.0, 8.0, 1.0] | train det 0.1028 seg 0.3551 cnt 2.2588
[stage1] epoch 29/100 step 35 | loss 6.7838 | w [15.0, 8.0, 1.0] | train det 0.1606 seg 0.2706 cnt 2.2099
[stage1] epoch 29/100 step 36 | loss 5.3045 | w [15.0, 8.0, 1.0] | train det 0.0547 seg 0.2270 cnt 2.6681
[stage1] epoch 29/100 step 37 | loss 11.4894 | w [15.0, 8.0, 1.0] | train det 0.2737 seg 0.2084 cnt 5.7162
[stage1] epoch 29/100 step 38 | loss 16.8637 | w [15.0, 8.0, 1.0] | train det 0.5585 seg 0.3426 cnt 5.7449
[stage1] epoch 29/100 step 39 | loss 9.7543 | w [15.0, 8.0, 1.0] | train det 0.2297 seg 0.2747 cnt 4.1112
[stage1] epoch 29/100 step 40 | loss 10.1789 | w [15.0, 8.0, 1.0] | train det 0.3353 seg 0.1511 cnt 3.9409
[stage1] epoch 29/100 step 41 | loss 6.1217 | w [15.0, 8.0, 1.0] | train det 0.1547 seg 0.2035 cnt 2.1733
[stage1] epoch 29/100 step 42 | loss 10.0573 | w [15.0, 8.0, 1.0] | train det 0.1346 seg 0.1023 cnt 7.2194
[stage1] epoch 29/100 step 43 | loss 4.6086 | w [15.0, 8.0, 1.0] | train det 0.0527 seg 0.2913 cnt 1.4874
[stage1] epoch 29/100 | train 11.3607 | det 0.2495 seg 0.2178 cnt 5.8753
[stage1] epoch 30/100 step 1 | loss 32.8749 | w [15.0, 8.0, 1.0] | train det 1.0093 seg 0.2418 cnt 15.7999
[stage1] epoch 30/100 step 2 | loss 14.3773 | w [15.0, 8.0, 1.0] | train det 0.3248 seg 0.3792 cnt 6.4717
[stage1] epoch 30/100 step 3 | loss 7.4836 | w [15.0, 8.0, 1.0] | train det 0.1218 seg 0.1615 cnt 4.3642
[stage1] epoch 30/100 step 4 | loss 9.8920 | w [15.0, 8.0, 1.0] | train det 0.1992 seg 0.2050 cnt 5.2643
[stage1] epoch 30/100 step 5 | loss 11.3849 | w [15.0, 8.0, 1.0] | train det 0.0755 seg 0.2629 cnt 8.1481
[stage1] epoch 30/100 step 6 | loss 16.6806 | w [15.0, 8.0, 1.0] | train det 0.3387 seg 0.1604 cnt 10.3172
[stage1] epoch 30/100 step 7 | loss 11.0791 | w [15.0, 8.0, 1.0] | train det 0.1605 seg 0.2795 cnt 6.4347
[stage1] epoch 30/100 step 8 | loss 13.8600 | w [15.0, 8.0, 1.0] | train det 0.2379 seg 0.1685 cnt 8.9433
[stage1] epoch 30/100 step 9 | loss 9.5954 | w [15.0, 8.0, 1.0] | train det 0.1381 seg 0.1475 cnt 6.3440
[stage1] epoch 30/100 step 10 | loss 8.3224 | w [15.0, 8.0, 1.0] | train det 0.1503 seg 0.1698 cnt 4.7097
[stage1] epoch 30/100 step 11 | loss 8.2756 | w [15.0, 8.0, 1.0] | train det 0.1706 seg 0.2895 cnt 3.4013
[stage1] epoch 30/100 step 12 | loss 11.6087 | w [15.0, 8.0, 1.0] | train det 0.3196 seg 0.1658 cnt 5.4882
[stage1] epoch 30/100 step 13 | loss 8.2747 | w [15.0, 8.0, 1.0] | train det 0.1244 seg 0.3113 cnt 3.9192
[stage1] epoch 30/100 step 14 | loss 8.5656 | w [15.0, 8.0, 1.0] | train det 0.1845 seg 0.3039 cnt 3.3670
[stage1] epoch 30/100 step 15 | loss 7.0356 | w [15.0, 8.0, 1.0] | train det 0.1601 seg 0.1521 cnt 3.4175
[stage1] epoch 30/100 step 16 | loss 6.9106 | w [15.0, 8.0, 1.0] | train det 0.2051 seg 0.1134 cnt 2.9263
[stage1] epoch 30/100 step 17 | loss 4.1952 | w [15.0, 8.0, 1.0] | train det 0.0843 seg 0.1210 cnt 1.9628
[stage1] epoch 30/100 step 18 | loss 11.3631 | w [15.0, 8.0, 1.0] | train det 0.1127 seg 0.1074 cnt 8.8140
[stage1] epoch 30/100 step 19 | loss 24.3995 | w [15.0, 8.0, 1.0] | train det 0.5184 seg 0.1278 cnt 15.6011
[stage1] epoch 30/100 step 20 | loss 12.9943 | w [15.0, 8.0, 1.0] | train det 0.1671 seg 0.4087 cnt 7.2188
[stage1] epoch 30/100 step 21 | loss 12.2767 | w [15.0, 8.0, 1.0] | train det 0.0499 seg 0.0908 cnt 10.8017
[stage1] epoch 30/100 step 22 | loss 10.0678 | w [15.0, 8.0, 1.0] | train det 0.2449 seg 0.1261 cnt 5.3856
[stage1] epoch 30/100 step 23 | loss 9.4134 | w [15.0, 8.0, 1.0] | train det 0.1822 seg 0.2536 cnt 4.6511
[stage1] epoch 30/100 step 24 | loss 5.9084 | w [15.0, 8.0, 1.0] | train det 0.0997 seg 0.2764 cnt 2.2014
[stage1] epoch 30/100 step 25 | loss 16.5902 | w [15.0, 8.0, 1.0] | train det 0.1206 seg 0.2423 cnt 12.8435
[stage1] epoch 30/100 step 26 | loss 13.2806 | w [15.0, 8.0, 1.0] | train det 0.2522 seg 0.2338 cnt 7.6280
[stage1] epoch 30/100 step 27 | loss 5.5490 | w [15.0, 8.0, 1.0] | train det 0.0931 seg 0.1465 cnt 2.9811
[stage1] epoch 30/100 step 28 | loss 10.3087 | w [15.0, 8.0, 1.0] | train det 0.2013 seg 0.2496 cnt 5.2921
[stage1] epoch 30/100 step 29 | loss 9.0414 | w [15.0, 8.0, 1.0] | train det 0.0672 seg 0.1185 cnt 7.0847
[stage1] epoch 30/100 step 30 | loss 14.8725 | w [15.0, 8.0, 1.0] | train det 0.2403 seg 0.0980 cnt 10.4838
[stage1] epoch 30/100 step 31 | loss 8.3022 | w [15.0, 8.0, 1.0] | train det 0.0735 seg 0.0915 cnt 6.4684
[stage1] epoch 30/100 step 32 | loss 12.6791 | w [15.0, 8.0, 1.0] | train det 0.2610 seg 0.0734 cnt 8.1765
[stage1] epoch 30/100 step 33 | loss 9.3664 | w [15.0, 8.0, 1.0] | train det 0.0748 seg 0.1819 cnt 6.7900
[stage1] epoch 30/100 step 34 | loss 15.0676 | w [15.0, 8.0, 1.0] | train det 0.5576 seg 0.1637 cnt 5.3940
[stage1] epoch 30/100 step 35 | loss 7.8508 | w [15.0, 8.0, 1.0] | train det 0.2005 seg 0.1848 cnt 3.3649
[stage1] epoch 30/100 step 36 | loss 8.9558 | w [15.0, 8.0, 1.0] | train det 0.0391 seg 0.1723 cnt 6.9910
[stage1] epoch 30/100 step 37 | loss 20.0629 | w [15.0, 8.0, 1.0] | train det 0.9281 seg 0.2510 cnt 4.1342
[stage1] epoch 30/100 step 38 | loss 10.9461 | w [15.0, 8.0, 1.0] | train det 0.3758 seg 0.2204 cnt 3.5462
[stage1] epoch 30/100 step 39 | loss 6.8220 | w [15.0, 8.0, 1.0] | train det 0.0761 seg 0.1971 cnt 4.1044
[stage1] epoch 30/100 step 40 | loss 5.2670 | w [15.0, 8.0, 1.0] | train det 0.1555 seg 0.0895 cnt 2.2185
[stage1] epoch 30/100 step 41 | loss 4.2272 | w [15.0, 8.0, 1.0] | train det 0.0754 seg 0.1065 cnt 2.2449
[stage1] epoch 30/100 step 42 | loss 13.8335 | w [15.0, 8.0, 1.0] | train det 0.2901 seg 0.1312 cnt 8.4314
[stage1] epoch 30/100 step 43 | loss 20.2936 | w [15.0, 8.0, 1.0] | train det 0.1196 seg 0.3020 cnt 16.0833
[stage1] epoch 30/100 | train 11.3990 | det 0.2228 seg 0.1925 cnt 6.5166
[stage1] epoch 31/100 step 1 | loss 10.1933 | w [15.0, 8.0, 1.0] | train det 0.2484 seg 0.2564 cnt 4.4167
[stage1] epoch 31/100 step 2 | loss 7.1198 | w [15.0, 8.0, 1.0] | train det 0.1450 seg 0.2143 cnt 3.2299
[stage1] epoch 31/100 step 3 | loss 9.1218 | w [15.0, 8.0, 1.0] | train det 0.3378 seg 0.2616 cnt 1.9616
[stage1] epoch 31/100 step 4 | loss 9.8650 | w [15.0, 8.0, 1.0] | train det 0.3324 seg 0.2049 cnt 3.2395
[stage1] epoch 31/100 step 5 | loss 13.5564 | w [15.0, 8.0, 1.0] | train det 0.5700 seg 0.1014 cnt 4.1952
[stage1] epoch 31/100 step 6 | loss 5.4556 | w [15.0, 8.0, 1.0] | train det 0.1084 seg 0.1131 cnt 2.9254
[stage1] epoch 31/100 step 7 | loss 6.8396 | w [15.0, 8.0, 1.0] | train det 0.1535 seg 0.2987 cnt 2.1476
[stage1] epoch 31/100 step 8 | loss 10.7853 | w [15.0, 8.0, 1.0] | train det 0.1969 seg 0.1615 cnt 6.5398
[stage1] epoch 31/100 step 9 | loss 14.6409 | w [15.0, 8.0, 1.0] | train det 0.1599 seg 0.1766 cnt 10.8298
[stage1] epoch 31/100 step 10 | loss 9.4260 | w [15.0, 8.0, 1.0] | train det 0.2237 seg 0.1625 cnt 4.7709
[stage1] epoch 31/100 step 11 | loss 7.9768 | w [15.0, 8.0, 1.0] | train det 0.0693 seg 0.3316 cnt 4.2850
[stage1] epoch 31/100 step 12 | loss 17.3051 | w [15.0, 8.0, 1.0] | train det 0.2510 seg 0.2936 cnt 11.1915
[stage1] epoch 31/100 step 13 | loss 6.9472 | w [15.0, 8.0, 1.0] | train det 0.1473 seg 0.2372 cnt 2.8410
[stage1] epoch 31/100 step 14 | loss 10.2186 | w [15.0, 8.0, 1.0] | train det 0.3095 seg 0.3694 cnt 2.6214
[stage1] epoch 31/100 step 15 | loss 8.1976 | w [15.0, 8.0, 1.0] | train det 0.1429 seg 0.1513 cnt 4.8446
[stage1] epoch 31/100 step 16 | loss 17.9114 | w [15.0, 8.0, 1.0] | train det 0.7170 seg 0.2175 cnt 5.4159
[stage1] epoch 31/100 step 17 | loss 7.5464 | w [15.0, 8.0, 1.0] | train det 0.2121 seg 0.1447 cnt 3.2070
[stage1] epoch 31/100 step 18 | loss 9.8273 | w [15.0, 8.0, 1.0] | train det 0.2705 seg 0.2680 cnt 3.6248
[stage1] epoch 31/100 step 19 | loss 20.1743 | w [15.0, 8.0, 1.0] | train det 0.8243 seg 0.2185 cnt 6.0622
[stage1] epoch 31/100 step 20 | loss 10.8549 | w [15.0, 8.0, 1.0] | train det 0.0923 seg 0.2167 cnt 7.7368
[stage1] epoch 31/100 step 21 | loss 12.4488 | w [15.0, 8.0, 1.0] | train det 0.5905 seg 0.1509 cnt 2.3844
[stage1] epoch 31/100 step 22 | loss 9.8724 | w [15.0, 8.0, 1.0] | train det 0.3675 seg 0.1433 cnt 3.2140
[stage1] epoch 31/100 step 23 | loss 5.1161 | w [15.0, 8.0, 1.0] | train det 0.0664 seg 0.2280 cnt 2.2962
[stage1] epoch 31/100 step 24 | loss 7.5046 | w [15.0, 8.0, 1.0] | train det 0.1094 seg 0.2945 cnt 3.5077
[stage1] epoch 31/100 step 25 | loss 9.0805 | w [15.0, 8.0, 1.0] | train det 0.3254 seg 0.1231 cnt 3.2144
[stage1] epoch 31/100 step 26 | loss 5.3599 | w [15.0, 8.0, 1.0] | train det 0.0810 seg 0.1631 cnt 2.8392
[stage1] epoch 31/100 step 27 | loss 9.0303 | w [15.0, 8.0, 1.0] | train det 0.3051 seg 0.3257 cnt 1.8481
[stage1] epoch 31/100 step 28 | loss 7.9796 | w [15.0, 8.0, 1.0] | train det 0.1997 seg 0.2750 cnt 2.7846
[stage1] epoch 31/100 step 29 | loss 7.1619 | w [15.0, 8.0, 1.0] | train det 0.1024 seg 0.2077 cnt 3.9643
[stage1] epoch 31/100 step 30 | loss 4.9080 | w [15.0, 8.0, 1.0] | train det 0.0475 seg 0.1513 cnt 2.9854
[stage1] epoch 31/100 step 31 | loss 6.7696 | w [15.0, 8.0, 1.0] | train det 0.2124 seg 0.1955 cnt 2.0189
[stage1] epoch 31/100 step 32 | loss 10.4415 | w [15.0, 8.0, 1.0] | train det 0.1352 seg 0.3206 cnt 5.8483
[stage1] epoch 31/100 step 33 | loss 12.9009 | w [15.0, 8.0, 1.0] | train det 0.0989 seg 0.1887 cnt 9.9081
[stage1] epoch 31/100 step 34 | loss 9.5311 | w [15.0, 8.0, 1.0] | train det 0.2019 seg 0.1663 cnt 5.1713
[stage1] epoch 31/100 step 35 | loss 8.8652 | w [15.0, 8.0, 1.0] | train det 0.2230 seg 0.0897 cnt 4.8030
[stage1] epoch 31/100 step 36 | loss 9.3285 | w [15.0, 8.0, 1.0] | train det 0.0762 seg 0.1380 cnt 7.0822
[stage1] epoch 31/100 step 37 | loss 7.3741 | w [15.0, 8.0, 1.0] | train det 0.2752 seg 0.0442 cnt 2.8931
[stage1] epoch 31/100 step 38 | loss 6.6861 | w [15.0, 8.0, 1.0] | train det 0.1146 seg 0.3527 cnt 2.1458
[stage1] epoch 31/100 step 39 | loss 13.9963 | w [15.0, 8.0, 1.0] | train det 0.3607 seg 0.3027 cnt 6.1643
[stage1] epoch 31/100 step 40 | loss 11.3907 | w [15.0, 8.0, 1.0] | train det 0.3101 seg 0.1694 cnt 5.3846
[stage1] epoch 31/100 step 41 | loss 13.8881 | w [15.0, 8.0, 1.0] | train det 0.5373 seg 0.1707 cnt 4.4634
[stage1] epoch 31/100 step 42 | loss 5.7444 | w [15.0, 8.0, 1.0] | train det 0.0868 seg 0.1934 cnt 2.8958
[stage1] epoch 31/100 step 43 | loss 9.0776 | w [15.0, 8.0, 1.0] | train det 0.1486 seg 0.2084 cnt 5.1818
[stage1] epoch 31/100 | train 9.7307 | det 0.2439 seg 0.2094 cnt 4.3973
[stage1] epoch 32/100 step 1 | loss 12.3333 | w [15.0, 8.0, 1.0] | train det 0.1300 seg 0.3069 cnt 7.9287
[stage1] epoch 32/100 step 2 | loss 10.2769 | w [15.0, 8.0, 1.0] | train det 0.1262 seg 0.2564 cnt 6.3337
[stage1] epoch 32/100 step 3 | loss 10.9292 | w [15.0, 8.0, 1.0] | train det 0.1796 seg 0.2433 cnt 6.2891
[stage1] epoch 32/100 step 4 | loss 8.1767 | w [15.0, 8.0, 1.0] | train det 0.0736 seg 0.1850 cnt 5.5924
[stage1] epoch 32/100 step 5 | loss 7.2873 | w [15.0, 8.0, 1.0] | train det 0.2072 seg 0.1610 cnt 2.8905
[stage1] epoch 32/100 step 6 | loss 7.0388 | w [15.0, 8.0, 1.0] | train det 0.1215 seg 0.2651 cnt 3.0956
[stage1] epoch 32/100 step 7 | loss 17.0685 | w [15.0, 8.0, 1.0] | train det 0.7131 seg 0.2531 cnt 4.3471
[stage1] epoch 32/100 step 8 | loss 10.0546 | w [15.0, 8.0, 1.0] | train det 0.3177 seg 0.2603 cnt 3.2063
[stage1] epoch 32/100 step 9 | loss 17.2724 | w [15.0, 8.0, 1.0] | train det 0.1594 seg 0.3763 cnt 11.8717
[stage1] epoch 32/100 step 10 | loss 12.5037 | w [15.0, 8.0, 1.0] | train det 0.5323 seg 0.2270 cnt 2.7040
[stage1] epoch 32/100 step 11 | loss 7.5569 | w [15.0, 8.0, 1.0] | train det 0.0591 seg 0.4413 cnt 3.1401
[stage1] epoch 32/100 step 12 | loss 16.6609 | w [15.0, 8.0, 1.0] | train det 0.3047 seg 0.1460 cnt 10.9223
[stage1] epoch 32/100 step 13 | loss 6.9518 | w [15.0, 8.0, 1.0] | train det 0.1491 seg 0.2105 cnt 3.0309
[stage1] epoch 32/100 step 14 | loss 6.8826 | w [15.0, 8.0, 1.0] | train det 0.1173 seg 0.1827 cnt 3.6619
[stage1] epoch 32/100 step 15 | loss 10.5694 | w [15.0, 8.0, 1.0] | train det 0.1841 seg 0.1170 cnt 6.8708
[stage1] epoch 32/100 step 16 | loss 6.3213 | w [15.0, 8.0, 1.0] | train det 0.0772 seg 0.2686 cnt 3.0148
[stage1] epoch 32/100 step 17 | loss 16.3202 | w [15.0, 8.0, 1.0] | train det 0.3909 seg 0.2570 cnt 8.4009
[stage1] epoch 32/100 step 18 | loss 94.2331 | w [15.0, 8.0, 1.0] | train det 0.0775 seg 0.1724 cnt 91.6909
[stage1] epoch 32/100 step 19 | loss 12.3730 | w [15.0, 8.0, 1.0] | train det 0.3905 seg 0.2155 cnt 4.7909
[stage1] epoch 32/100 step 20 | loss 10.5996 | w [15.0, 8.0, 1.0] | train det 0.0824 seg 0.0629 cnt 8.8609
[stage1] epoch 32/100 step 21 | loss 6.1626 | w [15.0, 8.0, 1.0] | train det 0.1147 seg 0.1004 cnt 3.6388
[stage1] epoch 32/100 step 22 | loss 11.0403 | w [15.0, 8.0, 1.0] | train det 0.3481 seg 0.2548 cnt 3.7806
[stage1] epoch 32/100 step 23 | loss 13.2270 | w [15.0, 8.0, 1.0] | train det 0.1122 seg 0.1868 cnt 10.0502
[stage1] epoch 32/100 step 24 | loss 7.2918 | w [15.0, 8.0, 1.0] | train det 0.1916 seg 0.1541 cnt 3.1857
[stage1] epoch 32/100 step 25 | loss 11.6279 | w [15.0, 8.0, 1.0] | train det 0.1367 seg 0.1517 cnt 8.3636
[stage1] epoch 32/100 step 26 | loss 7.6805 | w [15.0, 8.0, 1.0] | train det 0.0930 seg 0.1423 cnt 5.1466
[stage1] epoch 32/100 step 27 | loss 11.4557 | w [15.0, 8.0, 1.0] | train det 0.2149 seg 0.1430 cnt 7.0881
[stage1] epoch 32/100 step 28 | loss 10.2800 | w [15.0, 8.0, 1.0] | train det 0.1224 seg 0.2318 cnt 6.5899
[stage1] epoch 32/100 step 29 | loss 6.2099 | w [15.0, 8.0, 1.0] | train det 0.1590 seg 0.1758 cnt 2.4175
[stage1] epoch 32/100 step 30 | loss 5.5500 | w [15.0, 8.0, 1.0] | train det 0.0697 seg 0.1794 cnt 3.0693
[stage1] epoch 32/100 step 31 | loss 9.1994 | w [15.0, 8.0, 1.0] | train det 0.1393 seg 0.3733 cnt 4.1240
[stage1] epoch 32/100 step 32 | loss 9.2639 | w [15.0, 8.0, 1.0] | train det 0.2309 seg 0.2559 cnt 3.7541
[stage1] epoch 32/100 step 33 | loss 14.2875 | w [15.0, 8.0, 1.0] | train det 0.0859 seg 0.0865 cnt 12.3078
[stage1] epoch 32/100 step 34 | loss 8.4040 | w [15.0, 8.0, 1.0] | train det 0.1555 seg 0.3855 cnt 2.9869
[stage1] epoch 32/100 step 35 | loss 7.3136 | w [15.0, 8.0, 1.0] | train det 0.1524 seg 0.1331 cnt 3.9637
[stage1] epoch 32/100 step 36 | loss 15.7724 | w [15.0, 8.0, 1.0] | train det 0.2138 seg 0.3028 cnt 10.1428
[stage1] epoch 32/100 step 37 | loss 6.4358 | w [15.0, 8.0, 1.0] | train det 0.1054 seg 0.2501 cnt 2.8529
[stage1] epoch 32/100 step 38 | loss 5.5277 | w [15.0, 8.0, 1.0] | train det 0.1194 seg 0.1104 cnt 2.8539
[stage1] epoch 32/100 step 39 | loss 9.7504 | w [15.0, 8.0, 1.0] | train det 0.1113 seg 0.2049 cnt 6.4421
[stage1] epoch 32/100 step 40 | loss 7.3894 | w [15.0, 8.0, 1.0] | train det 0.0986 seg 0.2889 cnt 3.5990
[stage1] epoch 32/100 step 41 | loss 15.3205 | w [15.0, 8.0, 1.0] | train det 0.1780 seg 0.2168 cnt 10.9167
[stage1] epoch 32/100 step 42 | loss 75.4914 | w [15.0, 8.0, 1.0] | train det 0.1671 seg 0.1439 cnt 71.8334
[stage1] epoch 32/100 step 43 | loss 17.1294 | w [15.0, 8.0, 1.0] | train det 0.7491 seg 0.1271 cnt 4.8764
[stage1] epoch 32/100 | train 13.7958 | det 0.1968 seg 0.2141 cnt 9.1309
[stage1] epoch 33/100 step 1 | loss 9.6943 | w [15.0, 8.0, 1.0] | train det 0.1765 seg 0.2176 cnt 5.3063
[stage1] epoch 33/100 step 2 | loss 15.3894 | w [15.0, 8.0, 1.0] | train det 0.4781 seg 0.1864 cnt 6.7268
[stage1] epoch 33/100 step 3 | loss 9.3020 | w [15.0, 8.0, 1.0] | train det 0.0965 seg 0.1838 cnt 6.3841
[stage1] epoch 33/100 step 4 | loss 6.5226 | w [15.0, 8.0, 1.0] | train det 0.0515 seg 0.1655 cnt 4.4269
[stage1] epoch 33/100 step 5 | loss 11.1664 | w [15.0, 8.0, 1.0] | train det 0.1439 seg 0.4498 cnt 5.4089
[stage1] epoch 33/100 step 6 | loss 28.9195 | w [15.0, 8.0, 1.0] | train det 0.1048 seg 0.1908 cnt 25.8201
[stage1] epoch 33/100 step 7 | loss 10.1985 | w [15.0, 8.0, 1.0] | train det 0.3852 seg 0.2900 cnt 2.1001
[stage1] epoch 33/100 step 8 | loss 11.9653 | w [15.0, 8.0, 1.0] | train det 0.1812 seg 0.2867 cnt 6.9542
[stage1] epoch 33/100 step 9 | loss 22.1642 | w [15.0, 8.0, 1.0] | train det 0.5558 seg 0.1784 cnt 12.3993
[stage1] epoch 33/100 step 10 | loss 8.3687 | w [15.0, 8.0, 1.0] | train det 0.0653 seg 0.2507 cnt 5.3840
[stage1] epoch 33/100 step 11 | loss 5.6930 | w [15.0, 8.0, 1.0] | train det 0.1547 seg 0.0780 cnt 2.7476
[stage1] epoch 33/100 step 12 | loss 20.4961 | w [15.0, 8.0, 1.0] | train det 0.7074 seg 0.3087 cnt 7.4155
[stage1] epoch 33/100 step 13 | loss 6.4460 | w [15.0, 8.0, 1.0] | train det 0.1127 seg 0.2107 cnt 3.0704
[stage1] epoch 33/100 step 14 | loss 19.2281 | w [15.0, 8.0, 1.0] | train det 0.2045 seg 0.1528 cnt 14.9390
[stage1] epoch 33/100 step 15 | loss 8.4492 | w [15.0, 8.0, 1.0] | train det 0.0861 seg 0.1546 cnt 5.9209
[stage1] epoch 33/100 step 16 | loss 35.2049 | w [15.0, 8.0, 1.0] | train det 0.3446 seg 0.1163 cnt 29.1063
[stage1] epoch 33/100 step 17 | loss 8.3246 | w [15.0, 8.0, 1.0] | train det 0.2066 seg 0.1633 cnt 3.9192
[stage1] epoch 33/100 step 18 | loss 9.4103 | w [15.0, 8.0, 1.0] | train det 0.1838 seg 0.1254 cnt 5.6496
[stage1] epoch 33/100 step 19 | loss 6.4135 | w [15.0, 8.0, 1.0] | train det 0.0844 seg 0.1418 cnt 4.0134
[stage1] epoch 33/100 step 20 | loss 7.6415 | w [15.0, 8.0, 1.0] | train det 0.1984 seg 0.1374 cnt 3.5665
[stage1] epoch 33/100 step 21 | loss 10.8849 | w [15.0, 8.0, 1.0] | train det 0.3385 seg 0.3073 cnt 3.3493
[stage1] epoch 33/100 step 22 | loss 20.2982 | w [15.0, 8.0, 1.0] | train det 0.3572 seg 0.1493 cnt 13.7458
[stage1] epoch 33/100 step 23 | loss 11.3688 | w [15.0, 8.0, 1.0] | train det 0.2689 seg 0.2227 cnt 5.5547
[stage1] epoch 33/100 step 24 | loss 10.8027 | w [15.0, 8.0, 1.0] | train det 0.1254 seg 0.3299 cnt 6.2819
[stage1] epoch 33/100 step 25 | loss 9.4088 | w [15.0, 8.0, 1.0] | train det 0.2197 seg 0.1962 cnt 4.5439
[stage1] epoch 33/100 step 26 | loss 12.6924 | w [15.0, 8.0, 1.0] | train det 0.2831 seg 0.1626 cnt 7.1454
[stage1] epoch 33/100 step 27 | loss 10.9653 | w [15.0, 8.0, 1.0] | train det 0.2010 seg 0.1262 cnt 6.9408
[stage1] epoch 33/100 step 28 | loss 13.5105 | w [15.0, 8.0, 1.0] | train det 0.5225 seg 0.1406 cnt 4.5490
[stage1] epoch 33/100 step 29 | loss 9.9831 | w [15.0, 8.0, 1.0] | train det 0.2086 seg 0.2166 cnt 5.1215
[stage1] epoch 33/100 step 30 | loss 17.8993 | w [15.0, 8.0, 1.0] | train det 0.1908 seg 0.1964 cnt 13.4658
[stage1] epoch 33/100 step 31 | loss 10.3815 | w [15.0, 8.0, 1.0] | train det 0.4988 seg 0.1153 cnt 1.9767
[stage1] epoch 33/100 step 32 | loss 10.8931 | w [15.0, 8.0, 1.0] | train det 0.1611 seg 0.2121 cnt 6.7800
[stage1] epoch 33/100 step 33 | loss 17.5268 | w [15.0, 8.0, 1.0] | train det 0.1364 seg 0.1669 cnt 14.1452
[stage1] epoch 33/100 step 34 | loss 7.3027 | w [15.0, 8.0, 1.0] | train det 0.1587 seg 0.1402 cnt 3.7999
[stage1] epoch 33/100 step 35 | loss 6.1672 | w [15.0, 8.0, 1.0] | train det 0.1112 seg 0.2009 cnt 2.8917
[stage1] epoch 33/100 step 36 | loss 12.0806 | w [15.0, 8.0, 1.0] | train det 0.2564 seg 0.2438 cnt 6.2849
[stage1] epoch 33/100 step 37 | loss 6.8414 | w [15.0, 8.0, 1.0] | train det 0.1575 seg 0.1999 cnt 2.8800
[stage1] epoch 33/100 step 38 | loss 30.5250 | w [15.0, 8.0, 1.0] | train det 0.4839 seg 0.2241 cnt 21.4746
[stage1] epoch 33/100 step 39 | loss 9.4172 | w [15.0, 8.0, 1.0] | train det 0.0773 seg 0.1620 cnt 6.9610
[stage1] epoch 33/100 step 40 | loss 26.9665 | w [15.0, 8.0, 1.0] | train det 0.0567 seg 0.2197 cnt 24.3579
[stage1] epoch 33/100 step 41 | loss 9.5495 | w [15.0, 8.0, 1.0] | train det 0.1843 seg 0.1561 cnt 5.5363
[stage1] epoch 33/100 step 42 | loss 7.9352 | w [15.0, 8.0, 1.0] | train det 0.0836 seg 0.0978 cnt 5.8983
[stage1] epoch 33/100 step 43 | loss 12.1224 | w [15.0, 8.0, 1.0] | train det 0.3981 seg 0.1991 cnt 4.5584
[stage1] epoch 33/100 | train 12.9424 | det 0.2326 seg 0.1948 cnt 7.8954
[stage1] epoch 34/100 step 1 | loss 8.9888 | w [15.0, 8.0, 1.0] | train det 0.1270 seg 0.1519 cnt 5.8680
[stage1] epoch 34/100 step 2 | loss 10.4379 | w [15.0, 8.0, 1.0] | train det 0.2372 seg 0.1992 cnt 5.2866
[stage1] epoch 34/100 step 3 | loss 6.1825 | w [15.0, 8.0, 1.0] | train det 0.0753 seg 0.2790 cnt 2.8219
[stage1] epoch 34/100 step 4 | loss 7.9537 | w [15.0, 8.0, 1.0] | train det 0.1328 seg 0.1710 cnt 4.5938
[stage1] epoch 34/100 step 5 | loss 11.7544 | w [15.0, 8.0, 1.0] | train det 0.2342 seg 0.3331 cnt 5.5769
[stage1] epoch 34/100 step 6 | loss 5.4587 | w [15.0, 8.0, 1.0] | train det 0.1140 seg 0.1353 cnt 2.6671
[stage1] epoch 34/100 step 7 | loss 8.1444 | w [15.0, 8.0, 1.0] | train det 0.2609 seg 0.2482 cnt 2.2457
[stage1] epoch 34/100 step 8 | loss 16.0572 | w [15.0, 8.0, 1.0] | train det 0.1385 seg 0.2313 cnt 12.1287
[stage1] epoch 34/100 step 9 | loss 10.0399 | w [15.0, 8.0, 1.0] | train det 0.3254 seg 0.1288 cnt 4.1290
[stage1] epoch 34/100 step 10 | loss 6.4997 | w [15.0, 8.0, 1.0] | train det 0.1880 seg 0.1534 cnt 2.4523
[stage1] epoch 34/100 step 11 | loss 12.2723 | w [15.0, 8.0, 1.0] | train det 0.1142 seg 0.2483 cnt 8.5731
[stage1] epoch 34/100 step 12 | loss 6.7852 | w [15.0, 8.0, 1.0] | train det 0.1627 seg 0.0695 cnt 3.7888
[stage1] epoch 34/100 step 13 | loss 10.7991 | w [15.0, 8.0, 1.0] | train det 0.3005 seg 0.1898 cnt 4.7734
[stage1] epoch 34/100 step 14 | loss 7.0404 | w [15.0, 8.0, 1.0] | train det 0.1429 seg 0.1774 cnt 3.4779
[stage1] epoch 34/100 step 15 | loss 13.3959 | w [15.0, 8.0, 1.0] | train det 0.1473 seg 0.2223 cnt 9.4091
[stage1] epoch 34/100 step 16 | loss 8.0608 | w [15.0, 8.0, 1.0] | train det 0.0657 seg 0.1382 cnt 5.9691
[stage1] epoch 34/100 step 17 | loss 9.1832 | w [15.0, 8.0, 1.0] | train det 0.1274 seg 0.5231 cnt 3.0875
[stage1] epoch 34/100 step 18 | loss 9.1222 | w [15.0, 8.0, 1.0] | train det 0.1802 seg 0.1731 cnt 5.0341
[stage1] epoch 34/100 step 19 | loss 11.2286 | w [15.0, 8.0, 1.0] | train det 0.3578 seg 0.2424 cnt 3.9225
[stage1] epoch 34/100 step 20 | loss 9.8661 | w [15.0, 8.0, 1.0] | train det 0.1775 seg 0.0535 cnt 6.7761
[stage1] epoch 34/100 step 21 | loss 12.4887 | w [15.0, 8.0, 1.0] | train det 0.2496 seg 0.3060 cnt 6.2973
[stage1] epoch 34/100 step 22 | loss 6.1147 | w [15.0, 8.0, 1.0] | train det 0.0838 seg 0.2955 cnt 2.4941
[stage1] epoch 34/100 step 23 | loss 14.4144 | w [15.0, 8.0, 1.0] | train det 0.2215 seg 0.2838 cnt 8.8214
[stage1] epoch 34/100 step 24 | loss 11.9630 | w [15.0, 8.0, 1.0] | train det 0.5620 seg 0.1832 cnt 2.0670
[stage1] epoch 34/100 step 25 | loss 11.2636 | w [15.0, 8.0, 1.0] | train det 0.2680 seg 0.2136 cnt 5.5351
[stage1] epoch 34/100 step 26 | loss 8.6654 | w [15.0, 8.0, 1.0] | train det 0.1145 seg 0.2138 cnt 5.2370
[stage1] epoch 34/100 step 27 | loss 6.1082 | w [15.0, 8.0, 1.0] | train det 0.1008 seg 0.1970 cnt 3.0207
[stage1] epoch 34/100 step 28 | loss 21.4951 | w [15.0, 8.0, 1.0] | train det 0.9546 seg 0.2741 cnt 4.9835
[stage1] epoch 34/100 step 29 | loss 10.1745 | w [15.0, 8.0, 1.0] | train det 0.1396 seg 0.1224 cnt 7.1009
[stage1] epoch 34/100 step 30 | loss 9.1156 | w [15.0, 8.0, 1.0] | train det 0.2333 seg 0.2623 cnt 3.5186
[stage1] epoch 34/100 step 31 | loss 6.4432 | w [15.0, 8.0, 1.0] | train det 0.1744 seg 0.1932 cnt 2.2813
[stage1] epoch 34/100 step 32 | loss 13.6772 | w [15.0, 8.0, 1.0] | train det 0.1172 seg 0.1285 cnt 10.8910
[stage1] epoch 34/100 step 33 | loss 7.5711 | w [15.0, 8.0, 1.0] | train det 0.2357 seg 0.0968 cnt 3.2618
[stage1] epoch 34/100 step 34 | loss 4.7231 | w [15.0, 8.0, 1.0] | train det 0.1151 seg 0.0663 cnt 2.4664
[stage1] epoch 34/100 step 35 | loss 13.4736 | w [15.0, 8.0, 1.0] | train det 0.2353 seg 0.2674 cnt 7.8058
[stage1] epoch 34/100 step 36 | loss 8.3205 | w [15.0, 8.0, 1.0] | train det 0.1338 seg 0.3088 cnt 3.8430
[stage1] epoch 34/100 step 37 | loss 8.1283 | w [15.0, 8.0, 1.0] | train det 0.0968 seg 0.2709 cnt 4.5088
[stage1] epoch 34/100 step 38 | loss 7.6834 | w [15.0, 8.0, 1.0] | train det 0.2099 seg 0.3813 cnt 1.4845
[stage1] epoch 34/100 step 39 | loss 9.5677 | w [15.0, 8.0, 1.0] | train det 0.0696 seg 0.1675 cnt 7.1835
[stage1] epoch 34/100 step 40 | loss 8.5371 | w [15.0, 8.0, 1.0] | train det 0.1106 seg 0.1913 cnt 5.3476
[stage1] epoch 34/100 step 41 | loss 8.1908 | w [15.0, 8.0, 1.0] | train det 0.1743 seg 0.2215 cnt 3.8034
[stage1] epoch 34/100 step 42 | loss 8.2244 | w [15.0, 8.0, 1.0] | train det 0.0937 seg 0.1828 cnt 5.3560
[stage1] epoch 34/100 step 43 | loss 10.4511 | w [15.0, 8.0, 1.0] | train det 0.3057 seg 0.3307 cnt 3.2195
[stage1] epoch 34/100 | train 9.6759 | det 0.2002 seg 0.2146 cnt 4.9560
[stage1] epoch 35/100 step 1 | loss 11.7633 | w [15.0, 8.0, 1.0] | train det 0.2180 seg 0.1365 cnt 7.4016
[stage1] epoch 35/100 step 2 | loss 8.3126 | w [15.0, 8.0, 1.0] | train det 0.3240 seg 0.1797 cnt 2.0147
[stage1] epoch 35/100 step 3 | loss 8.3313 | w [15.0, 8.0, 1.0] | train det 0.0755 seg 0.2767 cnt 4.9854
[stage1] epoch 35/100 step 4 | loss 9.4630 | w [15.0, 8.0, 1.0] | train det 0.2565 seg 0.0726 cnt 5.0350
[stage1] epoch 35/100 step 5 | loss 13.7218 | w [15.0, 8.0, 1.0] | train det 0.1083 seg 0.1731 cnt 10.7125
[stage1] epoch 35/100 step 6 | loss 10.2338 | w [15.0, 8.0, 1.0] | train det 0.2590 seg 0.1411 cnt 5.2193
[stage1] epoch 35/100 step 7 | loss 5.5865 | w [15.0, 8.0, 1.0] | train det 0.1629 seg 0.1640 cnt 1.8314
[stage1] epoch 35/100 step 8 | loss 14.5902 | w [15.0, 8.0, 1.0] | train det 0.1218 seg 0.1895 cnt 11.2473
[stage1] epoch 35/100 step 9 | loss 12.2223 | w [15.0, 8.0, 1.0] | train det 0.2653 seg 0.2150 cnt 6.5224
[stage1] epoch 35/100 step 10 | loss 8.4571 | w [15.0, 8.0, 1.0] | train det 0.2322 seg 0.1561 cnt 3.7263
[stage1] epoch 35/100 step 11 | loss 10.3943 | w [15.0, 8.0, 1.0] | train det 0.3936 seg 0.2337 cnt 2.6200
[stage1] epoch 35/100 step 12 | loss 12.0466 | w [15.0, 8.0, 1.0] | train det 0.2164 seg 0.2822 cnt 6.5431
[stage1] epoch 35/100 step 13 | loss 4.4405 | w [15.0, 8.0, 1.0] | train det 0.0752 seg 0.1135 cnt 2.4036
[stage1] epoch 35/100 step 14 | loss 15.0053 | w [15.0, 8.0, 1.0] | train det 0.5925 seg 0.2101 cnt 4.4375
[stage1] epoch 35/100 step 15 | loss 10.7235 | w [15.0, 8.0, 1.0] | train det 0.3679 seg 0.2778 cnt 2.9824
[stage1] epoch 35/100 step 16 | loss 22.3714 | w [15.0, 8.0, 1.0] | train det 0.1194 seg 0.2656 cnt 18.4562
[stage1] epoch 35/100 step 17 | loss 10.6964 | w [15.0, 8.0, 1.0] | train det 0.1580 seg 0.2705 cnt 6.1619
[stage1] epoch 35/100 step 18 | loss 17.8323 | w [15.0, 8.0, 1.0] | train det 0.0959 seg 0.2491 cnt 14.4002
[stage1] epoch 35/100 step 19 | loss 6.6819 | w [15.0, 8.0, 1.0] | train det 0.0856 seg 0.2789 cnt 3.1661
[stage1] epoch 35/100 step 20 | loss 12.4357 | w [15.0, 8.0, 1.0] | train det 0.3390 seg 0.1582 cnt 6.0852
[stage1] epoch 35/100 step 21 | loss 12.1939 | w [15.0, 8.0, 1.0] | train det 0.4188 seg 0.1801 cnt 4.4701
[stage1] epoch 35/100 step 22 | loss 7.8074 | w [15.0, 8.0, 1.0] | train det 0.1760 seg 0.2413 cnt 3.2372
[stage1] epoch 35/100 step 23 | loss 7.6832 | w [15.0, 8.0, 1.0] | train det 0.0568 seg 0.1968 cnt 5.2568
[stage1] epoch 35/100 step 24 | loss 6.2838 | w [15.0, 8.0, 1.0] | train det 0.1408 seg 0.1648 cnt 2.8544
[stage1] epoch 35/100 step 25 | loss 11.1344 | w [15.0, 8.0, 1.0] | train det 0.2168 seg 0.1621 cnt 6.5860
[stage1] epoch 35/100 step 26 | loss 12.0407 | w [15.0, 8.0, 1.0] | train det 0.5634 seg 0.2220 cnt 1.8136
[stage1] epoch 35/100 step 27 | loss 8.1075 | w [15.0, 8.0, 1.0] | train det 0.1624 seg 0.1776 cnt 4.2504
[stage1] epoch 35/100 step 28 | loss 9.4917 | w [15.0, 8.0, 1.0] | train det 0.1523 seg 0.3249 cnt 4.6078
[stage1] epoch 35/100 step 29 | loss 13.9741 | w [15.0, 8.0, 1.0] | train det 0.2575 seg 0.1968 cnt 8.5362
[stage1] epoch 35/100 step 30 | loss 14.1948 | w [15.0, 8.0, 1.0] | train det 0.5127 seg 0.1512 cnt 5.2957
[stage1] epoch 35/100 step 31 | loss 6.2316 | w [15.0, 8.0, 1.0] | train det 0.1308 seg 0.2828 cnt 2.0075
[stage1] epoch 35/100 step 32 | loss 16.8096 | w [15.0, 8.0, 1.0] | train det 0.2260 seg 0.2120 cnt 11.7229
[stage1] epoch 35/100 step 33 | loss 8.1248 | w [15.0, 8.0, 1.0] | train det 0.1172 seg 0.1475 cnt 5.1864
[stage1] epoch 35/100 step 34 | loss 7.1006 | w [15.0, 8.0, 1.0] | train det 0.1619 seg 0.0893 cnt 3.9580
[stage1] epoch 35/100 step 35 | loss 9.0765 | w [15.0, 8.0, 1.0] | train det 0.2997 seg 0.2119 cnt 2.8862
[stage1] epoch 35/100 step 36 | loss 19.6616 | w [15.0, 8.0, 1.0] | train det 0.5979 seg 0.2348 cnt 8.8150
[stage1] epoch 35/100 step 37 | loss 7.2463 | w [15.0, 8.0, 1.0] | train det 0.1651 seg 0.2263 cnt 2.9586
[stage1] epoch 35/100 step 38 | loss 10.4245 | w [15.0, 8.0, 1.0] | train det 0.3036 seg 0.1912 cnt 4.3399
[stage1] epoch 35/100 step 39 | loss 4.8780 | w [15.0, 8.0, 1.0] | train det 0.0833 seg 0.0953 cnt 2.8659
[stage1] epoch 35/100 step 40 | loss 24.4121 | w [15.0, 8.0, 1.0] | train det 0.2463 seg 0.2803 cnt 18.4752
[stage1] epoch 35/100 step 41 | loss 8.5636 | w [15.0, 8.0, 1.0] | train det 0.1177 seg 0.1336 cnt 5.7295
[stage1] epoch 35/100 step 42 | loss 18.4131 | w [15.0, 8.0, 1.0] | train det 0.2501 seg 0.1416 cnt 13.5281
[stage1] epoch 35/100 step 43 | loss 7.1012 | w [15.0, 8.0, 1.0] | train det 0.1257 seg 0.1664 cnt 3.8837
[stage1] epoch 35/100 | train 11.0759 | det 0.2314 seg 0.1971 cnt 6.0283
[stage1] epoch 36/100 step 1 | loss 7.1461 | w [15.0, 8.0, 1.0] | train det 0.1401 seg 0.1901 cnt 3.5231
[stage1] epoch 36/100 step 2 | loss 7.5125 | w [15.0, 8.0, 1.0] | train det 0.1479 seg 0.1570 cnt 4.0380
[stage1] epoch 36/100 step 3 | loss 7.0346 | w [15.0, 8.0, 1.0] | train det 0.1653 seg 0.2949 cnt 2.1958
[stage1] epoch 36/100 step 4 | loss 10.9553 | w [15.0, 8.0, 1.0] | train det 0.0661 seg 0.2867 cnt 7.6704
[stage1] epoch 36/100 step 5 | loss 6.1972 | w [15.0, 8.0, 1.0] | train det 0.0801 seg 0.1294 cnt 3.9600
[stage1] epoch 36/100 step 6 | loss 15.2382 | w [15.0, 8.0, 1.0] | train det 0.4214 seg 0.1831 cnt 7.4515
[stage1] epoch 36/100 step 7 | loss 15.7530 | w [15.0, 8.0, 1.0] | train det 0.4006 seg 0.1948 cnt 8.1848
[stage1] epoch 36/100 step 8 | loss 10.9596 | w [15.0, 8.0, 1.0] | train det 0.3144 seg 0.2421 cnt 4.3065
[stage1] epoch 36/100 step 9 | loss 15.3360 | w [15.0, 8.0, 1.0] | train det 0.6894 seg 0.2430 cnt 3.0516
[stage1] epoch 36/100 step 10 | loss 12.5694 | w [15.0, 8.0, 1.0] | train det 0.0476 seg 0.1113 cnt 10.9651
[stage1] epoch 36/100 step 11 | loss 6.0710 | w [15.0, 8.0, 1.0] | train det 0.1652 seg 0.1410 cnt 2.4654
[stage1] epoch 36/100 step 12 | loss 8.0405 | w [15.0, 8.0, 1.0] | train det 0.1888 seg 0.2645 cnt 3.0923
[stage1] epoch 36/100 step 13 | loss 6.5655 | w [15.0, 8.0, 1.0] | train det 0.1693 seg 0.1306 cnt 2.9807
[stage1] epoch 36/100 step 14 | loss 6.7839 | w [15.0, 8.0, 1.0] | train det 0.1945 seg 0.0969 cnt 3.0910
[stage1] epoch 36/100 step 15 | loss 11.5656 | w [15.0, 8.0, 1.0] | train det 0.4999 seg 0.2008 cnt 2.4601
[stage1] epoch 36/100 step 16 | loss 8.2350 | w [15.0, 8.0, 1.0] | train det 0.1697 seg 0.1873 cnt 4.1920
[stage1] epoch 36/100 step 17 | loss 11.9820 | w [15.0, 8.0, 1.0] | train det 0.2110 seg 0.1862 cnt 7.3268
[stage1] epoch 36/100 step 18 | loss 7.5366 | w [15.0, 8.0, 1.0] | train det 0.1349 seg 0.2349 cnt 3.6337
[stage1] epoch 36/100 step 19 | loss 10.0936 | w [15.0, 8.0, 1.0] | train det 0.2485 seg 0.2413 cnt 4.4362
[stage1] epoch 36/100 step 20 | loss 7.8933 | w [15.0, 8.0, 1.0] | train det 0.0536 seg 0.1581 cnt 5.8250
[stage1] epoch 36/100 step 21 | loss 10.8708 | w [15.0, 8.0, 1.0] | train det 0.2434 seg 0.2457 cnt 5.2536
[stage1] epoch 36/100 step 22 | loss 5.3962 | w [15.0, 8.0, 1.0] | train det 0.1626 seg 0.1572 cnt 1.6995
[stage1] epoch 36/100 step 23 | loss 15.3175 | w [15.0, 8.0, 1.0] | train det 0.4516 seg 0.1050 cnt 7.7037
[stage1] epoch 36/100 step 24 | loss 19.2018 | w [15.0, 8.0, 1.0] | train det 0.2770 seg 0.2686 cnt 12.8984
[stage1] epoch 36/100 step 25 | loss 6.4176 | w [15.0, 8.0, 1.0] | train det 0.1341 seg 0.1459 cnt 3.2387
[stage1] epoch 36/100 step 26 | loss 8.3181 | w [15.0, 8.0, 1.0] | train det 0.1565 seg 0.2116 cnt 4.2778
[stage1] epoch 36/100 step 27 | loss 5.4928 | w [15.0, 8.0, 1.0] | train det 0.0971 seg 0.2386 cnt 2.1275
[stage1] epoch 36/100 step 28 | loss 10.8930 | w [15.0, 8.0, 1.0] | train det 0.0582 seg 0.2859 cnt 7.7331
[stage1] epoch 36/100 step 29 | loss 5.6519 | w [15.0, 8.0, 1.0] | train det 0.0530 seg 0.2065 cnt 3.2041
[stage1] epoch 36/100 step 30 | loss 10.0379 | w [15.0, 8.0, 1.0] | train det 0.2061 seg 0.1464 cnt 5.7755
[stage1] epoch 36/100 step 31 | loss 13.5677 | w [15.0, 8.0, 1.0] | train det 0.1770 seg 0.2869 cnt 8.6181
[stage1] epoch 36/100 step 32 | loss 10.8474 | w [15.0, 8.0, 1.0] | train det 0.3815 seg 0.1623 cnt 3.8261
[stage1] epoch 36/100 step 33 | loss 12.2438 | w [15.0, 8.0, 1.0] | train det 0.5738 seg 0.0787 cnt 3.0064
[stage1] epoch 36/100 step 34 | loss 12.9912 | w [15.0, 8.0, 1.0] | train det 0.1028 seg 0.1599 cnt 10.1701
[stage1] epoch 36/100 step 35 | loss 7.2710 | w [15.0, 8.0, 1.0] | train det 0.1895 seg 0.1602 cnt 3.1469
[stage1] epoch 36/100 step 36 | loss 6.6075 | w [15.0, 8.0, 1.0] | train det 0.1725 seg 0.1131 cnt 3.1158
[stage1] epoch 36/100 step 37 | loss 6.0303 | w [15.0, 8.0, 1.0] | train det 0.1291 seg 0.1990 cnt 2.5017
[stage1] epoch 36/100 step 38 | loss 6.7589 | w [15.0, 8.0, 1.0] | train det 0.1411 seg 0.1675 cnt 3.3023
[stage1] epoch 36/100 step 39 | loss 5.6890 | w [15.0, 8.0, 1.0] | train det 0.1587 seg 0.1109 cnt 2.4209
[stage1] epoch 36/100 step 40 | loss 6.4515 | w [15.0, 8.0, 1.0] | train det 0.0493 seg 0.1775 cnt 4.2921
[stage1] epoch 36/100 step 41 | loss 9.9965 | w [15.0, 8.0, 1.0] | train det 0.1366 seg 0.3418 cnt 5.2133
[stage1] epoch 36/100 step 42 | loss 12.0247 | w [15.0, 8.0, 1.0] | train det 0.3933 seg 0.2926 cnt 3.7847
[stage1] epoch 36/100 step 43 | loss 10.2590 | w [15.0, 8.0, 1.0] | train det 0.3572 seg 0.1020 cnt 4.0852
[stage1] epoch 36/100 | train 9.5769 | det 0.2165 seg 0.1916 cnt 4.7964
[stage1] epoch 37/100 step 1 | loss 6.9453 | w [15.0, 8.0, 1.0] | train det 0.2576 seg 0.1375 cnt 1.9812
[stage1] epoch 37/100 step 2 | loss 4.2118 | w [15.0, 8.0, 1.0] | train det 0.1012 seg 0.1180 cnt 1.7498
[stage1] epoch 37/100 step 3 | loss 6.1337 | w [15.0, 8.0, 1.0] | train det 0.1482 seg 0.1269 cnt 2.8949
[stage1] epoch 37/100 step 4 | loss 4.4247 | w [15.0, 8.0, 1.0] | train det 0.1012 seg 0.1401 cnt 1.7860
[stage1] epoch 37/100 step 5 | loss 12.2102 | w [15.0, 8.0, 1.0] | train det 0.1188 seg 0.1384 cnt 9.3212
[stage1] epoch 37/100 step 6 | loss 6.1041 | w [15.0, 8.0, 1.0] | train det 0.0858 seg 0.2730 cnt 2.6332
[stage1] epoch 37/100 step 7 | loss 7.1467 | w [15.0, 8.0, 1.0] | train det 0.1320 seg 0.3225 cnt 2.5856
[stage1] epoch 37/100 step 8 | loss 14.6155 | w [15.0, 8.0, 1.0] | train det 0.1286 seg 0.2595 cnt 10.6104
[stage1] epoch 37/100 step 9 | loss 6.3179 | w [15.0, 8.0, 1.0] | train det 0.1470 seg 0.1149 cnt 3.1933
[stage1] epoch 37/100 step 10 | loss 7.1955 | w [15.0, 8.0, 1.0] | train det 0.2086 seg 0.0837 cnt 3.3976
[stage1] epoch 37/100 step 11 | loss 12.5331 | w [15.0, 8.0, 1.0] | train det 0.5179 seg 0.1402 cnt 3.6435
[stage1] epoch 37/100 step 12 | loss 6.0634 | w [15.0, 8.0, 1.0] | train det 0.0705 seg 0.1118 cnt 4.1114
[stage1] epoch 37/100 step 13 | loss 10.5888 | w [15.0, 8.0, 1.0] | train det 0.0514 seg 0.1625 cnt 8.5183
[stage1] epoch 37/100 step 14 | loss 16.8042 | w [15.0, 8.0, 1.0] | train det 0.5634 seg 0.2227 cnt 6.5716
[stage1] epoch 37/100 step 15 | loss 13.2419 | w [15.0, 8.0, 1.0] | train det 0.4291 seg 0.1292 cnt 5.7720
[stage1] epoch 37/100 step 16 | loss 10.3233 | w [15.0, 8.0, 1.0] | train det 0.2073 seg 0.2916 cnt 4.8818
[stage1] epoch 37/100 step 17 | loss 10.1293 | w [15.0, 8.0, 1.0] | train det 0.1086 seg 0.1589 cnt 7.2294
[stage1] epoch 37/100 step 18 | loss 9.5831 | w [15.0, 8.0, 1.0] | train det 0.1947 seg 0.2769 cnt 4.4468
[stage1] epoch 37/100 step 19 | loss 10.9789 | w [15.0, 8.0, 1.0] | train det 0.2126 seg 0.1701 cnt 6.4292
[stage1] epoch 37/100 step 20 | loss 3.9723 | w [15.0, 8.0, 1.0] | train det 0.0725 seg 0.1538 cnt 1.6549
[stage1] epoch 37/100 step 21 | loss 9.2350 | w [15.0, 8.0, 1.0] | train det 0.1005 seg 0.2317 cnt 5.8745
[stage1] epoch 37/100 step 22 | loss 14.8248 | w [15.0, 8.0, 1.0] | train det 0.3618 seg 0.1420 cnt 8.2609
[stage1] epoch 37/100 step 23 | loss 12.7261 | w [15.0, 8.0, 1.0] | train det 0.3091 seg 0.2071 cnt 6.4327
[stage1] epoch 37/100 step 24 | loss 7.8467 | w [15.0, 8.0, 1.0] | train det 0.2609 seg 0.1070 cnt 3.0779
[stage1] epoch 37/100 step 25 | loss 14.4542 | w [15.0, 8.0, 1.0] | train det 0.6568 seg 0.2853 cnt 2.3196
[stage1] epoch 37/100 step 26 | loss 6.9949 | w [15.0, 8.0, 1.0] | train det 0.2368 seg 0.1967 cnt 1.8692
[stage1] epoch 37/100 step 27 | loss 5.7494 | w [15.0, 8.0, 1.0] | train det 0.0736 seg 0.1961 cnt 3.0770
[stage1] epoch 37/100 step 28 | loss 4.6083 | w [15.0, 8.0, 1.0] | train det 0.0727 seg 0.1803 cnt 2.0757
[stage1] epoch 37/100 step 29 | loss 20.9860 | w [15.0, 8.0, 1.0] | train det 0.7014 seg 0.1481 cnt 9.2802
[stage1] epoch 37/100 step 30 | loss 7.7138 | w [15.0, 8.0, 1.0] | train det 0.1889 seg 0.1792 cnt 3.4472
[stage1] epoch 37/100 step 31 | loss 6.5889 | w [15.0, 8.0, 1.0] | train det 0.1970 seg 0.1405 cnt 2.5096
[stage1] epoch 37/100 step 32 | loss 14.4327 | w [15.0, 8.0, 1.0] | train det 0.1130 seg 0.2286 cnt 10.9085
[stage1] epoch 37/100 step 33 | loss 6.9635 | w [15.0, 8.0, 1.0] | train det 0.0958 seg 0.3003 cnt 3.1241
[stage1] epoch 37/100 step 34 | loss 7.4719 | w [15.0, 8.0, 1.0] | train det 0.1424 seg 0.2754 cnt 3.1322
[stage1] epoch 37/100 step 35 | loss 6.6297 | w [15.0, 8.0, 1.0] | train det 0.0647 seg 0.2546 cnt 3.6230
[stage1] epoch 37/100 step 36 | loss 8.3125 | w [15.0, 8.0, 1.0] | train det 0.2502 seg 0.1217 cnt 3.5852
[stage1] epoch 37/100 step 37 | loss 14.7767 | w [15.0, 8.0, 1.0] | train det 0.2955 seg 0.1451 cnt 9.1833
[stage1] epoch 37/100 step 38 | loss 8.5442 | w [15.0, 8.0, 1.0] | train det 0.1158 seg 0.1046 cnt 5.9704
[stage1] epoch 37/100 step 39 | loss 11.7721 | w [15.0, 8.0, 1.0] | train det 0.1540 seg 0.1631 cnt 8.1580
[stage1] epoch 37/100 step 40 | loss 9.7038 | w [15.0, 8.0, 1.0] | train det 0.0746 seg 0.3635 cnt 5.6771
[stage1] epoch 37/100 step 41 | loss 10.7051 | w [15.0, 8.0, 1.0] | train det 0.1092 seg 0.2019 cnt 7.4515
[stage1] epoch 37/100 step 42 | loss 10.4386 | w [15.0, 8.0, 1.0] | train det 0.0923 seg 0.3000 cnt 6.6540
[stage1] epoch 37/100 step 43 | loss 10.4876 | w [15.0, 8.0, 1.0] | train det 0.1330 seg 0.2638 cnt 6.3825
[stage1] epoch 37/100 | train 9.5695 | det 0.2013 seg 0.1923 cnt 5.0113
[stage1] epoch 38/100 step 1 | loss 12.1986 | w [15.0, 8.0, 1.0] | train det 0.4496 seg 0.1047 cnt 4.6165
[stage1] epoch 38/100 step 2 | loss 8.3295 | w [15.0, 8.0, 1.0] | train det 0.0708 seg 0.1783 cnt 5.8405
[stage1] epoch 38/100 step 3 | loss 6.7407 | w [15.0, 8.0, 1.0] | train det 0.0942 seg 0.2796 cnt 3.0917
[stage1] epoch 38/100 step 4 | loss 5.7756 | w [15.0, 8.0, 1.0] | train det 0.1907 seg 0.0794 cnt 2.2804
[stage1] epoch 38/100 step 5 | loss 9.2514 | w [15.0, 8.0, 1.0] | train det 0.1018 seg 0.1778 cnt 6.3013
[stage1] epoch 38/100 step 6 | loss 14.2758 | w [15.0, 8.0, 1.0] | train det 0.3610 seg 0.0812 cnt 8.2116
[stage1] epoch 38/100 step 7 | loss 4.8761 | w [15.0, 8.0, 1.0] | train det 0.0734 seg 0.1354 cnt 2.6922
[stage1] epoch 38/100 step 8 | loss 5.5943 | w [15.0, 8.0, 1.0] | train det 0.0797 seg 0.2821 cnt 2.1414
[stage1] epoch 38/100 step 9 | loss 9.9529 | w [15.0, 8.0, 1.0] | train det 0.3028 seg 0.1408 cnt 4.2853
[stage1] epoch 38/100 step 10 | loss 12.5030 | w [15.0, 8.0, 1.0] | train det 0.2247 seg 0.1778 cnt 7.7101
[stage1] epoch 38/100 step 11 | loss 8.2475 | w [15.0, 8.0, 1.0] | train det 0.1751 seg 0.1407 cnt 4.4945
[stage1] epoch 38/100 step 12 | loss 6.4121 | w [15.0, 8.0, 1.0] | train det 0.1076 seg 0.1967 cnt 3.2242
[stage1] epoch 38/100 step 13 | loss 8.7625 | w [15.0, 8.0, 1.0] | train det 0.1367 seg 0.1322 cnt 5.6545
[stage1] epoch 38/100 step 14 | loss 5.3398 | w [15.0, 8.0, 1.0] | train det 0.1097 seg 0.0708 cnt 3.1282
[stage1] epoch 38/100 step 15 | loss 14.4555 | w [15.0, 8.0, 1.0] | train det 0.1474 seg 0.1281 cnt 11.2201
[stage1] epoch 38/100 step 16 | loss 8.5250 | w [15.0, 8.0, 1.0] | train det 0.0442 seg 0.2456 cnt 5.8976
[stage1] epoch 38/100 step 17 | loss 11.7493 | w [15.0, 8.0, 1.0] | train det 0.3459 seg 0.1476 cnt 5.3800
[stage1] epoch 38/100 step 18 | loss 4.4984 | w [15.0, 8.0, 1.0] | train det 0.0882 seg 0.1187 cnt 2.2255
[stage1] epoch 38/100 step 19 | loss 6.7024 | w [15.0, 8.0, 1.0] | train det 0.1892 seg 0.2358 cnt 1.9779
[stage1] epoch 38/100 step 20 | loss 11.8803 | w [15.0, 8.0, 1.0] | train det 0.2979 seg 0.1648 cnt 6.0924
[stage1] epoch 38/100 step 21 | loss 9.9243 | w [15.0, 8.0, 1.0] | train det 0.2397 seg 0.0670 cnt 5.7928
[stage1] epoch 38/100 step 22 | loss 7.5023 | w [15.0, 8.0, 1.0] | train det 0.0588 seg 0.1993 cnt 5.0261
[stage1] epoch 38/100 step 23 | loss 13.9639 | w [15.0, 8.0, 1.0] | train det 0.3609 seg 0.2222 cnt 6.7736
[stage1] epoch 38/100 step 24 | loss 6.7288 | w [15.0, 8.0, 1.0] | train det 0.1111 seg 0.1583 cnt 3.7950
[stage1] epoch 38/100 step 25 | loss 8.0440 | w [15.0, 8.0, 1.0] | train det 0.0996 seg 0.2385 cnt 4.6427
[stage1] epoch 38/100 step 26 | loss 10.2661 | w [15.0, 8.0, 1.0] | train det 0.1771 seg 0.1916 cnt 6.0765
[stage1] epoch 38/100 step 27 | loss 6.4973 | w [15.0, 8.0, 1.0] | train det 0.0577 seg 0.1947 cnt 4.0735
[stage1] epoch 38/100 step 28 | loss 5.9429 | w [15.0, 8.0, 1.0] | train det 0.1899 seg 0.1137 cnt 2.1845
[stage1] epoch 38/100 step 29 | loss 12.7754 | w [15.0, 8.0, 1.0] | train det 0.2880 seg 0.2543 cnt 6.4201
[stage1] epoch 38/100 step 30 | loss 11.3062 | w [15.0, 8.0, 1.0] | train det 0.1030 seg 0.0944 cnt 9.0059
[stage1] epoch 38/100 step 31 | loss 8.5508 | w [15.0, 8.0, 1.0] | train det 0.1672 seg 0.3624 cnt 3.1439
[stage1] epoch 38/100 step 32 | loss 6.8720 | w [15.0, 8.0, 1.0] | train det 0.2485 seg 0.1248 cnt 2.1467
[stage1] epoch 38/100 step 33 | loss 6.8030 | w [15.0, 8.0, 1.0] | train det 0.0593 seg 0.1115 cnt 5.0221
[stage1] epoch 38/100 step 34 | loss 13.5350 | w [15.0, 8.0, 1.0] | train det 0.1697 seg 0.2942 cnt 8.6353
[stage1] epoch 38/100 step 35 | loss 10.3926 | w [15.0, 8.0, 1.0] | train det 0.2570 seg 0.2784 cnt 4.3098
[stage1] epoch 38/100 step 36 | loss 5.1543 | w [15.0, 8.0, 1.0] | train det 0.0504 seg 0.2093 cnt 2.7247
[stage1] epoch 38/100 step 37 | loss 13.0404 | w [15.0, 8.0, 1.0] | train det 0.4725 seg 0.1370 cnt 4.8576
[stage1] epoch 38/100 step 38 | loss 5.4824 | w [15.0, 8.0, 1.0] | train det 0.0573 seg 0.2296 cnt 2.7865
[stage1] epoch 38/100 step 39 | loss 13.8640 | w [15.0, 8.0, 1.0] | train det 0.0750 seg 0.1974 cnt 11.1589
[stage1] epoch 38/100 step 40 | loss 11.4362 | w [15.0, 8.0, 1.0] | train det 0.2034 seg 0.2736 cnt 6.1959
[stage1] epoch 38/100 step 41 | loss 9.2406 | w [15.0, 8.0, 1.0] | train det 0.1550 seg 0.2168 cnt 5.1811
[stage1] epoch 38/100 step 42 | loss 9.1143 | w [15.0, 8.0, 1.0] | train det 0.3487 seg 0.1785 cnt 2.4560
[stage1] epoch 38/100 step 43 | loss 4.9850 | w [15.0, 8.0, 1.0] | train det 0.1042 seg 0.2017 cnt 1.8084
[stage1] epoch 38/100 | train 9.0115 | det 0.1778 seg 0.1806 cnt 4.8996
[stage1] epoch 39/100 step 1 | loss 13.2545 | w [15.0, 8.0, 1.0] | train det 0.5175 seg 0.2593 cnt 3.4177
[stage1] epoch 39/100 step 2 | loss 6.3567 | w [15.0, 8.0, 1.0] | train det 0.2005 seg 0.0637 cnt 2.8391
[stage1] epoch 39/100 step 3 | loss 14.3181 | w [15.0, 8.0, 1.0] | train det 0.2545 seg 0.1304 cnt 9.4580
[stage1] epoch 39/100 step 4 | loss 9.4223 | w [15.0, 8.0, 1.0] | train det 0.0795 seg 0.1758 cnt 6.8230
[stage1] epoch 39/100 step 5 | loss 15.0929 | w [15.0, 8.0, 1.0] | train det 0.3272 seg 0.1017 cnt 9.3719
[stage1] epoch 39/100 step 6 | loss 6.4309 | w [15.0, 8.0, 1.0] | train det 0.1934 seg 0.1326 cnt 2.4693
[stage1] epoch 39/100 step 7 | loss 13.3223 | w [15.0, 8.0, 1.0] | train det 0.1260 seg 0.1267 cnt 10.4178
[stage1] epoch 39/100 step 8 | loss 6.2969 | w [15.0, 8.0, 1.0] | train det 0.1206 seg 0.1176 cnt 3.5470
[stage1] epoch 39/100 step 9 | loss 13.0794 | w [15.0, 8.0, 1.0] | train det 0.2461 seg 0.0691 cnt 8.8351
[stage1] epoch 39/100 step 10 | loss 13.2170 | w [15.0, 8.0, 1.0] | train det 0.2546 seg 0.1179 cnt 8.4554
[stage1] epoch 39/100 step 11 | loss 13.8246 | w [15.0, 8.0, 1.0] | train det 0.0801 seg 0.1792 cnt 11.1891
[stage1] epoch 39/100 step 12 | loss 7.2756 | w [15.0, 8.0, 1.0] | train det 0.1823 seg 0.1555 cnt 3.2975
[stage1] epoch 39/100 step 13 | loss 9.4241 | w [15.0, 8.0, 1.0] | train det 0.1968 seg 0.1685 cnt 5.1246
[stage1] epoch 39/100 step 14 | loss 6.0005 | w [15.0, 8.0, 1.0] | train det 0.1264 seg 0.0567 cnt 3.6518
[stage1] epoch 39/100 step 15 | loss 10.8444 | w [15.0, 8.0, 1.0] | train det 0.0607 seg 0.1150 cnt 9.0138
[stage1] epoch 39/100 step 16 | loss 19.5065 | w [15.0, 8.0, 1.0] | train det 0.6757 seg 0.1488 cnt 8.1804
[stage1] epoch 39/100 step 17 | loss 11.8351 | w [15.0, 8.0, 1.0] | train det 0.3429 seg 0.2621 cnt 4.5949
[stage1] epoch 39/100 step 18 | loss 11.3102 | w [15.0, 8.0, 1.0] | train det 0.0767 seg 0.1380 cnt 9.0549
[stage1] epoch 39/100 step 19 | loss 7.6618 | w [15.0, 8.0, 1.0] | train det 0.0801 seg 0.1093 cnt 5.5865
[stage1] epoch 39/100 step 20 | loss 7.2713 | w [15.0, 8.0, 1.0] | train det 0.1236 seg 0.1041 cnt 4.5849
[stage1] epoch 39/100 step 21 | loss 18.8732 | w [15.0, 8.0, 1.0] | train det 0.6137 seg 0.1069 cnt 8.8128
[stage1] epoch 39/100 step 22 | loss 11.5977 | w [15.0, 8.0, 1.0] | train det 0.3250 seg 0.1260 cnt 5.7146
[stage1] epoch 39/100 step 23 | loss 8.2894 | w [15.0, 8.0, 1.0] | train det 0.2327 seg 0.2282 cnt 2.9733
[stage1] epoch 39/100 step 24 | loss 5.5337 | w [15.0, 8.0, 1.0] | train det 0.2041 seg 0.0569 cnt 2.0164
[stage1] epoch 39/100 step 25 | loss 7.4448 | w [15.0, 8.0, 1.0] | train det 0.1379 seg 0.2554 cnt 3.3335
[stage1] epoch 39/100 step 26 | loss 4.8240 | w [15.0, 8.0, 1.0] | train det 0.0846 seg 0.1445 cnt 2.3993
[stage1] epoch 39/100 step 27 | loss 25.4284 | w [15.0, 8.0, 1.0] | train det 0.9721 seg 0.2080 cnt 9.1824
[stage1] epoch 39/100 step 28 | loss 10.7396 | w [15.0, 8.0, 1.0] | train det 0.0860 seg 0.2161 cnt 7.7208
[stage1] epoch 39/100 step 29 | loss 15.7739 | w [15.0, 8.0, 1.0] | train det 0.2025 seg 0.3239 cnt 10.1449
[stage1] epoch 39/100 step 30 | loss 6.1938 | w [15.0, 8.0, 1.0] | train det 0.2400 seg 0.0668 cnt 2.0593
[stage1] epoch 39/100 step 31 | loss 9.5884 | w [15.0, 8.0, 1.0] | train det 0.1447 seg 0.1039 cnt 6.5866
[stage1] epoch 39/100 step 32 | loss 8.8688 | w [15.0, 8.0, 1.0] | train det 0.2054 seg 0.2708 cnt 3.6211
[stage1] epoch 39/100 step 33 | loss 10.4765 | w [15.0, 8.0, 1.0] | train det 0.0844 seg 0.1587 cnt 7.9416
[stage1] epoch 39/100 step 34 | loss 10.0087 | w [15.0, 8.0, 1.0] | train det 0.1887 seg 0.1157 cnt 6.2525
[stage1] epoch 39/100 step 35 | loss 14.7307 | w [15.0, 8.0, 1.0] | train det 0.1352 seg 0.1360 cnt 11.6150
[stage1] epoch 39/100 step 36 | loss 7.7874 | w [15.0, 8.0, 1.0] | train det 0.1536 seg 0.2379 cnt 3.5804
[stage1] epoch 39/100 step 37 | loss 13.7556 | w [15.0, 8.0, 1.0] | train det 0.4654 seg 0.2811 cnt 4.5257
[stage1] epoch 39/100 step 38 | loss 8.8767 | w [15.0, 8.0, 1.0] | train det 0.2081 seg 0.3756 cnt 2.7509
[stage1] epoch 39/100 step 39 | loss 15.3212 | w [15.0, 8.0, 1.0] | train det 0.2389 seg 0.1405 cnt 10.6135
[stage1] epoch 39/100 step 40 | loss 9.0270 | w [15.0, 8.0, 1.0] | train det 0.0650 seg 0.1294 cnt 7.0165
[stage1] epoch 39/100 step 41 | loss 11.7423 | w [15.0, 8.0, 1.0] | train det 0.3237 seg 0.2577 cnt 4.8258
[stage1] epoch 39/100 step 42 | loss 13.0289 | w [15.0, 8.0, 1.0] | train det 0.1855 seg 0.1636 cnt 8.9382
[stage1] epoch 39/100 step 43 | loss 8.1593 | w [15.0, 8.0, 1.0] | train det 0.1163 seg 0.1767 cnt 5.0007
[stage1] epoch 39/100 | train 10.9724 | det 0.2297 seg 0.1631 cnt 6.2218
[stage1] epoch 40/100 step 1 | loss 8.2649 | w [15.0, 8.0, 1.0] | train det 0.0526 seg 0.0894 cnt 6.7609
[stage1] epoch 40/100 step 2 | loss 12.4208 | w [15.0, 8.0, 1.0] | train det 0.5523 seg 0.1621 cnt 2.8394
[stage1] epoch 40/100 step 3 | loss 9.9559 | w [15.0, 8.0, 1.0] | train det 0.1421 seg 0.2061 cnt 6.1752
[stage1] epoch 40/100 step 4 | loss 11.0915 | w [15.0, 8.0, 1.0] | train det 0.2711 seg 0.1407 cnt 5.8992
[stage1] epoch 40/100 step 5 | loss 14.3286 | w [15.0, 8.0, 1.0] | train det 0.7134 seg 0.1550 cnt 2.3869
[stage1] epoch 40/100 step 6 | loss 9.7851 | w [15.0, 8.0, 1.0] | train det 0.0638 seg 0.2701 cnt 6.6675
[stage1] epoch 40/100 step 7 | loss 14.8070 | w [15.0, 8.0, 1.0] | train det 0.6668 seg 0.2082 cnt 3.1392
[stage1] epoch 40/100 step 8 | loss 5.7758 | w [15.0, 8.0, 1.0] | train det 0.0923 seg 0.0654 cnt 3.8685
[stage1] epoch 40/100 step 9 | loss 7.3756 | w [15.0, 8.0, 1.0] | train det 0.1321 seg 0.1484 cnt 4.2073
[stage1] epoch 40/100 step 10 | loss 12.5512 | w [15.0, 8.0, 1.0] | train det 0.2164 seg 0.0901 cnt 8.5842
[stage1] epoch 40/100 step 11 | loss 6.9882 | w [15.0, 8.0, 1.0] | train det 0.0423 seg 0.1770 cnt 4.9378
[stage1] epoch 40/100 step 12 | loss 9.3262 | w [15.0, 8.0, 1.0] | train det 0.0585 seg 0.2389 cnt 6.5371
[stage1] epoch 40/100 step 13 | loss 9.1154 | w [15.0, 8.0, 1.0] | train det 0.1978 seg 0.2215 cnt 4.3758
[stage1] epoch 40/100 step 14 | loss 12.6105 | w [15.0, 8.0, 1.0] | train det 0.1884 seg 0.1485 cnt 8.5960
[stage1] epoch 40/100 step 15 | loss 6.1730 | w [15.0, 8.0, 1.0] | train det 0.0391 seg 0.1573 cnt 4.3277
[stage1] epoch 40/100 step 16 | loss 17.9024 | w [15.0, 8.0, 1.0] | train det 0.1231 seg 0.1899 cnt 14.5359
[stage1] epoch 40/100 step 17 | loss 8.1376 | w [15.0, 8.0, 1.0] | train det 0.0852 seg 0.1224 cnt 5.8801
[stage1] epoch 40/100 step 18 | loss 15.1884 | w [15.0, 8.0, 1.0] | train det 0.2252 seg 0.1857 cnt 10.3247
[stage1] epoch 40/100 step 19 | loss 13.3061 | w [15.0, 8.0, 1.0] | train det 0.1653 seg 0.2136 cnt 9.1174
[stage1] epoch 40/100 step 20 | loss 5.4630 | w [15.0, 8.0, 1.0] | train det 0.0566 seg 0.2471 cnt 2.6370
[stage1] epoch 40/100 step 21 | loss 5.2322 | w [15.0, 8.0, 1.0] | train det 0.1327 seg 0.1861 cnt 1.7521
[stage1] epoch 40/100 step 22 | loss 6.6813 | w [15.0, 8.0, 1.0] | train det 0.2025 seg 0.1089 cnt 2.7724
[stage1] epoch 40/100 step 23 | loss 9.9308 | w [15.0, 8.0, 1.0] | train det 0.1534 seg 0.0945 cnt 6.8742
[stage1] epoch 40/100 step 24 | loss 4.0123 | w [15.0, 8.0, 1.0] | train det 0.0486 seg 0.1025 cnt 2.4637
[stage1] epoch 40/100 step 25 | loss 11.7584 | w [15.0, 8.0, 1.0] | train det 0.1998 seg 0.1924 cnt 7.2219
[stage1] epoch 40/100 step 26 | loss 6.1967 | w [15.0, 8.0, 1.0] | train det 0.1441 seg 0.1323 cnt 2.9776
[stage1] epoch 40/100 step 27 | loss 11.4819 | w [15.0, 8.0, 1.0] | train det 0.0901 seg 0.4036 cnt 6.9008
[stage1] epoch 40/100 step 28 | loss 13.1624 | w [15.0, 8.0, 1.0] | train det 0.2775 seg 0.3015 cnt 6.5884
[stage1] epoch 40/100 step 29 | loss 7.8171 | w [15.0, 8.0, 1.0] | train det 0.2850 seg 0.1492 cnt 2.3480
[stage1] epoch 40/100 step 30 | loss 13.1698 | w [15.0, 8.0, 1.0] | train det 0.0529 seg 0.0801 cnt 11.7366
[stage1] epoch 40/100 step 31 | loss 6.0861 | w [15.0, 8.0, 1.0] | train det 0.0918 seg 0.1558 cnt 3.4622
[stage1] epoch 40/100 step 32 | loss 6.7007 | w [15.0, 8.0, 1.0] | train det 0.0681 seg 0.1840 cnt 4.2073
[stage1] epoch 40/100 step 33 | loss 8.9516 | w [15.0, 8.0, 1.0] | train det 0.1637 seg 0.2305 cnt 4.6528
[stage1] epoch 40/100 step 34 | loss 12.8782 | w [15.0, 8.0, 1.0] | train det 0.0979 seg 0.2322 cnt 9.5527
[stage1] epoch 40/100 step 35 | loss 9.9639 | w [15.0, 8.0, 1.0] | train det 0.1217 seg 0.2008 cnt 6.5325
[stage1] epoch 40/100 step 36 | loss 9.0160 | w [15.0, 8.0, 1.0] | train det 0.0804 seg 0.0761 cnt 7.2018
[stage1] epoch 40/100 step 37 | loss 6.8803 | w [15.0, 8.0, 1.0] | train det 0.0361 seg 0.0943 cnt 5.5839
[stage1] epoch 40/100 step 38 | loss 15.7470 | w [15.0, 8.0, 1.0] | train det 0.5481 seg 0.1759 cnt 6.1178
[stage1] epoch 40/100 step 39 | loss 8.7448 | w [15.0, 8.0, 1.0] | train det 0.1192 seg 0.3430 cnt 4.2131
[stage1] epoch 40/100 step 40 | loss 13.4876 | w [15.0, 8.0, 1.0] | train det 0.2831 seg 0.1524 cnt 8.0221
[stage1] epoch 40/100 step 41 | loss 17.6058 | w [15.0, 8.0, 1.0] | train det 0.6740 seg 0.1389 cnt 6.3852
[stage1] epoch 40/100 step 42 | loss 10.2542 | w [15.0, 8.0, 1.0] | train det 0.1322 seg 0.1254 cnt 7.2676
[stage1] epoch 40/100 step 43 | loss 19.4324 | w [15.0, 8.0, 1.0] | train det 0.6864 seg 0.1458 cnt 7.9702
[stage1] epoch 40/100 | train 10.3665 | det 0.2040 seg 0.1731 cnt 5.9210
[stage1] epoch 41/100 step 1 | loss 9.9656 | w [15.0, 8.0, 1.0] | train det 0.3804 seg 0.2102 cnt 2.5787
[stage1] epoch 41/100 step 2 | loss 7.1401 | w [15.0, 8.0, 1.0] | train det 0.1573 seg 0.1246 cnt 3.7843
[stage1] epoch 41/100 step 3 | loss 7.1016 | w [15.0, 8.0, 1.0] | train det 0.1586 seg 0.1987 cnt 3.1326
[stage1] epoch 41/100 step 4 | loss 9.0539 | w [15.0, 8.0, 1.0] | train det 0.1350 seg 0.2759 cnt 4.8215
[stage1] epoch 41/100 step 5 | loss 8.0489 | w [15.0, 8.0, 1.0] | train det 0.1634 seg 0.2212 cnt 3.8280
[stage1] epoch 41/100 step 6 | loss 13.4988 | w [15.0, 8.0, 1.0] | train det 0.1695 seg 0.1732 cnt 9.5711
[stage1] epoch 41/100 step 7 | loss 3.0534 | w [15.0, 8.0, 1.0] | train det 0.0809 seg 0.0866 cnt 1.1462
[stage1] epoch 41/100 step 8 | loss 7.1511 | w [15.0, 8.0, 1.0] | train det 0.1730 seg 0.0145 cnt 4.4402
[stage1] epoch 41/100 step 9 | loss 12.6341 | w [15.0, 8.0, 1.0] | train det 0.0221 seg 0.2444 cnt 10.3470
[stage1] epoch 41/100 step 10 | loss 9.6631 | w [15.0, 8.0, 1.0] | train det 0.0635 seg 0.1991 cnt 7.1181
[stage1] epoch 41/100 step 11 | loss 8.4446 | w [15.0, 8.0, 1.0] | train det 0.0488 seg 0.1432 cnt 6.5677
[stage1] epoch 41/100 step 12 | loss 16.9805 | w [15.0, 8.0, 1.0] | train det 0.5300 seg 0.1476 cnt 7.8501
[stage1] epoch 41/100 step 13 | loss 9.9649 | w [15.0, 8.0, 1.0] | train det 0.1575 seg 0.3722 cnt 4.6253
[stage1] epoch 41/100 step 14 | loss 13.6105 | w [15.0, 8.0, 1.0] | train det 0.2504 seg 0.1836 cnt 8.3855
[stage1] epoch 41/100 step 15 | loss 7.7131 | w [15.0, 8.0, 1.0] | train det 0.2344 seg 0.1354 cnt 3.1138
[stage1] epoch 41/100 step 16 | loss 10.8378 | w [15.0, 8.0, 1.0] | train det 0.3943 seg 0.1170 cnt 3.9880
[stage1] epoch 41/100 step 17 | loss 7.1392 | w [15.0, 8.0, 1.0] | train det 0.2043 seg 0.0953 cnt 3.3121
[stage1] epoch 41/100 step 18 | loss 9.0093 | w [15.0, 8.0, 1.0] | train det 0.1429 seg 0.2325 cnt 5.0061
[stage1] epoch 41/100 step 19 | loss 10.6454 | w [15.0, 8.0, 1.0] | train det 0.1352 seg 0.1438 cnt 7.4664
[stage1] epoch 41/100 step 20 | loss 9.4309 | w [15.0, 8.0, 1.0] | train det 0.1783 seg 0.0925 cnt 6.0170
[stage1] epoch 41/100 step 21 | loss 11.9157 | w [15.0, 8.0, 1.0] | train det 0.4905 seg 0.0814 cnt 3.9065
[stage1] epoch 41/100 step 22 | loss 10.7287 | w [15.0, 8.0, 1.0] | train det 0.5761 seg 0.0947 cnt 1.3304
[stage1] epoch 41/100 step 23 | loss 8.6866 | w [15.0, 8.0, 1.0] | train det 0.0760 seg 0.2494 cnt 5.5507
[stage1] epoch 41/100 step 24 | loss 4.6087 | w [15.0, 8.0, 1.0] | train det 0.0448 seg 0.1326 cnt 2.8757
[stage1] epoch 41/100 step 25 | loss 5.2087 | w [15.0, 8.0, 1.0] | train det 0.1061 seg 0.1490 cnt 2.4253
[stage1] epoch 41/100 step 26 | loss 6.8306 | w [15.0, 8.0, 1.0] | train det 0.1632 seg 0.1469 cnt 3.2065
[stage1] epoch 41/100 step 27 | loss 6.4890 | w [15.0, 8.0, 1.0] | train det 0.1215 seg 0.2108 cnt 2.9804
[stage1] epoch 41/100 step 28 | loss 6.3618 | w [15.0, 8.0, 1.0] | train det 0.0785 seg 0.1164 cnt 4.2524
[stage1] epoch 41/100 step 29 | loss 5.9949 | w [15.0, 8.0, 1.0] | train det 0.1007 seg 0.1062 cnt 3.6359
[stage1] epoch 41/100 step 30 | loss 11.0741 | w [15.0, 8.0, 1.0] | train det 0.0690 seg 0.0886 cnt 9.3301
[stage1] epoch 41/100 step 31 | loss 4.7240 | w [15.0, 8.0, 1.0] | train det 0.1206 seg 0.2150 cnt 1.1947
[stage1] epoch 41/100 step 32 | loss 7.9221 | w [15.0, 8.0, 1.0] | train det 0.0957 seg 0.2252 cnt 4.6853
[stage1] epoch 41/100 step 33 | loss 12.3775 | w [15.0, 8.0, 1.0] | train det 0.1470 seg 0.1656 cnt 8.8475
[stage1] epoch 41/100 step 34 | loss 10.5538 | w [15.0, 8.0, 1.0] | train det 0.1042 seg 0.2009 cnt 7.3831
[stage1] epoch 41/100 step 35 | loss 9.6678 | w [15.0, 8.0, 1.0] | train det 0.1719 seg 0.1744 cnt 5.6938
[stage1] epoch 41/100 step 36 | loss 17.0941 | w [15.0, 8.0, 1.0] | train det 0.5282 seg 0.1742 cnt 7.7782
[stage1] epoch 41/100 step 37 | loss 11.5781 | w [15.0, 8.0, 1.0] | train det 0.3615 seg 0.1320 cnt 5.0996
[stage1] epoch 41/100 step 38 | loss 11.2521 | w [15.0, 8.0, 1.0] | train det 0.1342 seg 0.2006 cnt 7.6347
[stage1] epoch 41/100 step 39 | loss 6.2648 | w [15.0, 8.0, 1.0] | train det 0.1649 seg 0.1213 cnt 2.8210
[stage1] epoch 41/100 step 40 | loss 7.1268 | w [15.0, 8.0, 1.0] | train det 0.1505 seg 0.1563 cnt 3.6184
[stage1] epoch 41/100 step 41 | loss 7.1726 | w [15.0, 8.0, 1.0] | train det 0.1411 seg 0.1135 cnt 4.1489
[stage1] epoch 41/100 step 42 | loss 9.0351 | w [15.0, 8.0, 1.0] | train det 0.1941 seg 0.0752 cnt 5.5212
[stage1] epoch 41/100 step 43 | loss 7.4940 | w [15.0, 8.0, 1.0] | train det 0.0920 seg 0.1158 cnt 5.1877
[stage1] epoch 41/100 | train 9.0988 | det 0.1863 seg 0.1595 cnt 5.0281
[stage1] epoch 42/100 step 1 | loss 7.2381 | w [15.0, 8.0, 1.0] | train det 0.2207 seg 0.1106 cnt 3.0418
[stage1] epoch 42/100 step 2 | loss 6.3416 | w [15.0, 8.0, 1.0] | train det 0.2170 seg 0.1400 cnt 1.9662
[stage1] epoch 42/100 step 3 | loss 8.1828 | w [15.0, 8.0, 1.0] | train det 0.3088 seg 0.1699 cnt 2.1914
[stage1] epoch 42/100 step 4 | loss 16.2306 | w [15.0, 8.0, 1.0] | train det 0.7054 seg 0.2347 cnt 3.7725
[stage1] epoch 42/100 step 5 | loss 5.0920 | w [15.0, 8.0, 1.0] | train det 0.1226 seg 0.1055 cnt 2.4097
[stage1] epoch 42/100 step 6 | loss 7.0886 | w [15.0, 8.0, 1.0] | train det 0.2684 seg 0.0686 cnt 2.5128
[stage1] epoch 42/100 step 7 | loss 6.9474 | w [15.0, 8.0, 1.0] | train det 0.0678 seg 0.1196 cnt 4.9740
[stage1] epoch 42/100 step 8 | loss 12.3797 | w [15.0, 8.0, 1.0] | train det 0.1105 seg 0.0855 cnt 10.0389
[stage1] epoch 42/100 step 9 | loss 7.9145 | w [15.0, 8.0, 1.0] | train det 0.0759 seg 0.2388 cnt 4.8652
[stage1] epoch 42/100 step 10 | loss 9.8129 | w [15.0, 8.0, 1.0] | train det 0.3805 seg 0.1275 cnt 3.0853
[stage1] epoch 42/100 step 11 | loss 8.9150 | w [15.0, 8.0, 1.0] | train det 0.0641 seg 0.2595 cnt 5.8782
[stage1] epoch 42/100 step 12 | loss 6.0503 | w [15.0, 8.0, 1.0] | train det 0.0751 seg 0.1590 cnt 3.6512
[stage1] epoch 42/100 step 13 | loss 8.4113 | w [15.0, 8.0, 1.0] | train det 0.1303 seg 0.1406 cnt 5.3322
[stage1] epoch 42/100 step 14 | loss 13.1233 | w [15.0, 8.0, 1.0] | train det 0.2840 seg 0.0413 cnt 8.5323
[stage1] epoch 42/100 step 15 | loss 9.5552 | w [15.0, 8.0, 1.0] | train det 0.2604 seg 0.4236 cnt 2.2609
[stage1] epoch 42/100 step 16 | loss 5.8087 | w [15.0, 8.0, 1.0] | train det 0.0525 seg 0.0716 cnt 4.4483
[stage1] epoch 42/100 step 17 | loss 8.5881 | w [15.0, 8.0, 1.0] | train det 0.0609 seg 0.1025 cnt 6.8538
[stage1] epoch 42/100 step 18 | loss 10.2009 | w [15.0, 8.0, 1.0] | train det 0.1432 seg 0.2374 cnt 6.1528
[stage1] epoch 42/100 step 19 | loss 6.2108 | w [15.0, 8.0, 1.0] | train det 0.1192 seg 0.1238 cnt 3.4324
[stage1] epoch 42/100 step 20 | loss 14.4900 | w [15.0, 8.0, 1.0] | train det 0.1698 seg 0.2232 cnt 10.1576
[stage1] epoch 42/100 step 21 | loss 7.1070 | w [15.0, 8.0, 1.0] | train det 0.1222 seg 0.1931 cnt 3.7282
[stage1] epoch 42/100 step 22 | loss 7.9250 | w [15.0, 8.0, 1.0] | train det 0.0995 seg 0.1594 cnt 5.1580
[stage1] epoch 42/100 step 23 | loss 13.3102 | w [15.0, 8.0, 1.0] | train det 0.0806 seg 0.1457 cnt 10.9361
[stage1] epoch 42/100 step 24 | loss 8.2244 | w [15.0, 8.0, 1.0] | train det 0.1757 seg 0.1442 cnt 4.4354
[stage1] epoch 42/100 step 25 | loss 7.3533 | w [15.0, 8.0, 1.0] | train det 0.0684 seg 0.2135 cnt 4.6197
[stage1] epoch 42/100 step 26 | loss 7.5574 | w [15.0, 8.0, 1.0] | train det 0.1929 seg 0.1142 cnt 3.7512
[stage1] epoch 42/100 step 27 | loss 6.6262 | w [15.0, 8.0, 1.0] | train det 0.1649 seg 0.2343 cnt 2.2776
[stage1] epoch 42/100 step 28 | loss 6.7968 | w [15.0, 8.0, 1.0] | train det 0.2149 seg 0.0525 cnt 3.1534
[stage1] epoch 42/100 step 29 | loss 5.7985 | w [15.0, 8.0, 1.0] | train det 0.1134 seg 0.2297 cnt 2.2606
[stage1] epoch 42/100 step 30 | loss 9.2323 | w [15.0, 8.0, 1.0] | train det 0.2929 seg 0.3033 cnt 2.4124
[stage1] epoch 42/100 step 31 | loss 8.3663 | w [15.0, 8.0, 1.0] | train det 0.0565 seg 0.2188 cnt 5.7681
[stage1] epoch 42/100 step 32 | loss 8.6600 | w [15.0, 8.0, 1.0] | train det 0.0772 seg 0.0874 cnt 6.8018
[stage1] epoch 42/100 step 33 | loss 6.8728 | w [15.0, 8.0, 1.0] | train det 0.0832 seg 0.1516 cnt 4.4118
[stage1] epoch 42/100 step 34 | loss 9.5228 | w [15.0, 8.0, 1.0] | train det 0.2967 seg 0.1696 cnt 3.7159
[stage1] epoch 42/100 step 35 | loss 13.0887 | w [15.0, 8.0, 1.0] | train det 0.2917 seg 0.1551 cnt 7.4730
[stage1] epoch 42/100 step 36 | loss 9.1776 | w [15.0, 8.0, 1.0] | train det 0.3702 seg 0.0435 cnt 3.2771
[stage1] epoch 42/100 step 37 | loss 7.5484 | w [15.0, 8.0, 1.0] | train det 0.2158 seg 0.1488 cnt 3.1203
[stage1] epoch 42/100 step 38 | loss 11.7108 | w [15.0, 8.0, 1.0] | train det 0.2472 seg 0.2289 cnt 6.1721
[stage1] epoch 42/100 step 39 | loss 9.0326 | w [15.0, 8.0, 1.0] | train det 0.3450 seg 0.2534 cnt 1.8294
[stage1] epoch 42/100 step 40 | loss 13.9849 | w [15.0, 8.0, 1.0] | train det 0.7144 seg 0.0637 cnt 2.7597
[stage1] epoch 42/100 step 41 | loss 10.3660 | w [15.0, 8.0, 1.0] | train det 0.0958 seg 0.1748 cnt 7.5306
[stage1] epoch 42/100 step 42 | loss 9.6236 | w [15.0, 8.0, 1.0] | train det 0.2050 seg 0.1483 cnt 5.3624
[stage1] epoch 42/100 step 43 | loss 5.5790 | w [15.0, 8.0, 1.0] | train det 0.0594 seg 0.2465 cnt 2.7159
[stage1] epoch 42/100 | train 8.8848 | det 0.1958 seg 0.1643 cnt 4.6332
[stage1] epoch 43/100 step 1 | loss 6.7777 | w [15.0, 8.0, 1.0] | train det 0.1203 seg 0.1593 cnt 3.6992
[stage1] epoch 43/100 step 2 | loss 6.6293 | w [15.0, 8.0, 1.0] | train det 0.0762 seg 0.1514 cnt 4.2749
[stage1] epoch 43/100 step 3 | loss 9.4395 | w [15.0, 8.0, 1.0] | train det 0.0710 seg 0.1227 cnt 7.3928
[stage1] epoch 43/100 step 4 | loss 5.1009 | w [15.0, 8.0, 1.0] | train det 0.0816 seg 0.2367 cnt 1.9835
[stage1] epoch 43/100 step 5 | loss 8.1716 | w [15.0, 8.0, 1.0] | train det 0.3224 seg 0.1632 cnt 2.0293
[stage1] epoch 43/100 step 6 | loss 8.2068 | w [15.0, 8.0, 1.0] | train det 0.1149 seg 0.1190 cnt 5.5307
[stage1] epoch 43/100 step 7 | loss 8.0879 | w [15.0, 8.0, 1.0] | train det 0.2482 seg 0.1742 cnt 2.9717
[stage1] epoch 43/100 step 8 | loss 19.9042 | w [15.0, 8.0, 1.0] | train det 0.4654 seg 0.2377 cnt 11.0216
[stage1] epoch 43/100 step 9 | loss 9.2642 | w [15.0, 8.0, 1.0] | train det 0.3550 seg 0.1231 cnt 2.9544
[stage1] epoch 43/100 step 10 | loss 9.0258 | w [15.0, 8.0, 1.0] | train det 0.1591 seg 0.0673 cnt 6.1001
[stage1] epoch 43/100 step 11 | loss 4.7955 | w [15.0, 8.0, 1.0] | train det 0.0432 seg 0.1102 cnt 3.2659
[stage1] epoch 43/100 step 12 | loss 4.9364 | w [15.0, 8.0, 1.0] | train det 0.0508 seg 0.1806 cnt 2.7290
[stage1] epoch 43/100 step 13 | loss 6.7560 | w [15.0, 8.0, 1.0] | train det 0.0415 seg 0.3310 cnt 3.4863
[stage1] epoch 43/100 step 14 | loss 12.4944 | w [15.0, 8.0, 1.0] | train det 0.1153 seg 0.1251 cnt 9.7641
[stage1] epoch 43/100 step 15 | loss 7.1161 | w [15.0, 8.0, 1.0] | train det 0.0907 seg 0.2064 cnt 4.1048
[stage1] epoch 43/100 step 16 | loss 8.9576 | w [15.0, 8.0, 1.0] | train det 0.0700 seg 0.2239 cnt 6.1169
[stage1] epoch 43/100 step 17 | loss 8.8503 | w [15.0, 8.0, 1.0] | train det 0.1479 seg 0.2276 cnt 4.8105
[stage1] epoch 43/100 step 18 | loss 9.4292 | w [15.0, 8.0, 1.0] | train det 0.1841 seg 0.1385 cnt 5.5601
[stage1] epoch 43/100 step 19 | loss 6.3958 | w [15.0, 8.0, 1.0] | train det 0.0814 seg 0.2425 cnt 3.2350
[stage1] epoch 43/100 step 20 | loss 18.8000 | w [15.0, 8.0, 1.0] | train det 0.7839 seg 0.1733 cnt 5.6550
[stage1] epoch 43/100 step 21 | loss 10.4698 | w [15.0, 8.0, 1.0] | train det 0.1103 seg 0.1762 cnt 7.4056
[stage1] epoch 43/100 step 22 | loss 8.7469 | w [15.0, 8.0, 1.0] | train det 0.0957 seg 0.1604 cnt 6.0283
[stage1] epoch 43/100 step 23 | loss 5.2587 | w [15.0, 8.0, 1.0] | train det 0.1840 seg 0.1720 cnt 1.1230
[stage1] epoch 43/100 step 24 | loss 6.9321 | w [15.0, 8.0, 1.0] | train det 0.1631 seg 0.1468 cnt 3.3120
[stage1] epoch 43/100 step 25 | loss 6.6368 | w [15.0, 8.0, 1.0] | train det 0.1618 seg 0.1012 cnt 3.4001
[stage1] epoch 43/100 step 26 | loss 6.6468 | w [15.0, 8.0, 1.0] | train det 0.0721 seg 0.1997 cnt 3.9677
[stage1] epoch 43/100 step 27 | loss 9.1443 | w [15.0, 8.0, 1.0] | train det 0.0759 seg 0.1359 cnt 6.9179
[stage1] epoch 43/100 step 28 | loss 4.5587 | w [15.0, 8.0, 1.0] | train det 0.1154 seg 0.1174 cnt 1.8883
[stage1] epoch 43/100 step 29 | loss 4.7038 | w [15.0, 8.0, 1.0] | train det 0.0821 seg 0.0940 cnt 2.7205
[stage1] epoch 43/100 step 30 | loss 9.4625 | w [15.0, 8.0, 1.0] | train det 0.1841 seg 0.1954 cnt 5.1386
[stage1] epoch 43/100 step 31 | loss 5.2726 | w [15.0, 8.0, 1.0] | train det 0.0843 seg 0.1705 cnt 2.6433
[stage1] epoch 43/100 step 32 | loss 13.3305 | w [15.0, 8.0, 1.0] | train det 0.0946 seg 0.1890 cnt 10.3989
[stage1] epoch 43/100 step 33 | loss 5.5328 | w [15.0, 8.0, 1.0] | train det 0.0200 seg 0.2022 cnt 3.6154
[stage1] epoch 43/100 step 34 | loss 13.8735 | w [15.0, 8.0, 1.0] | train det 0.5160 seg 0.1469 cnt 4.9580
[stage1] epoch 43/100 step 35 | loss 18.1937 | w [15.0, 8.0, 1.0] | train det 0.9320 seg 0.1101 cnt 3.3327
[stage1] epoch 43/100 step 36 | loss 21.2079 | w [15.0, 8.0, 1.0] | train det 1.1532 seg 0.1498 cnt 2.7119
[stage1] epoch 43/100 step 37 | loss 6.3080 | w [15.0, 8.0, 1.0] | train det 0.1199 seg 0.1524 cnt 3.2911
[stage1] epoch 43/100 step 38 | loss 11.2720 | w [15.0, 8.0, 1.0] | train det 0.0798 seg 0.1523 cnt 8.8564
[stage1] epoch 43/100 step 39 | loss 6.2371 | w [15.0, 8.0, 1.0] | train det 0.0466 seg 0.0503 cnt 5.1353
[stage1] epoch 43/100 step 40 | loss 7.8246 | w [15.0, 8.0, 1.0] | train det 0.0976 seg 0.1847 cnt 4.8824
[stage1] epoch 43/100 step 41 | loss 10.0364 | w [15.0, 8.0, 1.0] | train det 0.2864 seg 0.1580 cnt 4.4760
[stage1] epoch 43/100 step 42 | loss 6.6087 | w [15.0, 8.0, 1.0] | train det 0.1178 seg 0.1192 cnt 3.8882
[stage1] epoch 43/100 step 43 | loss 8.0790 | w [15.0, 8.0, 1.0] | train det 0.2270 seg 0.2023 cnt 3.0551
[stage1] epoch 43/100 | train 8.9646 | det 0.2010 seg 0.1628 cnt 4.6473
[stage1] epoch 44/100 step 1 | loss 7.1694 | w [15.0, 8.0, 1.0] | train det 0.1290 seg 0.1571 cnt 3.9780
[stage1] epoch 44/100 step 2 | loss 8.2838 | w [15.0, 8.0, 1.0] | train det 0.3194 seg 0.1331 cnt 2.4276
[stage1] epoch 44/100 step 3 | loss 6.1012 | w [15.0, 8.0, 1.0] | train det 0.1087 seg 0.1969 cnt 2.8962
[stage1] epoch 44/100 step 4 | loss 15.3894 | w [15.0, 8.0, 1.0] | train det 0.1435 seg 0.3365 cnt 10.5444
[stage1] epoch 44/100 step 5 | loss 7.3649 | w [15.0, 8.0, 1.0] | train det 0.0917 seg 0.1982 cnt 4.4034
[stage1] epoch 44/100 step 6 | loss 6.2603 | w [15.0, 8.0, 1.0] | train det 0.1101 seg 0.1071 cnt 3.7525
[stage1] epoch 44/100 step 7 | loss 15.4002 | w [15.0, 8.0, 1.0] | train det 0.3645 seg 0.1352 cnt 8.8515
[stage1] epoch 44/100 step 8 | loss 3.5851 | w [15.0, 8.0, 1.0] | train det 0.0595 seg 0.1681 cnt 1.3475
[stage1] epoch 44/100 step 9 | loss 6.3660 | w [15.0, 8.0, 1.0] | train det 0.1624 seg 0.1464 cnt 2.7593
[stage1] epoch 44/100 step 10 | loss 6.9394 | w [15.0, 8.0, 1.0] | train det 0.1138 seg 0.1390 cnt 4.1199
[stage1] epoch 44/100 step 11 | loss 11.3702 | w [15.0, 8.0, 1.0] | train det 0.1510 seg 0.1576 cnt 7.8438
[stage1] epoch 44/100 step 12 | loss 9.8439 | w [15.0, 8.0, 1.0] | train det 0.0768 seg 0.1371 cnt 7.5947
[stage1] epoch 44/100 step 13 | loss 10.2730 | w [15.0, 8.0, 1.0] | train det 0.0572 seg 0.2056 cnt 7.7709
[stage1] epoch 44/100 step 14 | loss 6.9272 | w [15.0, 8.0, 1.0] | train det 0.1951 seg 0.2087 cnt 2.3309
[stage1] epoch 44/100 step 15 | loss 12.0910 | w [15.0, 8.0, 1.0] | train det 0.3839 seg 0.1679 cnt 4.9890
[stage1] epoch 44/100 step 16 | loss 12.4707 | w [15.0, 8.0, 1.0] | train det 0.1955 seg 0.1800 cnt 8.0981
[stage1] epoch 44/100 step 17 | loss 10.7689 | w [15.0, 8.0, 1.0] | train det 0.3155 seg 0.0293 cnt 5.8018
[stage1] epoch 44/100 step 18 | loss 20.5139 | w [15.0, 8.0, 1.0] | train det 0.6838 seg 0.2064 cnt 8.6053
[stage1] epoch 44/100 step 19 | loss 12.3693 | w [15.0, 8.0, 1.0] | train det 0.3443 seg 0.1056 cnt 6.3593
[stage1] epoch 44/100 step 20 | loss 7.7800 | w [15.0, 8.0, 1.0] | train det 0.1978 seg 0.1114 cnt 3.9219
[stage1] epoch 44/100 step 21 | loss 4.1889 | w [15.0, 8.0, 1.0] | train det 0.1265 seg 0.1268 cnt 1.2768
[stage1] epoch 44/100 step 22 | loss 8.1642 | w [15.0, 8.0, 1.0] | train det 0.1242 seg 0.2493 cnt 4.3068
[stage1] epoch 44/100 step 23 | loss 9.8047 | w [15.0, 8.0, 1.0] | train det 0.1131 seg 0.2067 cnt 6.4538
[stage1] epoch 44/100 step 24 | loss 7.7484 | w [15.0, 8.0, 1.0] | train det 0.0468 seg 0.2848 cnt 4.7684
[stage1] epoch 44/100 step 25 | loss 8.5649 | w [15.0, 8.0, 1.0] | train det 0.1982 seg 0.0638 cnt 5.0814
[stage1] epoch 44/100 step 26 | loss 8.6232 | w [15.0, 8.0, 1.0] | train det 0.2467 seg 0.3309 cnt 2.2757
[stage1] epoch 44/100 step 27 | loss 3.9439 | w [15.0, 8.0, 1.0] | train det 0.0599 seg 0.1494 cnt 1.8504
[stage1] epoch 44/100 step 28 | loss 10.5540 | w [15.0, 8.0, 1.0] | train det 0.1064 seg 0.1173 cnt 8.0205
[stage1] epoch 44/100 step 29 | loss 10.1437 | w [15.0, 8.0, 1.0] | train det 0.2072 seg 0.1993 cnt 5.4410
[stage1] epoch 44/100 step 30 | loss 5.4803 | w [15.0, 8.0, 1.0] | train det 0.1101 seg 0.1783 cnt 2.4030
[stage1] epoch 44/100 step 31 | loss 13.8921 | w [15.0, 8.0, 1.0] | train det 0.1307 seg 0.1472 cnt 10.7539
[stage1] epoch 44/100 step 32 | loss 5.0641 | w [15.0, 8.0, 1.0] | train det 0.1258 seg 0.1812 cnt 1.7282
[stage1] epoch 44/100 step 33 | loss 4.9506 | w [15.0, 8.0, 1.0] | train det 0.1146 seg 0.0735 cnt 2.6442
[stage1] epoch 44/100 step 34 | loss 13.7184 | w [15.0, 8.0, 1.0] | train det 0.1204 seg 0.1796 cnt 10.4755
[stage1] epoch 44/100 step 35 | loss 16.1125 | w [15.0, 8.0, 1.0] | train det 0.2136 seg 0.1912 cnt 11.3792
[stage1] epoch 44/100 step 36 | loss 10.6276 | w [15.0, 8.0, 1.0] | train det 0.0939 seg 0.3170 cnt 6.6834
[stage1] epoch 44/100 step 37 | loss 11.2448 | w [15.0, 8.0, 1.0] | train det 0.1373 seg 0.2585 cnt 7.1174
[stage1] epoch 44/100 step 38 | loss 8.0900 | w [15.0, 8.0, 1.0] | train det 0.2636 seg 0.1656 cnt 2.8115
[stage1] epoch 44/100 step 39 | loss 9.6823 | w [15.0, 8.0, 1.0] | train det 0.0977 seg 0.2987 cnt 5.8274
[stage1] epoch 44/100 step 40 | loss 9.5572 | w [15.0, 8.0, 1.0] | train det 0.1371 seg 0.0578 cnt 7.0373
[stage1] epoch 44/100 step 41 | loss 6.6473 | w [15.0, 8.0, 1.0] | train det 0.0726 seg 0.1494 cnt 4.3621
[stage1] epoch 44/100 step 42 | loss 10.8687 | w [15.0, 8.0, 1.0] | train det 0.1031 seg 0.2038 cnt 7.6918
[stage1] epoch 44/100 step 43 | loss 14.9841 | w [15.0, 8.0, 1.0] | train det 0.3890 seg 0.1874 cnt 7.6504
[stage1] epoch 44/100 | train 9.5331 | det 0.1754 seg 0.1755 cnt 5.4985
[stage1] epoch 45/100 step 1 | loss 5.9676 | w [15.0, 8.0, 1.0] | train det 0.1014 seg 0.2366 cnt 2.5541
[stage1] epoch 45/100 step 2 | loss 8.1110 | w [15.0, 8.0, 1.0] | train det 0.2165 seg 0.1666 cnt 3.5313
[stage1] epoch 45/100 step 3 | loss 7.9960 | w [15.0, 8.0, 1.0] | train det 0.0808 seg 0.1758 cnt 5.3772
[stage1] epoch 45/100 step 4 | loss 7.2166 | w [15.0, 8.0, 1.0] | train det 0.1683 seg 0.1770 cnt 3.2753
[stage1] epoch 45/100 step 5 | loss 6.2594 | w [15.0, 8.0, 1.0] | train det 0.1376 seg 0.0816 cnt 3.5429
[stage1] epoch 45/100 step 6 | loss 7.4616 | w [15.0, 8.0, 1.0] | train det 0.1209 seg 0.1744 cnt 4.2537
[stage1] epoch 45/100 step 7 | loss 13.8471 | w [15.0, 8.0, 1.0] | train det 0.2540 seg 0.1396 cnt 8.9205
[stage1] epoch 45/100 step 8 | loss 9.0604 | w [15.0, 8.0, 1.0] | train det 0.0847 seg 0.1613 cnt 6.4998
[stage1] epoch 45/100 step 9 | loss 9.5718 | w [15.0, 8.0, 1.0] | train det 0.1983 seg 0.1373 cnt 5.4987
[stage1] epoch 45/100 step 10 | loss 6.0235 | w [15.0, 8.0, 1.0] | train det 0.0934 seg 0.1368 cnt 3.5285
[stage1] epoch 45/100 step 11 | loss 8.7615 | w [15.0, 8.0, 1.0] | train det 0.2235 seg 0.0618 cnt 4.9142
[stage1] epoch 45/100 step 12 | loss 14.1524 | w [15.0, 8.0, 1.0] | train det 0.0341 seg 0.2041 cnt 12.0072
[stage1] epoch 45/100 step 13 | loss 7.8290 | w [15.0, 8.0, 1.0] | train det 0.1517 seg 0.2490 cnt 3.5609
[stage1] epoch 45/100 step 14 | loss 5.4729 | w [15.0, 8.0, 1.0] | train det 0.0386 seg 0.1458 cnt 3.7272
[stage1] epoch 45/100 step 15 | loss 11.6425 | w [15.0, 8.0, 1.0] | train det 0.3511 seg 0.1228 cnt 5.3942
[stage1] epoch 45/100 step 16 | loss 11.5481 | w [15.0, 8.0, 1.0] | train det 0.1419 seg 0.1663 cnt 8.0894
[stage1] epoch 45/100 step 17 | loss 5.4765 | w [15.0, 8.0, 1.0] | train det 0.0513 seg 0.1070 cnt 3.8515
[stage1] epoch 45/100 step 18 | loss 5.8596 | w [15.0, 8.0, 1.0] | train det 0.0568 seg 0.0938 cnt 4.2571
[stage1] epoch 45/100 step 19 | loss 6.4467 | w [15.0, 8.0, 1.0] | train det 0.1218 seg 0.0621 cnt 4.1227
[stage1] epoch 45/100 step 20 | loss 7.1012 | w [15.0, 8.0, 1.0] | train det 0.1814 seg 0.1395 cnt 3.2641
[stage1] epoch 45/100 step 21 | loss 9.1819 | w [15.0, 8.0, 1.0] | train det 0.0992 seg 0.1516 cnt 6.4809
[stage1] epoch 45/100 step 22 | loss 7.8497 | w [15.0, 8.0, 1.0] | train det 0.1743 seg 0.1405 cnt 4.1115
[stage1] epoch 45/100 step 23 | loss 15.7172 | w [15.0, 8.0, 1.0] | train det 0.1091 seg 0.2424 cnt 12.1407
[stage1] epoch 45/100 step 24 | loss 16.2841 | w [15.0, 8.0, 1.0] | train det 0.0880 seg 0.2532 cnt 12.9383
[stage1] epoch 45/100 step 25 | loss 13.5477 | w [15.0, 8.0, 1.0] | train det 0.6883 seg 0.1206 cnt 2.2589
[stage1] epoch 45/100 step 26 | loss 7.2210 | w [15.0, 8.0, 1.0] | train det 0.1554 seg 0.1248 cnt 3.8906
[stage1] epoch 45/100 step 27 | loss 6.6508 | w [15.0, 8.0, 1.0] | train det 0.0609 seg 0.2033 cnt 4.1116
[stage1] epoch 45/100 step 28 | loss 5.3626 | w [15.0, 8.0, 1.0] | train det 0.0839 seg 0.1260 cnt 3.0965
[stage1] epoch 45/100 step 29 | loss 4.3908 | w [15.0, 8.0, 1.0] | train det 0.0516 seg 0.1777 cnt 2.1955
[stage1] epoch 45/100 step 30 | loss 6.9418 | w [15.0, 8.0, 1.0] | train det 0.1247 seg 0.1839 cnt 3.6005
[stage1] epoch 45/100 step 31 | loss 10.7281 | w [15.0, 8.0, 1.0] | train det 0.0975 seg 0.1392 cnt 8.1520
[stage1] epoch 45/100 step 32 | loss 8.5490 | w [15.0, 8.0, 1.0] | train det 0.0799 seg 0.2176 cnt 5.6102
[stage1] epoch 45/100 step 33 | loss 9.5420 | w [15.0, 8.0, 1.0] | train det 0.1798 seg 0.2354 cnt 4.9618
[stage1] epoch 45/100 step 34 | loss 4.8590 | w [15.0, 8.0, 1.0] | train det 0.1173 seg 0.0798 cnt 2.4609
[stage1] epoch 45/100 step 35 | loss 8.9451 | w [15.0, 8.0, 1.0] | train det 0.1718 seg 0.1968 cnt 4.7929
[stage1] epoch 45/100 step 36 | loss 8.7708 | w [15.0, 8.0, 1.0] | train det 0.0307 seg 0.2169 cnt 6.5758
[stage1] epoch 45/100 step 37 | loss 4.9225 | w [15.0, 8.0, 1.0] | train det 0.0638 seg 0.1602 cnt 2.6847
[stage1] epoch 45/100 step 38 | loss 8.4285 | w [15.0, 8.0, 1.0] | train det 0.2225 seg 0.1512 cnt 3.8819
[stage1] epoch 45/100 step 39 | loss 7.4261 | w [15.0, 8.0, 1.0] | train det 0.0720 seg 0.1963 cnt 4.7757
[stage1] epoch 45/100 step 40 | loss 10.3286 | w [15.0, 8.0, 1.0] | train det 0.1210 seg 0.0584 cnt 8.0470
[stage1] epoch 45/100 step 41 | loss 7.9483 | w [15.0, 8.0, 1.0] | train det 0.1372 seg 0.2226 cnt 4.1093
[stage1] epoch 45/100 step 42 | loss 7.7614 | w [15.0, 8.0, 1.0] | train det 0.1076 seg 0.1587 cnt 4.8777
[stage1] epoch 45/100 step 43 | loss 10.4858 | w [15.0, 8.0, 1.0] | train det 0.2299 seg 0.3145 cnt 4.5218
[stage1] epoch 45/100 | train 8.5499 | det 0.1413 seg 0.1630 cnt 5.1267
[stage1] epoch 46/100 step 1 | loss 5.6657 | w [15.0, 8.0, 1.0] | train det 0.1013 seg 0.1231 cnt 3.1618
[stage1] epoch 46/100 step 2 | loss 10.1552 | w [15.0, 8.0, 1.0] | train det 0.1418 seg 0.1701 cnt 6.6674
[stage1] epoch 46/100 step 3 | loss 12.7007 | w [15.0, 8.0, 1.0] | train det 0.1876 seg 0.1443 cnt 8.7333
[stage1] epoch 46/100 step 4 | loss 20.2759 | w [15.0, 8.0, 1.0] | train det 0.8611 seg 0.0511 cnt 6.9501
[stage1] epoch 46/100 step 5 | loss 8.1598 | w [15.0, 8.0, 1.0] | train det 0.0551 seg 0.1447 cnt 6.1764
[stage1] epoch 46/100 step 6 | loss 8.8792 | w [15.0, 8.0, 1.0] | train det 0.3107 seg 0.2131 cnt 2.5130
[stage1] epoch 46/100 step 7 | loss 10.2790 | w [15.0, 8.0, 1.0] | train det 0.1117 seg 0.1403 cnt 7.4815
[stage1] epoch 46/100 step 8 | loss 5.6587 | w [15.0, 8.0, 1.0] | train det 0.1267 seg 0.1291 cnt 2.7257
[stage1] epoch 46/100 step 9 | loss 7.0451 | w [15.0, 8.0, 1.0] | train det 0.0327 seg 0.1163 cnt 5.6236
[stage1] epoch 46/100 step 10 | loss 9.4430 | w [15.0, 8.0, 1.0] | train det 0.0566 seg 0.1561 cnt 7.3456
[stage1] epoch 46/100 step 11 | loss 8.6102 | w [15.0, 8.0, 1.0] | train det 0.2209 seg 0.2051 cnt 3.6566
[stage1] epoch 46/100 step 12 | loss 5.9377 | w [15.0, 8.0, 1.0] | train det 0.0727 seg 0.2870 cnt 2.5509
[stage1] epoch 46/100 step 13 | loss 9.6173 | w [15.0, 8.0, 1.0] | train det 0.1192 seg 0.1080 cnt 6.9654
[stage1] epoch 46/100 step 14 | loss 6.2251 | w [15.0, 8.0, 1.0] | train det 0.0528 seg 0.3176 cnt 2.8920
[stage1] epoch 46/100 step 15 | loss 13.5299 | w [15.0, 8.0, 1.0] | train det 0.0915 seg 0.2440 cnt 10.2045
[stage1] epoch 46/100 step 16 | loss 10.4708 | w [15.0, 8.0, 1.0] | train det 0.4012 seg 0.1227 cnt 3.4708
[stage1] epoch 46/100 step 17 | loss 9.4276 | w [15.0, 8.0, 1.0] | train det 0.3503 seg 0.1402 cnt 3.0525
[stage1] epoch 46/100 step 18 | loss 5.9498 | w [15.0, 8.0, 1.0] | train det 0.1886 seg 0.0920 cnt 2.3847
[stage1] epoch 46/100 step 19 | loss 8.6609 | w [15.0, 8.0, 1.0] | train det 0.1903 seg 0.1328 cnt 4.7446
[stage1] epoch 46/100 step 20 | loss 21.8701 | w [15.0, 8.0, 1.0] | train det 0.9101 seg 0.1619 cnt 6.9232
[stage1] epoch 46/100 step 21 | loss 6.7593 | w [15.0, 8.0, 1.0] | train det 0.1695 seg 0.1133 cnt 3.3112
[stage1] epoch 46/100 step 22 | loss 6.8020 | w [15.0, 8.0, 1.0] | train det 0.1473 seg 0.1257 cnt 3.5878
[stage1] epoch 46/100 step 23 | loss 7.9720 | w [15.0, 8.0, 1.0] | train det 0.1466 seg 0.0831 cnt 5.1079
[stage1] epoch 46/100 step 24 | loss 7.5876 | w [15.0, 8.0, 1.0] | train det 0.1555 seg 0.1489 cnt 4.0631
[stage1] epoch 46/100 step 25 | loss 13.6694 | w [15.0, 8.0, 1.0] | train det 0.7097 seg 0.1590 cnt 1.7525
[stage1] epoch 46/100 step 26 | loss 11.3236 | w [15.0, 8.0, 1.0] | train det 0.1028 seg 0.2982 cnt 7.3954
[stage1] epoch 46/100 step 27 | loss 13.3370 | w [15.0, 8.0, 1.0] | train det 0.0894 seg 0.2279 cnt 10.1726
[stage1] epoch 46/100 step 28 | loss 6.8690 | w [15.0, 8.0, 1.0] | train det 0.0776 seg 0.1098 cnt 4.8264
[stage1] epoch 46/100 step 29 | loss 11.7336 | w [15.0, 8.0, 1.0] | train det 0.1896 seg 0.1918 cnt 7.3553
[stage1] epoch 46/100 step 30 | loss 6.5234 | w [15.0, 8.0, 1.0] | train det 0.0836 seg 0.2781 cnt 3.0450
[stage1] epoch 46/100 step 31 | loss 9.8877 | w [15.0, 8.0, 1.0] | train det 0.0380 seg 0.1290 cnt 8.2860
[stage1] epoch 46/100 step 32 | loss 12.0481 | w [15.0, 8.0, 1.0] | train det 0.5293 seg 0.2528 cnt 2.0861
[stage1] epoch 46/100 step 33 | loss 9.5591 | w [15.0, 8.0, 1.0] | train det 0.1602 seg 0.1482 cnt 5.9701
[stage1] epoch 46/100 step 34 | loss 9.9789 | w [15.0, 8.0, 1.0] | train det 0.0815 seg 0.2222 cnt 6.9787
[stage1] epoch 46/100 step 35 | loss 7.1456 | w [15.0, 8.0, 1.0] | train det 0.1260 seg 0.2373 cnt 3.3566
[stage1] epoch 46/100 step 36 | loss 7.2603 | w [15.0, 8.0, 1.0] | train det 0.1323 seg 0.1348 cnt 4.1973
[stage1] epoch 46/100 step 37 | loss 8.9549 | w [15.0, 8.0, 1.0] | train det 0.0944 seg 0.0863 cnt 6.8495
[stage1] epoch 46/100 step 38 | loss 6.6791 | w [15.0, 8.0, 1.0] | train det 0.1248 seg 0.2716 cnt 2.6339
[stage1] epoch 46/100 step 39 | loss 14.2651 | w [15.0, 8.0, 1.0] | train det 0.2353 seg 0.1178 cnt 9.7929
[stage1] epoch 46/100 step 40 | loss 16.5361 | w [15.0, 8.0, 1.0] | train det 0.8440 seg 0.0654 cnt 3.3533
[stage1] epoch 46/100 step 41 | loss 4.9758 | w [15.0, 8.0, 1.0] | train det 0.0558 seg 0.1524 cnt 2.9201
[stage1] epoch 46/100 step 42 | loss 6.4822 | w [15.0, 8.0, 1.0] | train det 0.2418 seg 0.0552 cnt 2.4125
[stage1] epoch 46/100 step 43 | loss 7.9642 | w [15.0, 8.0, 1.0] | train det 0.1647 seg 0.1351 cnt 4.4135
[stage1] epoch 46/100 | train 9.6018 | det 0.2159 seg 0.1615 cnt 5.0719
[stage1] epoch 47/100 step 1 | loss 53.3289 | w [15.0, 8.0, 1.0] | train det 0.0340 seg 0.1150 cnt 51.8981
[stage1] epoch 47/100 step 2 | loss 7.8424 | w [15.0, 8.0, 1.0] | train det 0.0449 seg 0.1771 cnt 5.7516
[stage1] epoch 47/100 step 3 | loss 7.6131 | w [15.0, 8.0, 1.0] | train det 0.1182 seg 0.1715 cnt 4.4682
[stage1] epoch 47/100 step 4 | loss 13.8287 | w [15.0, 8.0, 1.0] | train det 0.1117 seg 0.1200 cnt 11.1925
[stage1] epoch 47/100 step 5 | loss 3.2093 | w [15.0, 8.0, 1.0] | train det 0.0518 seg 0.1074 cnt 1.5733
[stage1] epoch 47/100 step 6 | loss 12.6821 | w [15.0, 8.0, 1.0] | train det 0.4494 seg 0.1616 cnt 4.6478
[stage1] epoch 47/100 step 7 | loss 5.3104 | w [15.0, 8.0, 1.0] | train det 0.1138 seg 0.1311 cnt 2.5548
[stage1] epoch 47/100 step 8 | loss 6.9142 | w [15.0, 8.0, 1.0] | train det 0.1968 seg 0.2577 cnt 1.9010
[stage1] epoch 47/100 step 9 | loss 4.9747 | w [15.0, 8.0, 1.0] | train det 0.0700 seg 0.1373 cnt 2.8259
[stage1] epoch 47/100 step 10 | loss 9.4115 | w [15.0, 8.0, 1.0] | train det 0.2920 seg 0.1469 cnt 3.8554
[stage1] epoch 47/100 step 11 | loss 3.8533 | w [15.0, 8.0, 1.0] | train det 0.0851 seg 0.1072 cnt 1.7203
[stage1] epoch 47/100 step 12 | loss 7.4542 | w [15.0, 8.0, 1.0] | train det 0.0726 seg 0.2588 cnt 4.2952
[stage1] epoch 47/100 step 13 | loss 7.5791 | w [15.0, 8.0, 1.0] | train det 0.1142 seg 0.1611 cnt 4.5768
[stage1] epoch 47/100 step 14 | loss 9.8436 | w [15.0, 8.0, 1.0] | train det 0.1930 seg 0.0926 cnt 6.2077
[stage1] epoch 47/100 step 15 | loss 14.6602 | w [15.0, 8.0, 1.0] | train det 0.6822 seg 0.1311 cnt 3.3782
[stage1] epoch 47/100 step 16 | loss 7.4701 | w [15.0, 8.0, 1.0] | train det 0.0963 seg 0.2108 cnt 4.3388
[stage1] epoch 47/100 step 17 | loss 19.6398 | w [15.0, 8.0, 1.0] | train det 0.7157 seg 0.1041 cnt 8.0723
[stage1] epoch 47/100 step 18 | loss 10.6849 | w [15.0, 8.0, 1.0] | train det 0.1211 seg 0.1143 cnt 7.9543
[stage1] epoch 47/100 step 19 | loss 10.6410 | w [15.0, 8.0, 1.0] | train det 0.0356 seg 0.1361 cnt 9.0186
[stage1] epoch 47/100 step 20 | loss 4.3409 | w [15.0, 8.0, 1.0] | train det 0.1010 seg 0.1070 cnt 1.9694
[stage1] epoch 47/100 step 21 | loss 7.9727 | w [15.0, 8.0, 1.0] | train det 0.0829 seg 0.1019 cnt 5.9132
[stage1] epoch 47/100 step 22 | loss 8.6357 | w [15.0, 8.0, 1.0] | train det 0.1632 seg 0.0846 cnt 5.5118
[stage1] epoch 47/100 step 23 | loss 5.8660 | w [15.0, 8.0, 1.0] | train det 0.0734 seg 0.0941 cnt 4.0119
[stage1] epoch 47/100 step 24 | loss 4.3465 | w [15.0, 8.0, 1.0] | train det 0.0421 seg 0.0646 cnt 3.1975
[stage1] epoch 47/100 step 25 | loss 61.9312 | w [15.0, 8.0, 1.0] | train det 0.2895 seg 0.1121 cnt 56.6922
[stage1] epoch 47/100 step 26 | loss 9.0089 | w [15.0, 8.0, 1.0] | train det 0.0559 seg 0.0920 cnt 7.4337
[stage1] epoch 47/100 step 27 | loss 11.8871 | w [15.0, 8.0, 1.0] | train det 0.3037 seg 0.3333 cnt 4.6654
[stage1] epoch 47/100 step 28 | loss 19.6059 | w [15.0, 8.0, 1.0] | train det 0.2721 seg 0.1730 cnt 14.1399
[stage1] epoch 47/100 step 29 | loss 4.0603 | w [15.0, 8.0, 1.0] | train det 0.1104 seg 0.0424 cnt 2.0642
[stage1] epoch 47/100 step 30 | loss 9.8477 | w [15.0, 8.0, 1.0] | train det 0.1876 seg 0.2082 cnt 5.3681
[stage1] epoch 47/100 step 31 | loss 7.3399 | w [15.0, 8.0, 1.0] | train det 0.1477 seg 0.1997 cnt 3.5268
[stage1] epoch 47/100 step 32 | loss 5.1802 | w [15.0, 8.0, 1.0] | train det 0.1479 seg 0.1597 cnt 1.6839
[stage1] epoch 47/100 step 33 | loss 7.0828 | w [15.0, 8.0, 1.0] | train det 0.2119 seg 0.1535 cnt 2.6758
[stage1] epoch 47/100 step 34 | loss 7.1278 | w [15.0, 8.0, 1.0] | train det 0.2089 seg 0.0868 cnt 3.3001
[stage1] epoch 47/100 step 35 | loss 3.9049 | w [15.0, 8.0, 1.0] | train det 0.0712 seg 0.1361 cnt 1.7490
[stage1] epoch 47/100 step 36 | loss 5.1888 | w [15.0, 8.0, 1.0] | train det 0.0771 seg 0.0600 cnt 3.5518
[stage1] epoch 47/100 step 37 | loss 6.2465 | w [15.0, 8.0, 1.0] | train det 0.0328 seg 0.2175 cnt 4.0144
[stage1] epoch 47/100 step 38 | loss 8.1348 | w [15.0, 8.0, 1.0] | train det 0.0506 seg 0.1595 cnt 6.0992
[stage1] epoch 47/100 step 39 | loss 6.9815 | w [15.0, 8.0, 1.0] | train det 0.1439 seg 0.1390 cnt 3.7113
[stage1] epoch 47/100 step 40 | loss 9.0879 | w [15.0, 8.0, 1.0] | train det 0.1193 seg 0.3584 cnt 4.4311
[stage1] epoch 47/100 step 41 | loss 13.7657 | w [15.0, 8.0, 1.0] | train det 0.0671 seg 0.1409 cnt 11.6320
[stage1] epoch 47/100 step 42 | loss 15.9792 | w [15.0, 8.0, 1.0] | train det 0.4138 seg 0.1620 cnt 8.4755
[stage1] epoch 47/100 step 43 | loss 10.9790 | w [15.0, 8.0, 1.0] | train det 0.0966 seg 0.0779 cnt 8.9072
[stage1] epoch 47/100 | train 10.9638 | det 0.1644 seg 0.1467 cnt 7.3246
[stage1] epoch 48/100 step 1 | loss 8.9898 | w [15.0, 8.0, 1.0] | train det 0.2457 seg 0.1452 cnt 4.1434
[stage1] epoch 48/100 step 2 | loss 39.0866 | w [15.0, 8.0, 1.0] | train det 0.1713 seg 0.2062 cnt 34.8670
[stage1] epoch 48/100 step 3 | loss 7.4837 | w [15.0, 8.0, 1.0] | train det 0.2817 seg 0.0700 cnt 2.6979
[stage1] epoch 48/100 step 4 | loss 6.8097 | w [15.0, 8.0, 1.0] | train det 0.0548 seg 0.1471 cnt 4.8099
[stage1] epoch 48/100 step 5 | loss 9.5336 | w [15.0, 8.0, 1.0] | train det 0.3549 seg 0.2150 cnt 2.4894
[stage1] epoch 48/100 step 6 | loss 5.5718 | w [15.0, 8.0, 1.0] | train det 0.1132 seg 0.0459 cnt 3.5072
[stage1] epoch 48/100 step 7 | loss 6.6240 | w [15.0, 8.0, 1.0] | train det 0.1089 seg 0.1956 cnt 3.4248
[stage1] epoch 48/100 step 8 | loss 8.6194 | w [15.0, 8.0, 1.0] | train det 0.1425 seg 0.1666 cnt 5.1483
[stage1] epoch 48/100 step 9 | loss 7.9855 | w [15.0, 8.0, 1.0] | train det 0.0671 seg 0.1924 cnt 5.4399
[stage1] epoch 48/100 step 10 | loss 6.6330 | w [15.0, 8.0, 1.0] | train det 0.0754 seg 0.3502 cnt 2.7009
[stage1] epoch 48/100 step 11 | loss 6.6778 | w [15.0, 8.0, 1.0] | train det 0.1463 seg 0.1283 cnt 3.4568
[stage1] epoch 48/100 step 12 | loss 8.9720 | w [15.0, 8.0, 1.0] | train det 0.2469 seg 0.1308 cnt 4.2228
[stage1] epoch 48/100 step 13 | loss 8.2811 | w [15.0, 8.0, 1.0] | train det 0.1781 seg 0.0935 cnt 4.8624
[stage1] epoch 48/100 step 14 | loss 5.3668 | w [15.0, 8.0, 1.0] | train det 0.0743 seg 0.0897 cnt 3.5356
[stage1] epoch 48/100 step 15 | loss 8.5964 | w [15.0, 8.0, 1.0] | train det 0.2115 seg 0.1246 cnt 4.4266
[stage1] epoch 48/100 step 16 | loss 7.3838 | w [15.0, 8.0, 1.0] | train det 0.1095 seg 0.1087 cnt 4.8720
[stage1] epoch 48/100 step 17 | loss 5.5290 | w [15.0, 8.0, 1.0] | train det 0.1169 seg 0.1228 cnt 2.7936
[stage1] epoch 48/100 step 18 | loss 13.5830 | w [15.0, 8.0, 1.0] | train det 0.2889 seg 0.1802 cnt 7.8088
[stage1] epoch 48/100 step 19 | loss 8.8730 | w [15.0, 8.0, 1.0] | train det 0.1690 seg 0.1525 cnt 5.1174
[stage1] epoch 48/100 step 20 | loss 33.7863 | w [15.0, 8.0, 1.0] | train det 0.6041 seg 0.1488 cnt 23.5351
[stage1] epoch 48/100 step 21 | loss 9.8768 | w [15.0, 8.0, 1.0] | train det 0.1376 seg 0.1638 cnt 6.5018
[stage1] epoch 48/100 step 22 | loss 5.6387 | w [15.0, 8.0, 1.0] | train det 0.1640 seg 0.0805 cnt 2.5346
[stage1] epoch 48/100 step 23 | loss 5.5415 | w [15.0, 8.0, 1.0] | train det 0.0439 seg 0.1028 cnt 4.0615
[stage1] epoch 48/100 step 24 | loss 5.1245 | w [15.0, 8.0, 1.0] | train det 0.0665 seg 0.0905 cnt 3.4030
[stage1] epoch 48/100 step 25 | loss 5.8023 | w [15.0, 8.0, 1.0] | train det 0.1062 seg 0.1114 cnt 3.3184
[stage1] epoch 48/100 step 26 | loss 61.2339 | w [15.0, 8.0, 1.0] | train det 0.1682 seg 0.1970 cnt 57.1347
[stage1] epoch 48/100 step 27 | loss 4.8476 | w [15.0, 8.0, 1.0] | train det 0.0527 seg 0.2133 cnt 2.3504
[stage1] epoch 48/100 step 28 | loss 8.4398 | w [15.0, 8.0, 1.0] | train det 0.1953 seg 0.1139 cnt 4.5991
[stage1] epoch 48/100 step 29 | loss 6.3198 | w [15.0, 8.0, 1.0] | train det 0.1643 seg 0.1488 cnt 2.6646
[stage1] epoch 48/100 step 30 | loss 4.1551 | w [15.0, 8.0, 1.0] | train det 0.0607 seg 0.0486 cnt 2.8554
[stage1] epoch 48/100 step 31 | loss 16.7994 | w [15.0, 8.0, 1.0] | train det 0.6984 seg 0.2567 cnt 4.2702
[stage1] epoch 48/100 step 32 | loss 8.6658 | w [15.0, 8.0, 1.0] | train det 0.2173 seg 0.1485 cnt 4.2181
[stage1] epoch 48/100 step 33 | loss 6.6586 | w [15.0, 8.0, 1.0] | train det 0.0428 seg 0.1307 cnt 4.9711
[stage1] epoch 48/100 step 34 | loss 7.1735 | w [15.0, 8.0, 1.0] | train det 0.1913 seg 0.1983 cnt 2.7172
[stage1] epoch 48/100 step 35 | loss 12.2714 | w [15.0, 8.0, 1.0] | train det 0.5008 seg 0.1654 cnt 3.4362
[stage1] epoch 48/100 step 36 | loss 6.4900 | w [15.0, 8.0, 1.0] | train det 0.0933 seg 0.1038 cnt 4.2603
[stage1] epoch 48/100 step 37 | loss 12.4324 | w [15.0, 8.0, 1.0] | train det 0.2950 seg 0.2253 cnt 6.2043
[stage1] epoch 48/100 step 38 | loss 6.9290 | w [15.0, 8.0, 1.0] | train det 0.1543 seg 0.1687 cnt 3.2651
[stage1] epoch 48/100 step 39 | loss 8.9735 | w [15.0, 8.0, 1.0] | train det 0.2503 seg 0.1106 cnt 4.3339
[stage1] epoch 48/100 step 40 | loss 6.7259 | w [15.0, 8.0, 1.0] | train det 0.0558 seg 0.1184 cnt 4.9408
[stage1] epoch 48/100 step 41 | loss 9.2726 | w [15.0, 8.0, 1.0] | train det 0.3451 seg 0.1627 cnt 2.7944
[stage1] epoch 48/100 step 42 | loss 12.2410 | w [15.0, 8.0, 1.0] | train det 0.0750 seg 0.0833 cnt 10.4493
[stage1] epoch 48/100 step 43 | loss 11.1495 | w [15.0, 8.0, 1.0] | train det 0.1181 seg 0.3420 cnt 6.6421
[stage1] epoch 48/100 | train 10.6314 | det 0.1851 seg 0.1511 cnt 6.6462
[stage1] epoch 49/100 step 1 | loss 13.9838 | w [15.0, 8.0, 1.0] | train det 0.1517 seg 0.2962 cnt 9.3395
[stage1] epoch 49/100 step 2 | loss 10.9088 | w [15.0, 8.0, 1.0] | train det 0.1148 seg 0.1955 cnt 7.6237
[stage1] epoch 49/100 step 3 | loss 15.8943 | w [15.0, 8.0, 1.0] | train det 0.8158 seg 0.1760 cnt 2.2498
[stage1] epoch 49/100 step 4 | loss 5.0094 | w [15.0, 8.0, 1.0] | train det 0.0526 seg 0.2360 cnt 2.3327
[stage1] epoch 49/100 step 5 | loss 4.6342 | w [15.0, 8.0, 1.0] | train det 0.0828 seg 0.1061 cnt 2.5433
[stage1] epoch 49/100 step 6 | loss 6.2994 | w [15.0, 8.0, 1.0] | train det 0.0393 seg 0.0776 cnt 5.0893
[stage1] epoch 49/100 step 7 | loss 4.5934 | w [15.0, 8.0, 1.0] | train det 0.0979 seg 0.1343 cnt 2.0500
[stage1] epoch 49/100 step 8 | loss 9.1608 | w [15.0, 8.0, 1.0] | train det 0.2539 seg 0.0765 cnt 4.7395
[stage1] epoch 49/100 step 9 | loss 10.1883 | w [15.0, 8.0, 1.0] | train det 0.1450 seg 0.0704 cnt 7.4495
[stage1] epoch 49/100 step 10 | loss 8.4096 | w [15.0, 8.0, 1.0] | train det 0.1577 seg 0.0587 cnt 5.5737
[stage1] epoch 49/100 step 11 | loss 14.6412 | w [15.0, 8.0, 1.0] | train det 0.2381 seg 0.0823 cnt 10.4112
[stage1] epoch 49/100 step 12 | loss 16.2266 | w [15.0, 8.0, 1.0] | train det 0.0817 seg 0.1079 cnt 14.1375
[stage1] epoch 49/100 step 13 | loss 6.3895 | w [15.0, 8.0, 1.0] | train det 0.0992 seg 0.0503 cnt 4.4984
[stage1] epoch 49/100 step 14 | loss 13.4836 | w [15.0, 8.0, 1.0] | train det 0.2520 seg 0.3101 cnt 7.2231
[stage1] epoch 49/100 step 15 | loss 4.8338 | w [15.0, 8.0, 1.0] | train det 0.1130 seg 0.1251 cnt 2.1379
[stage1] epoch 49/100 step 16 | loss 7.0446 | w [15.0, 8.0, 1.0] | train det 0.1181 seg 0.2501 cnt 3.2727
[stage1] epoch 49/100 step 17 | loss 10.0484 | w [15.0, 8.0, 1.0] | train det 0.0871 seg 0.1851 cnt 7.2603
[stage1] epoch 49/100 step 18 | loss 5.2691 | w [15.0, 8.0, 1.0] | train det 0.1264 seg 0.1327 cnt 2.3107
[stage1] epoch 49/100 step 19 | loss 7.5286 | w [15.0, 8.0, 1.0] | train det 0.1412 seg 0.1780 cnt 3.9864
[stage1] epoch 49/100 step 20 | loss 8.7416 | w [15.0, 8.0, 1.0] | train det 0.1287 seg 0.1495 cnt 5.6143
[stage1] epoch 49/100 step 21 | loss 9.3151 | w [15.0, 8.0, 1.0] | train det 0.1396 seg 0.0537 cnt 6.7906
[stage1] epoch 49/100 step 22 | loss 21.8597 | w [15.0, 8.0, 1.0] | train det 0.8686 seg 0.1838 cnt 7.3600
[stage1] epoch 49/100 step 23 | loss 7.9028 | w [15.0, 8.0, 1.0] | train det 0.1717 seg 0.1922 cnt 3.7902
[stage1] epoch 49/100 step 24 | loss 4.8606 | w [15.0, 8.0, 1.0] | train det 0.0785 seg 0.1120 cnt 2.7873
[stage1] epoch 49/100 step 25 | loss 16.7153 | w [15.0, 8.0, 1.0] | train det 0.4762 seg 0.1264 cnt 8.5609
[stage1] epoch 49/100 step 26 | loss 13.7415 | w [15.0, 8.0, 1.0] | train det 0.0502 seg 0.1023 cnt 12.1706
[stage1] epoch 49/100 step 27 | loss 11.9804 | w [15.0, 8.0, 1.0] | train det 0.4581 seg 0.1827 cnt 3.6473
[stage1] epoch 49/100 step 28 | loss 8.8825 | w [15.0, 8.0, 1.0] | train det 0.3339 seg 0.2011 cnt 2.2648
[stage1] epoch 49/100 step 29 | loss 5.4395 | w [15.0, 8.0, 1.0] | train det 0.1003 seg 0.1601 cnt 2.6542
[stage1] epoch 49/100 step 30 | loss 10.1413 | w [15.0, 8.0, 1.0] | train det 0.2030 seg 0.0908 cnt 6.3693
[stage1] epoch 49/100 step 31 | loss 6.5395 | w [15.0, 8.0, 1.0] | train det 0.0896 seg 0.2489 cnt 3.2033
[stage1] epoch 49/100 step 32 | loss 10.0412 | w [15.0, 8.0, 1.0] | train det 0.1560 seg 0.2201 cnt 5.9401
[stage1] epoch 49/100 step 33 | loss 6.6068 | w [15.0, 8.0, 1.0] | train det 0.1110 seg 0.0509 cnt 4.5350
[stage1] epoch 49/100 step 34 | loss 14.0411 | w [15.0, 8.0, 1.0] | train det 0.2294 seg 0.1103 cnt 9.7174
[stage1] epoch 49/100 step 35 | loss 14.6711 | w [15.0, 8.0, 1.0] | train det 0.2540 seg 0.1360 cnt 9.7742
[stage1] epoch 49/100 step 36 | loss 16.0290 | w [15.0, 8.0, 1.0] | train det 0.0692 seg 0.3342 cnt 12.3168
[stage1] epoch 49/100 step 37 | loss 6.8107 | w [15.0, 8.0, 1.0] | train det 0.1472 seg 0.1084 cnt 3.7356
[stage1] epoch 49/100 step 38 | loss 8.5280 | w [15.0, 8.0, 1.0] | train det 0.1382 seg 0.1828 cnt 4.9929
[stage1] epoch 49/100 step 39 | loss 17.6281 | w [15.0, 8.0, 1.0] | train det 0.9094 seg 0.1781 cnt 2.5626
[stage1] epoch 49/100 step 40 | loss 6.4493 | w [15.0, 8.0, 1.0] | train det 0.0812 seg 0.2431 cnt 3.2865
[stage1] epoch 49/100 step 41 | loss 10.3409 | w [15.0, 8.0, 1.0] | train det 0.0949 seg 0.2037 cnt 7.2885
[stage1] epoch 49/100 step 42 | loss 4.9129 | w [15.0, 8.0, 1.0] | train det 0.0350 seg 0.1711 cnt 3.0183
[stage1] epoch 49/100 step 43 | loss 6.1500 | w [15.0, 8.0, 1.0] | train det 0.0706 seg 0.1359 cnt 4.0029
[stage1] epoch 49/100 | train 9.8343 | det 0.1991 seg 0.1564 cnt 5.5956
[stage1] epoch 50/100 step 1 | loss 8.2979 | w [15.0, 8.0, 1.0] | train det 0.0884 seg 0.2992 cnt 4.5789
[stage1] epoch 50/100 step 2 | loss 6.0829 | w [15.0, 8.0, 1.0] | train det 0.1074 seg 0.1770 cnt 3.0562
[stage1] epoch 50/100 step 3 | loss 6.0268 | w [15.0, 8.0, 1.0] | train det 0.1201 seg 0.3259 cnt 1.6175
[stage1] epoch 50/100 step 4 | loss 12.9424 | w [15.0, 8.0, 1.0] | train det 0.5359 seg 0.1578 cnt 3.6408
[stage1] epoch 50/100 step 5 | loss 4.4329 | w [15.0, 8.0, 1.0] | train det 0.0385 seg 0.1675 cnt 2.5161
[stage1] epoch 50/100 step 6 | loss 3.4966 | w [15.0, 8.0, 1.0] | train det 0.0620 seg 0.1008 cnt 1.7604
[stage1] epoch 50/100 step 7 | loss 10.0192 | w [15.0, 8.0, 1.0] | train det 0.0714 seg 0.1515 cnt 7.7369
[stage1] epoch 50/100 step 8 | loss 7.7336 | w [15.0, 8.0, 1.0] | train det 0.0891 seg 0.1288 cnt 5.3671
[stage1] epoch 50/100 step 9 | loss 14.3196 | w [15.0, 8.0, 1.0] | train det 0.1475 seg 0.1136 cnt 11.1974
[stage1] epoch 50/100 step 10 | loss 15.9449 | w [15.0, 8.0, 1.0] | train det 0.6298 seg 0.1326 cnt 5.4373
[stage1] epoch 50/100 step 11 | loss 8.1626 | w [15.0, 8.0, 1.0] | train det 0.0805 seg 0.1199 cnt 5.9969
[stage1] epoch 50/100 step 12 | loss 6.5822 | w [15.0, 8.0, 1.0] | train det 0.1060 seg 0.1965 cnt 3.4202
[stage1] epoch 50/100 step 13 | loss 7.7979 | w [15.0, 8.0, 1.0] | train det 0.1064 seg 0.1258 cnt 5.1951
[stage1] epoch 50/100 step 14 | loss 3.6606 | w [15.0, 8.0, 1.0] | train det 0.0449 seg 0.1787 cnt 1.5572
[stage1] epoch 50/100 step 15 | loss 7.1211 | w [15.0, 8.0, 1.0] | train det 0.1333 seg 0.1727 cnt 3.7398
[stage1] epoch 50/100 step 16 | loss 11.5101 | w [15.0, 8.0, 1.0] | train det 0.2309 seg 0.0590 cnt 7.5747
[stage1] epoch 50/100 step 17 | loss 9.3232 | w [15.0, 8.0, 1.0] | train det 0.3771 seg 0.1018 cnt 2.8520
[stage1] epoch 50/100 step 18 | loss 4.6062 | w [15.0, 8.0, 1.0] | train det 0.0633 seg 0.1248 cnt 2.6583
[stage1] epoch 50/100 step 19 | loss 15.7723 | w [15.0, 8.0, 1.0] | train det 0.2703 seg 0.1796 cnt 10.2813
[stage1] epoch 50/100 step 20 | loss 14.4688 | w [15.0, 8.0, 1.0] | train det 0.1719 seg 0.1575 cnt 10.6307
[stage1] epoch 50/100 step 21 | loss 9.4857 | w [15.0, 8.0, 1.0] | train det 0.2544 seg 0.3945 cnt 2.5132
[stage1] epoch 50/100 step 22 | loss 7.0524 | w [15.0, 8.0, 1.0] | train det 0.1139 seg 0.1553 cnt 4.1011
[stage1] epoch 50/100 step 23 | loss 7.4119 | w [15.0, 8.0, 1.0] | train det 0.0964 seg 0.1057 cnt 5.1208
[stage1] epoch 50/100 step 24 | loss 8.4724 | w [15.0, 8.0, 1.0] | train det 0.2666 seg 0.3055 cnt 2.0289
[stage1] epoch 50/100 step 25 | loss 7.0401 | w [15.0, 8.0, 1.0] | train det 0.0892 seg 0.2204 cnt 3.9383
[stage1] epoch 50/100 step 26 | loss 5.3409 | w [15.0, 8.0, 1.0] | train det 0.0511 seg 0.2078 cnt 2.9117
[stage1] epoch 50/100 step 27 | loss 3.8968 | w [15.0, 8.0, 1.0] | train det 0.0312 seg 0.1905 cnt 1.9052
[stage1] epoch 50/100 step 28 | loss 6.4971 | w [15.0, 8.0, 1.0] | train det 0.1231 seg 0.1631 cnt 3.3454
[stage1] epoch 50/100 step 29 | loss 15.7724 | w [15.0, 8.0, 1.0] | train det 0.7739 seg 0.1083 cnt 3.2973
[stage1] epoch 50/100 step 30 | loss 4.1075 | w [15.0, 8.0, 1.0] | train det 0.0453 seg 0.1088 cnt 2.5570
[stage1] epoch 50/100 step 31 | loss 7.3637 | w [15.0, 8.0, 1.0] | train det 0.0624 seg 0.1502 cnt 5.2257
[stage1] epoch 50/100 step 32 | loss 9.0849 | w [15.0, 8.0, 1.0] | train det 0.1047 seg 0.2096 cnt 5.8370
[stage1] epoch 50/100 step 33 | loss 9.4157 | w [15.0, 8.0, 1.0] | train det 0.1293 seg 0.0525 cnt 7.0572
[stage1] epoch 50/100 step 34 | loss 9.8354 | w [15.0, 8.0, 1.0] | train det 0.0798 seg 0.1387 cnt 7.5292
[stage1] epoch 50/100 step 35 | loss 8.6736 | w [15.0, 8.0, 1.0] | train det 0.1258 seg 0.1078 cnt 5.9245
[stage1] epoch 50/100 step 36 | loss 6.6161 | w [15.0, 8.0, 1.0] | train det 0.1210 seg 0.1860 cnt 3.3126
[stage1] epoch 50/100 step 37 | loss 8.8099 | w [15.0, 8.0, 1.0] | train det 0.0767 seg 0.2955 cnt 5.2956
[stage1] epoch 50/100 step 38 | loss 3.0905 | w [15.0, 8.0, 1.0] | train det 0.0987 seg 0.0471 cnt 1.2331
[stage1] epoch 50/100 step 39 | loss 6.4170 | w [15.0, 8.0, 1.0] | train det 0.1069 seg 0.1459 cnt 3.6470
[stage1] epoch 50/100 step 40 | loss 17.2242 | w [15.0, 8.0, 1.0] | train det 0.5904 seg 0.1634 cnt 7.0606
[stage1] epoch 50/100 step 41 | loss 3.2982 | w [15.0, 8.0, 1.0] | train det 0.0390 seg 0.0288 cnt 2.4826
[stage1] epoch 50/100 step 42 | loss 6.0014 | w [15.0, 8.0, 1.0] | train det 0.0812 seg 0.3410 cnt 2.0558
[stage1] epoch 50/100 step 43 | loss 12.8931 | w [15.0, 8.0, 1.0] | train det 0.0807 seg 0.2009 cnt 10.0750
[stage1] epoch 50/100 | train 8.4210 | det 0.1632 seg 0.1674 cnt 4.6342
[stage1] epoch 51/100 step 1 | loss 20.3897 | w [15.0, 8.0, 1.0] | train det 0.8432 seg 0.4090 cnt 4.4692
[stage1] epoch 51/100 step 2 | loss 6.6118 | w [15.0, 8.0, 1.0] | train det 0.1417 seg 0.1287 cnt 3.4560
[stage1] epoch 51/100 step 3 | loss 7.3255 | w [15.0, 8.0, 1.0] | train det 0.2186 seg 0.1361 cnt 2.9581
[stage1] epoch 51/100 step 4 | loss 10.8553 | w [15.0, 8.0, 1.0] | train det 0.4647 seg 0.1279 cnt 2.8618
[stage1] epoch 51/100 step 5 | loss 12.2607 | w [15.0, 8.0, 1.0] | train det 0.0701 seg 0.1367 cnt 10.1154
[stage1] epoch 51/100 step 6 | loss 8.0856 | w [15.0, 8.0, 1.0] | train det 0.1602 seg 0.0866 cnt 4.9904
[stage1] epoch 51/100 step 7 | loss 9.5467 | w [15.0, 8.0, 1.0] | train det 0.1494 seg 0.1484 cnt 6.1192
[stage1] epoch 51/100 step 8 | loss 11.7916 | w [15.0, 8.0, 1.0] | train det 0.0509 seg 0.1695 cnt 9.6729
[stage1] epoch 51/100 step 9 | loss 10.7138 | w [15.0, 8.0, 1.0] | train det 0.1453 seg 0.1492 cnt 7.3406
[stage1] epoch 51/100 step 10 | loss 6.7443 | w [15.0, 8.0, 1.0] | train det 0.1811 seg 0.1132 cnt 3.1230
[stage1] epoch 51/100 step 11 | loss 6.8507 | w [15.0, 8.0, 1.0] | train det 0.1533 seg 0.1653 cnt 3.2288
[stage1] epoch 51/100 step 12 | loss 6.6960 | w [15.0, 8.0, 1.0] | train det 0.1184 seg 0.1884 cnt 3.4132
[stage1] epoch 51/100 step 13 | loss 14.0412 | w [15.0, 8.0, 1.0] | train det 0.1270 seg 0.1629 cnt 10.8330
[stage1] epoch 51/100 step 14 | loss 9.0700 | w [15.0, 8.0, 1.0] | train det 0.1648 seg 0.1655 cnt 5.2738
[stage1] epoch 51/100 step 15 | loss 9.2058 | w [15.0, 8.0, 1.0] | train det 0.0942 seg 0.0910 cnt 7.0648
[stage1] epoch 51/100 step 16 | loss 12.5042 | w [15.0, 8.0, 1.0] | train det 0.4539 seg 0.1339 cnt 4.6243
[stage1] epoch 51/100 step 17 | loss 15.4108 | w [15.0, 8.0, 1.0] | train det 0.2930 seg 0.2167 cnt 9.2823
[stage1] epoch 51/100 step 18 | loss 8.3693 | w [15.0, 8.0, 1.0] | train det 0.1444 seg 0.1181 cnt 5.2582
[stage1] epoch 51/100 step 19 | loss 13.0396 | w [15.0, 8.0, 1.0] | train det 0.2342 seg 0.0670 cnt 8.9910
[stage1] epoch 51/100 step 20 | loss 3.5691 | w [15.0, 8.0, 1.0] | train det 0.1064 seg 0.0685 cnt 1.4255
[stage1] epoch 51/100 step 21 | loss 11.5307 | w [15.0, 8.0, 1.0] | train det 0.1618 seg 0.1761 cnt 7.6947
[stage1] epoch 51/100 step 22 | loss 13.2069 | w [15.0, 8.0, 1.0] | train det 0.2566 seg 0.2132 cnt 7.6517
[stage1] epoch 51/100 step 23 | loss 10.7176 | w [15.0, 8.0, 1.0] | train det 0.1667 seg 0.0992 cnt 7.4228
[stage1] epoch 51/100 step 24 | loss 12.8173 | w [15.0, 8.0, 1.0] | train det 0.5829 seg 0.0648 cnt 3.5548
[stage1] epoch 51/100 step 25 | loss 8.1837 | w [15.0, 8.0, 1.0] | train det 0.1415 seg 0.1160 cnt 5.1337
[stage1] epoch 51/100 step 26 | loss 10.7566 | w [15.0, 8.0, 1.0] | train det 0.2079 seg 0.0564 cnt 7.1878
[stage1] epoch 51/100 step 27 | loss 6.6333 | w [15.0, 8.0, 1.0] | train det 0.1457 seg 0.1302 cnt 3.4062
[stage1] epoch 51/100 step 28 | loss 5.1095 | w [15.0, 8.0, 1.0] | train det 0.1226 seg 0.0806 cnt 2.6250
[stage1] epoch 51/100 step 29 | loss 11.1264 | w [15.0, 8.0, 1.0] | train det 0.0926 seg 0.1253 cnt 8.7345
[stage1] epoch 51/100 step 30 | loss 6.6974 | w [15.0, 8.0, 1.0] | train det 0.0938 seg 0.2299 cnt 3.4509
[stage1] epoch 51/100 step 31 | loss 10.4046 | w [15.0, 8.0, 1.0] | train det 0.1846 seg 0.2182 cnt 5.8907
[stage1] epoch 51/100 step 32 | loss 14.8938 | w [15.0, 8.0, 1.0] | train det 0.2391 seg 0.1329 cnt 10.2438
[stage1] epoch 51/100 step 33 | loss 16.7460 | w [15.0, 8.0, 1.0] | train det 0.5788 seg 0.2315 cnt 6.2120
[stage1] epoch 51/100 step 34 | loss 6.7188 | w [15.0, 8.0, 1.0] | train det 0.1625 seg 0.1314 cnt 3.2292
[stage1] epoch 51/100 step 35 | loss 6.7963 | w [15.0, 8.0, 1.0] | train det 0.2107 seg 0.1645 cnt 2.3198
[stage1] epoch 51/100 step 36 | loss 5.0033 | w [15.0, 8.0, 1.0] | train det 0.0336 seg 0.1930 cnt 2.9555
[stage1] epoch 51/100 step 37 | loss 19.1423 | w [15.0, 8.0, 1.0] | train det 0.8200 seg 0.1936 cnt 5.2945
[stage1] epoch 51/100 step 38 | loss 8.7754 | w [15.0, 8.0, 1.0] | train det 0.1227 seg 0.0783 cnt 6.3089
[stage1] epoch 51/100 step 39 | loss 12.5115 | w [15.0, 8.0, 1.0] | train det 0.2409 seg 0.1661 cnt 7.5688
[stage1] epoch 51/100 step 40 | loss 14.6272 | w [15.0, 8.0, 1.0] | train det 0.5115 seg 0.1647 cnt 5.6366
[stage1] epoch 51/100 step 41 | loss 9.3540 | w [15.0, 8.0, 1.0] | train det 0.0633 seg 0.0815 cnt 7.7516
[stage1] epoch 51/100 step 42 | loss 9.1375 | w [15.0, 8.0, 1.0] | train det 0.1381 seg 0.1497 cnt 5.8692
[stage1] epoch 51/100 step 43 | loss 10.6176 | w [15.0, 8.0, 1.0] | train det 0.1367 seg 0.0460 cnt 8.1992
[stage1] epoch 51/100 | train 10.3393 | det 0.2263 seg 0.1448 cnt 5.7871
[stage1] epoch 52/100 step 1 | loss 8.8469 | w [15.0, 8.0, 1.0] | train det 0.1637 seg 0.1527 cnt 5.1694
[stage1] epoch 52/100 step 2 | loss 8.6305 | w [15.0, 8.0, 1.0] | train det 0.0612 seg 0.1339 cnt 6.6409
[stage1] epoch 52/100 step 3 | loss 7.0986 | w [15.0, 8.0, 1.0] | train det 0.1185 seg 0.1563 cnt 4.0698
[stage1] epoch 52/100 step 4 | loss 9.4994 | w [15.0, 8.0, 1.0] | train det 0.0851 seg 0.1666 cnt 6.8895
[stage1] epoch 52/100 step 5 | loss 4.2508 | w [15.0, 8.0, 1.0] | train det 0.1315 seg 0.1158 cnt 1.3516
[stage1] epoch 52/100 step 6 | loss 8.5023 | w [15.0, 8.0, 1.0] | train det 0.1142 seg 0.1074 cnt 5.9301
[stage1] epoch 52/100 step 7 | loss 12.6247 | w [15.0, 8.0, 1.0] | train det 0.0865 seg 0.1698 cnt 9.9691
[stage1] epoch 52/100 step 8 | loss 5.3686 | w [15.0, 8.0, 1.0] | train det 0.0783 seg 0.2036 cnt 2.5649
[stage1] epoch 52/100 step 9 | loss 4.9174 | w [15.0, 8.0, 1.0] | train det 0.0566 seg 0.1899 cnt 2.5490
[stage1] epoch 52/100 step 10 | loss 12.8790 | w [15.0, 8.0, 1.0] | train det 0.0572 seg 0.3791 cnt 8.9889
[stage1] epoch 52/100 step 11 | loss 6.6152 | w [15.0, 8.0, 1.0] | train det 0.0639 seg 0.1261 cnt 4.6486
[stage1] epoch 52/100 step 12 | loss 12.2084 | w [15.0, 8.0, 1.0] | train det 0.4753 seg 0.1455 cnt 3.9150
[stage1] epoch 52/100 step 13 | loss 12.9410 | w [15.0, 8.0, 1.0] | train det 0.5974 seg 0.1094 cnt 3.1047
[stage1] epoch 52/100 step 14 | loss 6.7875 | w [15.0, 8.0, 1.0] | train det 0.1837 seg 0.2339 cnt 2.1607
[stage1] epoch 52/100 step 15 | loss 24.2021 | w [15.0, 8.0, 1.0] | train det 0.7722 seg 0.0466 cnt 12.2467
[stage1] epoch 52/100 step 16 | loss 6.6944 | w [15.0, 8.0, 1.0] | train det 0.0655 seg 0.1610 cnt 4.4233
[stage1] epoch 52/100 step 17 | loss 9.3889 | w [15.0, 8.0, 1.0] | train det 0.0348 seg 0.0916 cnt 8.1344
[stage1] epoch 52/100 step 18 | loss 7.2736 | w [15.0, 8.0, 1.0] | train det 0.2325 seg 0.1509 cnt 2.5783
[stage1] epoch 52/100 step 19 | loss 7.8145 | w [15.0, 8.0, 1.0] | train det 0.1942 seg 0.1228 cnt 3.9192
[stage1] epoch 52/100 step 20 | loss 8.7401 | w [15.0, 8.0, 1.0] | train det 0.1220 seg 0.1037 cnt 6.0805
[stage1] epoch 52/100 step 21 | loss 7.5763 | w [15.0, 8.0, 1.0] | train det 0.0886 seg 0.1073 cnt 5.3883
[stage1] epoch 52/100 step 22 | loss 6.3303 | w [15.0, 8.0, 1.0] | train det 0.0707 seg 0.3160 cnt 2.7408
[stage1] epoch 52/100 step 23 | loss 5.5447 | w [15.0, 8.0, 1.0] | train det 0.0536 seg 0.1490 cnt 3.5486
[stage1] epoch 52/100 step 24 | loss 6.1822 | w [15.0, 8.0, 1.0] | train det 0.1611 seg 0.1689 cnt 2.4149
[stage1] epoch 52/100 step 25 | loss 6.2528 | w [15.0, 8.0, 1.0] | train det 0.0697 seg 0.0808 cnt 4.5605
[stage1] epoch 52/100 step 26 | loss 10.2138 | w [15.0, 8.0, 1.0] | train det 0.1746 seg 0.1781 cnt 6.1699
[stage1] epoch 52/100 step 27 | loss 5.9443 | w [15.0, 8.0, 1.0] | train det 0.0942 seg 0.2024 cnt 2.9112
[stage1] epoch 52/100 step 28 | loss 8.7623 | w [15.0, 8.0, 1.0] | train det 0.1033 seg 0.1462 cnt 6.0437
[stage1] epoch 52/100 step 29 | loss 8.6710 | w [15.0, 8.0, 1.0] | train det 0.3663 seg 0.2200 cnt 1.4171
[stage1] epoch 52/100 step 30 | loss 9.5328 | w [15.0, 8.0, 1.0] | train det 0.1238 seg 0.2251 cnt 5.8749
[stage1] epoch 52/100 step 31 | loss 17.4663 | w [15.0, 8.0, 1.0] | train det 0.3611 seg 0.1660 cnt 10.7225
[stage1] epoch 52/100 step 32 | loss 5.7185 | w [15.0, 8.0, 1.0] | train det 0.0912 seg 0.2089 cnt 2.6791
[stage1] epoch 52/100 step 33 | loss 6.7429 | w [15.0, 8.0, 1.0] | train det 0.1617 seg 0.1232 cnt 3.3316
[stage1] epoch 52/100 step 34 | loss 11.2829 | w [15.0, 8.0, 1.0] | train det 0.0716 seg 0.1627 cnt 8.9074
[stage1] epoch 52/100 step 35 | loss 6.4174 | w [15.0, 8.0, 1.0] | train det 0.0575 seg 0.1905 cnt 4.0307
[stage1] epoch 52/100 step 36 | loss 7.9096 | w [15.0, 8.0, 1.0] | train det 0.1684 seg 0.1208 cnt 4.4174
[stage1] epoch 52/100 step 37 | loss 6.2966 | w [15.0, 8.0, 1.0] | train det 0.1346 seg 0.2081 cnt 2.6125
[stage1] epoch 52/100 step 38 | loss 4.2247 | w [15.0, 8.0, 1.0] | train det 0.0644 seg 0.1289 cnt 2.2273
[stage1] epoch 52/100 step 39 | loss 25.7667 | w [15.0, 8.0, 1.0] | train det 0.1179 seg 0.1885 cnt 22.4897
[stage1] epoch 52/100 step 40 | loss 6.8013 | w [15.0, 8.0, 1.0] | train det 0.0701 seg 0.1483 cnt 4.5636
[stage1] epoch 52/100 step 41 | loss 10.4640 | w [15.0, 8.0, 1.0] | train det 0.1172 seg 0.1312 cnt 7.6571
[stage1] epoch 52/100 step 42 | loss 6.5362 | w [15.0, 8.0, 1.0] | train det 0.1204 seg 0.2248 cnt 2.9312
[stage1] epoch 52/100 step 43 | loss 6.8209 | w [15.0, 8.0, 1.0] | train det 0.0763 seg 0.2599 cnt 3.5976
[stage1] epoch 52/100 | train 8.9010 | det 0.1538 seg 0.1656 cnt 5.2691
[stage1] epoch 53/100 step 1 | loss 38.4746 | w [15.0, 8.0, 1.0] | train det 0.2329 seg 0.1860 cnt 33.4935
[stage1] epoch 53/100 step 2 | loss 8.3304 | w [15.0, 8.0, 1.0] | train det 0.1013 seg 0.1435 cnt 5.6634
[stage1] epoch 53/100 step 3 | loss 5.3566 | w [15.0, 8.0, 1.0] | train det 0.0972 seg 0.0791 cnt 3.2664
[stage1] epoch 53/100 step 4 | loss 6.5857 | w [15.0, 8.0, 1.0] | train det 0.1670 seg 0.1528 cnt 2.8576
[stage1] epoch 53/100 step 5 | loss 7.2920 | w [15.0, 8.0, 1.0] | train det 0.1714 seg 0.1001 cnt 3.9196
[stage1] epoch 53/100 step 6 | loss 8.9763 | w [15.0, 8.0, 1.0] | train det 0.1392 seg 0.1693 cnt 5.5332
[stage1] epoch 53/100 step 7 | loss 8.2165 | w [15.0, 8.0, 1.0] | train det 0.1012 seg 0.1884 cnt 5.1913
[stage1] epoch 53/100 step 8 | loss 7.0547 | w [15.0, 8.0, 1.0] | train det 0.1239 seg 0.3348 cnt 2.5183
[stage1] epoch 53/100 step 9 | loss 6.2637 | w [15.0, 8.0, 1.0] | train det 0.0771 seg 0.2056 cnt 3.4620
[stage1] epoch 53/100 step 10 | loss 21.6626 | w [15.0, 8.0, 1.0] | train det 0.7272 seg 0.2869 cnt 8.4585
[stage1] epoch 53/100 step 11 | loss 10.1467 | w [15.0, 8.0, 1.0] | train det 0.1181 seg 0.1177 cnt 7.4337
[stage1] epoch 53/100 step 12 | loss 8.3356 | w [15.0, 8.0, 1.0] | train det 0.1763 seg 0.1663 cnt 4.3613
[stage1] epoch 53/100 step 13 | loss 13.6590 | w [15.0, 8.0, 1.0] | train det 0.1862 seg 0.1298 cnt 9.8269
[stage1] epoch 53/100 step 14 | loss 5.4113 | w [15.0, 8.0, 1.0] | train det 0.0895 seg 0.1211 cnt 3.0998
[stage1] epoch 53/100 step 15 | loss 10.3854 | w [15.0, 8.0, 1.0] | train det 0.1552 seg 0.0820 cnt 7.4010
[stage1] epoch 53/100 step 16 | loss 5.9129 | w [15.0, 8.0, 1.0] | train det 0.0827 seg 0.1403 cnt 3.5496
[stage1] epoch 53/100 step 17 | loss 7.6377 | w [15.0, 8.0, 1.0] | train det 0.0488 seg 0.1295 cnt 5.8701
[stage1] epoch 53/100 step 18 | loss 7.3341 | w [15.0, 8.0, 1.0] | train det 0.1036 seg 0.1227 cnt 4.7986
[stage1] epoch 53/100 step 19 | loss 10.0066 | w [15.0, 8.0, 1.0] | train det 0.3297 seg 0.1288 cnt 4.0298
[stage1] epoch 53/100 step 20 | loss 11.0100 | w [15.0, 8.0, 1.0] | train det 0.2581 seg 0.1998 cnt 5.5393
[stage1] epoch 53/100 step 21 | loss 10.3446 | w [15.0, 8.0, 1.0] | train det 0.3059 seg 0.1887 cnt 4.2474
[stage1] epoch 53/100 step 22 | loss 15.8163 | w [15.0, 8.0, 1.0] | train det 0.2774 seg 0.1622 cnt 10.3580
[stage1] epoch 53/100 step 23 | loss 5.9245 | w [15.0, 8.0, 1.0] | train det 0.1901 seg 0.1752 cnt 1.6721
[stage1] epoch 53/100 step 24 | loss 9.1224 | w [15.0, 8.0, 1.0] | train det 0.1591 seg 0.1822 cnt 5.2777
[stage1] epoch 53/100 step 25 | loss 21.5754 | w [15.0, 8.0, 1.0] | train det 0.0794 seg 0.0354 cnt 20.1019
[stage1] epoch 53/100 step 26 | loss 12.5586 | w [15.0, 8.0, 1.0] | train det 0.0657 seg 0.1462 cnt 10.4038
[stage1] epoch 53/100 step 27 | loss 5.0946 | w [15.0, 8.0, 1.0] | train det 0.0439 seg 0.0723 cnt 3.8583
[stage1] epoch 53/100 step 28 | loss 4.6427 | w [15.0, 8.0, 1.0] | train det 0.0463 seg 0.1704 cnt 2.5846
[stage1] epoch 53/100 step 29 | loss 6.9921 | w [15.0, 8.0, 1.0] | train det 0.1022 seg 0.2286 cnt 3.6302
[stage1] epoch 53/100 step 30 | loss 5.6878 | w [15.0, 8.0, 1.0] | train det 0.0408 seg 0.2123 cnt 3.3769
[stage1] epoch 53/100 step 31 | loss 8.0178 | w [15.0, 8.0, 1.0] | train det 0.1399 seg 0.1049 cnt 5.0811
[stage1] epoch 53/100 step 32 | loss 4.2842 | w [15.0, 8.0, 1.0] | train det 0.0708 seg 0.1132 cnt 2.3170
[stage1] epoch 53/100 step 33 | loss 5.1281 | w [15.0, 8.0, 1.0] | train det 0.0832 seg 0.0863 cnt 3.1904
[stage1] epoch 53/100 step 34 | loss 11.4693 | w [15.0, 8.0, 1.0] | train det 0.1717 seg 0.2106 cnt 7.2096
[stage1] epoch 53/100 step 35 | loss 7.8434 | w [15.0, 8.0, 1.0] | train det 0.1266 seg 0.0632 cnt 5.4394
[stage1] epoch 53/100 step 36 | loss 5.5928 | w [15.0, 8.0, 1.0] | train det 0.0456 seg 0.0626 cnt 4.4082
[stage1] epoch 53/100 step 37 | loss 14.6710 | w [15.0, 8.0, 1.0] | train det 0.3378 seg 0.1318 cnt 8.5499
[stage1] epoch 53/100 step 38 | loss 6.3170 | w [15.0, 8.0, 1.0] | train det 0.1240 seg 0.1297 cnt 3.4190
[stage1] epoch 53/100 step 39 | loss 8.4595 | w [15.0, 8.0, 1.0] | train det 0.0624 seg 0.1264 cnt 6.5115
[stage1] epoch 53/100 step 40 | loss 7.5515 | w [15.0, 8.0, 1.0] | train det 0.1624 seg 0.2305 cnt 3.2710
[stage1] epoch 53/100 step 41 | loss 11.0073 | w [15.0, 8.0, 1.0] | train det 0.1613 seg 0.1605 cnt 7.3038
[stage1] epoch 53/100 step 42 | loss 9.8658 | w [15.0, 8.0, 1.0] | train det 0.2301 seg 0.2190 cnt 4.6622
[stage1] epoch 53/100 step 43 | loss 5.0930 | w [15.0, 8.0, 1.0] | train det 0.0952 seg 0.1047 cnt 2.8274
[stage1] epoch 53/100 | train 9.5608 | det 0.1537 seg 0.1512 cnt 6.0459
[stage1] epoch 54/100 step 1 | loss 11.9375 | w [15.0, 8.0, 1.0] | train det 0.2261 seg 0.1768 cnt 7.1317
[stage1] epoch 54/100 step 2 | loss 4.9844 | w [15.0, 8.0, 1.0] | train det 0.0762 seg 0.1510 cnt 2.6335
[stage1] epoch 54/100 step 3 | loss 8.0854 | w [15.0, 8.0, 1.0] | train det 0.1086 seg 0.0847 cnt 5.7787
[stage1] epoch 54/100 step 4 | loss 6.2399 | w [15.0, 8.0, 1.0] | train det 0.1112 seg 0.1440 cnt 3.4197
[stage1] epoch 54/100 step 5 | loss 6.8008 | w [15.0, 8.0, 1.0] | train det 0.1801 seg 0.1222 cnt 3.1217
[stage1] epoch 54/100 step 6 | loss 20.5201 | w [15.0, 8.0, 1.0] | train det 0.9112 seg 0.0878 cnt 6.1504
[stage1] epoch 54/100 step 7 | loss 3.4406 | w [15.0, 8.0, 1.0] | train det 0.0604 seg 0.0810 cnt 1.8870
[stage1] epoch 54/100 step 8 | loss 10.9229 | w [15.0, 8.0, 1.0] | train det 0.1736 seg 0.2498 cnt 6.3208
[stage1] epoch 54/100 step 9 | loss 9.8524 | w [15.0, 8.0, 1.0] | train det 0.1326 seg 0.1849 cnt 6.3839
[stage1] epoch 54/100 step 10 | loss 4.4231 | w [15.0, 8.0, 1.0] | train det 0.0542 seg 0.1530 cnt 2.3863
[stage1] epoch 54/100 step 11 | loss 4.5998 | w [15.0, 8.0, 1.0] | train det 0.0540 seg 0.0884 cnt 3.0834
[stage1] epoch 54/100 step 12 | loss 6.3946 | w [15.0, 8.0, 1.0] | train det 0.2302 seg 0.1185 cnt 1.9940
[stage1] epoch 54/100 step 13 | loss 12.8650 | w [15.0, 8.0, 1.0] | train det 0.6149 seg 0.0856 cnt 2.9573
[stage1] epoch 54/100 step 14 | loss 4.5062 | w [15.0, 8.0, 1.0] | train det 0.0402 seg 0.0602 cnt 3.4225
[stage1] epoch 54/100 step 15 | loss 3.6544 | w [15.0, 8.0, 1.0] | train det 0.0402 seg 0.1482 cnt 1.8651
[stage1] epoch 54/100 step 16 | loss 11.3580 | w [15.0, 8.0, 1.0] | train det 0.0548 seg 0.1514 cnt 9.3252
[stage1] epoch 54/100 step 17 | loss 8.0059 | w [15.0, 8.0, 1.0] | train det 0.1823 seg 0.1385 cnt 4.1634
[stage1] epoch 54/100 step 18 | loss 11.2859 | w [15.0, 8.0, 1.0] | train det 0.0774 seg 0.1153 cnt 9.2030
[stage1] epoch 54/100 step 19 | loss 5.6647 | w [15.0, 8.0, 1.0] | train det 0.1484 seg 0.0764 cnt 2.8267
[stage1] epoch 54/100 step 20 | loss 15.9899 | w [15.0, 8.0, 1.0] | train det 0.4497 seg 0.2433 cnt 7.2977
[stage1] epoch 54/100 step 21 | loss 6.9409 | w [15.0, 8.0, 1.0] | train det 0.0297 seg 0.1744 cnt 5.0996
[stage1] epoch 54/100 step 22 | loss 10.2021 | w [15.0, 8.0, 1.0] | train det 0.2588 seg 0.1172 cnt 5.3823
[stage1] epoch 54/100 step 23 | loss 11.2046 | w [15.0, 8.0, 1.0] | train det 0.0660 seg 0.1025 cnt 9.3944
[stage1] epoch 54/100 step 24 | loss 6.8731 | w [15.0, 8.0, 1.0] | train det 0.1289 seg 0.2090 cnt 3.2680
[stage1] epoch 54/100 step 25 | loss 12.3509 | w [15.0, 8.0, 1.0] | train det 0.2556 seg 0.1605 cnt 7.2333
[stage1] epoch 54/100 step 26 | loss 5.9029 | w [15.0, 8.0, 1.0] | train det 0.1183 seg 0.1427 cnt 2.9871
[stage1] epoch 54/100 step 27 | loss 11.7428 | w [15.0, 8.0, 1.0] | train det 0.2090 seg 0.2725 cnt 6.4285
[stage1] epoch 54/100 step 28 | loss 5.8127 | w [15.0, 8.0, 1.0] | train det 0.1285 seg 0.0733 cnt 3.2981
[stage1] epoch 54/100 step 29 | loss 6.9317 | w [15.0, 8.0, 1.0] | train det 0.2123 seg 0.1204 cnt 2.7835
[stage1] epoch 54/100 step 30 | loss 7.3021 | w [15.0, 8.0, 1.0] | train det 0.0848 seg 0.0827 cnt 5.3682
[stage1] epoch 54/100 step 31 | loss 6.5979 | w [15.0, 8.0, 1.0] | train det 0.2450 seg 0.1799 cnt 1.4840
[stage1] epoch 54/100 step 32 | loss 7.8072 | w [15.0, 8.0, 1.0] | train det 0.0505 seg 0.0833 cnt 6.3837
[stage1] epoch 54/100 step 33 | loss 11.1803 | w [15.0, 8.0, 1.0] | train det 0.0574 seg 0.3227 cnt 7.7375
[stage1] epoch 54/100 step 34 | loss 5.1430 | w [15.0, 8.0, 1.0] | train det 0.1030 seg 0.2151 cnt 1.8777
[stage1] epoch 54/100 step 35 | loss 7.7877 | w [15.0, 8.0, 1.0] | train det 0.2210 seg 0.1746 cnt 3.0755
[stage1] epoch 54/100 step 36 | loss 3.7507 | w [15.0, 8.0, 1.0] | train det 0.0279 seg 0.1789 cnt 1.9012
[stage1] epoch 54/100 step 37 | loss 5.8085 | w [15.0, 8.0, 1.0] | train det 0.1675 seg 0.1705 cnt 1.9328
[stage1] epoch 54/100 step 38 | loss 7.3584 | w [15.0, 8.0, 1.0] | train det 0.1221 seg 0.1394 cnt 4.4107
[stage1] epoch 54/100 step 39 | loss 4.2729 | w [15.0, 8.0, 1.0] | train det 0.0875 seg 0.0933 cnt 2.2143
[stage1] epoch 54/100 step 40 | loss 10.6889 | w [15.0, 8.0, 1.0] | train det 0.0978 seg 0.0956 cnt 8.4565
[stage1] epoch 54/100 step 41 | loss 7.2860 | w [15.0, 8.0, 1.0] | train det 0.1408 seg 0.1736 cnt 3.7846
[stage1] epoch 54/100 step 42 | loss 22.7429 | w [15.0, 8.0, 1.0] | train det 0.8854 seg 0.1958 cnt 7.8957
[stage1] epoch 54/100 step 43 | loss 5.1799 | w [15.0, 8.0, 1.0] | train det 0.0746 seg 0.2195 cnt 2.3042
[stage1] epoch 54/100 | train 8.4279 | det 0.1790 seg 0.1479 cnt 4.5594
[stage1] epoch 55/100 step 1 | loss 4.2636 | w [15.0, 8.0, 1.0] | train det 0.0597 seg 0.2361 cnt 1.4795
[stage1] epoch 55/100 step 2 | loss 6.1187 | w [15.0, 8.0, 1.0] | train det 0.0863 seg 0.1194 cnt 3.8682
[stage1] epoch 55/100 step 3 | loss 9.9263 | w [15.0, 8.0, 1.0] | train det 0.3775 seg 0.1525 cnt 3.0435
[stage1] epoch 55/100 step 4 | loss 7.1649 | w [15.0, 8.0, 1.0] | train det 0.1670 seg 0.1414 cnt 3.5283
[stage1] epoch 55/100 step 5 | loss 5.8804 | w [15.0, 8.0, 1.0] | train det 0.1552 seg 0.1289 cnt 2.5207
[stage1] epoch 55/100 step 6 | loss 4.2818 | w [15.0, 8.0, 1.0] | train det 0.0578 seg 0.1197 cnt 2.4566
[stage1] epoch 55/100 step 7 | loss 7.5195 | w [15.0, 8.0, 1.0] | train det 0.1444 seg 0.1984 cnt 3.7667
[stage1] epoch 55/100 step 8 | loss 6.3906 | w [15.0, 8.0, 1.0] | train det 0.1310 seg 0.1403 cnt 3.3027
[stage1] epoch 55/100 step 9 | loss 15.8700 | w [15.0, 8.0, 1.0] | train det 0.7312 seg 0.0517 cnt 4.4891
[stage1] epoch 55/100 step 10 | loss 6.6386 | w [15.0, 8.0, 1.0] | train det 0.1072 seg 0.1572 cnt 3.7729
[stage1] epoch 55/100 step 11 | loss 6.6941 | w [15.0, 8.0, 1.0] | train det 0.0863 seg 0.0959 cnt 4.6322
[stage1] epoch 55/100 step 12 | loss 5.8871 | w [15.0, 8.0, 1.0] | train det 0.0793 seg 0.0891 cnt 3.9854
[stage1] epoch 55/100 step 13 | loss 9.1149 | w [15.0, 8.0, 1.0] | train det 0.2731 seg 0.1813 cnt 3.5681
[stage1] epoch 55/100 step 14 | loss 7.6775 | w [15.0, 8.0, 1.0] | train det 0.1988 seg 0.1211 cnt 3.7271
[stage1] epoch 55/100 step 15 | loss 6.0850 | w [15.0, 8.0, 1.0] | train det 0.1196 seg 0.1018 cnt 3.4768
[stage1] epoch 55/100 step 16 | loss 9.4964 | w [15.0, 8.0, 1.0] | train det 0.0679 seg 0.2177 cnt 6.7360
[stage1] epoch 55/100 step 17 | loss 6.6368 | w [15.0, 8.0, 1.0] | train det 0.2027 seg 0.1304 cnt 2.5522
[stage1] epoch 55/100 step 18 | loss 11.1509 | w [15.0, 8.0, 1.0] | train det 0.0851 seg 0.1588 cnt 8.6042
[stage1] epoch 55/100 step 19 | loss 9.1873 | w [15.0, 8.0, 1.0] | train det 0.2646 seg 0.0546 cnt 4.7814
[stage1] epoch 55/100 step 20 | loss 2.9435 | w [15.0, 8.0, 1.0] | train det 0.0477 seg 0.1317 cnt 1.1740
[stage1] epoch 55/100 step 21 | loss 4.3250 | w [15.0, 8.0, 1.0] | train det 0.1063 seg 0.1797 cnt 1.2931
[stage1] epoch 55/100 step 22 | loss 5.9567 | w [15.0, 8.0, 1.0] | train det 0.0748 seg 0.1403 cnt 3.7126
[stage1] epoch 55/100 step 23 | loss 7.7663 | w [15.0, 8.0, 1.0] | train det 0.0431 seg 0.0945 cnt 6.3639
[stage1] epoch 55/100 step 24 | loss 9.7685 | w [15.0, 8.0, 1.0] | train det 0.3498 seg 0.0507 cnt 4.1163
[stage1] epoch 55/100 step 25 | loss 4.3672 | w [15.0, 8.0, 1.0] | train det 0.1049 seg 0.1827 cnt 1.3327
[stage1] epoch 55/100 step 26 | loss 6.6585 | w [15.0, 8.0, 1.0] | train det 0.0640 seg 0.1977 cnt 4.1168
[stage1] epoch 55/100 step 27 | loss 11.8852 | w [15.0, 8.0, 1.0] | train det 0.6055 seg 0.0462 cnt 2.4337
[stage1] epoch 55/100 step 28 | loss 7.6512 | w [15.0, 8.0, 1.0] | train det 0.1223 seg 0.1672 cnt 4.4785
[stage1] epoch 55/100 step 29 | loss 10.2000 | w [15.0, 8.0, 1.0] | train det 0.4135 seg 0.2092 cnt 2.3232
[stage1] epoch 55/100 step 30 | loss 5.0809 | w [15.0, 8.0, 1.0] | train det 0.1141 seg 0.1462 cnt 2.1997
[stage1] epoch 55/100 step 31 | loss 7.1347 | w [15.0, 8.0, 1.0] | train det 0.1484 seg 0.1491 cnt 3.7149
[stage1] epoch 55/100 step 32 | loss 5.7249 | w [15.0, 8.0, 1.0] | train det 0.1452 seg 0.1122 cnt 2.6492
[stage1] epoch 55/100 step 33 | loss 6.6009 | w [15.0, 8.0, 1.0] | train det 0.0290 seg 0.1998 cnt 4.5668
[stage1] epoch 55/100 step 34 | loss 7.4113 | w [15.0, 8.0, 1.0] | train det 0.1409 seg 0.1670 cnt 3.9624
[stage1] epoch 55/100 step 35 | loss 6.3978 | w [15.0, 8.0, 1.0] | train det 0.0597 seg 0.1761 cnt 4.0929
[stage1] epoch 55/100 step 36 | loss 8.9271 | w [15.0, 8.0, 1.0] | train det 0.1428 seg 0.2129 cnt 5.0822
[stage1] epoch 55/100 step 37 | loss 6.1347 | w [15.0, 8.0, 1.0] | train det 0.0592 seg 0.1214 cnt 4.2764
[stage1] epoch 55/100 step 38 | loss 6.1107 | w [15.0, 8.0, 1.0] | train det 0.1062 seg 0.0976 cnt 3.7373
[stage1] epoch 55/100 step 39 | loss 9.5128 | w [15.0, 8.0, 1.0] | train det 0.3656 seg 0.0937 cnt 3.2787
[stage1] epoch 55/100 step 40 | loss 10.6569 | w [15.0, 8.0, 1.0] | train det 0.1795 seg 0.0720 cnt 7.3883
[stage1] epoch 55/100 step 41 | loss 5.6477 | w [15.0, 8.0, 1.0] | train det 0.1430 seg 0.0912 cnt 2.7729
[stage1] epoch 55/100 step 42 | loss 7.5400 | w [15.0, 8.0, 1.0] | train det 0.0441 seg 0.1221 cnt 5.9011
[stage1] epoch 55/100 step 43 | loss 10.1610 | w [15.0, 8.0, 1.0] | train det 0.1466 seg 0.2694 cnt 5.8061
[stage1] epoch 55/100 | train 7.4546 | det 0.1663 seg 0.1402 cnt 3.8387
[stage1] epoch 56/100 step 1 | loss 19.4923 | w [15.0, 8.0, 1.0] | train det 0.6737 seg 0.1580 cnt 8.1233
[stage1] epoch 56/100 step 2 | loss 8.4807 | w [15.0, 8.0, 1.0] | train det 0.0964 seg 0.1927 cnt 5.4939
[stage1] epoch 56/100 step 3 | loss 8.6464 | w [15.0, 8.0, 1.0] | train det 0.1438 seg 0.1479 cnt 5.3057
[stage1] epoch 56/100 step 4 | loss 9.9385 | w [15.0, 8.0, 1.0] | train det 0.1314 seg 0.0757 cnt 7.3610
[stage1] epoch 56/100 step 5 | loss 4.1940 | w [15.0, 8.0, 1.0] | train det 0.0515 seg 0.0893 cnt 2.7071
[stage1] epoch 56/100 step 6 | loss 6.5700 | w [15.0, 8.0, 1.0] | train det 0.0653 seg 0.1726 cnt 4.2094
[stage1] epoch 56/100 step 7 | loss 8.9624 | w [15.0, 8.0, 1.0] | train det 0.1233 seg 0.1843 cnt 5.6395
[stage1] epoch 56/100 step 8 | loss 21.7476 | w [15.0, 8.0, 1.0] | train det 0.0545 seg 0.1744 cnt 19.5355
[stage1] epoch 56/100 step 9 | loss 10.2887 | w [15.0, 8.0, 1.0] | train det 0.0758 seg 0.1199 cnt 8.1914
[stage1] epoch 56/100 step 10 | loss 8.6874 | w [15.0, 8.0, 1.0] | train det 0.2063 seg 0.2513 cnt 3.5829
[stage1] epoch 56/100 step 11 | loss 11.6942 | w [15.0, 8.0, 1.0] | train det 0.5089 seg 0.0594 cnt 3.5853
[stage1] epoch 56/100 step 12 | loss 5.5367 | w [15.0, 8.0, 1.0] | train det 0.0286 seg 0.1307 cnt 4.0621
[stage1] epoch 56/100 step 13 | loss 11.9718 | w [15.0, 8.0, 1.0] | train det 0.2465 seg 0.0735 cnt 7.6869
[stage1] epoch 56/100 step 14 | loss 14.9788 | w [15.0, 8.0, 1.0] | train det 0.4744 seg 0.2267 cnt 6.0493
[stage1] epoch 56/100 step 15 | loss 5.1773 | w [15.0, 8.0, 1.0] | train det 0.1469 seg 0.0860 cnt 2.2851
[stage1] epoch 56/100 step 16 | loss 6.3945 | w [15.0, 8.0, 1.0] | train det 0.1276 seg 0.1462 cnt 3.3109
[stage1] epoch 56/100 step 17 | loss 10.2304 | w [15.0, 8.0, 1.0] | train det 0.1814 seg 0.1541 cnt 6.2766
[stage1] epoch 56/100 step 18 | loss 6.2719 | w [15.0, 8.0, 1.0] | train det 0.1237 seg 0.0936 cnt 3.6681
[stage1] epoch 56/100 step 19 | loss 5.1688 | w [15.0, 8.0, 1.0] | train det 0.0475 seg 0.0917 cnt 3.7232
[stage1] epoch 56/100 step 20 | loss 8.1538 | w [15.0, 8.0, 1.0] | train det 0.2809 seg 0.1335 cnt 2.8726
[stage1] epoch 56/100 step 21 | loss 12.1802 | w [15.0, 8.0, 1.0] | train det 0.1559 seg 0.1106 cnt 8.9575
[stage1] epoch 56/100 step 22 | loss 4.9298 | w [15.0, 8.0, 1.0] | train det 0.1021 seg 0.1394 cnt 2.2834
[stage1] epoch 56/100 step 23 | loss 13.2198 | w [15.0, 8.0, 1.0] | train det 0.4702 seg 0.1061 cnt 5.3170
[stage1] epoch 56/100 step 24 | loss 6.5952 | w [15.0, 8.0, 1.0] | train det 0.1834 seg 0.0785 cnt 3.2163
[stage1] epoch 56/100 step 25 | loss 13.5903 | w [15.0, 8.0, 1.0] | train det 0.1399 seg 0.2949 cnt 9.1329
[stage1] epoch 56/100 step 26 | loss 13.3968 | w [15.0, 8.0, 1.0] | train det 0.1571 seg 0.0691 cnt 10.4870
[stage1] epoch 56/100 step 27 | loss 7.5414 | w [15.0, 8.0, 1.0] | train det 0.0794 seg 0.1383 cnt 5.2447
[stage1] epoch 56/100 step 28 | loss 6.6468 | w [15.0, 8.0, 1.0] | train det 0.0547 seg 0.1465 cnt 4.6538
[stage1] epoch 56/100 step 29 | loss 6.0587 | w [15.0, 8.0, 1.0] | train det 0.1272 seg 0.1805 cnt 2.7062
[stage1] epoch 56/100 step 30 | loss 14.5570 | w [15.0, 8.0, 1.0] | train det 0.6133 seg 0.1269 cnt 4.3421
[stage1] epoch 56/100 step 31 | loss 6.1782 | w [15.0, 8.0, 1.0] | train det 0.1183 seg 0.1042 cnt 3.5697
[stage1] epoch 56/100 step 32 | loss 18.7399 | w [15.0, 8.0, 1.0] | train det 0.0641 seg 0.1342 cnt 16.7046
[stage1] epoch 56/100 step 33 | loss 9.7894 | w [15.0, 8.0, 1.0] | train det 0.1685 seg 0.1236 cnt 6.2723
[stage1] epoch 56/100 step 34 | loss 11.2093 | w [15.0, 8.0, 1.0] | train det 0.3425 seg 0.1755 cnt 4.6671
[stage1] epoch 56/100 step 35 | loss 5.4551 | w [15.0, 8.0, 1.0] | train det 0.0538 seg 0.1667 cnt 3.3142
[stage1] epoch 56/100 step 36 | loss 6.8915 | w [15.0, 8.0, 1.0] | train det 0.1362 seg 0.1251 cnt 3.8470
[stage1] epoch 56/100 step 37 | loss 16.7194 | w [15.0, 8.0, 1.0] | train det 0.6407 seg 0.0535 cnt 6.6814
[stage1] epoch 56/100 step 38 | loss 8.3186 | w [15.0, 8.0, 1.0] | train det 0.1020 seg 0.1813 cnt 5.3388
[stage1] epoch 56/100 step 39 | loss 6.7768 | w [15.0, 8.0, 1.0] | train det 0.1530 seg 0.2772 cnt 2.2643
[stage1] epoch 56/100 step 40 | loss 5.6642 | w [15.0, 8.0, 1.0] | train det 0.0961 seg 0.0680 cnt 3.6789
[stage1] epoch 56/100 step 41 | loss 8.9079 | w [15.0, 8.0, 1.0] | train det 0.0466 seg 0.2910 cnt 5.8809
[stage1] epoch 56/100 step 42 | loss 5.0458 | w [15.0, 8.0, 1.0] | train det 0.0687 seg 0.0966 cnt 3.2426
[stage1] epoch 56/100 step 43 | loss 6.0573 | w [15.0, 8.0, 1.0] | train det 0.0813 seg 0.1643 cnt 3.5237
[stage1] epoch 56/100 | train 9.4664 | det 0.1847 seg 0.1422 cnt 5.5581
[stage1] epoch 57/100 step 1 | loss 7.5580 | w [15.0, 8.0, 1.0] | train det 0.1204 seg 0.1741 cnt 4.3594
[stage1] epoch 57/100 step 2 | loss 16.0074 | w [15.0, 8.0, 1.0] | train det 0.1017 seg 0.1225 cnt 13.5029
[stage1] epoch 57/100 step 3 | loss 9.8323 | w [15.0, 8.0, 1.0] | train det 0.0901 seg 0.2802 cnt 6.2403
[stage1] epoch 57/100 step 4 | loss 7.7247 | w [15.0, 8.0, 1.0] | train det 0.1695 seg 0.1330 cnt 4.1188
[stage1] epoch 57/100 step 5 | loss 7.3497 | w [15.0, 8.0, 1.0] | train det 0.1696 seg 0.1810 cnt 3.3583
[stage1] epoch 57/100 step 6 | loss 12.3319 | w [15.0, 8.0, 1.0] | train det 0.2060 seg 0.1700 cnt 7.8823
[stage1] epoch 57/100 step 7 | loss 8.7176 | w [15.0, 8.0, 1.0] | train det 0.0871 seg 0.2069 cnt 5.7552
[stage1] epoch 57/100 step 8 | loss 5.1297 | w [15.0, 8.0, 1.0] | train det 0.0425 seg 0.2509 cnt 2.4849
[stage1] epoch 57/100 step 9 | loss 15.8026 | w [15.0, 8.0, 1.0] | train det 0.5002 seg 0.2217 cnt 6.5266
[stage1] epoch 57/100 step 10 | loss 14.0379 | w [15.0, 8.0, 1.0] | train det 0.3807 seg 0.1221 cnt 7.3513
[stage1] epoch 57/100 step 11 | loss 9.3750 | w [15.0, 8.0, 1.0] | train det 0.0768 seg 0.3225 cnt 5.6426
[stage1] epoch 57/100 step 12 | loss 26.6743 | w [15.0, 8.0, 1.0] | train det 1.4467 seg 0.1499 cnt 3.7752
[stage1] epoch 57/100 step 13 | loss 18.3322 | w [15.0, 8.0, 1.0] | train det 0.7751 seg 0.1300 cnt 5.6667
[stage1] epoch 57/100 step 14 | loss 13.3529 | w [15.0, 8.0, 1.0] | train det 0.5225 seg 0.1032 cnt 4.6896
[stage1] epoch 57/100 step 15 | loss 5.6779 | w [15.0, 8.0, 1.0] | train det 0.1092 seg 0.1193 cnt 3.0856
[stage1] epoch 57/100 step 16 | loss 14.7068 | w [15.0, 8.0, 1.0] | train det 0.6780 seg 0.1985 cnt 2.9497
[stage1] epoch 57/100 step 17 | loss 4.9919 | w [15.0, 8.0, 1.0] | train det 0.1014 seg 0.1701 cnt 2.1099
[stage1] epoch 57/100 step 18 | loss 8.6452 | w [15.0, 8.0, 1.0] | train det 0.0719 seg 0.2017 cnt 5.9523
[stage1] epoch 57/100 step 19 | loss 6.8433 | w [15.0, 8.0, 1.0] | train det 0.0873 seg 0.1128 cnt 4.6316
[stage1] epoch 57/100 step 20 | loss 8.3474 | w [15.0, 8.0, 1.0] | train det 0.0601 seg 0.1151 cnt 6.5255
[stage1] epoch 57/100 step 21 | loss 7.0605 | w [15.0, 8.0, 1.0] | train det 0.2876 seg 0.1166 cnt 1.8141
[stage1] epoch 57/100 step 22 | loss 5.2108 | w [15.0, 8.0, 1.0] | train det 0.0955 seg 0.0646 cnt 3.2623
[stage1] epoch 57/100 step 23 | loss 5.9349 | w [15.0, 8.0, 1.0] | train det 0.2052 seg 0.1441 cnt 1.7047
[stage1] epoch 57/100 step 24 | loss 13.7482 | w [15.0, 8.0, 1.0] | train det 0.1801 seg 0.0602 cnt 10.5652
[stage1] epoch 57/100 step 25 | loss 7.9698 | w [15.0, 8.0, 1.0] | train det 0.2324 seg 0.0738 cnt 3.8932
[stage1] epoch 57/100 step 26 | loss 9.1124 | w [15.0, 8.0, 1.0] | train det 0.0784 seg 0.0437 cnt 7.5869
[stage1] epoch 57/100 step 27 | loss 9.6759 | w [15.0, 8.0, 1.0] | train det 0.0676 seg 0.0742 cnt 8.0690
[stage1] epoch 57/100 step 28 | loss 8.1076 | w [15.0, 8.0, 1.0] | train det 0.2233 seg 0.1503 cnt 3.5552
[stage1] epoch 57/100 step 29 | loss 6.5749 | w [15.0, 8.0, 1.0] | train det 0.1346 seg 0.1408 cnt 3.4302
[stage1] epoch 57/100 step 30 | loss 8.5163 | w [15.0, 8.0, 1.0] | train det 0.1191 seg 0.1379 cnt 5.6262
[stage1] epoch 57/100 step 31 | loss 8.1843 | w [15.0, 8.0, 1.0] | train det 0.0976 seg 0.1762 cnt 5.3111
[stage1] epoch 57/100 step 32 | loss 11.0217 | w [15.0, 8.0, 1.0] | train det 0.5564 seg 0.0692 cnt 2.1222
[stage1] epoch 57/100 step 33 | loss 8.9234 | w [15.0, 8.0, 1.0] | train det 0.0775 seg 0.1126 cnt 6.8593
[stage1] epoch 57/100 step 34 | loss 11.1868 | w [15.0, 8.0, 1.0] | train det 0.3729 seg 0.0769 cnt 4.9785
[stage1] epoch 57/100 step 35 | loss 7.5589 | w [15.0, 8.0, 1.0] | train det 0.0538 seg 0.1516 cnt 5.5390
[stage1] epoch 57/100 step 36 | loss 5.6134 | w [15.0, 8.0, 1.0] | train det 0.0673 seg 0.1327 cnt 3.5430
[stage1] epoch 57/100 step 37 | loss 7.1249 | w [15.0, 8.0, 1.0] | train det 0.0907 seg 0.1385 cnt 4.6558
[stage1] epoch 57/100 step 38 | loss 7.4395 | w [15.0, 8.0, 1.0] | train det 0.0995 seg 0.1202 cnt 4.9848
[stage1] epoch 57/100 step 39 | loss 5.5745 | w [15.0, 8.0, 1.0] | train det 0.0632 seg 0.0815 cnt 3.9747
[stage1] epoch 57/100 step 40 | loss 7.1014 | w [15.0, 8.0, 1.0] | train det 0.1902 seg 0.1417 cnt 3.1158
[stage1] epoch 57/100 step 41 | loss 7.0068 | w [15.0, 8.0, 1.0] | train det 0.1652 seg 0.1308 cnt 3.4822
[stage1] epoch 57/100 step 42 | loss 8.2108 | w [15.0, 8.0, 1.0] | train det 0.1978 seg 0.0761 cnt 4.6350
[stage1] epoch 57/100 step 43 | loss 11.0871 | w [15.0, 8.0, 1.0] | train det 0.0850 seg 0.1417 cnt 8.6779
[stage1] epoch 57/100 | train 9.5206 | det 0.2218 seg 0.1405 cnt 5.0697
[stage1] epoch 58/100 step 1 | loss 9.8633 | w [15.0, 8.0, 1.0] | train det 0.3531 seg 0.1231 cnt 3.5826
[stage1] epoch 58/100 step 2 | loss 7.8257 | w [15.0, 8.0, 1.0] | train det 0.1161 seg 0.3028 cnt 3.6619
[stage1] epoch 58/100 step 3 | loss 12.4028 | w [15.0, 8.0, 1.0] | train det 0.1914 seg 0.0438 cnt 9.1820
[stage1] epoch 58/100 step 4 | loss 8.0213 | w [15.0, 8.0, 1.0] | train det 0.0756 seg 0.1186 cnt 5.9384
[stage1] epoch 58/100 step 5 | loss 22.0822 | w [15.0, 8.0, 1.0] | train det 0.8215 seg 0.0732 cnt 9.1734
[stage1] epoch 58/100 step 6 | loss 13.6230 | w [15.0, 8.0, 1.0] | train det 0.2963 seg 0.0750 cnt 8.5789
[stage1] epoch 58/100 step 7 | loss 11.2356 | w [15.0, 8.0, 1.0] | train det 0.4920 seg 0.1861 cnt 2.3663
[stage1] epoch 58/100 step 8 | loss 7.5654 | w [15.0, 8.0, 1.0] | train det 0.1434 seg 0.2848 cnt 3.1356
[stage1] epoch 58/100 step 9 | loss 6.3880 | w [15.0, 8.0, 1.0] | train det 0.0937 seg 0.1341 cnt 3.9098
[stage1] epoch 58/100 step 10 | loss 4.6267 | w [15.0, 8.0, 1.0] | train det 0.0481 seg 0.1519 cnt 2.6897
[stage1] epoch 58/100 step 11 | loss 8.8168 | w [15.0, 8.0, 1.0] | train det 0.2021 seg 0.1346 cnt 4.7095
[stage1] epoch 58/100 step 12 | loss 7.1733 | w [15.0, 8.0, 1.0] | train det 0.0403 seg 0.1115 cnt 5.6770
[stage1] epoch 58/100 step 13 | loss 13.5376 | w [15.0, 8.0, 1.0] | train det 0.5132 seg 0.1082 cnt 4.9747
[stage1] epoch 58/100 step 14 | loss 8.6641 | w [15.0, 8.0, 1.0] | train det 0.2926 seg 0.1611 cnt 2.9867
[stage1] epoch 58/100 step 15 | loss 6.3656 | w [15.0, 8.0, 1.0] | train det 0.0615 seg 0.1879 cnt 3.9395
[stage1] epoch 58/100 step 16 | loss 10.6838 | w [15.0, 8.0, 1.0] | train det 0.2597 seg 0.1610 cnt 5.5000
[stage1] epoch 58/100 step 17 | loss 6.9548 | w [15.0, 8.0, 1.0] | train det 0.1234 seg 0.1595 cnt 3.8277
[stage1] epoch 58/100 step 18 | loss 5.1664 | w [15.0, 8.0, 1.0] | train det 0.1282 seg 0.1564 cnt 1.9916
[stage1] epoch 58/100 step 19 | loss 7.3740 | w [15.0, 8.0, 1.0] | train det 0.0651 seg 0.1338 cnt 5.3275
[stage1] epoch 58/100 step 20 | loss 5.4884 | w [15.0, 8.0, 1.0] | train det 0.1376 seg 0.1011 cnt 2.6159
[stage1] epoch 58/100 step 21 | loss 8.8131 | w [15.0, 8.0, 1.0] | train det 0.1473 seg 0.0961 cnt 5.8341
[stage1] epoch 58/100 step 22 | loss 3.9060 | w [15.0, 8.0, 1.0] | train det 0.0430 seg 0.0642 cnt 2.7465
[stage1] epoch 58/100 step 23 | loss 25.8000 | w [15.0, 8.0, 1.0] | train det 0.1298 seg 0.1481 cnt 22.6677
[stage1] epoch 58/100 step 24 | loss 13.8379 | w [15.0, 8.0, 1.0] | train det 0.5082 seg 0.0835 cnt 5.5464
[stage1] epoch 58/100 step 25 | loss 6.4235 | w [15.0, 8.0, 1.0] | train det 0.0728 seg 0.1264 cnt 4.3196
[stage1] epoch 58/100 step 26 | loss 12.3556 | w [15.0, 8.0, 1.0] | train det 0.5297 seg 0.0942 cnt 3.6561
[stage1] epoch 58/100 step 27 | loss 12.3365 | w [15.0, 8.0, 1.0] | train det 0.0792 seg 0.1334 cnt 10.0818
[stage1] epoch 58/100 step 28 | loss 8.4816 | w [15.0, 8.0, 1.0] | train det 0.0689 seg 0.1256 cnt 6.4438
[stage1] epoch 58/100 step 29 | loss 11.2294 | w [15.0, 8.0, 1.0] | train det 0.1163 seg 0.1371 cnt 8.3871
[stage1] epoch 58/100 step 30 | loss 8.4708 | w [15.0, 8.0, 1.0] | train det 0.1501 seg 0.1349 cnt 5.1395
[stage1] epoch 58/100 step 31 | loss 9.9162 | w [15.0, 8.0, 1.0] | train det 0.2993 seg 0.1430 cnt 4.2837
[stage1] epoch 58/100 step 32 | loss 4.7415 | w [15.0, 8.0, 1.0] | train det 0.0471 seg 0.2570 cnt 1.9792
[stage1] epoch 58/100 step 33 | loss 7.6679 | w [15.0, 8.0, 1.0] | train det 0.2760 seg 0.0518 cnt 3.1137
[stage1] epoch 58/100 step 34 | loss 5.4194 | w [15.0, 8.0, 1.0] | train det 0.0702 seg 0.1393 cnt 3.2520
[stage1] epoch 58/100 step 35 | loss 9.3584 | w [15.0, 8.0, 1.0] | train det 0.1839 seg 0.1696 cnt 5.2429
[stage1] epoch 58/100 step 36 | loss 7.6853 | w [15.0, 8.0, 1.0] | train det 0.1025 seg 0.1364 cnt 5.0558
[stage1] epoch 58/100 step 37 | loss 9.8064 | w [15.0, 8.0, 1.0] | train det 0.3104 seg 0.1787 cnt 3.7203
[stage1] epoch 58/100 step 38 | loss 7.6535 | w [15.0, 8.0, 1.0] | train det 0.1324 seg 0.1444 cnt 4.5121
[stage1] epoch 58/100 step 39 | loss 7.5472 | w [15.0, 8.0, 1.0] | train det 0.1636 seg 0.1922 cnt 3.5555
[stage1] epoch 58/100 step 40 | loss 8.2307 | w [15.0, 8.0, 1.0] | train det 0.0817 seg 0.1322 cnt 5.9469
[stage1] epoch 58/100 step 41 | loss 16.9537 | w [15.0, 8.0, 1.0] | train det 0.8357 seg 0.1874 cnt 2.9191
[stage1] epoch 58/100 step 42 | loss 7.9999 | w [15.0, 8.0, 1.0] | train det 0.3368 seg 0.1115 cnt 2.0562
[stage1] epoch 58/100 step 43 | loss 11.8377 | w [15.0, 8.0, 1.0] | train det 0.4623 seg 0.1177 cnt 3.9607
[stage1] epoch 58/100 | train 9.5426 | det 0.2233 seg 0.1398 cnt 5.0742
[stage1] epoch 59/100 step 1 | loss 5.4400 | w [15.0, 8.0, 1.0] | train det 0.0906 seg 0.1103 cnt 3.1981
[stage1] epoch 59/100 step 2 | loss 13.6892 | w [15.0, 8.0, 1.0] | train det 0.5586 seg 0.1874 cnt 3.8106
[stage1] epoch 59/100 step 3 | loss 7.4361 | w [15.0, 8.0, 1.0] | train det 0.1186 seg 0.2383 cnt 3.7501
[stage1] epoch 59/100 step 4 | loss 5.5619 | w [15.0, 8.0, 1.0] | train det 0.0761 seg 0.1183 cnt 3.4736
[stage1] epoch 59/100 step 5 | loss 10.4525 | w [15.0, 8.0, 1.0] | train det 0.1439 seg 0.1026 cnt 7.4738
[stage1] epoch 59/100 step 6 | loss 3.7941 | w [15.0, 8.0, 1.0] | train det 0.0768 seg 0.1787 cnt 1.2130
[stage1] epoch 59/100 step 7 | loss 6.0419 | w [15.0, 8.0, 1.0] | train det 0.2168 seg 0.0538 cnt 2.3592
[stage1] epoch 59/100 step 8 | loss 11.2670 | w [15.0, 8.0, 1.0] | train det 0.1298 seg 0.1274 cnt 8.3002
[stage1] epoch 59/100 step 9 | loss 12.0292 | w [15.0, 8.0, 1.0] | train det 0.2554 seg 0.1001 cnt 7.3975
[stage1] epoch 59/100 step 10 | loss 6.2078 | w [15.0, 8.0, 1.0] | train det 0.0829 seg 0.1151 cnt 4.0431
[stage1] epoch 59/100 step 11 | loss 9.0283 | w [15.0, 8.0, 1.0] | train det 0.1967 seg 0.1353 cnt 4.9949
[stage1] epoch 59/100 step 12 | loss 4.4592 | w [15.0, 8.0, 1.0] | train det 0.0681 seg 0.1211 cnt 2.4700
[stage1] epoch 59/100 step 13 | loss 20.8557 | w [15.0, 8.0, 1.0] | train det 0.6865 seg 0.1635 cnt 9.2507
[stage1] epoch 59/100 step 14 | loss 7.3163 | w [15.0, 8.0, 1.0] | train det 0.0393 seg 0.2125 cnt 5.0265
[stage1] epoch 59/100 step 15 | loss 10.7128 | w [15.0, 8.0, 1.0] | train det 0.0737 seg 0.0855 cnt 8.9237
[stage1] epoch 59/100 step 16 | loss 6.3063 | w [15.0, 8.0, 1.0] | train det 0.1677 seg 0.0352 cnt 3.5090
[stage1] epoch 59/100 step 17 | loss 10.4096 | w [15.0, 8.0, 1.0] | train det 0.0915 seg 0.1875 cnt 7.5364
[stage1] epoch 59/100 step 18 | loss 6.7098 | w [15.0, 8.0, 1.0] | train det 0.0880 seg 0.1289 cnt 4.3585
[stage1] epoch 59/100 step 19 | loss 8.3441 | w [15.0, 8.0, 1.0] | train det 0.0784 seg 0.3329 cnt 4.5043
[stage1] epoch 59/100 step 20 | loss 6.4453 | w [15.0, 8.0, 1.0] | train det 0.1204 seg 0.0902 cnt 3.9170
[stage1] epoch 59/100 step 21 | loss 6.5669 | w [15.0, 8.0, 1.0] | train det 0.2347 seg 0.0442 cnt 2.6920
[stage1] epoch 59/100 step 22 | loss 10.4029 | w [15.0, 8.0, 1.0] | train det 0.1725 seg 0.2199 cnt 6.0558
[stage1] epoch 59/100 step 23 | loss 5.7868 | w [15.0, 8.0, 1.0] | train det 0.1654 seg 0.0501 cnt 2.9050
[stage1] epoch 59/100 step 24 | loss 15.9014 | w [15.0, 8.0, 1.0] | train det 0.7504 seg 0.1900 cnt 3.1257
[stage1] epoch 59/100 step 25 | loss 5.9991 | w [15.0, 8.0, 1.0] | train det 0.0623 seg 0.1315 cnt 4.0121
[stage1] epoch 59/100 step 26 | loss 6.8663 | w [15.0, 8.0, 1.0] | train det 0.1061 seg 0.1840 cnt 3.8020
[stage1] epoch 59/100 step 27 | loss 6.4986 | w [15.0, 8.0, 1.0] | train det 0.1123 seg 0.1380 cnt 3.7111
[stage1] epoch 59/100 step 28 | loss 5.4854 | w [15.0, 8.0, 1.0] | train det 0.0919 seg 0.1858 cnt 2.6201
[stage1] epoch 59/100 step 29 | loss 10.4688 | w [15.0, 8.0, 1.0] | train det 0.0448 seg 0.1785 cnt 8.3683
[stage1] epoch 59/100 step 30 | loss 3.5568 | w [15.0, 8.0, 1.0] | train det 0.0622 seg 0.0980 cnt 1.8394
[stage1] epoch 59/100 step 31 | loss 5.8540 | w [15.0, 8.0, 1.0] | train det 0.1872 seg 0.0979 cnt 2.2632
[stage1] epoch 59/100 step 32 | loss 12.0414 | w [15.0, 8.0, 1.0] | train det 0.1643 seg 0.1076 cnt 8.7163
[stage1] epoch 59/100 step 33 | loss 9.0368 | w [15.0, 8.0, 1.0] | train det 0.0714 seg 0.1425 cnt 6.8261
[stage1] epoch 59/100 step 34 | loss 9.6780 | w [15.0, 8.0, 1.0] | train det 0.2611 seg 0.1661 cnt 4.4324
[stage1] epoch 59/100 step 35 | loss 9.2838 | w [15.0, 8.0, 1.0] | train det 0.2345 seg 0.1362 cnt 4.6766
[stage1] epoch 59/100 step 36 | loss 4.1224 | w [15.0, 8.0, 1.0] | train det 0.0423 seg 0.0978 cnt 2.7059
[stage1] epoch 59/100 step 37 | loss 11.9450 | w [15.0, 8.0, 1.0] | train det 0.0586 seg 0.1206 cnt 10.1015
[stage1] epoch 59/100 step 38 | loss 13.0717 | w [15.0, 8.0, 1.0] | train det 0.5639 seg 0.0452 cnt 4.2509
[stage1] epoch 59/100 step 39 | loss 11.4289 | w [15.0, 8.0, 1.0] | train det 0.1126 seg 0.1532 cnt 8.5145
[stage1] epoch 59/100 step 40 | loss 4.3265 | w [15.0, 8.0, 1.0] | train det 0.0716 seg 0.0565 cnt 2.8010
[stage1] epoch 59/100 step 41 | loss 8.3547 | w [15.0, 8.0, 1.0] | train det 0.1228 seg 0.0964 cnt 5.7411
[stage1] epoch 59/100 step 42 | loss 5.3590 | w [15.0, 8.0, 1.0] | train det 0.0641 seg 0.1369 cnt 3.3016
[stage1] epoch 59/100 step 43 | loss 10.2002 | w [15.0, 8.0, 1.0] | train det 0.2540 seg 0.1582 cnt 5.1242
[stage1] epoch 59/100 | train 8.4824 | det 0.1714 seg 0.1340 cnt 4.8395
[stage1] epoch 60/100 step 1 | loss 10.8997 | w [15.0, 8.0, 1.0] | train det 0.1620 seg 0.1164 cnt 7.5382
[stage1] epoch 60/100 step 2 | loss 5.9816 | w [15.0, 8.0, 1.0] | train det 0.1422 seg 0.1033 cnt 3.0225
[stage1] epoch 60/100 step 3 | loss 7.6990 | w [15.0, 8.0, 1.0] | train det 0.1621 seg 0.2353 cnt 3.3843
[stage1] epoch 60/100 step 4 | loss 16.0134 | w [15.0, 8.0, 1.0] | train det 0.6939 seg 0.2245 cnt 3.8085
[stage1] epoch 60/100 step 5 | loss 9.5434 | w [15.0, 8.0, 1.0] | train det 0.3071 seg 0.1586 cnt 3.6677
[stage1] epoch 60/100 step 6 | loss 4.4806 | w [15.0, 8.0, 1.0] | train det 0.0844 seg 0.0349 cnt 2.9350
[stage1] epoch 60/100 step 7 | loss 3.5630 | w [15.0, 8.0, 1.0] | train det 0.0917 seg 0.0943 cnt 1.4323
[stage1] epoch 60/100 step 8 | loss 5.3335 | w [15.0, 8.0, 1.0] | train det 0.0465 seg 0.1331 cnt 3.5703
[stage1] epoch 60/100 step 9 | loss 6.6810 | w [15.0, 8.0, 1.0] | train det 0.1090 seg 0.2431 cnt 3.1019
[stage1] epoch 60/100 step 10 | loss 6.6267 | w [15.0, 8.0, 1.0] | train det 0.0825 seg 0.1689 cnt 4.0386
[stage1] epoch 60/100 step 11 | loss 6.8355 | w [15.0, 8.0, 1.0] | train det 0.1259 seg 0.1812 cnt 3.4980
[stage1] epoch 60/100 step 12 | loss 6.2833 | w [15.0, 8.0, 1.0] | train det 0.1749 seg 0.1603 cnt 2.3778
[stage1] epoch 60/100 step 13 | loss 13.1075 | w [15.0, 8.0, 1.0] | train det 0.0847 seg 0.1523 cnt 10.6193
[stage1] epoch 60/100 step 14 | loss 5.5048 | w [15.0, 8.0, 1.0] | train det 0.0865 seg 0.1463 cnt 3.0370
[stage1] epoch 60/100 step 15 | loss 8.4464 | w [15.0, 8.0, 1.0] | train det 0.1916 seg 0.0693 cnt 5.0175
[stage1] epoch 60/100 step 16 | loss 4.1992 | w [15.0, 8.0, 1.0] | train det 0.0719 seg 0.0523 cnt 2.7026
[stage1] epoch 60/100 step 17 | loss 10.0812 | w [15.0, 8.0, 1.0] | train det 0.1816 seg 0.2270 cnt 5.5414
[stage1] epoch 60/100 step 18 | loss 6.5622 | w [15.0, 8.0, 1.0] | train det 0.1194 seg 0.3193 cnt 2.2159
[stage1] epoch 60/100 step 19 | loss 7.3742 | w [15.0, 8.0, 1.0] | train det 0.0699 seg 0.0815 cnt 5.6742
[stage1] epoch 60/100 step 20 | loss 8.1128 | w [15.0, 8.0, 1.0] | train det 0.1665 seg 0.1466 cnt 4.4434
[stage1] epoch 60/100 step 21 | loss 18.9406 | w [15.0, 8.0, 1.0] | train det 0.0354 seg 0.1566 cnt 17.1560
[stage1] epoch 60/100 step 22 | loss 7.0527 | w [15.0, 8.0, 1.0] | train det 0.1263 seg 0.0736 cnt 4.5700
[stage1] epoch 60/100 step 23 | loss 8.9689 | w [15.0, 8.0, 1.0] | train det 0.3071 seg 0.0872 cnt 3.6653
[stage1] epoch 60/100 step 24 | loss 7.4783 | w [15.0, 8.0, 1.0] | train det 0.0613 seg 0.2917 cnt 4.2250
[stage1] epoch 60/100 step 25 | loss 7.8406 | w [15.0, 8.0, 1.0] | train det 0.0423 seg 0.0715 cnt 6.6332
[stage1] epoch 60/100 step 26 | loss 9.0534 | w [15.0, 8.0, 1.0] | train det 0.3454 seg 0.1705 cnt 2.5081
[stage1] epoch 60/100 step 27 | loss 5.1684 | w [15.0, 8.0, 1.0] | train det 0.0497 seg 0.2626 cnt 2.3214
[stage1] epoch 60/100 step 28 | loss 6.3327 | w [15.0, 8.0, 1.0] | train det 0.1657 seg 0.1248 cnt 2.8483
[stage1] epoch 60/100 step 29 | loss 5.8201 | w [15.0, 8.0, 1.0] | train det 0.0994 seg 0.0905 cnt 3.6051
[stage1] epoch 60/100 step 30 | loss 4.0017 | w [15.0, 8.0, 1.0] | train det 0.0554 seg 0.0563 cnt 2.7207
[stage1] epoch 60/100 step 31 | loss 4.2282 | w [15.0, 8.0, 1.0] | train det 0.1016 seg 0.1207 cnt 1.7391
[stage1] epoch 60/100 step 32 | loss 5.2124 | w [15.0, 8.0, 1.0] | train det 0.0534 seg 0.0711 cnt 3.8415
[stage1] epoch 60/100 step 33 | loss 5.3164 | w [15.0, 8.0, 1.0] | train det 0.1105 seg 0.1302 cnt 2.6183
[stage1] epoch 60/100 step 34 | loss 5.2575 | w [15.0, 8.0, 1.0] | train det 0.0590 seg 0.1062 cnt 3.5226
[stage1] epoch 60/100 step 35 | loss 5.8249 | w [15.0, 8.0, 1.0] | train det 0.1310 seg 0.0970 cnt 3.0836
[stage1] epoch 60/100 step 36 | loss 4.3380 | w [15.0, 8.0, 1.0] | train det 0.0630 seg 0.1076 cnt 2.5317
[stage1] epoch 60/100 step 37 | loss 11.3198 | w [15.0, 8.0, 1.0] | train det 0.1158 seg 0.0617 cnt 9.0895
[stage1] epoch 60/100 step 38 | loss 5.3953 | w [15.0, 8.0, 1.0] | train det 0.1059 seg 0.1070 cnt 2.9508
[stage1] epoch 60/100 step 39 | loss 8.9075 | w [15.0, 8.0, 1.0] | train det 0.1492 seg 0.1628 cnt 5.3673
[stage1] epoch 60/100 step 40 | loss 14.5933 | w [15.0, 8.0, 1.0] | train det 0.7055 seg 0.1623 cnt 2.7116
[stage1] epoch 60/100 step 41 | loss 10.3057 | w [15.0, 8.0, 1.0] | train det 0.3472 seg 0.1093 cnt 4.2239
[stage1] epoch 60/100 step 42 | loss 5.6383 | w [15.0, 8.0, 1.0] | train det 0.0995 seg 0.1641 cnt 2.8321
[stage1] epoch 60/100 step 43 | loss 6.6640 | w [15.0, 8.0, 1.0] | train det 0.0928 seg 0.0430 cnt 4.9277
[stage1] epoch 60/100 | train 7.6044 | det 0.1529 seg 0.1367 cnt 4.2167
[stage1] epoch 61/100 step 1 | loss 6.2315 | w [15.0, 8.0, 1.0] | train det 0.1244 seg 0.1196 cnt 3.4093
[stage1] epoch 61/100 step 2 | loss 8.6213 | w [15.0, 8.0, 1.0] | train det 0.1076 seg 0.1426 cnt 5.8674
[stage1] epoch 61/100 step 3 | loss 6.1709 | w [15.0, 8.0, 1.0] | train det 0.1987 seg 0.1525 cnt 1.9702
[stage1] epoch 61/100 step 4 | loss 18.1953 | w [15.0, 8.0, 1.0] | train det 0.8752 seg 0.2866 cnt 2.7746
[stage1] epoch 61/100 step 5 | loss 8.5650 | w [15.0, 8.0, 1.0] | train det 0.2722 seg 0.1707 cnt 3.1167
[stage1] epoch 61/100 step 6 | loss 4.5968 | w [15.0, 8.0, 1.0] | train det 0.0522 seg 0.2341 cnt 1.9409
[stage1] epoch 61/100 step 7 | loss 6.3115 | w [15.0, 8.0, 1.0] | train det 0.2033 seg 0.1497 cnt 2.0653
[stage1] epoch 61/100 step 8 | loss 6.5161 | w [15.0, 8.0, 1.0] | train det 0.0857 seg 0.1075 cnt 4.3697
[stage1] epoch 61/100 step 9 | loss 4.3247 | w [15.0, 8.0, 1.0] | train det 0.0489 seg 0.1177 cnt 2.6503
[stage1] epoch 61/100 step 10 | loss 9.1028 | w [15.0, 8.0, 1.0] | train det 0.2381 seg 0.1315 cnt 4.4798
[stage1] epoch 61/100 step 11 | loss 7.2095 | w [15.0, 8.0, 1.0] | train det 0.0998 seg 0.1936 cnt 4.1637
[stage1] epoch 61/100 step 12 | loss 14.0546 | w [15.0, 8.0, 1.0] | train det 0.4386 seg 0.2480 cnt 5.4909
[stage1] epoch 61/100 step 13 | loss 11.1320 | w [15.0, 8.0, 1.0] | train det 0.4565 seg 0.1119 cnt 3.3888
[stage1] epoch 61/100 step 14 | loss 4.7536 | w [15.0, 8.0, 1.0] | train det 0.0570 seg 0.2542 cnt 1.8646
[stage1] epoch 61/100 step 15 | loss 6.1335 | w [15.0, 8.0, 1.0] | train det 0.1830 seg 0.1208 cnt 2.4221
[stage1] epoch 61/100 step 16 | loss 5.0764 | w [15.0, 8.0, 1.0] | train det 0.1091 seg 0.1836 cnt 1.9715
[stage1] epoch 61/100 step 17 | loss 5.9550 | w [15.0, 8.0, 1.0] | train det 0.0651 seg 0.1099 cnt 4.0989
[stage1] epoch 61/100 step 18 | loss 7.5664 | w [15.0, 8.0, 1.0] | train det 0.0929 seg 0.2113 cnt 4.4828
[stage1] epoch 61/100 step 19 | loss 5.2807 | w [15.0, 8.0, 1.0] | train det 0.0678 seg 0.1379 cnt 3.1609
[stage1] epoch 61/100 step 20 | loss 11.1432 | w [15.0, 8.0, 1.0] | train det 0.2882 seg 0.1470 cnt 5.6446
[stage1] epoch 61/100 step 21 | loss 8.0481 | w [15.0, 8.0, 1.0] | train det 0.1263 seg 0.1317 cnt 5.0992
[stage1] epoch 61/100 step 22 | loss 8.5948 | w [15.0, 8.0, 1.0] | train det 0.1321 seg 0.0928 cnt 5.8714
[stage1] epoch 61/100 step 23 | loss 4.5200 | w [15.0, 8.0, 1.0] | train det 0.0669 seg 0.0966 cnt 2.7435
[stage1] epoch 61/100 step 24 | loss 9.7534 | w [15.0, 8.0, 1.0] | train det 0.0937 seg 0.0993 cnt 7.5542
[stage1] epoch 61/100 step 25 | loss 12.9531 | w [15.0, 8.0, 1.0] | train det 0.5561 seg 0.0615 cnt 4.1187
[stage1] epoch 61/100 step 26 | loss 8.5679 | w [15.0, 8.0, 1.0] | train det 0.0946 seg 0.1109 cnt 6.2613
[stage1] epoch 61/100 step 27 | loss 4.8869 | w [15.0, 8.0, 1.0] | train det 0.1146 seg 0.1284 cnt 2.1412
[stage1] epoch 61/100 step 28 | loss 4.9056 | w [15.0, 8.0, 1.0] | train det 0.1194 seg 0.0254 cnt 2.9111
[stage1] epoch 61/100 step 29 | loss 4.7243 | w [15.0, 8.0, 1.0] | train det 0.0689 seg 0.1125 cnt 2.7914
[stage1] epoch 61/100 step 30 | loss 7.9562 | w [15.0, 8.0, 1.0] | train det 0.2524 seg 0.2556 cnt 2.1246
[stage1] epoch 61/100 step 31 | loss 4.2232 | w [15.0, 8.0, 1.0] | train det 0.0537 seg 0.0823 cnt 2.7596
[stage1] epoch 61/100 step 32 | loss 6.4747 | w [15.0, 8.0, 1.0] | train det 0.0719 seg 0.1333 cnt 4.3301
[stage1] epoch 61/100 step 33 | loss 5.1231 | w [15.0, 8.0, 1.0] | train det 0.0605 seg 0.1342 cnt 3.1424
[stage1] epoch 61/100 step 34 | loss 7.2095 | w [15.0, 8.0, 1.0] | train det 0.0487 seg 0.1050 cnt 5.6393
[stage1] epoch 61/100 step 35 | loss 7.5707 | w [15.0, 8.0, 1.0] | train det 0.1388 seg 0.1419 cnt 4.3529
[stage1] epoch 61/100 step 36 | loss 7.5608 | w [15.0, 8.0, 1.0] | train det 0.1285 seg 0.1013 cnt 4.8225
[stage1] epoch 61/100 step 37 | loss 8.6025 | w [15.0, 8.0, 1.0] | train det 0.1307 seg 0.2333 cnt 4.7765
[stage1] epoch 61/100 step 38 | loss 6.5097 | w [15.0, 8.0, 1.0] | train det 0.1456 seg 0.2948 cnt 1.9677
[stage1] epoch 61/100 step 39 | loss 5.6641 | w [15.0, 8.0, 1.0] | train det 0.2003 seg 0.1156 cnt 1.7354
[stage1] epoch 61/100 step 40 | loss 16.6006 | w [15.0, 8.0, 1.0] | train det 0.8264 seg 0.2066 cnt 2.5514
[stage1] epoch 61/100 step 41 | loss 8.8938 | w [15.0, 8.0, 1.0] | train det 0.2781 seg 0.1276 cnt 3.7006
[stage1] epoch 61/100 step 42 | loss 5.7804 | w [15.0, 8.0, 1.0] | train det 0.0463 seg 0.1781 cnt 3.6610
[stage1] epoch 61/100 step 43 | loss 6.7081 | w [15.0, 8.0, 1.0] | train det 0.2027 seg 0.1261 cnt 2.6593
[stage1] epoch 61/100 | train 7.6459 | det 0.1865 seg 0.1494 cnt 3.6523
[stage1] epoch 62/100 step 1 | loss 8.7823 | w [15.0, 8.0, 1.0] | train det 0.0683 seg 0.0885 cnt 7.0491
[stage1] epoch 62/100 step 2 | loss 6.4825 | w [15.0, 8.0, 1.0] | train det 0.0562 seg 0.1604 cnt 4.3554
[stage1] epoch 62/100 step 3 | loss 6.7044 | w [15.0, 8.0, 1.0] | train det 0.0347 seg 0.1404 cnt 5.0602
[stage1] epoch 62/100 step 4 | loss 4.2374 | w [15.0, 8.0, 1.0] | train det 0.0475 seg 0.1391 cnt 2.4121
[stage1] epoch 62/100 step 5 | loss 6.6870 | w [15.0, 8.0, 1.0] | train det 0.1660 seg 0.1104 cnt 3.3140
[stage1] epoch 62/100 step 6 | loss 5.0673 | w [15.0, 8.0, 1.0] | train det 0.0437 seg 0.1516 cnt 3.1994
[stage1] epoch 62/100 step 7 | loss 5.4512 | w [15.0, 8.0, 1.0] | train det 0.0440 seg 0.1073 cnt 3.9321
[stage1] epoch 62/100 step 8 | loss 2.7725 | w [15.0, 8.0, 1.0] | train det 0.0482 seg 0.1294 cnt 1.0143
[stage1] epoch 62/100 step 9 | loss 7.4461 | w [15.0, 8.0, 1.0] | train det 0.1890 seg 0.2496 cnt 2.6134
[stage1] epoch 62/100 step 10 | loss 6.4014 | w [15.0, 8.0, 1.0] | train det 0.0770 seg 0.1306 cnt 4.2018
[stage1] epoch 62/100 step 11 | loss 6.7708 | w [15.0, 8.0, 1.0] | train det 0.2656 seg 0.1008 cnt 1.9804
[stage1] epoch 62/100 step 12 | loss 13.1927 | w [15.0, 8.0, 1.0] | train det 0.5331 seg 0.1390 cnt 4.0836
[stage1] epoch 62/100 step 13 | loss 5.5572 | w [15.0, 8.0, 1.0] | train det 0.0865 seg 0.1182 cnt 3.3142
[stage1] epoch 62/100 step 14 | loss 23.1732 | w [15.0, 8.0, 1.0] | train det 0.3282 seg 0.0652 cnt 17.7277
[stage1] epoch 62/100 step 15 | loss 13.2040 | w [15.0, 8.0, 1.0] | train det 0.3738 seg 0.1429 cnt 6.4544
[stage1] epoch 62/100 step 16 | loss 4.8702 | w [15.0, 8.0, 1.0] | train det 0.0813 seg 0.1308 cnt 2.6036
[stage1] epoch 62/100 step 17 | loss 5.7338 | w [15.0, 8.0, 1.0] | train det 0.0613 seg 0.1236 cnt 3.8260
[stage1] epoch 62/100 step 18 | loss 4.9910 | w [15.0, 8.0, 1.0] | train det 0.0547 seg 0.0202 cnt 4.0095
[stage1] epoch 62/100 step 19 | loss 9.7808 | w [15.0, 8.0, 1.0] | train det 0.0580 seg 0.1270 cnt 7.8943
[stage1] epoch 62/100 step 20 | loss 8.9058 | w [15.0, 8.0, 1.0] | train det 0.2603 seg 0.1343 cnt 3.9266
[stage1] epoch 62/100 step 21 | loss 20.7804 | w [15.0, 8.0, 1.0] | train det 0.5822 seg 0.1467 cnt 10.8745
[stage1] epoch 62/100 step 22 | loss 8.4218 | w [15.0, 8.0, 1.0] | train det 0.1174 seg 0.1592 cnt 5.3869
[stage1] epoch 62/100 step 23 | loss 10.0587 | w [15.0, 8.0, 1.0] | train det 0.1510 seg 0.2501 cnt 5.7923
[stage1] epoch 62/100 step 24 | loss 14.8781 | w [15.0, 8.0, 1.0] | train det 0.6245 seg 0.0975 cnt 4.7308
[stage1] epoch 62/100 step 25 | loss 11.6170 | w [15.0, 8.0, 1.0] | train det 0.0777 seg 0.0146 cnt 10.3347
[stage1] epoch 62/100 step 26 | loss 10.1272 | w [15.0, 8.0, 1.0] | train det 0.4034 seg 0.0630 cnt 3.5720
[stage1] epoch 62/100 step 27 | loss 10.9320 | w [15.0, 8.0, 1.0] | train det 0.2329 seg 0.2083 cnt 5.7717
[stage1] epoch 62/100 step 28 | loss 5.2091 | w [15.0, 8.0, 1.0] | train det 0.1572 seg 0.0832 cnt 2.1860
[stage1] epoch 62/100 step 29 | loss 6.0029 | w [15.0, 8.0, 1.0] | train det 0.1549 seg 0.1999 cnt 2.0811
[stage1] epoch 62/100 step 30 | loss 5.3145 | w [15.0, 8.0, 1.0] | train det 0.1194 seg 0.1405 cnt 2.3992
[stage1] epoch 62/100 step 31 | loss 6.0324 | w [15.0, 8.0, 1.0] | train det 0.0979 seg 0.0994 cnt 3.7689
[stage1] epoch 62/100 step 32 | loss 5.7936 | w [15.0, 8.0, 1.0] | train det 0.2118 seg 0.1702 cnt 1.2549
[stage1] epoch 62/100 step 33 | loss 6.3332 | w [15.0, 8.0, 1.0] | train det 0.2273 seg 0.1231 cnt 1.9393
[stage1] epoch 62/100 step 34 | loss 6.2559 | w [15.0, 8.0, 1.0] | train det 0.0863 seg 0.0422 cnt 4.6236
[stage1] epoch 62/100 step 35 | loss 7.3076 | w [15.0, 8.0, 1.0] | train det 0.2569 seg 0.0692 cnt 2.9000
[stage1] epoch 62/100 step 36 | loss 5.6843 | w [15.0, 8.0, 1.0] | train det 0.0391 seg 0.2030 cnt 3.4736
[stage1] epoch 62/100 step 37 | loss 5.2373 | w [15.0, 8.0, 1.0] | train det 0.0675 seg 0.2430 cnt 2.2809
[stage1] epoch 62/100 step 38 | loss 14.5483 | w [15.0, 8.0, 1.0] | train det 0.0612 seg 0.1604 cnt 12.3468
[stage1] epoch 62/100 step 39 | loss 6.7655 | w [15.0, 8.0, 1.0] | train det 0.0430 seg 0.0996 cnt 5.3241
[stage1] epoch 62/100 step 40 | loss 3.9641 | w [15.0, 8.0, 1.0] | train det 0.0657 seg 0.0782 cnt 2.3524
[stage1] epoch 62/100 step 41 | loss 7.6241 | w [15.0, 8.0, 1.0] | train det 0.1820 seg 0.1881 cnt 3.3888
[stage1] epoch 62/100 step 42 | loss 5.3985 | w [15.0, 8.0, 1.0] | train det 0.0403 seg 0.1315 cnt 3.7414
[stage1] epoch 62/100 step 43 | loss 10.4025 | w [15.0, 8.0, 1.0] | train det 0.0419 seg 0.0918 cnt 9.0402
[stage1] epoch 62/100 | train 8.1605 | det 0.1609 seg 0.1296 cnt 4.7101
[stage1] epoch 63/100 step 1 | loss 9.0599 | w [15.0, 8.0, 1.0] | train det 0.1358 seg 0.2167 cnt 5.2896
[stage1] epoch 63/100 step 2 | loss 10.3311 | w [15.0, 8.0, 1.0] | train det 0.0850 seg 0.2145 cnt 7.3397
[stage1] epoch 63/100 step 3 | loss 6.5827 | w [15.0, 8.0, 1.0] | train det 0.0537 seg 0.2879 cnt 3.4733
[stage1] epoch 63/100 step 4 | loss 9.3454 | w [15.0, 8.0, 1.0] | train det 0.0889 seg 0.0661 cnt 7.4834
[stage1] epoch 63/100 step 5 | loss 7.2998 | w [15.0, 8.0, 1.0] | train det 0.2360 seg 0.1182 cnt 2.8148
[stage1] epoch 63/100 step 6 | loss 17.2648 | w [15.0, 8.0, 1.0] | train det 0.1232 seg 0.2007 cnt 13.8115
[stage1] epoch 63/100 step 7 | loss 6.4536 | w [15.0, 8.0, 1.0] | train det 0.1056 seg 0.1325 cnt 3.8091
[stage1] epoch 63/100 step 8 | loss 11.1652 | w [15.0, 8.0, 1.0] | train det 0.1045 seg 0.1661 cnt 8.2694
[stage1] epoch 63/100 step 9 | loss 9.6374 | w [15.0, 8.0, 1.0] | train det 0.1802 seg 0.0777 cnt 6.3124
[stage1] epoch 63/100 step 10 | loss 4.0263 | w [15.0, 8.0, 1.0] | train det 0.0761 seg 0.1138 cnt 1.9749
[stage1] epoch 63/100 step 11 | loss 9.8871 | w [15.0, 8.0, 1.0] | train det 0.3353 seg 0.1507 cnt 3.6515
[stage1] epoch 63/100 step 12 | loss 5.1606 | w [15.0, 8.0, 1.0] | train det 0.0710 seg 0.1482 cnt 2.9104
[stage1] epoch 63/100 step 13 | loss 5.4081 | w [15.0, 8.0, 1.0] | train det 0.0984 seg 0.0815 cnt 3.2800
[stage1] epoch 63/100 step 14 | loss 4.1915 | w [15.0, 8.0, 1.0] | train det 0.0412 seg 0.1515 cnt 2.3614
[stage1] epoch 63/100 step 15 | loss 6.4352 | w [15.0, 8.0, 1.0] | train det 0.1046 seg 0.1155 cnt 3.9426
[stage1] epoch 63/100 step 16 | loss 17.2777 | w [15.0, 8.0, 1.0] | train det 0.2122 seg 0.2283 cnt 12.2679
[stage1] epoch 63/100 step 17 | loss 10.4365 | w [15.0, 8.0, 1.0] | train det 0.1401 seg 0.1471 cnt 7.1589
[stage1] epoch 63/100 step 18 | loss 4.6639 | w [15.0, 8.0, 1.0] | train det 0.0431 seg 0.1007 cnt 3.2116
[stage1] epoch 63/100 step 19 | loss 7.0858 | w [15.0, 8.0, 1.0] | train det 0.1352 seg 0.2248 cnt 3.2590
[stage1] epoch 63/100 step 20 | loss 7.0049 | w [15.0, 8.0, 1.0] | train det 0.0791 seg 0.1230 cnt 4.8347
[stage1] epoch 63/100 step 21 | loss 6.3705 | w [15.0, 8.0, 1.0] | train det 0.2298 seg 0.0659 cnt 2.3971
[stage1] epoch 63/100 step 22 | loss 4.5675 | w [15.0, 8.0, 1.0] | train det 0.0457 seg 0.0972 cnt 3.1045
[stage1] epoch 63/100 step 23 | loss 4.5962 | w [15.0, 8.0, 1.0] | train det 0.0766 seg 0.1746 cnt 2.0514
[stage1] epoch 63/100 step 24 | loss 7.2102 | w [15.0, 8.0, 1.0] | train det 0.1205 seg 0.1375 cnt 4.3026
[stage1] epoch 63/100 step 25 | loss 6.9780 | w [15.0, 8.0, 1.0] | train det 0.1068 seg 0.0414 cnt 5.0458
[stage1] epoch 63/100 step 26 | loss 9.0257 | w [15.0, 8.0, 1.0] | train det 0.0958 seg 0.1476 cnt 6.4080
[stage1] epoch 63/100 step 27 | loss 6.0291 | w [15.0, 8.0, 1.0] | train det 0.0712 seg 0.1517 cnt 3.7471
[stage1] epoch 63/100 step 28 | loss 9.7432 | w [15.0, 8.0, 1.0] | train det 0.0500 seg 0.0783 cnt 8.3671
[stage1] epoch 63/100 step 29 | loss 5.3305 | w [15.0, 8.0, 1.0] | train det 0.1211 seg 0.0831 cnt 2.8490
[stage1] epoch 63/100 step 30 | loss 11.2642 | w [15.0, 8.0, 1.0] | train det 0.1527 seg 0.1076 cnt 8.1138
[stage1] epoch 63/100 step 31 | loss 4.7645 | w [15.0, 8.0, 1.0] | train det 0.0386 seg 0.0669 cnt 3.6508
[stage1] epoch 63/100 step 32 | loss 14.2831 | w [15.0, 8.0, 1.0] | train det 0.0567 seg 0.1478 cnt 12.2505
[stage1] epoch 63/100 step 33 | loss 8.4117 | w [15.0, 8.0, 1.0] | train det 0.0939 seg 0.0606 cnt 6.5182
[stage1] epoch 63/100 step 34 | loss 4.0972 | w [15.0, 8.0, 1.0] | train det 0.0859 seg 0.1434 cnt 1.6619
[stage1] epoch 63/100 step 35 | loss 11.5732 | w [15.0, 8.0, 1.0] | train det 0.4870 seg 0.0437 cnt 3.9189
[stage1] epoch 63/100 step 36 | loss 4.0553 | w [15.0, 8.0, 1.0] | train det 0.0550 seg 0.1085 cnt 2.3626
[stage1] epoch 63/100 step 37 | loss 7.3812 | w [15.0, 8.0, 1.0] | train det 0.1331 seg 0.2328 cnt 3.5227
[stage1] epoch 63/100 step 38 | loss 4.2053 | w [15.0, 8.0, 1.0] | train det 0.0821 seg 0.0540 cnt 2.5420
[stage1] epoch 63/100 step 39 | loss 6.9781 | w [15.0, 8.0, 1.0] | train det 0.0493 seg 0.1356 cnt 5.1534
[stage1] epoch 63/100 step 40 | loss 13.5199 | w [15.0, 8.0, 1.0] | train det 0.0688 seg 0.1777 cnt 11.0666
[stage1] epoch 63/100 step 41 | loss 9.0702 | w [15.0, 8.0, 1.0] | train det 0.2119 seg 0.0817 cnt 5.2384
[stage1] epoch 63/100 step 42 | loss 4.7575 | w [15.0, 8.0, 1.0] | train det 0.0637 seg 0.1061 cnt 2.9536
[stage1] epoch 63/100 step 43 | loss 5.5418 | w [15.0, 8.0, 1.0] | train det 0.1497 seg 0.1390 cnt 2.1848
[stage1] epoch 63/100 | train 7.8714 | det 0.1185 seg 0.1314 cnt 5.0434
[stage1] epoch 64/100 step 1 | loss 11.2989 | w [15.0, 8.0, 1.0] | train det 0.1125 seg 0.1037 cnt 8.7824
[stage1] epoch 64/100 step 2 | loss 13.2712 | w [15.0, 8.0, 1.0] | train det 0.2871 seg 0.0991 cnt 8.1711
[stage1] epoch 64/100 step 3 | loss 6.4625 | w [15.0, 8.0, 1.0] | train det 0.2070 seg 0.1621 cnt 2.0603
[stage1] epoch 64/100 step 4 | loss 6.8963 | w [15.0, 8.0, 1.0] | train det 0.1998 seg 0.1935 cnt 2.3520
[stage1] epoch 64/100 step 5 | loss 5.2359 | w [15.0, 8.0, 1.0] | train det 0.0954 seg 0.1531 cnt 2.5796
[stage1] epoch 64/100 step 6 | loss 8.0815 | w [15.0, 8.0, 1.0] | train det 0.0899 seg 0.1931 cnt 5.1878
[stage1] epoch 64/100 step 7 | loss 8.7717 | w [15.0, 8.0, 1.0] | train det 0.1090 seg 0.0706 cnt 6.5725
[stage1] epoch 64/100 step 8 | loss 6.5207 | w [15.0, 8.0, 1.0] | train det 0.1223 seg 0.1445 cnt 3.5297
[stage1] epoch 64/100 step 9 | loss 6.8982 | w [15.0, 8.0, 1.0] | train det 0.0772 seg 0.0864 cnt 5.0499
[stage1] epoch 64/100 step 10 | loss 8.0284 | w [15.0, 8.0, 1.0] | train det 0.1452 seg 0.1387 cnt 4.7406
[stage1] epoch 64/100 step 11 | loss 4.3702 | w [15.0, 8.0, 1.0] | train det 0.0889 seg 0.0338 cnt 2.7661
[stage1] epoch 64/100 step 12 | loss 33.3352 | w [15.0, 8.0, 1.0] | train det 0.2301 seg 0.1259 cnt 28.8775
[stage1] epoch 64/100 step 13 | loss 5.8518 | w [15.0, 8.0, 1.0] | train det 0.0622 seg 0.1349 cnt 3.8398
[stage1] epoch 64/100 step 14 | loss 7.7297 | w [15.0, 8.0, 1.0] | train det 0.0339 seg 0.1062 cnt 6.3711
[stage1] epoch 64/100 step 15 | loss 10.7042 | w [15.0, 8.0, 1.0] | train det 0.2771 seg 0.0669 cnt 6.0126
[stage1] epoch 64/100 step 16 | loss 6.3754 | w [15.0, 8.0, 1.0] | train det 0.0760 seg 0.3145 cnt 2.7188
[stage1] epoch 64/100 step 17 | loss 11.6535 | w [15.0, 8.0, 1.0] | train det 0.1542 seg 0.1144 cnt 8.4253
[stage1] epoch 64/100 step 18 | loss 5.0337 | w [15.0, 8.0, 1.0] | train det 0.0806 seg 0.2134 cnt 2.1173
[stage1] epoch 64/100 step 19 | loss 6.9470 | w [15.0, 8.0, 1.0] | train det 0.0698 seg 0.0853 cnt 5.2174
[stage1] epoch 64/100 step 20 | loss 6.2898 | w [15.0, 8.0, 1.0] | train det 0.0435 seg 0.0817 cnt 4.9837
[stage1] epoch 64/100 step 21 | loss 6.2422 | w [15.0, 8.0, 1.0] | train det 0.1037 seg 0.1400 cnt 3.5672
[stage1] epoch 64/100 step 22 | loss 16.4106 | w [15.0, 8.0, 1.0] | train det 0.2398 seg 0.2275 cnt 10.9942
[stage1] epoch 64/100 step 23 | loss 2.8122 | w [15.0, 8.0, 1.0] | train det 0.0420 seg 0.0310 cnt 1.9346
[stage1] epoch 64/100 step 24 | loss 6.6153 | w [15.0, 8.0, 1.0] | train det 0.0624 seg 0.1367 cnt 4.5867
[stage1] epoch 64/100 step 25 | loss 17.6227 | w [15.0, 8.0, 1.0] | train det 0.4484 seg 0.1684 cnt 9.5500
[stage1] epoch 64/100 step 26 | loss 11.6867 | w [15.0, 8.0, 1.0] | train det 0.2032 seg 0.1515 cnt 7.4271
[stage1] epoch 64/100 step 27 | loss 6.2507 | w [15.0, 8.0, 1.0] | train det 0.0956 seg 0.3073 cnt 2.3577
[stage1] epoch 64/100 step 28 | loss 6.3812 | w [15.0, 8.0, 1.0] | train det 0.1806 seg 0.1723 cnt 2.2941
[stage1] epoch 64/100 step 29 | loss 3.4078 | w [15.0, 8.0, 1.0] | train det 0.0518 seg 0.0693 cnt 2.0760
[stage1] epoch 64/100 step 30 | loss 8.7865 | w [15.0, 8.0, 1.0] | train det 0.0752 seg 0.2097 cnt 5.9800
[stage1] epoch 64/100 step 31 | loss 9.1488 | w [15.0, 8.0, 1.0] | train det 0.0686 seg 0.1252 cnt 7.1175
[stage1] epoch 64/100 step 32 | loss 9.4551 | w [15.0, 8.0, 1.0] | train det 0.0982 seg 0.0684 cnt 7.4348
[stage1] epoch 64/100 step 33 | loss 8.1885 | w [15.0, 8.0, 1.0] | train det 0.1241 seg 0.1446 cnt 5.1701
[stage1] epoch 64/100 step 34 | loss 4.6729 | w [15.0, 8.0, 1.0] | train det 0.0611 seg 0.0792 cnt 3.1231
[stage1] epoch 64/100 step 35 | loss 5.4411 | w [15.0, 8.0, 1.0] | train det 0.0655 seg 0.1539 cnt 3.2271
[stage1] epoch 64/100 step 36 | loss 16.9589 | w [15.0, 8.0, 1.0] | train det 0.0226 seg 0.2507 cnt 14.6145
[stage1] epoch 64/100 step 37 | loss 4.9892 | w [15.0, 8.0, 1.0] | train det 0.1084 seg 0.1303 cnt 2.3204
[stage1] epoch 64/100 step 38 | loss 9.2925 | w [15.0, 8.0, 1.0] | train det 0.2968 seg 0.0180 cnt 4.6970
[stage1] epoch 64/100 step 39 | loss 12.2445 | w [15.0, 8.0, 1.0] | train det 0.2167 seg 0.1568 cnt 7.7386
[stage1] epoch 64/100 step 40 | loss 6.6244 | w [15.0, 8.0, 1.0] | train det 0.1710 seg 0.1030 cnt 3.2357
[stage1] epoch 64/100 step 41 | loss 10.9277 | w [15.0, 8.0, 1.0] | train det 0.1085 seg 0.1396 cnt 8.1827
[stage1] epoch 64/100 step 42 | loss 4.6806 | w [15.0, 8.0, 1.0] | train det 0.1057 seg 0.1430 cnt 1.9513
[stage1] epoch 64/100 step 43 | loss 7.5784 | w [15.0, 8.0, 1.0] | train det 0.0708 seg 0.2404 cnt 4.5937
[stage1] epoch 64/100 | train 8.7482 | det 0.1298 seg 0.1393 cnt 5.6867
[stage1] epoch 65/100 step 1 | loss 6.6997 | w [15.0, 8.0, 1.0] | train det 0.1842 seg 0.2792 cnt 1.7035
[stage1] epoch 65/100 step 2 | loss 12.2229 | w [15.0, 8.0, 1.0] | train det 0.4772 seg 0.1461 cnt 3.8962
[stage1] epoch 65/100 step 3 | loss 4.9318 | w [15.0, 8.0, 1.0] | train det 0.0783 seg 0.1029 cnt 2.9338
[stage1] epoch 65/100 step 4 | loss 10.9827 | w [15.0, 8.0, 1.0] | train det 0.3528 seg 0.0989 cnt 4.9001
[stage1] epoch 65/100 step 5 | loss 5.7928 | w [15.0, 8.0, 1.0] | train det 0.0428 seg 0.1288 cnt 4.1201
[stage1] epoch 65/100 step 6 | loss 28.8670 | w [15.0, 8.0, 1.0] | train det 0.1960 seg 0.0700 cnt 25.3672
[stage1] epoch 65/100 step 7 | loss 5.2625 | w [15.0, 8.0, 1.0] | train det 0.0752 seg 0.0479 cnt 3.7510
[stage1] epoch 65/100 step 8 | loss 5.1093 | w [15.0, 8.0, 1.0] | train det 0.0608 seg 0.1230 cnt 3.2144
[stage1] epoch 65/100 step 9 | loss 9.5769 | w [15.0, 8.0, 1.0] | train det 0.1697 seg 0.1651 cnt 5.7112
[stage1] epoch 65/100 step 10 | loss 7.6878 | w [15.0, 8.0, 1.0] | train det 0.1130 seg 0.0410 cnt 5.6641
[stage1] epoch 65/100 step 11 | loss 6.6155 | w [15.0, 8.0, 1.0] | train det 0.1119 seg 0.0514 cnt 4.5263
[stage1] epoch 65/100 step 12 | loss 22.9575 | w [15.0, 8.0, 1.0] | train det 0.0671 seg 0.1398 cnt 20.8319
[stage1] epoch 65/100 step 13 | loss 5.5853 | w [15.0, 8.0, 1.0] | train det 0.0712 seg 0.2017 cnt 2.9044
[stage1] epoch 65/100 step 14 | loss 5.6465 | w [15.0, 8.0, 1.0] | train det 0.1733 seg 0.1183 cnt 2.1017
[stage1] epoch 65/100 step 15 | loss 6.8509 | w [15.0, 8.0, 1.0] | train det 0.0583 seg 0.1806 cnt 4.5319
[stage1] epoch 65/100 step 16 | loss 10.3822 | w [15.0, 8.0, 1.0] | train det 0.0392 seg 0.2003 cnt 8.1911
[stage1] epoch 65/100 step 17 | loss 5.0183 | w [15.0, 8.0, 1.0] | train det 0.0374 seg 0.1488 cnt 3.2668
[stage1] epoch 65/100 step 18 | loss 11.9110 | w [15.0, 8.0, 1.0] | train det 0.4995 seg 0.1552 cnt 3.1768
[stage1] epoch 65/100 step 19 | loss 8.1339 | w [15.0, 8.0, 1.0] | train det 0.2684 seg 0.0943 cnt 3.3535
[stage1] epoch 65/100 step 20 | loss 53.8080 | w [15.0, 8.0, 1.0] | train det 0.0524 seg 0.2031 cnt 51.3978
[stage1] epoch 65/100 step 21 | loss 8.2105 | w [15.0, 8.0, 1.0] | train det 0.0747 seg 0.1020 cnt 6.2742
[stage1] epoch 65/100 step 22 | loss 6.0740 | w [15.0, 8.0, 1.0] | train det 0.0355 seg 0.1715 cnt 4.1691
[stage1] epoch 65/100 step 23 | loss 6.8216 | w [15.0, 8.0, 1.0] | train det 0.1152 seg 0.0958 cnt 4.3277
[stage1] epoch 65/100 step 24 | loss 6.5897 | w [15.0, 8.0, 1.0] | train det 0.2225 seg 0.1537 cnt 2.0220
[stage1] epoch 65/100 step 25 | loss 4.3251 | w [15.0, 8.0, 1.0] | train det 0.0350 seg 0.2497 cnt 1.8028
[stage1] epoch 65/100 step 26 | loss 4.4399 | w [15.0, 8.0, 1.0] | train det 0.0405 seg 0.0678 cnt 3.2896
[stage1] epoch 65/100 step 27 | loss 5.6237 | w [15.0, 8.0, 1.0] | train det 0.0889 seg 0.1398 cnt 3.1720
[stage1] epoch 65/100 step 28 | loss 8.8892 | w [15.0, 8.0, 1.0] | train det 0.1970 seg 0.1166 cnt 5.0017
[stage1] epoch 65/100 step 29 | loss 7.3771 | w [15.0, 8.0, 1.0] | train det 0.1556 seg 0.0861 cnt 4.3554
[stage1] epoch 65/100 step 30 | loss 24.8011 | w [15.0, 8.0, 1.0] | train det 0.0492 seg 0.2253 cnt 22.2611
[stage1] epoch 65/100 step 31 | loss 5.7224 | w [15.0, 8.0, 1.0] | train det 0.0790 seg 0.2052 cnt 2.8954
[stage1] epoch 65/100 step 32 | loss 7.6162 | w [15.0, 8.0, 1.0] | train det 0.2014 seg 0.2450 cnt 2.6356
[stage1] epoch 65/100 step 33 | loss 7.7140 | w [15.0, 8.0, 1.0] | train det 0.0970 seg 0.1403 cnt 5.1375
[stage1] epoch 65/100 step 34 | loss 10.6486 | w [15.0, 8.0, 1.0] | train det 0.2720 seg 0.1693 cnt 5.2142
[stage1] epoch 65/100 step 35 | loss 9.4442 | w [15.0, 8.0, 1.0] | train det 0.2852 seg 0.1232 cnt 4.1811
[stage1] epoch 65/100 step 36 | loss 16.4303 | w [15.0, 8.0, 1.0] | train det 0.0622 seg 0.1233 cnt 14.5107
[stage1] epoch 65/100 step 37 | loss 6.3911 | w [15.0, 8.0, 1.0] | train det 0.2054 seg 0.0891 cnt 2.5968
[stage1] epoch 65/100 step 38 | loss 10.6023 | w [15.0, 8.0, 1.0] | train det 0.5014 seg 0.1851 cnt 1.6010
[stage1] epoch 65/100 step 39 | loss 5.9555 | w [15.0, 8.0, 1.0] | train det 0.0830 seg 0.0770 cnt 4.0947
[stage1] epoch 65/100 step 40 | loss 13.5629 | w [15.0, 8.0, 1.0] | train det 0.3436 seg 0.0854 cnt 7.7262
[stage1] epoch 65/100 step 41 | loss 4.6739 | w [15.0, 8.0, 1.0] | train det 0.0508 seg 0.1744 cnt 2.5165
[stage1] epoch 65/100 step 42 | loss 7.1549 | w [15.0, 8.0, 1.0] | train det 0.1502 seg 0.1263 cnt 3.8919
[stage1] epoch 65/100 step 43 | loss 5.0670 | w [15.0, 8.0, 1.0] | train det 0.0623 seg 0.1229 cnt 3.1488
[stage1] epoch 65/100 | train 9.9576 | det 0.1520 seg 0.1389 cnt 6.5667
[stage1] epoch 66/100 step 1 | loss 8.8850 | w [15.0, 8.0, 1.0] | train det 0.2695 seg 0.1111 cnt 3.9537
[stage1] epoch 66/100 step 2 | loss 8.8838 | w [15.0, 8.0, 1.0] | train det 0.2203 seg 0.1225 cnt 4.5993
[stage1] epoch 66/100 step 3 | loss 8.6280 | w [15.0, 8.0, 1.0] | train det 0.1068 seg 0.1439 cnt 5.8749
[stage1] epoch 66/100 step 4 | loss 5.5623 | w [15.0, 8.0, 1.0] | train det 0.1506 seg 0.0955 cnt 2.5390
[stage1] epoch 66/100 step 5 | loss 13.3683 | w [15.0, 8.0, 1.0] | train det 0.4569 seg 0.1367 cnt 5.4207
[stage1] epoch 66/100 step 6 | loss 5.4927 | w [15.0, 8.0, 1.0] | train det 0.0487 seg 0.0590 cnt 4.2903
[stage1] epoch 66/100 step 7 | loss 6.0984 | w [15.0, 8.0, 1.0] | train det 0.1228 seg 0.1270 cnt 3.2402
[stage1] epoch 66/100 step 8 | loss 7.5783 | w [15.0, 8.0, 1.0] | train det 0.1697 seg 0.1743 cnt 3.6387
[stage1] epoch 66/100 step 9 | loss 7.3483 | w [15.0, 8.0, 1.0] | train det 0.0353 seg 0.0770 cnt 6.2021
[stage1] epoch 66/100 step 10 | loss 5.5816 | w [15.0, 8.0, 1.0] | train det 0.1334 seg 0.1276 cnt 2.5590
[stage1] epoch 66/100 step 11 | loss 8.2101 | w [15.0, 8.0, 1.0] | train det 0.1540 seg 0.1908 cnt 4.3742
[stage1] epoch 66/100 step 12 | loss 7.1544 | w [15.0, 8.0, 1.0] | train det 0.2319 seg 0.1905 cnt 2.1520
[stage1] epoch 66/100 step 13 | loss 5.3995 | w [15.0, 8.0, 1.0] | train det 0.0688 seg 0.1571 cnt 3.1099
[stage1] epoch 66/100 step 14 | loss 11.3878 | w [15.0, 8.0, 1.0] | train det 0.2038 seg 0.2265 cnt 6.5191
[stage1] epoch 66/100 step 15 | loss 7.2557 | w [15.0, 8.0, 1.0] | train det 0.1605 seg 0.0988 cnt 4.0582
[stage1] epoch 66/100 step 16 | loss 6.5870 | w [15.0, 8.0, 1.0] | train det 0.0864 seg 0.1088 cnt 4.4201
[stage1] epoch 66/100 step 17 | loss 6.0860 | w [15.0, 8.0, 1.0] | train det 0.0951 seg 0.1031 cnt 3.8344
[stage1] epoch 66/100 step 18 | loss 7.1514 | w [15.0, 8.0, 1.0] | train det 0.0923 seg 0.1084 cnt 4.9006
[stage1] epoch 66/100 step 19 | loss 4.8289 | w [15.0, 8.0, 1.0] | train det 0.0581 seg 0.0604 cnt 3.4745
[stage1] epoch 66/100 step 20 | loss 7.1676 | w [15.0, 8.0, 1.0] | train det 0.2206 seg 0.0764 cnt 3.2468
[stage1] epoch 66/100 step 21 | loss 9.5187 | w [15.0, 8.0, 1.0] | train det 0.2570 seg 0.1366 cnt 4.5700
[stage1] epoch 66/100 step 22 | loss 8.4718 | w [15.0, 8.0, 1.0] | train det 0.1443 seg 0.1057 cnt 5.4612
[stage1] epoch 66/100 step 23 | loss 4.5385 | w [15.0, 8.0, 1.0] | train det 0.1139 seg 0.1401 cnt 1.7100
[stage1] epoch 66/100 step 24 | loss 5.4101 | w [15.0, 8.0, 1.0] | train det 0.0355 seg 0.1312 cnt 3.8290
[stage1] epoch 66/100 step 25 | loss 8.7481 | w [15.0, 8.0, 1.0] | train det 0.1231 seg 0.1313 cnt 5.8504
[stage1] epoch 66/100 step 26 | loss 6.4362 | w [15.0, 8.0, 1.0] | train det 0.0602 seg 0.1095 cnt 4.6575
[stage1] epoch 66/100 step 27 | loss 13.4708 | w [15.0, 8.0, 1.0] | train det 0.4021 seg 0.0807 cnt 6.7930
[stage1] epoch 66/100 step 28 | loss 5.0148 | w [15.0, 8.0, 1.0] | train det 0.0288 seg 0.1897 cnt 3.0656
[stage1] epoch 66/100 step 29 | loss 8.3844 | w [15.0, 8.0, 1.0] | train det 0.0752 seg 0.1230 cnt 6.2723
[stage1] epoch 66/100 step 30 | loss 6.7657 | w [15.0, 8.0, 1.0] | train det 0.1426 seg 0.1591 cnt 3.3532
[stage1] epoch 66/100 step 31 | loss 6.1248 | w [15.0, 8.0, 1.0] | train det 0.1637 seg 0.0957 cnt 2.9042
[stage1] epoch 66/100 step 32 | loss 7.7061 | w [15.0, 8.0, 1.0] | train det 0.1995 seg 0.1812 cnt 3.2641
[stage1] epoch 66/100 step 33 | loss 6.2010 | w [15.0, 8.0, 1.0] | train det 0.0671 seg 0.0991 cnt 4.4020
[stage1] epoch 66/100 step 34 | loss 3.6795 | w [15.0, 8.0, 1.0] | train det 0.0315 seg 0.0719 cnt 2.6316
[stage1] epoch 66/100 step 35 | loss 7.4154 | w [15.0, 8.0, 1.0] | train det 0.1451 seg 0.0658 cnt 4.7131
[stage1] epoch 66/100 step 36 | loss 3.3322 | w [15.0, 8.0, 1.0] | train det 0.0423 seg 0.1002 cnt 1.8956
[stage1] epoch 66/100 step 37 | loss 6.8054 | w [15.0, 8.0, 1.0] | train det 0.2408 seg 0.1109 cnt 2.3063
[stage1] epoch 66/100 step 38 | loss 9.9010 | w [15.0, 8.0, 1.0] | train det 0.1902 seg 0.1263 cnt 6.0379
[stage1] epoch 66/100 step 39 | loss 7.7898 | w [15.0, 8.0, 1.0] | train det 0.1322 seg 0.1926 cnt 4.2655
[stage1] epoch 66/100 step 40 | loss 7.3729 | w [15.0, 8.0, 1.0] | train det 0.1628 seg 0.1305 cnt 3.8870
[stage1] epoch 66/100 step 41 | loss 12.2625 | w [15.0, 8.0, 1.0] | train det 0.4602 seg 0.1836 cnt 3.8909
[stage1] epoch 66/100 step 42 | loss 5.5758 | w [15.0, 8.0, 1.0] | train det 0.0569 seg 0.0970 cnt 3.9465
[stage1] epoch 66/100 step 43 | loss 6.5982 | w [15.0, 8.0, 1.0] | train det 0.1088 seg 0.2341 cnt 3.0935
[stage1] epoch 66/100 | train 7.3530 | det 0.1504 seg 0.1277 cnt 4.0746
[stage1] epoch 67/100 step 1 | loss 5.2826 | w [15.0, 8.0, 1.0] | train det 0.0836 seg 0.2272 cnt 2.2107
[stage1] epoch 67/100 step 2 | loss 3.8280 | w [15.0, 8.0, 1.0] | train det 0.0756 seg 0.1293 cnt 1.6592
[stage1] epoch 67/100 step 3 | loss 6.0920 | w [15.0, 8.0, 1.0] | train det 0.0873 seg 0.1988 cnt 3.1915
[stage1] epoch 67/100 step 4 | loss 6.9908 | w [15.0, 8.0, 1.0] | train det 0.2389 seg 0.0973 cnt 2.6294
[stage1] epoch 67/100 step 5 | loss 6.4994 | w [15.0, 8.0, 1.0] | train det 0.1727 seg 0.1278 cnt 2.8864
[stage1] epoch 67/100 step 6 | loss 9.4274 | w [15.0, 8.0, 1.0] | train det 0.3535 seg 0.1456 cnt 2.9595
[stage1] epoch 67/100 step 7 | loss 9.8386 | w [15.0, 8.0, 1.0] | train det 0.0560 seg 0.1014 cnt 8.1871
[stage1] epoch 67/100 step 8 | loss 15.7096 | w [15.0, 8.0, 1.0] | train det 0.1618 seg 0.1711 cnt 11.9138
[stage1] epoch 67/100 step 9 | loss 13.5408 | w [15.0, 8.0, 1.0] | train det 0.1351 seg 0.1183 cnt 10.5682
[stage1] epoch 67/100 step 10 | loss 8.4402 | w [15.0, 8.0, 1.0] | train det 0.2210 seg 0.1137 cnt 4.2160
[stage1] epoch 67/100 step 11 | loss 10.6345 | w [15.0, 8.0, 1.0] | train det 0.1661 seg 0.1324 cnt 7.0836
[stage1] epoch 67/100 step 12 | loss 5.4847 | w [15.0, 8.0, 1.0] | train det 0.0865 seg 0.0823 cnt 3.5284
[stage1] epoch 67/100 step 13 | loss 5.0072 | w [15.0, 8.0, 1.0] | train det 0.0993 seg 0.0793 cnt 2.8840
[stage1] epoch 67/100 step 14 | loss 3.9885 | w [15.0, 8.0, 1.0] | train det 0.1089 seg 0.0256 cnt 2.1499
[stage1] epoch 67/100 step 15 | loss 9.6450 | w [15.0, 8.0, 1.0] | train det 0.2188 seg 0.0800 cnt 5.7238
[stage1] epoch 67/100 step 16 | loss 16.9630 | w [15.0, 8.0, 1.0] | train det 0.4054 seg 0.0728 cnt 10.2993
[stage1] epoch 67/100 step 17 | loss 5.5334 | w [15.0, 8.0, 1.0] | train det 0.2583 seg 0.0707 cnt 1.0924
[stage1] epoch 67/100 step 18 | loss 5.6102 | w [15.0, 8.0, 1.0] | train det 0.0797 seg 0.1435 cnt 3.2672
[stage1] epoch 67/100 step 19 | loss 10.4052 | w [15.0, 8.0, 1.0] | train det 0.1769 seg 0.2301 cnt 5.9113
[stage1] epoch 67/100 step 20 | loss 6.8639 | w [15.0, 8.0, 1.0] | train det 0.0604 seg 0.2822 cnt 3.7005
[stage1] epoch 67/100 step 21 | loss 7.6732 | w [15.0, 8.0, 1.0] | train det 0.1052 seg 0.1110 cnt 5.2079
[stage1] epoch 67/100 step 22 | loss 5.3691 | w [15.0, 8.0, 1.0] | train det 0.0790 seg 0.1454 cnt 3.0216
[stage1] epoch 67/100 step 23 | loss 8.5018 | w [15.0, 8.0, 1.0] | train det 0.0513 seg 0.0881 cnt 7.0273
[stage1] epoch 67/100 step 24 | loss 7.2927 | w [15.0, 8.0, 1.0] | train det 0.1606 seg 0.1301 cnt 3.8424
[stage1] epoch 67/100 step 25 | loss 6.7240 | w [15.0, 8.0, 1.0] | train det 0.0974 seg 0.2461 cnt 3.2945
[stage1] epoch 67/100 step 26 | loss 5.0691 | w [15.0, 8.0, 1.0] | train det 0.1781 seg 0.0975 cnt 1.6176
[stage1] epoch 67/100 step 27 | loss 5.1192 | w [15.0, 8.0, 1.0] | train det 0.0803 seg 0.0801 cnt 3.2734
[stage1] epoch 67/100 step 28 | loss 5.8782 | w [15.0, 8.0, 1.0] | train det 0.1090 seg 0.1739 cnt 2.8525
[stage1] epoch 67/100 step 29 | loss 5.6662 | w [15.0, 8.0, 1.0] | train det 0.1397 seg 0.1014 cnt 2.7593
[stage1] epoch 67/100 step 30 | loss 6.0268 | w [15.0, 8.0, 1.0] | train det 0.1421 seg 0.1513 cnt 2.6847
[stage1] epoch 67/100 step 31 | loss 10.0759 | w [15.0, 8.0, 1.0] | train det 0.2042 seg 0.1215 cnt 6.0398
[stage1] epoch 67/100 step 32 | loss 6.9589 | w [15.0, 8.0, 1.0] | train det 0.1464 seg 0.0637 cnt 4.2537
[stage1] epoch 67/100 step 33 | loss 8.3882 | w [15.0, 8.0, 1.0] | train det 0.0431 seg 0.1001 cnt 6.9412
[stage1] epoch 67/100 step 34 | loss 10.4969 | w [15.0, 8.0, 1.0] | train det 0.2671 seg 0.1433 cnt 5.3430
[stage1] epoch 67/100 step 35 | loss 6.7581 | w [15.0, 8.0, 1.0] | train det 0.0589 seg 0.1027 cnt 5.0527
[stage1] epoch 67/100 step 36 | loss 6.1889 | w [15.0, 8.0, 1.0] | train det 0.0521 seg 0.2097 cnt 3.7304
[stage1] epoch 67/100 step 37 | loss 3.4904 | w [15.0, 8.0, 1.0] | train det 0.0779 seg 0.0327 cnt 2.0594
[stage1] epoch 67/100 step 38 | loss 4.2642 | w [15.0, 8.0, 1.0] | train det 0.0931 seg 0.0901 cnt 2.1467
[stage1] epoch 67/100 step 39 | loss 7.7901 | w [15.0, 8.0, 1.0] | train det 0.0741 seg 0.1600 cnt 5.3991
[stage1] epoch 67/100 step 40 | loss 12.7470 | w [15.0, 8.0, 1.0] | train det 0.2747 seg 0.1320 cnt 7.5701
[stage1] epoch 67/100 step 41 | loss 4.2698 | w [15.0, 8.0, 1.0] | train det 0.1040 seg 0.1427 cnt 1.5684
[stage1] epoch 67/100 step 42 | loss 9.6176 | w [15.0, 8.0, 1.0] | train det 0.3166 seg 0.1658 cnt 3.5412
[stage1] epoch 67/100 step 43 | loss 7.7950 | w [15.0, 8.0, 1.0] | train det 0.0534 seg 0.1706 cnt 5.6298
[stage1] epoch 67/100 | train 7.6267 | det 0.1431 seg 0.1300 cnt 4.4400
[stage1] epoch 68/100 step 1 | loss 12.2388 | w [15.0, 8.0, 1.0] | train det 0.0326 seg 0.0959 cnt 10.9832
[stage1] epoch 68/100 step 2 | loss 16.8527 | w [15.0, 8.0, 1.0] | train det 0.2460 seg 0.2282 cnt 11.3362
[stage1] epoch 68/100 step 3 | loss 4.8373 | w [15.0, 8.0, 1.0] | train det 0.1326 seg 0.1926 cnt 1.3069
[stage1] epoch 68/100 step 4 | loss 3.2657 | w [15.0, 8.0, 1.0] | train det 0.0499 seg 0.1389 cnt 1.4055
[stage1] epoch 68/100 step 5 | loss 7.1756 | w [15.0, 8.0, 1.0] | train det 0.1467 seg 0.1113 cnt 4.0853
[stage1] epoch 68/100 step 6 | loss 8.3441 | w [15.0, 8.0, 1.0] | train det 0.2790 seg 0.1209 cnt 3.1921
[stage1] epoch 68/100 step 7 | loss 6.3924 | w [15.0, 8.0, 1.0] | train det 0.0661 seg 0.1510 cnt 4.1931
[stage1] epoch 68/100 step 8 | loss 7.8626 | w [15.0, 8.0, 1.0] | train det 0.2740 seg 0.0450 cnt 3.3919
[stage1] epoch 68/100 step 9 | loss 6.2816 | w [15.0, 8.0, 1.0] | train det 0.2180 seg 0.1222 cnt 2.0347
[stage1] epoch 68/100 step 10 | loss 8.0106 | w [15.0, 8.0, 1.0] | train det 0.2308 seg 0.1144 cnt 3.6342
[stage1] epoch 68/100 step 11 | loss 4.6717 | w [15.0, 8.0, 1.0] | train det 0.0992 seg 0.2206 cnt 1.4190
[stage1] epoch 68/100 step 12 | loss 9.8815 | w [15.0, 8.0, 1.0] | train det 0.4790 seg 0.0872 cnt 1.9990
[stage1] epoch 68/100 step 13 | loss 7.1712 | w [15.0, 8.0, 1.0] | train det 0.1687 seg 0.1157 cnt 3.7146
[stage1] epoch 68/100 step 14 | loss 15.7497 | w [15.0, 8.0, 1.0] | train det 0.1811 seg 0.0636 cnt 12.5245
[stage1] epoch 68/100 step 15 | loss 7.8324 | w [15.0, 8.0, 1.0] | train det 0.0972 seg 0.1499 cnt 5.1748
[stage1] epoch 68/100 step 16 | loss 9.5461 | w [15.0, 8.0, 1.0] | train det 0.0601 seg 0.0435 cnt 8.2962
[stage1] epoch 68/100 step 17 | loss 5.8485 | w [15.0, 8.0, 1.0] | train det 0.1474 seg 0.0806 cnt 2.9935
[stage1] epoch 68/100 step 18 | loss 6.6191 | w [15.0, 8.0, 1.0] | train det 0.2660 seg 0.0525 cnt 2.2097
[stage1] epoch 68/100 step 19 | loss 5.8524 | w [15.0, 8.0, 1.0] | train det 0.1860 seg 0.0659 cnt 2.5357
[stage1] epoch 68/100 step 20 | loss 6.3821 | w [15.0, 8.0, 1.0] | train det 0.0674 seg 0.1805 cnt 3.9275
[stage1] epoch 68/100 step 21 | loss 7.3220 | w [15.0, 8.0, 1.0] | train det 0.0765 seg 0.1697 cnt 4.8176
[stage1] epoch 68/100 step 22 | loss 6.1419 | w [15.0, 8.0, 1.0] | train det 0.0664 seg 0.1515 cnt 3.9333
[stage1] epoch 68/100 step 23 | loss 3.7312 | w [15.0, 8.0, 1.0] | train det 0.0335 seg 0.0717 cnt 2.6544
[stage1] epoch 68/100 step 24 | loss 8.0502 | w [15.0, 8.0, 1.0] | train det 0.3264 seg 0.1379 cnt 2.0516
[stage1] epoch 68/100 step 25 | loss 21.1509 | w [15.0, 8.0, 1.0] | train det 0.6387 seg 0.1238 cnt 10.5799
[stage1] epoch 68/100 step 26 | loss 14.5918 | w [15.0, 8.0, 1.0] | train det 0.0860 seg 0.0785 cnt 12.6731
[stage1] epoch 68/100 step 27 | loss 5.9591 | w [15.0, 8.0, 1.0] | train det 0.2673 seg 0.0972 cnt 1.1725
[stage1] epoch 68/100 step 28 | loss 4.1853 | w [15.0, 8.0, 1.0] | train det 0.0599 seg 0.1596 cnt 2.0093
[stage1] epoch 68/100 step 29 | loss 6.8984 | w [15.0, 8.0, 1.0] | train det 0.1747 seg 0.1455 cnt 3.1137
[stage1] epoch 68/100 step 30 | loss 7.9520 | w [15.0, 8.0, 1.0] | train det 0.1815 seg 0.2942 cnt 2.8763
[stage1] epoch 68/100 step 31 | loss 5.1325 | w [15.0, 8.0, 1.0] | train det 0.0957 seg 0.0687 cnt 3.1475
[stage1] epoch 68/100 step 32 | loss 4.8141 | w [15.0, 8.0, 1.0] | train det 0.0682 seg 0.0460 cnt 3.4227
[stage1] epoch 68/100 step 33 | loss 9.1717 | w [15.0, 8.0, 1.0] | train det 0.4145 seg 0.0986 cnt 2.1658
[stage1] epoch 68/100 step 34 | loss 9.8494 | w [15.0, 8.0, 1.0] | train det 0.3705 seg 0.1284 cnt 3.2647
[stage1] epoch 68/100 step 35 | loss 2.4368 | w [15.0, 8.0, 1.0] | train det 0.0309 seg 0.0761 cnt 1.3645
[stage1] epoch 68/100 step 36 | loss 9.0171 | w [15.0, 8.0, 1.0] | train det 0.4286 seg 0.0837 cnt 1.9189
[stage1] epoch 68/100 step 37 | loss 5.1331 | w [15.0, 8.0, 1.0] | train det 0.0451 seg 0.1233 cnt 3.4702
[stage1] epoch 68/100 step 38 | loss 17.7876 | w [15.0, 8.0, 1.0] | train det 0.2710 seg 0.1656 cnt 12.3978
[stage1] epoch 68/100 step 39 | loss 9.1649 | w [15.0, 8.0, 1.0] | train det 0.1778 seg 0.0925 cnt 5.7585
[stage1] epoch 68/100 step 40 | loss 8.4403 | w [15.0, 8.0, 1.0] | train det 0.0507 seg 0.0932 cnt 6.9340
[stage1] epoch 68/100 step 41 | loss 5.3512 | w [15.0, 8.0, 1.0] | train det 0.1471 seg 0.0575 cnt 2.6850
[stage1] epoch 68/100 step 42 | loss 6.5983 | w [15.0, 8.0, 1.0] | train det 0.2345 seg 0.1287 cnt 2.0513
[stage1] epoch 68/100 step 43 | loss 4.3354 | w [15.0, 8.0, 1.0] | train det 0.0926 seg 0.0993 cnt 2.1519
[stage1] epoch 68/100 | train 8.0007 | det 0.1806 seg 0.1180 cnt 4.3482
[stage1] epoch 69/100 step 1 | loss 4.8189 | w [15.0, 8.0, 1.0] | train det 0.1052 seg 0.1198 cnt 2.2830
[stage1] epoch 69/100 step 2 | loss 8.4902 | w [15.0, 8.0, 1.0] | train det 0.1328 seg 0.1057 cnt 5.6527
[stage1] epoch 69/100 step 3 | loss 8.8158 | w [15.0, 8.0, 1.0] | train det 0.0784 seg 0.1892 cnt 6.1258
[stage1] epoch 69/100 step 4 | loss 4.5334 | w [15.0, 8.0, 1.0] | train det 0.1577 seg 0.0831 cnt 1.5033
[stage1] epoch 69/100 step 5 | loss 12.1381 | w [15.0, 8.0, 1.0] | train det 0.1194 seg 0.1261 cnt 9.3382
[stage1] epoch 69/100 step 6 | loss 6.7407 | w [15.0, 8.0, 1.0] | train det 0.1694 seg 0.1465 cnt 3.0271
[stage1] epoch 69/100 step 7 | loss 5.8215 | w [15.0, 8.0, 1.0] | train det 0.1084 seg 0.1502 cnt 2.9936
[stage1] epoch 69/100 step 8 | loss 8.3256 | w [15.0, 8.0, 1.0] | train det 0.0971 seg 0.1229 cnt 5.8865
[stage1] epoch 69/100 step 9 | loss 6.3602 | w [15.0, 8.0, 1.0] | train det 0.0443 seg 0.1564 cnt 4.4442
[stage1] epoch 69/100 step 10 | loss 12.9724 | w [15.0, 8.0, 1.0] | train det 0.5901 seg 0.0998 cnt 3.3227
[stage1] epoch 69/100 step 11 | loss 4.5208 | w [15.0, 8.0, 1.0] | train det 0.0757 seg 0.0757 cnt 2.7799
[stage1] epoch 69/100 step 12 | loss 3.5003 | w [15.0, 8.0, 1.0] | train det 0.0570 seg 0.0936 cnt 1.8958
[stage1] epoch 69/100 step 13 | loss 5.5979 | w [15.0, 8.0, 1.0] | train det 0.1513 seg 0.1646 cnt 2.0115
[stage1] epoch 69/100 step 14 | loss 4.3796 | w [15.0, 8.0, 1.0] | train det 0.0904 seg 0.0981 cnt 2.2384
[stage1] epoch 69/100 step 15 | loss 3.0461 | w [15.0, 8.0, 1.0] | train det 0.0485 seg 0.1354 cnt 1.2356
[stage1] epoch 69/100 step 16 | loss 13.6371 | w [15.0, 8.0, 1.0] | train det 0.5199 seg 0.1402 cnt 4.7173
[stage1] epoch 69/100 step 17 | loss 7.5487 | w [15.0, 8.0, 1.0] | train det 0.1052 seg 0.2388 cnt 4.0596
[stage1] epoch 69/100 step 18 | loss 3.9582 | w [15.0, 8.0, 1.0] | train det 0.0673 seg 0.0870 cnt 2.2528
[stage1] epoch 69/100 step 19 | loss 6.6368 | w [15.0, 8.0, 1.0] | train det 0.0262 seg 0.1379 cnt 5.1411
[stage1] epoch 69/100 step 20 | loss 10.9652 | w [15.0, 8.0, 1.0] | train det 0.1336 seg 0.1491 cnt 7.7690
[stage1] epoch 69/100 step 21 | loss 4.3709 | w [15.0, 8.0, 1.0] | train det 0.0753 seg 0.0888 cnt 2.5308
[stage1] epoch 69/100 step 22 | loss 6.0342 | w [15.0, 8.0, 1.0] | train det 0.0926 seg 0.0801 cnt 4.0046
[stage1] epoch 69/100 step 23 | loss 5.3904 | w [15.0, 8.0, 1.0] | train det 0.2083 seg 0.0858 cnt 1.5800
[stage1] epoch 69/100 step 24 | loss 5.4602 | w [15.0, 8.0, 1.0] | train det 0.0395 seg 0.1919 cnt 3.3327
[stage1] epoch 69/100 step 25 | loss 5.3083 | w [15.0, 8.0, 1.0] | train det 0.1412 seg 0.1145 cnt 2.2739
[stage1] epoch 69/100 step 26 | loss 11.0696 | w [15.0, 8.0, 1.0] | train det 0.1234 seg 0.0835 cnt 8.5515
[stage1] epoch 69/100 step 27 | loss 5.3054 | w [15.0, 8.0, 1.0] | train det 0.0642 seg 0.1396 cnt 3.2255
[stage1] epoch 69/100 step 28 | loss 4.1295 | w [15.0, 8.0, 1.0] | train det 0.0975 seg 0.1619 cnt 1.3711
[stage1] epoch 69/100 step 29 | loss 12.4932 | w [15.0, 8.0, 1.0] | train det 0.1303 seg 0.0925 cnt 9.7981
[stage1] epoch 69/100 step 30 | loss 5.8103 | w [15.0, 8.0, 1.0] | train det 0.0856 seg 0.1480 cnt 3.3422
[stage1] epoch 69/100 step 31 | loss 6.8300 | w [15.0, 8.0, 1.0] | train det 0.1942 seg 0.0790 cnt 3.2841
[stage1] epoch 69/100 step 32 | loss 9.5700 | w [15.0, 8.0, 1.0] | train det 0.1225 seg 0.2042 cnt 6.0996
[stage1] epoch 69/100 step 33 | loss 6.9809 | w [15.0, 8.0, 1.0] | train det 0.0960 seg 0.1327 cnt 4.4783
[stage1] epoch 69/100 step 34 | loss 6.3672 | w [15.0, 8.0, 1.0] | train det 0.0874 seg 0.2188 cnt 3.3060
[stage1] epoch 69/100 step 35 | loss 5.7727 | w [15.0, 8.0, 1.0] | train det 0.1172 seg 0.1502 cnt 2.8122
[stage1] epoch 69/100 step 36 | loss 3.7754 | w [15.0, 8.0, 1.0] | train det 0.0736 seg 0.0679 cnt 2.1274
[stage1] epoch 69/100 step 37 | loss 3.8472 | w [15.0, 8.0, 1.0] | train det 0.0548 seg 0.0341 cnt 2.7530
[stage1] epoch 69/100 step 38 | loss 5.5536 | w [15.0, 8.0, 1.0] | train det 0.1036 seg 0.1167 cnt 3.0661
[stage1] epoch 69/100 step 39 | loss 4.1916 | w [15.0, 8.0, 1.0] | train det 0.1120 seg 0.0932 cnt 1.7662
[stage1] epoch 69/100 step 40 | loss 9.0930 | w [15.0, 8.0, 1.0] | train det 0.1828 seg 0.2567 cnt 4.2972
[stage1] epoch 69/100 step 41 | loss 7.8345 | w [15.0, 8.0, 1.0] | train det 0.1068 seg 0.2969 cnt 3.8578
[stage1] epoch 69/100 step 42 | loss 5.6287 | w [15.0, 8.0, 1.0] | train det 0.1732 seg 0.1438 cnt 1.8807
[stage1] epoch 69/100 step 43 | loss 6.6680 | w [15.0, 8.0, 1.0] | train det 0.0807 seg 0.0535 cnt 5.0288
[stage1] epoch 69/100 | train 6.7510 | det 0.1265 seg 0.1315 cnt 3.8011
[stage1] epoch 70/100 step 1 | loss 3.6639 | w [15.0, 8.0, 1.0] | train det 0.0824 seg 0.0828 cnt 1.7660
[stage1] epoch 70/100 step 2 | loss 7.4332 | w [15.0, 8.0, 1.0] | train det 0.2487 seg 0.1104 cnt 2.8186
[stage1] epoch 70/100 step 3 | loss 8.3520 | w [15.0, 8.0, 1.0] | train det 0.1903 seg 0.1233 cnt 4.5120
[stage1] epoch 70/100 step 4 | loss 4.4147 | w [15.0, 8.0, 1.0] | train det 0.0381 seg 0.0515 cnt 3.4316
[stage1] epoch 70/100 step 5 | loss 9.4387 | w [15.0, 8.0, 1.0] | train det 0.0696 seg 0.1315 cnt 7.3432
[stage1] epoch 70/100 step 6 | loss 8.2645 | w [15.0, 8.0, 1.0] | train det 0.0681 seg 0.2080 cnt 5.5792
[stage1] epoch 70/100 step 7 | loss 6.6440 | w [15.0, 8.0, 1.0] | train det 0.0728 seg 0.1315 cnt 4.4995
[stage1] epoch 70/100 step 8 | loss 5.6978 | w [15.0, 8.0, 1.0] | train det 0.1287 seg 0.0930 cnt 3.0230
[stage1] epoch 70/100 step 9 | loss 12.8397 | w [15.0, 8.0, 1.0] | train det 0.4596 seg 0.1064 cnt 5.0949
[stage1] epoch 70/100 step 10 | loss 5.3370 | w [15.0, 8.0, 1.0] | train det 0.0747 seg 0.1374 cnt 3.1172
[stage1] epoch 70/100 step 11 | loss 7.4596 | w [15.0, 8.0, 1.0] | train det 0.2404 seg 0.2064 cnt 2.2023
[stage1] epoch 70/100 step 12 | loss 6.6122 | w [15.0, 8.0, 1.0] | train det 0.1430 seg 0.0994 cnt 3.6724
[stage1] epoch 70/100 step 13 | loss 10.9988 | w [15.0, 8.0, 1.0] | train det 0.1570 seg 0.1293 cnt 7.6099
[stage1] epoch 70/100 step 14 | loss 6.7966 | w [15.0, 8.0, 1.0] | train det 0.0560 seg 0.0794 cnt 5.3207
[stage1] epoch 70/100 step 15 | loss 4.9026 | w [15.0, 8.0, 1.0] | train det 0.1082 seg 0.1490 cnt 2.0877
[stage1] epoch 70/100 step 16 | loss 3.3567 | w [15.0, 8.0, 1.0] | train det 0.0548 seg 0.1253 cnt 1.5324
[stage1] epoch 70/100 step 17 | loss 7.9856 | w [15.0, 8.0, 1.0] | train det 0.1576 seg 0.0930 cnt 4.8777
[stage1] epoch 70/100 step 18 | loss 5.7503 | w [15.0, 8.0, 1.0] | train det 0.1396 seg 0.0859 cnt 2.9694
[stage1] epoch 70/100 step 19 | loss 5.3807 | w [15.0, 8.0, 1.0] | train det 0.1167 seg 0.1328 cnt 2.5680
[stage1] epoch 70/100 step 20 | loss 4.9470 | w [15.0, 8.0, 1.0] | train det 0.1004 seg 0.1402 cnt 2.3190
[stage1] epoch 70/100 step 21 | loss 10.0535 | w [15.0, 8.0, 1.0] | train det 0.1806 seg 0.2350 cnt 5.4644
[stage1] epoch 70/100 step 22 | loss 6.5585 | w [15.0, 8.0, 1.0] | train det 0.0523 seg 0.0782 cnt 5.1476
[stage1] epoch 70/100 step 23 | loss 10.1668 | w [15.0, 8.0, 1.0] | train det 0.0383 seg 0.0446 cnt 9.2359
[stage1] epoch 70/100 step 24 | loss 11.0438 | w [15.0, 8.0, 1.0] | train det 0.1433 seg 0.3881 cnt 5.7885
[stage1] epoch 70/100 step 25 | loss 3.8591 | w [15.0, 8.0, 1.0] | train det 0.0711 seg 0.1269 cnt 1.7779
[stage1] epoch 70/100 step 26 | loss 6.1326 | w [15.0, 8.0, 1.0] | train det 0.1146 seg 0.1158 cnt 3.4872
[stage1] epoch 70/100 step 27 | loss 7.5932 | w [15.0, 8.0, 1.0] | train det 0.1000 seg 0.0600 cnt 5.6137
[stage1] epoch 70/100 step 28 | loss 10.8638 | w [15.0, 8.0, 1.0] | train det 0.3062 seg 0.3182 cnt 3.7248
[stage1] epoch 70/100 step 29 | loss 11.3896 | w [15.0, 8.0, 1.0] | train det 0.0289 seg 0.1403 cnt 9.8335
[stage1] epoch 70/100 step 30 | loss 8.2693 | w [15.0, 8.0, 1.0] | train det 0.2129 seg 0.0941 cnt 4.3230
[stage1] epoch 70/100 step 31 | loss 5.8580 | w [15.0, 8.0, 1.0] | train det 0.1383 seg 0.1751 cnt 2.3822
[stage1] epoch 70/100 step 32 | loss 5.8574 | w [15.0, 8.0, 1.0] | train det 0.0602 seg 0.1219 cnt 3.9790
[stage1] epoch 70/100 step 33 | loss 6.8528 | w [15.0, 8.0, 1.0] | train det 0.0800 seg 0.2097 cnt 3.9763
[stage1] epoch 70/100 step 34 | loss 5.2765 | w [15.0, 8.0, 1.0] | train det 0.1177 seg 0.0748 cnt 2.9132
[stage1] epoch 70/100 step 35 | loss 5.1694 | w [15.0, 8.0, 1.0] | train det 0.0611 seg 0.1620 cnt 2.9562
[stage1] epoch 70/100 step 36 | loss 5.9747 | w [15.0, 8.0, 1.0] | train det 0.0610 seg 0.1536 cnt 3.8315
[stage1] epoch 70/100 step 37 | loss 7.6135 | w [15.0, 8.0, 1.0] | train det 0.0958 seg 0.1682 cnt 4.8312
[stage1] epoch 70/100 step 38 | loss 8.5021 | w [15.0, 8.0, 1.0] | train det 0.1868 seg 0.1313 cnt 4.6499
[stage1] epoch 70/100 step 39 | loss 4.6047 | w [15.0, 8.0, 1.0] | train det 0.1656 seg 0.0633 cnt 1.6152
[stage1] epoch 70/100 step 40 | loss 4.1759 | w [15.0, 8.0, 1.0] | train det 0.0288 seg 0.2237 cnt 1.9552
[stage1] epoch 70/100 step 41 | loss 7.1894 | w [15.0, 8.0, 1.0] | train det 0.0529 seg 0.1416 cnt 5.2638
[stage1] epoch 70/100 step 42 | loss 4.8458 | w [15.0, 8.0, 1.0] | train det 0.0626 seg 0.0805 cnt 3.2620
[stage1] epoch 70/100 step 43 | loss 4.6783 | w [15.0, 8.0, 1.0] | train det 0.0830 seg 0.1207 cnt 2.4682
[stage1] epoch 70/100 | train 6.9489 | det 0.1197 seg 0.1359 cnt 4.0657
[stage1] epoch 71/100 step 1 | loss 3.7158 | w [15.0, 8.0, 1.0] | train det 0.0318 seg 0.1168 cnt 2.3044
[stage1] epoch 71/100 step 2 | loss 6.3800 | w [15.0, 8.0, 1.0] | train det 0.0651 seg 0.0652 cnt 4.8813
[stage1] epoch 71/100 step 3 | loss 7.9763 | w [15.0, 8.0, 1.0] | train det 0.0734 seg 0.1296 cnt 5.8379
[stage1] epoch 71/100 step 4 | loss 8.9079 | w [15.0, 8.0, 1.0] | train det 0.1152 seg 0.1592 cnt 5.9062
[stage1] epoch 71/100 step 5 | loss 14.9178 | w [15.0, 8.0, 1.0] | train det 0.3078 seg 0.2013 cnt 8.6913
[stage1] epoch 71/100 step 6 | loss 3.5099 | w [15.0, 8.0, 1.0] | train det 0.0756 seg 0.1673 cnt 1.0368
[stage1] epoch 71/100 step 7 | loss 9.3657 | w [15.0, 8.0, 1.0] | train det 0.1363 seg 0.2237 cnt 5.5317
[stage1] epoch 71/100 step 8 | loss 14.7449 | w [15.0, 8.0, 1.0] | train det 0.6751 seg 0.1450 cnt 3.4589
[stage1] epoch 71/100 step 9 | loss 3.7869 | w [15.0, 8.0, 1.0] | train det 0.0441 seg 0.0987 cnt 2.3360
[stage1] epoch 71/100 step 10 | loss 5.3036 | w [15.0, 8.0, 1.0] | train det 0.0547 seg 0.1525 cnt 3.2630
[stage1] epoch 71/100 step 11 | loss 4.1329 | w [15.0, 8.0, 1.0] | train det 0.0811 seg 0.1197 cnt 1.9583
[stage1] epoch 71/100 step 12 | loss 5.3108 | w [15.0, 8.0, 1.0] | train det 0.0987 seg 0.0693 cnt 3.2769
[stage1] epoch 71/100 step 13 | loss 13.4345 | w [15.0, 8.0, 1.0] | train det 0.3797 seg 0.0873 cnt 7.0404
[stage1] epoch 71/100 step 14 | loss 7.0645 | w [15.0, 8.0, 1.0] | train det 0.1167 seg 0.1868 cnt 3.8204
[stage1] epoch 71/100 step 15 | loss 12.7951 | w [15.0, 8.0, 1.0] | train det 0.4943 seg 0.1181 cnt 4.4354
[stage1] epoch 71/100 step 16 | loss 5.6298 | w [15.0, 8.0, 1.0] | train det 0.1208 seg 0.1993 cnt 2.2240
[stage1] epoch 71/100 step 17 | loss 14.2393 | w [15.0, 8.0, 1.0] | train det 0.4071 seg 0.1298 cnt 7.0944
[stage1] epoch 71/100 step 18 | loss 7.1995 | w [15.0, 8.0, 1.0] | train det 0.1906 seg 0.1505 cnt 3.1362
[stage1] epoch 71/100 step 19 | loss 5.5368 | w [15.0, 8.0, 1.0] | train det 0.0651 seg 0.1437 cnt 3.4105
[stage1] epoch 71/100 step 20 | loss 6.8236 | w [15.0, 8.0, 1.0] | train det 0.1078 seg 0.0527 cnt 4.7844
[stage1] epoch 71/100 step 21 | loss 4.5946 | w [15.0, 8.0, 1.0] | train det 0.0622 seg 0.1420 cnt 2.5255
[stage1] epoch 71/100 step 22 | loss 6.8399 | w [15.0, 8.0, 1.0] | train det 0.1364 seg 0.1003 cnt 3.9920
[stage1] epoch 71/100 step 23 | loss 6.0928 | w [15.0, 8.0, 1.0] | train det 0.0332 seg 0.1204 cnt 4.6309
[stage1] epoch 71/100 step 24 | loss 4.7174 | w [15.0, 8.0, 1.0] | train det 0.0552 seg 0.1400 cnt 2.7694
[stage1] epoch 71/100 step 25 | loss 5.9035 | w [15.0, 8.0, 1.0] | train det 0.1331 seg 0.1458 cnt 2.7400
[stage1] epoch 71/100 step 26 | loss 6.4838 | w [15.0, 8.0, 1.0] | train det 0.0781 seg 0.0878 cnt 4.6099
[stage1] epoch 71/100 step 27 | loss 6.7514 | w [15.0, 8.0, 1.0] | train det 0.0913 seg 0.1368 cnt 4.2875
[stage1] epoch 71/100 step 28 | loss 17.4491 | w [15.0, 8.0, 1.0] | train det 0.5952 seg 0.1112 cnt 7.6318
[stage1] epoch 71/100 step 29 | loss 11.3345 | w [15.0, 8.0, 1.0] | train det 0.1752 seg 0.0898 cnt 7.9889
[stage1] epoch 71/100 step 30 | loss 2.6345 | w [15.0, 8.0, 1.0] | train det 0.0471 seg 0.1164 cnt 0.9965
[stage1] epoch 71/100 step 31 | loss 5.3284 | w [15.0, 8.0, 1.0] | train det 0.0621 seg 0.1359 cnt 3.3095
[stage1] epoch 71/100 step 32 | loss 6.7315 | w [15.0, 8.0, 1.0] | train det 0.1868 seg 0.1165 cnt 2.9978
[stage1] epoch 71/100 step 33 | loss 9.9786 | w [15.0, 8.0, 1.0] | train det 0.4751 seg 0.0966 cnt 2.0786
[stage1] epoch 71/100 step 34 | loss 5.0584 | w [15.0, 8.0, 1.0] | train det 0.0704 seg 0.1086 cnt 3.1337
[stage1] epoch 71/100 step 35 | loss 9.5189 | w [15.0, 8.0, 1.0] | train det 0.4602 seg 0.1015 cnt 1.8039
[stage1] epoch 71/100 step 36 | loss 6.1310 | w [15.0, 8.0, 1.0] | train det 0.1341 seg 0.1517 cnt 2.9064
[stage1] epoch 71/100 step 37 | loss 7.8379 | w [15.0, 8.0, 1.0] | train det 0.0246 seg 0.2681 cnt 5.3238
[stage1] epoch 71/100 step 38 | loss 5.8903 | w [15.0, 8.0, 1.0] | train det 0.0755 seg 0.1196 cnt 3.8007
[stage1] epoch 71/100 step 39 | loss 6.9197 | w [15.0, 8.0, 1.0] | train det 0.0470 seg 0.1894 cnt 4.6986
[stage1] epoch 71/100 step 40 | loss 4.7065 | w [15.0, 8.0, 1.0] | train det 0.1059 seg 0.1287 cnt 2.0883
[stage1] epoch 71/100 step 41 | loss 12.8315 | w [15.0, 8.0, 1.0] | train det 0.2999 seg 0.0744 cnt 7.7381
[stage1] epoch 71/100 step 42 | loss 4.6267 | w [15.0, 8.0, 1.0] | train det 0.0799 seg 0.0582 cnt 2.9628
[stage1] epoch 71/100 step 43 | loss 6.6039 | w [15.0, 8.0, 1.0] | train det 0.1037 seg 0.1770 cnt 3.6328
[stage1] epoch 71/100 | train 7.5754 | det 0.1668 seg 0.1310 cnt 4.0250
[stage1] epoch 72/100 step 1 | loss 10.4158 | w [15.0, 8.0, 1.0] | train det 0.3811 seg 0.0931 cnt 3.9540
[stage1] epoch 72/100 step 2 | loss 5.9911 | w [15.0, 8.0, 1.0] | train det 0.0506 seg 0.2593 cnt 3.1570
[stage1] epoch 72/100 step 3 | loss 9.2803 | w [15.0, 8.0, 1.0] | train det 0.1939 seg 0.0448 cnt 6.0142
[stage1] epoch 72/100 step 4 | loss 4.6705 | w [15.0, 8.0, 1.0] | train det 0.0807 seg 0.1274 cnt 2.4417
[stage1] epoch 72/100 step 5 | loss 4.3838 | w [15.0, 8.0, 1.0] | train det 0.0250 seg 0.1551 cnt 2.7681
[stage1] epoch 72/100 step 6 | loss 5.8983 | w [15.0, 8.0, 1.0] | train det 0.1335 seg 0.1170 cnt 2.9601
[stage1] epoch 72/100 step 7 | loss 6.3955 | w [15.0, 8.0, 1.0] | train det 0.1413 seg 0.1451 cnt 3.1155
[stage1] epoch 72/100 step 8 | loss 26.4716 | w [15.0, 8.0, 1.0] | train det 0.2104 seg 0.1274 cnt 22.2957
[stage1] epoch 72/100 step 9 | loss 8.0382 | w [15.0, 8.0, 1.0] | train det 0.0415 seg 0.1573 cnt 6.1574
[stage1] epoch 72/100 step 10 | loss 4.7399 | w [15.0, 8.0, 1.0] | train det 0.0287 seg 0.0988 cnt 3.5183
[stage1] epoch 72/100 step 11 | loss 9.3553 | w [15.0, 8.0, 1.0] | train det 0.3197 seg 0.1146 cnt 3.6425
[stage1] epoch 72/100 step 12 | loss 4.5298 | w [15.0, 8.0, 1.0] | train det 0.0506 seg 0.0834 cnt 3.1044
[stage1] epoch 72/100 step 13 | loss 3.8535 | w [15.0, 8.0, 1.0] | train det 0.0599 seg 0.1259 cnt 1.9485
[stage1] epoch 72/100 step 14 | loss 4.6748 | w [15.0, 8.0, 1.0] | train det 0.0462 seg 0.0901 cnt 3.2617
[stage1] epoch 72/100 step 15 | loss 8.4677 | w [15.0, 8.0, 1.0] | train det 0.2966 seg 0.0507 cnt 3.6124
[stage1] epoch 72/100 step 16 | loss 5.7967 | w [15.0, 8.0, 1.0] | train det 0.0924 seg 0.0907 cnt 3.6859
[stage1] epoch 72/100 step 17 | loss 6.0696 | w [15.0, 8.0, 1.0] | train det 0.0358 seg 0.1342 cnt 4.4589
[stage1] epoch 72/100 step 18 | loss 8.6223 | w [15.0, 8.0, 1.0] | train det 0.0862 seg 0.1049 cnt 6.4906
[stage1] epoch 72/100 step 19 | loss 7.7088 | w [15.0, 8.0, 1.0] | train det 0.1365 seg 0.0595 cnt 5.1844
[stage1] epoch 72/100 step 20 | loss 4.9504 | w [15.0, 8.0, 1.0] | train det 0.1246 seg 0.1530 cnt 1.8578
[stage1] epoch 72/100 step 21 | loss 4.1210 | w [15.0, 8.0, 1.0] | train det 0.0392 seg 0.2642 cnt 1.4190
[stage1] epoch 72/100 step 22 | loss 5.3465 | w [15.0, 8.0, 1.0] | train det 0.0557 seg 0.1673 cnt 3.1735
[stage1] epoch 72/100 step 23 | loss 5.9176 | w [15.0, 8.0, 1.0] | train det 0.0274 seg 0.1947 cnt 3.9484
[stage1] epoch 72/100 step 24 | loss 7.9524 | w [15.0, 8.0, 1.0] | train det 0.1567 seg 0.1565 cnt 4.3491
[stage1] epoch 72/100 step 25 | loss 4.7259 | w [15.0, 8.0, 1.0] | train det 0.0454 seg 0.0105 cnt 3.9618
[stage1] epoch 72/100 step 26 | loss 6.5396 | w [15.0, 8.0, 1.0] | train det 0.1695 seg 0.1238 cnt 3.0069
[stage1] epoch 72/100 step 27 | loss 13.4953 | w [15.0, 8.0, 1.0] | train det 0.4857 seg 0.0520 cnt 5.7933
[stage1] epoch 72/100 step 28 | loss 10.7000 | w [15.0, 8.0, 1.0] | train det 0.4342 seg 0.1441 cnt 3.0337
[stage1] epoch 72/100 step 29 | loss 6.3656 | w [15.0, 8.0, 1.0] | train det 0.1872 seg 0.0869 cnt 2.8630
[stage1] epoch 72/100 step 30 | loss 5.0782 | w [15.0, 8.0, 1.0] | train det 0.0591 seg 0.1208 cnt 3.2246
[stage1] epoch 72/100 step 31 | loss 4.9967 | w [15.0, 8.0, 1.0] | train det 0.0494 seg 0.0411 cnt 3.9262
[stage1] epoch 72/100 step 32 | loss 27.6233 | w [15.0, 8.0, 1.0] | train det 0.1928 seg 0.0822 cnt 24.0729
[stage1] epoch 72/100 step 33 | loss 9.9235 | w [15.0, 8.0, 1.0] | train det 0.0502 seg 0.1624 cnt 7.8709
[stage1] epoch 72/100 step 34 | loss 4.2469 | w [15.0, 8.0, 1.0] | train det 0.0274 seg 0.0634 cnt 3.3281
[stage1] epoch 72/100 step 35 | loss 7.3101 | w [15.0, 8.0, 1.0] | train det 0.1645 seg 0.1489 cnt 3.6523
[stage1] epoch 72/100 step 36 | loss 4.1416 | w [15.0, 8.0, 1.0] | train det 0.0649 seg 0.1026 cnt 2.3469
[stage1] epoch 72/100 step 37 | loss 8.5437 | w [15.0, 8.0, 1.0] | train det 0.3604 seg 0.1707 cnt 1.7717
[stage1] epoch 72/100 step 38 | loss 3.9749 | w [15.0, 8.0, 1.0] | train det 0.0215 seg 0.1229 cnt 2.6694
[stage1] epoch 72/100 step 39 | loss 8.5736 | w [15.0, 8.0, 1.0] | train det 0.2409 seg 0.1126 cnt 4.0595
[stage1] epoch 72/100 step 40 | loss 6.4941 | w [15.0, 8.0, 1.0] | train det 0.0873 seg 0.0679 cnt 4.6416
[stage1] epoch 72/100 step 41 | loss 5.7466 | w [15.0, 8.0, 1.0] | train det 0.0306 seg 0.0569 cnt 4.8323
[stage1] epoch 72/100 step 42 | loss 7.6655 | w [15.0, 8.0, 1.0] | train det 0.1366 seg 0.1173 cnt 4.6788
[stage1] epoch 72/100 step 43 | loss 6.6897 | w [15.0, 8.0, 1.0] | train det 0.1272 seg 0.0420 cnt 4.4460
[stage1] epoch 72/100 | train 7.5927 | det 0.1337 seg 0.1150 cnt 4.6674
[stage1] epoch 73/100 step 1 | loss 9.9863 | w [15.0, 8.0, 1.0] | train det 0.4261 seg 0.1181 cnt 2.6506
[stage1] epoch 73/100 step 2 | loss 6.7709 | w [15.0, 8.0, 1.0] | train det 0.0787 seg 0.1539 cnt 4.3591
[stage1] epoch 73/100 step 3 | loss 10.1562 | w [15.0, 8.0, 1.0] | train det 0.3633 seg 0.0901 cnt 3.9855
[stage1] epoch 73/100 step 4 | loss 7.1096 | w [15.0, 8.0, 1.0] | train det 0.1306 seg 0.1520 cnt 3.9345
[stage1] epoch 73/100 step 5 | loss 18.9507 | w [15.0, 8.0, 1.0] | train det 0.0807 seg 0.1405 cnt 16.6155
[stage1] epoch 73/100 step 6 | loss 14.5646 | w [15.0, 8.0, 1.0] | train det 0.1515 seg 0.2348 cnt 10.4131
[stage1] epoch 73/100 step 7 | loss 5.0261 | w [15.0, 8.0, 1.0] | train det 0.1390 seg 0.0831 cnt 2.2759
[stage1] epoch 73/100 step 8 | loss 10.7184 | w [15.0, 8.0, 1.0] | train det 0.1980 seg 0.1678 cnt 6.4054
[stage1] epoch 73/100 step 9 | loss 5.4563 | w [15.0, 8.0, 1.0] | train det 0.0819 seg 0.1260 cnt 3.2198
[stage1] epoch 73/100 step 10 | loss 11.9929 | w [15.0, 8.0, 1.0] | train det 0.1694 seg 0.1684 cnt 8.1041
[stage1] epoch 73/100 step 11 | loss 6.2499 | w [15.0, 8.0, 1.0] | train det 0.1488 seg 0.0335 cnt 3.7498
[stage1] epoch 73/100 step 12 | loss 9.0372 | w [15.0, 8.0, 1.0] | train det 0.0168 seg 0.1179 cnt 7.8422
[stage1] epoch 73/100 step 13 | loss 4.1788 | w [15.0, 8.0, 1.0] | train det 0.0840 seg 0.0930 cnt 2.1749
[stage1] epoch 73/100 step 14 | loss 4.5446 | w [15.0, 8.0, 1.0] | train det 0.0633 seg 0.1033 cnt 2.7689
[stage1] epoch 73/100 step 15 | loss 4.4997 | w [15.0, 8.0, 1.0] | train det 0.0455 seg 0.1434 cnt 2.6694
[stage1] epoch 73/100 step 16 | loss 5.7334 | w [15.0, 8.0, 1.0] | train det 0.0970 seg 0.0726 cnt 3.6976
[stage1] epoch 73/100 step 17 | loss 5.3824 | w [15.0, 8.0, 1.0] | train det 0.1110 seg 0.1469 cnt 2.5416
[stage1] epoch 73/100 step 18 | loss 8.3070 | w [15.0, 8.0, 1.0] | train det 0.0640 seg 0.1235 cnt 6.3593
[stage1] epoch 73/100 step 19 | loss 10.7495 | w [15.0, 8.0, 1.0] | train det 0.1643 seg 0.0970 cnt 7.5090
[stage1] epoch 73/100 step 20 | loss 5.4017 | w [15.0, 8.0, 1.0] | train det 0.0681 seg 0.0978 cnt 3.5978
[stage1] epoch 73/100 step 21 | loss 7.6183 | w [15.0, 8.0, 1.0] | train det 0.1706 seg 0.1884 cnt 3.5522
[stage1] epoch 73/100 step 22 | loss 9.5384 | w [15.0, 8.0, 1.0] | train det 0.2403 seg 0.1474 cnt 4.7551
[stage1] epoch 73/100 step 23 | loss 4.2585 | w [15.0, 8.0, 1.0] | train det 0.0543 seg 0.0590 cnt 2.9717
[stage1] epoch 73/100 step 24 | loss 6.3701 | w [15.0, 8.0, 1.0] | train det 0.1647 seg 0.1037 cnt 3.0708
[stage1] epoch 73/100 step 25 | loss 3.8785 | w [15.0, 8.0, 1.0] | train det 0.0631 seg 0.0894 cnt 2.2159
[stage1] epoch 73/100 step 26 | loss 6.1629 | w [15.0, 8.0, 1.0] | train det 0.0981 seg 0.1230 cnt 3.7076
[stage1] epoch 73/100 step 27 | loss 4.6662 | w [15.0, 8.0, 1.0] | train det 0.0235 seg 0.1439 cnt 3.1625
[stage1] epoch 73/100 step 28 | loss 14.0929 | w [15.0, 8.0, 1.0] | train det 0.5665 seg 0.1734 cnt 4.2079
[stage1] epoch 73/100 step 29 | loss 17.2497 | w [15.0, 8.0, 1.0] | train det 0.0298 seg 0.1950 cnt 15.2423
[stage1] epoch 73/100 step 30 | loss 13.5728 | w [15.0, 8.0, 1.0] | train det 0.1038 seg 0.0660 cnt 11.4880
[stage1] epoch 73/100 step 31 | loss 4.6820 | w [15.0, 8.0, 1.0] | train det 0.0581 seg 0.1615 cnt 2.5186
[stage1] epoch 73/100 step 32 | loss 7.2512 | w [15.0, 8.0, 1.0] | train det 0.0834 seg 0.0787 cnt 5.3700
[stage1] epoch 73/100 step 33 | loss 6.1151 | w [15.0, 8.0, 1.0] | train det 0.1531 seg 0.1369 cnt 2.7230
[stage1] epoch 73/100 step 34 | loss 12.1421 | w [15.0, 8.0, 1.0] | train det 0.2125 seg 0.1435 cnt 7.8064
[stage1] epoch 73/100 step 35 | loss 6.4772 | w [15.0, 8.0, 1.0] | train det 0.2624 seg 0.0778 cnt 1.9187
[stage1] epoch 73/100 step 36 | loss 10.5905 | w [15.0, 8.0, 1.0] | train det 0.1909 seg 0.1186 cnt 6.7781
[stage1] epoch 73/100 step 37 | loss 8.8969 | w [15.0, 8.0, 1.0] | train det 0.3870 seg 0.1404 cnt 1.9681
[stage1] epoch 73/100 step 38 | loss 4.7163 | w [15.0, 8.0, 1.0] | train det 0.0633 seg 0.0725 cnt 3.1871
[stage1] epoch 73/100 step 39 | loss 8.8547 | w [15.0, 8.0, 1.0] | train det 0.3917 seg 0.0731 cnt 2.3945
[stage1] epoch 73/100 step 40 | loss 5.3419 | w [15.0, 8.0, 1.0] | train det 0.1003 seg 0.1189 cnt 2.8866
[stage1] epoch 73/100 step 41 | loss 4.2695 | w [15.0, 8.0, 1.0] | train det 0.0665 seg 0.0816 cnt 2.6190
[stage1] epoch 73/100 step 42 | loss 8.4031 | w [15.0, 8.0, 1.0] | train det 0.1683 seg 0.0900 cnt 5.1591
[stage1] epoch 73/100 step 43 | loss 9.7141 | w [15.0, 8.0, 1.0] | train det 0.1793 seg 0.0815 cnt 6.3731
[stage1] epoch 73/100 | train 8.1321 | det 0.1515 seg 0.1193 cnt 4.9058
[stage1] epoch 74/100 step 1 | loss 6.0891 | w [15.0, 8.0, 1.0] | train det 0.1055 seg 0.1129 cnt 3.6025
[stage1] epoch 74/100 step 2 | loss 15.0914 | w [15.0, 8.0, 1.0] | train det 0.5483 seg 0.1528 cnt 5.6444
[stage1] epoch 74/100 step 3 | loss 9.4068 | w [15.0, 8.0, 1.0] | train det 0.2877 seg 0.1835 cnt 3.6242
[stage1] epoch 74/100 step 4 | loss 9.9198 | w [15.0, 8.0, 1.0] | train det 0.2487 seg 0.2537 cnt 4.1588
[stage1] epoch 74/100 step 5 | loss 12.8267 | w [15.0, 8.0, 1.0] | train det 0.5571 seg 0.0238 cnt 4.2801
[stage1] epoch 74/100 step 6 | loss 4.1432 | w [15.0, 8.0, 1.0] | train det 0.0148 seg 0.1272 cnt 2.9038
[stage1] epoch 74/100 step 7 | loss 5.0314 | w [15.0, 8.0, 1.0] | train det 0.0441 seg 0.1122 cnt 3.4730
[stage1] epoch 74/100 step 8 | loss 5.9004 | w [15.0, 8.0, 1.0] | train det 0.1993 seg 0.1047 cnt 2.0739
[stage1] epoch 74/100 step 9 | loss 10.0466 | w [15.0, 8.0, 1.0] | train det 0.1665 seg 0.0956 cnt 6.7847
[stage1] epoch 74/100 step 10 | loss 6.1539 | w [15.0, 8.0, 1.0] | train det 0.1822 seg 0.1593 cnt 2.1461
[stage1] epoch 74/100 step 11 | loss 8.3798 | w [15.0, 8.0, 1.0] | train det 0.2113 seg 0.0977 cnt 4.4285
[stage1] epoch 74/100 step 12 | loss 9.3569 | w [15.0, 8.0, 1.0] | train det 0.0721 seg 0.0336 cnt 8.0075
[stage1] epoch 74/100 step 13 | loss 5.2162 | w [15.0, 8.0, 1.0] | train det 0.1555 seg 0.0752 cnt 2.2811
[stage1] epoch 74/100 step 14 | loss 9.1979 | w [15.0, 8.0, 1.0] | train det 0.0525 seg 0.0865 cnt 7.7179
[stage1] epoch 74/100 step 15 | loss 5.0431 | w [15.0, 8.0, 1.0] | train det 0.0334 seg 0.0840 cnt 3.8690
[stage1] epoch 74/100 step 16 | loss 8.2673 | w [15.0, 8.0, 1.0] | train det 0.2531 seg 0.1618 cnt 3.1756
[stage1] epoch 74/100 step 17 | loss 13.3400 | w [15.0, 8.0, 1.0] | train det 0.1274 seg 0.0979 cnt 10.6454
[stage1] epoch 74/100 step 18 | loss 13.2826 | w [15.0, 8.0, 1.0] | train det 0.1608 seg 0.1445 cnt 9.7142
[stage1] epoch 74/100 step 19 | loss 6.8413 | w [15.0, 8.0, 1.0] | train det 0.0945 seg 0.1516 cnt 4.2111
[stage1] epoch 74/100 step 20 | loss 7.8460 | w [15.0, 8.0, 1.0] | train det 0.3997 seg 0.0973 cnt 1.0720
[stage1] epoch 74/100 step 21 | loss 10.4403 | w [15.0, 8.0, 1.0] | train det 0.1251 seg 0.1492 cnt 7.3706
[stage1] epoch 74/100 step 22 | loss 8.8046 | w [15.0, 8.0, 1.0] | train det 0.4193 seg 0.1684 cnt 1.1677
[stage1] epoch 74/100 step 23 | loss 5.1756 | w [15.0, 8.0, 1.0] | train det 0.0769 seg 0.0574 cnt 3.5626
[stage1] epoch 74/100 step 24 | loss 6.2961 | w [15.0, 8.0, 1.0] | train det 0.0534 seg 0.2881 cnt 3.1897
[stage1] epoch 74/100 step 25 | loss 4.7907 | w [15.0, 8.0, 1.0] | train det 0.0271 seg 0.1366 cnt 3.2919
[stage1] epoch 74/100 step 26 | loss 12.2916 | w [15.0, 8.0, 1.0] | train det 0.0908 seg 0.1073 cnt 10.0717
[stage1] epoch 74/100 step 27 | loss 6.6451 | w [15.0, 8.0, 1.0] | train det 0.1126 seg 0.2048 cnt 3.3184
[stage1] epoch 74/100 step 28 | loss 6.2370 | w [15.0, 8.0, 1.0] | train det 0.0999 seg 0.0752 cnt 4.1364
[stage1] epoch 74/100 step 29 | loss 6.9654 | w [15.0, 8.0, 1.0] | train det 0.2038 seg 0.0802 cnt 3.2666
[stage1] epoch 74/100 step 30 | loss 5.9154 | w [15.0, 8.0, 1.0] | train det 0.1170 seg 0.1564 cnt 2.9092
[stage1] epoch 74/100 step 31 | loss 6.2472 | w [15.0, 8.0, 1.0] | train det 0.0794 seg 0.0979 cnt 4.2730
[stage1] epoch 74/100 step 32 | loss 6.2296 | w [15.0, 8.0, 1.0] | train det 0.1084 seg 0.1697 cnt 3.2466
[stage1] epoch 74/100 step 33 | loss 7.5036 | w [15.0, 8.0, 1.0] | train det 0.0531 seg 0.1600 cnt 5.4271
[stage1] epoch 74/100 step 34 | loss 6.3930 | w [15.0, 8.0, 1.0] | train det 0.1078 seg 0.3060 cnt 2.3284
[stage1] epoch 74/100 step 35 | loss 5.5893 | w [15.0, 8.0, 1.0] | train det 0.0299 seg 0.1097 cnt 4.2633
[stage1] epoch 74/100 step 36 | loss 18.0954 | w [15.0, 8.0, 1.0] | train det 0.7588 seg 0.0383 cnt 6.4077
[stage1] epoch 74/100 step 37 | loss 4.6972 | w [15.0, 8.0, 1.0] | train det 0.0802 seg 0.1681 cnt 2.1501
[stage1] epoch 74/100 step 38 | loss 16.2657 | w [15.0, 8.0, 1.0] | train det 0.5818 seg 0.1985 cnt 5.9506
[stage1] epoch 74/100 step 39 | loss 9.0272 | w [15.0, 8.0, 1.0] | train det 0.2446 seg 0.1274 cnt 4.3390
[stage1] epoch 74/100 step 40 | loss 8.5420 | w [15.0, 8.0, 1.0] | train det 0.2512 seg 0.1063 cnt 3.9240
[stage1] epoch 74/100 step 41 | loss 19.3198 | w [15.0, 8.0, 1.0] | train det 0.5190 seg 0.1263 cnt 10.5245
[stage1] epoch 74/100 step 42 | loss 5.7046 | w [15.0, 8.0, 1.0] | train det 0.0253 seg 0.1062 cnt 4.4760
[stage1] epoch 74/100 step 43 | loss 6.0812 | w [15.0, 8.0, 1.0] | train det 0.0404 seg 0.2142 cnt 3.7619
[stage1] epoch 74/100 | train 8.4799 | det 0.1888 seg 0.1327 cnt 4.5854
[stage1] epoch 75/100 step 1 | loss 3.3068 | w [15.0, 8.0, 1.0] | train det 0.0500 seg 0.1331 cnt 1.4914
[stage1] epoch 75/100 step 2 | loss 13.0943 | w [15.0, 8.0, 1.0] | train det 0.4795 seg 0.0773 cnt 5.2827
[stage1] epoch 75/100 step 3 | loss 7.0832 | w [15.0, 8.0, 1.0] | train det 0.2619 seg 0.1447 cnt 1.9970
[stage1] epoch 75/100 step 4 | loss 6.5762 | w [15.0, 8.0, 1.0] | train det 0.0997 seg 0.0514 cnt 4.6697
[stage1] epoch 75/100 step 5 | loss 4.2475 | w [15.0, 8.0, 1.0] | train det 0.0851 seg 0.1584 cnt 1.7035
[stage1] epoch 75/100 step 6 | loss 3.6589 | w [15.0, 8.0, 1.0] | train det 0.0750 seg 0.1200 cnt 1.5731
[stage1] epoch 75/100 step 7 | loss 6.9179 | w [15.0, 8.0, 1.0] | train det 0.1175 seg 0.0426 cnt 4.8149
[stage1] epoch 75/100 step 8 | loss 10.1003 | w [15.0, 8.0, 1.0] | train det 0.1141 seg 0.1459 cnt 7.2218
[stage1] epoch 75/100 step 9 | loss 6.6193 | w [15.0, 8.0, 1.0] | train det 0.2064 seg 0.1229 cnt 2.5395
[stage1] epoch 75/100 step 10 | loss 4.4961 | w [15.0, 8.0, 1.0] | train det 0.0573 seg 0.1584 cnt 2.3685
[stage1] epoch 75/100 step 11 | loss 14.7388 | w [15.0, 8.0, 1.0] | train det 0.3371 seg 0.0500 cnt 9.2815
[stage1] epoch 75/100 step 12 | loss 6.4712 | w [15.0, 8.0, 1.0] | train det 0.0918 seg 0.0050 cnt 5.0533
[stage1] epoch 75/100 step 13 | loss 5.1016 | w [15.0, 8.0, 1.0] | train det 0.0397 seg 0.1374 cnt 3.4063
[stage1] epoch 75/100 step 14 | loss 11.7208 | w [15.0, 8.0, 1.0] | train det 0.0789 seg 0.1949 cnt 8.9784
[stage1] epoch 75/100 step 15 | loss 8.6849 | w [15.0, 8.0, 1.0] | train det 0.1395 seg 0.0883 cnt 5.8864
[stage1] epoch 75/100 step 16 | loss 10.8932 | w [15.0, 8.0, 1.0] | train det 0.1021 seg 0.1811 cnt 7.9127
[stage1] epoch 75/100 step 17 | loss 5.9801 | w [15.0, 8.0, 1.0] | train det 0.0629 seg 0.1184 cnt 4.0899
[stage1] epoch 75/100 step 18 | loss 10.5175 | w [15.0, 8.0, 1.0] | train det 0.0591 seg 0.0876 cnt 8.9308
[stage1] epoch 75/100 step 19 | loss 5.1222 | w [15.0, 8.0, 1.0] | train det 0.0757 seg 0.1030 cnt 3.1619
[stage1] epoch 75/100 step 20 | loss 3.5701 | w [15.0, 8.0, 1.0] | train det 0.1021 seg 0.0385 cnt 1.7302
[stage1] epoch 75/100 step 21 | loss 6.9284 | w [15.0, 8.0, 1.0] | train det 0.0621 seg 0.0764 cnt 5.3862
[stage1] epoch 75/100 step 22 | loss 6.0078 | w [15.0, 8.0, 1.0] | train det 0.0771 seg 0.0658 cnt 4.3251
[stage1] epoch 75/100 step 23 | loss 6.6895 | w [15.0, 8.0, 1.0] | train det 0.2023 seg 0.1044 cnt 2.8206
[stage1] epoch 75/100 step 24 | loss 5.9989 | w [15.0, 8.0, 1.0] | train det 0.1222 seg 0.0757 cnt 3.5603
[stage1] epoch 75/100 step 25 | loss 4.0131 | w [15.0, 8.0, 1.0] | train det 0.0647 seg 0.1165 cnt 2.1102
[stage1] epoch 75/100 step 26 | loss 10.2856 | w [15.0, 8.0, 1.0] | train det 0.0590 seg 0.1863 cnt 7.9106
[stage1] epoch 75/100 step 27 | loss 3.6212 | w [15.0, 8.0, 1.0] | train det 0.0966 seg 0.1021 cnt 1.3559
[stage1] epoch 75/100 step 28 | loss 8.0626 | w [15.0, 8.0, 1.0] | train det 0.1312 seg 0.1964 cnt 4.5238
[stage1] epoch 75/100 step 29 | loss 2.5794 | w [15.0, 8.0, 1.0] | train det 0.0486 seg 0.0779 cnt 1.2273
[stage1] epoch 75/100 step 30 | loss 14.5287 | w [15.0, 8.0, 1.0] | train det 0.7960 seg 0.1659 cnt 1.2609
[stage1] epoch 75/100 step 31 | loss 5.4037 | w [15.0, 8.0, 1.0] | train det 0.0306 seg 0.0884 cnt 4.2369
[stage1] epoch 75/100 step 32 | loss 9.3237 | w [15.0, 8.0, 1.0] | train det 0.0872 seg 0.1213 cnt 7.0459
[stage1] epoch 75/100 step 33 | loss 5.0975 | w [15.0, 8.0, 1.0] | train det 0.1434 seg 0.0731 cnt 2.3619
[stage1] epoch 75/100 step 34 | loss 4.7687 | w [15.0, 8.0, 1.0] | train det 0.0477 seg 0.1646 cnt 2.7357
[stage1] epoch 75/100 step 35 | loss 16.0440 | w [15.0, 8.0, 1.0] | train det 0.3523 seg 0.1145 cnt 9.8438
[stage1] epoch 75/100 step 36 | loss 21.4084 | w [15.0, 8.0, 1.0] | train det 1.0094 seg 0.1868 cnt 4.7726
[stage1] epoch 75/100 step 37 | loss 3.5016 | w [15.0, 8.0, 1.0] | train det 0.0309 seg 0.0763 cnt 2.4271
[stage1] epoch 75/100 step 38 | loss 15.0193 | w [15.0, 8.0, 1.0] | train det 0.4604 seg 0.0738 cnt 7.5224
[stage1] epoch 75/100 step 39 | loss 8.7961 | w [15.0, 8.0, 1.0] | train det 0.2356 seg 0.1630 cnt 3.9575
[stage1] epoch 75/100 step 40 | loss 8.5983 | w [15.0, 8.0, 1.0] | train det 0.0935 seg 0.0585 cnt 6.7270
[stage1] epoch 75/100 step 41 | loss 5.7064 | w [15.0, 8.0, 1.0] | train det 0.0696 seg 0.0548 cnt 4.2240
[stage1] epoch 75/100 step 42 | loss 6.3636 | w [15.0, 8.0, 1.0] | train det 0.0527 seg 0.1052 cnt 4.7307
[stage1] epoch 75/100 step 43 | loss 6.5446 | w [15.0, 8.0, 1.0] | train det 0.1210 seg 0.1216 cnt 3.7562
[stage1] epoch 75/100 | train 7.7719 | det 0.1635 seg 0.1100 cnt 4.4399
[stage1] epoch 76/100 step 1 | loss 7.5135 | w [15.0, 8.0, 1.0] | train det 0.0873 seg 0.1149 cnt 5.2842
[stage1] epoch 76/100 step 2 | loss 6.0433 | w [15.0, 8.0, 1.0] | train det 0.0750 seg 0.0971 cnt 4.1414
[stage1] epoch 76/100 step 3 | loss 5.5634 | w [15.0, 8.0, 1.0] | train det 0.0697 seg 0.1107 cnt 3.6322
[stage1] epoch 76/100 step 4 | loss 6.3646 | w [15.0, 8.0, 1.0] | train det 0.1434 seg 0.1549 cnt 2.9747
[stage1] epoch 76/100 step 5 | loss 8.2465 | w [15.0, 8.0, 1.0] | train det 0.2693 seg 0.0951 cnt 3.4459
[stage1] epoch 76/100 step 6 | loss 11.1060 | w [15.0, 8.0, 1.0] | train det 0.5066 seg 0.1038 cnt 2.6770
[stage1] epoch 76/100 step 7 | loss 11.0448 | w [15.0, 8.0, 1.0] | train det 0.1592 seg 0.1190 cnt 7.7051
[stage1] epoch 76/100 step 8 | loss 5.2813 | w [15.0, 8.0, 1.0] | train det 0.0728 seg 0.0872 cnt 3.4918
[stage1] epoch 76/100 step 9 | loss 9.4715 | w [15.0, 8.0, 1.0] | train det 0.1139 seg 0.1344 cnt 6.6877
[stage1] epoch 76/100 step 10 | loss 4.5632 | w [15.0, 8.0, 1.0] | train det 0.0747 seg 0.0214 cnt 3.2711
[stage1] epoch 76/100 step 11 | loss 6.1156 | w [15.0, 8.0, 1.0] | train det 0.1387 seg 0.1115 cnt 3.1425
[stage1] epoch 76/100 step 12 | loss 5.2019 | w [15.0, 8.0, 1.0] | train det 0.0308 seg 0.1576 cnt 3.4791
[stage1] epoch 76/100 step 13 | loss 7.8383 | w [15.0, 8.0, 1.0] | train det 0.1106 seg 0.0998 cnt 5.3811
[stage1] epoch 76/100 step 14 | loss 12.2003 | w [15.0, 8.0, 1.0] | train det 0.2099 seg 0.0659 cnt 8.5244
[stage1] epoch 76/100 step 15 | loss 9.8157 | w [15.0, 8.0, 1.0] | train det 0.2121 seg 0.0973 cnt 5.8561
[stage1] epoch 76/100 step 16 | loss 5.9993 | w [15.0, 8.0, 1.0] | train det 0.1446 seg 0.0490 cnt 3.4385
[stage1] epoch 76/100 step 17 | loss 11.7259 | w [15.0, 8.0, 1.0] | train det 0.0776 seg 0.1435 cnt 9.4140
[stage1] epoch 76/100 step 18 | loss 5.5249 | w [15.0, 8.0, 1.0] | train det 0.0876 seg 0.1186 cnt 3.2622
[stage1] epoch 76/100 step 19 | loss 5.9929 | w [15.0, 8.0, 1.0] | train det 0.0745 seg 0.1033 cnt 4.0492
[stage1] epoch 76/100 step 20 | loss 11.9413 | w [15.0, 8.0, 1.0] | train det 0.0873 seg 0.0804 cnt 9.9885
[stage1] epoch 76/100 step 21 | loss 7.8095 | w [15.0, 8.0, 1.0] | train det 0.1005 seg 0.0633 cnt 5.7946
[stage1] epoch 76/100 step 22 | loss 5.8037 | w [15.0, 8.0, 1.0] | train det 0.1162 seg 0.0724 cnt 3.4814
[stage1] epoch 76/100 step 23 | loss 8.3448 | w [15.0, 8.0, 1.0] | train det 0.1265 seg 0.0948 cnt 5.6890
[stage1] epoch 76/100 step 24 | loss 5.2884 | w [15.0, 8.0, 1.0] | train det 0.0773 seg 0.1383 cnt 3.0230
[stage1] epoch 76/100 step 25 | loss 7.5620 | w [15.0, 8.0, 1.0] | train det 0.1450 seg 0.1272 cnt 4.3690
[stage1] epoch 76/100 step 26 | loss 5.4733 | w [15.0, 8.0, 1.0] | train det 0.0315 seg 0.1021 cnt 4.1831
[stage1] epoch 76/100 step 27 | loss 6.2029 | w [15.0, 8.0, 1.0] | train det 0.1075 seg 0.1780 cnt 3.1665
[stage1] epoch 76/100 step 28 | loss 6.7305 | w [15.0, 8.0, 1.0] | train det 0.1041 seg 0.2218 cnt 3.3948
[stage1] epoch 76/100 step 29 | loss 4.6380 | w [15.0, 8.0, 1.0] | train det 0.0295 seg 0.0679 cnt 3.6522
[stage1] epoch 76/100 step 30 | loss 4.7309 | w [15.0, 8.0, 1.0] | train det 0.0713 seg 0.1425 cnt 2.5204
[stage1] epoch 76/100 step 31 | loss 13.6660 | w [15.0, 8.0, 1.0] | train det 0.2646 seg 0.0656 cnt 9.1726
[stage1] epoch 76/100 step 32 | loss 4.5155 | w [15.0, 8.0, 1.0] | train det 0.0490 seg 0.0735 cnt 3.1935
[stage1] epoch 76/100 step 33 | loss 6.3742 | w [15.0, 8.0, 1.0] | train det 0.0594 seg 0.0920 cnt 4.7465
[stage1] epoch 76/100 step 34 | loss 12.0555 | w [15.0, 8.0, 1.0] | train det 0.5276 seg 0.0644 cnt 3.6266
[stage1] epoch 76/100 step 35 | loss 6.5828 | w [15.0, 8.0, 1.0] | train det 0.1445 seg 0.1598 cnt 3.1367
[stage1] epoch 76/100 step 36 | loss 5.8870 | w [15.0, 8.0, 1.0] | train det 0.0849 seg 0.1014 cnt 3.8017
[stage1] epoch 76/100 step 37 | loss 7.1238 | w [15.0, 8.0, 1.0] | train det 0.0914 seg 0.1284 cnt 4.7250
[stage1] epoch 76/100 step 38 | loss 12.3182 | w [15.0, 8.0, 1.0] | train det 0.0737 seg 0.1353 cnt 10.1296
[stage1] epoch 76/100 step 39 | loss 6.7713 | w [15.0, 8.0, 1.0] | train det 0.0691 seg 0.1079 cnt 4.8717
[stage1] epoch 76/100 step 40 | loss 5.1343 | w [15.0, 8.0, 1.0] | train det 0.1117 seg 0.1015 cnt 2.6464
[stage1] epoch 76/100 step 41 | loss 10.6438 | w [15.0, 8.0, 1.0] | train det 0.2580 seg 0.0536 cnt 6.3451
[stage1] epoch 76/100 step 42 | loss 10.9314 | w [15.0, 8.0, 1.0] | train det 0.4714 seg 0.1396 cnt 2.7432
[stage1] epoch 76/100 step 43 | loss 9.2276 | w [15.0, 8.0, 1.0] | train det 0.1387 seg 0.4071 cnt 3.8898
[stage1] epoch 76/100 | train 7.7063 | det 0.1395 seg 0.1141 cnt 4.7011
[stage1] epoch 77/100 step 1 | loss 7.1731 | w [15.0, 8.0, 1.0] | train det 0.1617 seg 0.1253 cnt 3.7459
[stage1] epoch 77/100 step 2 | loss 4.0457 | w [15.0, 8.0, 1.0] | train det 0.0387 seg 0.1588 cnt 2.1946
[stage1] epoch 77/100 step 3 | loss 6.3832 | w [15.0, 8.0, 1.0] | train det 0.0975 seg 0.0848 cnt 4.2428
[stage1] epoch 77/100 step 4 | loss 10.9443 | w [15.0, 8.0, 1.0] | train det 0.0329 seg 0.1094 cnt 9.5758
[stage1] epoch 77/100 step 5 | loss 8.7563 | w [15.0, 8.0, 1.0] | train det 0.1143 seg 0.1009 cnt 6.2346
[stage1] epoch 77/100 step 6 | loss 5.6065 | w [15.0, 8.0, 1.0] | train det 0.0667 seg 0.1567 cnt 3.3519
[stage1] epoch 77/100 step 7 | loss 10.7902 | w [15.0, 8.0, 1.0] | train det 0.2882 seg 0.1525 cnt 5.2472
[stage1] epoch 77/100 step 8 | loss 5.1438 | w [15.0, 8.0, 1.0] | train det 0.0988 seg 0.1149 cnt 2.7421
[stage1] epoch 77/100 step 9 | loss 7.1882 | w [15.0, 8.0, 1.0] | train det 0.0744 seg 0.0810 cnt 5.4243
[stage1] epoch 77/100 step 10 | loss 5.5429 | w [15.0, 8.0, 1.0] | train det 0.1304 seg 0.1425 cnt 2.4464
[stage1] epoch 77/100 step 11 | loss 6.4286 | w [15.0, 8.0, 1.0] | train det 0.1334 seg 0.0675 cnt 3.8879
[stage1] epoch 77/100 step 12 | loss 7.2158 | w [15.0, 8.0, 1.0] | train det 0.1370 seg 0.1579 cnt 3.8981
[stage1] epoch 77/100 step 13 | loss 5.2764 | w [15.0, 8.0, 1.0] | train det 0.0820 seg 0.1504 cnt 2.8433
[stage1] epoch 77/100 step 14 | loss 3.8837 | w [15.0, 8.0, 1.0] | train det 0.0663 seg 0.0929 cnt 2.1456
[stage1] epoch 77/100 step 15 | loss 9.4029 | w [15.0, 8.0, 1.0] | train det 0.4040 seg 0.0916 cnt 2.6109
[stage1] epoch 77/100 step 16 | loss 6.1745 | w [15.0, 8.0, 1.0] | train det 0.1713 seg 0.1380 cnt 2.5009
[stage1] epoch 77/100 step 17 | loss 7.1908 | w [15.0, 8.0, 1.0] | train det 0.1231 seg 0.1012 cnt 4.5340
[stage1] epoch 77/100 step 18 | loss 7.1273 | w [15.0, 8.0, 1.0] | train det 0.0676 seg 0.1189 cnt 5.1624
[stage1] epoch 77/100 step 19 | loss 5.7064 | w [15.0, 8.0, 1.0] | train det 0.0566 seg 0.1588 cnt 3.5870
[stage1] epoch 77/100 step 20 | loss 6.4360 | w [15.0, 8.0, 1.0] | train det 0.2556 seg 0.1434 cnt 1.4552
[stage1] epoch 77/100 step 21 | loss 5.4572 | w [15.0, 8.0, 1.0] | train det 0.0899 seg 0.1119 cnt 3.2136
[stage1] epoch 77/100 step 22 | loss 5.2063 | w [15.0, 8.0, 1.0] | train det 0.1897 seg 0.0403 cnt 2.0384
[stage1] epoch 77/100 step 23 | loss 7.9180 | w [15.0, 8.0, 1.0] | train det 0.1474 seg 0.0579 cnt 5.2436
[stage1] epoch 77/100 step 24 | loss 5.7557 | w [15.0, 8.0, 1.0] | train det 0.1057 seg 0.1536 cnt 2.9424
[stage1] epoch 77/100 step 25 | loss 6.3921 | w [15.0, 8.0, 1.0] | train det 0.1616 seg 0.0562 cnt 3.5187
[stage1] epoch 77/100 step 26 | loss 7.1608 | w [15.0, 8.0, 1.0] | train det 0.2378 seg 0.1145 cnt 2.6782
[stage1] epoch 77/100 step 27 | loss 10.9844 | w [15.0, 8.0, 1.0] | train det 0.3566 seg 0.2523 cnt 3.6166
[stage1] epoch 77/100 step 28 | loss 9.3382 | w [15.0, 8.0, 1.0] | train det 0.0952 seg 0.0518 cnt 7.4955
[stage1] epoch 77/100 step 29 | loss 8.4523 | w [15.0, 8.0, 1.0] | train det 0.1883 seg 0.0665 cnt 5.0951
[stage1] epoch 77/100 step 30 | loss 6.1929 | w [15.0, 8.0, 1.0] | train det 0.1197 seg 0.1046 cnt 3.5600
[stage1] epoch 77/100 step 31 | loss 9.8679 | w [15.0, 8.0, 1.0] | train det 0.3703 seg 0.0598 cnt 3.8340
[stage1] epoch 77/100 step 32 | loss 6.2437 | w [15.0, 8.0, 1.0] | train det 0.2042 seg 0.1251 cnt 2.1798
[stage1] epoch 77/100 step 33 | loss 8.3308 | w [15.0, 8.0, 1.0] | train det 0.1475 seg 0.1914 cnt 4.5875
[stage1] epoch 77/100 step 34 | loss 5.3677 | w [15.0, 8.0, 1.0] | train det 0.1436 seg 0.1063 cnt 2.3641
[stage1] epoch 77/100 step 35 | loss 7.0044 | w [15.0, 8.0, 1.0] | train det 0.0844 seg 0.1579 cnt 4.4743
[stage1] epoch 77/100 step 36 | loss 6.9535 | w [15.0, 8.0, 1.0] | train det 0.1056 seg 0.1634 cnt 4.0632
[stage1] epoch 77/100 step 37 | loss 6.2320 | w [15.0, 8.0, 1.0] | train det 0.1821 seg 0.0728 cnt 2.9174
[stage1] epoch 77/100 step 38 | loss 2.6721 | w [15.0, 8.0, 1.0] | train det 0.0318 seg 0.0480 cnt 1.8111
[stage1] epoch 77/100 step 39 | loss 5.7391 | w [15.0, 8.0, 1.0] | train det 0.1242 seg 0.1353 cnt 2.7942
[stage1] epoch 77/100 step 40 | loss 3.3425 | w [15.0, 8.0, 1.0] | train det 0.0325 seg 0.0985 cnt 2.0667
[stage1] epoch 77/100 step 41 | loss 8.2040 | w [15.0, 8.0, 1.0] | train det 0.1290 seg 0.1704 cnt 4.9055
[stage1] epoch 77/100 step 42 | loss 6.7892 | w [15.0, 8.0, 1.0] | train det 0.0495 seg 0.0954 cnt 5.2826
[stage1] epoch 77/100 step 43 | loss 7.9696 | w [15.0, 8.0, 1.0] | train det 0.2859 seg 0.0651 cnt 3.1598
[stage1] epoch 77/100 | train 6.8370 | det 0.1438 seg 0.1150 cnt 3.7598
[stage1] epoch 78/100 step 1 | loss 7.2444 | w [15.0, 8.0, 1.0] | train det 0.0846 seg 0.0431 cnt 5.6312
[stage1] epoch 78/100 step 2 | loss 9.0284 | w [15.0, 8.0, 1.0] | train det 0.2202 seg 0.1170 cnt 4.7897
[stage1] epoch 78/100 step 3 | loss 6.7112 | w [15.0, 8.0, 1.0] | train det 0.0574 seg 0.1299 cnt 4.8101
[stage1] epoch 78/100 step 4 | loss 4.5046 | w [15.0, 8.0, 1.0] | train det 0.0896 seg 0.1280 cnt 2.1366
[stage1] epoch 78/100 step 5 | loss 4.4561 | w [15.0, 8.0, 1.0] | train det 0.0501 seg 0.1049 cnt 2.8656
[stage1] epoch 78/100 step 6 | loss 7.6980 | w [15.0, 8.0, 1.0] | train det 0.1099 seg 0.1202 cnt 5.0888
[stage1] epoch 78/100 step 7 | loss 4.0203 | w [15.0, 8.0, 1.0] | train det 0.0447 seg 0.1985 cnt 1.7622
[stage1] epoch 78/100 step 8 | loss 8.3086 | w [15.0, 8.0, 1.0] | train det 0.1152 seg 0.1468 cnt 5.4067
[stage1] epoch 78/100 step 9 | loss 10.6372 | w [15.0, 8.0, 1.0] | train det 0.1918 seg 0.0675 cnt 7.2201
[stage1] epoch 78/100 step 10 | loss 7.1147 | w [15.0, 8.0, 1.0] | train det 0.1532 seg 0.0808 cnt 4.1702
[stage1] epoch 78/100 step 11 | loss 6.4708 | w [15.0, 8.0, 1.0] | train det 0.1492 seg 0.0966 cnt 3.4602
[stage1] epoch 78/100 step 12 | loss 6.6537 | w [15.0, 8.0, 1.0] | train det 0.1771 seg 0.1016 cnt 3.1847
[stage1] epoch 78/100 step 13 | loss 5.8412 | w [15.0, 8.0, 1.0] | train det 0.0636 seg 0.1224 cnt 3.9085
[stage1] epoch 78/100 step 14 | loss 9.4488 | w [15.0, 8.0, 1.0] | train det 0.1046 seg 0.0925 cnt 7.1399
[stage1] epoch 78/100 step 15 | loss 11.1466 | w [15.0, 8.0, 1.0] | train det 0.5433 seg 0.1052 cnt 2.1551
[stage1] epoch 78/100 step 16 | loss 7.6776 | w [15.0, 8.0, 1.0] | train det 0.2519 seg 0.1715 cnt 2.5263
[stage1] epoch 78/100 step 17 | loss 6.5531 | w [15.0, 8.0, 1.0] | train det 0.1176 seg 0.1279 cnt 3.7650
[stage1] epoch 78/100 step 18 | loss 8.2824 | w [15.0, 8.0, 1.0] | train det 0.0346 seg 0.1222 cnt 6.7858
[stage1] epoch 78/100 step 19 | loss 4.3670 | w [15.0, 8.0, 1.0] | train det 0.1136 seg 0.0256 cnt 2.4578
[stage1] epoch 78/100 step 20 | loss 8.7056 | w [15.0, 8.0, 1.0] | train det 0.2054 seg 0.0960 cnt 4.8558
[stage1] epoch 78/100 step 21 | loss 10.3925 | w [15.0, 8.0, 1.0] | train det 0.1210 seg 0.1054 cnt 7.7338
[stage1] epoch 78/100 step 22 | loss 6.9922 | w [15.0, 8.0, 1.0] | train det 0.0544 seg 0.1752 cnt 4.7738
[stage1] epoch 78/100 step 23 | loss 7.0685 | w [15.0, 8.0, 1.0] | train det 0.1619 seg 0.1408 cnt 3.5140
[stage1] epoch 78/100 step 24 | loss 16.3912 | w [15.0, 8.0, 1.0] | train det 0.7604 seg 0.1535 cnt 3.7569
[stage1] epoch 78/100 step 25 | loss 8.2670 | w [15.0, 8.0, 1.0] | train det 0.1427 seg 0.1070 cnt 5.2713
[stage1] epoch 78/100 step 26 | loss 6.9319 | w [15.0, 8.0, 1.0] | train det 0.0561 seg 0.1708 cnt 4.7244
[stage1] epoch 78/100 step 27 | loss 8.9651 | w [15.0, 8.0, 1.0] | train det 0.2147 seg 0.1445 cnt 4.5882
[stage1] epoch 78/100 step 28 | loss 6.2470 | w [15.0, 8.0, 1.0] | train det 0.1136 seg 0.0856 cnt 3.8583
[stage1] epoch 78/100 step 29 | loss 4.6014 | w [15.0, 8.0, 1.0] | train det 0.0364 seg 0.1463 cnt 2.8856
[stage1] epoch 78/100 step 30 | loss 9.3235 | w [15.0, 8.0, 1.0] | train det 0.0195 seg 0.2382 cnt 7.1265
[stage1] epoch 78/100 step 31 | loss 7.6493 | w [15.0, 8.0, 1.0] | train det 0.2990 seg 0.0699 cnt 2.6050
[stage1] epoch 78/100 step 32 | loss 8.3930 | w [15.0, 8.0, 1.0] | train det 0.0947 seg 0.1221 cnt 5.9958
[stage1] epoch 78/100 step 33 | loss 11.0482 | w [15.0, 8.0, 1.0] | train det 0.1693 seg 0.1240 cnt 7.5169
[stage1] epoch 78/100 step 34 | loss 6.0250 | w [15.0, 8.0, 1.0] | train det 0.1253 seg 0.1520 cnt 2.9295
[stage1] epoch 78/100 step 35 | loss 5.2046 | w [15.0, 8.0, 1.0] | train det 0.0764 seg 0.0571 cnt 3.6020
[stage1] epoch 78/100 step 36 | loss 4.0613 | w [15.0, 8.0, 1.0] | train det 0.0157 seg 0.0692 cnt 3.2722
[stage1] epoch 78/100 step 37 | loss 4.5005 | w [15.0, 8.0, 1.0] | train det 0.0740 seg 0.0521 cnt 2.9740
[stage1] epoch 78/100 step 38 | loss 8.7328 | w [15.0, 8.0, 1.0] | train det 0.1996 seg 0.1371 cnt 4.6414
[stage1] epoch 78/100 step 39 | loss 3.5281 | w [15.0, 8.0, 1.0] | train det 0.0377 seg 0.1296 cnt 1.9250
[stage1] epoch 78/100 step 40 | loss 4.1715 | w [15.0, 8.0, 1.0] | train det 0.0560 seg 0.1590 cnt 2.0599
[stage1] epoch 78/100 step 41 | loss 5.5077 | w [15.0, 8.0, 1.0] | train det 0.0451 seg 0.1152 cnt 3.9105
[stage1] epoch 78/100 step 42 | loss 8.3478 | w [15.0, 8.0, 1.0] | train det 0.0998 seg 0.1597 cnt 5.5739
[stage1] epoch 78/100 step 43 | loss 4.2302 | w [15.0, 8.0, 1.0] | train det 0.0395 seg 0.1456 cnt 2.4723
[stage1] epoch 78/100 | train 7.2430 | det 0.1370 seg 0.1200 cnt 4.2286
[stage1] epoch 79/100 step 1 | loss 6.3346 | w [15.0, 8.0, 1.0] | train det 0.1076 seg 0.1926 cnt 3.1803
[stage1] epoch 79/100 step 2 | loss 4.6996 | w [15.0, 8.0, 1.0] | train det 0.0409 seg 0.0695 cnt 3.5302
[stage1] epoch 79/100 step 3 | loss 4.8676 | w [15.0, 8.0, 1.0] | train det 0.0276 seg 0.0978 cnt 3.6711
[stage1] epoch 79/100 step 4 | loss 5.3567 | w [15.0, 8.0, 1.0] | train det 0.0424 seg 0.1821 cnt 3.2645
[stage1] epoch 79/100 step 5 | loss 6.9191 | w [15.0, 8.0, 1.0] | train det 0.1111 seg 0.1418 cnt 4.1179
[stage1] epoch 79/100 step 6 | loss 5.5688 | w [15.0, 8.0, 1.0] | train det 0.1284 seg 0.0762 cnt 3.0339
[stage1] epoch 79/100 step 7 | loss 3.8158 | w [15.0, 8.0, 1.0] | train det 0.0350 seg 0.0940 cnt 2.5390
[stage1] epoch 79/100 step 8 | loss 9.8980 | w [15.0, 8.0, 1.0] | train det 0.0602 seg 0.0470 cnt 8.6183
[stage1] epoch 79/100 step 9 | loss 4.8169 | w [15.0, 8.0, 1.0] | train det 0.0473 seg 0.1347 cnt 3.0298
[stage1] epoch 79/100 step 10 | loss 4.1587 | w [15.0, 8.0, 1.0] | train det 0.0195 seg 0.1029 cnt 3.0423
[stage1] epoch 79/100 step 11 | loss 5.3084 | w [15.0, 8.0, 1.0] | train det 0.1433 seg 0.1042 cnt 2.3247
[stage1] epoch 79/100 step 12 | loss 7.1694 | w [15.0, 8.0, 1.0] | train det 0.0964 seg 0.1204 cnt 4.7605
[stage1] epoch 79/100 step 13 | loss 6.2091 | w [15.0, 8.0, 1.0] | train det 0.1640 seg 0.0762 cnt 3.1397
[stage1] epoch 79/100 step 14 | loss 12.4239 | w [15.0, 8.0, 1.0] | train det 0.1459 seg 0.1548 cnt 8.9963
[stage1] epoch 79/100 step 15 | loss 14.1860 | w [15.0, 8.0, 1.0] | train det 0.4542 seg 0.1882 cnt 5.8683
[stage1] epoch 79/100 step 16 | loss 5.0717 | w [15.0, 8.0, 1.0] | train det 0.0311 seg 0.0805 cnt 3.9617
[stage1] epoch 79/100 step 17 | loss 7.8341 | w [15.0, 8.0, 1.0] | train det 0.0801 seg 0.0471 cnt 6.2551
[stage1] epoch 79/100 step 18 | loss 4.3736 | w [15.0, 8.0, 1.0] | train det 0.0706 seg 0.0654 cnt 2.7920
[stage1] epoch 79/100 step 19 | loss 10.6885 | w [15.0, 8.0, 1.0] | train det 0.4571 seg 0.1164 cnt 2.9003
[stage1] epoch 79/100 step 20 | loss 6.0171 | w [15.0, 8.0, 1.0] | train det 0.1037 seg 0.0793 cnt 3.8270
[stage1] epoch 79/100 step 21 | loss 4.8897 | w [15.0, 8.0, 1.0] | train det 0.0695 seg 0.0328 cnt 3.5854
[stage1] epoch 79/100 step 22 | loss 5.5325 | w [15.0, 8.0, 1.0] | train det 0.1700 seg 0.1379 cnt 1.8800
[stage1] epoch 79/100 step 23 | loss 11.3519 | w [15.0, 8.0, 1.0] | train det 0.5423 seg 0.1065 cnt 2.3645
[stage1] epoch 79/100 step 24 | loss 8.2962 | w [15.0, 8.0, 1.0] | train det 0.1374 seg 0.1326 cnt 5.1736
[stage1] epoch 79/100 step 25 | loss 4.7856 | w [15.0, 8.0, 1.0] | train det 0.0854 seg 0.0346 cnt 3.2273
[stage1] epoch 79/100 step 26 | loss 5.7922 | w [15.0, 8.0, 1.0] | train det 0.0949 seg 0.0700 cnt 3.8094
[stage1] epoch 79/100 step 27 | loss 6.0304 | w [15.0, 8.0, 1.0] | train det 0.0531 seg 0.2037 cnt 3.6037
[stage1] epoch 79/100 step 28 | loss 5.4981 | w [15.0, 8.0, 1.0] | train det 0.1648 seg 0.0553 cnt 2.5834
[stage1] epoch 79/100 step 29 | loss 9.1719 | w [15.0, 8.0, 1.0] | train det 0.2382 seg 0.2835 cnt 3.3303
[stage1] epoch 79/100 step 30 | loss 6.1952 | w [15.0, 8.0, 1.0] | train det 0.1347 seg 0.0599 cnt 3.6959
[stage1] epoch 79/100 step 31 | loss 4.0773 | w [15.0, 8.0, 1.0] | train det 0.0768 seg 0.0772 cnt 2.3086
[stage1] epoch 79/100 step 32 | loss 10.8979 | w [15.0, 8.0, 1.0] | train det 0.1229 seg 0.1021 cnt 8.2378
[stage1] epoch 79/100 step 33 | loss 7.7488 | w [15.0, 8.0, 1.0] | train det 0.2820 seg 0.1005 cnt 2.7149
[stage1] epoch 79/100 step 34 | loss 6.6984 | w [15.0, 8.0, 1.0] | train det 0.0858 seg 0.2439 cnt 3.4607
[stage1] epoch 79/100 step 35 | loss 3.1175 | w [15.0, 8.0, 1.0] | train det 0.0507 seg 0.0698 cnt 1.7978
[stage1] epoch 79/100 step 36 | loss 6.0148 | w [15.0, 8.0, 1.0] | train det 0.1014 seg 0.1280 cnt 3.4694
[stage1] epoch 79/100 step 37 | loss 4.7710 | w [15.0, 8.0, 1.0] | train det 0.1152 seg 0.0602 cnt 2.5619
[stage1] epoch 79/100 step 38 | loss 10.3234 | w [15.0, 8.0, 1.0] | train det 0.0709 seg 0.0664 cnt 8.7287
[stage1] epoch 79/100 step 39 | loss 6.9139 | w [15.0, 8.0, 1.0] | train det 0.0294 seg 0.1678 cnt 5.1301
[stage1] epoch 79/100 step 40 | loss 4.9870 | w [15.0, 8.0, 1.0] | train det 0.0624 seg 0.1032 cnt 3.2250
[stage1] epoch 79/100 step 41 | loss 7.0832 | w [15.0, 8.0, 1.0] | train det 0.1540 seg 0.1255 cnt 3.7685
[stage1] epoch 79/100 step 42 | loss 5.0844 | w [15.0, 8.0, 1.0] | train det 0.1337 seg 0.0588 cnt 2.6091
[stage1] epoch 79/100 step 43 | loss 4.0480 | w [15.0, 8.0, 1.0] | train det 0.0416 seg 0.1211 cnt 2.4556
[stage1] epoch 79/100 | train 6.6285 | det 0.1252 seg 0.1096 cnt 3.8738
[stage1] epoch 80/100 step 1 | loss 5.6405 | w [15.0, 8.0, 1.0] | train det 0.1394 seg 0.0974 cnt 2.7704
[stage1] epoch 80/100 step 2 | loss 4.1083 | w [15.0, 8.0, 1.0] | train det 0.1286 seg 0.0115 cnt 2.0875
[stage1] epoch 80/100 step 3 | loss 4.8490 | w [15.0, 8.0, 1.0] | train det 0.0688 seg 0.0967 cnt 3.0426
[stage1] epoch 80/100 step 4 | loss 6.2514 | w [15.0, 8.0, 1.0] | train det 0.0370 seg 0.1332 cnt 4.6309
[stage1] epoch 80/100 step 5 | loss 7.2761 | w [15.0, 8.0, 1.0] | train det 0.2011 seg 0.1502 cnt 3.0581
[stage1] epoch 80/100 step 6 | loss 6.3340 | w [15.0, 8.0, 1.0] | train det 0.1063 seg 0.0848 cnt 4.0611
[stage1] epoch 80/100 step 7 | loss 6.3569 | w [15.0, 8.0, 1.0] | train det 0.0835 seg 0.1225 cnt 4.1251
[stage1] epoch 80/100 step 8 | loss 5.7100 | w [15.0, 8.0, 1.0] | train det 0.0544 seg 0.1177 cnt 3.9523
[stage1] epoch 80/100 step 9 | loss 8.1514 | w [15.0, 8.0, 1.0] | train det 0.3897 seg 0.1011 cnt 1.4974
[stage1] epoch 80/100 step 10 | loss 4.2600 | w [15.0, 8.0, 1.0] | train det 0.0537 seg 0.0655 cnt 2.9304
[stage1] epoch 80/100 step 11 | loss 6.7579 | w [15.0, 8.0, 1.0] | train det 0.1205 seg 0.1441 cnt 3.7973
[stage1] epoch 80/100 step 12 | loss 6.5991 | w [15.0, 8.0, 1.0] | train det 0.0798 seg 0.0645 cnt 4.8858
[stage1] epoch 80/100 step 13 | loss 8.4491 | w [15.0, 8.0, 1.0] | train det 0.1066 seg 0.1032 cnt 6.0234
[stage1] epoch 80/100 step 14 | loss 6.8874 | w [15.0, 8.0, 1.0] | train det 0.0306 seg 0.1548 cnt 5.1895
[stage1] epoch 80/100 step 15 | loss 6.9604 | w [15.0, 8.0, 1.0] | train det 0.1166 seg 0.0450 cnt 4.8518
[stage1] epoch 80/100 step 16 | loss 9.9642 | w [15.0, 8.0, 1.0] | train det 0.0925 seg 0.0739 cnt 7.9860
[stage1] epoch 80/100 step 17 | loss 6.7912 | w [15.0, 8.0, 1.0] | train det 0.0967 seg 0.1322 cnt 4.2834
[stage1] epoch 80/100 step 18 | loss 6.2350 | w [15.0, 8.0, 1.0] | train det 0.1391 seg 0.1053 cnt 3.3064
[stage1] epoch 80/100 step 19 | loss 4.8267 | w [15.0, 8.0, 1.0] | train det 0.1892 seg 0.0677 cnt 1.4467
[stage1] epoch 80/100 step 20 | loss 5.3669 | w [15.0, 8.0, 1.0] | train det 0.1444 seg 0.0879 cnt 2.4974
[stage1] epoch 80/100 step 21 | loss 10.0609 | w [15.0, 8.0, 1.0] | train det 0.0602 seg 0.0678 cnt 8.6150
[stage1] epoch 80/100 step 22 | loss 11.8347 | w [15.0, 8.0, 1.0] | train det 0.4453 seg 0.0773 cnt 4.5362
[stage1] epoch 80/100 step 23 | loss 7.5093 | w [15.0, 8.0, 1.0] | train det 0.0516 seg 0.0729 cnt 6.1521
[stage1] epoch 80/100 step 24 | loss 8.0290 | w [15.0, 8.0, 1.0] | train det 0.3156 seg 0.1555 cnt 2.0510
[stage1] epoch 80/100 step 25 | loss 3.6373 | w [15.0, 8.0, 1.0] | train det 0.0502 seg 0.0641 cnt 2.3718
[stage1] epoch 80/100 step 26 | loss 4.1505 | w [15.0, 8.0, 1.0] | train det 0.1298 seg 0.0883 cnt 1.4966
[stage1] epoch 80/100 step 27 | loss 8.3336 | w [15.0, 8.0, 1.0] | train det 0.2436 seg 0.1466 cnt 3.5057
[stage1] epoch 80/100 step 28 | loss 7.8778 | w [15.0, 8.0, 1.0] | train det 0.1528 seg 0.0782 cnt 4.9603
[stage1] epoch 80/100 step 29 | loss 8.7891 | w [15.0, 8.0, 1.0] | train det 0.2211 seg 0.1565 cnt 4.2206
[stage1] epoch 80/100 step 30 | loss 8.9387 | w [15.0, 8.0, 1.0] | train det 0.0470 seg 0.1638 cnt 6.9231
[stage1] epoch 80/100 step 31 | loss 7.9983 | w [15.0, 8.0, 1.0] | train det 0.2315 seg 0.1211 cnt 3.5568
[stage1] epoch 80/100 step 32 | loss 9.4175 | w [15.0, 8.0, 1.0] | train det 0.2611 seg 0.2198 cnt 3.7434
[stage1] epoch 80/100 step 33 | loss 6.4234 | w [15.0, 8.0, 1.0] | train det 0.2860 seg 0.0755 cnt 1.5295
[stage1] epoch 80/100 step 34 | loss 5.9106 | w [15.0, 8.0, 1.0] | train det 0.0752 seg 0.1362 cnt 3.6922
[stage1] epoch 80/100 step 35 | loss 5.8796 | w [15.0, 8.0, 1.0] | train det 0.0803 seg 0.1418 cnt 3.5396
[stage1] epoch 80/100 step 36 | loss 8.2600 | w [15.0, 8.0, 1.0] | train det 0.1472 seg 0.1130 cnt 5.1478
[stage1] epoch 80/100 step 37 | loss 7.5062 | w [15.0, 8.0, 1.0] | train det 0.1396 seg 0.0671 cnt 4.8761
[stage1] epoch 80/100 step 38 | loss 6.0096 | w [15.0, 8.0, 1.0] | train det 0.1107 seg 0.0823 cnt 3.6904
[stage1] epoch 80/100 step 39 | loss 6.0050 | w [15.0, 8.0, 1.0] | train det 0.0609 seg 0.1306 cnt 4.0477
[stage1] epoch 80/100 step 40 | loss 6.8417 | w [15.0, 8.0, 1.0] | train det 0.0610 seg 0.0840 cnt 5.2545
[stage1] epoch 80/100 step 41 | loss 8.1102 | w [15.0, 8.0, 1.0] | train det 0.1879 seg 0.1220 cnt 4.3158
[stage1] epoch 80/100 step 42 | loss 5.8907 | w [15.0, 8.0, 1.0] | train det 0.1193 seg 0.0965 cnt 3.3294
[stage1] epoch 80/100 step 43 | loss 4.0530 | w [15.0, 8.0, 1.0] | train det 0.1082 seg 0.1308 cnt 1.3830
[stage1] epoch 80/100 | train 6.8661 | det 0.1387 seg 0.1058 cnt 3.9387
[stage1] epoch 81/100 step 1 | loss 5.0511 | w [15.0, 8.0, 1.0] | train det 0.0810 seg 0.0818 cnt 3.1815
[stage1] epoch 81/100 step 2 | loss 4.2644 | w [15.0, 8.0, 1.0] | train det 0.1135 seg 0.1106 cnt 1.6769
[stage1] epoch 81/100 step 3 | loss 13.3735 | w [15.0, 8.0, 1.0] | train det 0.1488 seg 0.1795 cnt 9.7064
[stage1] epoch 81/100 step 4 | loss 5.2099 | w [15.0, 8.0, 1.0] | train det 0.0915 seg 0.0663 cnt 3.3067
[stage1] epoch 81/100 step 5 | loss 7.9426 | w [15.0, 8.0, 1.0] | train det 0.0929 seg 0.1075 cnt 5.6898
[stage1] epoch 81/100 step 6 | loss 11.8595 | w [15.0, 8.0, 1.0] | train det 0.4269 seg 0.1197 cnt 4.4985
[stage1] epoch 81/100 step 7 | loss 4.5987 | w [15.0, 8.0, 1.0] | train det 0.1771 seg 0.1017 cnt 1.1275
[stage1] epoch 81/100 step 8 | loss 4.3184 | w [15.0, 8.0, 1.0] | train det 0.0795 seg 0.1481 cnt 1.9414
[stage1] epoch 81/100 step 9 | loss 8.7872 | w [15.0, 8.0, 1.0] | train det 0.3065 seg 0.1289 cnt 3.1595
[stage1] epoch 81/100 step 10 | loss 11.0811 | w [15.0, 8.0, 1.0] | train det 0.1610 seg 0.1011 cnt 7.8573
[stage1] epoch 81/100 step 11 | loss 12.2096 | w [15.0, 8.0, 1.0] | train det 0.3367 seg 0.0884 cnt 6.4522
[stage1] epoch 81/100 step 12 | loss 5.0949 | w [15.0, 8.0, 1.0] | train det 0.1080 seg 0.1292 cnt 2.4416
[stage1] epoch 81/100 step 13 | loss 7.3581 | w [15.0, 8.0, 1.0] | train det 0.0218 seg 0.1725 cnt 5.6503
[stage1] epoch 81/100 step 14 | loss 3.0068 | w [15.0, 8.0, 1.0] | train det 0.0702 seg 0.0993 cnt 1.1603
[stage1] epoch 81/100 step 15 | loss 5.7489 | w [15.0, 8.0, 1.0] | train det 0.2205 seg 0.0873 cnt 1.7434
[stage1] epoch 81/100 step 16 | loss 4.8906 | w [15.0, 8.0, 1.0] | train det 0.0837 seg 0.1128 cnt 2.7328
[stage1] epoch 81/100 step 17 | loss 7.4225 | w [15.0, 8.0, 1.0] | train det 0.1169 seg 0.1078 cnt 4.8072
[stage1] epoch 81/100 step 18 | loss 3.9460 | w [15.0, 8.0, 1.0] | train det 0.0821 seg 0.1114 cnt 1.8229
[stage1] epoch 81/100 step 19 | loss 6.0634 | w [15.0, 8.0, 1.0] | train det 0.1279 seg 0.2185 cnt 2.3974
[stage1] epoch 81/100 step 20 | loss 4.9038 | w [15.0, 8.0, 1.0] | train det 0.0420 seg 0.0851 cnt 3.5930
[stage1] epoch 81/100 step 21 | loss 3.7834 | w [15.0, 8.0, 1.0] | train det 0.0683 seg 0.0716 cnt 2.1861
[stage1] epoch 81/100 step 22 | loss 4.4494 | w [15.0, 8.0, 1.0] | train det 0.0650 seg 0.0779 cnt 2.8514
[stage1] epoch 81/100 step 23 | loss 5.6411 | w [15.0, 8.0, 1.0] | train det 0.0677 seg 0.0933 cnt 3.8786
[stage1] epoch 81/100 step 24 | loss 12.2529 | w [15.0, 8.0, 1.0] | train det 0.1275 seg 0.0902 cnt 9.6192
[stage1] epoch 81/100 step 25 | loss 6.1949 | w [15.0, 8.0, 1.0] | train det 0.0929 seg 0.2981 cnt 2.4171
[stage1] epoch 81/100 step 26 | loss 2.6478 | w [15.0, 8.0, 1.0] | train det 0.0194 seg 0.0821 cnt 1.6999
[stage1] epoch 81/100 step 27 | loss 12.0565 | w [15.0, 8.0, 1.0] | train det 0.1192 seg 0.1742 cnt 8.8748
[stage1] epoch 81/100 step 28 | loss 5.9652 | w [15.0, 8.0, 1.0] | train det 0.0878 seg 0.1199 cnt 3.6890
[stage1] epoch 81/100 step 29 | loss 6.2464 | w [15.0, 8.0, 1.0] | train det 0.0588 seg 0.1147 cnt 4.4459
[stage1] epoch 81/100 step 30 | loss 8.0457 | w [15.0, 8.0, 1.0] | train det 0.0892 seg 0.1545 cnt 5.4720
[stage1] epoch 81/100 step 31 | loss 2.9566 | w [15.0, 8.0, 1.0] | train det 0.0361 seg 0.1260 cnt 1.4072
[stage1] epoch 81/100 step 32 | loss 5.7656 | w [15.0, 8.0, 1.0] | train det 0.2153 seg 0.0561 cnt 2.0866
[stage1] epoch 81/100 step 33 | loss 6.9373 | w [15.0, 8.0, 1.0] | train det 0.1892 seg 0.0466 cnt 3.7268
[stage1] epoch 81/100 step 34 | loss 12.7287 | w [15.0, 8.0, 1.0] | train det 0.2256 seg 0.0543 cnt 8.9101
[stage1] epoch 81/100 step 35 | loss 8.2019 | w [15.0, 8.0, 1.0] | train det 0.1429 seg 0.0967 cnt 5.2849
[stage1] epoch 81/100 step 36 | loss 14.6522 | w [15.0, 8.0, 1.0] | train det 0.7031 seg 0.0859 cnt 3.4183
[stage1] epoch 81/100 step 37 | loss 7.2008 | w [15.0, 8.0, 1.0] | train det 0.0353 seg 0.0999 cnt 5.8730
[stage1] epoch 81/100 step 38 | loss 4.3230 | w [15.0, 8.0, 1.0] | train det 0.1108 seg 0.2210 cnt 0.8923
[stage1] epoch 81/100 step 39 | loss 4.2573 | w [15.0, 8.0, 1.0] | train det 0.1104 seg 0.0520 cnt 2.1851
[stage1] epoch 81/100 step 40 | loss 4.3292 | w [15.0, 8.0, 1.0] | train det 0.0823 seg 0.0597 cnt 2.6165
[stage1] epoch 81/100 step 41 | loss 6.6104 | w [15.0, 8.0, 1.0] | train det 0.0972 seg 0.0811 cnt 4.5042
[stage1] epoch 81/100 step 42 | loss 9.7418 | w [15.0, 8.0, 1.0] | train det 0.4499 seg 0.1328 cnt 1.9315
[stage1] epoch 81/100 step 43 | loss 5.4225 | w [15.0, 8.0, 1.0] | train det 0.1901 seg 0.0567 cnt 2.1168
[stage1] epoch 81/100 | train 6.9196 | det 0.1459 seg 0.1117 cnt 3.8380
[stage1] epoch 82/100 step 1 | loss 5.7586 | w [15.0, 8.0, 1.0] | train det 0.1253 seg 0.1794 cnt 2.4434
[stage1] epoch 82/100 step 2 | loss 9.3984 | w [15.0, 8.0, 1.0] | train det 0.2421 seg 0.1560 cnt 4.5190
[stage1] epoch 82/100 step 3 | loss 6.0354 | w [15.0, 8.0, 1.0] | train det 0.1465 seg 0.1415 cnt 2.7052
[stage1] epoch 82/100 step 4 | loss 3.6450 | w [15.0, 8.0, 1.0] | train det 0.0818 seg 0.0980 cnt 1.6346
[stage1] epoch 82/100 step 5 | loss 4.6399 | w [15.0, 8.0, 1.0] | train det 0.1302 seg 0.0389 cnt 2.3757
[stage1] epoch 82/100 step 6 | loss 4.5511 | w [15.0, 8.0, 1.0] | train det 0.0542 seg 0.1383 cnt 2.6323
[stage1] epoch 82/100 step 7 | loss 7.8239 | w [15.0, 8.0, 1.0] | train det 0.2170 seg 0.0666 cnt 4.0367
[stage1] epoch 82/100 step 8 | loss 4.9369 | w [15.0, 8.0, 1.0] | train det 0.0356 seg 0.0984 cnt 3.6148
[stage1] epoch 82/100 step 9 | loss 7.4025 | w [15.0, 8.0, 1.0] | train det 0.1650 seg 0.1071 cnt 4.0712
[stage1] epoch 82/100 step 10 | loss 7.8107 | w [15.0, 8.0, 1.0] | train det 0.1226 seg 0.1885 cnt 4.4629
[stage1] epoch 82/100 step 11 | loss 8.1659 | w [15.0, 8.0, 1.0] | train det 0.2146 seg 0.2643 cnt 2.8334
[stage1] epoch 82/100 step 12 | loss 13.3904 | w [15.0, 8.0, 1.0] | train det 0.0986 seg 0.0796 cnt 11.2745
[stage1] epoch 82/100 step 13 | loss 10.2629 | w [15.0, 8.0, 1.0] | train det 0.1595 seg 0.0964 cnt 7.0986
[stage1] epoch 82/100 step 14 | loss 6.2065 | w [15.0, 8.0, 1.0] | train det 0.1354 seg 0.1821 cnt 2.7186
[stage1] epoch 82/100 step 15 | loss 7.6352 | w [15.0, 8.0, 1.0] | train det 0.1085 seg 0.1535 cnt 4.7790
[stage1] epoch 82/100 step 16 | loss 7.6466 | w [15.0, 8.0, 1.0] | train det 0.0695 seg 0.1011 cnt 5.7959
[stage1] epoch 82/100 step 17 | loss 5.9486 | w [15.0, 8.0, 1.0] | train det 0.1391 seg 0.1346 cnt 2.7847
[stage1] epoch 82/100 step 18 | loss 7.3568 | w [15.0, 8.0, 1.0] | train det 0.2831 seg 0.1312 cnt 2.0616
[stage1] epoch 82/100 step 19 | loss 6.1950 | w [15.0, 8.0, 1.0] | train det 0.1859 seg 0.0601 cnt 2.9253
[stage1] epoch 82/100 step 20 | loss 16.0767 | w [15.0, 8.0, 1.0] | train det 0.6276 seg 0.0598 cnt 6.1840
[stage1] epoch 82/100 step 21 | loss 4.9356 | w [15.0, 8.0, 1.0] | train det 0.0255 seg 0.1027 cnt 3.7315
[stage1] epoch 82/100 step 22 | loss 7.7990 | w [15.0, 8.0, 1.0] | train det 0.0678 seg 0.1055 cnt 5.9374
[stage1] epoch 82/100 step 23 | loss 7.4378 | w [15.0, 8.0, 1.0] | train det 0.0825 seg 0.0964 cnt 5.4294
[stage1] epoch 82/100 step 24 | loss 7.9319 | w [15.0, 8.0, 1.0] | train det 0.1609 seg 0.1232 cnt 4.5326
[stage1] epoch 82/100 step 25 | loss 14.2158 | w [15.0, 8.0, 1.0] | train det 0.7018 seg 0.1501 cnt 2.4881
[stage1] epoch 82/100 step 26 | loss 6.6231 | w [15.0, 8.0, 1.0] | train det 0.0250 seg 0.1566 cnt 4.9945
[stage1] epoch 82/100 step 27 | loss 12.5569 | w [15.0, 8.0, 1.0] | train det 0.5972 seg 0.1294 cnt 2.5640
[stage1] epoch 82/100 step 28 | loss 10.8332 | w [15.0, 8.0, 1.0] | train det 0.4964 seg 0.2367 cnt 1.4927
[stage1] epoch 82/100 step 29 | loss 4.2673 | w [15.0, 8.0, 1.0] | train det 0.0400 seg 0.1272 cnt 2.6497
[stage1] epoch 82/100 step 30 | loss 5.9506 | w [15.0, 8.0, 1.0] | train det 0.0846 seg 0.2330 cnt 2.8180
[stage1] epoch 82/100 step 31 | loss 6.6651 | w [15.0, 8.0, 1.0] | train det 0.0615 seg 0.0899 cnt 5.0238
[stage1] epoch 82/100 step 32 | loss 6.0502 | w [15.0, 8.0, 1.0] | train det 0.0812 seg 0.0810 cnt 4.1842
[stage1] epoch 82/100 step 33 | loss 6.6552 | w [15.0, 8.0, 1.0] | train det 0.0689 seg 0.1749 cnt 4.2220
[stage1] epoch 82/100 step 34 | loss 5.7629 | w [15.0, 8.0, 1.0] | train det 0.0830 seg 0.0458 cnt 4.1511
[stage1] epoch 82/100 step 35 | loss 5.9491 | w [15.0, 8.0, 1.0] | train det 0.0705 seg 0.0599 cnt 4.4118
[stage1] epoch 82/100 step 36 | loss 8.5514 | w [15.0, 8.0, 1.0] | train det 0.0322 seg 0.1195 cnt 7.1123
[stage1] epoch 82/100 step 37 | loss 11.1939 | w [15.0, 8.0, 1.0] | train det 0.1096 seg 0.0986 cnt 8.7602
[stage1] epoch 82/100 step 38 | loss 8.0401 | w [15.0, 8.0, 1.0] | train det 0.2468 seg 0.1137 cnt 3.4281
[stage1] epoch 82/100 step 39 | loss 5.9818 | w [15.0, 8.0, 1.0] | train det 0.1083 seg 0.0627 cnt 3.8552
[stage1] epoch 82/100 step 40 | loss 8.0113 | w [15.0, 8.0, 1.0] | train det 0.0965 seg 0.1075 cnt 5.7043
[stage1] epoch 82/100 step 41 | loss 5.5057 | w [15.0, 8.0, 1.0] | train det 0.0826 seg 0.2137 cnt 2.5570
[stage1] epoch 82/100 step 42 | loss 3.9239 | w [15.0, 8.0, 1.0] | train det 0.0777 seg 0.1102 cnt 1.8763
[stage1] epoch 82/100 step 43 | loss 5.6800 | w [15.0, 8.0, 1.0] | train det 0.1598 seg 0.1451 cnt 2.1219
[stage1] epoch 82/100 | train 7.4746 | det 0.1605 seg 0.1246 cnt 4.0697
[stage1] epoch 83/100 step 1 | loss 3.4830 | w [15.0, 8.0, 1.0] | train det 0.0529 seg 0.0645 cnt 2.1734
[stage1] epoch 83/100 step 2 | loss 6.1864 | w [15.0, 8.0, 1.0] | train det 0.1935 seg 0.1027 cnt 2.4624
[stage1] epoch 83/100 step 3 | loss 2.7449 | w [15.0, 8.0, 1.0] | train det 0.0307 seg 0.0353 cnt 2.0029
[stage1] epoch 83/100 step 4 | loss 12.1127 | w [15.0, 8.0, 1.0] | train det 0.5612 seg 0.0517 cnt 3.2803
[stage1] epoch 83/100 step 5 | loss 4.4188 | w [15.0, 8.0, 1.0] | train det 0.0956 seg 0.0849 cnt 2.3055
[stage1] epoch 83/100 step 6 | loss 8.4572 | w [15.0, 8.0, 1.0] | train det 0.2879 seg 0.0426 cnt 3.7979
[stage1] epoch 83/100 step 7 | loss 5.2435 | w [15.0, 8.0, 1.0] | train det 0.0488 seg 0.1142 cnt 3.5975
[stage1] epoch 83/100 step 8 | loss 13.2812 | w [15.0, 8.0, 1.0] | train det 0.4473 seg 0.0981 cnt 5.7873
[stage1] epoch 83/100 step 9 | loss 3.8158 | w [15.0, 8.0, 1.0] | train det 0.1038 seg 0.0508 cnt 1.8523
[stage1] epoch 83/100 step 10 | loss 7.6789 | w [15.0, 8.0, 1.0] | train det 0.2994 seg 0.0935 cnt 2.4404
[stage1] epoch 83/100 step 11 | loss 11.8257 | w [15.0, 8.0, 1.0] | train det 0.6017 seg 0.1722 cnt 1.4216
[stage1] epoch 83/100 step 12 | loss 8.8352 | w [15.0, 8.0, 1.0] | train det 0.1829 seg 0.0402 cnt 5.7705
[stage1] epoch 83/100 step 13 | loss 5.2773 | w [15.0, 8.0, 1.0] | train det 0.0927 seg 0.1363 cnt 2.7964
[stage1] epoch 83/100 step 14 | loss 5.6075 | w [15.0, 8.0, 1.0] | train det 0.0682 seg 0.0926 cnt 3.8440
[stage1] epoch 83/100 step 15 | loss 7.7129 | w [15.0, 8.0, 1.0] | train det 0.2111 seg 0.0628 cnt 4.0441
[stage1] epoch 83/100 step 16 | loss 6.4267 | w [15.0, 8.0, 1.0] | train det 0.1578 seg 0.0778 cnt 3.4376
[stage1] epoch 83/100 step 17 | loss 5.6109 | w [15.0, 8.0, 1.0] | train det 0.2160 seg 0.0654 cnt 1.8483
[stage1] epoch 83/100 step 18 | loss 4.8580 | w [15.0, 8.0, 1.0] | train det 0.0791 seg 0.1056 cnt 2.8265
[stage1] epoch 83/100 step 19 | loss 8.8923 | w [15.0, 8.0, 1.0] | train det 0.0780 seg 0.1465 cnt 6.5498
[stage1] epoch 83/100 step 20 | loss 6.4696 | w [15.0, 8.0, 1.0] | train det 0.1277 seg 0.1530 cnt 3.3298
[stage1] epoch 83/100 step 21 | loss 7.4701 | w [15.0, 8.0, 1.0] | train det 0.0723 seg 0.1540 cnt 5.1535
[stage1] epoch 83/100 step 22 | loss 6.5639 | w [15.0, 8.0, 1.0] | train det 0.0757 seg 0.0707 cnt 4.8627
[stage1] epoch 83/100 step 23 | loss 6.6968 | w [15.0, 8.0, 1.0] | train det 0.2023 seg 0.1077 cnt 2.8008
[stage1] epoch 83/100 step 24 | loss 57.8440 | w [15.0, 8.0, 1.0] | train det 0.0911 seg 0.1152 cnt 55.5555
[stage1] epoch 83/100 step 25 | loss 3.8731 | w [15.0, 8.0, 1.0] | train det 0.0342 seg 0.0946 cnt 2.6035
[stage1] epoch 83/100 step 26 | loss 6.2581 | w [15.0, 8.0, 1.0] | train det 0.1331 seg 0.1122 cnt 3.3635
[stage1] epoch 83/100 step 27 | loss 6.5286 | w [15.0, 8.0, 1.0] | train det 0.0667 seg 0.3287 cnt 2.8993
[stage1] epoch 83/100 step 28 | loss 5.0691 | w [15.0, 8.0, 1.0] | train det 0.0694 seg 0.1102 cnt 3.1464
[stage1] epoch 83/100 step 29 | loss 7.3359 | w [15.0, 8.0, 1.0] | train det 0.2604 seg 0.1605 cnt 2.1460
[stage1] epoch 83/100 step 30 | loss 6.1087 | w [15.0, 8.0, 1.0] | train det 0.0600 seg 0.0736 cnt 4.6203
[stage1] epoch 83/100 step 31 | loss 5.5792 | w [15.0, 8.0, 1.0] | train det 0.0720 seg 0.0762 cnt 3.8903
[stage1] epoch 83/100 step 32 | loss 7.0389 | w [15.0, 8.0, 1.0] | train det 0.1045 seg 0.0921 cnt 4.7353
[stage1] epoch 83/100 step 33 | loss 4.3741 | w [15.0, 8.0, 1.0] | train det 0.0882 seg 0.1832 cnt 1.5853
[stage1] epoch 83/100 step 34 | loss 8.7141 | w [15.0, 8.0, 1.0] | train det 0.3748 seg 0.0848 cnt 2.4147
[stage1] epoch 83/100 step 35 | loss 5.4360 | w [15.0, 8.0, 1.0] | train det 0.2047 seg 0.0762 cnt 1.7567
[stage1] epoch 83/100 step 36 | loss 7.0725 | w [15.0, 8.0, 1.0] | train det 0.0560 seg 0.1005 cnt 5.4276
[stage1] epoch 83/100 step 37 | loss 4.7659 | w [15.0, 8.0, 1.0] | train det 0.0572 seg 0.1274 cnt 2.8893
[stage1] epoch 83/100 step 38 | loss 6.0360 | w [15.0, 8.0, 1.0] | train det 0.1294 seg 0.0520 cnt 3.6795
[stage1] epoch 83/100 step 39 | loss 6.1366 | w [15.0, 8.0, 1.0] | train det 0.0337 seg 0.1152 cnt 4.7094
[stage1] epoch 83/100 step 40 | loss 11.1038 | w [15.0, 8.0, 1.0] | train det 0.4993 seg 0.0619 cnt 3.1188
[stage1] epoch 83/100 step 41 | loss 3.9984 | w [15.0, 8.0, 1.0] | train det 0.0768 seg 0.1586 cnt 1.5772
[stage1] epoch 83/100 step 42 | loss 8.1672 | w [15.0, 8.0, 1.0] | train det 0.2581 seg 0.1444 cnt 3.1402
[stage1] epoch 83/100 step 43 | loss 7.2745 | w [15.0, 8.0, 1.0] | train det 0.0474 seg 0.1270 cnt 5.5473
[stage1] epoch 83/100 | train 7.8694 | det 0.1629 seg 0.1051 cnt 4.5858
[stage1] epoch 84/100 step 1 | loss 12.6755 | w [15.0, 8.0, 1.0] | train det 0.5125 seg 0.1518 cnt 3.7731
[stage1] epoch 84/100 step 2 | loss 5.1030 | w [15.0, 8.0, 1.0] | train det 0.1108 seg 0.1686 cnt 2.0918
[stage1] epoch 84/100 step 3 | loss 8.4892 | w [15.0, 8.0, 1.0] | train det 0.0616 seg 0.1179 cnt 6.6214
[stage1] epoch 84/100 step 4 | loss 7.3398 | w [15.0, 8.0, 1.0] | train det 0.0534 seg 0.0583 cnt 6.0724
[stage1] epoch 84/100 step 5 | loss 4.7999 | w [15.0, 8.0, 1.0] | train det 0.1042 seg 0.0934 cnt 2.4893
[stage1] epoch 84/100 step 6 | loss 5.7089 | w [15.0, 8.0, 1.0] | train det 0.1755 seg 0.0907 cnt 2.3514
[stage1] epoch 84/100 step 7 | loss 7.9482 | w [15.0, 8.0, 1.0] | train det 0.0925 seg 0.1030 cnt 5.7363
[stage1] epoch 84/100 step 8 | loss 8.8643 | w [15.0, 8.0, 1.0] | train det 0.1504 seg 0.0706 cnt 6.0441
[stage1] epoch 84/100 step 9 | loss 11.1378 | w [15.0, 8.0, 1.0] | train det 0.1380 seg 0.0974 cnt 8.2886
[stage1] epoch 84/100 step 10 | loss 6.4834 | w [15.0, 8.0, 1.0] | train det 0.0797 seg 0.1193 cnt 4.3341
[stage1] epoch 84/100 step 11 | loss 5.9414 | w [15.0, 8.0, 1.0] | train det 0.1341 seg 0.0789 cnt 3.2985
[stage1] epoch 84/100 step 12 | loss 4.0719 | w [15.0, 8.0, 1.0] | train det 0.0696 seg 0.1130 cnt 2.1243
[stage1] epoch 84/100 step 13 | loss 5.3306 | w [15.0, 8.0, 1.0] | train det 0.0404 seg 0.1492 cnt 3.5309
[stage1] epoch 84/100 step 14 | loss 7.2701 | w [15.0, 8.0, 1.0] | train det 0.0757 seg 0.0887 cnt 5.4258
[stage1] epoch 84/100 step 15 | loss 5.5299 | w [15.0, 8.0, 1.0] | train det 0.1468 seg 0.0801 cnt 2.6873
[stage1] epoch 84/100 step 16 | loss 3.2472 | w [15.0, 8.0, 1.0] | train det 0.0471 seg 0.1566 cnt 1.2873
[stage1] epoch 84/100 step 17 | loss 7.8015 | w [15.0, 8.0, 1.0] | train det 0.2399 seg 0.0670 cnt 3.6669
[stage1] epoch 84/100 step 18 | loss 17.5828 | w [15.0, 8.0, 1.0] | train det 0.0610 seg 0.1492 cnt 15.4752
[stage1] epoch 84/100 step 19 | loss 5.7489 | w [15.0, 8.0, 1.0] | train det 0.0747 seg 0.0523 cnt 4.2104
[stage1] epoch 84/100 step 20 | loss 4.1666 | w [15.0, 8.0, 1.0] | train det 0.0971 seg 0.1019 cnt 1.8944
[stage1] epoch 84/100 step 21 | loss 5.6862 | w [15.0, 8.0, 1.0] | train det 0.0890 seg 0.2368 cnt 2.4570
[stage1] epoch 84/100 step 22 | loss 6.4499 | w [15.0, 8.0, 1.0] | train det 0.0555 seg 0.2004 cnt 4.0142
[stage1] epoch 84/100 step 23 | loss 3.6742 | w [15.0, 8.0, 1.0] | train det 0.0672 seg 0.0307 cnt 2.4211
[stage1] epoch 84/100 step 24 | loss 4.7249 | w [15.0, 8.0, 1.0] | train det 0.0675 seg 0.1440 cnt 2.5610
[stage1] epoch 84/100 step 25 | loss 6.8949 | w [15.0, 8.0, 1.0] | train det 0.1948 seg 0.0948 cnt 3.2151
[stage1] epoch 84/100 step 26 | loss 5.0242 | w [15.0, 8.0, 1.0] | train det 0.0878 seg 0.0596 cnt 3.2300
[stage1] epoch 84/100 step 27 | loss 9.9111 | w [15.0, 8.0, 1.0] | train det 0.1345 seg 0.1887 cnt 6.3845
[stage1] epoch 84/100 step 28 | loss 10.0086 | w [15.0, 8.0, 1.0] | train det 0.2358 seg 0.1383 cnt 5.3649
[stage1] epoch 84/100 step 29 | loss 7.7749 | w [15.0, 8.0, 1.0] | train det 0.2358 seg 0.1046 cnt 3.4002
[stage1] epoch 84/100 step 30 | loss 5.9264 | w [15.0, 8.0, 1.0] | train det 0.1525 seg 0.0807 cnt 2.9931
[stage1] epoch 84/100 step 31 | loss 5.1450 | w [15.0, 8.0, 1.0] | train det 0.0361 seg 0.0680 cnt 4.0592
[stage1] epoch 84/100 step 32 | loss 6.0583 | w [15.0, 8.0, 1.0] | train det 0.1061 seg 0.1369 cnt 3.3718
[stage1] epoch 84/100 step 33 | loss 6.1147 | w [15.0, 8.0, 1.0] | train det 0.0210 seg 0.1322 cnt 4.7413
[stage1] epoch 84/100 step 34 | loss 5.5580 | w [15.0, 8.0, 1.0] | train det 0.0631 seg 0.0654 cnt 4.0884
[stage1] epoch 84/100 step 35 | loss 4.8170 | w [15.0, 8.0, 1.0] | train det 0.1302 seg 0.0919 cnt 2.1281
[stage1] epoch 84/100 step 36 | loss 3.7689 | w [15.0, 8.0, 1.0] | train det 0.0881 seg 0.0762 cnt 1.8366
[stage1] epoch 84/100 step 37 | loss 12.5795 | w [15.0, 8.0, 1.0] | train det 0.4747 seg 0.1303 cnt 4.4160
[stage1] epoch 84/100 step 38 | loss 7.8302 | w [15.0, 8.0, 1.0] | train det 0.0605 seg 0.1547 cnt 5.6852
[stage1] epoch 84/100 step 39 | loss 5.2917 | w [15.0, 8.0, 1.0] | train det 0.0852 seg 0.1192 cnt 3.0597
[stage1] epoch 84/100 step 40 | loss 3.1815 | w [15.0, 8.0, 1.0] | train det 0.0484 seg 0.0916 cnt 1.7235
[stage1] epoch 84/100 step 41 | loss 6.1638 | w [15.0, 8.0, 1.0] | train det 0.0785 seg 0.1489 cnt 3.7950
[stage1] epoch 84/100 step 42 | loss 14.5779 | w [15.0, 8.0, 1.0] | train det 0.1355 seg 0.1282 cnt 11.5205
[stage1] epoch 84/100 step 43 | loss 4.7657 | w [15.0, 8.0, 1.0] | train det 0.1024 seg 0.1272 cnt 2.2126
[stage1] epoch 84/100 | train 6.9109 | det 0.1213 seg 0.1130 cnt 4.1880
[stage1] epoch 85/100 step 1 | loss 16.1358 | w [15.0, 8.0, 1.0] | train det 0.0436 seg 0.0697 cnt 14.9251
[stage1] epoch 85/100 step 2 | loss 5.1009 | w [15.0, 8.0, 1.0] | train det 0.1836 seg 0.0467 cnt 1.9734
[stage1] epoch 85/100 step 3 | loss 7.0660 | w [15.0, 8.0, 1.0] | train det 0.0191 seg 0.1769 cnt 5.3645
[stage1] epoch 85/100 step 4 | loss 5.2939 | w [15.0, 8.0, 1.0] | train det 0.1302 seg 0.0898 cnt 2.6232
[stage1] epoch 85/100 step 5 | loss 3.0556 | w [15.0, 8.0, 1.0] | train det 0.0455 seg 0.0688 cnt 1.8223
[stage1] epoch 85/100 step 6 | loss 19.7843 | w [15.0, 8.0, 1.0] | train det 0.0467 seg 0.0925 cnt 18.3436
[stage1] epoch 85/100 step 7 | loss 5.4910 | w [15.0, 8.0, 1.0] | train det 0.1222 seg 0.0931 cnt 2.9132
[stage1] epoch 85/100 step 8 | loss 4.9560 | w [15.0, 8.0, 1.0] | train det 0.0999 seg 0.1135 cnt 2.5492
[stage1] epoch 85/100 step 9 | loss 6.1480 | w [15.0, 8.0, 1.0] | train det 0.2096 seg 0.0859 cnt 2.3164
[stage1] epoch 85/100 step 10 | loss 3.8614 | w [15.0, 8.0, 1.0] | train det 0.0422 seg 0.1114 cnt 2.3370
[stage1] epoch 85/100 step 11 | loss 6.2034 | w [15.0, 8.0, 1.0] | train det 0.1458 seg 0.0453 cnt 3.6534
[stage1] epoch 85/100 step 12 | loss 9.8564 | w [15.0, 8.0, 1.0] | train det 0.2701 seg 0.1027 cnt 4.9842
[stage1] epoch 85/100 step 13 | loss 5.5989 | w [15.0, 8.0, 1.0] | train det 0.1232 seg 0.0983 cnt 2.9642
[stage1] epoch 85/100 step 14 | loss 10.5610 | w [15.0, 8.0, 1.0] | train det 0.0637 seg 0.0902 cnt 8.8835
[stage1] epoch 85/100 step 15 | loss 10.5369 | w [15.0, 8.0, 1.0] | train det 0.3767 seg 0.2696 cnt 2.7300
[stage1] epoch 85/100 step 16 | loss 6.5514 | w [15.0, 8.0, 1.0] | train det 0.1107 seg 0.1157 cnt 3.9662
[stage1] epoch 85/100 step 17 | loss 11.4523 | w [15.0, 8.0, 1.0] | train det 0.3739 seg 0.0602 cnt 5.3631
[stage1] epoch 85/100 step 18 | loss 5.1969 | w [15.0, 8.0, 1.0] | train det 0.0539 seg 0.1098 cnt 3.5099
[stage1] epoch 85/100 step 19 | loss 6.2395 | w [15.0, 8.0, 1.0] | train det 0.1289 seg 0.0595 cnt 3.8292
[stage1] epoch 85/100 step 20 | loss 10.0784 | w [15.0, 8.0, 1.0] | train det 0.0446 seg 0.1341 cnt 8.3367
[stage1] epoch 85/100 step 21 | loss 5.6493 | w [15.0, 8.0, 1.0] | train det 0.1147 seg 0.1047 cnt 3.0907
[stage1] epoch 85/100 step 22 | loss 7.7406 | w [15.0, 8.0, 1.0] | train det 0.1298 seg 0.1096 cnt 4.9167
[stage1] epoch 85/100 step 23 | loss 8.5800 | w [15.0, 8.0, 1.0] | train det 0.0952 seg 0.1332 cnt 6.0863
[stage1] epoch 85/100 step 24 | loss 7.3990 | w [15.0, 8.0, 1.0] | train det 0.0588 seg 0.0470 cnt 6.1406
[stage1] epoch 85/100 step 25 | loss 13.5051 | w [15.0, 8.0, 1.0] | train det 0.1084 seg 0.0487 cnt 11.4905
[stage1] epoch 85/100 step 26 | loss 6.8780 | w [15.0, 8.0, 1.0] | train det 0.3181 seg 0.0216 cnt 1.9342
[stage1] epoch 85/100 step 27 | loss 8.3871 | w [15.0, 8.0, 1.0] | train det 0.1621 seg 0.1284 cnt 4.9277
[stage1] epoch 85/100 step 28 | loss 4.6093 | w [15.0, 8.0, 1.0] | train det 0.0585 seg 0.1894 cnt 2.2159
[stage1] epoch 85/100 step 29 | loss 4.8508 | w [15.0, 8.0, 1.0] | train det 0.1837 seg 0.1141 cnt 1.1828
[stage1] epoch 85/100 step 30 | loss 9.6137 | w [15.0, 8.0, 1.0] | train det 0.0606 seg 0.0657 cnt 8.1790
[stage1] epoch 85/100 step 31 | loss 4.5872 | w [15.0, 8.0, 1.0] | train det 0.0674 seg 0.0434 cnt 3.2288
[stage1] epoch 85/100 step 32 | loss 3.6777 | w [15.0, 8.0, 1.0] | train det 0.0811 seg 0.0575 cnt 2.0015
[stage1] epoch 85/100 step 33 | loss 5.0447 | w [15.0, 8.0, 1.0] | train det 0.1127 seg 0.0945 cnt 2.5981
[stage1] epoch 85/100 step 34 | loss 5.9905 | w [15.0, 8.0, 1.0] | train det 0.0759 seg 0.1646 cnt 3.5355
[stage1] epoch 85/100 step 35 | loss 4.2592 | w [15.0, 8.0, 1.0] | train det 0.0389 seg 0.0679 cnt 3.1321
[stage1] epoch 85/100 step 36 | loss 6.9504 | w [15.0, 8.0, 1.0] | train det 0.0535 seg 0.1283 cnt 5.1212
[stage1] epoch 85/100 step 37 | loss 4.5587 | w [15.0, 8.0, 1.0] | train det 0.0296 seg 0.0945 cnt 3.3594
[stage1] epoch 85/100 step 38 | loss 11.4042 | w [15.0, 8.0, 1.0] | train det 0.1193 seg 0.2044 cnt 7.9800
[stage1] epoch 85/100 step 39 | loss 4.8237 | w [15.0, 8.0, 1.0] | train det 0.0185 seg 0.1074 cnt 3.6878
[stage1] epoch 85/100 step 40 | loss 7.0745 | w [15.0, 8.0, 1.0] | train det 0.1371 seg 0.0988 cnt 4.2285
[stage1] epoch 85/100 step 41 | loss 6.0049 | w [15.0, 8.0, 1.0] | train det 0.0614 seg 0.1120 cnt 4.1876
[stage1] epoch 85/100 step 42 | loss 5.0256 | w [15.0, 8.0, 1.0] | train det 0.0638 seg 0.1077 cnt 3.2067
[stage1] epoch 85/100 step 43 | loss 5.8003 | w [15.0, 8.0, 1.0] | train det 0.0849 seg 0.1319 cnt 3.4726
[stage1] epoch 85/100 | train 7.2461 | det 0.1132 seg 0.1025 cnt 4.7277
[stage1] epoch 86/100 step 1 | loss 7.6076 | w [15.0, 8.0, 1.0] | train det 0.1841 seg 0.1353 cnt 3.7633
[stage1] epoch 86/100 step 2 | loss 6.1003 | w [15.0, 8.0, 1.0] | train det 0.0498 seg 0.0686 cnt 4.8050
[stage1] epoch 86/100 step 3 | loss 6.8654 | w [15.0, 8.0, 1.0] | train det 0.0639 seg 0.0947 cnt 5.1488
[stage1] epoch 86/100 step 4 | loss 4.9652 | w [15.0, 8.0, 1.0] | train det 0.0736 seg 0.1103 cnt 2.9779
[stage1] epoch 86/100 step 5 | loss 11.7995 | w [15.0, 8.0, 1.0] | train det 0.4988 seg 0.2021 cnt 2.7013
[stage1] epoch 86/100 step 6 | loss 5.5666 | w [15.0, 8.0, 1.0] | train det 0.0480 seg 0.0620 cnt 4.3508
[stage1] epoch 86/100 step 7 | loss 13.4766 | w [15.0, 8.0, 1.0] | train det 0.5054 seg 0.1164 cnt 4.9641
[stage1] epoch 86/100 step 8 | loss 5.1779 | w [15.0, 8.0, 1.0] | train det 0.0693 seg 0.0530 cnt 3.7136
[stage1] epoch 86/100 step 9 | loss 9.1042 | w [15.0, 8.0, 1.0] | train det 0.1430 seg 0.1131 cnt 6.0543
[stage1] epoch 86/100 step 10 | loss 9.6549 | w [15.0, 8.0, 1.0] | train det 0.1709 seg 0.0792 cnt 6.4587
[stage1] epoch 86/100 step 11 | loss 8.0533 | w [15.0, 8.0, 1.0] | train det 0.1540 seg 0.1530 cnt 4.5195
[stage1] epoch 86/100 step 12 | loss 4.2257 | w [15.0, 8.0, 1.0] | train det 0.0697 seg 0.1188 cnt 2.2299
[stage1] epoch 86/100 step 13 | loss 3.4049 | w [15.0, 8.0, 1.0] | train det 0.0740 seg 0.0354 cnt 2.0115
[stage1] epoch 86/100 step 14 | loss 5.8759 | w [15.0, 8.0, 1.0] | train det 0.0958 seg 0.1220 cnt 3.4628
[stage1] epoch 86/100 step 15 | loss 6.6013 | w [15.0, 8.0, 1.0] | train det 0.1381 seg 0.0852 cnt 3.8483
[stage1] epoch 86/100 step 16 | loss 3.0536 | w [15.0, 8.0, 1.0] | train det 0.0439 seg 0.1002 cnt 1.5935
[stage1] epoch 86/100 step 17 | loss 14.3858 | w [15.0, 8.0, 1.0] | train det 0.7961 seg 0.0877 cnt 1.7417
[stage1] epoch 86/100 step 18 | loss 9.3633 | w [15.0, 8.0, 1.0] | train det 0.0429 seg 0.0455 cnt 8.3566
[stage1] epoch 86/100 step 19 | loss 9.0408 | w [15.0, 8.0, 1.0] | train det 0.2369 seg 0.0629 cnt 4.9831
[stage1] epoch 86/100 step 20 | loss 5.1336 | w [15.0, 8.0, 1.0] | train det 0.1375 seg 0.0789 cnt 2.4404
[stage1] epoch 86/100 step 21 | loss 10.4826 | w [15.0, 8.0, 1.0] | train det 0.2851 seg 0.1417 cnt 5.0727
[stage1] epoch 86/100 step 22 | loss 8.7573 | w [15.0, 8.0, 1.0] | train det 0.0563 seg 0.1035 cnt 7.0844
[stage1] epoch 86/100 step 23 | loss 5.2547 | w [15.0, 8.0, 1.0] | train det 0.1080 seg 0.0887 cnt 2.9247
[stage1] epoch 86/100 step 24 | loss 3.8920 | w [15.0, 8.0, 1.0] | train det 0.0727 seg 0.0550 cnt 2.3612
[stage1] epoch 86/100 step 25 | loss 6.0058 | w [15.0, 8.0, 1.0] | train det 0.0746 seg 0.1024 cnt 4.0671
[stage1] epoch 86/100 step 26 | loss 9.3696 | w [15.0, 8.0, 1.0] | train det 0.2006 seg 0.0932 cnt 5.6143
[stage1] epoch 86/100 step 27 | loss 8.9513 | w [15.0, 8.0, 1.0] | train det 0.1514 seg 0.1194 cnt 5.7246
[stage1] epoch 86/100 step 28 | loss 13.4355 | w [15.0, 8.0, 1.0] | train det 0.5933 seg 0.1978 cnt 2.9543
[stage1] epoch 86/100 step 29 | loss 5.6045 | w [15.0, 8.0, 1.0] | train det 0.1388 seg 0.1287 cnt 2.4926
[stage1] epoch 86/100 step 30 | loss 7.7432 | w [15.0, 8.0, 1.0] | train det 0.1112 seg 0.2198 cnt 4.3160
[stage1] epoch 86/100 step 31 | loss 10.4173 | w [15.0, 8.0, 1.0] | train det 0.0539 seg 0.1605 cnt 8.3249
[stage1] epoch 86/100 step 32 | loss 6.7429 | w [15.0, 8.0, 1.0] | train det 0.0327 seg 0.1005 cnt 5.4477
[stage1] epoch 86/100 step 33 | loss 9.0030 | w [15.0, 8.0, 1.0] | train det 0.0798 seg 0.2470 cnt 5.8304
[stage1] epoch 86/100 step 34 | loss 10.2370 | w [15.0, 8.0, 1.0] | train det 0.1578 seg 0.0512 cnt 7.4608
[stage1] epoch 86/100 step 35 | loss 7.1169 | w [15.0, 8.0, 1.0] | train det 0.0773 seg 0.1743 cnt 4.5633
[stage1] epoch 86/100 step 36 | loss 6.4545 | w [15.0, 8.0, 1.0] | train det 0.1442 seg 0.1506 cnt 3.0872
[stage1] epoch 86/100 step 37 | loss 5.2655 | w [15.0, 8.0, 1.0] | train det 0.1940 seg 0.0635 cnt 1.8478
[stage1] epoch 86/100 step 38 | loss 5.6315 | w [15.0, 8.0, 1.0] | train det 0.0639 seg 0.1507 cnt 3.4669
[stage1] epoch 86/100 step 39 | loss 4.7919 | w [15.0, 8.0, 1.0] | train det 0.0621 seg 0.1228 cnt 2.8776
[stage1] epoch 86/100 step 40 | loss 2.9558 | w [15.0, 8.0, 1.0] | train det 0.0678 seg 0.0917 cnt 1.2055
[stage1] epoch 86/100 step 41 | loss 9.4568 | w [15.0, 8.0, 1.0] | train det 0.4369 seg 0.1849 cnt 1.4231
[stage1] epoch 86/100 step 42 | loss 11.5224 | w [15.0, 8.0, 1.0] | train det 0.0693 seg 0.0846 cnt 9.8065
[stage1] epoch 86/100 step 43 | loss 13.1389 | w [15.0, 8.0, 1.0] | train det 0.5508 seg 0.1217 cnt 3.9027
[stage1] epoch 86/100 | train 7.7137 | det 0.1716 seg 0.1135 cnt 4.2321
[stage1] epoch 87/100 step 1 | loss 6.0166 | w [15.0, 8.0, 1.0] | train det 0.1130 seg 0.1012 cnt 3.5117
[stage1] epoch 87/100 step 2 | loss 5.0880 | w [15.0, 8.0, 1.0] | train det 0.1143 seg 0.1946 cnt 1.8173
[stage1] epoch 87/100 step 3 | loss 3.6546 | w [15.0, 8.0, 1.0] | train det 0.0725 seg 0.1243 cnt 1.5736
[stage1] epoch 87/100 step 4 | loss 4.4296 | w [15.0, 8.0, 1.0] | train det 0.0738 seg 0.1353 cnt 2.2398
[stage1] epoch 87/100 step 5 | loss 6.1875 | w [15.0, 8.0, 1.0] | train det 0.1574 seg 0.1639 cnt 2.5152
[stage1] epoch 87/100 step 6 | loss 8.0252 | w [15.0, 8.0, 1.0] | train det 0.0935 seg 0.1629 cnt 5.3193
[stage1] epoch 87/100 step 7 | loss 5.2108 | w [15.0, 8.0, 1.0] | train det 0.0813 seg 0.0550 cnt 3.5511
[stage1] epoch 87/100 step 8 | loss 4.1927 | w [15.0, 8.0, 1.0] | train det 0.0656 seg 0.0558 cnt 2.7618
[stage1] epoch 87/100 step 9 | loss 12.0528 | w [15.0, 8.0, 1.0] | train det 0.2158 seg 0.0910 cnt 8.0877
[stage1] epoch 87/100 step 10 | loss 7.1572 | w [15.0, 8.0, 1.0] | train det 0.2805 seg 0.0721 cnt 2.3725
[stage1] epoch 87/100 step 11 | loss 8.8761 | w [15.0, 8.0, 1.0] | train det 0.0718 seg 0.0802 cnt 7.1567
[stage1] epoch 87/100 step 12 | loss 4.7468 | w [15.0, 8.0, 1.0] | train det 0.1595 seg 0.0542 cnt 1.9210
[stage1] epoch 87/100 step 13 | loss 14.4161 | w [15.0, 8.0, 1.0] | train det 0.5056 seg 0.0832 cnt 6.1665
[stage1] epoch 87/100 step 14 | loss 3.6288 | w [15.0, 8.0, 1.0] | train det 0.0332 seg 0.0852 cnt 2.4494
[stage1] epoch 87/100 step 15 | loss 5.6863 | w [15.0, 8.0, 1.0] | train det 0.0585 seg 0.0722 cnt 4.2316
[stage1] epoch 87/100 step 16 | loss 4.4026 | w [15.0, 8.0, 1.0] | train det 0.0375 seg 0.1617 cnt 2.5471
[stage1] epoch 87/100 step 17 | loss 8.8847 | w [15.0, 8.0, 1.0] | train det 0.1924 seg 0.1330 cnt 4.9351
[stage1] epoch 87/100 step 18 | loss 5.2238 | w [15.0, 8.0, 1.0] | train det 0.0711 seg 0.1089 cnt 3.2856
[stage1] epoch 87/100 step 19 | loss 3.8641 | w [15.0, 8.0, 1.0] | train det 0.0799 seg 0.0421 cnt 2.3289
[stage1] epoch 87/100 step 20 | loss 6.1898 | w [15.0, 8.0, 1.0] | train det 0.0944 seg 0.0758 cnt 4.1669
[stage1] epoch 87/100 step 21 | loss 6.1187 | w [15.0, 8.0, 1.0] | train det 0.1129 seg 0.1773 cnt 3.0069
[stage1] epoch 87/100 step 22 | loss 4.0526 | w [15.0, 8.0, 1.0] | train det 0.0469 seg 0.1496 cnt 2.1522
[stage1] epoch 87/100 step 23 | loss 5.6682 | w [15.0, 8.0, 1.0] | train det 0.1924 seg 0.0209 cnt 2.6151
[stage1] epoch 87/100 step 24 | loss 7.3464 | w [15.0, 8.0, 1.0] | train det 0.2768 seg 0.0556 cnt 2.7500
[stage1] epoch 87/100 step 25 | loss 5.0629 | w [15.0, 8.0, 1.0] | train det 0.0984 seg 0.1132 cnt 2.6814
[stage1] epoch 87/100 step 26 | loss 5.6572 | w [15.0, 8.0, 1.0] | train det 0.2305 seg 0.1015 cnt 1.3885
[stage1] epoch 87/100 step 27 | loss 4.8702 | w [15.0, 8.0, 1.0] | train det 0.1488 seg 0.0712 cnt 2.0688
[stage1] epoch 87/100 step 28 | loss 14.1175 | w [15.0, 8.0, 1.0] | train det 0.6792 seg 0.2374 cnt 2.0312
[stage1] epoch 87/100 step 29 | loss 5.5532 | w [15.0, 8.0, 1.0] | train det 0.1216 seg 0.1707 cnt 2.3640
[stage1] epoch 87/100 step 30 | loss 6.4230 | w [15.0, 8.0, 1.0] | train det 0.0827 seg 0.1135 cnt 4.2745
[stage1] epoch 87/100 step 31 | loss 4.9100 | w [15.0, 8.0, 1.0] | train det 0.0519 seg 0.0958 cnt 3.3660
[stage1] epoch 87/100 step 32 | loss 5.0461 | w [15.0, 8.0, 1.0] | train det 0.1225 seg 0.0684 cnt 2.6614
[stage1] epoch 87/100 step 33 | loss 12.5290 | w [15.0, 8.0, 1.0] | train det 0.2828 seg 0.0690 cnt 7.7356
[stage1] epoch 87/100 step 34 | loss 10.3098 | w [15.0, 8.0, 1.0] | train det 0.5127 seg 0.0660 cnt 2.0905
[stage1] epoch 87/100 step 35 | loss 10.6742 | w [15.0, 8.0, 1.0] | train det 0.1902 seg 0.0951 cnt 7.0603
[stage1] epoch 87/100 step 36 | loss 6.6670 | w [15.0, 8.0, 1.0] | train det 0.2554 seg 0.0901 cnt 2.1162
[stage1] epoch 87/100 step 37 | loss 7.1708 | w [15.0, 8.0, 1.0] | train det 0.1237 seg 0.1211 cnt 4.3470
[stage1] epoch 87/100 step 38 | loss 4.9791 | w [15.0, 8.0, 1.0] | train det 0.0894 seg 0.1147 cnt 2.7198
[stage1] epoch 87/100 step 39 | loss 5.1611 | w [15.0, 8.0, 1.0] | train det 0.0726 seg 0.1006 cnt 3.2675
[stage1] epoch 87/100 step 40 | loss 6.5622 | w [15.0, 8.0, 1.0] | train det 0.0742 seg 0.0926 cnt 4.7089
[stage1] epoch 87/100 step 41 | loss 8.3455 | w [15.0, 8.0, 1.0] | train det 0.1515 seg 0.1382 cnt 4.9675
[stage1] epoch 87/100 step 42 | loss 5.8295 | w [15.0, 8.0, 1.0] | train det 0.1044 seg 0.1026 cnt 3.4431
[stage1] epoch 87/100 step 43 | loss 5.4798 | w [15.0, 8.0, 1.0] | train det 0.1025 seg 0.1244 cnt 2.9475
[stage1] epoch 87/100 | train 6.6620 | det 0.1557 seg 0.1056 cnt 3.4815
[stage1] epoch 88/100 step 1 | loss 5.2744 | w [15.0, 8.0, 1.0] | train det 0.0943 seg 0.1008 cnt 3.0531
[stage1] epoch 88/100 step 2 | loss 5.1812 | w [15.0, 8.0, 1.0] | train det 0.1294 seg 0.1823 cnt 1.7821
[stage1] epoch 88/100 step 3 | loss 2.3869 | w [15.0, 8.0, 1.0] | train det 0.0361 seg 0.0531 cnt 1.4210
[stage1] epoch 88/100 step 4 | loss 6.0520 | w [15.0, 8.0, 1.0] | train det 0.1785 seg 0.1225 cnt 2.3946
[stage1] epoch 88/100 step 5 | loss 6.2424 | w [15.0, 8.0, 1.0] | train det 0.0927 seg 0.1177 cnt 3.9107
[stage1] epoch 88/100 step 6 | loss 4.6269 | w [15.0, 8.0, 1.0] | train det 0.0920 seg 0.0389 cnt 2.9359
[stage1] epoch 88/100 step 7 | loss 4.8732 | w [15.0, 8.0, 1.0] | train det 0.1153 seg 0.1025 cnt 2.3241
[stage1] epoch 88/100 step 8 | loss 5.4532 | w [15.0, 8.0, 1.0] | train det 0.0868 seg 0.1691 cnt 2.7983
[stage1] epoch 88/100 step 9 | loss 7.0979 | w [15.0, 8.0, 1.0] | train det 0.2008 seg 0.1321 cnt 3.0298
[stage1] epoch 88/100 step 10 | loss 3.2626 | w [15.0, 8.0, 1.0] | train det 0.0849 seg 0.0470 cnt 1.6135
[stage1] epoch 88/100 step 11 | loss 7.0415 | w [15.0, 8.0, 1.0] | train det 0.0669 seg 0.1434 cnt 4.8913
[stage1] epoch 88/100 step 12 | loss 6.7275 | w [15.0, 8.0, 1.0] | train det 0.1575 seg 0.1008 cnt 3.5590
[stage1] epoch 88/100 step 13 | loss 2.5543 | w [15.0, 8.0, 1.0] | train det 0.0511 seg 0.0508 cnt 1.3817
[stage1] epoch 88/100 step 14 | loss 7.7351 | w [15.0, 8.0, 1.0] | train det 0.0846 seg 0.1058 cnt 5.6200
[stage1] epoch 88/100 step 15 | loss 4.9812 | w [15.0, 8.0, 1.0] | train det 0.1129 seg 0.0251 cnt 3.0866
[stage1] epoch 88/100 step 16 | loss 5.9451 | w [15.0, 8.0, 1.0] | train det 0.0780 seg 0.1475 cnt 3.5949
[stage1] epoch 88/100 step 17 | loss 4.0650 | w [15.0, 8.0, 1.0] | train det 0.0373 seg 0.0639 cnt 2.9938
[stage1] epoch 88/100 step 18 | loss 9.5169 | w [15.0, 8.0, 1.0] | train det 0.1696 seg 0.0261 cnt 6.7651
[stage1] epoch 88/100 step 19 | loss 8.0639 | w [15.0, 8.0, 1.0] | train det 0.1160 seg 0.1174 cnt 5.3848
[stage1] epoch 88/100 step 20 | loss 7.1717 | w [15.0, 8.0, 1.0] | train det 0.1488 seg 0.0705 cnt 4.3749
[stage1] epoch 88/100 step 21 | loss 5.1303 | w [15.0, 8.0, 1.0] | train det 0.0831 seg 0.1206 cnt 2.9194
[stage1] epoch 88/100 step 22 | loss 20.4317 | w [15.0, 8.0, 1.0] | train det 0.0488 seg 0.0983 cnt 18.9127
[stage1] epoch 88/100 step 23 | loss 3.3554 | w [15.0, 8.0, 1.0] | train det 0.0974 seg 0.1047 cnt 1.0575
[stage1] epoch 88/100 step 24 | loss 5.1657 | w [15.0, 8.0, 1.0] | train det 0.1135 seg 0.1232 cnt 2.4769
[stage1] epoch 88/100 step 25 | loss 5.5409 | w [15.0, 8.0, 1.0] | train det 0.0698 seg 0.1544 cnt 3.2586
[stage1] epoch 88/100 step 26 | loss 3.9517 | w [15.0, 8.0, 1.0] | train det 0.0632 seg 0.0838 cnt 2.3325
[stage1] epoch 88/100 step 27 | loss 9.8917 | w [15.0, 8.0, 1.0] | train det 0.5438 seg 0.0362 cnt 1.4455
[stage1] epoch 88/100 step 28 | loss 6.5627 | w [15.0, 8.0, 1.0] | train det 0.2285 seg 0.0528 cnt 2.7130
[stage1] epoch 88/100 step 29 | loss 4.7557 | w [15.0, 8.0, 1.0] | train det 0.0770 seg 0.1560 cnt 2.3531
[stage1] epoch 88/100 step 30 | loss 5.6372 | w [15.0, 8.0, 1.0] | train det 0.0962 seg 0.0912 cnt 3.4637
[stage1] epoch 88/100 step 31 | loss 6.2642 | w [15.0, 8.0, 1.0] | train det 0.1462 seg 0.2566 cnt 2.0189
[stage1] epoch 88/100 step 32 | loss 4.3774 | w [15.0, 8.0, 1.0] | train det 0.0513 seg 0.1501 cnt 2.4068
[stage1] epoch 88/100 step 33 | loss 6.2899 | w [15.0, 8.0, 1.0] | train det 0.0810 seg 0.2043 cnt 3.4403
[stage1] epoch 88/100 step 34 | loss 4.1444 | w [15.0, 8.0, 1.0] | train det 0.1273 seg 0.0825 cnt 1.5746
[stage1] epoch 88/100 step 35 | loss 5.5558 | w [15.0, 8.0, 1.0] | train det 0.0424 seg 0.1032 cnt 4.0948
[stage1] epoch 88/100 step 36 | loss 5.3181 | w [15.0, 8.0, 1.0] | train det 0.0353 seg 0.1158 cnt 3.8627
[stage1] epoch 88/100 step 37 | loss 4.5132 | w [15.0, 8.0, 1.0] | train det 0.1539 seg 0.0802 cnt 1.5631
[stage1] epoch 88/100 step 38 | loss 9.6828 | w [15.0, 8.0, 1.0] | train det 0.1549 seg 0.0683 cnt 6.8137
[stage1] epoch 88/100 step 39 | loss 5.6541 | w [15.0, 8.0, 1.0] | train det 0.0227 seg 0.0888 cnt 4.6028
[stage1] epoch 88/100 step 40 | loss 6.3408 | w [15.0, 8.0, 1.0] | train det 0.1463 seg 0.0658 cnt 3.6200
[stage1] epoch 88/100 step 41 | loss 5.0474 | w [15.0, 8.0, 1.0] | train det 0.0859 seg 0.1754 cnt 2.3559
[stage1] epoch 88/100 step 42 | loss 8.7805 | w [15.0, 8.0, 1.0] | train det 0.1011 seg 0.0962 cnt 6.4944
[stage1] epoch 88/100 step 43 | loss 7.3060 | w [15.0, 8.0, 1.0] | train det 0.1234 seg 0.0938 cnt 4.7042
[stage1] epoch 88/100 | train 6.1384 | det 0.1122 seg 0.1051 cnt 3.6140
[stage1] epoch 89/100 step 1 | loss 9.8847 | w [15.0, 8.0, 1.0] | train det 0.1274 seg 0.2136 cnt 6.2643
[stage1] epoch 89/100 step 2 | loss 6.1780 | w [15.0, 8.0, 1.0] | train det 0.0844 seg 0.1366 cnt 3.8195
[stage1] epoch 89/100 step 3 | loss 8.0641 | w [15.0, 8.0, 1.0] | train det 0.1553 seg 0.1745 cnt 4.3388
[stage1] epoch 89/100 step 4 | loss 5.2644 | w [15.0, 8.0, 1.0] | train det 0.1632 seg 0.0694 cnt 2.2617
[stage1] epoch 89/100 step 5 | loss 6.2804 | w [15.0, 8.0, 1.0] | train det 0.1301 seg 0.1049 cnt 3.4900
[stage1] epoch 89/100 step 6 | loss 3.9951 | w [15.0, 8.0, 1.0] | train det 0.0774 seg 0.0596 cnt 2.3572
[stage1] epoch 89/100 step 7 | loss 12.9177 | w [15.0, 8.0, 1.0] | train det 0.3954 seg 0.0479 cnt 6.6038
[stage1] epoch 89/100 step 8 | loss 4.8759 | w [15.0, 8.0, 1.0] | train det 0.0743 seg 0.1163 cnt 2.8308
[stage1] epoch 89/100 step 9 | loss 4.6374 | w [15.0, 8.0, 1.0] | train det 0.1151 seg 0.1080 cnt 2.0466
[stage1] epoch 89/100 step 10 | loss 4.1544 | w [15.0, 8.0, 1.0] | train det 0.0869 seg 0.0972 cnt 2.0744
[stage1] epoch 89/100 step 11 | loss 5.5283 | w [15.0, 8.0, 1.0] | train det 0.0556 seg 0.0857 cnt 4.0088
[stage1] epoch 89/100 step 12 | loss 6.7573 | w [15.0, 8.0, 1.0] | train det 0.0918 seg 0.2016 cnt 3.7670
[stage1] epoch 89/100 step 13 | loss 7.4856 | w [15.0, 8.0, 1.0] | train det 0.0569 seg 0.0382 cnt 6.3268
[stage1] epoch 89/100 step 14 | loss 6.8763 | w [15.0, 8.0, 1.0] | train det 0.0608 seg 0.0499 cnt 5.5649
[stage1] epoch 89/100 step 15 | loss 11.6152 | w [15.0, 8.0, 1.0] | train det 0.4925 seg 0.0822 cnt 3.5694
[stage1] epoch 89/100 step 16 | loss 8.6770 | w [15.0, 8.0, 1.0] | train det 0.2451 seg 0.1885 cnt 3.4926
[stage1] epoch 89/100 step 17 | loss 5.6225 | w [15.0, 8.0, 1.0] | train det 0.1817 seg 0.1235 cnt 1.9087
[stage1] epoch 89/100 step 18 | loss 8.9931 | w [15.0, 8.0, 1.0] | train det 0.3395 seg 0.1414 cnt 2.7695
[stage1] epoch 89/100 step 19 | loss 7.3636 | w [15.0, 8.0, 1.0] | train det 0.1206 seg 0.1323 cnt 4.4971
[stage1] epoch 89/100 step 20 | loss 2.8361 | w [15.0, 8.0, 1.0] | train det 0.0659 seg 0.0363 cnt 1.5571
[stage1] epoch 89/100 step 21 | loss 4.7714 | w [15.0, 8.0, 1.0] | train det 0.0749 seg 0.0663 cnt 3.1174
[stage1] epoch 89/100 step 22 | loss 5.9748 | w [15.0, 8.0, 1.0] | train det 0.0290 seg 0.1087 cnt 4.6707
[stage1] epoch 89/100 step 23 | loss 8.2871 | w [15.0, 8.0, 1.0] | train det 0.0731 seg 0.1679 cnt 5.8472
[stage1] epoch 89/100 step 24 | loss 7.6250 | w [15.0, 8.0, 1.0] | train det 0.1482 seg 0.1012 cnt 4.5927
[stage1] epoch 89/100 step 25 | loss 7.7877 | w [15.0, 8.0, 1.0] | train det 0.0524 seg 0.2139 cnt 5.2908
[stage1] epoch 89/100 step 26 | loss 6.6139 | w [15.0, 8.0, 1.0] | train det 0.0708 seg 0.1177 cnt 4.6102
[stage1] epoch 89/100 step 27 | loss 4.8466 | w [15.0, 8.0, 1.0] | train det 0.0509 seg 0.1129 cnt 3.1797
[stage1] epoch 89/100 step 28 | loss 6.9365 | w [15.0, 8.0, 1.0] | train det 0.1349 seg 0.1543 cnt 3.6787
[stage1] epoch 89/100 step 29 | loss 4.2010 | w [15.0, 8.0, 1.0] | train det 0.0521 seg 0.0564 cnt 2.9682
[stage1] epoch 89/100 step 30 | loss 3.7929 | w [15.0, 8.0, 1.0] | train det 0.0335 seg 0.1441 cnt 2.1365
[stage1] epoch 89/100 step 31 | loss 7.1893 | w [15.0, 8.0, 1.0] | train det 0.0706 seg 0.0967 cnt 5.3572
[stage1] epoch 89/100 step 32 | loss 6.0757 | w [15.0, 8.0, 1.0] | train det 0.0932 seg 0.0450 cnt 4.3170
[stage1] epoch 89/100 step 33 | loss 3.0516 | w [15.0, 8.0, 1.0] | train det 0.0459 seg 0.0999 cnt 1.5646
[stage1] epoch 89/100 step 34 | loss 3.6747 | w [15.0, 8.0, 1.0] | train det 0.0844 seg 0.1005 cnt 1.6050
[stage1] epoch 89/100 step 35 | loss 10.2102 | w [15.0, 8.0, 1.0] | train det 0.3605 seg 0.2161 cnt 3.0737
[stage1] epoch 89/100 step 36 | loss 4.1401 | w [15.0, 8.0, 1.0] | train det 0.0677 seg 0.0709 cnt 2.5569
[stage1] epoch 89/100 step 37 | loss 7.5934 | w [15.0, 8.0, 1.0] | train det 0.1115 seg 0.0890 cnt 5.2086
[stage1] epoch 89/100 step 38 | loss 4.0348 | w [15.0, 8.0, 1.0] | train det 0.0498 seg 0.0940 cnt 2.5357
[stage1] epoch 89/100 step 39 | loss 6.1414 | w [15.0, 8.0, 1.0] | train det 0.1444 seg 0.1459 cnt 2.8088
[stage1] epoch 89/100 step 40 | loss 7.8754 | w [15.0, 8.0, 1.0] | train det 0.1721 seg 0.1189 cnt 4.3428
[stage1] epoch 89/100 step 41 | loss 5.3020 | w [15.0, 8.0, 1.0] | train det 0.1347 seg 0.0563 cnt 2.8318
[stage1] epoch 89/100 step 42 | loss 4.9634 | w [15.0, 8.0, 1.0] | train det 0.0746 seg 0.1454 cnt 2.6808
[stage1] epoch 89/100 step 43 | loss 13.4353 | w [15.0, 8.0, 1.0] | train det 0.4458 seg 0.2160 cnt 5.0198
[stage1] epoch 89/100 | train 6.5705 | det 0.1324 seg 0.1150 cnt 3.6638
[stage1] epoch 90/100 step 1 | loss 7.7574 | w [15.0, 8.0, 1.0] | train det 0.1148 seg 0.2222 cnt 4.2572
[stage1] epoch 90/100 step 2 | loss 4.9108 | w [15.0, 8.0, 1.0] | train det 0.0626 seg 0.0265 cnt 3.7600
[stage1] epoch 90/100 step 3 | loss 3.7952 | w [15.0, 8.0, 1.0] | train det 0.0718 seg 0.0853 cnt 2.0353
[stage1] epoch 90/100 step 4 | loss 6.3225 | w [15.0, 8.0, 1.0] | train det 0.0630 seg 0.0705 cnt 4.8135
[stage1] epoch 90/100 step 5 | loss 3.9519 | w [15.0, 8.0, 1.0] | train det 0.0864 seg 0.1425 cnt 1.5156
[stage1] epoch 90/100 step 6 | loss 5.9115 | w [15.0, 8.0, 1.0] | train det 0.1060 seg 0.1210 cnt 3.3530
[stage1] epoch 90/100 step 7 | loss 5.3215 | w [15.0, 8.0, 1.0] | train det 0.1215 seg 0.1353 cnt 2.4165
[stage1] epoch 90/100 step 8 | loss 6.5898 | w [15.0, 8.0, 1.0] | train det 0.0531 seg 0.0812 cnt 5.1436
[stage1] epoch 90/100 step 9 | loss 6.8897 | w [15.0, 8.0, 1.0] | train det 0.1482 seg 0.1055 cnt 3.8225
[stage1] epoch 90/100 step 10 | loss 6.1372 | w [15.0, 8.0, 1.0] | train det 0.2816 seg 0.1223 cnt 0.9345
[stage1] epoch 90/100 step 11 | loss 4.0522 | w [15.0, 8.0, 1.0] | train det 0.0297 seg 0.1105 cnt 2.7225
[stage1] epoch 90/100 step 12 | loss 5.7685 | w [15.0, 8.0, 1.0] | train det 0.0933 seg 0.0946 cnt 3.6127
[stage1] epoch 90/100 step 13 | loss 4.7178 | w [15.0, 8.0, 1.0] | train det 0.0886 seg 0.0855 cnt 2.7043
[stage1] epoch 90/100 step 14 | loss 2.9311 | w [15.0, 8.0, 1.0] | train det 0.0496 seg 0.1048 cnt 1.3486
[stage1] epoch 90/100 step 15 | loss 4.1105 | w [15.0, 8.0, 1.0] | train det 0.0642 seg 0.1316 cnt 2.0943
[stage1] epoch 90/100 step 16 | loss 5.9951 | w [15.0, 8.0, 1.0] | train det 0.0490 seg 0.1372 cnt 4.1618
[stage1] epoch 90/100 step 17 | loss 6.6623 | w [15.0, 8.0, 1.0] | train det 0.1708 seg 0.0385 cnt 3.7924
[stage1] epoch 90/100 step 18 | loss 1.8013 | w [15.0, 8.0, 1.0] | train det 0.0159 seg 0.0467 cnt 1.1902
[stage1] epoch 90/100 step 19 | loss 3.6919 | w [15.0, 8.0, 1.0] | train det 0.0894 seg 0.1241 cnt 1.3584
[stage1] epoch 90/100 step 20 | loss 6.4892 | w [15.0, 8.0, 1.0] | train det 0.0285 seg 0.0982 cnt 5.2768
[stage1] epoch 90/100 step 21 | loss 6.2590 | w [15.0, 8.0, 1.0] | train det 0.0422 seg 0.0494 cnt 5.2298
[stage1] epoch 90/100 step 22 | loss 5.9278 | w [15.0, 8.0, 1.0] | train det 0.0485 seg 0.0803 cnt 4.5582
[stage1] epoch 90/100 step 23 | loss 3.3719 | w [15.0, 8.0, 1.0] | train det 0.0384 seg 0.1264 cnt 1.7838
[stage1] epoch 90/100 step 24 | loss 2.9012 | w [15.0, 8.0, 1.0] | train det 0.0414 seg 0.1013 cnt 1.4697
[stage1] epoch 90/100 step 25 | loss 4.4253 | w [15.0, 8.0, 1.0] | train det 0.0483 seg 0.1011 cnt 2.8921
[stage1] epoch 90/100 step 26 | loss 6.8960 | w [15.0, 8.0, 1.0] | train det 0.1576 seg 0.0902 cnt 3.8097
[stage1] epoch 90/100 step 27 | loss 4.5637 | w [15.0, 8.0, 1.0] | train det 0.0606 seg 0.1400 cnt 2.5352
[stage1] epoch 90/100 step 28 | loss 3.8885 | w [15.0, 8.0, 1.0] | train det 0.0748 seg 0.0809 cnt 2.1202
[stage1] epoch 90/100 step 29 | loss 3.7030 | w [15.0, 8.0, 1.0] | train det 0.1183 seg 0.0599 cnt 1.4491
[stage1] epoch 90/100 step 30 | loss 9.4628 | w [15.0, 8.0, 1.0] | train det 0.3884 seg 0.1445 cnt 2.4805
[stage1] epoch 90/100 step 31 | loss 6.5924 | w [15.0, 8.0, 1.0] | train det 0.2311 seg 0.2236 cnt 1.3376
[stage1] epoch 90/100 step 32 | loss 6.7534 | w [15.0, 8.0, 1.0] | train det 0.1452 seg 0.0870 cnt 3.8798
[stage1] epoch 90/100 step 33 | loss 5.0739 | w [15.0, 8.0, 1.0] | train det 0.0711 seg 0.1046 cnt 3.1708
[stage1] epoch 90/100 step 34 | loss 2.4043 | w [15.0, 8.0, 1.0] | train det 0.0646 seg 0.0634 cnt 0.9291
[stage1] epoch 90/100 step 35 | loss 4.3678 | w [15.0, 8.0, 1.0] | train det 0.0708 seg 0.0906 cnt 2.5814
[stage1] epoch 90/100 step 36 | loss 6.6493 | w [15.0, 8.0, 1.0] | train det 0.1175 seg 0.1403 cnt 3.7647
[stage1] epoch 90/100 step 37 | loss 5.2279 | w [15.0, 8.0, 1.0] | train det 0.1233 seg 0.1501 cnt 2.1777
[stage1] epoch 90/100 step 38 | loss 3.2994 | w [15.0, 8.0, 1.0] | train det 0.0575 seg 0.1344 cnt 1.3621
[stage1] epoch 90/100 step 39 | loss 3.6516 | w [15.0, 8.0, 1.0] | train det 0.0523 seg 0.1101 cnt 1.9862
[stage1] epoch 90/100 step 40 | loss 4.7655 | w [15.0, 8.0, 1.0] | train det 0.0717 seg 0.0584 cnt 3.2234
[stage1] epoch 90/100 step 41 | loss 5.5015 | w [15.0, 8.0, 1.0] | train det 0.0883 seg 0.0837 cnt 3.5068
[stage1] epoch 90/100 step 42 | loss 3.5185 | w [15.0, 8.0, 1.0] | train det 0.1050 seg 0.0781 cnt 1.3179
[stage1] epoch 90/100 step 43 | loss 5.1247 | w [15.0, 8.0, 1.0] | train det 0.1511 seg 0.0884 cnt 2.1513
[stage1] epoch 90/100 | train 5.0729 | det 0.0967 seg 0.1040 cnt 2.7914
[stage1] epoch 91/100 step 1 | loss 10.0034 | w [15.0, 8.0, 1.0] | train det 0.2352 seg 0.0936 cnt 5.7265
[stage1] epoch 91/100 step 2 | loss 4.2866 | w [15.0, 8.0, 1.0] | train det 0.1028 seg 0.0835 cnt 2.0762
[stage1] epoch 91/100 step 3 | loss 5.4559 | w [15.0, 8.0, 1.0] | train det 0.0946 seg 0.0954 cnt 3.2742
[stage1] epoch 91/100 step 4 | loss 3.1428 | w [15.0, 8.0, 1.0] | train det 0.0587 seg 0.0884 cnt 1.5554
[stage1] epoch 91/100 step 5 | loss 5.4060 | w [15.0, 8.0, 1.0] | train det 0.0519 seg 0.0509 cnt 4.2202
[stage1] epoch 91/100 step 6 | loss 8.3877 | w [15.0, 8.0, 1.0] | train det 0.1476 seg 0.0972 cnt 5.3969
[stage1] epoch 91/100 step 7 | loss 5.2104 | w [15.0, 8.0, 1.0] | train det 0.0686 seg 0.1177 cnt 3.2399
[stage1] epoch 91/100 step 8 | loss 4.3426 | w [15.0, 8.0, 1.0] | train det 0.1439 seg 0.0425 cnt 1.8445
[stage1] epoch 91/100 step 9 | loss 5.4916 | w [15.0, 8.0, 1.0] | train det 0.1321 seg 0.1230 cnt 2.5264
[stage1] epoch 91/100 step 10 | loss 4.7527 | w [15.0, 8.0, 1.0] | train det 0.1133 seg 0.1095 cnt 2.1767
[stage1] epoch 91/100 step 11 | loss 6.6210 | w [15.0, 8.0, 1.0] | train det 0.1420 seg 0.0828 cnt 3.8288
[stage1] epoch 91/100 step 12 | loss 7.4829 | w [15.0, 8.0, 1.0] | train det 0.1139 seg 0.0764 cnt 5.1633
[stage1] epoch 91/100 step 13 | loss 3.6249 | w [15.0, 8.0, 1.0] | train det 0.0763 seg 0.1112 cnt 1.5903
[stage1] epoch 91/100 step 14 | loss 6.0861 | w [15.0, 8.0, 1.0] | train det 0.0625 seg 0.0610 cnt 4.6605
[stage1] epoch 91/100 step 15 | loss 10.1615 | w [15.0, 8.0, 1.0] | train det 0.2625 seg 0.2509 cnt 4.2161
[stage1] epoch 91/100 step 16 | loss 4.0041 | w [15.0, 8.0, 1.0] | train det 0.1211 seg 0.1221 cnt 1.2105
[stage1] epoch 91/100 step 17 | loss 4.3461 | w [15.0, 8.0, 1.0] | train det 0.0780 seg 0.0942 cnt 2.4225
[stage1] epoch 91/100 step 18 | loss 7.1938 | w [15.0, 8.0, 1.0] | train det 0.2091 seg 0.0705 cnt 3.4926
[stage1] epoch 91/100 step 19 | loss 12.1868 | w [15.0, 8.0, 1.0] | train det 0.4751 seg 0.0613 cnt 4.5702
[stage1] epoch 91/100 step 20 | loss 10.5611 | w [15.0, 8.0, 1.0] | train det 0.4207 seg 0.0381 cnt 3.9452
[stage1] epoch 91/100 step 21 | loss 4.5024 | w [15.0, 8.0, 1.0] | train det 0.1291 seg 0.1207 cnt 1.5993
[stage1] epoch 91/100 step 22 | loss 6.7587 | w [15.0, 8.0, 1.0] | train det 0.0752 seg 0.0653 cnt 5.1082
[stage1] epoch 91/100 step 23 | loss 3.7040 | w [15.0, 8.0, 1.0] | train det 0.0797 seg 0.0350 cnt 2.2285
[stage1] epoch 91/100 step 24 | loss 11.8212 | w [15.0, 8.0, 1.0] | train det 0.5338 seg 0.0790 cnt 3.1821
[stage1] epoch 91/100 step 25 | loss 10.3816 | w [15.0, 8.0, 1.0] | train det 0.1210 seg 0.1822 cnt 7.1081
[stage1] epoch 91/100 step 26 | loss 2.6159 | w [15.0, 8.0, 1.0] | train det 0.0184 seg 0.0913 cnt 1.6102
[stage1] epoch 91/100 step 27 | loss 7.1613 | w [15.0, 8.0, 1.0] | train det 0.2483 seg 0.1116 cnt 2.5450
[stage1] epoch 91/100 step 28 | loss 8.4373 | w [15.0, 8.0, 1.0] | train det 0.3904 seg 0.0629 cnt 2.0778
[stage1] epoch 91/100 step 29 | loss 5.6194 | w [15.0, 8.0, 1.0] | train det 0.1024 seg 0.1031 cnt 3.2583
[stage1] epoch 91/100 step 30 | loss 7.2177 | w [15.0, 8.0, 1.0] | train det 0.0581 seg 0.1083 cnt 5.4798
[stage1] epoch 91/100 step 31 | loss 5.5560 | w [15.0, 8.0, 1.0] | train det 0.0998 seg 0.0862 cnt 3.3694
[stage1] epoch 91/100 step 32 | loss 5.6062 | w [15.0, 8.0, 1.0] | train det 0.1491 seg 0.1546 cnt 2.1323
[stage1] epoch 91/100 step 33 | loss 4.8293 | w [15.0, 8.0, 1.0] | train det 0.0979 seg 0.0979 cnt 2.5776
[stage1] epoch 91/100 step 34 | loss 3.5848 | w [15.0, 8.0, 1.0] | train det 0.0765 seg 0.0813 cnt 1.7878
[stage1] epoch 91/100 step 35 | loss 6.1427 | w [15.0, 8.0, 1.0] | train det 0.0939 seg 0.1039 cnt 3.9021
[stage1] epoch 91/100 step 36 | loss 7.7378 | w [15.0, 8.0, 1.0] | train det 0.1331 seg 0.1242 cnt 4.7483
[stage1] epoch 91/100 step 37 | loss 4.9045 | w [15.0, 8.0, 1.0] | train det 0.1609 seg 0.1394 cnt 1.3755
[stage1] epoch 91/100 step 38 | loss 6.7361 | w [15.0, 8.0, 1.0] | train det 0.0915 seg 0.1633 cnt 4.0570
[stage1] epoch 91/100 step 39 | loss 6.3528 | w [15.0, 8.0, 1.0] | train det 0.0975 seg 0.1609 cnt 3.6030
[stage1] epoch 91/100 step 40 | loss 3.4205 | w [15.0, 8.0, 1.0] | train det 0.0431 seg 0.1632 cnt 1.4680
[stage1] epoch 91/100 step 41 | loss 4.4897 | w [15.0, 8.0, 1.0] | train det 0.0731 seg 0.0846 cnt 2.7159
[stage1] epoch 91/100 step 42 | loss 6.8513 | w [15.0, 8.0, 1.0] | train det 0.1823 seg 0.0583 cnt 3.6510
[stage1] epoch 91/100 step 43 | loss 6.8263 | w [15.0, 8.0, 1.0] | train det 0.0765 seg 0.0615 cnt 5.1871
[stage1] epoch 91/100 | train 6.2792 | det 0.1452 seg 0.1002 cnt 3.3002
[stage1] epoch 92/100 step 1 | loss 4.3731 | w [15.0, 8.0, 1.0] | train det 0.0528 seg 0.1119 cnt 2.6858
[stage1] epoch 92/100 step 2 | loss 10.8671 | w [15.0, 8.0, 1.0] | train det 0.2893 seg 0.1483 cnt 5.3415
[stage1] epoch 92/100 step 3 | loss 4.9056 | w [15.0, 8.0, 1.0] | train det 0.0193 seg 0.0763 cnt 4.0052
[stage1] epoch 92/100 step 4 | loss 15.9806 | w [15.0, 8.0, 1.0] | train det 0.6678 seg 0.1565 cnt 4.7114
[stage1] epoch 92/100 step 5 | loss 6.2669 | w [15.0, 8.0, 1.0] | train det 0.2061 seg 0.1009 cnt 2.3683
[stage1] epoch 92/100 step 6 | loss 4.1877 | w [15.0, 8.0, 1.0] | train det 0.0972 seg 0.1181 cnt 1.7855
[stage1] epoch 92/100 step 7 | loss 10.6269 | w [15.0, 8.0, 1.0] | train det 0.1589 seg 0.0938 cnt 7.4928
[stage1] epoch 92/100 step 8 | loss 3.0692 | w [15.0, 8.0, 1.0] | train det 0.0482 seg 0.0560 cnt 1.8977
[stage1] epoch 92/100 step 9 | loss 5.2726 | w [15.0, 8.0, 1.0] | train det 0.1136 seg 0.0844 cnt 2.8940
[stage1] epoch 92/100 step 10 | loss 17.6469 | w [15.0, 8.0, 1.0] | train det 0.7979 seg 0.0759 cnt 5.0707
[stage1] epoch 92/100 step 11 | loss 4.2743 | w [15.0, 8.0, 1.0] | train det 0.0655 seg 0.1572 cnt 2.0344
[stage1] epoch 92/100 step 12 | loss 6.3010 | w [15.0, 8.0, 1.0] | train det 0.0710 seg 0.0756 cnt 4.6320
[stage1] epoch 92/100 step 13 | loss 13.5187 | w [15.0, 8.0, 1.0] | train det 0.6728 seg 0.0966 cnt 2.6543
[stage1] epoch 92/100 step 14 | loss 5.2844 | w [15.0, 8.0, 1.0] | train det 0.1252 seg 0.1780 cnt 1.9827
[stage1] epoch 92/100 step 15 | loss 5.4367 | w [15.0, 8.0, 1.0] | train det 0.1197 seg 0.0839 cnt 2.9700
[stage1] epoch 92/100 step 16 | loss 9.5075 | w [15.0, 8.0, 1.0] | train det 0.2129 seg 0.0699 cnt 5.7545
[stage1] epoch 92/100 step 17 | loss 3.8157 | w [15.0, 8.0, 1.0] | train det 0.0510 seg 0.0616 cnt 2.5582
[stage1] epoch 92/100 step 18 | loss 5.9660 | w [15.0, 8.0, 1.0] | train det 0.1581 seg 0.1123 cnt 2.6969
[stage1] epoch 92/100 step 19 | loss 8.9162 | w [15.0, 8.0, 1.0] | train det 0.0851 seg 0.1186 cnt 6.6909
[stage1] epoch 92/100 step 20 | loss 8.3612 | w [15.0, 8.0, 1.0] | train det 0.0841 seg 0.0903 cnt 6.3773
[stage1] epoch 92/100 step 21 | loss 4.4064 | w [15.0, 8.0, 1.0] | train det 0.0904 seg 0.0444 cnt 2.6952
[stage1] epoch 92/100 step 22 | loss 4.1400 | w [15.0, 8.0, 1.0] | train det 0.1252 seg 0.0626 cnt 1.7616
[stage1] epoch 92/100 step 23 | loss 4.7230 | w [15.0, 8.0, 1.0] | train det 0.0912 seg 0.1453 cnt 2.1920
[stage1] epoch 92/100 step 24 | loss 12.2010 | w [15.0, 8.0, 1.0] | train det 0.4989 seg 0.1553 cnt 3.4744
[stage1] epoch 92/100 step 25 | loss 5.5575 | w [15.0, 8.0, 1.0] | train det 0.1236 seg 0.0674 cnt 3.1639
[stage1] epoch 92/100 step 26 | loss 7.1019 | w [15.0, 8.0, 1.0] | train det 0.0348 seg 0.0741 cnt 5.9867
[stage1] epoch 92/100 step 27 | loss 3.9887 | w [15.0, 8.0, 1.0] | train det 0.0431 seg 0.0503 cnt 2.9396
[stage1] epoch 92/100 step 28 | loss 5.7872 | w [15.0, 8.0, 1.0] | train det 0.0389 seg 0.1282 cnt 4.1781
[stage1] epoch 92/100 step 29 | loss 12.9711 | w [15.0, 8.0, 1.0] | train det 0.6729 seg 0.0928 cnt 2.1345
[stage1] epoch 92/100 step 30 | loss 9.3892 | w [15.0, 8.0, 1.0] | train det 0.4326 seg 0.1316 cnt 1.8467
[stage1] epoch 92/100 step 31 | loss 12.1750 | w [15.0, 8.0, 1.0] | train det 0.1440 seg 0.1691 cnt 8.6629
[stage1] epoch 92/100 step 32 | loss 4.8147 | w [15.0, 8.0, 1.0] | train det 0.1034 seg 0.2224 cnt 1.4852
[stage1] epoch 92/100 step 33 | loss 6.8929 | w [15.0, 8.0, 1.0] | train det 0.1414 seg 0.0996 cnt 3.9748
[stage1] epoch 92/100 step 34 | loss 4.8206 | w [15.0, 8.0, 1.0] | train det 0.0479 seg 0.1100 cnt 3.2219
[stage1] epoch 92/100 step 35 | loss 4.8636 | w [15.0, 8.0, 1.0] | train det 0.1418 seg 0.1054 cnt 1.8935
[stage1] epoch 92/100 step 36 | loss 5.9262 | w [15.0, 8.0, 1.0] | train det 0.0435 seg 0.0835 cnt 4.6060
[stage1] epoch 92/100 step 37 | loss 3.7918 | w [15.0, 8.0, 1.0] | train det 0.0666 seg 0.0572 cnt 2.3357
[stage1] epoch 92/100 step 38 | loss 6.8401 | w [15.0, 8.0, 1.0] | train det 0.2633 seg 0.1320 cnt 1.8350
[stage1] epoch 92/100 step 39 | loss 4.0817 | w [15.0, 8.0, 1.0] | train det 0.0558 seg 0.1501 cnt 2.0441
[stage1] epoch 92/100 step 40 | loss 17.3330 | w [15.0, 8.0, 1.0] | train det 0.7347 seg 0.0881 cnt 5.6076
[stage1] epoch 92/100 step 41 | loss 6.1438 | w [15.0, 8.0, 1.0] | train det 0.1707 seg 0.1231 cnt 2.5980
[stage1] epoch 92/100 step 42 | loss 5.2159 | w [15.0, 8.0, 1.0] | train det 0.1219 seg 0.0944 cnt 2.6319
[stage1] epoch 92/100 step 43 | loss 8.1164 | w [15.0, 8.0, 1.0] | train det 0.1809 seg 0.0506 cnt 4.9987
[stage1] epoch 92/100 | train 7.3456 | det 0.1968 seg 0.1047 cnt 3.5552
[stage1] epoch 93/100 step 1 | loss 6.5544 | w [15.0, 8.0, 1.0] | train det 0.0691 seg 0.1107 cnt 4.6327
[stage1] epoch 93/100 step 2 | loss 3.6505 | w [15.0, 8.0, 1.0] | train det 0.0397 seg 0.2125 cnt 1.3552
[stage1] epoch 93/100 step 3 | loss 6.4290 | w [15.0, 8.0, 1.0] | train det 0.2204 seg 0.1010 cnt 2.3153
[stage1] epoch 93/100 step 4 | loss 3.9699 | w [15.0, 8.0, 1.0] | train det 0.0578 seg 0.0714 cnt 2.5310
[stage1] epoch 93/100 step 5 | loss 8.6094 | w [15.0, 8.0, 1.0] | train det 0.1251 seg 0.1473 cnt 5.5542
[stage1] epoch 93/100 step 6 | loss 3.9342 | w [15.0, 8.0, 1.0] | train det 0.1003 seg 0.1097 cnt 1.5526
[stage1] epoch 93/100 step 7 | loss 5.0138 | w [15.0, 8.0, 1.0] | train det 0.1068 seg 0.1035 cnt 2.5838
[stage1] epoch 93/100 step 8 | loss 3.6505 | w [15.0, 8.0, 1.0] | train det 0.0442 seg 0.0686 cnt 2.4383
[stage1] epoch 93/100 step 9 | loss 4.0006 | w [15.0, 8.0, 1.0] | train det 0.0277 seg 0.0863 cnt 2.8952
[stage1] epoch 93/100 step 10 | loss 6.1991 | w [15.0, 8.0, 1.0] | train det 0.0799 seg 0.0978 cnt 4.2183
[stage1] epoch 93/100 step 11 | loss 9.3956 | w [15.0, 8.0, 1.0] | train det 0.1209 seg 0.1006 cnt 6.7772
[stage1] epoch 93/100 step 12 | loss 7.5987 | w [15.0, 8.0, 1.0] | train det 0.2492 seg 0.0928 cnt 3.1187
[stage1] epoch 93/100 step 13 | loss 6.4108 | w [15.0, 8.0, 1.0] | train det 0.0480 seg 0.1482 cnt 4.5059
[stage1] epoch 93/100 step 14 | loss 6.3922 | w [15.0, 8.0, 1.0] | train det 0.0700 seg 0.0842 cnt 4.6683
[stage1] epoch 93/100 step 15 | loss 4.7916 | w [15.0, 8.0, 1.0] | train det 0.0246 seg 0.1239 cnt 3.4305
[stage1] epoch 93/100 step 16 | loss 6.9886 | w [15.0, 8.0, 1.0] | train det 0.1359 seg 0.0842 cnt 4.2776
[stage1] epoch 93/100 step 17 | loss 4.2829 | w [15.0, 8.0, 1.0] | train det 0.0991 seg 0.0822 cnt 2.1387
[stage1] epoch 93/100 step 18 | loss 5.7037 | w [15.0, 8.0, 1.0] | train det 0.0508 seg 0.2456 cnt 2.9759
[stage1] epoch 93/100 step 19 | loss 23.7852 | w [15.0, 8.0, 1.0] | train det 0.0713 seg 0.1203 cnt 21.7535
[stage1] epoch 93/100 step 20 | loss 5.5089 | w [15.0, 8.0, 1.0] | train det 0.1374 seg 0.0542 cnt 3.0142
[stage1] epoch 93/100 step 21 | loss 2.5718 | w [15.0, 8.0, 1.0] | train det 0.0484 seg 0.0243 cnt 1.6514
[stage1] epoch 93/100 step 22 | loss 3.2467 | w [15.0, 8.0, 1.0] | train det 0.0777 seg 0.0547 cnt 1.6432
[stage1] epoch 93/100 step 23 | loss 4.2926 | w [15.0, 8.0, 1.0] | train det 0.1016 seg 0.0813 cnt 2.1177
[stage1] epoch 93/100 step 24 | loss 8.1726 | w [15.0, 8.0, 1.0] | train det 0.0928 seg 0.0922 cnt 6.0438
[stage1] epoch 93/100 step 25 | loss 6.8935 | w [15.0, 8.0, 1.0] | train det 0.0820 seg 0.1243 cnt 4.6686
[stage1] epoch 93/100 step 26 | loss 8.1461 | w [15.0, 8.0, 1.0] | train det 0.4237 seg 0.0346 cnt 1.5139
[stage1] epoch 93/100 step 27 | loss 5.4022 | w [15.0, 8.0, 1.0] | train det 0.1431 seg 0.1334 cnt 2.1880
[stage1] epoch 93/100 step 28 | loss 4.5080 | w [15.0, 8.0, 1.0] | train det 0.0715 seg 0.1175 cnt 2.4957
[stage1] epoch 93/100 step 29 | loss 7.5264 | w [15.0, 8.0, 1.0] | train det 0.0483 seg 0.0875 cnt 6.1019
[stage1] epoch 93/100 step 30 | loss 4.7907 | w [15.0, 8.0, 1.0] | train det 0.1767 seg 0.0580 cnt 1.6758
[stage1] epoch 93/100 step 31 | loss 4.8335 | w [15.0, 8.0, 1.0] | train det 0.0815 seg 0.0899 cnt 2.8925
[stage1] epoch 93/100 step 32 | loss 4.5492 | w [15.0, 8.0, 1.0] | train det 0.0498 seg 0.0558 cnt 3.3558
[stage1] epoch 93/100 step 33 | loss 5.0245 | w [15.0, 8.0, 1.0] | train det 0.0947 seg 0.0978 cnt 2.8213
[stage1] epoch 93/100 step 34 | loss 5.9003 | w [15.0, 8.0, 1.0] | train det 0.0531 seg 0.1006 cnt 4.2994
[stage1] epoch 93/100 step 35 | loss 9.9833 | w [15.0, 8.0, 1.0] | train det 0.1674 seg 0.0703 cnt 6.9097
[stage1] epoch 93/100 step 36 | loss 4.8589 | w [15.0, 8.0, 1.0] | train det 0.0368 seg 0.0779 cnt 3.6838
[stage1] epoch 93/100 step 37 | loss 5.9056 | w [15.0, 8.0, 1.0] | train det 0.0793 seg 0.0282 cnt 4.4903
[stage1] epoch 93/100 step 38 | loss 5.8225 | w [15.0, 8.0, 1.0] | train det 0.0390 seg 0.1339 cnt 4.1668
[stage1] epoch 93/100 step 39 | loss 8.4541 | w [15.0, 8.0, 1.0] | train det 0.2636 seg 0.1933 cnt 2.9534
[stage1] epoch 93/100 step 40 | loss 8.7504 | w [15.0, 8.0, 1.0] | train det 0.0475 seg 0.1161 cnt 7.1095
[stage1] epoch 93/100 step 41 | loss 3.5682 | w [15.0, 8.0, 1.0] | train det 0.0731 seg 0.0999 cnt 1.6716
[stage1] epoch 93/100 step 42 | loss 4.8721 | w [15.0, 8.0, 1.0] | train det 0.1231 seg 0.0454 cnt 2.6619
[stage1] epoch 93/100 step 43 | loss 16.9059 | w [15.0, 8.0, 1.0] | train det 0.0881 seg 0.0144 cnt 15.4681
[stage1] epoch 93/100 | train 6.4616 | det 0.1010 seg 0.0971 cnt 4.1703
[stage1] epoch 94/100 step 1 | loss 7.6266 | w [15.0, 8.0, 1.0] | train det 0.3078 seg 0.1001 cnt 2.2079
[stage1] epoch 94/100 step 2 | loss 4.7317 | w [15.0, 8.0, 1.0] | train det 0.0612 seg 0.1158 cnt 2.8868
[stage1] epoch 94/100 step 3 | loss 5.5391 | w [15.0, 8.0, 1.0] | train det 0.1405 seg 0.0951 cnt 2.6711
[stage1] epoch 94/100 step 4 | loss 7.5353 | w [15.0, 8.0, 1.0] | train det 0.1288 seg 0.1694 cnt 4.2474
[stage1] epoch 94/100 step 5 | loss 17.2702 | w [15.0, 8.0, 1.0] | train det 0.1050 seg 0.0401 cnt 15.3755
[stage1] epoch 94/100 step 6 | loss 9.6666 | w [15.0, 8.0, 1.0] | train det 0.4151 seg 0.1234 cnt 2.4529
[stage1] epoch 94/100 step 7 | loss 8.8359 | w [15.0, 8.0, 1.0] | train det 0.0895 seg 0.1003 cnt 6.6920
[stage1] epoch 94/100 step 8 | loss 5.1641 | w [15.0, 8.0, 1.0] | train det 0.1140 seg 0.1242 cnt 2.4606
[stage1] epoch 94/100 step 9 | loss 4.1635 | w [15.0, 8.0, 1.0] | train det 0.0492 seg 0.0906 cnt 2.7009
[stage1] epoch 94/100 step 10 | loss 7.8035 | w [15.0, 8.0, 1.0] | train det 0.2542 seg 0.0677 cnt 3.4492
[stage1] epoch 94/100 step 11 | loss 4.8473 | w [15.0, 8.0, 1.0] | train det 0.0553 seg 0.0908 cnt 3.2917
[stage1] epoch 94/100 step 12 | loss 4.4459 | w [15.0, 8.0, 1.0] | train det 0.1190 seg 0.0825 cnt 1.9998
[stage1] epoch 94/100 step 13 | loss 6.7158 | w [15.0, 8.0, 1.0] | train det 0.0157 seg 0.1971 cnt 4.9033
[stage1] epoch 94/100 step 14 | loss 4.7775 | w [15.0, 8.0, 1.0] | train det 0.1076 seg 0.0707 cnt 2.5987
[stage1] epoch 94/100 step 15 | loss 8.2036 | w [15.0, 8.0, 1.0] | train det 0.0975 seg 0.1296 cnt 5.7035
[stage1] epoch 94/100 step 16 | loss 5.7064 | w [15.0, 8.0, 1.0] | train det 0.1502 seg 0.0480 cnt 3.0700
[stage1] epoch 94/100 step 17 | loss 7.8158 | w [15.0, 8.0, 1.0] | train det 0.0986 seg 0.1414 cnt 5.2052
[stage1] epoch 94/100 step 18 | loss 9.1774 | w [15.0, 8.0, 1.0] | train det 0.1401 seg 0.1536 cnt 5.8472
[stage1] epoch 94/100 step 19 | loss 4.5442 | w [15.0, 8.0, 1.0] | train det 0.1300 seg 0.0618 cnt 2.1002
[stage1] epoch 94/100 step 20 | loss 3.1471 | w [15.0, 8.0, 1.0] | train det 0.0444 seg 0.0603 cnt 1.9983
[stage1] epoch 94/100 step 21 | loss 6.1046 | w [15.0, 8.0, 1.0] | train det 0.1092 seg 0.0986 cnt 3.6787
[stage1] epoch 94/100 step 22 | loss 7.2658 | w [15.0, 8.0, 1.0] | train det 0.2855 seg 0.0661 cnt 2.4541
[stage1] epoch 94/100 step 23 | loss 2.9359 | w [15.0, 8.0, 1.0] | train det 0.0462 seg 0.0989 cnt 1.4527
[stage1] epoch 94/100 step 24 | loss 9.2412 | w [15.0, 8.0, 1.0] | train det 0.1998 seg 0.2250 cnt 4.4442
[stage1] epoch 94/100 step 25 | loss 4.7820 | w [15.0, 8.0, 1.0] | train det 0.0392 seg 0.1113 cnt 3.3034
[stage1] epoch 94/100 step 26 | loss 4.4672 | w [15.0, 8.0, 1.0] | train det 0.0511 seg 0.0865 cnt 3.0092
[stage1] epoch 94/100 step 27 | loss 5.0588 | w [15.0, 8.0, 1.0] | train det 0.0845 seg 0.0729 cnt 3.2085
[stage1] epoch 94/100 step 28 | loss 5.5790 | w [15.0, 8.0, 1.0] | train det 0.0511 seg 0.1331 cnt 3.7485
[stage1] epoch 94/100 step 29 | loss 15.0816 | w [15.0, 8.0, 1.0] | train det 0.0265 seg 0.1631 cnt 13.3798
[stage1] epoch 94/100 step 30 | loss 5.5041 | w [15.0, 8.0, 1.0] | train det 0.1752 seg 0.1041 cnt 2.0439
[stage1] epoch 94/100 step 31 | loss 8.4912 | w [15.0, 8.0, 1.0] | train det 0.0256 seg 0.0989 cnt 7.3166
[stage1] epoch 94/100 step 32 | loss 3.7454 | w [15.0, 8.0, 1.0] | train det 0.0817 seg 0.0579 cnt 2.0568
[stage1] epoch 94/100 step 33 | loss 4.4483 | w [15.0, 8.0, 1.0] | train det 0.0597 seg 0.0597 cnt 3.0762
[stage1] epoch 94/100 step 34 | loss 5.7877 | w [15.0, 8.0, 1.0] | train det 0.1377 seg 0.0492 cnt 3.3290
[stage1] epoch 94/100 step 35 | loss 5.0040 | w [15.0, 8.0, 1.0] | train det 0.0492 seg 0.1643 cnt 2.9521
[stage1] epoch 94/100 step 36 | loss 10.8648 | w [15.0, 8.0, 1.0] | train det 0.5020 seg 0.0903 cnt 2.6121
[stage1] epoch 94/100 step 37 | loss 9.1078 | w [15.0, 8.0, 1.0] | train det 0.3067 seg 0.0508 cnt 4.1005
[stage1] epoch 94/100 step 38 | loss 5.6769 | w [15.0, 8.0, 1.0] | train det 0.0570 seg 0.2134 cnt 3.1153
[stage1] epoch 94/100 step 39 | loss 8.7965 | w [15.0, 8.0, 1.0] | train det 0.1121 seg 0.0713 cnt 6.5444
[stage1] epoch 94/100 step 40 | loss 5.9697 | w [15.0, 8.0, 1.0] | train det 0.1272 seg 0.1658 cnt 2.7355
[stage1] epoch 94/100 step 41 | loss 7.6476 | w [15.0, 8.0, 1.0] | train det 0.0887 seg 0.1265 cnt 5.3044
[stage1] epoch 94/100 step 42 | loss 13.0864 | w [15.0, 8.0, 1.0] | train det 0.4511 seg 0.1178 cnt 5.3773
[stage1] epoch 94/100 step 43 | loss 4.2496 | w [15.0, 8.0, 1.0] | train det 0.1000 seg 0.0638 cnt 2.2389
[stage1] epoch 94/100 | train 6.8980 | det 0.1347 seg 0.1059 cnt 4.0313
[stage1] epoch 95/100 step 1 | loss 5.4865 | w [15.0, 8.0, 1.0] | train det 0.1269 seg 0.1163 cnt 2.6535
[stage1] epoch 95/100 step 2 | loss 9.9780 | w [15.0, 8.0, 1.0] | train det 0.1271 seg 0.0831 cnt 7.4071
[stage1] epoch 95/100 step 3 | loss 4.7710 | w [15.0, 8.0, 1.0] | train det 0.0405 seg 0.2262 cnt 2.3536
[stage1] epoch 95/100 step 4 | loss 4.3858 | w [15.0, 8.0, 1.0] | train det 0.1337 seg 0.1196 cnt 1.4237
[stage1] epoch 95/100 step 5 | loss 6.2335 | w [15.0, 8.0, 1.0] | train det 0.1660 seg 0.0696 cnt 3.1871
[stage1] epoch 95/100 step 6 | loss 2.6226 | w [15.0, 8.0, 1.0] | train det 0.0329 seg 0.1197 cnt 1.1709
[stage1] epoch 95/100 step 7 | loss 8.6376 | w [15.0, 8.0, 1.0] | train det 0.1195 seg 0.0633 cnt 6.3390
[stage1] epoch 95/100 step 8 | loss 3.8124 | w [15.0, 8.0, 1.0] | train det 0.0410 seg 0.0488 cnt 2.8066
[stage1] epoch 95/100 step 9 | loss 3.5060 | w [15.0, 8.0, 1.0] | train det 0.0498 seg 0.0704 cnt 2.1960
[stage1] epoch 95/100 step 10 | loss 4.2631 | w [15.0, 8.0, 1.0] | train det 0.0345 seg 0.1197 cnt 2.7882
[stage1] epoch 95/100 step 11 | loss 4.2419 | w [15.0, 8.0, 1.0] | train det 0.0177 seg 0.0548 cnt 3.5376
[stage1] epoch 95/100 step 12 | loss 7.2114 | w [15.0, 8.0, 1.0] | train det 0.1829 seg 0.1038 cnt 3.6379
[stage1] epoch 95/100 step 13 | loss 8.2242 | w [15.0, 8.0, 1.0] | train det 0.1896 seg 0.0715 cnt 4.8077
[stage1] epoch 95/100 step 14 | loss 11.1506 | w [15.0, 8.0, 1.0] | train det 0.4178 seg 0.1153 cnt 3.9612
[stage1] epoch 95/100 step 15 | loss 5.4057 | w [15.0, 8.0, 1.0] | train det 0.1711 seg 0.1239 cnt 1.8475
[stage1] epoch 95/100 step 16 | loss 4.1331 | w [15.0, 8.0, 1.0] | train det 0.1231 seg 0.0826 cnt 1.6257
[stage1] epoch 95/100 step 17 | loss 7.4241 | w [15.0, 8.0, 1.0] | train det 0.0548 seg 0.0297 cnt 6.3642
[stage1] epoch 95/100 step 18 | loss 6.7651 | w [15.0, 8.0, 1.0] | train det 0.1724 seg 0.0726 cnt 3.5984
[stage1] epoch 95/100 step 19 | loss 6.7913 | w [15.0, 8.0, 1.0] | train det 0.0395 seg 0.0960 cnt 5.4311
[stage1] epoch 95/100 step 20 | loss 7.4120 | w [15.0, 8.0, 1.0] | train det 0.1542 seg 0.1183 cnt 4.1527
[stage1] epoch 95/100 step 21 | loss 5.8712 | w [15.0, 8.0, 1.0] | train det 0.0745 seg 0.1079 cnt 3.8910
[stage1] epoch 95/100 step 22 | loss 10.7822 | w [15.0, 8.0, 1.0] | train det 0.0539 seg 0.0827 cnt 9.3127
[stage1] epoch 95/100 step 23 | loss 8.3604 | w [15.0, 8.0, 1.0] | train det 0.0968 seg 0.0970 cnt 6.1326
[stage1] epoch 95/100 step 24 | loss 3.6500 | w [15.0, 8.0, 1.0] | train det 0.0718 seg 0.1537 cnt 1.3439
[stage1] epoch 95/100 step 25 | loss 4.0605 | w [15.0, 8.0, 1.0] | train det 0.0704 seg 0.0660 cnt 2.4764
[stage1] epoch 95/100 step 26 | loss 14.3595 | w [15.0, 8.0, 1.0] | train det 0.4527 seg 0.1070 cnt 6.7132
[stage1] epoch 95/100 step 27 | loss 6.2848 | w [15.0, 8.0, 1.0] | train det 0.2013 seg 0.0662 cnt 2.7363
[stage1] epoch 95/100 step 28 | loss 4.4202 | w [15.0, 8.0, 1.0] | train det 0.1423 seg 0.0802 cnt 1.6443
[stage1] epoch 95/100 step 29 | loss 4.3115 | w [15.0, 8.0, 1.0] | train det 0.0438 seg 0.0759 cnt 3.0471
[stage1] epoch 95/100 step 30 | loss 7.4779 | w [15.0, 8.0, 1.0] | train det 0.3064 seg 0.0835 cnt 2.2146
[stage1] epoch 95/100 step 31 | loss 8.1852 | w [15.0, 8.0, 1.0] | train det 0.1624 seg 0.1620 cnt 4.4532
[stage1] epoch 95/100 step 32 | loss 3.6618 | w [15.0, 8.0, 1.0] | train det 0.0398 seg 0.0728 cnt 2.4830
[stage1] epoch 95/100 step 33 | loss 4.4858 | w [15.0, 8.0, 1.0] | train det 0.1313 seg 0.0650 cnt 1.9964
[stage1] epoch 95/100 step 34 | loss 3.4787 | w [15.0, 8.0, 1.0] | train det 0.0367 seg 0.1003 cnt 2.1257
[stage1] epoch 95/100 step 35 | loss 5.8117 | w [15.0, 8.0, 1.0] | train det 0.1126 seg 0.0618 cnt 3.6283
[stage1] epoch 95/100 step 36 | loss 7.0686 | w [15.0, 8.0, 1.0] | train det 0.1612 seg 0.1152 cnt 3.7282
[stage1] epoch 95/100 step 37 | loss 7.7308 | w [15.0, 8.0, 1.0] | train det 0.1480 seg 0.1722 cnt 4.1334
[stage1] epoch 95/100 step 38 | loss 7.2025 | w [15.0, 8.0, 1.0] | train det 0.1424 seg 0.0992 cnt 4.2729
[stage1] epoch 95/100 step 39 | loss 3.5688 | w [15.0, 8.0, 1.0] | train det 0.0414 seg 0.1126 cnt 2.0462
[stage1] epoch 95/100 step 40 | loss 3.7642 | w [15.0, 8.0, 1.0] | train det 0.1380 seg 0.0608 cnt 1.2084
[stage1] epoch 95/100 step 41 | loss 13.7105 | w [15.0, 8.0, 1.0] | train det 0.1538 seg 0.0797 cnt 10.7658
[stage1] epoch 95/100 step 42 | loss 6.4731 | w [15.0, 8.0, 1.0] | train det 0.0580 seg 0.0929 cnt 4.8607
[stage1] epoch 95/100 step 43 | loss 8.9650 | w [15.0, 8.0, 1.0] | train det 0.1330 seg 0.0868 cnt 6.2751
[stage1] epoch 95/100 | train 6.4219 | det 0.1248 seg 0.0955 cnt 3.7856
[stage1] epoch 96/100 step 1 | loss 8.5862 | w [15.0, 8.0, 1.0] | train det 0.1486 seg 0.0440 cnt 6.0049
[stage1] epoch 96/100 step 2 | loss 8.1288 | w [15.0, 8.0, 1.0] | train det 0.1804 seg 0.0906 cnt 4.6979
[stage1] epoch 96/100 step 3 | loss 3.9696 | w [15.0, 8.0, 1.0] | train det 0.0512 seg 0.0391 cnt 2.8888
[stage1] epoch 96/100 step 4 | loss 5.2195 | w [15.0, 8.0, 1.0] | train det 0.0294 seg 0.1084 cnt 3.9122
[stage1] epoch 96/100 step 5 | loss 5.2480 | w [15.0, 8.0, 1.0] | train det 0.0297 seg 0.0884 cnt 4.0957
[stage1] epoch 96/100 step 6 | loss 4.5191 | w [15.0, 8.0, 1.0] | train det 0.0408 seg 0.0620 cnt 3.4108
[stage1] epoch 96/100 step 7 | loss 7.4280 | w [15.0, 8.0, 1.0] | train det 0.0238 seg 0.0456 cnt 6.7058
[stage1] epoch 96/100 step 8 | loss 7.0965 | w [15.0, 8.0, 1.0] | train det 0.1906 seg 0.1552 cnt 2.9955
[stage1] epoch 96/100 step 9 | loss 10.0518 | w [15.0, 8.0, 1.0] | train det 0.3139 seg 0.2054 cnt 3.7005
[stage1] epoch 96/100 step 10 | loss 16.7087 | w [15.0, 8.0, 1.0] | train det 0.0975 seg 0.1427 cnt 14.1052
[stage1] epoch 96/100 step 11 | loss 5.2263 | w [15.0, 8.0, 1.0] | train det 0.0601 seg 0.0392 cnt 4.0109
[stage1] epoch 96/100 step 12 | loss 4.0351 | w [15.0, 8.0, 1.0] | train det 0.0956 seg 0.1321 cnt 1.5443
[stage1] epoch 96/100 step 13 | loss 3.4568 | w [15.0, 8.0, 1.0] | train det 0.0618 seg 0.0798 cnt 1.8916
[stage1] epoch 96/100 step 14 | loss 7.8915 | w [15.0, 8.0, 1.0] | train det 0.1717 seg 0.1636 cnt 4.0071
[stage1] epoch 96/100 step 15 | loss 17.3012 | w [15.0, 8.0, 1.0] | train det 0.3769 seg 0.0916 cnt 10.9153
[stage1] epoch 96/100 step 16 | loss 8.5331 | w [15.0, 8.0, 1.0] | train det 0.0867 seg 0.0774 cnt 6.6140
[stage1] epoch 96/100 step 17 | loss 6.7606 | w [15.0, 8.0, 1.0] | train det 0.1826 seg 0.0641 cnt 3.5082
[stage1] epoch 96/100 step 18 | loss 5.6412 | w [15.0, 8.0, 1.0] | train det 0.2184 seg 0.0530 cnt 1.9403
[stage1] epoch 96/100 step 19 | loss 11.8765 | w [15.0, 8.0, 1.0] | train det 0.6347 seg 0.0883 cnt 1.6501
[stage1] epoch 96/100 step 20 | loss 50.9155 | w [15.0, 8.0, 1.0] | train det 0.0747 seg 0.0688 cnt 49.2449
[stage1] epoch 96/100 step 21 | loss 8.1791 | w [15.0, 8.0, 1.0] | train det 0.1547 seg 0.1097 cnt 4.9807
[stage1] epoch 96/100 step 22 | loss 10.1890 | w [15.0, 8.0, 1.0] | train det 0.3829 seg 0.1346 cnt 3.3696
[stage1] epoch 96/100 step 23 | loss 5.6919 | w [15.0, 8.0, 1.0] | train det 0.1295 seg 0.1152 cnt 2.8272
[stage1] epoch 96/100 step 24 | loss 8.1918 | w [15.0, 8.0, 1.0] | train det 0.0942 seg 0.1816 cnt 5.3255
[stage1] epoch 96/100 step 25 | loss 5.9718 | w [15.0, 8.0, 1.0] | train det 0.1545 seg 0.0563 cnt 3.2041
[stage1] epoch 96/100 step 26 | loss 6.7625 | w [15.0, 8.0, 1.0] | train det 0.0748 seg 0.1069 cnt 4.7856
[stage1] epoch 96/100 step 27 | loss 6.0205 | w [15.0, 8.0, 1.0] | train det 0.1910 seg 0.0622 cnt 2.6585
[stage1] epoch 96/100 step 28 | loss 8.7875 | w [15.0, 8.0, 1.0] | train det 0.2345 seg 0.1145 cnt 4.3544
[stage1] epoch 96/100 step 29 | loss 7.0432 | w [15.0, 8.0, 1.0] | train det 0.0776 seg 0.1404 cnt 4.7562
[stage1] epoch 96/100 step 30 | loss 6.0267 | w [15.0, 8.0, 1.0] | train det 0.0910 seg 0.0594 cnt 4.1860
[stage1] epoch 96/100 step 31 | loss 7.9271 | w [15.0, 8.0, 1.0] | train det 0.0223 seg 0.0212 cnt 7.4232
[stage1] epoch 96/100 step 32 | loss 4.5039 | w [15.0, 8.0, 1.0] | train det 0.1025 seg 0.0887 cnt 2.2572
[stage1] epoch 96/100 step 33 | loss 6.6997 | w [15.0, 8.0, 1.0] | train det 0.2743 seg 0.0487 cnt 2.1956
[stage1] epoch 96/100 step 34 | loss 11.0900 | w [15.0, 8.0, 1.0] | train det 0.2464 seg 0.0734 cnt 6.8072
[stage1] epoch 96/100 step 35 | loss 6.1932 | w [15.0, 8.0, 1.0] | train det 0.1162 seg 0.1728 cnt 3.0685
[stage1] epoch 96/100 step 36 | loss 5.0089 | w [15.0, 8.0, 1.0] | train det 0.2024 seg 0.0801 cnt 1.3321
[stage1] epoch 96/100 step 37 | loss 4.7510 | w [15.0, 8.0, 1.0] | train det 0.1665 seg 0.0518 cnt 1.8394
[stage1] epoch 96/100 step 38 | loss 5.9497 | w [15.0, 8.0, 1.0] | train det 0.1289 seg 0.1469 cnt 2.8415
[stage1] epoch 96/100 step 39 | loss 9.4417 | w [15.0, 8.0, 1.0] | train det 0.0464 seg 0.1108 cnt 7.8600
[stage1] epoch 96/100 step 40 | loss 9.1110 | w [15.0, 8.0, 1.0] | train det 0.0304 seg 0.1127 cnt 7.7533
[stage1] epoch 96/100 step 41 | loss 4.5938 | w [15.0, 8.0, 1.0] | train det 0.0325 seg 0.0947 cnt 3.3481
[stage1] epoch 96/100 step 42 | loss 2.9801 | w [15.0, 8.0, 1.0] | train det 0.0569 seg 0.1034 cnt 1.2990
[stage1] epoch 96/100 step 43 | loss 2.5218 | w [15.0, 8.0, 1.0] | train det 0.0270 seg 0.0937 cnt 1.3672
[stage1] epoch 96/100 | train 8.1914 | det 0.1420 seg 0.0958 cnt 5.2950
[stage1] epoch 97/100 step 1 | loss 4.3902 | w [15.0, 8.0, 1.0] | train det 0.0170 seg 0.1146 cnt 3.2179
[stage1] epoch 97/100 step 2 | loss 8.0872 | w [15.0, 8.0, 1.0] | train det 0.0698 seg 0.0469 cnt 6.6650
[stage1] epoch 97/100 step 3 | loss 5.9215 | w [15.0, 8.0, 1.0] | train det 0.1916 seg 0.0664 cnt 2.5169
[stage1] epoch 97/100 step 4 | loss 8.0880 | w [15.0, 8.0, 1.0] | train det 0.0735 seg 0.0851 cnt 6.3041
[stage1] epoch 97/100 step 5 | loss 10.0948 | w [15.0, 8.0, 1.0] | train det 0.4879 seg 0.1057 cnt 1.9311
[stage1] epoch 97/100 step 6 | loss 6.8443 | w [15.0, 8.0, 1.0] | train det 0.0988 seg 0.0808 cnt 4.7166
[stage1] epoch 97/100 step 7 | loss 5.1212 | w [15.0, 8.0, 1.0] | train det 0.1259 seg 0.1372 cnt 2.1356
[stage1] epoch 97/100 step 8 | loss 4.9550 | w [15.0, 8.0, 1.0] | train det 0.0440 seg 0.0527 cnt 3.8734
[stage1] epoch 97/100 step 9 | loss 2.7647 | w [15.0, 8.0, 1.0] | train det 0.0281 seg 0.1174 cnt 1.4045
[stage1] epoch 97/100 step 10 | loss 4.8122 | w [15.0, 8.0, 1.0] | train det 0.1636 seg 0.0969 cnt 1.5827
[stage1] epoch 97/100 step 11 | loss 17.0805 | w [15.0, 8.0, 1.0] | train det 0.6361 seg 0.0381 cnt 7.2336
[stage1] epoch 97/100 step 12 | loss 3.8620 | w [15.0, 8.0, 1.0] | train det 0.0307 seg 0.0419 cnt 3.0660
[stage1] epoch 97/100 step 13 | loss 5.7058 | w [15.0, 8.0, 1.0] | train det 0.1039 seg 0.1360 cnt 3.0598
[stage1] epoch 97/100 step 14 | loss 6.1360 | w [15.0, 8.0, 1.0] | train det 0.0615 seg 0.1399 cnt 4.0949
[stage1] epoch 97/100 step 15 | loss 4.8809 | w [15.0, 8.0, 1.0] | train det 0.0923 seg 0.0848 cnt 2.8176
[stage1] epoch 97/100 step 16 | loss 9.4462 | w [15.0, 8.0, 1.0] | train det 0.5338 seg 0.0889 cnt 0.7274
[stage1] epoch 97/100 step 17 | loss 3.6234 | w [15.0, 8.0, 1.0] | train det 0.1141 seg 0.1130 cnt 1.0078
[stage1] epoch 97/100 step 18 | loss 4.1682 | w [15.0, 8.0, 1.0] | train det 0.0978 seg 0.0815 cnt 2.0487
[stage1] epoch 97/100 step 19 | loss 7.5448 | w [15.0, 8.0, 1.0] | train det 0.3791 seg 0.0485 cnt 1.4710
[stage1] epoch 97/100 step 20 | loss 6.0089 | w [15.0, 8.0, 1.0] | train det 0.1536 seg 0.0793 cnt 3.0700
[stage1] epoch 97/100 step 21 | loss 5.0130 | w [15.0, 8.0, 1.0] | train det 0.0953 seg 0.0742 cnt 2.9903
[stage1] epoch 97/100 step 22 | loss 4.8124 | w [15.0, 8.0, 1.0] | train det 0.0712 seg 0.0838 cnt 3.0733
[stage1] epoch 97/100 step 23 | loss 4.3186 | w [15.0, 8.0, 1.0] | train det 0.0268 seg 0.1333 cnt 2.8500
[stage1] epoch 97/100 step 24 | loss 18.7642 | w [15.0, 8.0, 1.0] | train det 0.5917 seg 0.0488 cnt 9.4981
[stage1] epoch 97/100 step 25 | loss 4.1334 | w [15.0, 8.0, 1.0] | train det 0.0522 seg 0.1513 cnt 2.1398
[stage1] epoch 97/100 step 26 | loss 15.4050 | w [15.0, 8.0, 1.0] | train det 0.1187 seg 0.0855 cnt 12.9396
[stage1] epoch 97/100 step 27 | loss 3.3374 | w [15.0, 8.0, 1.0] | train det 0.0542 seg 0.0641 cnt 2.0119
[stage1] epoch 97/100 step 28 | loss 7.4711 | w [15.0, 8.0, 1.0] | train det 0.0686 seg 0.0600 cnt 5.9614
[stage1] epoch 97/100 step 29 | loss 6.5405 | w [15.0, 8.0, 1.0] | train det 0.2353 seg 0.0997 cnt 2.2135
[stage1] epoch 97/100 step 30 | loss 6.5016 | w [15.0, 8.0, 1.0] | train det 0.1663 seg 0.0960 cnt 3.2393
[stage1] epoch 97/100 step 31 | loss 4.3727 | w [15.0, 8.0, 1.0] | train det 0.0488 seg 0.1166 cnt 2.7070
[stage1] epoch 97/100 step 32 | loss 5.3677 | w [15.0, 8.0, 1.0] | train det 0.0771 seg 0.0404 cnt 3.8875
[stage1] epoch 97/100 step 33 | loss 3.8844 | w [15.0, 8.0, 1.0] | train det 0.0749 seg 0.1220 cnt 1.7852
[stage1] epoch 97/100 step 34 | loss 3.2653 | w [15.0, 8.0, 1.0] | train det 0.0644 seg 0.0938 cnt 1.5493
[stage1] epoch 97/100 step 35 | loss 8.0912 | w [15.0, 8.0, 1.0] | train det 0.0445 seg 0.0650 cnt 6.9044
[stage1] epoch 97/100 step 36 | loss 4.8367 | w [15.0, 8.0, 1.0] | train det 0.0229 seg 0.1181 cnt 3.5488
[stage1] epoch 97/100 step 37 | loss 4.3861 | w [15.0, 8.0, 1.0] | train det 0.0201 seg 0.1115 cnt 3.1930
[stage1] epoch 97/100 step 38 | loss 5.1513 | w [15.0, 8.0, 1.0] | train det 0.0765 seg 0.0533 cnt 3.5774
[stage1] epoch 97/100 step 39 | loss 6.3930 | w [15.0, 8.0, 1.0] | train det 0.1333 seg 0.1765 cnt 2.9821
[stage1] epoch 97/100 step 40 | loss 2.3770 | w [15.0, 8.0, 1.0] | train det 0.0760 seg 0.0519 cnt 0.8222
[stage1] epoch 97/100 step 41 | loss 9.6243 | w [15.0, 8.0, 1.0] | train det 0.4984 seg 0.1034 cnt 1.3207
[stage1] epoch 97/100 step 42 | loss 4.2213 | w [15.0, 8.0, 1.0] | train det 0.0934 seg 0.0751 cnt 2.2190
[stage1] epoch 97/100 step 43 | loss 4.3910 | w [15.0, 8.0, 1.0] | train det 0.1378 seg 0.1011 cnt 1.5157
[stage1] epoch 97/100 | train 6.3301 | det 0.1477 seg 0.0903 cnt 3.3924
[stage1] epoch 98/100 step 1 | loss 3.8511 | w [15.0, 8.0, 1.0] | train det 0.0361 seg 0.1273 cnt 2.2918
[stage1] epoch 98/100 step 2 | loss 4.9395 | w [15.0, 8.0, 1.0] | train det 0.1126 seg 0.0869 cnt 2.5554
[stage1] epoch 98/100 step 3 | loss 6.8975 | w [15.0, 8.0, 1.0] | train det 0.1951 seg 0.0551 cnt 3.5308
[stage1] epoch 98/100 step 4 | loss 5.5040 | w [15.0, 8.0, 1.0] | train det 0.1680 seg 0.1563 cnt 1.7346
[stage1] epoch 98/100 step 5 | loss 3.7069 | w [15.0, 8.0, 1.0] | train det 0.0841 seg 0.0721 cnt 1.8693
[stage1] epoch 98/100 step 6 | loss 10.2841 | w [15.0, 8.0, 1.0] | train det 0.4101 seg 0.0741 cnt 3.5400
[stage1] epoch 98/100 step 7 | loss 3.7702 | w [15.0, 8.0, 1.0] | train det 0.0555 seg 0.0638 cnt 2.4283
[stage1] epoch 98/100 step 8 | loss 5.6254 | w [15.0, 8.0, 1.0] | train det 0.1062 seg 0.0867 cnt 3.3392
[stage1] epoch 98/100 step 9 | loss 6.7745 | w [15.0, 8.0, 1.0] | train det 0.1429 seg 0.0626 cnt 4.1294
[stage1] epoch 98/100 step 10 | loss 10.5432 | w [15.0, 8.0, 1.0] | train det 0.4527 seg 0.1029 cnt 2.9298
[stage1] epoch 98/100 step 11 | loss 5.1016 | w [15.0, 8.0, 1.0] | train det 0.0552 seg 0.1179 cnt 3.3307
[stage1] epoch 98/100 step 12 | loss 3.8974 | w [15.0, 8.0, 1.0] | train det 0.0732 seg 0.0542 cnt 2.3665
[stage1] epoch 98/100 step 13 | loss 7.4967 | w [15.0, 8.0, 1.0] | train det 0.1528 seg 0.0484 cnt 4.8182
[stage1] epoch 98/100 step 14 | loss 9.0721 | w [15.0, 8.0, 1.0] | train det 0.1732 seg 0.0743 cnt 5.8807
[stage1] epoch 98/100 step 15 | loss 10.3440 | w [15.0, 8.0, 1.0] | train det 0.3975 seg 0.1594 cnt 3.1061
[stage1] epoch 98/100 step 16 | loss 5.8708 | w [15.0, 8.0, 1.0] | train det 0.1189 seg 0.0419 cnt 3.7524
[stage1] epoch 98/100 step 17 | loss 5.2390 | w [15.0, 8.0, 1.0] | train det 0.1142 seg 0.1409 cnt 2.3984
[stage1] epoch 98/100 step 18 | loss 10.9836 | w [15.0, 8.0, 1.0] | train det 0.3854 seg 0.1678 cnt 3.8594
[stage1] epoch 98/100 step 19 | loss 22.1324 | w [15.0, 8.0, 1.0] | train det 0.0287 seg 0.0380 cnt 21.3974
[stage1] epoch 98/100 step 20 | loss 3.9278 | w [15.0, 8.0, 1.0] | train det 0.0354 seg 0.1497 cnt 2.1991
[stage1] epoch 98/100 step 21 | loss 3.7247 | w [15.0, 8.0, 1.0] | train det 0.0853 seg 0.0765 cnt 1.8334
[stage1] epoch 98/100 step 22 | loss 5.0632 | w [15.0, 8.0, 1.0] | train det 0.0748 seg 0.1021 cnt 3.1237
[stage1] epoch 98/100 step 23 | loss 6.2386 | w [15.0, 8.0, 1.0] | train det 0.0689 seg 0.1270 cnt 4.1890
[stage1] epoch 98/100 step 24 | loss 9.1472 | w [15.0, 8.0, 1.0] | train det 0.0479 seg 0.1572 cnt 7.1709
[stage1] epoch 98/100 step 25 | loss 2.9841 | w [15.0, 8.0, 1.0] | train det 0.0635 seg 0.0546 cnt 1.5949
[stage1] epoch 98/100 step 26 | loss 4.2173 | w [15.0, 8.0, 1.0] | train det 0.0449 seg 0.0679 cnt 3.0003
[stage1] epoch 98/100 step 27 | loss 5.6182 | w [15.0, 8.0, 1.0] | train det 0.0549 seg 0.0975 cnt 4.0155
[stage1] epoch 98/100 step 28 | loss 4.9269 | w [15.0, 8.0, 1.0] | train det 0.1385 seg 0.1232 cnt 1.8635
[stage1] epoch 98/100 step 29 | loss 4.3028 | w [15.0, 8.0, 1.0] | train det 0.0852 seg 0.0680 cnt 2.4813
[stage1] epoch 98/100 step 30 | loss 4.1764 | w [15.0, 8.0, 1.0] | train det 0.0809 seg 0.0824 cnt 2.3036
[stage1] epoch 98/100 step 31 | loss 3.5242 | w [15.0, 8.0, 1.0] | train det 0.0408 seg 0.0942 cnt 2.1590
[stage1] epoch 98/100 step 32 | loss 7.7534 | w [15.0, 8.0, 1.0] | train det 0.1968 seg 0.0881 cnt 4.0957
[stage1] epoch 98/100 step 33 | loss 11.4487 | w [15.0, 8.0, 1.0] | train det 0.3865 seg 0.1623 cnt 4.3532
[stage1] epoch 98/100 step 34 | loss 6.0561 | w [15.0, 8.0, 1.0] | train det 0.0779 seg 0.0550 cnt 4.4482
[stage1] epoch 98/100 step 35 | loss 5.6736 | w [15.0, 8.0, 1.0] | train det 0.0735 seg 0.1146 cnt 3.6548
[stage1] epoch 98/100 step 36 | loss 16.5323 | w [15.0, 8.0, 1.0] | train det 0.7722 seg 0.0972 cnt 4.1717
[stage1] epoch 98/100 step 37 | loss 8.0954 | w [15.0, 8.0, 1.0] | train det 0.0342 seg 0.0767 cnt 6.9693
[stage1] epoch 98/100 step 38 | loss 10.1622 | w [15.0, 8.0, 1.0] | train det 0.1053 seg 0.1088 cnt 7.7125
[stage1] epoch 98/100 step 39 | loss 6.6114 | w [15.0, 8.0, 1.0] | train det 0.1796 seg 0.1232 cnt 2.9323
[stage1] epoch 98/100 step 40 | loss 7.4496 | w [15.0, 8.0, 1.0] | train det 0.1971 seg 0.0438 cnt 4.1428
[stage1] epoch 98/100 step 41 | loss 5.6776 | w [15.0, 8.0, 1.0] | train det 0.0932 seg 0.0690 cnt 3.7277
[stage1] epoch 98/100 step 42 | loss 10.9734 | w [15.0, 8.0, 1.0] | train det 0.4116 seg 0.0951 cnt 4.0390
[stage1] epoch 98/100 step 43 | loss 49.9966 | w [15.0, 8.0, 1.0] | train det 0.0363 seg 0.1307 cnt 48.4060
[stage1] epoch 98/100 | train 8.0539 | det 0.1546 seg 0.0952 cnt 4.9732
[stage1] epoch 99/100 step 1 | loss 4.7781 | w [15.0, 8.0, 1.0] | train det 0.0466 seg 0.1036 cnt 3.2506
[stage1] epoch 99/100 step 2 | loss 4.8850 | w [15.0, 8.0, 1.0] | train det 0.0472 seg 0.1577 cnt 2.9149
[stage1] epoch 99/100 step 3 | loss 10.9717 | w [15.0, 8.0, 1.0] | train det 0.3413 seg 0.1156 cnt 4.9266
[stage1] epoch 99/100 step 4 | loss 3.7378 | w [15.0, 8.0, 1.0] | train det 0.0686 seg 0.1206 cnt 1.7449
[stage1] epoch 99/100 step 5 | loss 4.3129 | w [15.0, 8.0, 1.0] | train det 0.0338 seg 0.0914 cnt 3.0743
[stage1] epoch 99/100 step 6 | loss 9.5159 | w [15.0, 8.0, 1.0] | train det 0.1938 seg 0.1319 cnt 5.5539
[stage1] epoch 99/100 step 7 | loss 6.5621 | w [15.0, 8.0, 1.0] | train det 0.1422 seg 0.1174 cnt 3.4896
[stage1] epoch 99/100 step 8 | loss 5.6365 | w [15.0, 8.0, 1.0] | train det 0.0763 seg 0.1034 cnt 3.6642
[stage1] epoch 99/100 step 9 | loss 9.2391 | w [15.0, 8.0, 1.0] | train det 0.2641 seg 0.0567 cnt 4.8238
[stage1] epoch 99/100 step 10 | loss 5.4749 | w [15.0, 8.0, 1.0] | train det 0.0360 seg 0.0800 cnt 4.2954
[stage1] epoch 99/100 step 11 | loss 8.1724 | w [15.0, 8.0, 1.0] | train det 0.0390 seg 0.1629 cnt 6.2843
[stage1] epoch 99/100 step 12 | loss 3.4510 | w [15.0, 8.0, 1.0] | train det 0.0709 seg 0.0957 cnt 1.6218
[stage1] epoch 99/100 step 13 | loss 5.7194 | w [15.0, 8.0, 1.0] | train det 0.1625 seg 0.0717 cnt 2.7085
[stage1] epoch 99/100 step 14 | loss 34.3532 | w [15.0, 8.0, 1.0] | train det 0.3736 seg 0.1386 cnt 27.6405
[stage1] epoch 99/100 step 15 | loss 3.2984 | w [15.0, 8.0, 1.0] | train det 0.0761 seg 0.0647 cnt 1.6395
[stage1] epoch 99/100 step 16 | loss 3.4225 | w [15.0, 8.0, 1.0] | train det 0.0580 seg 0.0782 cnt 1.9266
[stage1] epoch 99/100 step 17 | loss 5.7839 | w [15.0, 8.0, 1.0] | train det 0.0325 seg 0.0853 cnt 4.6137
[stage1] epoch 99/100 step 18 | loss 5.0281 | w [15.0, 8.0, 1.0] | train det 0.0670 seg 0.1237 cnt 3.0336
[stage1] epoch 99/100 step 19 | loss 6.1924 | w [15.0, 8.0, 1.0] | train det 0.0866 seg 0.0640 cnt 4.3824
[stage1] epoch 99/100 step 20 | loss 8.3471 | w [15.0, 8.0, 1.0] | train det 0.0536 seg 0.1883 cnt 6.0360
[stage1] epoch 99/100 step 21 | loss 5.3872 | w [15.0, 8.0, 1.0] | train det 0.1092 seg 0.0446 cnt 3.3917
[stage1] epoch 99/100 step 22 | loss 2.8413 | w [15.0, 8.0, 1.0] | train det 0.0663 seg 0.0982 cnt 1.0614
[stage1] epoch 99/100 step 23 | loss 3.8308 | w [15.0, 8.0, 1.0] | train det 0.1246 seg 0.0488 cnt 1.5707
[stage1] epoch 99/100 step 24 | loss 7.7860 | w [15.0, 8.0, 1.0] | train det 0.0616 seg 0.0864 cnt 6.1711
[stage1] epoch 99/100 step 25 | loss 4.5477 | w [15.0, 8.0, 1.0] | train det 0.0512 seg 0.0898 cnt 3.0612
[stage1] epoch 99/100 step 26 | loss 5.4093 | w [15.0, 8.0, 1.0] | train det 0.0570 seg 0.2000 cnt 2.9545
[stage1] epoch 99/100 step 27 | loss 4.9784 | w [15.0, 8.0, 1.0] | train det 0.0433 seg 0.0964 cnt 3.5584
[stage1] epoch 99/100 step 28 | loss 5.2062 | w [15.0, 8.0, 1.0] | train det 0.1814 seg 0.1089 cnt 1.6135
[stage1] epoch 99/100 step 29 | loss 4.8812 | w [15.0, 8.0, 1.0] | train det 0.1065 seg 0.1270 cnt 2.2672
[stage1] epoch 99/100 step 30 | loss 7.5893 | w [15.0, 8.0, 1.0] | train det 0.0872 seg 0.1393 cnt 5.1660
[stage1] epoch 99/100 step 31 | loss 4.7789 | w [15.0, 8.0, 1.0] | train det 0.0735 seg 0.0829 cnt 3.0142
[stage1] epoch 99/100 step 32 | loss 6.7572 | w [15.0, 8.0, 1.0] | train det 0.1761 seg 0.1633 cnt 2.8089
[stage1] epoch 99/100 step 33 | loss 14.9850 | w [15.0, 8.0, 1.0] | train det 0.6863 seg 0.0579 cnt 4.2277
[stage1] epoch 99/100 step 34 | loss 5.7926 | w [15.0, 8.0, 1.0] | train det 0.1029 seg 0.0731 cnt 3.6648
[stage1] epoch 99/100 step 35 | loss 6.7436 | w [15.0, 8.0, 1.0] | train det 0.0328 seg 0.1257 cnt 5.2458
[stage1] epoch 99/100 step 36 | loss 6.0670 | w [15.0, 8.0, 1.0] | train det 0.2475 seg 0.1320 cnt 1.2981
[stage1] epoch 99/100 step 37 | loss 4.7917 | w [15.0, 8.0, 1.0] | train det 0.0396 seg 0.1712 cnt 2.8273
[stage1] epoch 99/100 step 38 | loss 30.6164 | w [15.0, 8.0, 1.0] | train det 0.0422 seg 0.1111 cnt 29.0941
[stage1] epoch 99/100 step 39 | loss 7.6501 | w [15.0, 8.0, 1.0] | train det 0.3149 seg 0.1092 cnt 2.0524
[stage1] epoch 99/100 step 40 | loss 4.3313 | w [15.0, 8.0, 1.0] | train det 0.0818 seg 0.1173 cnt 2.1667
[stage1] epoch 99/100 step 41 | loss 5.3222 | w [15.0, 8.0, 1.0] | train det 0.0660 seg 0.0712 cnt 3.7626
[stage1] epoch 99/100 step 42 | loss 6.7589 | w [15.0, 8.0, 1.0] | train det 0.2476 seg 0.0675 cnt 2.5049
[stage1] epoch 99/100 step 43 | loss 7.1724 | w [15.0, 8.0, 1.0] | train det 0.1664 seg 0.1266 cnt 3.6643
[stage1] epoch 99/100 | train 7.2816 | det 0.1264 seg 0.1070 cnt 4.5296
[stage1] epoch 100/100 step 1 | loss 3.9790 | w [15.0, 8.0, 1.0] | train det 0.0297 seg 0.0850 cnt 2.8539
[stage1] epoch 100/100 step 2 | loss 4.8918 | w [15.0, 8.0, 1.0] | train det 0.0483 seg 0.1379 cnt 3.0639
[stage1] epoch 100/100 step 3 | loss 10.1783 | w [15.0, 8.0, 1.0] | train det 0.4608 seg 0.0939 cnt 2.5149
[stage1] epoch 100/100 step 4 | loss 3.3867 | w [15.0, 8.0, 1.0] | train det 0.0785 seg 0.0478 cnt 1.8267
[stage1] epoch 100/100 step 5 | loss 10.6084 | w [15.0, 8.0, 1.0] | train det 0.4668 seg 0.0559 cnt 3.1587
[stage1] epoch 100/100 step 6 | loss 9.4651 | w [15.0, 8.0, 1.0] | train det 0.3267 seg 0.0786 cnt 3.9360
[stage1] epoch 100/100 step 7 | loss 5.1608 | w [15.0, 8.0, 1.0] | train det 0.1406 seg 0.1469 cnt 1.8762
[stage1] epoch 100/100 step 8 | loss 4.8689 | w [15.0, 8.0, 1.0] | train det 0.1945 seg 0.0597 cnt 1.4745
[stage1] epoch 100/100 step 9 | loss 3.9142 | w [15.0, 8.0, 1.0] | train det 0.0379 seg 0.0869 cnt 2.6506
[stage1] epoch 100/100 step 10 | loss 10.9803 | w [15.0, 8.0, 1.0] | train det 0.2022 seg 0.1767 cnt 6.5333
[stage1] epoch 100/100 step 11 | loss 23.3062 | w [15.0, 8.0, 1.0] | train det 0.3888 seg 0.0587 cnt 17.0046
[stage1] epoch 100/100 step 12 | loss 4.2420 | w [15.0, 8.0, 1.0] | train det 0.0908 seg 0.0800 cnt 2.2396
[stage1] epoch 100/100 step 13 | loss 7.6577 | w [15.0, 8.0, 1.0] | train det 0.0465 seg 0.1382 cnt 5.8547
[stage1] epoch 100/100 step 14 | loss 3.2351 | w [15.0, 8.0, 1.0] | train det 0.0340 seg 0.1239 cnt 1.7343
[stage1] epoch 100/100 step 15 | loss 5.1788 | w [15.0, 8.0, 1.0] | train det 0.2071 seg 0.0978 cnt 1.2895
[stage1] epoch 100/100 step 16 | loss 9.9827 | w [15.0, 8.0, 1.0] | train det 0.4726 seg 0.0635 cnt 2.3866
[stage1] epoch 100/100 step 17 | loss 5.4170 | w [15.0, 8.0, 1.0] | train det 0.1108 seg 0.1046 cnt 2.9187
[stage1] epoch 100/100 step 18 | loss 4.7574 | w [15.0, 8.0, 1.0] | train det 0.0524 seg 0.1104 cnt 3.0888
[stage1] epoch 100/100 step 19 | loss 4.3022 | w [15.0, 8.0, 1.0] | train det 0.0390 seg 0.0545 cnt 3.2807
[stage1] epoch 100/100 step 20 | loss 7.5866 | w [15.0, 8.0, 1.0] | train det 0.1711 seg 0.0317 cnt 4.7670
[stage1] epoch 100/100 step 21 | loss 5.1771 | w [15.0, 8.0, 1.0] | train det 0.0555 seg 0.1568 cnt 3.0906
[stage1] epoch 100/100 step 22 | loss 6.8746 | w [15.0, 8.0, 1.0] | train det 0.1790 seg 0.0675 cnt 3.6491
[stage1] epoch 100/100 step 23 | loss 7.8406 | w [15.0, 8.0, 1.0] | train det 0.0973 seg 0.1051 cnt 5.5408
[stage1] epoch 100/100 step 24 | loss 6.6923 | w [15.0, 8.0, 1.0] | train det 0.1649 seg 0.0821 cnt 3.5620
[stage1] epoch 100/100 step 25 | loss 4.6773 | w [15.0, 8.0, 1.0] | train det 0.0918 seg 0.0924 cnt 2.5614
[stage1] epoch 100/100 step 26 | loss 4.1017 | w [15.0, 8.0, 1.0] | train det 0.0158 seg 0.0529 cnt 3.4419
[stage1] epoch 100/100 step 27 | loss 5.9526 | w [15.0, 8.0, 1.0] | train det 0.2019 seg 0.0549 cnt 2.4855
[stage1] epoch 100/100 step 28 | loss 4.3671 | w [15.0, 8.0, 1.0] | train det 0.0844 seg 0.0667 cnt 2.5676
[stage1] epoch 100/100 step 29 | loss 5.0626 | w [15.0, 8.0, 1.0] | train det 0.1917 seg 0.0628 cnt 1.6851
[stage1] epoch 100/100 step 30 | loss 5.3671 | w [15.0, 8.0, 1.0] | train det 0.0745 seg 0.0838 cnt 3.5790
[stage1] epoch 100/100 step 31 | loss 4.8470 | w [15.0, 8.0, 1.0] | train det 0.1397 seg 0.0584 cnt 2.2833
[stage1] epoch 100/100 step 32 | loss 10.1074 | w [15.0, 8.0, 1.0] | train det 0.1717 seg 0.1816 cnt 6.0793
[stage1] epoch 100/100 step 33 | loss 3.6526 | w [15.0, 8.0, 1.0] | train det 0.0248 seg 0.1246 cnt 2.2843
[stage1] epoch 100/100 step 34 | loss 13.2194 | w [15.0, 8.0, 1.0] | train det 0.1658 seg 0.0437 cnt 10.3818
[stage1] epoch 100/100 step 35 | loss 13.9560 | w [15.0, 8.0, 1.0] | train det 0.0416 seg 0.0984 cnt 12.5457
[stage1] epoch 100/100 step 36 | loss 6.0156 | w [15.0, 8.0, 1.0] | train det 0.2292 seg 0.0685 cnt 2.0306
[stage1] epoch 100/100 step 37 | loss 4.8360 | w [15.0, 8.0, 1.0] | train det 0.0348 seg 0.0464 cnt 3.9435
[stage1] epoch 100/100 step 38 | loss 3.7549 | w [15.0, 8.0, 1.0] | train det 0.0620 seg 0.0902 cnt 2.1037
[stage1] epoch 100/100 step 39 | loss 8.0424 | w [15.0, 8.0, 1.0] | train det 0.3583 seg 0.1008 cnt 1.8621
[stage1] epoch 100/100 step 40 | loss 4.5479 | w [15.0, 8.0, 1.0] | train det 0.0910 seg 0.0807 cnt 2.5377
[stage1] epoch 100/100 step 41 | loss 11.2017 | w [15.0, 8.0, 1.0] | train det 0.4887 seg 0.1516 cnt 2.6587
[stage1] epoch 100/100 step 42 | loss 10.5153 | w [15.0, 8.0, 1.0] | train det 0.3536 seg 0.1557 cnt 3.9665
[stage1] epoch 100/100 step 43 | loss 5.5661 | w [15.0, 8.0, 1.0] | train det 0.1208 seg 0.0788 cnt 3.1242
[stage1] epoch 100/100 | train 6.9645 | det 0.1637 seg 0.0915 cnt 3.7772
[stage1] epoch 100 | val det 0.6131 seg 1.0030 miou 0.6124 cnt 4.3351 dens 9.125044e-01 mae 3.4226 total_mae 18.8609 | ap50 0.5113 | combo 1.415894
[ckpt] new best cached (stage1 epoch 100, combo 1.415894)
[ckpt] saved stage1 best -> runs/ours_10per/stage1_best.pt (combo 1.415894)
/data/xiangyuyue/ULLM-zf/fsl-20260209/ours_clip/115_grpo_mainonly/utils.py:95: FutureWarning: You are using `torch.load` with `weights_only=False` (the current default value), which uses the default pickle module implicitly. It is possible to construct malicious pickle data which will execute arbitrary code during unpickling (See https://github.com/pytorch/pytorch/blob/main/SECURITY.md#untrusted-models for more details). In a future release, the default value for `weights_only` will be flipped to `True`. This limits the functions that could be executed during unpickling. Arbitrary objects will no longer be allowed to be loaded via this mode unless they are explicitly allowlisted by the user via `torch.serialization.add_safe_globals`. We recommend you start setting `weights_only=True` for any use case where you don't have full control of the loaded file. Please open an issue on GitHub for any issues related to this experimental feature.
  ckpt = torch.load(p, map_location=map_location)
[ckpt] load complete: runs/ours_10per/stage1_best.pt
[ckpt]   shared: complete=1 missing=0 unexpected=0
[ckpt]   detector: complete=1 missing=0 unexpected=0
[ckpt]   seg_head: complete=1 missing=0 unexpected=0
[ckpt]   cnt_head: complete=1 missing=0 unexpected=0
[stage2_init] epoch 0 | val det 0.6130 seg 1.0030 miou 0.6124 cnt 4.3351 dens 9.125044e-01 mae 3.4226 total_mae 18.8609 | ap50 0.5113 | combo 1.415894
[ckpt] cached loaded checkpoint as initial stage2 best (epoch 0, combo 1.415894)
[stage2] epoch 1/50 step 1 | loss 8.6695 | train det 0.0812 seg 0.1532 cnt 6.2266 | shared_pairs det_seg 148/288 det_cnt 89/288 seg_cnt 51/288 | scores det_seg 0.5136 det_cnt -0.0128 seg_cnt -0.0784
[stage2] epoch 1/50 step 2 | loss 11.7399 | train det 0.1641 seg 0.0458 cnt 8.9120 | shared_pairs det_seg 162/288 det_cnt 72/288 seg_cnt 54/288 | scores det_seg -0.8705 det_cnt -0.8376 seg_cnt 1.6074
[stage2] epoch 1/50 step 3 | loss 10.3542 | train det 0.1347 seg 0.2346 cnt 6.4580 | shared_pairs det_seg 162/288 det_cnt 79/288 seg_cnt 47/288 | scores det_seg 1.2658 det_cnt 1.1335 seg_cnt -0.5818
[stage2] epoch 1/50 step 4 | loss 3.6181 | train det 0.1181 seg 0.0767 cnt 1.2326 | shared_pairs det_seg 158/288 det_cnt 82/288 seg_cnt 48/288 | scores det_seg -0.8405 det_cnt -0.9157 seg_cnt -0.0221
[stage2] epoch 1/50 step 5 | loss 3.4701 | train det 0.0588 seg 0.1132 cnt 1.6829 | shared_pairs det_seg 169/288 det_cnt 73/288 seg_cnt 46/288 | scores det_seg 1.3897 det_cnt -0.3955 seg_cnt 1.1460
[stage2] epoch 1/50 step 6 | loss 5.9449 | train det 0.1418 seg 0.1647 cnt 2.4994 | shared_pairs det_seg 170/288 det_cnt 71/288 seg_cnt 47/288 | scores det_seg 1.0388 det_cnt -2.9425 seg_cnt 0.4833
[stage2] epoch 1/50 step 7 | loss 4.3070 | train det 0.0678 seg 0.1005 cnt 2.4851 | shared_pairs det_seg 158/288 det_cnt 84/288 seg_cnt 46/288 | scores det_seg -0.9688 det_cnt -0.7350 seg_cnt 1.3586
[stage2] epoch 1/50 step 8 | loss 6.6485 | train det 0.1245 seg 0.0850 cnt 4.1015 | shared_pairs det_seg 163/288 det_cnt 78/288 seg_cnt 47/288 | scores det_seg -0.4474 det_cnt -0.0916 seg_cnt 0.4713
[stage2] epoch 1/50 step 9 | loss 4.2970 | train det 0.0665 seg 0.1733 cnt 1.9130 | shared_pairs det_seg 157/288 det_cnt 80/288 seg_cnt 51/288 | scores det_seg 1.0712 det_cnt -0.3421 seg_cnt 0.2136
[stage2] epoch 1/50 step 10 | loss 5.7696 | train det 0.0613 seg 0.0958 cnt 4.0834 | shared_pairs det_seg 157/288 det_cnt 81/288 seg_cnt 50/288 | scores det_seg 1.7354 det_cnt 1.3732 seg_cnt 1.1821
[stage2] epoch 1/50 step 11 | loss 6.0141 | train det 0.1911 seg 0.1255 cnt 2.1438 | shared_pairs det_seg 162/288 det_cnt 81/288 seg_cnt 45/288 | scores det_seg 1.6550 det_cnt 0.6099 seg_cnt 0.3729
[stage2] epoch 1/50 step 12 | loss 7.4832 | train det 0.1785 seg 0.0698 cnt 4.2475 | shared_pairs det_seg 165/288 det_cnt 84/288 seg_cnt 39/288 | scores det_seg 1.4455 det_cnt -0.4932 seg_cnt -1.6596
[stage2] epoch 1/50 step 13 | loss 5.2284 | train det 0.1076 seg 0.2227 cnt 1.8324 | shared_pairs det_seg 159/288 det_cnt 82/288 seg_cnt 47/288 | scores det_seg 0.9446 det_cnt 0.1200 seg_cnt 0.9215
[stage2] epoch 1/50 step 14 | loss 9.3995 | train det 0.3692 seg 0.1453 cnt 2.6991 | shared_pairs det_seg 138/288 det_cnt 96/288 seg_cnt 54/288 | scores det_seg -0.6729 det_cnt 1.1388 seg_cnt 1.1323
[stage2] epoch 1/50 step 15 | loss 4.0005 | train det 0.0428 seg 0.0944 cnt 2.6030 | shared_pairs det_seg 153/288 det_cnt 84/288 seg_cnt 51/288 | scores det_seg -1.4132 det_cnt 0.8377 seg_cnt 0.4227
[stage2] epoch 1/50 step 16 | loss 3.8957 | train det 0.0489 seg 0.0654 cnt 2.6396 | shared_pairs det_seg 155/288 det_cnt 93/288 seg_cnt 40/288 | scores det_seg -1.0244 det_cnt -1.2632 seg_cnt -0.1525
[stage2] epoch 1/50 step 17 | loss 10.6697 | train det 0.4813 seg 0.0832 cnt 2.7840 | shared_pairs det_seg 163/288 det_cnt 80/288 seg_cnt 45/288 | scores det_seg -0.2272 det_cnt -0.5625 seg_cnt 1.0933
[stage2] epoch 1/50 step 18 | loss 4.0241 | train det 0.0549 seg 0.0763 cnt 2.5903 | shared_pairs det_seg 167/288 det_cnt 84/288 seg_cnt 37/288 | scores det_seg 1.6331 det_cnt -0.7985 seg_cnt -1.7965
[stage2] epoch 1/50 step 19 | loss 14.6980 | train det 0.6934 seg 0.0703 cnt 3.7339 | shared_pairs det_seg 141/288 det_cnt 91/288 seg_cnt 56/288 | scores det_seg -1.0311 det_cnt 0.2187 seg_cnt 1.2885
[stage2] epoch 1/50 step 20 | loss 6.2338 | train det 0.1748 seg 0.1306 cnt 2.5662 | shared_pairs det_seg 170/288 det_cnt 79/288 seg_cnt 39/288 | scores det_seg -0.0679 det_cnt -0.4109 seg_cnt -1.4021
[stage2] epoch 1/50 step 21 | loss 4.9449 | train det 0.0808 seg 0.1314 cnt 2.6810 | shared_pairs det_seg 165/288 det_cnt 89/288 seg_cnt 34/288 | scores det_seg -0.6570 det_cnt 1.2320 seg_cnt -1.6405
[stage2] epoch 1/50 step 22 | loss 4.0525 | train det 0.0241 seg 0.0724 cnt 3.1114 | shared_pairs det_seg 153/288 det_cnt 89/288 seg_cnt 46/288 | scores det_seg -1.2697 det_cnt -0.6624 seg_cnt -0.6328
[stage2] epoch 1/50 step 23 | loss 6.6686 | train det 0.0694 seg 0.0792 cnt 4.9944 | shared_pairs det_seg 158/288 det_cnt 88/288 seg_cnt 42/288 | scores det_seg 1.6134 det_cnt 1.1537 seg_cnt -0.3197
[stage2] epoch 1/50 step 24 | loss 7.2800 | train det 0.0438 seg 0.1036 cnt 5.7933 | shared_pairs det_seg 164/288 det_cnt 87/288 seg_cnt 37/288 | scores det_seg -0.7213 det_cnt 0.5618 seg_cnt -0.0989
[stage2] epoch 1/50 step 25 | loss 8.4255 | train det 0.1278 seg 0.1499 cnt 5.3093 | shared_pairs det_seg 166/288 det_cnt 70/288 seg_cnt 52/288 | scores det_seg -0.4532 det_cnt -0.4017 seg_cnt -0.6909
[stage2] epoch 1/50 step 26 | loss 9.9893 | train det 0.0524 seg 0.0467 cnt 8.8295 | shared_pairs det_seg 145/288 det_cnt 86/288 seg_cnt 57/288 | scores det_seg -0.5544 det_cnt -0.8241 seg_cnt 0.2434
[stage2] epoch 1/50 step 27 | loss 14.1447 | train det 0.3738 seg 0.0540 cnt 8.1056 | shared_pairs det_seg 146/288 det_cnt 97/288 seg_cnt 45/288 | scores det_seg -1.5303 det_cnt -1.2635 seg_cnt -0.1769
[stage2] epoch 1/50 step 28 | loss 2.4842 | train det 0.0377 seg 0.0522 cnt 1.5007 | shared_pairs det_seg 157/288 det_cnt 66/288 seg_cnt 65/288 | scores det_seg 1.1347 det_cnt -1.1047 seg_cnt -0.2803
[stage2] epoch 1/50 step 29 | loss 9.1092 | train det 0.4389 seg 0.0955 cnt 1.7621 | shared_pairs det_seg 163/288 det_cnt 78/288 seg_cnt 47/288 | scores det_seg 0.8703 det_cnt 0.2505 seg_cnt 1.3939
[stage2] epoch 1/50 step 30 | loss 4.1858 | train det 0.0919 seg 0.0955 cnt 2.0434 | shared_pairs det_seg 154/288 det_cnt 77/288 seg_cnt 57/288 | scores det_seg 0.9635 det_cnt 0.1467 seg_cnt -0.1150
[stage2] epoch 1/50 step 31 | loss 3.6803 | train det 0.0818 seg 0.0912 cnt 1.7246 | shared_pairs det_seg 172/288 det_cnt 73/288 seg_cnt 43/288 | scores det_seg -1.2228 det_cnt -5.2234 seg_cnt -1.3674
[stage2] epoch 1/50 step 32 | loss 9.8169 | train det 0.4545 seg 0.0359 cnt 2.7126 | shared_pairs det_seg 155/288 det_cnt 73/288 seg_cnt 60/288 | scores det_seg -1.0360 det_cnt -0.1604 seg_cnt 0.4539
[stage2] epoch 1/50 step 33 | loss 8.9291 | train det 0.4284 seg 0.0914 cnt 1.7713 | shared_pairs det_seg 152/288 det_cnt 84/288 seg_cnt 52/288 | scores det_seg 0.1628 det_cnt -1.8980 seg_cnt 0.3285
[stage2] epoch 1/50 step 34 | loss 8.3222 | train det 0.1424 seg 0.1790 cnt 4.7536 | shared_pairs det_seg 157/288 det_cnt 84/288 seg_cnt 47/288 | scores det_seg -1.8363 det_cnt 0.8888 seg_cnt -1.1211
[stage2] epoch 1/50 step 35 | loss 2.5646 | train det 0.0527 seg 0.0604 cnt 1.2917 | shared_pairs det_seg 154/288 det_cnt 92/288 seg_cnt 42/288 | scores det_seg -0.2622 det_cnt 0.9156 seg_cnt -0.5154
[stage2] epoch 1/50 step 36 | loss 5.2637 | train det 0.0334 seg 0.1376 cnt 3.6610 | shared_pairs det_seg 170/288 det_cnt 79/288 seg_cnt 39/288 | scores det_seg 1.1126 det_cnt 0.1723 seg_cnt -1.0662
[stage2] epoch 1/50 step 37 | loss 4.6462 | train det 0.1319 seg 0.1087 cnt 1.7982 | shared_pairs det_seg 149/288 det_cnt 94/288 seg_cnt 45/288 | scores det_seg -0.2330 det_cnt 0.9458 seg_cnt 0.7013
[stage2] epoch 1/50 step 38 | loss 6.0855 | train det 0.1777 seg 0.1044 cnt 2.5853 | shared_pairs det_seg 165/288 det_cnt 76/288 seg_cnt 47/288 | scores det_seg 1.4456 det_cnt -0.1275 seg_cnt 0.5044
[stage2] epoch 1/50 step 39 | loss 5.1154 | train det 0.1249 seg 0.0890 cnt 2.5301 | shared_pairs det_seg 143/288 det_cnt 99/288 seg_cnt 46/288 | scores det_seg 0.2449 det_cnt 1.4278 seg_cnt -0.5283
[stage2] epoch 1/50 step 40 | loss 4.8204 | train det 0.1300 seg 0.1048 cnt 2.0323 | shared_pairs det_seg 161/288 det_cnt 80/288 seg_cnt 47/288 | scores det_seg 1.8404 det_cnt -0.0975 seg_cnt 0.4070
[stage2] epoch 1/50 step 41 | loss 4.4564 | train det 0.0665 seg 0.1319 cnt 2.4033 | shared_pairs det_seg 153/288 det_cnt 98/288 seg_cnt 37/288 | scores det_seg -0.9312 det_cnt 0.8416 seg_cnt -0.7841
[stage2] epoch 1/50 step 42 | loss 4.9573 | train det 0.1420 seg 0.0911 cnt 2.0981 | shared_pairs det_seg 165/288 det_cnt 83/288 seg_cnt 40/288 | scores det_seg 3.1783 det_cnt 1.1195 seg_cnt -0.3229
[stage2] epoch 1/50 step 43 | loss 5.2659 | train det 0.0632 seg 0.0600 cnt 3.8374 | shared_pairs det_seg 157/288 det_cnt 79/288 seg_cnt 52/288 | scores det_seg 1.8263 det_cnt 0.7137 seg_cnt 1.7898
[stage2] epoch 1/50 | train 6.5506 | det 0.1565 seg 0.1045 cnt 3.3666 | selected_by_matrix_unit det_seg 6801 det_cnt 3564 seg_cnt 2019
[stage2] epoch 1 | val det 0.5876 seg 1.0519 miou 0.6085 cnt 4.0875 dens 8.867678e-01 mae 3.2007 total_mae 15.9325 | ap50 0.5071 | combo 1.428104
[ckpt] new best cached (stage2 epoch 1, combo 1.428104)
[stage2] epoch 2/50 step 1 | loss 3.7731 | train det 0.0311 seg 0.1455 cnt 2.1431 | shared_pairs det_seg 143/288 det_cnt 96/288 seg_cnt 49/288 | scores det_seg -0.7884 det_cnt -0.6089 seg_cnt -0.2999
[stage2] epoch 2/50 step 2 | loss 2.8183 | train det 0.0673 seg 0.0762 cnt 1.1990 | shared_pairs det_seg 155/288 det_cnt 79/288 seg_cnt 54/288 | scores det_seg 0.3902 det_cnt -2.5634 seg_cnt -0.3760
[stage2] epoch 2/50 step 3 | loss 5.1981 | train det 0.0754 seg 0.0763 cnt 3.4568 | shared_pairs det_seg 150/288 det_cnt 98/288 seg_cnt 40/288 | scores det_seg -0.6737 det_cnt 0.8850 seg_cnt -0.6569
[stage2] epoch 2/50 step 4 | loss 6.4721 | train det 0.1950 seg 0.1700 cnt 2.1864 | shared_pairs det_seg 157/288 det_cnt 80/288 seg_cnt 51/288 | scores det_seg 2.7638 det_cnt 1.2522 seg_cnt 0.6750
[stage2] epoch 2/50 step 5 | loss 5.2455 | train det 0.1416 seg 0.0935 cnt 2.3740 | shared_pairs det_seg 151/288 det_cnt 100/288 seg_cnt 37/288 | scores det_seg -0.2094 det_cnt 0.7722 seg_cnt -1.0351
[stage2] epoch 2/50 step 6 | loss 5.3616 | train det 0.1374 seg 0.1400 cnt 2.1808 | shared_pairs det_seg 153/288 det_cnt 83/288 seg_cnt 52/288 | scores det_seg -1.8143 det_cnt -0.8238 seg_cnt 0.1968
[stage2] epoch 2/50 step 7 | loss 3.7983 | train det 0.0734 seg 0.0814 cnt 2.0460 | shared_pairs det_seg 145/288 det_cnt 94/288 seg_cnt 49/288 | scores det_seg -0.6648 det_cnt 1.0083 seg_cnt -0.5643
[stage2] epoch 2/50 step 8 | loss 3.8486 | train det 0.0534 seg 0.0453 cnt 2.6860 | shared_pairs det_seg 153/288 det_cnt 91/288 seg_cnt 44/288 | scores det_seg -1.2273 det_cnt 1.7138 seg_cnt 1.2968
[stage2] epoch 2/50 step 9 | loss 4.7037 | train det 0.0881 seg 0.0644 cnt 2.8672 | shared_pairs det_seg 166/288 det_cnt 85/288 seg_cnt 37/288 | scores det_seg 2.2416 det_cnt 0.2742 seg_cnt -0.7780
[stage2] epoch 2/50 step 10 | loss 5.2625 | train det 0.0345 seg 0.0640 cnt 4.2325 | shared_pairs det_seg 150/288 det_cnt 88/288 seg_cnt 50/288 | scores det_seg 0.3101 det_cnt 0.2952 seg_cnt 0.7777
[stage2] epoch 2/50 step 11 | loss 10.6691 | train det 0.4368 seg 0.1382 cnt 3.0114 | shared_pairs det_seg 163/288 det_cnt 79/288 seg_cnt 46/288 | scores det_seg 0.2821 det_cnt -0.2412 seg_cnt -1.0728
[stage2] epoch 2/50 step 12 | loss 6.8612 | train det 0.1228 seg 0.0733 cnt 4.4335 | shared_pairs det_seg 164/288 det_cnt 87/288 seg_cnt 37/288 | scores det_seg 0.6771 det_cnt -0.4013 seg_cnt -0.8289
[stage2] epoch 2/50 step 13 | loss 3.9588 | train det 0.0419 seg 0.0517 cnt 2.9170 | shared_pairs det_seg 159/288 det_cnt 88/288 seg_cnt 41/288 | scores det_seg -0.3577 det_cnt 1.3186 seg_cnt -1.0832
[stage2] epoch 2/50 step 14 | loss 14.8328 | train det 0.1172 seg 0.0747 cnt 12.4775 | shared_pairs det_seg 165/288 det_cnt 85/288 seg_cnt 38/288 | scores det_seg 0.2610 det_cnt 1.0451 seg_cnt -0.3997
[stage2] epoch 2/50 step 15 | loss 5.3936 | train det 0.0808 seg 0.2738 cnt 1.9905 | shared_pairs det_seg 167/288 det_cnt 80/288 seg_cnt 41/288 | scores det_seg 0.0045 det_cnt -1.0912 seg_cnt -0.8858
[stage2] epoch 2/50 step 16 | loss 7.7798 | train det 0.0703 seg 0.0647 cnt 6.2075 | shared_pairs det_seg 156/288 det_cnt 86/288 seg_cnt 46/288 | scores det_seg -0.5034 det_cnt -0.7739 seg_cnt -0.9640
[stage2] epoch 2/50 step 17 | loss 7.6895 | train det 0.2139 seg 0.1459 cnt 3.3140 | shared_pairs det_seg 173/288 det_cnt 75/288 seg_cnt 40/288 | scores det_seg 1.4490 det_cnt 0.0278 seg_cnt -0.7129
[stage2] epoch 2/50 step 18 | loss 11.0930 | train det 0.4990 seg 0.0867 cnt 2.9136 | shared_pairs det_seg 172/288 det_cnt 74/288 seg_cnt 42/288 | scores det_seg 0.2535 det_cnt -2.4193 seg_cnt -0.2476
[stage2] epoch 2/50 step 19 | loss 7.7396 | train det 0.1449 seg 0.1157 cnt 4.6412 | shared_pairs det_seg 145/288 det_cnt 90/288 seg_cnt 53/288 | scores det_seg -2.2819 det_cnt 0.2995 seg_cnt -0.1096
[stage2] epoch 2/50 step 20 | loss 5.8002 | train det 0.1091 seg 0.1040 cnt 3.3309 | shared_pairs det_seg 160/288 det_cnt 82/288 seg_cnt 46/288 | scores det_seg -0.3948 det_cnt -1.4099 seg_cnt 0.4057
[stage2] epoch 2/50 step 21 | loss 5.4512 | train det 0.1302 seg 0.1417 cnt 2.3647 | shared_pairs det_seg 166/288 det_cnt 75/288 seg_cnt 47/288 | scores det_seg -0.0516 det_cnt -1.7422 seg_cnt -0.6941
[stage2] epoch 2/50 step 22 | loss 4.3859 | train det 0.0703 seg 0.1044 cnt 2.4964 | shared_pairs det_seg 153/288 det_cnt 85/288 seg_cnt 50/288 | scores det_seg -1.2887 det_cnt -0.6908 seg_cnt 0.2694
[stage2] epoch 2/50 step 23 | loss 4.5880 | train det 0.0530 seg 0.0651 cnt 3.2720 | shared_pairs det_seg 171/288 det_cnt 83/288 seg_cnt 34/288 | scores det_seg -1.0978 det_cnt 0.7442 seg_cnt -1.1343
[stage2] epoch 2/50 step 24 | loss 5.9310 | train det 0.1909 seg 0.1010 cnt 2.2606 | shared_pairs det_seg 141/288 det_cnt 93/288 seg_cnt 54/288 | scores det_seg -0.5855 det_cnt 1.1597 seg_cnt 0.0864
[stage2] epoch 2/50 step 25 | loss 9.5437 | train det 0.4593 seg 0.0739 cnt 2.0634 | shared_pairs det_seg 150/288 det_cnt 88/288 seg_cnt 50/288 | scores det_seg -0.3896 det_cnt 1.0580 seg_cnt -0.4919
[stage2] epoch 2/50 step 26 | loss 2.8096 | train det 0.0420 seg 0.1178 cnt 1.2366 | shared_pairs det_seg 135/288 det_cnt 104/288 seg_cnt 49/288 | scores det_seg -0.4063 det_cnt 2.9170 seg_cnt 0.8731
[stage2] epoch 2/50 step 27 | loss 5.6775 | train det 0.0895 seg 0.1435 cnt 3.1878 | shared_pairs det_seg 147/288 det_cnt 92/288 seg_cnt 49/288 | scores det_seg -0.1655 det_cnt 0.8812 seg_cnt 0.6098
[stage2] epoch 2/50 step 28 | loss 4.8329 | train det 0.1166 seg 0.1038 cnt 2.2528 | shared_pairs det_seg 170/288 det_cnt 77/288 seg_cnt 41/288 | scores det_seg -0.0578 det_cnt 1.0263 seg_cnt -0.0605
[stage2] epoch 2/50 step 29 | loss 5.1836 | train det 0.1123 seg 0.1224 cnt 2.5194 | shared_pairs det_seg 151/288 det_cnt 88/288 seg_cnt 49/288 | scores det_seg 0.0601 det_cnt 1.4761 seg_cnt 0.6072
[stage2] epoch 2/50 step 30 | loss 2.3566 | train det 0.0390 seg 0.0690 cnt 1.2204 | shared_pairs det_seg 168/288 det_cnt 72/288 seg_cnt 48/288 | scores det_seg -0.1375 det_cnt -1.9914 seg_cnt 0.3813
[stage2] epoch 2/50 step 31 | loss 12.2224 | train det 0.6716 seg 0.0718 cnt 1.5744 | shared_pairs det_seg 176/288 det_cnt 77/288 seg_cnt 35/288 | scores det_seg 1.0421 det_cnt -0.2559 seg_cnt -2.8619
[stage2] epoch 2/50 step 32 | loss 5.4561 | train det 0.0659 seg 0.1989 cnt 2.8770 | shared_pairs det_seg 154/288 det_cnt 89/288 seg_cnt 45/288 | scores det_seg -0.3228 det_cnt 0.2043 seg_cnt 0.2368
[stage2] epoch 2/50 step 33 | loss 7.1864 | train det 0.2026 seg 0.0873 cnt 3.4485 | shared_pairs det_seg 144/288 det_cnt 99/288 seg_cnt 45/288 | scores det_seg 1.5711 det_cnt 0.7342 seg_cnt -1.4099
[stage2] epoch 2/50 step 34 | loss 5.4890 | train det 0.0450 seg 0.1289 cnt 3.7837 | shared_pairs det_seg 159/288 det_cnt 74/288 seg_cnt 55/288 | scores det_seg -0.5897 det_cnt -1.2197 seg_cnt 1.1408
[stage2] epoch 2/50 step 35 | loss 5.5290 | train det 0.1729 seg 0.0546 cnt 2.4981 | shared_pairs det_seg 162/288 det_cnt 76/288 seg_cnt 50/288 | scores det_seg -0.2507 det_cnt -1.9390 seg_cnt 0.2767
[stage2] epoch 2/50 step 36 | loss 5.6515 | train det 0.0458 seg 0.0534 cnt 4.5371 | shared_pairs det_seg 170/288 det_cnt 74/288 seg_cnt 44/288 | scores det_seg 0.6650 det_cnt -0.7490 seg_cnt 0.6760
[stage2] epoch 2/50 step 37 | loss 4.7029 | train det 0.0277 seg 0.1614 cnt 2.9962 | shared_pairs det_seg 166/288 det_cnt 74/288 seg_cnt 48/288 | scores det_seg 0.3485 det_cnt -0.2810 seg_cnt 0.5937
[stage2] epoch 2/50 step 38 | loss 11.8632 | train det 0.0514 seg 0.3300 cnt 8.4518 | shared_pairs det_seg 149/288 det_cnt 81/288 seg_cnt 58/288 | scores det_seg 0.4221 det_cnt 0.2254 seg_cnt 1.6999
[stage2] epoch 2/50 step 39 | loss 3.4743 | train det 0.0565 seg 0.0917 cnt 1.8934 | shared_pairs det_seg 151/288 det_cnt 86/288 seg_cnt 51/288 | scores det_seg 0.1600 det_cnt -1.4367 seg_cnt -0.2570
[stage2] epoch 2/50 step 40 | loss 7.7865 | train det 0.1712 seg 0.0622 cnt 4.7212 | shared_pairs det_seg 176/288 det_cnt 69/288 seg_cnt 43/288 | scores det_seg 0.8586 det_cnt 0.0452 seg_cnt -0.2436
[stage2] epoch 2/50 step 41 | loss 7.0441 | train det 0.1464 seg 0.1766 cnt 3.4354 | shared_pairs det_seg 162/288 det_cnt 91/288 seg_cnt 35/288 | scores det_seg -0.2834 det_cnt 2.2150 seg_cnt -0.1747
[stage2] epoch 2/50 step 42 | loss 6.4464 | train det 0.1472 seg 0.1487 cnt 3.0479 | shared_pairs det_seg 150/288 det_cnt 89/288 seg_cnt 49/288 | scores det_seg -0.2883 det_cnt -0.3744 seg_cnt 0.1245
[stage2] epoch 2/50 step 43 | loss 8.3052 | train det 0.0888 seg 0.1690 cnt 5.6208 | shared_pairs det_seg 167/288 det_cnt 71/288 seg_cnt 50/288 | scores det_seg -0.9997 det_cnt -0.9755 seg_cnt -0.0410
[stage2] epoch 2/50 | train 6.2841 | det 0.1379 seg 0.1131 cnt 3.3109 | selected_by_matrix_unit det_seg 6785 det_cnt 3627 seg_cnt 1972
[stage2] epoch 2 | val det 0.6246 seg 1.0248 miou 0.6117 cnt 3.9120 dens 8.811533e-01 mae 3.0308 total_mae 13.4059 | ap50 0.5054 | combo 1.447071
[ckpt] new best cached (stage2 epoch 2, combo 1.447071)
[stage2] epoch 3/50 step 1 | loss 4.1385 | train det 0.0329 seg 0.0842 cnt 2.9709 | shared_pairs det_seg 139/288 det_cnt 103/288 seg_cnt 46/288 | scores det_seg -1.1477 det_cnt 1.3044 seg_cnt 0.7837
[stage2] epoch 3/50 step 2 | loss 6.1548 | train det 0.1087 seg 0.0586 cnt 4.0560 | shared_pairs det_seg 150/288 det_cnt 81/288 seg_cnt 57/288 | scores det_seg -0.8667 det_cnt -0.2775 seg_cnt 1.2377
[stage2] epoch 3/50 step 3 | loss 7.0532 | train det 0.0693 seg 0.1002 cnt 5.2127 | shared_pairs det_seg 157/288 det_cnt 78/288 seg_cnt 53/288 | scores det_seg -0.2991 det_cnt -0.8988 seg_cnt 0.6793
[stage2] epoch 3/50 step 4 | loss 4.1955 | train det 0.0490 seg 0.0378 cnt 3.1584 | shared_pairs det_seg 150/288 det_cnt 87/288 seg_cnt 51/288 | scores det_seg 0.0885 det_cnt 0.3390 seg_cnt 1.4686
[stage2] epoch 3/50 step 5 | loss 11.1657 | train det 0.5230 seg 0.0845 cnt 2.6448 | shared_pairs det_seg 161/288 det_cnt 84/288 seg_cnt 43/288 | scores det_seg 0.9513 det_cnt -0.6571 seg_cnt -0.0125
[stage2] epoch 3/50 step 6 | loss 11.3596 | train det 0.3638 seg 0.2237 cnt 4.1136 | shared_pairs det_seg 160/288 det_cnt 78/288 seg_cnt 50/288 | scores det_seg -0.2868 det_cnt -1.2663 seg_cnt 0.6313
[stage2] epoch 3/50 step 7 | loss 8.8896 | train det 0.1658 seg 0.1413 cnt 5.2719 | shared_pairs det_seg 164/288 det_cnt 81/288 seg_cnt 43/288 | scores det_seg 1.8532 det_cnt -0.0381 seg_cnt 0.1637
[stage2] epoch 3/50 step 8 | loss 4.3458 | train det 0.0838 seg 0.1368 cnt 1.9945 | shared_pairs det_seg 164/288 det_cnt 86/288 seg_cnt 38/288 | scores det_seg -0.2431 det_cnt -0.3031 seg_cnt -0.7565
[stage2] epoch 3/50 step 9 | loss 7.9607 | train det 0.1085 seg 0.0601 cnt 5.8526 | shared_pairs det_seg 159/288 det_cnt 83/288 seg_cnt 46/288 | scores det_seg -0.2539 det_cnt -0.8624 seg_cnt 0.4846
[stage2] epoch 3/50 step 10 | loss 4.1983 | train det 0.1557 seg 0.0770 cnt 1.2474 | shared_pairs det_seg 151/288 det_cnt 84/288 seg_cnt 53/288 | scores det_seg 0.4498 det_cnt -0.8203 seg_cnt -0.0214
[stage2] epoch 3/50 step 11 | loss 5.1288 | train det 0.1328 seg 0.0962 cnt 2.3678 | shared_pairs det_seg 164/288 det_cnt 83/288 seg_cnt 41/288 | scores det_seg -1.2289 det_cnt 0.8396 seg_cnt -0.6294
[stage2] epoch 3/50 step 12 | loss 4.3845 | train det 0.0718 seg 0.2637 cnt 1.1983 | shared_pairs det_seg 162/288 det_cnt 82/288 seg_cnt 44/288 | scores det_seg 0.8907 det_cnt 0.1208 seg_cnt 1.5900
[stage2] epoch 3/50 step 13 | loss 3.2799 | train det 0.0398 seg 0.1423 cnt 1.5441 | shared_pairs det_seg 156/288 det_cnt 75/288 seg_cnt 57/288 | scores det_seg 0.0743 det_cnt -0.7778 seg_cnt 2.4120
[stage2] epoch 3/50 step 14 | loss 5.5672 | train det 0.0710 seg 0.1114 cnt 3.6114 | shared_pairs det_seg 159/288 det_cnt 95/288 seg_cnt 34/288 | scores det_seg -0.4931 det_cnt -0.8382 seg_cnt -1.8581
[stage2] epoch 3/50 step 15 | loss 2.2767 | train det 0.0255 seg 0.0989 cnt 1.1021 | shared_pairs det_seg 166/288 det_cnt 87/288 seg_cnt 35/288 | scores det_seg -0.4106 det_cnt 1.4218 seg_cnt -0.6597
[stage2] epoch 3/50 step 16 | loss 3.1167 | train det 0.0765 seg 0.1138 cnt 1.0591 | shared_pairs det_seg 167/288 det_cnt 87/288 seg_cnt 34/288 | scores det_seg 0.8533 det_cnt 1.3642 seg_cnt -1.6535
[stage2] epoch 3/50 step 17 | loss 6.5743 | train det 0.2532 seg 0.0718 cnt 2.2010 | shared_pairs det_seg 155/288 det_cnt 86/288 seg_cnt 47/288 | scores det_seg 0.3374 det_cnt 0.2573 seg_cnt 0.6320
[stage2] epoch 3/50 step 18 | loss 2.6316 | train det 0.0681 seg 0.0392 cnt 1.2965 | shared_pairs det_seg 155/288 det_cnt 88/288 seg_cnt 45/288 | scores det_seg 0.8980 det_cnt -1.4724 seg_cnt 0.1629
[stage2] epoch 3/50 step 19 | loss 5.0844 | train det 0.1323 seg 0.1099 cnt 2.2206 | shared_pairs det_seg 146/288 det_cnt 89/288 seg_cnt 53/288 | scores det_seg -0.2469 det_cnt 0.1043 seg_cnt 0.4688
[stage2] epoch 3/50 step 20 | loss 9.1528 | train det 0.3694 seg 0.1181 cnt 2.6673 | shared_pairs det_seg 146/288 det_cnt 99/288 seg_cnt 43/288 | scores det_seg -0.7854 det_cnt 0.7977 seg_cnt -0.3737
[stage2] epoch 3/50 step 21 | loss 3.2553 | train det 0.0903 seg 0.0705 cnt 1.3361 | shared_pairs det_seg 162/288 det_cnt 81/288 seg_cnt 45/288 | scores det_seg -0.7462 det_cnt 1.1159 seg_cnt 0.3292
[stage2] epoch 3/50 step 22 | loss 7.0191 | train det 0.1471 seg 0.0392 cnt 4.4992 | shared_pairs det_seg 157/288 det_cnt 89/288 seg_cnt 42/288 | scores det_seg 0.5506 det_cnt -0.4197 seg_cnt -0.3773
[stage2] epoch 3/50 step 23 | loss 3.3483 | train det 0.0361 seg 0.0893 cnt 2.0919 | shared_pairs det_seg 158/288 det_cnt 87/288 seg_cnt 43/288 | scores det_seg -1.2394 det_cnt -0.8132 seg_cnt -1.3408
[stage2] epoch 3/50 step 24 | loss 8.8026 | train det 0.0845 seg 0.0683 cnt 6.9887 | shared_pairs det_seg 180/288 det_cnt 65/288 seg_cnt 43/288 | scores det_seg 1.4326 det_cnt 0.3533 seg_cnt -0.6742
[stage2] epoch 3/50 step 25 | loss 5.8790 | train det 0.0615 seg 0.1400 cnt 3.8363 | shared_pairs det_seg 165/288 det_cnt 71/288 seg_cnt 52/288 | scores det_seg 1.2674 det_cnt 1.3279 seg_cnt -0.2836
[stage2] epoch 3/50 step 26 | loss 5.9642 | train det 0.0773 seg 0.1108 cnt 3.9184 | shared_pairs det_seg 158/288 det_cnt 84/288 seg_cnt 46/288 | scores det_seg -1.0969 det_cnt -1.2820 seg_cnt 0.2095
[stage2] epoch 3/50 step 27 | loss 7.5249 | train det 0.0955 seg 0.1156 cnt 5.1674 | shared_pairs det_seg 160/288 det_cnt 77/288 seg_cnt 51/288 | scores det_seg 0.9238 det_cnt -0.0181 seg_cnt -0.2229
[stage2] epoch 3/50 step 28 | loss 6.2196 | train det 0.1642 seg 0.1187 cnt 2.8070 | shared_pairs det_seg 147/288 det_cnt 96/288 seg_cnt 45/288 | scores det_seg -0.0564 det_cnt 3.1312 seg_cnt -0.6254
[stage2] epoch 3/50 step 29 | loss 5.9917 | train det 0.2026 seg 0.0712 cnt 2.3825 | shared_pairs det_seg 154/288 det_cnt 92/288 seg_cnt 42/288 | scores det_seg -1.0549 det_cnt 0.5190 seg_cnt -0.2169
[stage2] epoch 3/50 step 30 | loss 5.6223 | train det 0.1123 seg 0.1085 cnt 3.0697 | shared_pairs det_seg 155/288 det_cnt 91/288 seg_cnt 42/288 | scores det_seg -0.8722 det_cnt -1.3082 seg_cnt -0.1558
[stage2] epoch 3/50 step 31 | loss 7.7088 | train det 0.1518 seg 0.0696 cnt 4.8751 | shared_pairs det_seg 183/288 det_cnt 67/288 seg_cnt 38/288 | scores det_seg 1.4438 det_cnt -1.6435 seg_cnt 0.2953
[stage2] epoch 3/50 step 32 | loss 3.4526 | train det 0.0745 seg 0.0648 cnt 1.8170 | shared_pairs det_seg 145/288 det_cnt 97/288 seg_cnt 46/288 | scores det_seg -1.5745 det_cnt 1.2066 seg_cnt 0.6531
[stage2] epoch 3/50 step 33 | loss 6.2498 | train det 0.0561 seg 0.1129 cnt 4.5042 | shared_pairs det_seg 154/288 det_cnt 100/288 seg_cnt 34/288 | scores det_seg 0.6905 det_cnt 1.2088 seg_cnt -1.4355
[stage2] epoch 3/50 step 34 | loss 2.4954 | train det 0.0373 seg 0.0993 cnt 1.1418 | shared_pairs det_seg 151/288 det_cnt 82/288 seg_cnt 55/288 | scores det_seg -1.4544 det_cnt 0.7018 seg_cnt 0.0715
[stage2] epoch 3/50 step 35 | loss 7.4815 | train det 0.2717 seg 0.1302 cnt 2.3642 | shared_pairs det_seg 163/288 det_cnt 82/288 seg_cnt 43/288 | scores det_seg -1.9262 det_cnt -1.6079 seg_cnt -0.3642
[stage2] epoch 3/50 step 36 | loss 4.1827 | train det 0.1566 seg 0.0563 cnt 1.3827 | shared_pairs det_seg 168/288 det_cnt 75/288 seg_cnt 45/288 | scores det_seg -0.0579 det_cnt 0.4570 seg_cnt 0.1197
[stage2] epoch 3/50 step 37 | loss 2.3043 | train det 0.0277 seg 0.0381 cnt 1.5838 | shared_pairs det_seg 169/288 det_cnt 77/288 seg_cnt 42/288 | scores det_seg -0.0741 det_cnt -1.5265 seg_cnt -0.7738
[stage2] epoch 3/50 step 38 | loss 6.0839 | train det 0.1362 seg 0.0648 cnt 3.5233 | shared_pairs det_seg 166/288 det_cnt 78/288 seg_cnt 44/288 | scores det_seg 1.7291 det_cnt 0.4673 seg_cnt 0.1513
[stage2] epoch 3/50 step 39 | loss 2.7037 | train det 0.0477 seg 0.1370 cnt 0.8925 | shared_pairs det_seg 154/288 det_cnt 92/288 seg_cnt 42/288 | scores det_seg -2.2461 det_cnt 1.7154 seg_cnt -0.8236
[stage2] epoch 3/50 step 40 | loss 3.0632 | train det 0.0432 seg 0.0885 cnt 1.7067 | shared_pairs det_seg 150/288 det_cnt 87/288 seg_cnt 51/288 | scores det_seg -1.6678 det_cnt -0.0231 seg_cnt 0.7142
[stage2] epoch 3/50 step 41 | loss 10.1321 | train det 0.5007 seg 0.0641 cnt 2.1087 | shared_pairs det_seg 159/288 det_cnt 91/288 seg_cnt 38/288 | scores det_seg -0.9539 det_cnt 0.1699 seg_cnt 0.5884
[stage2] epoch 3/50 step 42 | loss 8.5617 | train det 0.4484 seg 0.0754 cnt 1.2328 | shared_pairs det_seg 162/288 det_cnt 76/288 seg_cnt 50/288 | scores det_seg 1.1419 det_cnt -0.1219 seg_cnt 1.0664
[stage2] epoch 3/50 step 43 | loss 5.1023 | train det 0.0907 seg 0.0982 cnt 2.9552 | shared_pairs det_seg 170/288 det_cnt 76/288 seg_cnt 42/288 | scores det_seg 0.4607 det_cnt -0.5853 seg_cnt 0.2001
[stage2] epoch 3/50 | train 5.7165 | det 0.1399 seg 0.0977 cnt 2.8367 | selected_by_matrix_unit det_seg 6821 det_cnt 3629 seg_cnt 1934
[stage2] epoch 3 | val det 0.6306 seg 1.0342 miou 0.6131 cnt 4.0502 dens 8.871848e-01 mae 3.1630 total_mae 13.4038 | ap50 0.5069 | combo 1.436142
[stage2] epoch 4/50 step 1 | loss 4.5404 | train det 0.1375 seg 0.1351 cnt 1.3971 | shared_pairs det_seg 166/288 det_cnt 81/288 seg_cnt 41/288 | scores det_seg 1.6846 det_cnt 0.6000 seg_cnt 1.5745
[stage2] epoch 4/50 step 2 | loss 3.8388 | train det 0.0624 seg 0.1136 cnt 1.9936 | shared_pairs det_seg 155/288 det_cnt 82/288 seg_cnt 51/288 | scores det_seg 0.4193 det_cnt -1.5682 seg_cnt -1.1781
[stage2] epoch 4/50 step 3 | loss 4.9856 | train det 0.1274 seg 0.0874 cnt 2.3761 | shared_pairs det_seg 158/288 det_cnt 85/288 seg_cnt 45/288 | scores det_seg -1.2376 det_cnt -1.4969 seg_cnt -0.8138
[stage2] epoch 4/50 step 4 | loss 4.2894 | train det 0.0469 seg 0.0606 cnt 3.1013 | shared_pairs det_seg 168/288 det_cnt 70/288 seg_cnt 50/288 | scores det_seg -0.5312 det_cnt -0.2676 seg_cnt -0.4311
[stage2] epoch 4/50 step 5 | loss 5.5464 | train det 0.1431 seg 0.1054 cnt 2.5563 | shared_pairs det_seg 167/288 det_cnt 76/288 seg_cnt 45/288 | scores det_seg 0.4840 det_cnt -1.4483 seg_cnt 0.5555
[stage2] epoch 4/50 step 6 | loss 4.0522 | train det 0.1020 seg 0.0873 cnt 1.8243 | shared_pairs det_seg 156/288 det_cnt 80/288 seg_cnt 52/288 | scores det_seg 0.3786 det_cnt 0.9234 seg_cnt -0.7169
[stage2] epoch 4/50 step 7 | loss 5.2229 | train det 0.1456 seg 0.0378 cnt 2.7364 | shared_pairs det_seg 149/288 det_cnt 86/288 seg_cnt 53/288 | scores det_seg -1.0316 det_cnt 0.1010 seg_cnt 0.4544
[stage2] epoch 4/50 step 8 | loss 2.3649 | train det 0.0529 seg 0.0746 cnt 0.9742 | shared_pairs det_seg 164/288 det_cnt 77/288 seg_cnt 47/288 | scores det_seg 1.1775 det_cnt -0.6945 seg_cnt 0.9984
[stage2] epoch 4/50 step 9 | loss 6.5070 | train det 0.1850 seg 0.0906 cnt 3.0067 | shared_pairs det_seg 150/288 det_cnt 87/288 seg_cnt 51/288 | scores det_seg -1.5291 det_cnt -2.0598 seg_cnt -0.1628
[stage2] epoch 4/50 step 10 | loss 3.6171 | train det 0.0911 seg 0.0584 cnt 1.7831 | shared_pairs det_seg 181/288 det_cnt 64/288 seg_cnt 43/288 | scores det_seg 0.7832 det_cnt -2.8093 seg_cnt 0.0228
[stage2] epoch 4/50 step 11 | loss 3.5870 | train det 0.0357 seg 0.1129 cnt 2.1490 | shared_pairs det_seg 153/288 det_cnt 88/288 seg_cnt 47/288 | scores det_seg -0.3795 det_cnt 1.5663 seg_cnt -0.6431
[stage2] epoch 4/50 step 12 | loss 11.3027 | train det 0.4727 seg 0.1010 cnt 3.4043 | shared_pairs det_seg 153/288 det_cnt 95/288 seg_cnt 40/288 | scores det_seg -1.1289 det_cnt 1.8169 seg_cnt -0.3707
[stage2] epoch 4/50 step 13 | loss 8.5162 | train det 0.0385 seg 0.0654 cnt 7.4165 | shared_pairs det_seg 179/288 det_cnt 66/288 seg_cnt 43/288 | scores det_seg 1.4588 det_cnt -0.8801 seg_cnt -0.4278
[stage2] epoch 4/50 step 14 | loss 10.2301 | train det 0.0664 seg 0.0998 cnt 8.4359 | shared_pairs det_seg 151/288 det_cnt 91/288 seg_cnt 46/288 | scores det_seg -0.7252 det_cnt -0.2827 seg_cnt -0.4865
[stage2] epoch 4/50 step 15 | loss 4.0411 | train det 0.0368 seg 0.0545 cnt 3.0530 | shared_pairs det_seg 155/288 det_cnt 90/288 seg_cnt 43/288 | scores det_seg 0.2613 det_cnt 0.1229 seg_cnt -0.2881
[stage2] epoch 4/50 step 16 | loss 6.7727 | train det 0.0839 seg 0.0763 cnt 4.9033 | shared_pairs det_seg 158/288 det_cnt 79/288 seg_cnt 51/288 | scores det_seg 0.9103 det_cnt -0.2296 seg_cnt 0.8755
[stage2] epoch 4/50 step 17 | loss 9.2151 | train det 0.1936 seg 0.0838 cnt 5.6410 | shared_pairs det_seg 167/288 det_cnt 79/288 seg_cnt 42/288 | scores det_seg 0.5004 det_cnt 0.4360 seg_cnt 0.5359
[stage2] epoch 4/50 step 18 | loss 4.7696 | train det 0.0606 seg 0.1706 cnt 2.4958 | shared_pairs det_seg 153/288 det_cnt 81/288 seg_cnt 54/288 | scores det_seg -0.6228 det_cnt -0.0691 seg_cnt 0.2337
[stage2] epoch 4/50 step 19 | loss 7.1907 | train det 0.1144 seg 0.1675 cnt 4.1344 | shared_pairs det_seg 157/288 det_cnt 84/288 seg_cnt 47/288 | scores det_seg 0.8835 det_cnt 1.1435 seg_cnt -0.1034
[stage2] epoch 4/50 step 20 | loss 7.6496 | train det 0.1780 seg 0.0663 cnt 4.4488 | shared_pairs det_seg 148/288 det_cnt 102/288 seg_cnt 38/288 | scores det_seg -1.6185 det_cnt 1.3394 seg_cnt 0.6344
[stage2] epoch 4/50 step 21 | loss 12.3685 | train det 0.3635 seg 0.0850 cnt 6.2366 | shared_pairs det_seg 152/288 det_cnt 91/288 seg_cnt 45/288 | scores det_seg -0.6158 det_cnt -0.2456 seg_cnt 0.4630
[stage2] epoch 4/50 step 22 | loss 6.4862 | train det 0.2130 seg 0.0663 cnt 2.7610 | shared_pairs det_seg 161/288 det_cnt 80/288 seg_cnt 47/288 | scores det_seg -0.5243 det_cnt -0.6124 seg_cnt -0.1737
[stage2] epoch 4/50 step 23 | loss 3.1062 | train det 0.0695 seg 0.1341 cnt 0.9905 | shared_pairs det_seg 166/288 det_cnt 78/288 seg_cnt 44/288 | scores det_seg -0.1627 det_cnt -1.7058 seg_cnt -0.7299
[stage2] epoch 4/50 step 24 | loss 6.3791 | train det 0.1552 seg 0.0528 cnt 3.6286 | shared_pairs det_seg 158/288 det_cnt 77/288 seg_cnt 53/288 | scores det_seg 0.2435 det_cnt 2.5205 seg_cnt 0.6776
[stage2] epoch 4/50 step 25 | loss 2.4558 | train det 0.0566 seg 0.0409 cnt 1.2794 | shared_pairs det_seg 167/288 det_cnt 72/288 seg_cnt 49/288 | scores det_seg -0.8118 det_cnt -0.4472 seg_cnt -0.1295
[stage2] epoch 4/50 step 26 | loss 5.8794 | train det 0.1809 seg 0.2010 cnt 1.5584 | shared_pairs det_seg 149/288 det_cnt 89/288 seg_cnt 50/288 | scores det_seg -2.3865 det_cnt -0.2198 seg_cnt 0.2355
[stage2] epoch 4/50 step 27 | loss 3.6933 | train det 0.0274 seg 0.1350 cnt 2.2027 | shared_pairs det_seg 163/288 det_cnt 72/288 seg_cnt 53/288 | scores det_seg -0.4483 det_cnt -0.4747 seg_cnt 0.4225
[stage2] epoch 4/50 step 28 | loss 8.0991 | train det 0.2355 seg 0.1427 cnt 3.4249 | shared_pairs det_seg 169/288 det_cnt 78/288 seg_cnt 41/288 | scores det_seg -0.0147 det_cnt 1.1329 seg_cnt -0.3828
[stage2] epoch 4/50 step 29 | loss 4.3483 | train det 0.0916 seg 0.0699 cnt 2.4152 | shared_pairs det_seg 176/288 det_cnt 70/288 seg_cnt 42/288 | scores det_seg -0.5292 det_cnt -0.9684 seg_cnt -0.8738
[stage2] epoch 4/50 step 30 | loss 4.3613 | train det 0.0890 seg 0.1335 cnt 1.9580 | shared_pairs det_seg 168/288 det_cnt 75/288 seg_cnt 45/288 | scores det_seg -0.8480 det_cnt -0.2931 seg_cnt -0.5558
[stage2] epoch 4/50 step 31 | loss 5.1391 | train det 0.0999 seg 0.1133 cnt 2.7350 | shared_pairs det_seg 161/288 det_cnt 77/288 seg_cnt 50/288 | scores det_seg -0.4095 det_cnt -1.3001 seg_cnt 1.2648
[stage2] epoch 4/50 step 32 | loss 2.4272 | train det 0.0286 seg 0.0932 cnt 1.2536 | shared_pairs det_seg 149/288 det_cnt 83/288 seg_cnt 56/288 | scores det_seg -0.9644 det_cnt 2.1609 seg_cnt 1.9768
[stage2] epoch 4/50 step 33 | loss 4.2691 | train det 0.0362 seg 0.1368 cnt 2.6313 | shared_pairs det_seg 155/288 det_cnt 90/288 seg_cnt 43/288 | scores det_seg -0.8483 det_cnt 0.5111 seg_cnt -0.0866
[stage2] epoch 4/50 step 34 | loss 6.4080 | train det 0.2572 seg 0.0811 cnt 1.9017 | shared_pairs det_seg 173/288 det_cnt 83/288 seg_cnt 32/288 | scores det_seg 1.5353 det_cnt 0.6365 seg_cnt -0.9719
[stage2] epoch 4/50 step 35 | loss 8.6625 | train det 0.3648 seg 0.0738 cnt 2.6002 | shared_pairs det_seg 156/288 det_cnt 80/288 seg_cnt 52/288 | scores det_seg 0.2192 det_cnt 2.0750 seg_cnt 0.4112
[stage2] epoch 4/50 step 36 | loss 5.5022 | train det 0.0816 seg 0.1491 cnt 3.0853 | shared_pairs det_seg 166/288 det_cnt 69/288 seg_cnt 53/288 | scores det_seg 1.0523 det_cnt -0.6543 seg_cnt 0.8288
[stage2] epoch 4/50 step 37 | loss 8.7849 | train det 0.1510 seg 0.0625 cnt 6.0206 | shared_pairs det_seg 171/288 det_cnt 78/288 seg_cnt 39/288 | scores det_seg 1.7651 det_cnt -0.8900 seg_cnt -1.4553
[stage2] epoch 4/50 step 38 | loss 6.1902 | train det 0.0584 seg 0.0916 cnt 4.5806 | shared_pairs det_seg 173/288 det_cnt 73/288 seg_cnt 42/288 | scores det_seg 0.8130 det_cnt -1.3261 seg_cnt -1.4728
[stage2] epoch 4/50 step 39 | loss 6.1682 | train det 0.1195 seg 0.1137 cnt 3.4658 | shared_pairs det_seg 168/288 det_cnt 80/288 seg_cnt 40/288 | scores det_seg 0.7746 det_cnt -0.3177 seg_cnt -1.3018
[stage2] epoch 4/50 step 40 | loss 4.7021 | train det 0.0317 seg 0.0856 cnt 3.5423 | shared_pairs det_seg 156/288 det_cnt 80/288 seg_cnt 52/288 | scores det_seg -0.5316 det_cnt 1.0158 seg_cnt 1.1001
[stage2] epoch 4/50 step 41 | loss 6.1051 | train det 0.1185 seg 0.0297 cnt 4.0905 | shared_pairs det_seg 167/288 det_cnt 72/288 seg_cnt 49/288 | scores det_seg -0.0840 det_cnt -1.9423 seg_cnt -0.3926
[stage2] epoch 4/50 step 42 | loss 5.7420 | train det 0.1037 seg 0.1145 cnt 3.2712 | shared_pairs det_seg 161/288 det_cnt 79/288 seg_cnt 48/288 | scores det_seg 0.0015 det_cnt 1.6029 seg_cnt -1.2115
[stage2] epoch 4/50 step 43 | loss 7.2374 | train det 0.1739 seg 0.1325 cnt 3.5696 | shared_pairs det_seg 160/288 det_cnt 87/288 seg_cnt 41/288 | scores det_seg 0.7145 det_cnt -0.1382 seg_cnt -0.2704
[stage2] epoch 4/50 | train 5.8780 | det 0.1275 seg 0.0974 cnt 3.1868 | selected_by_matrix_unit det_seg 6933 det_cnt 3456 seg_cnt 1995
[stage2] epoch 4 | val det 0.6367 seg 1.0464 miou 0.6110 cnt 4.0194 dens 8.786450e-01 mae 3.1408 total_mae 13.7928 | ap50 0.5078 | combo 1.437156
[stage2] epoch 5/50 step 1 | loss 3.5394 | train det 0.0639 seg 0.0969 cnt 1.8062 | shared_pairs det_seg 173/288 det_cnt 63/288 seg_cnt 52/288 | scores det_seg 2.1728 det_cnt -0.8093 seg_cnt 0.9069
[stage2] epoch 5/50 step 2 | loss 5.4832 | train det 0.0785 seg 0.0856 cnt 3.6214 | shared_pairs det_seg 169/288 det_cnt 78/288 seg_cnt 41/288 | scores det_seg 0.7934 det_cnt -1.2409 seg_cnt -2.1058
[stage2] epoch 5/50 step 3 | loss 5.1249 | train det 0.0324 seg 0.1102 cnt 3.7575 | shared_pairs det_seg 178/288 det_cnt 66/288 seg_cnt 44/288 | scores det_seg 0.4789 det_cnt -0.5008 seg_cnt -1.3211
[stage2] epoch 5/50 step 4 | loss 4.5552 | train det 0.0541 seg 0.1014 cnt 2.9320 | shared_pairs det_seg 156/288 det_cnt 86/288 seg_cnt 46/288 | scores det_seg -0.9814 det_cnt 2.2507 seg_cnt 0.4852
[stage2] epoch 5/50 step 5 | loss 4.7796 | train det 0.0736 seg 0.0704 cnt 3.1115 | shared_pairs det_seg 171/288 det_cnt 70/288 seg_cnt 47/288 | scores det_seg -0.2569 det_cnt -1.0534 seg_cnt -0.5590
[stage2] epoch 5/50 step 6 | loss 5.7321 | train det 0.0974 seg 0.0477 cnt 3.8898 | shared_pairs det_seg 169/288 det_cnt 75/288 seg_cnt 44/288 | scores det_seg 2.1298 det_cnt -0.2495 seg_cnt -0.4570
[stage2] epoch 5/50 step 7 | loss 7.7916 | train det 0.0630 seg 0.0599 cnt 6.3670 | shared_pairs det_seg 156/288 det_cnt 84/288 seg_cnt 48/288 | scores det_seg -1.6629 det_cnt 1.7689 seg_cnt -1.0274
[stage2] epoch 5/50 step 8 | loss 6.0032 | train det 0.0498 seg 0.0671 cnt 4.7188 | shared_pairs det_seg 149/288 det_cnt 85/288 seg_cnt 54/288 | scores det_seg -0.2313 det_cnt -2.0662 seg_cnt -0.2472
[stage2] epoch 5/50 step 9 | loss 4.5903 | train det 0.0616 seg 0.1001 cnt 2.8646 | shared_pairs det_seg 156/288 det_cnt 79/288 seg_cnt 53/288 | scores det_seg 0.4261 det_cnt -0.3853 seg_cnt 0.2468
[stage2] epoch 5/50 step 10 | loss 4.4403 | train det 0.0888 seg 0.2477 cnt 1.1267 | shared_pairs det_seg 168/288 det_cnt 69/288 seg_cnt 51/288 | scores det_seg 1.8379 det_cnt -0.0637 seg_cnt -0.4430
[stage2] epoch 5/50 step 11 | loss 7.8350 | train det 0.0675 seg 0.0512 cnt 6.4129 | shared_pairs det_seg 153/288 det_cnt 98/288 seg_cnt 37/288 | scores det_seg -0.8620 det_cnt 1.0492 seg_cnt -1.9459
[stage2] epoch 5/50 step 12 | loss 4.2720 | train det 0.1305 seg 0.0771 cnt 1.6977 | shared_pairs det_seg 152/288 det_cnt 80/288 seg_cnt 56/288 | scores det_seg -0.2440 det_cnt 2.5742 seg_cnt 1.6377
[stage2] epoch 5/50 step 13 | loss 4.9104 | train det 0.0899 seg 0.0776 cnt 2.9413 | shared_pairs det_seg 162/288 det_cnt 81/288 seg_cnt 45/288 | scores det_seg 1.0305 det_cnt 0.9578 seg_cnt -0.9617
[stage2] epoch 5/50 step 14 | loss 4.8158 | train det 0.0441 seg 0.0819 cnt 3.4986 | shared_pairs det_seg 163/288 det_cnt 83/288 seg_cnt 42/288 | scores det_seg 1.7818 det_cnt -0.0620 seg_cnt -0.1230
[stage2] epoch 5/50 step 15 | loss 4.9925 | train det 0.1833 seg 0.0596 cnt 1.7666 | shared_pairs det_seg 170/288 det_cnt 78/288 seg_cnt 40/288 | scores det_seg -0.7559 det_cnt 0.0433 seg_cnt -0.1286
[stage2] epoch 5/50 step 16 | loss 9.5752 | train det 0.3921 seg 0.0684 cnt 3.1465 | shared_pairs det_seg 154/288 det_cnt 85/288 seg_cnt 49/288 | scores det_seg -1.5801 det_cnt 0.2382 seg_cnt -0.3015
[stage2] epoch 5/50 step 17 | loss 4.9356 | train det 0.1319 seg 0.1031 cnt 2.1317 | shared_pairs det_seg 158/288 det_cnt 84/288 seg_cnt 46/288 | scores det_seg 2.0958 det_cnt 0.0582 seg_cnt 0.2373
[stage2] epoch 5/50 step 18 | loss 4.8079 | train det 0.1187 seg 0.0724 cnt 2.4480 | shared_pairs det_seg 169/288 det_cnt 71/288 seg_cnt 48/288 | scores det_seg 1.0699 det_cnt -0.4165 seg_cnt -0.1584
[stage2] epoch 5/50 step 19 | loss 3.3053 | train det 0.0626 seg 0.0903 cnt 1.6439 | shared_pairs det_seg 157/288 det_cnt 78/288 seg_cnt 53/288 | scores det_seg -0.7477 det_cnt -0.9882 seg_cnt 0.8782
[stage2] epoch 5/50 step 20 | loss 5.0780 | train det 0.0363 seg 0.1643 cnt 3.2181 | shared_pairs det_seg 165/288 det_cnt 75/288 seg_cnt 48/288 | scores det_seg -0.7281 det_cnt -0.7307 seg_cnt -0.2163
[stage2] epoch 5/50 step 21 | loss 4.8917 | train det 0.1094 seg 0.0755 cnt 2.6469 | shared_pairs det_seg 162/288 det_cnt 78/288 seg_cnt 48/288 | scores det_seg 2.1419 det_cnt -0.3329 seg_cnt -0.3890
[stage2] epoch 5/50 step 22 | loss 5.2202 | train det 0.0245 seg 0.1113 cnt 3.9629 | shared_pairs det_seg 162/288 det_cnt 86/288 seg_cnt 40/288 | scores det_seg -1.2294 det_cnt -0.4213 seg_cnt -1.0678
[stage2] epoch 5/50 step 23 | loss 3.8288 | train det 0.1383 seg 0.0610 cnt 1.2664 | shared_pairs det_seg 169/288 det_cnt 79/288 seg_cnt 40/288 | scores det_seg 0.3153 det_cnt 0.4860 seg_cnt -0.6300
[stage2] epoch 5/50 step 24 | loss 7.0862 | train det 0.3099 seg 0.0965 cnt 1.6658 | shared_pairs det_seg 158/288 det_cnt 89/288 seg_cnt 41/288 | scores det_seg 0.0660 det_cnt 2.7656 seg_cnt -0.6683
[stage2] epoch 5/50 step 25 | loss 2.4880 | train det 0.0331 seg 0.0814 cnt 1.3412 | shared_pairs det_seg 160/288 det_cnt 87/288 seg_cnt 41/288 | scores det_seg -0.1486 det_cnt 0.9744 seg_cnt -0.5823
[stage2] epoch 5/50 step 26 | loss 4.8356 | train det 0.0521 seg 0.0707 cnt 3.4893 | shared_pairs det_seg 176/288 det_cnt 72/288 seg_cnt 40/288 | scores det_seg 2.2229 det_cnt -0.3594 seg_cnt -0.2645
[stage2] epoch 5/50 step 27 | loss 5.9976 | train det 0.1331 seg 0.0621 cnt 3.5043 | shared_pairs det_seg 157/288 det_cnt 82/288 seg_cnt 49/288 | scores det_seg -0.2305 det_cnt 0.3675 seg_cnt 0.7894
[stage2] epoch 5/50 step 28 | loss 7.1570 | train det 0.2205 seg 0.0953 cnt 3.0867 | shared_pairs det_seg 158/288 det_cnt 84/288 seg_cnt 46/288 | scores det_seg -1.4340 det_cnt -1.2708 seg_cnt -0.3363
[stage2] epoch 5/50 step 29 | loss 6.6964 | train det 0.1562 seg 0.1090 cnt 3.4820 | shared_pairs det_seg 150/288 det_cnt 94/288 seg_cnt 44/288 | scores det_seg -1.9726 det_cnt -0.3246 seg_cnt -0.5211
[stage2] epoch 5/50 step 30 | loss 6.7566 | train det 0.0418 seg 0.0774 cnt 5.5099 | shared_pairs det_seg 162/288 det_cnt 85/288 seg_cnt 41/288 | scores det_seg 1.4358 det_cnt 1.5992 seg_cnt -0.1191
[stage2] epoch 5/50 step 31 | loss 7.5913 | train det 0.0856 seg 0.1178 cnt 5.3651 | shared_pairs det_seg 149/288 det_cnt 81/288 seg_cnt 58/288 | scores det_seg -0.5013 det_cnt 0.4279 seg_cnt -0.2534
[stage2] epoch 5/50 step 32 | loss 8.1414 | train det 0.0319 seg 0.0986 cnt 6.8739 | shared_pairs det_seg 155/288 det_cnt 86/288 seg_cnt 47/288 | scores det_seg -0.7128 det_cnt 0.1376 seg_cnt 0.8389
[stage2] epoch 5/50 step 33 | loss 5.4313 | train det 0.1386 seg 0.0567 cnt 2.8981 | shared_pairs det_seg 177/288 det_cnt 62/288 seg_cnt 49/288 | scores det_seg 1.4635 det_cnt -0.8525 seg_cnt -1.4746
[stage2] epoch 5/50 step 34 | loss 3.1090 | train det 0.0788 seg 0.1084 cnt 1.0592 | shared_pairs det_seg 160/288 det_cnt 79/288 seg_cnt 49/288 | scores det_seg -0.0385 det_cnt 1.0383 seg_cnt -0.5995
[stage2] epoch 5/50 step 35 | loss 10.3776 | train det 0.3769 seg 0.0455 cnt 4.3594 | shared_pairs det_seg 169/288 det_cnt 66/288 seg_cnt 53/288 | scores det_seg 0.4308 det_cnt 0.4152 seg_cnt 1.1791
[stage2] epoch 5/50 step 36 | loss 3.7729 | train det 0.0807 seg 0.0793 cnt 1.9276 | shared_pairs det_seg 153/288 det_cnt 83/288 seg_cnt 52/288 | scores det_seg -0.6914 det_cnt -0.5613 seg_cnt 0.6434
[stage2] epoch 5/50 step 37 | loss 5.5764 | train det 0.0734 seg 0.0983 cnt 3.6880 | shared_pairs det_seg 163/288 det_cnt 82/288 seg_cnt 43/288 | scores det_seg -0.2705 det_cnt 1.2230 seg_cnt -0.0795
[stage2] epoch 5/50 step 38 | loss 4.5963 | train det 0.0775 seg 0.1104 cnt 2.5516 | shared_pairs det_seg 172/288 det_cnt 71/288 seg_cnt 45/288 | scores det_seg 1.3911 det_cnt -0.8108 seg_cnt 0.4464
[stage2] epoch 5/50 step 39 | loss 3.0176 | train det 0.0514 seg 0.0700 cnt 1.6861 | shared_pairs det_seg 169/288 det_cnt 65/288 seg_cnt 54/288 | scores det_seg 1.0044 det_cnt -2.0312 seg_cnt 2.4301
[stage2] epoch 5/50 step 40 | loss 4.5302 | train det 0.0519 seg 0.0914 cnt 3.0200 | shared_pairs det_seg 171/288 det_cnt 81/288 seg_cnt 36/288 | scores det_seg 1.5841 det_cnt 1.8389 seg_cnt 0.2726
[stage2] epoch 5/50 step 41 | loss 3.5476 | train det 0.0552 seg 0.0903 cnt 1.9972 | shared_pairs det_seg 158/288 det_cnt 77/288 seg_cnt 53/288 | scores det_seg -0.0605 det_cnt 0.6050 seg_cnt 1.9213
[stage2] epoch 5/50 step 42 | loss 4.7127 | train det 0.1017 seg 0.1178 cnt 2.2452 | shared_pairs det_seg 152/288 det_cnt 85/288 seg_cnt 51/288 | scores det_seg -1.5890 det_cnt 0.4490 seg_cnt 0.0521
[stage2] epoch 5/50 step 43 | loss 3.6283 | train det 0.0635 seg 0.1140 cnt 1.7631 | shared_pairs det_seg 170/288 det_cnt 61/288 seg_cnt 57/288 | scores det_seg 0.7011 det_cnt -2.9088 seg_cnt 1.4558
[stage2] epoch 5/50 | train 5.3386 | det 0.1025 seg 0.0900 cnt 3.0812 | selected_by_matrix_unit det_seg 6980 det_cnt 3383 seg_cnt 2021
[stage2] epoch 5 | val det 0.6177 seg 1.0321 miou 0.6138 cnt 4.6414 dens 9.081780e-01 mae 3.7332 total_mae 21.1851 | ap50 0.5053 | combo 1.387017
[stage2] epoch 6/50 step 1 | loss 6.6251 | train det 0.1703 seg 0.1257 cnt 3.0647 | shared_pairs det_seg 157/288 det_cnt 81/288 seg_cnt 50/288 | scores det_seg -0.9398 det_cnt 1.6792 seg_cnt 1.3493
[stage2] epoch 6/50 step 2 | loss 4.6705 | train det 0.0498 seg 0.0408 cnt 3.5980 | shared_pairs det_seg 158/288 det_cnt 86/288 seg_cnt 44/288 | scores det_seg 0.0167 det_cnt 0.2311 seg_cnt -0.0928
[stage2] epoch 6/50 step 3 | loss 8.7853 | train det 0.2076 seg 0.0685 cnt 5.1232 | shared_pairs det_seg 160/288 det_cnt 90/288 seg_cnt 38/288 | scores det_seg 0.4452 det_cnt 0.4771 seg_cnt -1.6097
[stage2] epoch 6/50 step 4 | loss 5.8900 | train det 0.0584 seg 0.1041 cnt 4.1815 | shared_pairs det_seg 166/288 det_cnt 76/288 seg_cnt 46/288 | scores det_seg 0.5595 det_cnt 0.7824 seg_cnt -0.1124
[stage2] epoch 6/50 step 5 | loss 7.7494 | train det 0.1683 seg 0.0572 cnt 4.7670 | shared_pairs det_seg 165/288 det_cnt 62/288 seg_cnt 61/288 | scores det_seg 2.6119 det_cnt -3.3126 seg_cnt 0.3098
[stage2] epoch 6/50 step 6 | loss 8.0933 | train det 0.1212 seg 0.2352 cnt 4.3943 | shared_pairs det_seg 162/288 det_cnt 85/288 seg_cnt 41/288 | scores det_seg 0.3696 det_cnt -0.7977 seg_cnt -1.6146
[stage2] epoch 6/50 step 7 | loss 6.3555 | train det 0.1680 seg 0.1178 cnt 2.8926 | shared_pairs det_seg 163/288 det_cnt 83/288 seg_cnt 42/288 | scores det_seg -0.0679 det_cnt -0.7422 seg_cnt -1.7535
[stage2] epoch 6/50 step 8 | loss 6.3387 | train det 0.2159 seg 0.0641 cnt 2.5876 | shared_pairs det_seg 165/288 det_cnt 78/288 seg_cnt 45/288 | scores det_seg 1.1045 det_cnt -0.5719 seg_cnt 0.7412
[stage2] epoch 6/50 step 9 | loss 3.5806 | train det 0.0488 seg 0.0513 cnt 2.4379 | shared_pairs det_seg 158/288 det_cnt 78/288 seg_cnt 52/288 | scores det_seg 0.1006 det_cnt 0.0231 seg_cnt 0.0376
[stage2] epoch 6/50 step 10 | loss 3.5410 | train det 0.0454 seg 0.0799 cnt 2.2211 | shared_pairs det_seg 156/288 det_cnt 81/288 seg_cnt 51/288 | scores det_seg -0.1162 det_cnt 0.6546 seg_cnt -0.4721
[stage2] epoch 6/50 step 11 | loss 4.7263 | train det 0.0485 seg 0.1241 cnt 3.0059 | shared_pairs det_seg 153/288 det_cnt 87/288 seg_cnt 48/288 | scores det_seg -2.0428 det_cnt 1.7970 seg_cnt -1.2580
[stage2] epoch 6/50 step 12 | loss 11.0190 | train det 0.5017 seg 0.1581 cnt 2.2281 | shared_pairs det_seg 165/288 det_cnt 75/288 seg_cnt 48/288 | scores det_seg 1.0706 det_cnt -1.0808 seg_cnt -0.0115
[stage2] epoch 6/50 step 13 | loss 3.8681 | train det 0.0531 seg 0.1353 cnt 1.9890 | shared_pairs det_seg 162/288 det_cnt 83/288 seg_cnt 43/288 | scores det_seg 1.2376 det_cnt 0.8291 seg_cnt 0.5477
[stage2] epoch 6/50 step 14 | loss 6.6092 | train det 0.0855 seg 0.0707 cnt 4.7609 | shared_pairs det_seg 171/288 det_cnt 67/288 seg_cnt 50/288 | scores det_seg -0.3647 det_cnt -0.5292 seg_cnt 0.3944
[stage2] epoch 6/50 step 15 | loss 3.5370 | train det 0.0423 seg 0.0750 cnt 2.3024 | shared_pairs det_seg 150/288 det_cnt 83/288 seg_cnt 55/288 | scores det_seg 1.1923 det_cnt 1.8255 seg_cnt 1.3913
[stage2] epoch 6/50 step 16 | loss 3.8477 | train det 0.0630 seg 0.1399 cnt 1.7843 | shared_pairs det_seg 152/288 det_cnt 90/288 seg_cnt 46/288 | scores det_seg 1.2114 det_cnt 2.9715 seg_cnt 1.9020
[stage2] epoch 6/50 step 17 | loss 5.6147 | train det 0.0557 seg 0.0624 cnt 4.2801 | shared_pairs det_seg 165/288 det_cnt 82/288 seg_cnt 41/288 | scores det_seg 0.1537 det_cnt -0.2219 seg_cnt -1.8963
[stage2] epoch 6/50 step 18 | loss 4.5386 | train det 0.0752 seg 0.0516 cnt 2.9979 | shared_pairs det_seg 158/288 det_cnt 91/288 seg_cnt 39/288 | scores det_seg 0.2072 det_cnt 1.1846 seg_cnt -0.3799
[stage2] epoch 6/50 step 19 | loss 8.8192 | train det 0.1694 seg 0.1558 cnt 5.0322 | shared_pairs det_seg 152/288 det_cnt 94/288 seg_cnt 42/288 | scores det_seg -0.8277 det_cnt 1.7312 seg_cnt 0.1606
[stage2] epoch 6/50 step 20 | loss 4.9141 | train det 0.1416 seg 0.0734 cnt 2.2026 | shared_pairs det_seg 163/288 det_cnt 80/288 seg_cnt 45/288 | scores det_seg -0.1945 det_cnt -0.8932 seg_cnt 0.2645
[stage2] epoch 6/50 step 21 | loss 3.7372 | train det 0.0560 seg 0.0585 cnt 2.4292 | shared_pairs det_seg 170/288 det_cnt 83/288 seg_cnt 35/288 | scores det_seg 0.3952 det_cnt 1.0925 seg_cnt -1.5384
[stage2] epoch 6/50 step 22 | loss 4.6129 | train det 0.0325 seg 0.1852 cnt 2.6441 | shared_pairs det_seg 138/288 det_cnt 97/288 seg_cnt 53/288 | scores det_seg -2.1261 det_cnt 3.0382 seg_cnt 0.1665
[stage2] epoch 6/50 step 23 | loss 7.6305 | train det 0.0647 seg 0.1218 cnt 5.6851 | shared_pairs det_seg 160/288 det_cnt 80/288 seg_cnt 48/288 | scores det_seg 0.9888 det_cnt 1.8251 seg_cnt 1.5274
[stage2] epoch 6/50 step 24 | loss 7.3579 | train det 0.2300 seg 0.0629 cnt 3.4046 | shared_pairs det_seg 166/288 det_cnt 78/288 seg_cnt 44/288 | scores det_seg 0.1727 det_cnt 0.4187 seg_cnt -0.2750
[stage2] epoch 6/50 step 25 | loss 4.5993 | train det 0.0863 seg 0.1172 cnt 2.3671 | shared_pairs det_seg 148/288 det_cnt 81/288 seg_cnt 59/288 | scores det_seg -1.1590 det_cnt 0.0517 seg_cnt 1.8100
[stage2] epoch 6/50 step 26 | loss 4.9772 | train det 0.1161 seg 0.0612 cnt 2.7468 | shared_pairs det_seg 157/288 det_cnt 75/288 seg_cnt 56/288 | scores det_seg -1.0371 det_cnt -1.0034 seg_cnt 0.7378
[stage2] epoch 6/50 step 27 | loss 5.6528 | train det 0.0618 seg 0.0649 cnt 4.2067 | shared_pairs det_seg 150/288 det_cnt 90/288 seg_cnt 48/288 | scores det_seg 1.2767 det_cnt 0.6908 seg_cnt 0.1787
[stage2] epoch 6/50 step 28 | loss 6.8493 | train det 0.2069 seg 0.0538 cnt 3.3161 | shared_pairs det_seg 147/288 det_cnt 81/288 seg_cnt 60/288 | scores det_seg -0.4440 det_cnt -1.6331 seg_cnt -0.3768
[stage2] epoch 6/50 step 29 | loss 14.0533 | train det 0.7434 seg 0.1413 cnt 1.7722 | shared_pairs det_seg 169/288 det_cnt 71/288 seg_cnt 48/288 | scores det_seg 1.0115 det_cnt -1.1563 seg_cnt -0.0582
[stage2] epoch 6/50 step 30 | loss 4.4898 | train det 0.1094 seg 0.0627 cnt 2.3468 | shared_pairs det_seg 174/288 det_cnt 68/288 seg_cnt 46/288 | scores det_seg 0.7670 det_cnt -2.0917 seg_cnt -1.1146
[stage2] epoch 6/50 step 31 | loss 5.3659 | train det 0.1559 seg 0.0542 cnt 2.5948 | shared_pairs det_seg 152/288 det_cnt 82/288 seg_cnt 54/288 | scores det_seg 0.2008 det_cnt -0.8875 seg_cnt 1.1431
[stage2] epoch 6/50 step 32 | loss 4.7873 | train det 0.0588 seg 0.1128 cnt 3.0038 | shared_pairs det_seg 149/288 det_cnt 87/288 seg_cnt 52/288 | scores det_seg -2.0802 det_cnt 1.0726 seg_cnt -0.0790
[stage2] epoch 6/50 step 33 | loss 3.6656 | train det 0.0714 seg 0.0134 cnt 2.4875 | shared_pairs det_seg 143/288 det_cnt 84/288 seg_cnt 61/288 | scores det_seg -1.7368 det_cnt 0.4711 seg_cnt 1.5655
[stage2] epoch 6/50 step 34 | loss 5.0382 | train det 0.1596 seg 0.0783 cnt 2.0177 | shared_pairs det_seg 167/288 det_cnt 71/288 seg_cnt 50/288 | scores det_seg 0.1302 det_cnt -0.6539 seg_cnt -0.3735
[stage2] epoch 6/50 step 35 | loss 6.4852 | train det 0.1497 seg 0.1054 cnt 3.3970 | shared_pairs det_seg 153/288 det_cnt 89/288 seg_cnt 46/288 | scores det_seg -0.6827 det_cnt 0.8409 seg_cnt -0.1193
[stage2] epoch 6/50 step 36 | loss 5.5526 | train det 0.1420 seg 0.1237 cnt 2.4321 | shared_pairs det_seg 154/288 det_cnt 84/288 seg_cnt 50/288 | scores det_seg 0.5827 det_cnt 2.0612 seg_cnt 0.5591
[stage2] epoch 6/50 step 37 | loss 5.5290 | train det 0.1823 seg 0.1325 cnt 1.7338 | shared_pairs det_seg 159/288 det_cnt 82/288 seg_cnt 47/288 | scores det_seg 1.8300 det_cnt 3.0353 seg_cnt 0.2954
[stage2] epoch 6/50 step 38 | loss 6.4308 | train det 0.0457 seg 0.1236 cnt 4.7574 | shared_pairs det_seg 151/288 det_cnt 89/288 seg_cnt 48/288 | scores det_seg 0.6378 det_cnt -1.2450 seg_cnt 1.1968
[stage2] epoch 6/50 step 39 | loss 5.3299 | train det 0.1933 seg 0.0258 cnt 2.2238 | shared_pairs det_seg 153/288 det_cnt 85/288 seg_cnt 50/288 | scores det_seg 0.4270 det_cnt 2.1704 seg_cnt 0.7923
[stage2] epoch 6/50 step 40 | loss 3.6291 | train det 0.0434 seg 0.1262 cnt 1.9687 | shared_pairs det_seg 163/288 det_cnt 72/288 seg_cnt 53/288 | scores det_seg 0.8293 det_cnt -1.4872 seg_cnt 0.2302
[stage2] epoch 6/50 step 41 | loss 7.3267 | train det 0.1980 seg 0.1251 cnt 3.3563 | shared_pairs det_seg 147/288 det_cnt 86/288 seg_cnt 55/288 | scores det_seg -0.7020 det_cnt 1.4429 seg_cnt -0.2157
[stage2] epoch 6/50 step 42 | loss 5.5577 | train det 0.1578 seg 0.1479 cnt 2.0075 | shared_pairs det_seg 158/288 det_cnt 87/288 seg_cnt 43/288 | scores det_seg 2.6502 det_cnt 4.0044 seg_cnt 0.4768
[stage2] epoch 6/50 step 43 | loss 8.4948 | train det 0.1849 seg 0.1146 cnt 4.8045 | shared_pairs det_seg 170/288 det_cnt 83/288 seg_cnt 35/288 | scores det_seg 1.2717 det_cnt -1.0082 seg_cnt -1.0904
[stage2] epoch 6/50 | train 5.9599 | det 0.1381 seg 0.0978 cnt 3.1059 | selected_by_matrix_unit det_seg 6799 det_cnt 3517 seg_cnt 2068
[stage2] epoch 6 | val det 0.6213 seg 1.0424 miou 0.6101 cnt 3.8154 dens 8.885640e-01 mae 2.9268 total_mae 13.8760 | ap50 0.5095 | combo 1.461302
[ckpt] new best cached (stage2 epoch 6, combo 1.461302)
[stage2] epoch 7/50 step 1 | loss 8.6386 | train det 0.1731 seg 0.1031 cnt 5.2180 | shared_pairs det_seg 163/288 det_cnt 74/288 seg_cnt 51/288 | scores det_seg -0.0920 det_cnt 0.4327 seg_cnt 1.5199
[stage2] epoch 7/50 step 2 | loss 11.2043 | train det 0.0593 seg 0.0704 cnt 9.7521 | shared_pairs det_seg 150/288 det_cnt 85/288 seg_cnt 53/288 | scores det_seg -1.2669 det_cnt -0.9491 seg_cnt 0.2166
[stage2] epoch 7/50 step 3 | loss 4.6783 | train det 0.1387 seg 0.0715 cnt 2.0255 | shared_pairs det_seg 163/288 det_cnt 79/288 seg_cnt 46/288 | scores det_seg 1.6841 det_cnt 0.3706 seg_cnt -0.0419
[stage2] epoch 7/50 step 4 | loss 4.6174 | train det 0.0505 seg 0.0392 cnt 3.5461 | shared_pairs det_seg 156/288 det_cnt 82/288 seg_cnt 50/288 | scores det_seg -0.7130 det_cnt -0.0804 seg_cnt -0.3773
[stage2] epoch 7/50 step 5 | loss 6.4111 | train det 0.0726 seg 0.1017 cnt 4.5077 | shared_pairs det_seg 158/288 det_cnt 88/288 seg_cnt 42/288 | scores det_seg -0.0278 det_cnt -1.0530 seg_cnt -1.6382
[stage2] epoch 7/50 step 6 | loss 7.2697 | train det 0.0592 seg 0.0507 cnt 5.9752 | shared_pairs det_seg 172/288 det_cnt 78/288 seg_cnt 38/288 | scores det_seg 1.2994 det_cnt 0.1148 seg_cnt -1.0251
[stage2] epoch 7/50 step 7 | loss 3.1106 | train det 0.0546 seg 0.0681 cnt 1.7467 | shared_pairs det_seg 156/288 det_cnt 92/288 seg_cnt 40/288 | scores det_seg 0.6698 det_cnt 1.8540 seg_cnt -1.2250
[stage2] epoch 7/50 step 8 | loss 4.1873 | train det 0.1235 seg 0.0489 cnt 1.9439 | shared_pairs det_seg 148/288 det_cnt 93/288 seg_cnt 47/288 | scores det_seg -0.7830 det_cnt 0.4880 seg_cnt 0.3638
[stage2] epoch 7/50 step 9 | loss 7.4535 | train det 0.0633 seg 0.0871 cnt 5.8082 | shared_pairs det_seg 146/288 det_cnt 84/288 seg_cnt 58/288 | scores det_seg -1.8145 det_cnt 0.0827 seg_cnt 0.5080
[stage2] epoch 7/50 step 10 | loss 3.6042 | train det 0.1182 seg 0.0698 cnt 1.2733 | shared_pairs det_seg 165/288 det_cnt 83/288 seg_cnt 40/288 | scores det_seg 1.0283 det_cnt 0.9979 seg_cnt -0.2980
[stage2] epoch 7/50 step 11 | loss 4.0570 | train det 0.0761 seg 0.0803 cnt 2.2731 | shared_pairs det_seg 149/288 det_cnt 89/288 seg_cnt 50/288 | scores det_seg 0.6148 det_cnt 1.6970 seg_cnt -0.0690
[stage2] epoch 7/50 step 12 | loss 4.1673 | train det 0.0679 seg 0.1106 cnt 2.2641 | shared_pairs det_seg 160/288 det_cnt 81/288 seg_cnt 47/288 | scores det_seg -0.2124 det_cnt -0.3979 seg_cnt -0.1383
[stage2] epoch 7/50 step 13 | loss 2.6440 | train det 0.0333 seg 0.1296 cnt 1.1085 | shared_pairs det_seg 154/288 det_cnt 85/288 seg_cnt 49/288 | scores det_seg -1.7440 det_cnt 1.1778 seg_cnt -0.4346
[stage2] epoch 7/50 step 14 | loss 2.4095 | train det 0.0514 seg 0.0839 cnt 0.9678 | shared_pairs det_seg 155/288 det_cnt 87/288 seg_cnt 46/288 | scores det_seg 0.1194 det_cnt -0.7593 seg_cnt -0.5305
[stage2] epoch 7/50 step 15 | loss 8.6377 | train det 0.0593 seg 0.1030 cnt 6.9240 | shared_pairs det_seg 169/288 det_cnt 69/288 seg_cnt 50/288 | scores det_seg 1.1072 det_cnt -0.7381 seg_cnt 0.0562
[stage2] epoch 7/50 step 16 | loss 11.5178 | train det 0.4109 seg 0.0815 cnt 4.7030 | shared_pairs det_seg 170/288 det_cnt 81/288 seg_cnt 37/288 | scores det_seg 1.0487 det_cnt -2.2907 seg_cnt -0.7462
[stage2] epoch 7/50 step 17 | loss 3.4575 | train det 0.0375 seg 0.1074 cnt 2.0364 | shared_pairs det_seg 155/288 det_cnt 83/288 seg_cnt 50/288 | scores det_seg 0.1845 det_cnt 0.4741 seg_cnt 0.7539
[stage2] epoch 7/50 step 18 | loss 4.5925 | train det 0.0798 seg 0.1550 cnt 2.1556 | shared_pairs det_seg 155/288 det_cnt 81/288 seg_cnt 52/288 | scores det_seg 0.3364 det_cnt -0.0293 seg_cnt -0.0884
[stage2] epoch 7/50 step 19 | loss 7.5480 | train det 0.2410 seg 0.0773 cnt 3.3141 | shared_pairs det_seg 148/288 det_cnt 89/288 seg_cnt 51/288 | scores det_seg -1.5673 det_cnt -0.4490 seg_cnt -0.7939
[stage2] epoch 7/50 step 20 | loss 8.8642 | train det 0.4381 seg 0.0827 cnt 1.6311 | shared_pairs det_seg 162/288 det_cnt 88/288 seg_cnt 38/288 | scores det_seg 0.2671 det_cnt -0.0906 seg_cnt -0.0681
[stage2] epoch 7/50 step 21 | loss 9.5104 | train det 0.4109 seg 0.0753 cnt 2.7447 | shared_pairs det_seg 181/288 det_cnt 74/288 seg_cnt 33/288 | scores det_seg 1.8065 det_cnt -0.8367 seg_cnt -1.6672
[stage2] epoch 7/50 step 22 | loss 8.1594 | train det 0.0521 seg 0.0444 cnt 7.0221 | shared_pairs det_seg 151/288 det_cnt 88/288 seg_cnt 49/288 | scores det_seg -2.2506 det_cnt -1.0762 seg_cnt -0.9640
[stage2] epoch 7/50 step 23 | loss 11.9391 | train det 0.4926 seg 0.0494 cnt 4.1545 | shared_pairs det_seg 156/288 det_cnt 79/288 seg_cnt 53/288 | scores det_seg -1.7161 det_cnt -1.4280 seg_cnt 0.3931
[stage2] epoch 7/50 step 24 | loss 5.1480 | train det 0.1436 seg 0.1008 cnt 2.1869 | shared_pairs det_seg 156/288 det_cnt 80/288 seg_cnt 52/288 | scores det_seg -2.3906 det_cnt -0.0294 seg_cnt -0.6849
[stage2] epoch 7/50 step 25 | loss 14.3961 | train det 0.3828 seg 0.1145 cnt 7.7385 | shared_pairs det_seg 166/288 det_cnt 73/288 seg_cnt 49/288 | scores det_seg 1.3887 det_cnt 0.4166 seg_cnt -1.3169
[stage2] epoch 7/50 step 26 | loss 13.0086 | train det 0.0205 seg 0.1387 cnt 11.5909 | shared_pairs det_seg 146/288 det_cnt 89/288 seg_cnt 53/288 | scores det_seg -1.5582 det_cnt 0.5130 seg_cnt 0.1436
[stage2] epoch 7/50 step 27 | loss 5.1438 | train det 0.1040 seg 0.1119 cnt 2.6876 | shared_pairs det_seg 154/288 det_cnt 79/288 seg_cnt 55/288 | scores det_seg 0.2618 det_cnt 0.9503 seg_cnt 0.3576
[stage2] epoch 7/50 step 28 | loss 5.4243 | train det 0.0706 seg 0.1246 cnt 3.3686 | shared_pairs det_seg 159/288 det_cnt 87/288 seg_cnt 42/288 | scores det_seg 0.8390 det_cnt 0.6296 seg_cnt 1.9120
[stage2] epoch 7/50 step 29 | loss 5.5904 | train det 0.1769 seg 0.0522 cnt 2.5200 | shared_pairs det_seg 147/288 det_cnt 92/288 seg_cnt 49/288 | scores det_seg 1.1294 det_cnt 0.3163 seg_cnt 0.8002
[stage2] epoch 7/50 step 30 | loss 6.4276 | train det 0.0682 seg 0.0866 cnt 4.7124 | shared_pairs det_seg 143/288 det_cnt 91/288 seg_cnt 54/288 | scores det_seg -0.1149 det_cnt 1.3600 seg_cnt 0.8561
[stage2] epoch 7/50 step 31 | loss 3.3668 | train det 0.0887 seg 0.0819 cnt 1.3818 | shared_pairs det_seg 157/288 det_cnt 89/288 seg_cnt 42/288 | scores det_seg -0.2928 det_cnt 1.1140 seg_cnt -0.8241
[stage2] epoch 7/50 step 32 | loss 5.1110 | train det 0.1228 seg 0.1650 cnt 1.9494 | shared_pairs det_seg 152/288 det_cnt 90/288 seg_cnt 46/288 | scores det_seg -0.4036 det_cnt 1.0901 seg_cnt -0.5258
[stage2] epoch 7/50 step 33 | loss 6.8338 | train det 0.0997 seg 0.0904 cnt 4.6145 | shared_pairs det_seg 160/288 det_cnt 83/288 seg_cnt 45/288 | scores det_seg -0.0582 det_cnt -1.5119 seg_cnt -0.8618
[stage2] epoch 7/50 step 34 | loss 4.6684 | train det 0.1264 seg 0.1655 cnt 1.4478 | shared_pairs det_seg 152/288 det_cnt 79/288 seg_cnt 57/288 | scores det_seg 0.8726 det_cnt 0.1769 seg_cnt 2.4330
[stage2] epoch 7/50 step 35 | loss 5.5972 | train det 0.1962 seg 0.0902 cnt 1.9326 | shared_pairs det_seg 154/288 det_cnt 90/288 seg_cnt 44/288 | scores det_seg -0.0397 det_cnt 1.3236 seg_cnt -1.0623
[stage2] epoch 7/50 step 36 | loss 6.5021 | train det 0.1515 seg 0.0365 cnt 3.9380 | shared_pairs det_seg 147/288 det_cnt 95/288 seg_cnt 46/288 | scores det_seg 1.3535 det_cnt 0.8855 seg_cnt 1.6980
[stage2] epoch 7/50 step 37 | loss 4.4258 | train det 0.1785 seg 0.0891 cnt 1.0349 | shared_pairs det_seg 181/288 det_cnt 68/288 seg_cnt 39/288 | scores det_seg 2.2316 det_cnt -0.5801 seg_cnt -0.4899
[stage2] epoch 7/50 step 38 | loss 2.4436 | train det 0.0476 seg 0.0646 cnt 1.2133 | shared_pairs det_seg 153/288 det_cnt 83/288 seg_cnt 52/288 | scores det_seg -0.5468 det_cnt -1.3320 seg_cnt 0.6033
[stage2] epoch 7/50 step 39 | loss 6.9492 | train det 0.1205 seg 0.1240 cnt 4.1490 | shared_pairs det_seg 164/288 det_cnt 77/288 seg_cnt 47/288 | scores det_seg -0.3208 det_cnt 0.5073 seg_cnt 0.2359
[stage2] epoch 7/50 step 40 | loss 4.2382 | train det 0.0509 seg 0.0675 cnt 2.9350 | shared_pairs det_seg 148/288 det_cnt 89/288 seg_cnt 51/288 | scores det_seg -0.7128 det_cnt 1.3667 seg_cnt 0.2584
[stage2] epoch 7/50 step 41 | loss 4.8501 | train det 0.0744 seg 0.1117 cnt 2.8399 | shared_pairs det_seg 165/288 det_cnt 85/288 seg_cnt 38/288 | scores det_seg 0.1942 det_cnt 1.4257 seg_cnt -1.1407
[stage2] epoch 7/50 step 42 | loss 3.8514 | train det 0.0722 seg 0.0859 cnt 2.0821 | shared_pairs det_seg 156/288 det_cnt 84/288 seg_cnt 48/288 | scores det_seg 0.3633 det_cnt 0.5495 seg_cnt 0.4798
[stage2] epoch 7/50 step 43 | loss 4.2157 | train det 0.0505 seg 0.1188 cnt 2.5072 | shared_pairs det_seg 176/288 det_cnt 72/288 seg_cnt 40/288 | scores det_seg 1.7404 det_cnt -0.8374 seg_cnt -0.8995
[stage2] epoch 7/50 | train 6.2063 | det 0.1328 seg 0.0910 cnt 3.4867 | selected_by_matrix_unit det_seg 6778 det_cnt 3587 seg_cnt 2019
[stage2] epoch 7 | val det 0.6296 seg 1.0549 miou 0.6112 cnt 3.8042 dens 8.725038e-01 mae 2.9317 total_mae 12.8826 | ap50 0.5016 | combo 1.453923
[stage2] epoch 8/50 step 1 | loss 4.2186 | train det 0.0326 seg 0.0937 cnt 2.9806 | shared_pairs det_seg 169/288 det_cnt 80/288 seg_cnt 39/288 | scores det_seg 0.6021 det_cnt 0.5463 seg_cnt -0.0255
[stage2] epoch 8/50 step 2 | loss 5.6609 | train det 0.1453 seg 0.1008 cnt 2.6759 | shared_pairs det_seg 158/288 det_cnt 84/288 seg_cnt 46/288 | scores det_seg -0.2853 det_cnt -1.7009 seg_cnt 1.4118
[stage2] epoch 8/50 step 3 | loss 12.9090 | train det 0.5149 seg 0.1729 cnt 3.8026 | shared_pairs det_seg 157/288 det_cnt 78/288 seg_cnt 53/288 | scores det_seg -0.9429 det_cnt -1.5183 seg_cnt -0.8268
[stage2] epoch 8/50 step 4 | loss 7.7766 | train det 0.0351 seg 0.0676 cnt 6.7086 | shared_pairs det_seg 160/288 det_cnt 76/288 seg_cnt 52/288 | scores det_seg 1.0142 det_cnt -1.2175 seg_cnt 0.5589
[stage2] epoch 8/50 step 5 | loss 6.1124 | train det 0.2328 seg 0.0917 cnt 1.8862 | shared_pairs det_seg 160/288 det_cnt 87/288 seg_cnt 41/288 | scores det_seg 0.0998 det_cnt -0.1982 seg_cnt 1.3862
[stage2] epoch 8/50 step 6 | loss 7.6961 | train det 0.2822 seg 0.0848 cnt 2.7841 | shared_pairs det_seg 158/288 det_cnt 70/288 seg_cnt 60/288 | scores det_seg -0.5773 det_cnt -1.8920 seg_cnt 1.2770
[stage2] epoch 8/50 step 7 | loss 6.4998 | train det 0.2258 seg 0.1125 cnt 2.2128 | shared_pairs det_seg 167/288 det_cnt 75/288 seg_cnt 46/288 | scores det_seg 0.0775 det_cnt 1.1683 seg_cnt 0.1091
[stage2] epoch 8/50 step 8 | loss 6.9074 | train det 0.1618 seg 0.1039 cnt 3.6486 | shared_pairs det_seg 178/288 det_cnt 72/288 seg_cnt 38/288 | scores det_seg 2.2542 det_cnt -0.5485 seg_cnt -0.1367
[stage2] epoch 8/50 step 9 | loss 12.5739 | train det 0.5991 seg 0.0595 cnt 3.1112 | shared_pairs det_seg 155/288 det_cnt 81/288 seg_cnt 52/288 | scores det_seg -0.1184 det_cnt 0.4952 seg_cnt 1.4007
[stage2] epoch 8/50 step 10 | loss 4.9816 | train det 0.0466 seg 0.1200 cnt 3.3216 | shared_pairs det_seg 154/288 det_cnt 95/288 seg_cnt 39/288 | scores det_seg -0.5224 det_cnt 1.9506 seg_cnt 0.4860
[stage2] epoch 8/50 step 11 | loss 4.4287 | train det 0.0564 seg 0.0486 cnt 3.1940 | shared_pairs det_seg 162/288 det_cnt 87/288 seg_cnt 39/288 | scores det_seg 2.5048 det_cnt 1.1514 seg_cnt -0.5964
[stage2] epoch 8/50 step 12 | loss 3.4706 | train det 0.0366 seg 0.1309 cnt 1.8737 | shared_pairs det_seg 160/288 det_cnt 82/288 seg_cnt 46/288 | scores det_seg -0.7886 det_cnt -0.3641 seg_cnt -0.5842
[stage2] epoch 8/50 step 13 | loss 4.1722 | train det 0.0519 seg 0.0899 cnt 2.6750 | shared_pairs det_seg 162/288 det_cnt 81/288 seg_cnt 45/288 | scores det_seg 0.7732 det_cnt 0.4526 seg_cnt -0.9381
[stage2] epoch 8/50 step 14 | loss 3.9095 | train det 0.0545 seg 0.1143 cnt 2.1777 | shared_pairs det_seg 162/288 det_cnt 86/288 seg_cnt 40/288 | scores det_seg 1.3940 det_cnt 1.0584 seg_cnt -0.5947
[stage2] epoch 8/50 step 15 | loss 5.3547 | train det 0.0914 seg 0.1330 cnt 2.9193 | shared_pairs det_seg 154/288 det_cnt 91/288 seg_cnt 43/288 | scores det_seg -1.2482 det_cnt 1.6456 seg_cnt 0.1502
[stage2] epoch 8/50 step 16 | loss 8.2401 | train det 0.0414 seg 0.0733 cnt 7.0327 | shared_pairs det_seg 154/288 det_cnt 80/288 seg_cnt 54/288 | scores det_seg -2.0459 det_cnt -1.3341 seg_cnt 0.6906
[stage2] epoch 8/50 step 17 | loss 3.4201 | train det 0.0881 seg 0.0540 cnt 1.6665 | shared_pairs det_seg 167/288 det_cnt 81/288 seg_cnt 40/288 | scores det_seg 0.0135 det_cnt 0.0585 seg_cnt -0.2966
[stage2] epoch 8/50 step 18 | loss 13.0482 | train det 0.0933 seg 0.0569 cnt 11.1939 | shared_pairs det_seg 183/288 det_cnt 80/288 seg_cnt 25/288 | scores det_seg 0.1509 det_cnt -1.0714 seg_cnt -1.9935
[stage2] epoch 8/50 step 19 | loss 12.2695 | train det 0.4937 seg 0.1073 cnt 4.0049 | shared_pairs det_seg 157/288 det_cnt 90/288 seg_cnt 41/288 | scores det_seg -0.4659 det_cnt 2.0268 seg_cnt 0.8098
[stage2] epoch 8/50 step 20 | loss 4.0606 | train det 0.0895 seg 0.0869 cnt 2.0229 | shared_pairs det_seg 170/288 det_cnt 74/288 seg_cnt 44/288 | scores det_seg 0.6976 det_cnt -1.2027 seg_cnt -0.6434
[stage2] epoch 8/50 step 21 | loss 9.7842 | train det 0.2429 seg 0.1985 cnt 4.5526 | shared_pairs det_seg 161/288 det_cnt 79/288 seg_cnt 48/288 | scores det_seg -1.1003 det_cnt 0.2047 seg_cnt 1.3441
[stage2] epoch 8/50 step 22 | loss 4.6534 | train det 0.0251 seg 0.2490 cnt 2.2846 | shared_pairs det_seg 176/288 det_cnt 71/288 seg_cnt 41/288 | scores det_seg 0.9356 det_cnt -2.1389 seg_cnt -1.3445
[stage2] epoch 8/50 step 23 | loss 4.6271 | train det 0.0948 seg 0.0380 cnt 2.9012 | shared_pairs det_seg 169/288 det_cnt 81/288 seg_cnt 38/288 | scores det_seg 1.2643 det_cnt 0.6413 seg_cnt -0.0468
[stage2] epoch 8/50 step 24 | loss 7.9901 | train det 0.2136 seg 0.1527 cnt 3.5644 | shared_pairs det_seg 158/288 det_cnt 80/288 seg_cnt 50/288 | scores det_seg -0.3554 det_cnt -0.0468 seg_cnt 2.1269
[stage2] epoch 8/50 step 25 | loss 4.6653 | train det 0.0864 seg 0.1048 cnt 2.5308 | shared_pairs det_seg 165/288 det_cnt 73/288 seg_cnt 50/288 | scores det_seg 0.7972 det_cnt -0.0186 seg_cnt -0.4740
[stage2] epoch 8/50 step 26 | loss 7.7750 | train det 0.1646 seg 0.1248 cnt 4.3081 | shared_pairs det_seg 167/288 det_cnt 78/288 seg_cnt 43/288 | scores det_seg 1.3659 det_cnt 1.4830 seg_cnt -0.2334
[stage2] epoch 8/50 step 27 | loss 5.7115 | train det 0.0574 seg 0.0988 cnt 4.0598 | shared_pairs det_seg 174/288 det_cnt 83/288 seg_cnt 31/288 | scores det_seg 1.5814 det_cnt 1.5977 seg_cnt 0.4770
[stage2] epoch 8/50 step 28 | loss 11.0654 | train det 0.0669 seg 0.1120 cnt 9.1657 | shared_pairs det_seg 170/288 det_cnt 69/288 seg_cnt 49/288 | scores det_seg -1.0310 det_cnt -2.1995 seg_cnt 0.6424
[stage2] epoch 8/50 step 29 | loss 4.3100 | train det 0.0857 seg 0.0961 cnt 2.2563 | shared_pairs det_seg 166/288 det_cnt 70/288 seg_cnt 52/288 | scores det_seg 0.2598 det_cnt -0.6952 seg_cnt 0.1490
[stage2] epoch 8/50 step 30 | loss 4.1720 | train det 0.0325 seg 0.1318 cnt 2.6306 | shared_pairs det_seg 153/288 det_cnt 92/288 seg_cnt 43/288 | scores det_seg -0.5936 det_cnt 1.5791 seg_cnt 0.5937
[stage2] epoch 8/50 step 31 | loss 4.0219 | train det 0.0636 seg 0.0912 cnt 2.3383 | shared_pairs det_seg 169/288 det_cnt 85/288 seg_cnt 34/288 | scores det_seg 0.7194 det_cnt 1.8571 seg_cnt -0.4563
[stage2] epoch 8/50 step 32 | loss 4.6834 | train det 0.0352 seg 0.1725 cnt 2.7750 | shared_pairs det_seg 163/288 det_cnt 77/288 seg_cnt 48/288 | scores det_seg -1.6785 det_cnt -1.4181 seg_cnt 1.4845
[stage2] epoch 8/50 step 33 | loss 7.7582 | train det 0.2726 seg 0.0353 cnt 3.3870 | shared_pairs det_seg 157/288 det_cnt 90/288 seg_cnt 41/288 | scores det_seg 0.1032 det_cnt -0.6595 seg_cnt 0.7920
[stage2] epoch 8/50 step 34 | loss 5.1270 | train det 0.0963 seg 0.0598 cnt 3.2043 | shared_pairs det_seg 165/288 det_cnt 73/288 seg_cnt 50/288 | scores det_seg -0.7828 det_cnt -1.9499 seg_cnt 0.4290
[stage2] epoch 8/50 step 35 | loss 6.5628 | train det 0.1727 seg 0.1411 cnt 2.8437 | shared_pairs det_seg 171/288 det_cnt 75/288 seg_cnt 42/288 | scores det_seg -0.7103 det_cnt 0.3360 seg_cnt -0.7801
[stage2] epoch 8/50 step 36 | loss 3.1632 | train det 0.0196 seg 0.0746 cnt 2.2733 | shared_pairs det_seg 151/288 det_cnt 88/288 seg_cnt 49/288 | scores det_seg -0.1747 det_cnt 0.7063 seg_cnt 1.2408
[stage2] epoch 8/50 step 37 | loss 4.5488 | train det 0.0239 seg 0.1739 cnt 2.7985 | shared_pairs det_seg 159/288 det_cnt 88/288 seg_cnt 41/288 | scores det_seg 0.5222 det_cnt -1.1771 seg_cnt 0.6549
[stage2] epoch 8/50 step 38 | loss 6.4740 | train det 0.1202 seg 0.2234 cnt 2.8841 | shared_pairs det_seg 166/288 det_cnt 80/288 seg_cnt 42/288 | scores det_seg 0.8877 det_cnt 0.2767 seg_cnt -0.5063
[stage2] epoch 8/50 step 39 | loss 11.7980 | train det 0.5288 seg 0.0909 cnt 3.1388 | shared_pairs det_seg 164/288 det_cnt 76/288 seg_cnt 48/288 | scores det_seg -0.1379 det_cnt -1.2198 seg_cnt 1.4918
[stage2] epoch 8/50 step 40 | loss 7.0910 | train det 0.0244 seg 0.1287 cnt 5.6953 | shared_pairs det_seg 150/288 det_cnt 95/288 seg_cnt 43/288 | scores det_seg -2.4923 det_cnt 2.5063 seg_cnt -0.0627
[stage2] epoch 8/50 step 41 | loss 4.9535 | train det 0.1705 seg 0.0473 cnt 2.0171 | shared_pairs det_seg 161/288 det_cnt 86/288 seg_cnt 41/288 | scores det_seg -0.8917 det_cnt 1.0807 seg_cnt -0.2887
[stage2] epoch 8/50 step 42 | loss 19.6999 | train det 0.3185 seg 0.0544 cnt 14.4873 | shared_pairs det_seg 170/288 det_cnt 73/288 seg_cnt 45/288 | scores det_seg 1.3376 det_cnt -0.1870 seg_cnt 0.0653
[stage2] epoch 8/50 step 43 | loss 7.2412 | train det 0.2656 seg 0.0901 cnt 2.5370 | shared_pairs det_seg 171/288 det_cnt 70/288 seg_cnt 47/288 | scores det_seg 0.1438 det_cnt -0.3894 seg_cnt -0.1797
[stage2] epoch 8/50 | train 6.8741 | det 0.1524 seg 0.1068 cnt 3.7332 | selected_by_matrix_unit det_seg 7023 det_cnt 3462 seg_cnt 1899
[stage2] epoch 8 | val det 0.6224 seg 1.0164 miou 0.6088 cnt 3.8919 dens 8.751894e-01 mae 3.0167 total_mae 15.4140 | ap50 0.5109 | combo 1.451196
[stage2] epoch 9/50 step 1 | loss 4.0591 | train det 0.0622 seg 0.0917 cnt 2.3923 | shared_pairs det_seg 164/288 det_cnt 85/288 seg_cnt 39/288 | scores det_seg -0.5743 det_cnt 1.3842 seg_cnt 0.0930
[stage2] epoch 9/50 step 2 | loss 6.7406 | train det 0.0751 seg 0.1687 cnt 4.2652 | shared_pairs det_seg 168/288 det_cnt 79/288 seg_cnt 41/288 | scores det_seg 0.1456 det_cnt 1.1835 seg_cnt 0.0744
[stage2] epoch 9/50 step 3 | loss 4.6804 | train det 0.0713 seg 0.0680 cnt 3.0661 | shared_pairs det_seg 169/288 det_cnt 78/288 seg_cnt 41/288 | scores det_seg -1.1677 det_cnt -1.0881 seg_cnt -1.2560
[stage2] epoch 9/50 step 4 | loss 2.6035 | train det 0.0415 seg 0.0932 cnt 1.2347 | shared_pairs det_seg 155/288 det_cnt 88/288 seg_cnt 45/288 | scores det_seg -0.0082 det_cnt 2.6488 seg_cnt -0.3173
[stage2] epoch 9/50 step 5 | loss 2.3081 | train det 0.0522 seg 0.0619 cnt 1.0291 | shared_pairs det_seg 168/288 det_cnt 85/288 seg_cnt 35/288 | scores det_seg 0.6688 det_cnt 1.1291 seg_cnt -0.9515
[stage2] epoch 9/50 step 6 | loss 4.4325 | train det 0.0920 seg 0.0625 cnt 2.5533 | shared_pairs det_seg 155/288 det_cnt 84/288 seg_cnt 49/288 | scores det_seg 0.0833 det_cnt -1.0181 seg_cnt 0.4336
[stage2] epoch 9/50 step 7 | loss 7.6412 | train det 0.1569 seg 0.1130 cnt 4.3841 | shared_pairs det_seg 157/288 det_cnt 94/288 seg_cnt 37/288 | scores det_seg 0.2729 det_cnt 1.2919 seg_cnt 0.1110
[stage2] epoch 9/50 step 8 | loss 7.2279 | train det 0.0418 seg 0.1077 cnt 5.7393 | shared_pairs det_seg 153/288 det_cnt 95/288 seg_cnt 40/288 | scores det_seg -2.0712 det_cnt 0.4336 seg_cnt -1.6055
[stage2] epoch 9/50 step 9 | loss 11.4893 | train det 0.4124 seg 0.1276 cnt 4.2816 | shared_pairs det_seg 158/288 det_cnt 82/288 seg_cnt 48/288 | scores det_seg -0.1224 det_cnt 0.5640 seg_cnt 1.3577
[stage2] epoch 9/50 step 10 | loss 5.3719 | train det 0.1365 seg 0.1014 cnt 2.5135 | shared_pairs det_seg 173/288 det_cnt 71/288 seg_cnt 44/288 | scores det_seg 2.0132 det_cnt -1.2786 seg_cnt -0.4877
[stage2] epoch 9/50 step 11 | loss 6.4856 | train det 0.0851 seg 0.1041 cnt 4.3772 | shared_pairs det_seg 157/288 det_cnt 91/288 seg_cnt 40/288 | scores det_seg -1.1238 det_cnt -1.1127 seg_cnt -1.6871
[stage2] epoch 9/50 step 12 | loss 3.2881 | train det 0.0653 seg 0.0584 cnt 1.8416 | shared_pairs det_seg 154/288 det_cnt 82/288 seg_cnt 52/288 | scores det_seg 0.6931 det_cnt -1.4027 seg_cnt 0.5401
[stage2] epoch 9/50 step 13 | loss 4.1719 | train det 0.0291 seg 0.1431 cnt 2.5902 | shared_pairs det_seg 149/288 det_cnt 98/288 seg_cnt 41/288 | scores det_seg -0.6562 det_cnt 2.0494 seg_cnt 0.1752
[stage2] epoch 9/50 step 14 | loss 4.6014 | train det 0.1087 seg 0.0555 cnt 2.5271 | shared_pairs det_seg 159/288 det_cnt 85/288 seg_cnt 44/288 | scores det_seg 1.0069 det_cnt 0.3510 seg_cnt -0.5909
[stage2] epoch 9/50 step 15 | loss 7.7697 | train det 0.0560 seg 0.1611 cnt 5.6408 | shared_pairs det_seg 170/288 det_cnt 79/288 seg_cnt 39/288 | scores det_seg -0.3721 det_cnt 1.1482 seg_cnt 0.2528
[stage2] epoch 9/50 step 16 | loss 11.7930 | train det 0.5738 seg 0.1074 cnt 2.3265 | shared_pairs det_seg 166/288 det_cnt 79/288 seg_cnt 43/288 | scores det_seg 1.0594 det_cnt -0.3257 seg_cnt 0.4947
[stage2] epoch 9/50 step 17 | loss 6.5070 | train det 0.0752 seg 0.1027 cnt 4.5572 | shared_pairs det_seg 143/288 det_cnt 99/288 seg_cnt 46/288 | scores det_seg -0.3466 det_cnt 2.8575 seg_cnt 1.5882
[stage2] epoch 9/50 step 18 | loss 6.2720 | train det 0.0968 seg 0.1107 cnt 3.9339 | shared_pairs det_seg 163/288 det_cnt 82/288 seg_cnt 43/288 | scores det_seg 0.4754 det_cnt -0.9094 seg_cnt -0.1947
[stage2] epoch 9/50 step 19 | loss 6.1132 | train det 0.0794 seg 0.0431 cnt 4.5769 | shared_pairs det_seg 158/288 det_cnt 90/288 seg_cnt 40/288 | scores det_seg 0.6512 det_cnt 1.5571 seg_cnt 1.0536
[stage2] epoch 9/50 step 20 | loss 8.4217 | train det 0.2604 seg 0.1297 cnt 3.4783 | shared_pairs det_seg 162/288 det_cnt 83/288 seg_cnt 43/288 | scores det_seg -1.3975 det_cnt 0.4619 seg_cnt -0.1333
[stage2] epoch 9/50 step 21 | loss 7.1971 | train det 0.0593 seg 0.0932 cnt 5.5610 | shared_pairs det_seg 165/288 det_cnt 72/288 seg_cnt 51/288 | scores det_seg -0.5047 det_cnt -2.0222 seg_cnt 0.7154
[stage2] epoch 9/50 step 22 | loss 6.5952 | train det 0.1666 seg 0.0717 cnt 3.5226 | shared_pairs det_seg 172/288 det_cnt 75/288 seg_cnt 41/288 | scores det_seg 0.6690 det_cnt -1.2636 seg_cnt -0.6959
[stage2] epoch 9/50 step 23 | loss 11.9609 | train det 0.0823 seg 0.0337 cnt 10.4570 | shared_pairs det_seg 171/288 det_cnt 71/288 seg_cnt 46/288 | scores det_seg 0.3207 det_cnt 0.0067 seg_cnt 0.6988
[stage2] epoch 9/50 step 24 | loss 5.2356 | train det 0.0738 seg 0.1245 cnt 3.1323 | shared_pairs det_seg 164/288 det_cnt 79/288 seg_cnt 45/288 | scores det_seg -0.8230 det_cnt -2.4205 seg_cnt -1.0692
[stage2] epoch 9/50 step 25 | loss 10.2437 | train det 0.4917 seg 0.0816 cnt 2.2150 | shared_pairs det_seg 157/288 det_cnt 83/288 seg_cnt 48/288 | scores det_seg 1.8059 det_cnt 0.6325 seg_cnt 0.3299
[stage2] epoch 9/50 step 26 | loss 4.5043 | train det 0.0443 seg 0.0867 cnt 3.1455 | shared_pairs det_seg 169/288 det_cnt 73/288 seg_cnt 46/288 | scores det_seg -1.5589 det_cnt -2.2055 seg_cnt 0.5826
[stage2] epoch 9/50 step 27 | loss 3.8925 | train det 0.0669 seg 0.0850 cnt 2.2090 | shared_pairs det_seg 170/288 det_cnt 79/288 seg_cnt 39/288 | scores det_seg 0.0057 det_cnt -1.9764 seg_cnt 0.1398
[stage2] epoch 9/50 step 28 | loss 10.1692 | train det 0.4756 seg 0.1795 cnt 1.5991 | shared_pairs det_seg 169/288 det_cnt 67/288 seg_cnt 52/288 | scores det_seg 0.3236 det_cnt -0.8299 seg_cnt 1.5774
[stage2] epoch 9/50 step 29 | loss 2.4870 | train det 0.0417 seg 0.0383 cnt 1.5557 | shared_pairs det_seg 168/288 det_cnt 84/288 seg_cnt 36/288 | scores det_seg 0.6281 det_cnt -0.9187 seg_cnt -0.4688
[stage2] epoch 9/50 step 30 | loss 4.8722 | train det 0.1478 seg 0.0502 cnt 2.2530 | shared_pairs det_seg 160/288 det_cnt 85/288 seg_cnt 43/288 | scores det_seg -1.1811 det_cnt 0.1139 seg_cnt -1.4790
[stage2] epoch 9/50 step 31 | loss 7.0631 | train det 0.1297 seg 0.0916 cnt 4.3856 | shared_pairs det_seg 172/288 det_cnt 76/288 seg_cnt 40/288 | scores det_seg 0.7066 det_cnt -0.0328 seg_cnt -0.2218
[stage2] epoch 9/50 step 32 | loss 13.7747 | train det 0.2643 seg 0.1241 cnt 8.8169 | shared_pairs det_seg 170/288 det_cnt 81/288 seg_cnt 37/288 | scores det_seg 1.0309 det_cnt -0.8628 seg_cnt -1.1189
[stage2] epoch 9/50 step 33 | loss 5.1290 | train det 0.0460 seg 0.1049 cnt 3.5999 | shared_pairs det_seg 163/288 det_cnt 76/288 seg_cnt 49/288 | scores det_seg -0.3286 det_cnt -0.3022 seg_cnt 0.7719
[stage2] epoch 9/50 step 34 | loss 11.9732 | train det 0.5118 seg 0.1235 cnt 3.3083 | shared_pairs det_seg 156/288 det_cnt 85/288 seg_cnt 47/288 | scores det_seg 1.8638 det_cnt 0.6911 seg_cnt 1.4331
[stage2] epoch 9/50 step 35 | loss 5.0069 | train det 0.0381 seg 0.1060 cnt 3.5883 | shared_pairs det_seg 161/288 det_cnt 82/288 seg_cnt 45/288 | scores det_seg -0.7781 det_cnt -1.3493 seg_cnt -1.5467
[stage2] epoch 9/50 step 36 | loss 4.0526 | train det 0.0828 seg 0.1061 cnt 1.9621 | shared_pairs det_seg 162/288 det_cnt 81/288 seg_cnt 45/288 | scores det_seg 0.5596 det_cnt -0.1547 seg_cnt -0.2606
[stage2] epoch 9/50 step 37 | loss 4.4806 | train det 0.0642 seg 0.1066 cnt 2.6649 | shared_pairs det_seg 163/288 det_cnt 84/288 seg_cnt 41/288 | scores det_seg 0.0102 det_cnt 1.5059 seg_cnt -1.1730
[stage2] epoch 9/50 step 38 | loss 6.2501 | train det 0.0624 seg 0.1472 cnt 4.1375 | shared_pairs det_seg 166/288 det_cnt 82/288 seg_cnt 40/288 | scores det_seg 0.3460 det_cnt -0.6405 seg_cnt -0.8622
[stage2] epoch 9/50 step 39 | loss 5.7429 | train det 0.0876 seg 0.0678 cnt 3.8854 | shared_pairs det_seg 156/288 det_cnt 92/288 seg_cnt 40/288 | scores det_seg 0.0608 det_cnt 1.2211 seg_cnt -0.3055
[stage2] epoch 9/50 step 40 | loss 3.1182 | train det 0.0553 seg 0.0850 cnt 1.6079 | shared_pairs det_seg 156/288 det_cnt 84/288 seg_cnt 48/288 | scores det_seg -0.0618 det_cnt -0.5059 seg_cnt 0.2136
[stage2] epoch 9/50 step 41 | loss 4.7110 | train det 0.0403 seg 0.1133 cnt 3.1992 | shared_pairs det_seg 166/288 det_cnt 73/288 seg_cnt 49/288 | scores det_seg 0.1371 det_cnt -2.1666 seg_cnt 1.1352
[stage2] epoch 9/50 step 42 | loss 6.8484 | train det 0.1069 seg 0.0770 cnt 4.6282 | shared_pairs det_seg 157/288 det_cnt 79/288 seg_cnt 52/288 | scores det_seg -0.0718 det_cnt -0.0067 seg_cnt 1.4568
[stage2] epoch 9/50 step 43 | loss 8.0531 | train det 0.1193 seg 0.0834 cnt 5.5963 | shared_pairs det_seg 156/288 det_cnt 93/288 seg_cnt 39/288 | scores det_seg 1.5541 det_cnt 0.4110 seg_cnt 0.1193
[stage2] epoch 9/50 | train 6.4032 | det 0.1356 seg 0.0975 cnt 3.5893 | selected_by_matrix_unit det_seg 6970 det_cnt 3545 seg_cnt 1869
[stage2] epoch 9 | val det 0.6387 seg 1.0777 miou 0.6071 cnt 4.0523 dens 8.837548e-01 mae 3.1686 total_mae 13.9514 | ap50 0.5094 | combo 1.432096
[stage2] epoch 10/50 step 1 | loss 4.7167 | train det 0.0455 seg 0.0800 cnt 3.3945 | shared_pairs det_seg 164/288 det_cnt 77/288 seg_cnt 47/288 | scores det_seg -1.0030 det_cnt -0.5102 seg_cnt -1.0804
[stage2] epoch 10/50 step 2 | loss 3.5694 | train det 0.0590 seg 0.0957 cnt 1.9189 | shared_pairs det_seg 165/288 det_cnt 78/288 seg_cnt 45/288 | scores det_seg 0.9626 det_cnt -0.3468 seg_cnt -1.3958
[stage2] epoch 10/50 step 3 | loss 2.8434 | train det 0.0642 seg 0.0758 cnt 1.2742 | shared_pairs det_seg 153/288 det_cnt 82/288 seg_cnt 53/288 | scores det_seg -2.4421 det_cnt -1.3968 seg_cnt 1.2822
[stage2] epoch 10/50 step 4 | loss 5.7199 | train det 0.0890 seg 0.0688 cnt 3.8340 | shared_pairs det_seg 154/288 det_cnt 88/288 seg_cnt 46/288 | scores det_seg -0.1062 det_cnt 1.4080 seg_cnt 0.2790
[stage2] epoch 10/50 step 5 | loss 7.6112 | train det 0.0818 seg 0.1175 cnt 5.4443 | shared_pairs det_seg 165/288 det_cnt 79/288 seg_cnt 44/288 | scores det_seg -0.8983 det_cnt -0.5838 seg_cnt -0.3843
[stage2] epoch 10/50 step 6 | loss 4.7893 | train det 0.0787 seg 0.0658 cnt 3.0825 | shared_pairs det_seg 162/288 det_cnt 82/288 seg_cnt 44/288 | scores det_seg 0.6330 det_cnt -1.1159 seg_cnt 0.2383
[stage2] epoch 10/50 step 7 | loss 4.2795 | train det 0.0735 seg 0.0801 cnt 2.5371 | shared_pairs det_seg 164/288 det_cnt 80/288 seg_cnt 44/288 | scores det_seg 0.8646 det_cnt -1.3506 seg_cnt 0.4302
[stage2] epoch 10/50 step 8 | loss 4.0251 | train det 0.0483 seg 0.0946 cnt 2.5434 | shared_pairs det_seg 152/288 det_cnt 79/288 seg_cnt 57/288 | scores det_seg -1.2221 det_cnt -0.8100 seg_cnt 1.0969
[stage2] epoch 10/50 step 9 | loss 8.7995 | train det 0.1868 seg 0.1293 cnt 4.9627 | shared_pairs det_seg 163/288 det_cnt 88/288 seg_cnt 37/288 | scores det_seg 1.0207 det_cnt -0.2045 seg_cnt -1.2786
[stage2] epoch 10/50 step 10 | loss 3.7043 | train det 0.0445 seg 0.0497 cnt 2.6397 | shared_pairs det_seg 161/288 det_cnt 73/288 seg_cnt 54/288 | scores det_seg -0.0591 det_cnt -2.0773 seg_cnt 0.7131
[stage2] epoch 10/50 step 11 | loss 4.2337 | train det 0.0843 seg 0.1173 cnt 2.0310 | shared_pairs det_seg 162/288 det_cnt 88/288 seg_cnt 38/288 | scores det_seg -1.0864 det_cnt 0.3391 seg_cnt -1.1379
[stage2] epoch 10/50 step 12 | loss 3.5735 | train det 0.0761 seg 0.0815 cnt 1.7807 | shared_pairs det_seg 160/288 det_cnt 86/288 seg_cnt 42/288 | scores det_seg 0.4988 det_cnt 1.0506 seg_cnt -0.8139
[stage2] epoch 10/50 step 13 | loss 3.9965 | train det 0.0319 seg 0.2254 cnt 1.7143 | shared_pairs det_seg 161/288 det_cnt 85/288 seg_cnt 42/288 | scores det_seg -0.1342 det_cnt -0.5419 seg_cnt 0.8825
[stage2] epoch 10/50 step 14 | loss 5.0249 | train det 0.0773 seg 0.0749 cnt 3.2657 | shared_pairs det_seg 163/288 det_cnt 76/288 seg_cnt 49/288 | scores det_seg 0.2738 det_cnt -1.0869 seg_cnt -0.5053
[stage2] epoch 10/50 step 15 | loss 9.4914 | train det 0.2457 seg 0.0911 cnt 5.0776 | shared_pairs det_seg 146/288 det_cnt 96/288 seg_cnt 46/288 | scores det_seg -0.2368 det_cnt 1.7180 seg_cnt 0.1216
[stage2] epoch 10/50 step 16 | loss 4.0125 | train det 0.0549 seg 0.0681 cnt 2.6441 | shared_pairs det_seg 167/288 det_cnt 80/288 seg_cnt 41/288 | scores det_seg 1.3216 det_cnt 0.1323 seg_cnt -0.2202
[stage2] epoch 10/50 step 17 | loss 3.2978 | train det 0.0547 seg 0.1051 cnt 1.6374 | shared_pairs det_seg 153/288 det_cnt 88/288 seg_cnt 47/288 | scores det_seg -2.3085 det_cnt -0.1656 seg_cnt 0.3376
[stage2] epoch 10/50 step 18 | loss 7.4936 | train det 0.1650 seg 0.0751 cnt 4.4188 | shared_pairs det_seg 168/288 det_cnt 67/288 seg_cnt 53/288 | scores det_seg -0.8175 det_cnt -1.7577 seg_cnt 0.8287
[stage2] epoch 10/50 step 19 | loss 4.5681 | train det 0.1607 seg 0.0570 cnt 1.7025 | shared_pairs det_seg 174/288 det_cnt 70/288 seg_cnt 44/288 | scores det_seg -0.3814 det_cnt -0.0186 seg_cnt 0.0139
[stage2] epoch 10/50 step 20 | loss 4.6140 | train det 0.0897 seg 0.1068 cnt 2.4146 | shared_pairs det_seg 153/288 det_cnt 94/288 seg_cnt 41/288 | scores det_seg 0.9015 det_cnt 1.9353 seg_cnt 1.2407
[stage2] epoch 10/50 step 21 | loss 4.9073 | train det 0.0791 seg 0.0925 cnt 2.9805 | shared_pairs det_seg 156/288 det_cnt 73/288 seg_cnt 59/288 | scores det_seg -0.8243 det_cnt -2.0640 seg_cnt 1.3391
[stage2] epoch 10/50 step 22 | loss 9.1020 | train det 0.0465 seg 0.1058 cnt 7.5571 | shared_pairs det_seg 153/288 det_cnt 88/288 seg_cnt 47/288 | scores det_seg 0.5589 det_cnt -1.5743 seg_cnt -0.1997
[stage2] epoch 10/50 step 23 | loss 4.8598 | train det 0.1780 seg 0.0984 cnt 1.4035 | shared_pairs det_seg 165/288 det_cnt 86/288 seg_cnt 37/288 | scores det_seg -0.0143 det_cnt 1.1552 seg_cnt -1.5472
[stage2] epoch 10/50 step 24 | loss 4.1939 | train det 0.0949 seg 0.0738 cnt 2.1808 | shared_pairs det_seg 145/288 det_cnt 95/288 seg_cnt 48/288 | scores det_seg -2.0964 det_cnt 1.1450 seg_cnt 0.2885
[stage2] epoch 10/50 step 25 | loss 4.1497 | train det 0.0940 seg 0.0637 cnt 2.2308 | shared_pairs det_seg 169/288 det_cnt 77/288 seg_cnt 42/288 | scores det_seg 0.2929 det_cnt 0.1490 seg_cnt 0.3058
[stage2] epoch 10/50 step 26 | loss 9.4123 | train det 0.4170 seg 0.1552 cnt 1.9166 | shared_pairs det_seg 159/288 det_cnt 98/288 seg_cnt 31/288 | scores det_seg -0.2014 det_cnt -0.1205 seg_cnt -1.5034
[stage2] epoch 10/50 step 27 | loss 3.9753 | train det 0.1398 seg 0.0733 cnt 1.2914 | shared_pairs det_seg 141/288 det_cnt 100/288 seg_cnt 47/288 | scores det_seg -0.6092 det_cnt 1.2276 seg_cnt -0.7261
[stage2] epoch 10/50 step 28 | loss 4.4426 | train det 0.0598 seg 0.0115 cnt 3.4531 | shared_pairs det_seg 152/288 det_cnt 85/288 seg_cnt 51/288 | scores det_seg -2.1814 det_cnt -1.9037 seg_cnt 0.2121
[stage2] epoch 10/50 step 29 | loss 7.1770 | train det 0.0587 seg 0.0819 cnt 5.6415 | shared_pairs det_seg 153/288 det_cnt 82/288 seg_cnt 53/288 | scores det_seg -0.5590 det_cnt 0.2875 seg_cnt 0.0559
[stage2] epoch 10/50 step 30 | loss 4.8256 | train det 0.0499 seg 0.0549 cnt 3.6382 | shared_pairs det_seg 176/288 det_cnt 67/288 seg_cnt 45/288 | scores det_seg 2.0623 det_cnt -2.6984 seg_cnt -0.0719
[stage2] epoch 10/50 step 31 | loss 3.9426 | train det 0.0628 seg 0.0704 cnt 2.4371 | shared_pairs det_seg 169/288 det_cnt 79/288 seg_cnt 40/288 | scores det_seg 0.5941 det_cnt 0.2106 seg_cnt -0.6798
[stage2] epoch 10/50 step 32 | loss 4.7758 | train det 0.0832 seg 0.1512 cnt 2.3185 | shared_pairs det_seg 163/288 det_cnt 76/288 seg_cnt 49/288 | scores det_seg 0.0256 det_cnt -0.5283 seg_cnt 0.8685
[stage2] epoch 10/50 step 33 | loss 6.9974 | train det 0.0871 seg 0.1351 cnt 4.6106 | shared_pairs det_seg 155/288 det_cnt 86/288 seg_cnt 47/288 | scores det_seg -0.5529 det_cnt 0.8688 seg_cnt 0.8704
[stage2] epoch 10/50 step 34 | loss 4.0561 | train det 0.0940 seg 0.0672 cnt 2.1079 | shared_pairs det_seg 160/288 det_cnt 77/288 seg_cnt 51/288 | scores det_seg -0.1337 det_cnt 0.0384 seg_cnt 0.2397
[stage2] epoch 10/50 step 35 | loss 6.5814 | train det 0.1702 seg 0.2612 cnt 1.9395 | shared_pairs det_seg 150/288 det_cnt 88/288 seg_cnt 50/288 | scores det_seg -1.5042 det_cnt -0.4158 seg_cnt 0.4761
[stage2] epoch 10/50 step 36 | loss 3.9478 | train det 0.1058 seg 0.1011 cnt 1.5521 | shared_pairs det_seg 176/288 det_cnt 68/288 seg_cnt 44/288 | scores det_seg 1.2530 det_cnt -0.9797 seg_cnt -1.0169
[stage2] epoch 10/50 step 37 | loss 3.0168 | train det 0.0412 seg 0.0818 cnt 1.7448 | shared_pairs det_seg 165/288 det_cnt 77/288 seg_cnt 46/288 | scores det_seg -0.2356 det_cnt -1.0083 seg_cnt 0.0515
[stage2] epoch 10/50 step 38 | loss 4.7756 | train det 0.0782 seg 0.1038 cnt 2.7714 | shared_pairs det_seg 166/288 det_cnt 82/288 seg_cnt 40/288 | scores det_seg -0.1370 det_cnt -0.2240 seg_cnt 0.0330
[stage2] epoch 10/50 step 39 | loss 6.0596 | train det 0.0616 seg 0.1412 cnt 4.0056 | shared_pairs det_seg 157/288 det_cnt 82/288 seg_cnt 49/288 | scores det_seg 0.4169 det_cnt 0.6572 seg_cnt -0.5583
[stage2] epoch 10/50 step 40 | loss 3.9431 | train det 0.0715 seg 0.0518 cnt 2.4569 | shared_pairs det_seg 147/288 det_cnt 94/288 seg_cnt 47/288 | scores det_seg -0.5906 det_cnt -0.0466 seg_cnt -0.9369
[stage2] epoch 10/50 step 41 | loss 3.5824 | train det 0.0780 seg 0.1125 cnt 1.5124 | shared_pairs det_seg 175/288 det_cnt 56/288 seg_cnt 57/288 | scores det_seg 0.8362 det_cnt -3.1837 seg_cnt 0.9881
[stage2] epoch 10/50 step 42 | loss 5.6672 | train det 0.0806 seg 0.0871 cnt 3.7611 | shared_pairs det_seg 162/288 det_cnt 81/288 seg_cnt 45/288 | scores det_seg -0.1078 det_cnt 1.2495 seg_cnt 1.0363
[stage2] epoch 10/50 step 43 | loss 3.5123 | train det 0.0658 seg 0.1462 cnt 1.3552 | shared_pairs det_seg 168/288 det_cnt 80/288 seg_cnt 40/288 | scores det_seg 0.0469 det_cnt -2.4565 seg_cnt -0.8187
[stage2] epoch 10/50 | train 5.0760 | det 0.0956 seg 0.0972 cnt 2.8648 | selected_by_matrix_unit det_seg 6892 det_cnt 3513 seg_cnt 1979
[stage2] epoch 10 | val det 0.6071 seg 1.0730 miou 0.6104 cnt 4.0286 dens 8.819832e-01 mae 3.1466 total_mae 13.4604 | ap50 0.5143 | combo 1.442502
[stage2] epoch 11/50 step 1 | loss 5.3627 | train det 0.0733 seg 0.0852 cnt 3.5823 | shared_pairs det_seg 148/288 det_cnt 98/288 seg_cnt 42/288 | scores det_seg -1.0527 det_cnt 1.6556 seg_cnt 0.1953
[stage2] epoch 11/50 step 2 | loss 2.7051 | train det 0.0182 seg 0.0782 cnt 1.8071 | shared_pairs det_seg 137/288 det_cnt 93/288 seg_cnt 58/288 | scores det_seg -2.3650 det_cnt 1.6412 seg_cnt -0.1000
[stage2] epoch 11/50 step 3 | loss 8.4550 | train det 0.1921 seg 0.1123 cnt 4.6748 | shared_pairs det_seg 150/288 det_cnt 92/288 seg_cnt 46/288 | scores det_seg -0.1771 det_cnt 1.8321 seg_cnt 0.4975
[stage2] epoch 11/50 step 4 | loss 5.2739 | train det 0.0586 seg 0.0554 cnt 3.9514 | shared_pairs det_seg 149/288 det_cnt 85/288 seg_cnt 54/288 | scores det_seg 0.1058 det_cnt 1.1217 seg_cnt 0.9572
[stage2] epoch 11/50 step 5 | loss 6.3320 | train det 0.0518 seg 0.1317 cnt 4.5016 | shared_pairs det_seg 155/288 det_cnt 81/288 seg_cnt 52/288 | scores det_seg -1.5305 det_cnt 0.7419 seg_cnt 0.0220
[stage2] epoch 11/50 step 6 | loss 6.1238 | train det 0.1311 seg 0.0980 cnt 3.3737 | shared_pairs det_seg 147/288 det_cnt 102/288 seg_cnt 39/288 | scores det_seg 1.0569 det_cnt 0.9138 seg_cnt 0.4780
[stage2] epoch 11/50 step 7 | loss 4.6003 | train det 0.1224 seg 0.0563 cnt 2.3136 | shared_pairs det_seg 164/288 det_cnt 87/288 seg_cnt 37/288 | scores det_seg 0.3224 det_cnt 0.8840 seg_cnt -0.4418
[stage2] epoch 11/50 step 8 | loss 5.4737 | train det 0.1449 seg 0.0517 cnt 2.8859 | shared_pairs det_seg 169/288 det_cnt 81/288 seg_cnt 38/288 | scores det_seg 1.3868 det_cnt 0.3838 seg_cnt -0.0131
[stage2] epoch 11/50 step 9 | loss 2.3212 | train det 0.0621 seg 0.0558 cnt 0.9436 | shared_pairs det_seg 155/288 det_cnt 88/288 seg_cnt 45/288 | scores det_seg 0.0491 det_cnt 1.5005 seg_cnt -0.5043
[stage2] epoch 11/50 step 10 | loss 5.8069 | train det 0.0695 seg 0.0404 cnt 4.4414 | shared_pairs det_seg 164/288 det_cnt 76/288 seg_cnt 48/288 | scores det_seg -1.0333 det_cnt -0.5376 seg_cnt -0.6242
[stage2] epoch 11/50 step 11 | loss 3.6378 | train det 0.1059 seg 0.0349 cnt 1.7701 | shared_pairs det_seg 166/288 det_cnt 98/288 seg_cnt 24/288 | scores det_seg 0.1546 det_cnt 2.2215 seg_cnt -2.2020
[stage2] epoch 11/50 step 12 | loss 3.7000 | train det 0.0356 seg 0.0661 cnt 2.6373 | shared_pairs det_seg 132/288 det_cnt 115/288 seg_cnt 41/288 | scores det_seg -1.0459 det_cnt 3.0233 seg_cnt -0.7300
[stage2] epoch 11/50 step 13 | loss 4.7556 | train det 0.0318 seg 0.0551 cnt 3.8372 | shared_pairs det_seg 162/288 det_cnt 83/288 seg_cnt 43/288 | scores det_seg -0.1525 det_cnt -0.4721 seg_cnt 1.1800
[stage2] epoch 11/50 step 14 | loss 4.6436 | train det 0.0181 seg 0.0702 cnt 3.8108 | shared_pairs det_seg 172/288 det_cnt 73/288 seg_cnt 43/288 | scores det_seg 0.4478 det_cnt 2.1439 seg_cnt -0.5332
[stage2] epoch 11/50 step 15 | loss 5.2732 | train det 0.1347 seg 0.0660 cnt 2.7244 | shared_pairs det_seg 170/288 det_cnt 83/288 seg_cnt 35/288 | scores det_seg 0.3088 det_cnt -1.0208 seg_cnt 0.2587
[stage2] epoch 11/50 step 16 | loss 4.0188 | train det 0.0815 seg 0.1231 cnt 1.8117 | shared_pairs det_seg 141/288 det_cnt 94/288 seg_cnt 53/288 | scores det_seg -2.5660 det_cnt 1.0898 seg_cnt 0.3147
[stage2] epoch 11/50 step 17 | loss 3.8461 | train det 0.0675 seg 0.1067 cnt 1.9799 | shared_pairs det_seg 166/288 det_cnt 88/288 seg_cnt 34/288 | scores det_seg 1.1158 det_cnt 1.1206 seg_cnt -0.7514
[stage2] epoch 11/50 step 18 | loss 7.2900 | train det 0.1133 seg 0.0490 cnt 5.1989 | shared_pairs det_seg 155/288 det_cnt 88/288 seg_cnt 45/288 | scores det_seg -1.0177 det_cnt 0.3182 seg_cnt -0.3985
[stage2] epoch 11/50 step 19 | loss 5.0857 | train det 0.0563 seg 0.0506 cnt 3.8359 | shared_pairs det_seg 161/288 det_cnt 76/288 seg_cnt 51/288 | scores det_seg -0.0703 det_cnt -0.3165 seg_cnt -0.0890
[stage2] epoch 11/50 step 20 | loss 4.6648 | train det 0.0908 seg 0.0837 cnt 2.6332 | shared_pairs det_seg 175/288 det_cnt 74/288 seg_cnt 39/288 | scores det_seg 1.8236 det_cnt -1.2011 seg_cnt -1.2637
[stage2] epoch 11/50 step 21 | loss 5.8199 | train det 0.0876 seg 0.0739 cnt 3.9145 | shared_pairs det_seg 148/288 det_cnt 94/288 seg_cnt 46/288 | scores det_seg -0.9513 det_cnt 1.2497 seg_cnt -0.1344
[stage2] epoch 11/50 step 22 | loss 14.9557 | train det 0.7475 seg 0.1702 cnt 2.3809 | shared_pairs det_seg 164/288 det_cnt 85/288 seg_cnt 39/288 | scores det_seg -3.3827 det_cnt -1.6394 seg_cnt -0.5518
[stage2] epoch 11/50 step 23 | loss 2.6120 | train det 0.0329 seg 0.0947 cnt 1.3612 | shared_pairs det_seg 152/288 det_cnt 90/288 seg_cnt 46/288 | scores det_seg -0.7162 det_cnt 0.9043 seg_cnt -0.0618
[stage2] epoch 11/50 step 24 | loss 3.2354 | train det 0.0357 seg 0.1081 cnt 1.8353 | shared_pairs det_seg 143/288 det_cnt 93/288 seg_cnt 52/288 | scores det_seg -1.8348 det_cnt 0.6759 seg_cnt 0.8957
[stage2] epoch 11/50 step 25 | loss 7.9645 | train det 0.1849 seg 0.0917 cnt 4.4571 | shared_pairs det_seg 170/288 det_cnt 77/288 seg_cnt 41/288 | scores det_seg 1.7630 det_cnt -1.0750 seg_cnt 0.7619
[stage2] epoch 11/50 step 26 | loss 2.5718 | train det 0.0457 seg 0.0546 cnt 1.4498 | shared_pairs det_seg 147/288 det_cnt 101/288 seg_cnt 40/288 | scores det_seg -0.0605 det_cnt 1.1270 seg_cnt -1.2585
[stage2] epoch 11/50 step 27 | loss 5.2449 | train det 0.0411 seg 0.0466 cnt 4.2554 | shared_pairs det_seg 162/288 det_cnt 75/288 seg_cnt 51/288 | scores det_seg 0.0553 det_cnt -0.1510 seg_cnt -0.2312
[stage2] epoch 11/50 step 28 | loss 7.8019 | train det 0.2346 seg 0.1942 cnt 2.7294 | shared_pairs det_seg 166/288 det_cnt 81/288 seg_cnt 41/288 | scores det_seg 0.0225 det_cnt 0.2217 seg_cnt 2.1503
[stage2] epoch 11/50 step 29 | loss 7.4907 | train det 0.1399 seg 0.0459 cnt 5.0254 | shared_pairs det_seg 166/288 det_cnt 75/288 seg_cnt 47/288 | scores det_seg 1.5515 det_cnt -0.9217 seg_cnt 0.7941
[stage2] epoch 11/50 step 30 | loss 6.9502 | train det 0.1448 seg 0.1026 cnt 3.9568 | shared_pairs det_seg 161/288 det_cnt 87/288 seg_cnt 40/288 | scores det_seg 1.8169 det_cnt 1.0708 seg_cnt -0.6533
[stage2] epoch 11/50 step 31 | loss 4.1823 | train det 0.0695 seg 0.0623 cnt 2.6408 | shared_pairs det_seg 160/288 det_cnt 96/288 seg_cnt 32/288 | scores det_seg 0.5734 det_cnt 1.8547 seg_cnt -0.8148
[stage2] epoch 11/50 step 32 | loss 3.9719 | train det 0.0652 seg 0.0743 cnt 2.3999 | shared_pairs det_seg 168/288 det_cnt 83/288 seg_cnt 37/288 | scores det_seg -0.3045 det_cnt 0.2487 seg_cnt -0.1972
[stage2] epoch 11/50 step 33 | loss 2.8908 | train det 0.1193 seg 0.0542 cnt 0.6673 | shared_pairs det_seg 175/288 det_cnt 70/288 seg_cnt 43/288 | scores det_seg 0.8837 det_cnt -0.2966 seg_cnt -0.0586
[stage2] epoch 11/50 step 34 | loss 4.6291 | train det 0.0455 seg 0.0783 cnt 3.3203 | shared_pairs det_seg 151/288 det_cnt 79/288 seg_cnt 58/288 | scores det_seg 1.4895 det_cnt 1.9250 seg_cnt 1.7206
[stage2] epoch 11/50 step 35 | loss 8.1942 | train det 0.3682 seg 0.0346 cnt 2.3952 | shared_pairs det_seg 162/288 det_cnt 88/288 seg_cnt 38/288 | scores det_seg 0.7470 det_cnt 0.5470 seg_cnt -0.0212
[stage2] epoch 11/50 step 36 | loss 7.8331 | train det 0.2795 seg 0.1552 cnt 2.3991 | shared_pairs det_seg 161/288 det_cnt 86/288 seg_cnt 41/288 | scores det_seg 0.5893 det_cnt 0.8738 seg_cnt 0.7463
[stage2] epoch 11/50 step 37 | loss 4.8867 | train det 0.0617 seg 0.0809 cnt 3.3142 | shared_pairs det_seg 151/288 det_cnt 82/288 seg_cnt 55/288 | scores det_seg 1.4759 det_cnt 1.4644 seg_cnt 1.7267
[stage2] epoch 11/50 step 38 | loss 4.0952 | train det 0.0395 seg 0.0884 cnt 2.7961 | shared_pairs det_seg 178/288 det_cnt 79/288 seg_cnt 31/288 | scores det_seg 1.0758 det_cnt -0.6431 seg_cnt -1.7754
[stage2] epoch 11/50 step 39 | loss 5.2771 | train det 0.1437 seg 0.1189 cnt 2.1701 | shared_pairs det_seg 164/288 det_cnt 72/288 seg_cnt 52/288 | scores det_seg -1.1966 det_cnt -1.2148 seg_cnt -0.0641
[stage2] epoch 11/50 step 40 | loss 3.3458 | train det 0.0669 seg 0.0551 cnt 1.9009 | shared_pairs det_seg 159/288 det_cnt 87/288 seg_cnt 42/288 | scores det_seg 1.3990 det_cnt 0.8673 seg_cnt -0.1377
[stage2] epoch 11/50 step 41 | loss 3.8490 | train det 0.0535 seg 0.1312 cnt 1.9971 | shared_pairs det_seg 173/288 det_cnt 73/288 seg_cnt 42/288 | scores det_seg -0.1526 det_cnt -1.9187 seg_cnt 0.0858
[stage2] epoch 11/50 step 42 | loss 6.3515 | train det 0.1077 seg 0.0504 cnt 4.3333 | shared_pairs det_seg 161/288 det_cnt 76/288 seg_cnt 51/288 | scores det_seg -1.0264 det_cnt -3.2194 seg_cnt 1.1960
[stage2] epoch 11/50 step 43 | loss 6.6443 | train det 0.1153 seg 0.1488 cnt 3.7253 | shared_pairs det_seg 176/288 det_cnt 67/288 seg_cnt 45/288 | scores det_seg 1.0281 det_cnt -1.7581 seg_cnt 0.0691
[stage2] epoch 11/50 | train 5.3528 | det 0.1137 seg 0.0834 cnt 2.9800 | selected_by_matrix_unit det_seg 6856 det_cnt 3651 seg_cnt 1877
[stage2] epoch 11 | val det 0.6417 seg 1.0958 miou 0.6079 cnt 3.9761 dens 8.728286e-01 mae 3.1033 total_mae 13.6453 | ap50 0.5097 | combo 1.439841
[stage2] epoch 12/50 step 1 | loss 4.1023 | train det 0.0646 seg 0.0492 cnt 2.7405 | shared_pairs det_seg 167/288 det_cnt 84/288 seg_cnt 37/288 | scores det_seg -1.0141 det_cnt -0.4893 seg_cnt -0.5826
[stage2] epoch 12/50 step 2 | loss 3.5006 | train det 0.0380 seg 0.0872 cnt 2.2328 | shared_pairs det_seg 164/288 det_cnt 86/288 seg_cnt 38/288 | scores det_seg 2.2198 det_cnt 2.5597 seg_cnt -1.5637
[stage2] epoch 12/50 step 3 | loss 5.4059 | train det 0.0415 seg 0.0482 cnt 4.3979 | shared_pairs det_seg 164/288 det_cnt 81/288 seg_cnt 43/288 | scores det_seg 0.3182 det_cnt 0.4871 seg_cnt -1.7813
[stage2] epoch 12/50 step 4 | loss 2.8010 | train det 0.0499 seg 0.0745 cnt 1.4571 | shared_pairs det_seg 160/288 det_cnt 91/288 seg_cnt 37/288 | scores det_seg 0.7243 det_cnt 0.7535 seg_cnt -0.1440
[stage2] epoch 12/50 step 5 | loss 3.0373 | train det 0.0599 seg 0.0096 cnt 2.0620 | shared_pairs det_seg 159/288 det_cnt 79/288 seg_cnt 50/288 | scores det_seg -0.9292 det_cnt 1.4922 seg_cnt 0.1371
[stage2] epoch 12/50 step 6 | loss 8.6147 | train det 0.2163 seg 0.0775 cnt 4.7503 | shared_pairs det_seg 165/288 det_cnt 85/288 seg_cnt 38/288 | scores det_seg -1.6132 det_cnt -0.2042 seg_cnt -0.7363
[stage2] epoch 12/50 step 7 | loss 4.3825 | train det 0.0477 seg 0.0576 cnt 3.2067 | shared_pairs det_seg 155/288 det_cnt 85/288 seg_cnt 48/288 | scores det_seg -0.9997 det_cnt 0.4123 seg_cnt 0.4822
[stage2] epoch 12/50 step 8 | loss 4.2401 | train det 0.1324 seg 0.0448 cnt 1.8957 | shared_pairs det_seg 156/288 det_cnt 74/288 seg_cnt 58/288 | scores det_seg -3.3468 det_cnt -1.4977 seg_cnt 1.0420
[stage2] epoch 12/50 step 9 | loss 8.1913 | train det 0.0707 seg 0.0840 cnt 6.4592 | shared_pairs det_seg 160/288 det_cnt 84/288 seg_cnt 44/288 | scores det_seg 0.8363 det_cnt -0.3095 seg_cnt 1.3542
[stage2] epoch 12/50 step 10 | loss 4.1086 | train det 0.0915 seg 0.1194 cnt 1.7808 | shared_pairs det_seg 157/288 det_cnt 98/288 seg_cnt 33/288 | scores det_seg -0.3316 det_cnt 1.9594 seg_cnt -2.3264
[stage2] epoch 12/50 step 11 | loss 2.5959 | train det 0.0783 seg 0.0816 cnt 0.7689 | shared_pairs det_seg 160/288 det_cnt 92/288 seg_cnt 36/288 | scores det_seg 0.0023 det_cnt -0.4399 seg_cnt -0.6989
[stage2] epoch 12/50 step 12 | loss 5.9214 | train det 0.1303 seg 0.0648 cnt 3.4482 | shared_pairs det_seg 167/288 det_cnt 69/288 seg_cnt 52/288 | scores det_seg 1.2361 det_cnt -0.9562 seg_cnt 1.1425
[stage2] epoch 12/50 step 13 | loss 3.8016 | train det 0.0846 seg 0.1007 cnt 1.7274 | shared_pairs det_seg 165/288 det_cnt 76/288 seg_cnt 47/288 | scores det_seg 0.0251 det_cnt 0.9415 seg_cnt 1.2205
[stage2] epoch 12/50 step 14 | loss 3.3745 | train det 0.0848 seg 0.1114 cnt 1.2115 | shared_pairs det_seg 169/288 det_cnt 71/288 seg_cnt 48/288 | scores det_seg 0.4919 det_cnt 0.0008 seg_cnt 0.6012
[stage2] epoch 12/50 step 15 | loss 6.0991 | train det 0.1636 seg 0.0942 cnt 2.8916 | shared_pairs det_seg 170/288 det_cnt 74/288 seg_cnt 44/288 | scores det_seg 0.4795 det_cnt -0.2065 seg_cnt 0.7393
[stage2] epoch 12/50 step 16 | loss 5.8690 | train det 0.0737 seg 0.0553 cnt 4.3217 | shared_pairs det_seg 162/288 det_cnt 80/288 seg_cnt 46/288 | scores det_seg 0.0391 det_cnt -0.8016 seg_cnt -0.3127
[stage2] epoch 12/50 step 17 | loss 16.2069 | train det 0.9619 seg 0.0845 cnt 1.1031 | shared_pairs det_seg 157/288 det_cnt 89/288 seg_cnt 42/288 | scores det_seg 0.0605 det_cnt 0.3263 seg_cnt 0.2637
[stage2] epoch 12/50 step 18 | loss 3.3465 | train det 0.0768 seg 0.0946 cnt 1.4379 | shared_pairs det_seg 154/288 det_cnt 85/288 seg_cnt 49/288 | scores det_seg -0.7212 det_cnt 0.4265 seg_cnt 0.1242
[stage2] epoch 12/50 step 19 | loss 7.0835 | train det 0.1828 seg 0.0864 cnt 3.6505 | shared_pairs det_seg 160/288 det_cnt 81/288 seg_cnt 47/288 | scores det_seg 0.4149 det_cnt -0.5260 seg_cnt 0.6158
[stage2] epoch 12/50 step 20 | loss 4.8941 | train det 0.0876 seg 0.0954 cnt 2.8170 | shared_pairs det_seg 164/288 det_cnt 75/288 seg_cnt 49/288 | scores det_seg 1.6824 det_cnt 0.2854 seg_cnt -0.0972
[stage2] epoch 12/50 step 21 | loss 1.9198 | train det 0.0297 seg 0.0322 cnt 1.2169 | shared_pairs det_seg 154/288 det_cnt 96/288 seg_cnt 38/288 | scores det_seg -0.0836 det_cnt 1.2073 seg_cnt -0.8892
[stage2] epoch 12/50 step 22 | loss 5.4900 | train det 0.1734 seg 0.1187 cnt 1.9387 | shared_pairs det_seg 159/288 det_cnt 71/288 seg_cnt 58/288 | scores det_seg -0.0481 det_cnt -1.2283 seg_cnt 0.1449
[stage2] epoch 12/50 step 23 | loss 8.6557 | train det 0.2363 seg 0.0952 cnt 4.3501 | shared_pairs det_seg 155/288 det_cnt 81/288 seg_cnt 52/288 | scores det_seg -1.6756 det_cnt 0.9787 seg_cnt 0.6293
[stage2] epoch 12/50 step 24 | loss 4.7959 | train det 0.1180 seg 0.1401 cnt 1.9047 | shared_pairs det_seg 160/288 det_cnt 86/288 seg_cnt 42/288 | scores det_seg 2.0181 det_cnt 1.4166 seg_cnt 0.0101
[stage2] epoch 12/50 step 25 | loss 5.7878 | train det 0.0916 seg 0.0859 cnt 3.7266 | shared_pairs det_seg 165/288 det_cnt 73/288 seg_cnt 50/288 | scores det_seg 1.3292 det_cnt -0.7914 seg_cnt 0.8649
[stage2] epoch 12/50 step 26 | loss 4.3332 | train det 0.0279 seg 0.0940 cnt 3.1626 | shared_pairs det_seg 162/288 det_cnt 76/288 seg_cnt 50/288 | scores det_seg -0.2568 det_cnt -1.1816 seg_cnt 0.6093
[stage2] epoch 12/50 step 27 | loss 6.0827 | train det 0.0689 seg 0.0916 cnt 4.3161 | shared_pairs det_seg 162/288 det_cnt 85/288 seg_cnt 41/288 | scores det_seg 0.9988 det_cnt 1.3176 seg_cnt 1.3152
[stage2] epoch 12/50 step 28 | loss 5.2391 | train det 0.2126 seg 0.0687 cnt 1.5005 | shared_pairs det_seg 153/288 det_cnt 84/288 seg_cnt 51/288 | scores det_seg -1.2546 det_cnt 0.8993 seg_cnt 0.9327
[stage2] epoch 12/50 step 29 | loss 5.2482 | train det 0.1133 seg 0.1004 cnt 2.7449 | shared_pairs det_seg 159/288 det_cnt 82/288 seg_cnt 47/288 | scores det_seg -0.8854 det_cnt -0.7248 seg_cnt 0.3112
[stage2] epoch 12/50 step 30 | loss 5.0340 | train det 0.0692 seg 0.0977 cnt 3.2143 | shared_pairs det_seg 154/288 det_cnt 97/288 seg_cnt 37/288 | scores det_seg -1.1165 det_cnt 0.2148 seg_cnt -2.1075
[stage2] epoch 12/50 step 31 | loss 5.6504 | train det 0.0499 seg 0.0993 cnt 4.1074 | shared_pairs det_seg 154/288 det_cnt 90/288 seg_cnt 44/288 | scores det_seg -1.1109 det_cnt 0.8282 seg_cnt -0.6708
[stage2] epoch 12/50 step 32 | loss 2.9725 | train det 0.0765 seg 0.0627 cnt 1.3240 | shared_pairs det_seg 159/288 det_cnt 87/288 seg_cnt 42/288 | scores det_seg -0.8551 det_cnt -0.3686 seg_cnt -1.0569
[stage2] epoch 12/50 step 33 | loss 7.5106 | train det 0.0272 seg 0.0867 cnt 6.4098 | shared_pairs det_seg 169/288 det_cnt 77/288 seg_cnt 42/288 | scores det_seg 0.7800 det_cnt -1.4725 seg_cnt -0.5367
[stage2] epoch 12/50 step 34 | loss 4.0109 | train det 0.0917 seg 0.1346 cnt 1.5582 | shared_pairs det_seg 146/288 det_cnt 78/288 seg_cnt 64/288 | scores det_seg 0.0589 det_cnt 0.7381 seg_cnt 1.9572
[stage2] epoch 12/50 step 35 | loss 3.4561 | train det 0.0984 seg 0.1241 cnt 0.9868 | shared_pairs det_seg 149/288 det_cnt 88/288 seg_cnt 51/288 | scores det_seg -1.2822 det_cnt 1.7692 seg_cnt -0.3478
[stage2] epoch 12/50 step 36 | loss 6.8024 | train det 0.2087 seg 0.0576 cnt 3.2111 | shared_pairs det_seg 158/288 det_cnt 83/288 seg_cnt 47/288 | scores det_seg 0.0060 det_cnt -0.0939 seg_cnt -1.0163
[stage2] epoch 12/50 step 37 | loss 4.2001 | train det 0.0686 seg 0.1442 cnt 2.0175 | shared_pairs det_seg 145/288 det_cnt 84/288 seg_cnt 59/288 | scores det_seg -1.7084 det_cnt -0.3651 seg_cnt 1.7513
[stage2] epoch 12/50 step 38 | loss 2.0889 | train det 0.0405 seg 0.0128 cnt 1.3782 | shared_pairs det_seg 141/288 det_cnt 97/288 seg_cnt 50/288 | scores det_seg 0.5724 det_cnt -0.2953 seg_cnt 0.5216
[stage2] epoch 12/50 step 39 | loss 3.6853 | train det 0.0482 seg 0.0548 cnt 2.5240 | shared_pairs det_seg 170/288 det_cnt 69/288 seg_cnt 49/288 | scores det_seg 0.7365 det_cnt -0.5418 seg_cnt 0.8340
[stage2] epoch 12/50 step 40 | loss 7.3100 | train det 0.0702 seg 0.1995 cnt 4.6606 | shared_pairs det_seg 171/288 det_cnt 67/288 seg_cnt 50/288 | scores det_seg 0.2084 det_cnt -1.5653 seg_cnt 1.4799
[stage2] epoch 12/50 step 41 | loss 3.3035 | train det 0.0504 seg 0.1174 cnt 1.6075 | shared_pairs det_seg 150/288 det_cnt 90/288 seg_cnt 48/288 | scores det_seg 0.9761 det_cnt 1.6298 seg_cnt 0.1301
[stage2] epoch 12/50 step 42 | loss 5.4805 | train det 0.2054 seg 0.0591 cnt 1.9271 | shared_pairs det_seg 166/288 det_cnt 72/288 seg_cnt 50/288 | scores det_seg 2.9180 det_cnt -0.1137 seg_cnt 0.9599
[stage2] epoch 12/50 step 43 | loss 4.9127 | train det 0.0501 seg 0.0383 cnt 3.8539 | shared_pairs det_seg 140/288 det_cnt 90/288 seg_cnt 58/288 | scores det_seg -2.1530 det_cnt -2.5897 seg_cnt 0.1495
[stage2] epoch 12/50 | train 5.1523 | det 0.1154 seg 0.0846 cnt 2.7442 | selected_by_matrix_unit det_seg 6836 det_cnt 3542 seg_cnt 2006
[stage2] epoch 12 | val det 0.6408 seg 1.0894 miou 0.6056 cnt 3.9104 dens 8.839282e-01 mae 3.0265 total_mae 13.5503 | ap50 0.5083 | combo 1.444280
[stage2] epoch 13/50 step 1 | loss 5.7790 | train det 0.0829 seg 0.1254 cnt 3.5315 | shared_pairs det_seg 140/288 det_cnt 97/288 seg_cnt 51/288 | scores det_seg -2.2157 det_cnt 2.6559 seg_cnt 0.1894
[stage2] epoch 13/50 step 2 | loss 5.5498 | train det 0.1681 seg 0.1048 cnt 2.1902 | shared_pairs det_seg 152/288 det_cnt 90/288 seg_cnt 46/288 | scores det_seg 0.5599 det_cnt 1.6435 seg_cnt 0.5536
[stage2] epoch 13/50 step 3 | loss 5.8900 | train det 0.0670 seg 0.0466 cnt 4.5127 | shared_pairs det_seg 143/288 det_cnt 94/288 seg_cnt 51/288 | scores det_seg -1.4380 det_cnt 0.9573 seg_cnt 0.4356
[stage2] epoch 13/50 step 4 | loss 8.3390 | train det 0.2462 seg 0.0797 cnt 4.0085 | shared_pairs det_seg 165/288 det_cnt 82/288 seg_cnt 41/288 | scores det_seg 0.5085 det_cnt -0.0850 seg_cnt -1.9682
[stage2] epoch 13/50 step 5 | loss 5.0637 | train det 0.0481 seg 0.0423 cnt 4.0047 | shared_pairs det_seg 153/288 det_cnt 83/288 seg_cnt 52/288 | scores det_seg -0.7855 det_cnt -0.9675 seg_cnt -0.4838
[stage2] epoch 13/50 step 6 | loss 4.1606 | train det 0.1874 seg 0.0926 cnt 0.6091 | shared_pairs det_seg 162/288 det_cnt 72/288 seg_cnt 54/288 | scores det_seg 0.0853 det_cnt -0.4753 seg_cnt 0.5275
[stage2] epoch 13/50 step 7 | loss 4.6946 | train det 0.0454 seg 0.1242 cnt 3.0194 | shared_pairs det_seg 164/288 det_cnt 84/288 seg_cnt 40/288 | scores det_seg 0.6261 det_cnt -0.9362 seg_cnt -0.8034
[stage2] epoch 13/50 step 8 | loss 3.6346 | train det 0.0584 seg 0.1275 cnt 1.7386 | shared_pairs det_seg 167/288 det_cnt 75/288 seg_cnt 46/288 | scores det_seg 2.1507 det_cnt 0.4283 seg_cnt 0.2774
[stage2] epoch 13/50 step 9 | loss 4.6495 | train det 0.0947 seg 0.1261 cnt 2.2196 | shared_pairs det_seg 163/288 det_cnt 81/288 seg_cnt 44/288 | scores det_seg -0.1281 det_cnt -0.4137 seg_cnt -1.2752
[stage2] epoch 13/50 step 10 | loss 6.5672 | train det 0.1787 seg 0.0789 cnt 3.2558 | shared_pairs det_seg 160/288 det_cnt 87/288 seg_cnt 41/288 | scores det_seg -1.3450 det_cnt 1.4172 seg_cnt 0.7090
[stage2] epoch 13/50 step 11 | loss 6.1221 | train det 0.0783 seg 0.1062 cnt 4.0970 | shared_pairs det_seg 155/288 det_cnt 84/288 seg_cnt 49/288 | scores det_seg -0.7104 det_cnt -0.9955 seg_cnt -0.0299
[stage2] epoch 13/50 step 12 | loss 5.9243 | train det 0.1427 seg 0.0751 cnt 3.1833 | shared_pairs det_seg 142/288 det_cnt 102/288 seg_cnt 44/288 | scores det_seg -0.7042 det_cnt 1.5275 seg_cnt -0.2002
[stage2] epoch 13/50 step 13 | loss 8.2346 | train det 0.1365 seg 0.0956 cnt 5.4218 | shared_pairs det_seg 145/288 det_cnt 96/288 seg_cnt 47/288 | scores det_seg -0.9669 det_cnt 1.2778 seg_cnt 0.3485
[stage2] epoch 13/50 step 14 | loss 5.6813 | train det 0.1177 seg 0.1087 cnt 3.0463 | shared_pairs det_seg 153/288 det_cnt 88/288 seg_cnt 47/288 | scores det_seg 0.7977 det_cnt 0.5154 seg_cnt 1.1732
[stage2] epoch 13/50 step 15 | loss 7.4601 | train det 0.2974 seg 0.0779 cnt 2.3756 | shared_pairs det_seg 163/288 det_cnt 83/288 seg_cnt 42/288 | scores det_seg -1.4630 det_cnt -1.1489 seg_cnt -1.3758
[stage2] epoch 13/50 step 16 | loss 5.5499 | train det 0.1102 seg 0.0977 cnt 3.1158 | shared_pairs det_seg 156/288 det_cnt 99/288 seg_cnt 33/288 | scores det_seg -0.7733 det_cnt 0.7248 seg_cnt -2.1124
[stage2] epoch 13/50 step 17 | loss 3.7803 | train det 0.0616 seg 0.0771 cnt 2.2394 | shared_pairs det_seg 145/288 det_cnt 94/288 seg_cnt 49/288 | scores det_seg -2.8845 det_cnt 1.5306 seg_cnt -0.5417
[stage2] epoch 13/50 step 18 | loss 7.6397 | train det 0.1425 seg 0.0719 cnt 4.9272 | shared_pairs det_seg 155/288 det_cnt 88/288 seg_cnt 45/288 | scores det_seg -0.5924 det_cnt -0.8617 seg_cnt -1.0912
[stage2] epoch 13/50 step 19 | loss 3.6786 | train det 0.0936 seg 0.0334 cnt 2.0070 | shared_pairs det_seg 150/288 det_cnt 86/288 seg_cnt 52/288 | scores det_seg 0.5228 det_cnt 1.8557 seg_cnt 0.2456
[stage2] epoch 13/50 step 20 | loss 3.6422 | train det 0.0340 seg 0.1050 cnt 2.2923 | shared_pairs det_seg 152/288 det_cnt 91/288 seg_cnt 45/288 | scores det_seg -0.6197 det_cnt -2.1071 seg_cnt -0.8879
[stage2] epoch 13/50 step 21 | loss 5.3981 | train det 0.1389 seg 0.0706 cnt 2.7503 | shared_pairs det_seg 159/288 det_cnt 82/288 seg_cnt 47/288 | scores det_seg -0.9963 det_cnt -0.8454 seg_cnt -0.9430
[stage2] epoch 13/50 step 22 | loss 4.1384 | train det 0.0478 seg 0.0755 cnt 2.8177 | shared_pairs det_seg 156/288 det_cnt 86/288 seg_cnt 46/288 | scores det_seg 1.4508 det_cnt 0.4513 seg_cnt 0.7175
[stage2] epoch 13/50 step 23 | loss 3.3694 | train det 0.0595 seg 0.1145 cnt 1.5607 | shared_pairs det_seg 154/288 det_cnt 93/288 seg_cnt 41/288 | scores det_seg 0.0987 det_cnt 0.5820 seg_cnt -1.1094
[stage2] epoch 13/50 step 24 | loss 7.2871 | train det 0.1072 seg 0.0424 cnt 5.3398 | shared_pairs det_seg 153/288 det_cnt 91/288 seg_cnt 44/288 | scores det_seg -0.8314 det_cnt 0.8195 seg_cnt -0.5854
[stage2] epoch 13/50 step 25 | loss 5.8483 | train det 0.1187 seg 0.0696 cnt 3.5111 | shared_pairs det_seg 156/288 det_cnt 85/288 seg_cnt 47/288 | scores det_seg 0.7858 det_cnt 1.3045 seg_cnt 0.9808
[stage2] epoch 13/50 step 26 | loss 4.7415 | train det 0.1410 seg 0.0849 cnt 1.9466 | shared_pairs det_seg 147/288 det_cnt 91/288 seg_cnt 50/288 | scores det_seg -0.5030 det_cnt 0.6588 seg_cnt 0.0150
[stage2] epoch 13/50 step 27 | loss 5.5448 | train det 0.0569 seg 0.0984 cnt 3.9050 | shared_pairs det_seg 148/288 det_cnt 95/288 seg_cnt 45/288 | scores det_seg -1.7455 det_cnt 0.9776 seg_cnt -1.6811
[stage2] epoch 13/50 step 28 | loss 6.0004 | train det 0.0613 seg 0.1247 cnt 4.0835 | shared_pairs det_seg 159/288 det_cnt 85/288 seg_cnt 44/288 | scores det_seg 1.7830 det_cnt 1.3487 seg_cnt 0.1213
[stage2] epoch 13/50 step 29 | loss 6.3372 | train det 0.1033 seg 0.0939 cnt 4.0358 | shared_pairs det_seg 165/288 det_cnt 77/288 seg_cnt 46/288 | scores det_seg -0.2374 det_cnt -0.7750 seg_cnt 0.6747
[stage2] epoch 13/50 step 30 | loss 2.7727 | train det 0.1184 seg 0.0520 cnt 0.5812 | shared_pairs det_seg 162/288 det_cnt 77/288 seg_cnt 49/288 | scores det_seg 0.0929 det_cnt -0.6431 seg_cnt -1.0156
[stage2] epoch 13/50 step 31 | loss 5.3855 | train det 0.0954 seg 0.0872 cnt 3.2563 | shared_pairs det_seg 154/288 det_cnt 80/288 seg_cnt 54/288 | scores det_seg 1.7004 det_cnt 0.6084 seg_cnt 0.2418
[stage2] epoch 13/50 step 32 | loss 5.8015 | train det 0.2277 seg 0.0366 cnt 2.0923 | shared_pairs det_seg 145/288 det_cnt 100/288 seg_cnt 43/288 | scores det_seg -1.2937 det_cnt 1.1319 seg_cnt -0.6050
[stage2] epoch 13/50 step 33 | loss 3.5759 | train det 0.0264 seg 0.1001 cnt 2.3786 | shared_pairs det_seg 151/288 det_cnt 88/288 seg_cnt 49/288 | scores det_seg -0.4728 det_cnt 0.8689 seg_cnt 0.2147
[stage2] epoch 13/50 step 34 | loss 4.9921 | train det 0.0436 seg 0.2355 cnt 2.4535 | shared_pairs det_seg 154/288 det_cnt 90/288 seg_cnt 44/288 | scores det_seg 0.8811 det_cnt 1.7122 seg_cnt -1.1806
[stage2] epoch 13/50 step 35 | loss 7.0035 | train det 0.0931 seg 0.0762 cnt 4.9983 | shared_pairs det_seg 155/288 det_cnt 83/288 seg_cnt 50/288 | scores det_seg 0.3608 det_cnt 1.3169 seg_cnt 0.1953
[stage2] epoch 13/50 step 36 | loss 4.5043 | train det 0.0272 seg 0.0897 cnt 3.3782 | shared_pairs det_seg 148/288 det_cnt 95/288 seg_cnt 45/288 | scores det_seg -1.9257 det_cnt 2.1782 seg_cnt 1.3993
[stage2] epoch 13/50 step 37 | loss 6.1073 | train det 0.0944 seg 0.0713 cnt 4.1213 | shared_pairs det_seg 160/288 det_cnt 79/288 seg_cnt 49/288 | scores det_seg -0.4567 det_cnt -0.1075 seg_cnt 0.5454
[stage2] epoch 13/50 step 38 | loss 6.2003 | train det 0.1737 seg 0.0899 cnt 2.8763 | shared_pairs det_seg 149/288 det_cnt 95/288 seg_cnt 44/288 | scores det_seg 2.2902 det_cnt 0.8494 seg_cnt 1.4181
[stage2] epoch 13/50 step 39 | loss 3.2779 | train det 0.0730 seg 0.0702 cnt 1.6204 | shared_pairs det_seg 158/288 det_cnt 87/288 seg_cnt 43/288 | scores det_seg -1.4518 det_cnt -0.0261 seg_cnt -0.3304
[stage2] epoch 13/50 step 40 | loss 7.1290 | train det 0.2130 seg 0.0637 cnt 3.4249 | shared_pairs det_seg 178/288 det_cnt 73/288 seg_cnt 37/288 | scores det_seg 2.5399 det_cnt -1.7518 seg_cnt 0.1824
[stage2] epoch 13/50 step 41 | loss 3.3662 | train det 0.0289 seg 0.0925 cnt 2.1928 | shared_pairs det_seg 152/288 det_cnt 77/288 seg_cnt 59/288 | scores det_seg 1.8330 det_cnt -0.7230 seg_cnt 0.8514
[stage2] epoch 13/50 step 42 | loss 5.7492 | train det 0.1082 seg 0.1257 cnt 3.1208 | shared_pairs det_seg 149/288 det_cnt 76/288 seg_cnt 63/288 | scores det_seg -2.8519 det_cnt -0.7165 seg_cnt 0.5648
[stage2] epoch 13/50 step 43 | loss 3.4272 | train det 0.0755 seg 0.0410 cnt 1.9667 | shared_pairs det_seg 159/288 det_cnt 84/288 seg_cnt 45/288 | scores det_seg -1.6855 det_cnt -0.0170 seg_cnt -0.6108
[stage2] epoch 13/50 | train 5.3488 | det 0.1075 seg 0.0884 cnt 3.0281 | selected_by_matrix_unit det_seg 6656 det_cnt 3725 seg_cnt 2003
[stage2] epoch 13 | val det 0.6312 seg 1.0575 miou 0.6086 cnt 3.9446 dens 8.747016e-01 mae 3.0699 total_mae 16.3679 | ap50 0.5120 | combo 1.446299
[stage2] epoch 14/50 step 1 | loss 3.6271 | train det 0.0699 seg 0.0863 cnt 1.8882 | shared_pairs det_seg 152/288 det_cnt 91/288 seg_cnt 45/288 | scores det_seg -0.3702 det_cnt -0.5118 seg_cnt 0.5213
[stage2] epoch 14/50 step 2 | loss 3.2672 | train det 0.0394 seg 0.0730 cnt 2.0921 | shared_pairs det_seg 160/288 det_cnt 90/288 seg_cnt 38/288 | scores det_seg 0.8781 det_cnt 1.8264 seg_cnt -0.1151
[stage2] epoch 14/50 step 3 | loss 12.2390 | train det 0.3591 seg 0.1199 cnt 5.8935 | shared_pairs det_seg 167/288 det_cnt 83/288 seg_cnt 38/288 | scores det_seg 1.9688 det_cnt 0.9517 seg_cnt -0.0979
[stage2] epoch 14/50 step 4 | loss 5.9734 | train det 0.1189 seg 0.0698 cnt 3.6325 | shared_pairs det_seg 153/288 det_cnt 95/288 seg_cnt 40/288 | scores det_seg 1.7183 det_cnt 1.1763 seg_cnt 0.6689
[stage2] epoch 14/50 step 5 | loss 3.9255 | train det 0.0719 seg 0.0669 cnt 2.3122 | shared_pairs det_seg 153/288 det_cnt 92/288 seg_cnt 43/288 | scores det_seg -0.7461 det_cnt 1.8283 seg_cnt 0.6764
[stage2] epoch 14/50 step 6 | loss 17.2397 | train det 0.5392 seg 0.0410 cnt 8.8230 | shared_pairs det_seg 157/288 det_cnt 78/288 seg_cnt 53/288 | scores det_seg 0.5228 det_cnt -0.3313 seg_cnt 0.6879
[stage2] epoch 14/50 step 7 | loss 7.7583 | train det 0.1701 seg 0.0933 cnt 4.4605 | shared_pairs det_seg 142/288 det_cnt 96/288 seg_cnt 50/288 | scores det_seg -2.0571 det_cnt 0.3831 seg_cnt -0.0166
[stage2] epoch 14/50 step 8 | loss 7.5045 | train det 0.0772 seg 0.0602 cnt 5.8650 | shared_pairs det_seg 161/288 det_cnt 78/288 seg_cnt 49/288 | scores det_seg -0.6676 det_cnt -0.5947 seg_cnt 0.4135
[stage2] epoch 14/50 step 9 | loss 6.3489 | train det 0.0717 seg 0.0879 cnt 4.5699 | shared_pairs det_seg 155/288 det_cnt 84/288 seg_cnt 49/288 | scores det_seg -0.1202 det_cnt 1.1023 seg_cnt -0.7292
[stage2] epoch 14/50 step 10 | loss 5.4669 | train det 0.1568 seg 0.0671 cnt 2.5782 | shared_pairs det_seg 148/288 det_cnt 94/288 seg_cnt 46/288 | scores det_seg -1.1068 det_cnt 1.0069 seg_cnt -0.5631
[stage2] epoch 14/50 step 11 | loss 6.9307 | train det 0.1107 seg 0.1120 cnt 4.3746 | shared_pairs det_seg 149/288 det_cnt 96/288 seg_cnt 43/288 | scores det_seg -0.0639 det_cnt 0.7962 seg_cnt 0.4986
[stage2] epoch 14/50 step 12 | loss 2.3652 | train det 0.0300 seg 0.1011 cnt 1.1068 | shared_pairs det_seg 163/288 det_cnt 80/288 seg_cnt 45/288 | scores det_seg 1.6137 det_cnt 0.8740 seg_cnt -0.0255
[stage2] epoch 14/50 step 13 | loss 5.9648 | train det 0.2453 seg 0.1139 cnt 1.3738 | shared_pairs det_seg 158/288 det_cnt 87/288 seg_cnt 43/288 | scores det_seg 0.2976 det_cnt -0.0650 seg_cnt -1.0330
[stage2] epoch 14/50 step 14 | loss 4.7269 | train det 0.0881 seg 0.1204 cnt 2.4424 | shared_pairs det_seg 151/288 det_cnt 88/288 seg_cnt 49/288 | scores det_seg 0.7150 det_cnt 0.4034 seg_cnt -1.2498
[stage2] epoch 14/50 step 15 | loss 5.4269 | train det 0.1044 seg 0.1348 cnt 2.7814 | shared_pairs det_seg 155/288 det_cnt 89/288 seg_cnt 44/288 | scores det_seg -1.0830 det_cnt 0.7364 seg_cnt -0.9407
[stage2] epoch 14/50 step 16 | loss 8.0460 | train det 0.0545 seg 0.0951 cnt 6.4677 | shared_pairs det_seg 148/288 det_cnt 94/288 seg_cnt 46/288 | scores det_seg 0.5443 det_cnt 0.7758 seg_cnt -0.1156
[stage2] epoch 14/50 step 17 | loss 3.3348 | train det 0.0887 seg 0.0530 cnt 1.5808 | shared_pairs det_seg 155/288 det_cnt 94/288 seg_cnt 39/288 | scores det_seg -0.0657 det_cnt -0.1995 seg_cnt -0.5888
[stage2] epoch 14/50 step 18 | loss 4.2790 | train det 0.0317 seg 0.1173 cnt 2.8655 | shared_pairs det_seg 156/288 det_cnt 75/288 seg_cnt 57/288 | scores det_seg 1.2661 det_cnt -0.5937 seg_cnt -0.6598
[stage2] epoch 14/50 step 19 | loss 5.8150 | train det 0.1091 seg 0.1526 cnt 2.9579 | shared_pairs det_seg 144/288 det_cnt 95/288 seg_cnt 49/288 | scores det_seg -0.5859 det_cnt 0.7873 seg_cnt 0.4704
[stage2] epoch 14/50 step 20 | loss 6.6965 | train det 0.0413 seg 0.0470 cnt 5.7008 | shared_pairs det_seg 156/288 det_cnt 85/288 seg_cnt 47/288 | scores det_seg 0.6991 det_cnt 1.8053 seg_cnt 0.5115
[stage2] epoch 14/50 step 21 | loss 4.3138 | train det 0.0541 seg 0.0625 cnt 3.0018 | shared_pairs det_seg 158/288 det_cnt 84/288 seg_cnt 46/288 | scores det_seg 0.7145 det_cnt -0.2486 seg_cnt -0.6064
[stage2] epoch 14/50 step 22 | loss 5.1739 | train det 0.0428 seg 0.0802 cnt 3.8906 | shared_pairs det_seg 167/288 det_cnt 79/288 seg_cnt 42/288 | scores det_seg 2.5088 det_cnt -0.7042 seg_cnt -0.9332
[stage2] epoch 14/50 step 23 | loss 4.4811 | train det 0.0447 seg 0.0387 cnt 3.5002 | shared_pairs det_seg 163/288 det_cnt 80/288 seg_cnt 45/288 | scores det_seg -2.3913 det_cnt 0.0732 seg_cnt -0.3016
[stage2] epoch 14/50 step 24 | loss 9.4740 | train det 0.1619 seg 0.1317 cnt 5.9914 | shared_pairs det_seg 150/288 det_cnt 88/288 seg_cnt 50/288 | scores det_seg -1.1920 det_cnt -0.4730 seg_cnt 1.2654
[stage2] epoch 14/50 step 25 | loss 3.9647 | train det 0.0171 seg 0.2060 cnt 2.0603 | shared_pairs det_seg 150/288 det_cnt 89/288 seg_cnt 49/288 | scores det_seg -0.3927 det_cnt -0.9903 seg_cnt -1.4442
[stage2] epoch 14/50 step 26 | loss 5.6423 | train det 0.1218 seg 0.1335 cnt 2.7472 | shared_pairs det_seg 147/288 det_cnt 89/288 seg_cnt 52/288 | scores det_seg 0.9335 det_cnt 0.7139 seg_cnt 0.8878
[stage2] epoch 14/50 step 27 | loss 7.3697 | train det 0.0595 seg 0.0743 cnt 5.8830 | shared_pairs det_seg 140/288 det_cnt 101/288 seg_cnt 47/288 | scores det_seg 0.7292 det_cnt 1.1365 seg_cnt 0.4727
[stage2] epoch 14/50 step 28 | loss 5.4785 | train det 0.0465 seg 0.1407 cnt 3.6554 | shared_pairs det_seg 165/288 det_cnt 75/288 seg_cnt 48/288 | scores det_seg 1.4643 det_cnt -0.6749 seg_cnt 0.8424
[stage2] epoch 14/50 step 29 | loss 4.9284 | train det 0.1273 seg 0.0865 cnt 2.3266 | shared_pairs det_seg 159/288 det_cnt 86/288 seg_cnt 43/288 | scores det_seg 3.1462 det_cnt 2.0638 seg_cnt 2.2051
[stage2] epoch 14/50 step 30 | loss 8.8099 | train det 0.0564 seg 0.0954 cnt 7.2001 | shared_pairs det_seg 156/288 det_cnt 80/288 seg_cnt 52/288 | scores det_seg 1.6973 det_cnt -0.5014 seg_cnt 1.4768
[stage2] epoch 14/50 step 31 | loss 8.2673 | train det 0.1612 seg 0.0887 cnt 5.1404 | shared_pairs det_seg 140/288 det_cnt 101/288 seg_cnt 47/288 | scores det_seg -2.0653 det_cnt 1.1858 seg_cnt 0.3086
[stage2] epoch 14/50 step 32 | loss 11.7749 | train det 0.3276 seg 0.2773 cnt 4.6434 | shared_pairs det_seg 165/288 det_cnt 80/288 seg_cnt 43/288 | scores det_seg 0.1547 det_cnt 0.3761 seg_cnt -1.0999
[stage2] epoch 14/50 step 33 | loss 10.1170 | train det 0.1418 seg 0.1497 cnt 6.7924 | shared_pairs det_seg 146/288 det_cnt 79/288 seg_cnt 63/288 | scores det_seg -1.5064 det_cnt -1.4534 seg_cnt -0.1897
[stage2] epoch 14/50 step 34 | loss 5.5633 | train det 0.1509 seg 0.0884 cnt 2.5933 | shared_pairs det_seg 163/288 det_cnt 87/288 seg_cnt 38/288 | scores det_seg 0.4079 det_cnt 0.8750 seg_cnt -1.2244
[stage2] epoch 14/50 step 35 | loss 5.1239 | train det 0.0303 seg 0.0891 cnt 3.9561 | shared_pairs det_seg 169/288 det_cnt 75/288 seg_cnt 44/288 | scores det_seg 3.1373 det_cnt -2.4327 seg_cnt -1.6538
[stage2] epoch 14/50 step 36 | loss 3.6529 | train det 0.0696 seg 0.1342 cnt 1.5362 | shared_pairs det_seg 146/288 det_cnt 96/288 seg_cnt 46/288 | scores det_seg -1.1076 det_cnt 1.6372 seg_cnt -0.2698
[stage2] epoch 14/50 step 37 | loss 2.8772 | train det 0.0315 seg 0.1078 cnt 1.5426 | shared_pairs det_seg 151/288 det_cnt 92/288 seg_cnt 45/288 | scores det_seg -0.6259 det_cnt -1.0218 seg_cnt -0.5023
[stage2] epoch 14/50 step 38 | loss 3.6188 | train det 0.0363 seg 0.0769 cnt 2.4594 | shared_pairs det_seg 166/288 det_cnt 72/288 seg_cnt 50/288 | scores det_seg 2.1622 det_cnt -3.3244 seg_cnt -1.1298
[stage2] epoch 14/50 step 39 | loss 9.5181 | train det 0.3644 seg 0.1205 cnt 3.0883 | shared_pairs det_seg 144/288 det_cnt 96/288 seg_cnt 48/288 | scores det_seg -0.2445 det_cnt 2.8120 seg_cnt 0.9351
[stage2] epoch 14/50 step 40 | loss 6.0140 | train det 0.0829 seg 0.0768 cnt 4.1570 | shared_pairs det_seg 133/288 det_cnt 112/288 seg_cnt 43/288 | scores det_seg -1.2975 det_cnt 2.6820 seg_cnt 1.1282
[stage2] epoch 14/50 step 41 | loss 3.8178 | train det 0.0570 seg 0.1557 cnt 1.7170 | shared_pairs det_seg 163/288 det_cnt 89/288 seg_cnt 36/288 | scores det_seg -1.1423 det_cnt 0.1881 seg_cnt -0.7600
[stage2] epoch 14/50 step 42 | loss 10.5041 | train det 0.4624 seg 0.0630 cnt 3.0646 | shared_pairs det_seg 161/288 det_cnt 80/288 seg_cnt 47/288 | scores det_seg 0.0199 det_cnt -0.6303 seg_cnt 1.4319
[stage2] epoch 14/50 step 43 | loss 5.6206 | train det 0.1437 seg 0.0204 cnt 3.3011 | shared_pairs det_seg 155/288 det_cnt 87/288 seg_cnt 46/288 | scores det_seg -0.4373 det_cnt 0.4149 seg_cnt -0.6557
[stage2] epoch 14/50 | train 6.3498 | det 0.1249 seg 0.1002 cnt 3.6748 | selected_by_matrix_unit det_seg 6640 det_cnt 3761 seg_cnt 1983
[stage2] epoch 14 | val det 0.6506 seg 1.0613 miou 0.6105 cnt 4.0201 dens 8.876951e-01 mae 3.1324 total_mae 16.8261 | ap50 0.5036 | combo 1.433287
[stage2] epoch 15/50 step 1 | loss 6.0433 | train det 0.0355 seg 0.0538 cnt 5.0803 | shared_pairs det_seg 167/288 det_cnt 87/288 seg_cnt 34/288 | scores det_seg -1.3617 det_cnt -0.0923 seg_cnt -2.0800
[stage2] epoch 15/50 step 2 | loss 6.9239 | train det 0.1769 seg 0.1221 cnt 3.2936 | shared_pairs det_seg 150/288 det_cnt 91/288 seg_cnt 47/288 | scores det_seg 0.5374 det_cnt 1.2664 seg_cnt -0.5010
[stage2] epoch 15/50 step 3 | loss 5.9679 | train det 0.0754 seg 0.0369 cnt 4.5411 | shared_pairs det_seg 158/288 det_cnt 74/288 seg_cnt 56/288 | scores det_seg -0.0932 det_cnt -0.9675 seg_cnt -0.1174
[stage2] epoch 15/50 step 4 | loss 4.1086 | train det 0.0697 seg 0.1550 cnt 1.8235 | shared_pairs det_seg 160/288 det_cnt 77/288 seg_cnt 51/288 | scores det_seg -1.7987 det_cnt -1.1201 seg_cnt 0.0007
[stage2] epoch 15/50 step 5 | loss 8.2396 | train det 0.1155 seg 0.0955 cnt 5.7425 | shared_pairs det_seg 157/288 det_cnt 79/288 seg_cnt 52/288 | scores det_seg 0.4363 det_cnt -0.1398 seg_cnt -0.4577
[stage2] epoch 15/50 step 6 | loss 9.3782 | train det 0.0925 seg 0.0984 cnt 7.2038 | shared_pairs det_seg 173/288 det_cnt 79/288 seg_cnt 36/288 | scores det_seg 0.3842 det_cnt -0.9851 seg_cnt -1.2601
[stage2] epoch 15/50 step 7 | loss 5.4590 | train det 0.0923 seg 0.1514 cnt 2.8632 | shared_pairs det_seg 155/288 det_cnt 85/288 seg_cnt 48/288 | scores det_seg 0.5795 det_cnt 1.9309 seg_cnt 1.3850
[stage2] epoch 15/50 step 8 | loss 2.8080 | train det 0.0262 seg 0.0345 cnt 2.1389 | shared_pairs det_seg 162/288 det_cnt 82/288 seg_cnt 44/288 | scores det_seg 0.7802 det_cnt -0.1014 seg_cnt -0.0279
[stage2] epoch 15/50 step 9 | loss 4.2316 | train det 0.0261 seg 0.1266 cnt 2.8270 | shared_pairs det_seg 161/288 det_cnt 78/288 seg_cnt 49/288 | scores det_seg 1.0630 det_cnt -0.0666 seg_cnt -1.7184
[stage2] epoch 15/50 step 10 | loss 6.8978 | train det 0.2709 seg 0.0630 cnt 2.3309 | shared_pairs det_seg 152/288 det_cnt 90/288 seg_cnt 46/288 | scores det_seg -0.8979 det_cnt -1.6648 seg_cnt -0.7922
[stage2] epoch 15/50 step 11 | loss 7.4594 | train det 0.0736 seg 0.0505 cnt 5.9510 | shared_pairs det_seg 165/288 det_cnt 76/288 seg_cnt 47/288 | scores det_seg -0.9028 det_cnt -2.0579 seg_cnt 0.7117
[stage2] epoch 15/50 step 12 | loss 2.6108 | train det 0.0597 seg 0.0244 cnt 1.5205 | shared_pairs det_seg 163/288 det_cnt 82/288 seg_cnt 43/288 | scores det_seg 1.4120 det_cnt 1.0119 seg_cnt -1.8440
[stage2] epoch 15/50 step 13 | loss 5.3153 | train det 0.0325 seg 0.1366 cnt 3.7350 | shared_pairs det_seg 151/288 det_cnt 89/288 seg_cnt 48/288 | scores det_seg -0.8287 det_cnt 2.4445 seg_cnt 0.4353
[stage2] epoch 15/50 step 14 | loss 8.4682 | train det 0.4358 seg 0.0661 cnt 1.4015 | shared_pairs det_seg 171/288 det_cnt 67/288 seg_cnt 50/288 | scores det_seg 1.7669 det_cnt -1.6561 seg_cnt 0.8357
[stage2] epoch 15/50 step 15 | loss 6.5849 | train det 0.2967 seg 0.1046 cnt 1.2967 | shared_pairs det_seg 158/288 det_cnt 91/288 seg_cnt 39/288 | scores det_seg -0.2482 det_cnt 0.1842 seg_cnt 0.1968
[stage2] epoch 15/50 step 16 | loss 2.7726 | train det 0.0676 seg 0.0741 cnt 1.1654 | shared_pairs det_seg 167/288 det_cnt 69/288 seg_cnt 52/288 | scores det_seg 1.3308 det_cnt -1.8651 seg_cnt 2.6265
[stage2] epoch 15/50 step 17 | loss 5.3229 | train det 0.1221 seg 0.0383 cnt 3.1850 | shared_pairs det_seg 161/288 det_cnt 81/288 seg_cnt 46/288 | scores det_seg -0.8324 det_cnt -2.2427 seg_cnt -0.9802
[stage2] epoch 15/50 step 18 | loss 5.9607 | train det 0.1064 seg 0.1091 cnt 3.4914 | shared_pairs det_seg 168/288 det_cnt 79/288 seg_cnt 41/288 | scores det_seg 1.7904 det_cnt -0.6237 seg_cnt -0.4892
[stage2] epoch 15/50 step 19 | loss 5.8499 | train det 0.1363 seg 0.0837 cnt 3.1357 | shared_pairs det_seg 157/288 det_cnt 86/288 seg_cnt 45/288 | scores det_seg -1.0428 det_cnt -2.1578 seg_cnt -0.4250
[stage2] epoch 15/50 step 20 | loss 4.3479 | train det 0.0780 seg 0.1163 cnt 2.2480 | shared_pairs det_seg 165/288 det_cnt 77/288 seg_cnt 46/288 | scores det_seg 1.5055 det_cnt 0.1521 seg_cnt -1.3610
[stage2] epoch 15/50 step 21 | loss 3.5382 | train det 0.0425 seg 0.0792 cnt 2.2671 | shared_pairs det_seg 165/288 det_cnt 77/288 seg_cnt 46/288 | scores det_seg -0.0378 det_cnt -1.0195 seg_cnt -0.5324
[stage2] epoch 15/50 step 22 | loss 4.4135 | train det 0.0369 seg 0.1027 cnt 3.0379 | shared_pairs det_seg 158/288 det_cnt 99/288 seg_cnt 31/288 | scores det_seg 2.7099 det_cnt 2.1169 seg_cnt -1.6778
[stage2] epoch 15/50 step 23 | loss 3.3590 | train det 0.0939 seg 0.0789 cnt 1.3203 | shared_pairs det_seg 150/288 det_cnt 92/288 seg_cnt 46/288 | scores det_seg -0.6023 det_cnt 0.3450 seg_cnt -0.9221
[stage2] epoch 15/50 step 24 | loss 1.8320 | train det 0.0212 seg 0.0657 cnt 0.9895 | shared_pairs det_seg 144/288 det_cnt 91/288 seg_cnt 53/288 | scores det_seg -0.3983 det_cnt 0.8936 seg_cnt 0.7826
[stage2] epoch 15/50 step 25 | loss 7.2919 | train det 0.0706 seg 0.0648 cnt 5.7147 | shared_pairs det_seg 164/288 det_cnt 88/288 seg_cnt 36/288 | scores det_seg 0.9355 det_cnt 0.2473 seg_cnt -0.0385
[stage2] epoch 15/50 step 26 | loss 3.5351 | train det 0.0499 seg 0.0919 cnt 2.0506 | shared_pairs det_seg 152/288 det_cnt 93/288 seg_cnt 43/288 | scores det_seg -0.1054 det_cnt 1.6783 seg_cnt -1.0123
[stage2] epoch 15/50 step 27 | loss 6.6171 | train det 0.0282 seg 0.1245 cnt 5.1985 | shared_pairs det_seg 155/288 det_cnt 88/288 seg_cnt 45/288 | scores det_seg -0.5733 det_cnt 0.5658 seg_cnt 0.3015
[stage2] epoch 15/50 step 28 | loss 3.7893 | train det 0.0967 seg 0.0621 cnt 1.8427 | shared_pairs det_seg 156/288 det_cnt 81/288 seg_cnt 51/288 | scores det_seg 1.4297 det_cnt 0.3784 seg_cnt 0.5802
[stage2] epoch 15/50 step 29 | loss 8.8005 | train det 0.1224 seg 0.0748 cnt 6.3663 | shared_pairs det_seg 151/288 det_cnt 91/288 seg_cnt 46/288 | scores det_seg -0.8382 det_cnt 1.3986 seg_cnt -0.6670
[stage2] epoch 15/50 step 30 | loss 7.4637 | train det 0.1156 seg 0.0577 cnt 5.2686 | shared_pairs det_seg 149/288 det_cnt 87/288 seg_cnt 52/288 | scores det_seg 0.3049 det_cnt -0.1863 seg_cnt 1.7758
[stage2] epoch 15/50 step 31 | loss 6.6361 | train det 0.2014 seg 0.0812 cnt 2.9663 | shared_pairs det_seg 153/288 det_cnt 94/288 seg_cnt 41/288 | scores det_seg -0.1201 det_cnt 1.0838 seg_cnt -0.4655
[stage2] epoch 15/50 step 32 | loss 5.1610 | train det 0.1736 seg 0.0483 cnt 2.1705 | shared_pairs det_seg 167/288 det_cnt 73/288 seg_cnt 48/288 | scores det_seg 0.8499 det_cnt -3.2400 seg_cnt 2.0174
[stage2] epoch 15/50 step 33 | loss 5.0030 | train det 0.1226 seg 0.0741 cnt 2.5703 | shared_pairs det_seg 163/288 det_cnt 87/288 seg_cnt 38/288 | scores det_seg 0.9301 det_cnt -0.3957 seg_cnt 0.0898
[stage2] epoch 15/50 step 34 | loss 4.6369 | train det 0.1024 seg 0.0740 cnt 2.5082 | shared_pairs det_seg 151/288 det_cnt 82/288 seg_cnt 55/288 | scores det_seg -0.5457 det_cnt 0.4880 seg_cnt 3.3926
[stage2] epoch 15/50 step 35 | loss 12.1579 | train det 0.3509 seg 0.1602 cnt 5.6126 | shared_pairs det_seg 153/288 det_cnt 88/288 seg_cnt 47/288 | scores det_seg -1.3382 det_cnt -1.1467 seg_cnt 1.0727
[stage2] epoch 15/50 step 36 | loss 2.6071 | train det 0.0653 seg 0.0296 cnt 1.3904 | shared_pairs det_seg 154/288 det_cnt 86/288 seg_cnt 48/288 | scores det_seg 0.4879 det_cnt -0.6781 seg_cnt -1.9594
[stage2] epoch 15/50 step 37 | loss 4.8612 | train det 0.0362 seg 0.1186 cnt 3.3690 | shared_pairs det_seg 160/288 det_cnt 84/288 seg_cnt 44/288 | scores det_seg 0.1590 det_cnt -0.7506 seg_cnt 0.4857
[stage2] epoch 15/50 step 38 | loss 5.5070 | train det 0.1760 seg 0.1394 cnt 1.7518 | shared_pairs det_seg 155/288 det_cnt 89/288 seg_cnt 44/288 | scores det_seg 0.3090 det_cnt 0.5331 seg_cnt 0.2020
[stage2] epoch 15/50 step 39 | loss 3.8094 | train det 0.0771 seg 0.1639 cnt 1.3418 | shared_pairs det_seg 140/288 det_cnt 103/288 seg_cnt 45/288 | scores det_seg -1.1936 det_cnt 1.8777 seg_cnt -0.0952
[stage2] epoch 15/50 step 40 | loss 3.8924 | train det 0.1144 seg 0.1147 cnt 1.2583 | shared_pairs det_seg 165/288 det_cnt 80/288 seg_cnt 43/288 | scores det_seg 0.5487 det_cnt -0.2068 seg_cnt -1.7163
[stage2] epoch 15/50 step 41 | loss 5.6897 | train det 0.1361 seg 0.0241 cnt 3.4559 | shared_pairs det_seg 138/288 det_cnt 104/288 seg_cnt 46/288 | scores det_seg 1.7678 det_cnt 3.2771 seg_cnt -0.1231
[stage2] epoch 15/50 step 42 | loss 4.8928 | train det 0.1006 seg 0.0422 cnt 3.0460 | shared_pairs det_seg 159/288 det_cnt 79/288 seg_cnt 50/288 | scores det_seg 0.3843 det_cnt 0.4927 seg_cnt 0.7880
[stage2] epoch 15/50 step 43 | loss 5.4398 | train det 0.0937 seg 0.1238 cnt 3.0431 | shared_pairs det_seg 148/288 det_cnt 86/288 seg_cnt 54/288 | scores det_seg -1.0046 det_cnt 0.8142 seg_cnt 0.8577
[stage2] epoch 15/50 | train 5.4810 | det 0.1120 seg 0.0869 cnt 3.1050 | selected_by_matrix_unit det_seg 6771 det_cnt 3641 seg_cnt 1972
[stage2] epoch 15 | val det 0.6619 seg 1.0790 miou 0.6059 cnt 3.9549 dens 8.724020e-01 mae 3.0825 total_mae 13.2625 | ap50 0.5076 | combo 1.437934
[stage2] epoch 16/50 step 1 | loss 3.8097 | train det 0.0870 seg 0.0667 cnt 1.9717 | shared_pairs det_seg 152/288 det_cnt 105/288 seg_cnt 31/288 | scores det_seg -0.1181 det_cnt 3.1723 seg_cnt -1.1500
[stage2] epoch 16/50 step 2 | loss 5.0698 | train det 0.0828 seg 0.0686 cnt 3.2795 | shared_pairs det_seg 168/288 det_cnt 81/288 seg_cnt 39/288 | scores det_seg 0.5353 det_cnt -0.0877 seg_cnt -0.8842
[stage2] epoch 16/50 step 3 | loss 5.0123 | train det 0.1349 seg 0.0718 cnt 2.4142 | shared_pairs det_seg 157/288 det_cnt 87/288 seg_cnt 44/288 | scores det_seg -1.6145 det_cnt -0.8160 seg_cnt 0.7481
[stage2] epoch 16/50 step 4 | loss 7.2429 | train det 0.1333 seg 0.1565 cnt 3.9914 | shared_pairs det_seg 159/288 det_cnt 70/288 seg_cnt 59/288 | scores det_seg 0.3972 det_cnt -1.4767 seg_cnt 1.3379
[stage2] epoch 16/50 step 5 | loss 10.8622 | train det 0.4141 seg 0.1041 cnt 3.8179 | shared_pairs det_seg 162/288 det_cnt 80/288 seg_cnt 46/288 | scores det_seg 0.3822 det_cnt 0.5967 seg_cnt -1.4640
[stage2] epoch 16/50 step 6 | loss 9.9797 | train det 0.3486 seg 0.0933 cnt 4.0043 | shared_pairs det_seg 155/288 det_cnt 87/288 seg_cnt 46/288 | scores det_seg 0.1922 det_cnt -1.0066 seg_cnt 0.0920
[stage2] epoch 16/50 step 7 | loss 5.6121 | train det 0.1611 seg 0.1326 cnt 2.1350 | shared_pairs det_seg 163/288 det_cnt 80/288 seg_cnt 45/288 | scores det_seg 3.1032 det_cnt 1.1423 seg_cnt 1.1362
[stage2] epoch 16/50 step 8 | loss 13.1109 | train det 0.6487 seg 0.0779 cnt 2.7580 | shared_pairs det_seg 162/288 det_cnt 76/288 seg_cnt 50/288 | scores det_seg 0.7307 det_cnt -1.2033 seg_cnt -0.5688
[stage2] epoch 16/50 step 9 | loss 6.6108 | train det 0.2893 seg 0.0941 cnt 1.5182 | shared_pairs det_seg 171/288 det_cnt 88/288 seg_cnt 29/288 | scores det_seg 0.1203 det_cnt -0.0207 seg_cnt -0.5493
[stage2] epoch 16/50 step 10 | loss 4.4000 | train det 0.1506 seg 0.0676 cnt 1.5996 | shared_pairs det_seg 155/288 det_cnt 87/288 seg_cnt 46/288 | scores det_seg 1.2591 det_cnt -0.8950 seg_cnt 0.1730
[stage2] epoch 16/50 step 11 | loss 5.2131 | train det 0.0860 seg 0.0850 cnt 3.2433 | shared_pairs det_seg 152/288 det_cnt 85/288 seg_cnt 51/288 | scores det_seg -0.5708 det_cnt -1.5376 seg_cnt -0.5684
[stage2] epoch 16/50 step 12 | loss 6.0104 | train det 0.1253 seg 0.1792 cnt 2.6977 | shared_pairs det_seg 167/288 det_cnt 75/288 seg_cnt 46/288 | scores det_seg 0.7906 det_cnt -2.7298 seg_cnt -1.4161
[stage2] epoch 16/50 step 13 | loss 3.3757 | train det 0.0556 seg 0.1040 cnt 1.7090 | shared_pairs det_seg 158/288 det_cnt 88/288 seg_cnt 42/288 | scores det_seg -0.7809 det_cnt -0.7772 seg_cnt -1.2823
[stage2] epoch 16/50 step 14 | loss 3.5565 | train det 0.0468 seg 0.1143 cnt 1.9409 | shared_pairs det_seg 149/288 det_cnt 91/288 seg_cnt 48/288 | scores det_seg 0.3464 det_cnt -0.3521 seg_cnt 0.2591
[stage2] epoch 16/50 step 15 | loss 3.9979 | train det 0.0629 seg 0.0510 cnt 2.6473 | shared_pairs det_seg 158/288 det_cnt 83/288 seg_cnt 47/288 | scores det_seg 0.7695 det_cnt -0.4312 seg_cnt 0.6767
[stage2] epoch 16/50 step 16 | loss 3.9347 | train det 0.0664 seg 0.0477 cnt 2.5565 | shared_pairs det_seg 153/288 det_cnt 91/288 seg_cnt 44/288 | scores det_seg 1.4357 det_cnt 1.0134 seg_cnt 0.7528
[stage2] epoch 16/50 step 17 | loss 3.1244 | train det 0.0520 seg 0.1372 cnt 1.2473 | shared_pairs det_seg 157/288 det_cnt 86/288 seg_cnt 45/288 | scores det_seg -0.5367 det_cnt -1.0569 seg_cnt -0.9165
[stage2] epoch 16/50 step 18 | loss 5.8759 | train det 0.0405 seg 0.1055 cnt 4.4246 | shared_pairs det_seg 150/288 det_cnt 93/288 seg_cnt 45/288 | scores det_seg -0.2806 det_cnt 0.3881 seg_cnt -0.4616
[stage2] epoch 16/50 step 19 | loss 3.9193 | train det 0.0290 seg 0.1120 cnt 2.5887 | shared_pairs det_seg 147/288 det_cnt 91/288 seg_cnt 50/288 | scores det_seg -0.3251 det_cnt -0.8632 seg_cnt 1.3597
[stage2] epoch 16/50 step 20 | loss 5.3204 | train det 0.1521 seg 0.1589 cnt 1.7670 | shared_pairs det_seg 161/288 det_cnt 71/288 seg_cnt 56/288 | scores det_seg 1.5965 det_cnt -1.9846 seg_cnt -0.7861
[stage2] epoch 16/50 step 21 | loss 3.7948 | train det 0.1010 seg 0.0571 cnt 1.8236 | shared_pairs det_seg 151/288 det_cnt 98/288 seg_cnt 39/288 | scores det_seg 0.2636 det_cnt 1.8558 seg_cnt -1.2164
[stage2] epoch 16/50 step 22 | loss 4.7312 | train det 0.0843 seg 0.0843 cnt 2.7926 | shared_pairs det_seg 169/288 det_cnt 73/288 seg_cnt 46/288 | scores det_seg 1.6868 det_cnt 0.9748 seg_cnt 0.8881
[stage2] epoch 16/50 step 23 | loss 3.6974 | train det 0.0475 seg 0.0928 cnt 2.2417 | shared_pairs det_seg 164/288 det_cnt 83/288 seg_cnt 41/288 | scores det_seg 1.1031 det_cnt -1.2226 seg_cnt -0.1276
[stage2] epoch 16/50 step 24 | loss 4.6513 | train det 0.0511 seg 0.0873 cnt 3.1865 | shared_pairs det_seg 143/288 det_cnt 103/288 seg_cnt 42/288 | scores det_seg 0.1596 det_cnt 1.9645 seg_cnt -0.7102
[stage2] epoch 16/50 step 25 | loss 6.1998 | train det 0.2386 seg 0.0891 cnt 1.9084 | shared_pairs det_seg 159/288 det_cnt 83/288 seg_cnt 46/288 | scores det_seg 0.3784 det_cnt 1.3214 seg_cnt 0.7250
[stage2] epoch 16/50 step 26 | loss 5.1580 | train det 0.1172 seg 0.0882 cnt 2.6936 | shared_pairs det_seg 139/288 det_cnt 90/288 seg_cnt 59/288 | scores det_seg -1.0620 det_cnt 1.7212 seg_cnt 0.9019
[stage2] epoch 16/50 step 27 | loss 4.9055 | train det 0.0660 seg 0.1195 cnt 2.9586 | shared_pairs det_seg 142/288 det_cnt 101/288 seg_cnt 45/288 | scores det_seg -3.0860 det_cnt 1.3101 seg_cnt -1.5417
[stage2] epoch 16/50 step 28 | loss 7.1743 | train det 0.1709 seg 0.1318 cnt 3.5560 | shared_pairs det_seg 158/288 det_cnt 82/288 seg_cnt 48/288 | scores det_seg -0.5595 det_cnt 1.1349 seg_cnt 0.3923
[stage2] epoch 16/50 step 29 | loss 7.8046 | train det 0.3273 seg 0.0764 cnt 2.2830 | shared_pairs det_seg 143/288 det_cnt 98/288 seg_cnt 47/288 | scores det_seg 0.8079 det_cnt -0.3009 seg_cnt 0.2424
[stage2] epoch 16/50 step 30 | loss 5.1655 | train det 0.0353 seg 0.0254 cnt 4.4328 | shared_pairs det_seg 143/288 det_cnt 97/288 seg_cnt 48/288 | scores det_seg -0.1986 det_cnt 0.3489 seg_cnt 0.1809
[stage2] epoch 16/50 step 31 | loss 6.0792 | train det 0.1811 seg 0.0835 cnt 2.6953 | shared_pairs det_seg 157/288 det_cnt 81/288 seg_cnt 50/288 | scores det_seg -0.4308 det_cnt -0.1996 seg_cnt -0.3726
[stage2] epoch 16/50 step 32 | loss 5.2919 | train det 0.0480 seg 0.1001 cnt 3.7707 | shared_pairs det_seg 150/288 det_cnt 95/288 seg_cnt 43/288 | scores det_seg -1.5472 det_cnt -0.2911 seg_cnt 0.0689
[stage2] epoch 16/50 step 33 | loss 6.8615 | train det 0.2016 seg 0.2203 cnt 2.0750 | shared_pairs det_seg 142/288 det_cnt 101/288 seg_cnt 45/288 | scores det_seg -1.0075 det_cnt 0.0464 seg_cnt -1.3524
[stage2] epoch 16/50 step 34 | loss 2.9024 | train det 0.0969 seg 0.0338 cnt 1.1787 | shared_pairs det_seg 169/288 det_cnt 65/288 seg_cnt 54/288 | scores det_seg 0.3250 det_cnt -2.9854 seg_cnt -0.6407
[stage2] epoch 16/50 step 35 | loss 4.2825 | train det 0.0709 seg 0.0772 cnt 2.6018 | shared_pairs det_seg 161/288 det_cnt 71/288 seg_cnt 56/288 | scores det_seg -0.1592 det_cnt -1.8425 seg_cnt -1.0804
[stage2] epoch 16/50 step 36 | loss 12.7571 | train det 0.6376 seg 0.1279 cnt 2.1696 | shared_pairs det_seg 173/288 det_cnt 71/288 seg_cnt 44/288 | scores det_seg 0.6947 det_cnt -1.8014 seg_cnt -0.9517
[stage2] epoch 16/50 step 37 | loss 4.5516 | train det 0.1104 seg 0.1368 cnt 1.8018 | shared_pairs det_seg 155/288 det_cnt 85/288 seg_cnt 48/288 | scores det_seg -1.4613 det_cnt 0.3159 seg_cnt 0.3627
[stage2] epoch 16/50 step 38 | loss 4.6292 | train det 0.1417 seg 0.0588 cnt 2.0340 | shared_pairs det_seg 168/288 det_cnt 85/288 seg_cnt 35/288 | scores det_seg 2.2730 det_cnt 1.8140 seg_cnt -0.0781
[stage2] epoch 16/50 step 39 | loss 4.6524 | train det 0.1087 seg 0.0665 cnt 2.4905 | shared_pairs det_seg 157/288 det_cnt 82/288 seg_cnt 49/288 | scores det_seg -1.5804 det_cnt -2.2359 seg_cnt 0.4927
[stage2] epoch 16/50 step 40 | loss 4.0863 | train det 0.0896 seg 0.0584 cnt 2.2748 | shared_pairs det_seg 144/288 det_cnt 88/288 seg_cnt 56/288 | scores det_seg -1.7461 det_cnt 1.4822 seg_cnt 0.9731
[stage2] epoch 16/50 step 41 | loss 7.9200 | train det 0.4000 seg 0.1055 cnt 1.0757 | shared_pairs det_seg 164/288 det_cnt 80/288 seg_cnt 44/288 | scores det_seg -0.0444 det_cnt -0.6807 seg_cnt -0.1508
[stage2] epoch 16/50 step 42 | loss 9.5607 | train det 0.3171 seg 0.1122 cnt 3.9063 | shared_pairs det_seg 157/288 det_cnt 83/288 seg_cnt 48/288 | scores det_seg 0.8942 det_cnt 0.3126 seg_cnt 0.2656
[stage2] epoch 16/50 step 43 | loss 6.7503 | train det 0.1374 seg 0.1213 cnt 3.7189 | shared_pairs det_seg 162/288 det_cnt 88/288 seg_cnt 38/288 | scores det_seg -0.8805 det_cnt -0.2517 seg_cnt -0.8747
[stage2] epoch 16/50 | train 5.8057 | det 0.1616 seg 0.0973 cnt 2.6042 | selected_by_matrix_unit det_seg 6726 det_cnt 3678 seg_cnt 1980
[stage2] epoch 16 | val det 0.6513 seg 1.0517 miou 0.6111 cnt 4.0655 dens 8.763212e-01 mae 3.1892 total_mae 12.9867 | ap50 0.4998 | combo 1.424436
[stage2] epoch 17/50 step 1 | loss 6.7568 | train det 0.1014 seg 0.0506 cnt 4.8314 | shared_pairs det_seg 156/288 det_cnt 91/288 seg_cnt 41/288 | scores det_seg -1.3859 det_cnt -0.1385 seg_cnt 0.1529
[stage2] epoch 17/50 step 2 | loss 4.5337 | train det 0.0695 seg 0.0652 cnt 2.9688 | shared_pairs det_seg 160/288 det_cnt 80/288 seg_cnt 48/288 | scores det_seg 0.9215 det_cnt 0.8701 seg_cnt 0.5706
[stage2] epoch 17/50 step 3 | loss 8.1849 | train det 0.3452 seg 0.1142 cnt 2.0925 | shared_pairs det_seg 163/288 det_cnt 81/288 seg_cnt 44/288 | scores det_seg 1.5963 det_cnt 0.4316 seg_cnt 0.6009
[stage2] epoch 17/50 step 4 | loss 3.6250 | train det 0.0864 seg 0.0675 cnt 1.7888 | shared_pairs det_seg 149/288 det_cnt 82/288 seg_cnt 57/288 | scores det_seg 1.0178 det_cnt -1.6521 seg_cnt 1.0124
[stage2] epoch 17/50 step 5 | loss 4.7630 | train det 0.0893 seg 0.0718 cnt 2.8491 | shared_pairs det_seg 161/288 det_cnt 83/288 seg_cnt 44/288 | scores det_seg 1.1741 det_cnt 0.0135 seg_cnt -0.1880
[stage2] epoch 17/50 step 6 | loss 6.8415 | train det 0.1612 seg 0.1200 cnt 3.4641 | shared_pairs det_seg 157/288 det_cnt 84/288 seg_cnt 47/288 | scores det_seg -1.6582 det_cnt -1.8816 seg_cnt -0.4860
[stage2] epoch 17/50 step 7 | loss 5.0362 | train det 0.0891 seg 0.1096 cnt 2.8230 | shared_pairs det_seg 164/288 det_cnt 76/288 seg_cnt 48/288 | scores det_seg 0.7593 det_cnt -1.2756 seg_cnt -1.1110
[stage2] epoch 17/50 step 8 | loss 4.7917 | train det 0.0519 seg 0.0590 cnt 3.5404 | shared_pairs det_seg 164/288 det_cnt 77/288 seg_cnt 47/288 | scores det_seg -2.3824 det_cnt -2.1448 seg_cnt -1.6825
[stage2] epoch 17/50 step 9 | loss 4.4707 | train det 0.0284 seg 0.0457 cnt 3.6793 | shared_pairs det_seg 158/288 det_cnt 82/288 seg_cnt 48/288 | scores det_seg -0.0368 det_cnt -1.1973 seg_cnt -1.5065
[stage2] epoch 17/50 step 10 | loss 6.5148 | train det 0.1949 seg 0.0931 cnt 2.8463 | shared_pairs det_seg 135/288 det_cnt 111/288 seg_cnt 42/288 | scores det_seg -0.2963 det_cnt 3.6106 seg_cnt 0.5788
[stage2] epoch 17/50 step 11 | loss 6.5445 | train det 0.0384 seg 0.0655 cnt 5.4441 | shared_pairs det_seg 137/288 det_cnt 98/288 seg_cnt 53/288 | scores det_seg -0.1489 det_cnt 0.9184 seg_cnt 0.0157
[stage2] epoch 17/50 step 12 | loss 4.3288 | train det 0.0490 seg 0.0284 cnt 3.3661 | shared_pairs det_seg 154/288 det_cnt 82/288 seg_cnt 52/288 | scores det_seg -0.5510 det_cnt -1.7500 seg_cnt 0.4081
[stage2] epoch 17/50 step 13 | loss 3.6753 | train det 0.1155 seg 0.0564 cnt 1.4914 | shared_pairs det_seg 153/288 det_cnt 91/288 seg_cnt 44/288 | scores det_seg 0.4370 det_cnt 1.2602 seg_cnt 0.2036
[stage2] epoch 17/50 step 14 | loss 9.2235 | train det 0.2633 seg 0.2195 cnt 3.5172 | shared_pairs det_seg 162/288 det_cnt 85/288 seg_cnt 41/288 | scores det_seg 1.4991 det_cnt 1.8088 seg_cnt -0.1891
[stage2] epoch 17/50 step 15 | loss 6.7963 | train det 0.0432 seg 0.1173 cnt 5.2100 | shared_pairs det_seg 164/288 det_cnt 90/288 seg_cnt 34/288 | scores det_seg 0.6071 det_cnt 0.4363 seg_cnt -2.2446
[stage2] epoch 17/50 step 16 | loss 4.8308 | train det 0.1187 seg 0.0660 cnt 2.5219 | shared_pairs det_seg 167/288 det_cnt 70/288 seg_cnt 51/288 | scores det_seg 0.4833 det_cnt -2.9905 seg_cnt 0.6165
[stage2] epoch 17/50 step 17 | loss 6.9728 | train det 0.2406 seg 0.0707 cnt 2.7981 | shared_pairs det_seg 152/288 det_cnt 95/288 seg_cnt 41/288 | scores det_seg -1.1977 det_cnt -0.2591 seg_cnt -0.6697
[stage2] epoch 17/50 step 18 | loss 4.9863 | train det 0.1795 seg 0.1303 cnt 1.2511 | shared_pairs det_seg 163/288 det_cnt 79/288 seg_cnt 46/288 | scores det_seg 1.2058 det_cnt -0.8280 seg_cnt -0.3953
[stage2] epoch 17/50 step 19 | loss 6.2613 | train det 0.2084 seg 0.0290 cnt 2.9043 | shared_pairs det_seg 151/288 det_cnt 91/288 seg_cnt 46/288 | scores det_seg -0.8455 det_cnt -0.6951 seg_cnt 1.0583
[stage2] epoch 17/50 step 20 | loss 3.6758 | train det 0.0351 seg 0.0941 cnt 2.3968 | shared_pairs det_seg 169/288 det_cnt 81/288 seg_cnt 38/288 | scores det_seg 0.0838 det_cnt -1.1655 seg_cnt -2.7103
[stage2] epoch 17/50 step 21 | loss 10.8512 | train det 0.2842 seg 0.1348 cnt 5.5101 | shared_pairs det_seg 147/288 det_cnt 97/288 seg_cnt 44/288 | scores det_seg -0.0419 det_cnt -0.0876 seg_cnt -0.4451
[stage2] epoch 17/50 step 22 | loss 6.7766 | train det 0.1712 seg 0.0704 cnt 3.6454 | shared_pairs det_seg 175/288 det_cnt 74/288 seg_cnt 39/288 | scores det_seg 0.9723 det_cnt -0.8253 seg_cnt 0.4091
[stage2] epoch 17/50 step 23 | loss 3.8210 | train det 0.0583 seg 0.1023 cnt 2.1272 | shared_pairs det_seg 156/288 det_cnt 89/288 seg_cnt 43/288 | scores det_seg -0.3960 det_cnt 0.5924 seg_cnt -0.5762
[stage2] epoch 17/50 step 24 | loss 5.1994 | train det 0.1245 seg 0.0773 cnt 2.7139 | shared_pairs det_seg 130/288 det_cnt 93/288 seg_cnt 65/288 | scores det_seg -1.6523 det_cnt 0.4663 seg_cnt 2.7304
[stage2] epoch 17/50 step 25 | loss 10.8781 | train det 0.1300 seg 0.1192 cnt 7.9751 | shared_pairs det_seg 158/288 det_cnt 92/288 seg_cnt 38/288 | scores det_seg -0.7398 det_cnt -1.6471 seg_cnt -0.9929
[stage2] epoch 17/50 step 26 | loss 6.4010 | train det 0.1282 seg 0.0696 cnt 3.9217 | shared_pairs det_seg 142/288 det_cnt 88/288 seg_cnt 58/288 | scores det_seg -1.1553 det_cnt 0.1366 seg_cnt 0.2021
[stage2] epoch 17/50 step 27 | loss 4.1615 | train det 0.0736 seg 0.1241 cnt 2.0652 | shared_pairs det_seg 171/288 det_cnt 76/288 seg_cnt 41/288 | scores det_seg 1.0596 det_cnt -0.2167 seg_cnt -0.1385
[stage2] epoch 17/50 step 28 | loss 3.9028 | train det 0.1197 seg 0.0771 cnt 1.4909 | shared_pairs det_seg 150/288 det_cnt 86/288 seg_cnt 52/288 | scores det_seg -0.7294 det_cnt -0.6816 seg_cnt 0.4763
[stage2] epoch 17/50 step 29 | loss 3.9768 | train det 0.1514 seg 0.0997 cnt 0.9073 | shared_pairs det_seg 153/288 det_cnt 85/288 seg_cnt 50/288 | scores det_seg -0.1508 det_cnt -0.8862 seg_cnt 0.2713
[stage2] epoch 17/50 step 30 | loss 4.8388 | train det 0.0813 seg 0.0169 cnt 3.4842 | shared_pairs det_seg 169/288 det_cnt 74/288 seg_cnt 45/288 | scores det_seg 1.7111 det_cnt -1.5673 seg_cnt -0.9188
[stage2] epoch 17/50 step 31 | loss 5.1263 | train det 0.0896 seg 0.1052 cnt 2.9413 | shared_pairs det_seg 150/288 det_cnt 87/288 seg_cnt 51/288 | scores det_seg -0.5703 det_cnt 0.1414 seg_cnt -0.7526
[stage2] epoch 17/50 step 32 | loss 5.5888 | train det 0.1026 seg 0.0433 cnt 3.7027 | shared_pairs det_seg 166/288 det_cnt 72/288 seg_cnt 50/288 | scores det_seg -0.2762 det_cnt -1.2706 seg_cnt -0.2985
[stage2] epoch 17/50 step 33 | loss 7.5294 | train det 0.0702 seg 0.1301 cnt 5.4357 | shared_pairs det_seg 169/288 det_cnt 75/288 seg_cnt 44/288 | scores det_seg -0.1018 det_cnt -0.2940 seg_cnt 0.6884
[stage2] epoch 17/50 step 34 | loss 3.6322 | train det 0.0755 seg 0.0660 cnt 1.9721 | shared_pairs det_seg 159/288 det_cnt 86/288 seg_cnt 43/288 | scores det_seg 0.4375 det_cnt 0.2424 seg_cnt 0.4071
[stage2] epoch 17/50 step 35 | loss 4.4051 | train det 0.0300 seg 0.0447 cnt 3.5970 | shared_pairs det_seg 155/288 det_cnt 84/288 seg_cnt 49/288 | scores det_seg -0.0570 det_cnt -0.2998 seg_cnt 1.2889
[stage2] epoch 17/50 step 36 | loss 4.2677 | train det 0.0433 seg 0.1158 cnt 2.6917 | shared_pairs det_seg 156/288 det_cnt 89/288 seg_cnt 43/288 | scores det_seg -2.8661 det_cnt -0.4720 seg_cnt 0.3772
[stage2] epoch 17/50 step 37 | loss 3.4461 | train det 0.0896 seg 0.0846 cnt 1.4256 | shared_pairs det_seg 157/288 det_cnt 87/288 seg_cnt 44/288 | scores det_seg 0.2390 det_cnt 1.1829 seg_cnt -1.1948
[stage2] epoch 17/50 step 38 | loss 4.8417 | train det 0.0713 seg 0.1263 cnt 2.7609 | shared_pairs det_seg 151/288 det_cnt 88/288 seg_cnt 49/288 | scores det_seg -0.2269 det_cnt 1.2487 seg_cnt 0.8405
[stage2] epoch 17/50 step 39 | loss 10.1968 | train det 0.3138 seg 0.0695 cnt 4.9346 | shared_pairs det_seg 145/288 det_cnt 90/288 seg_cnt 53/288 | scores det_seg -0.9914 det_cnt -1.4366 seg_cnt 0.3874
[stage2] epoch 17/50 step 40 | loss 4.3968 | train det 0.0879 seg 0.0698 cnt 2.5200 | shared_pairs det_seg 145/288 det_cnt 96/288 seg_cnt 47/288 | scores det_seg -0.2346 det_cnt 1.4250 seg_cnt -0.0687
[stage2] epoch 17/50 step 41 | loss 5.0772 | train det 0.0941 seg 0.1451 cnt 2.5051 | shared_pairs det_seg 149/288 det_cnt 93/288 seg_cnt 46/288 | scores det_seg -1.5203 det_cnt -0.1009 seg_cnt -0.9965
[stage2] epoch 17/50 step 42 | loss 4.1087 | train det 0.1797 seg 0.0541 cnt 0.9808 | shared_pairs det_seg 161/288 det_cnt 80/288 seg_cnt 47/288 | scores det_seg 0.9884 det_cnt -1.1308 seg_cnt -0.4585
[stage2] epoch 17/50 step 43 | loss 4.8789 | train det 0.1252 seg 0.0544 cnt 2.5659 | shared_pairs det_seg 143/288 det_cnt 88/288 seg_cnt 57/288 | scores det_seg -1.9385 det_cnt 1.1087 seg_cnt 1.7812
[stage2] epoch 17/50 | train 5.6074 | det 0.1210 seg 0.0854 cnt 3.1084 | selected_by_matrix_unit det_seg 6696 det_cnt 3678 seg_cnt 2010
[stage2] epoch 17 | val det 0.6271 seg 1.0731 miou 0.6125 cnt 4.3337 dens 8.840469e-01 mae 3.4496 total_mae 15.9931 | ap50 0.5087 | combo 1.411071
[stage2] epoch 18/50 step 1 | loss 7.7450 | train det 0.3634 seg 0.0813 cnt 1.6439 | shared_pairs det_seg 144/288 det_cnt 97/288 seg_cnt 47/288 | scores det_seg 0.0595 det_cnt 1.3145 seg_cnt 1.5771
[stage2] epoch 18/50 step 2 | loss 11.8527 | train det 0.1466 seg 0.0806 cnt 9.0093 | shared_pairs det_seg 141/288 det_cnt 94/288 seg_cnt 53/288 | scores det_seg -0.9894 det_cnt 0.9771 seg_cnt 1.4909
[stage2] epoch 18/50 step 3 | loss 6.0540 | train det 0.1040 seg 0.1423 cnt 3.3564 | shared_pairs det_seg 171/288 det_cnt 80/288 seg_cnt 37/288 | scores det_seg -0.9940 det_cnt -1.4562 seg_cnt -1.3242
[stage2] epoch 18/50 step 4 | loss 8.6263 | train det 0.3609 seg 0.1052 cnt 2.3706 | shared_pairs det_seg 169/288 det_cnt 74/288 seg_cnt 45/288 | scores det_seg 3.1730 det_cnt -1.7354 seg_cnt -1.0418
[stage2] epoch 18/50 step 5 | loss 4.5900 | train det 0.0602 seg 0.1439 cnt 2.5352 | shared_pairs det_seg 157/288 det_cnt 86/288 seg_cnt 45/288 | scores det_seg 0.0433 det_cnt 0.2593 seg_cnt -1.2479
[stage2] epoch 18/50 step 6 | loss 12.8535 | train det 0.4367 seg 0.0696 cnt 5.7466 | shared_pairs det_seg 173/288 det_cnt 76/288 seg_cnt 39/288 | scores det_seg 3.1650 det_cnt -1.4422 seg_cnt -0.5549
[stage2] epoch 18/50 step 7 | loss 6.5500 | train det 0.0844 seg 0.0810 cnt 4.6356 | shared_pairs det_seg 148/288 det_cnt 98/288 seg_cnt 42/288 | scores det_seg -2.4597 det_cnt 0.4842 seg_cnt -0.9860
[stage2] epoch 18/50 step 8 | loss 3.1197 | train det 0.0648 seg 0.0929 cnt 1.4046 | shared_pairs det_seg 151/288 det_cnt 87/288 seg_cnt 50/288 | scores det_seg -0.2141 det_cnt 1.2000 seg_cnt 1.0735
[stage2] epoch 18/50 step 9 | loss 9.7961 | train det 0.1846 seg 0.1040 cnt 6.1954 | shared_pairs det_seg 154/288 det_cnt 83/288 seg_cnt 51/288 | scores det_seg -1.1284 det_cnt -2.1702 seg_cnt 0.9123
[stage2] epoch 18/50 step 10 | loss 3.0163 | train det 0.0236 seg 0.0701 cnt 2.1017 | shared_pairs det_seg 146/288 det_cnt 96/288 seg_cnt 46/288 | scores det_seg -2.1828 det_cnt 1.3947 seg_cnt -0.2516
[stage2] epoch 18/50 step 11 | loss 12.1335 | train det 0.1902 seg 0.0811 cnt 8.6307 | shared_pairs det_seg 149/288 det_cnt 88/288 seg_cnt 51/288 | scores det_seg -1.2763 det_cnt -0.3520 seg_cnt 0.2422
[stage2] epoch 18/50 step 12 | loss 5.5201 | train det 0.0874 seg 0.0857 cnt 3.5233 | shared_pairs det_seg 154/288 det_cnt 91/288 seg_cnt 43/288 | scores det_seg -0.6498 det_cnt 1.7379 seg_cnt -0.1423
[stage2] epoch 18/50 step 13 | loss 2.0692 | train det 0.0546 seg 0.0447 cnt 0.8918 | shared_pairs det_seg 166/288 det_cnt 88/288 seg_cnt 34/288 | scores det_seg 2.1255 det_cnt -0.4204 seg_cnt -2.1850
[stage2] epoch 18/50 step 14 | loss 4.4254 | train det 0.0806 seg 0.0668 cnt 2.6815 | shared_pairs det_seg 158/288 det_cnt 84/288 seg_cnt 46/288 | scores det_seg -0.5991 det_cnt -0.5818 seg_cnt -0.6547
[stage2] epoch 18/50 step 15 | loss 3.1146 | train det 0.0319 seg 0.1074 cnt 1.7774 | shared_pairs det_seg 155/288 det_cnt 83/288 seg_cnt 50/288 | scores det_seg 1.8380 det_cnt 0.3365 seg_cnt 0.6427
[stage2] epoch 18/50 step 16 | loss 3.7411 | train det 0.0218 seg 0.0813 cnt 2.7639 | shared_pairs det_seg 169/288 det_cnt 71/288 seg_cnt 48/288 | scores det_seg 0.5710 det_cnt -0.3924 seg_cnt 0.0353
[stage2] epoch 18/50 step 17 | loss 4.7340 | train det 0.0383 seg 0.1574 cnt 2.9002 | shared_pairs det_seg 158/288 det_cnt 87/288 seg_cnt 43/288 | scores det_seg 1.5873 det_cnt 0.0512 seg_cnt 0.0025
[stage2] epoch 18/50 step 18 | loss 4.6279 | train det 0.0818 seg 0.0815 cnt 2.7484 | shared_pairs det_seg 151/288 det_cnt 86/288 seg_cnt 51/288 | scores det_seg -0.4272 det_cnt -1.9979 seg_cnt 1.5697
[stage2] epoch 18/50 step 19 | loss 6.5166 | train det 0.1213 seg 0.0657 cnt 4.1710 | shared_pairs det_seg 159/288 det_cnt 88/288 seg_cnt 41/288 | scores det_seg 1.0333 det_cnt 2.1058 seg_cnt -0.4158
[stage2] epoch 18/50 step 20 | loss 5.7092 | train det 0.0944 seg 0.1627 cnt 2.9917 | shared_pairs det_seg 170/288 det_cnt 63/288 seg_cnt 55/288 | scores det_seg 0.7401 det_cnt -2.0090 seg_cnt 0.5833
[stage2] epoch 18/50 step 21 | loss 4.3824 | train det 0.0219 seg 0.1099 cnt 3.1745 | shared_pairs det_seg 171/288 det_cnt 82/288 seg_cnt 35/288 | scores det_seg 2.6180 det_cnt -0.6003 seg_cnt -0.3385
[stage2] epoch 18/50 step 22 | loss 9.3839 | train det 0.1433 seg 0.1142 cnt 6.3218 | shared_pairs det_seg 156/288 det_cnt 85/288 seg_cnt 47/288 | scores det_seg -0.3998 det_cnt -0.4464 seg_cnt -1.7361
[stage2] epoch 18/50 step 23 | loss 4.5693 | train det 0.1986 seg 0.0549 cnt 1.1508 | shared_pairs det_seg 175/288 det_cnt 67/288 seg_cnt 46/288 | scores det_seg 2.1690 det_cnt -1.7252 seg_cnt 0.6413
[stage2] epoch 18/50 step 24 | loss 5.7734 | train det 0.1716 seg 0.0786 cnt 2.5710 | shared_pairs det_seg 163/288 det_cnt 81/288 seg_cnt 44/288 | scores det_seg 1.0373 det_cnt -1.7641 seg_cnt 0.1509
[stage2] epoch 18/50 step 25 | loss 3.2760 | train det 0.0366 seg 0.0721 cnt 2.1498 | shared_pairs det_seg 155/288 det_cnt 89/288 seg_cnt 44/288 | scores det_seg 0.0279 det_cnt 1.9068 seg_cnt 0.1379
[stage2] epoch 18/50 step 26 | loss 16.0498 | train det 0.4474 seg 0.0613 cnt 8.8487 | shared_pairs det_seg 168/288 det_cnt 80/288 seg_cnt 40/288 | scores det_seg 0.8043 det_cnt -1.7512 seg_cnt -0.6345
[stage2] epoch 18/50 step 27 | loss 4.9300 | train det 0.0513 seg 0.0953 cnt 3.3979 | shared_pairs det_seg 147/288 det_cnt 86/288 seg_cnt 55/288 | scores det_seg -1.5273 det_cnt 0.7711 seg_cnt -0.1244
[stage2] epoch 18/50 step 28 | loss 3.9979 | train det 0.0599 seg 0.0733 cnt 2.5132 | shared_pairs det_seg 165/288 det_cnt 75/288 seg_cnt 48/288 | scores det_seg 0.9280 det_cnt -2.0343 seg_cnt -0.0090
[stage2] epoch 18/50 step 29 | loss 5.9399 | train det 0.1285 seg 0.0808 cnt 3.3665 | shared_pairs det_seg 171/288 det_cnt 79/288 seg_cnt 38/288 | scores det_seg 2.0236 det_cnt -0.7416 seg_cnt -0.7756
[stage2] epoch 18/50 step 30 | loss 8.2193 | train det 0.0599 seg 0.0831 cnt 6.6564 | shared_pairs det_seg 155/288 det_cnt 80/288 seg_cnt 53/288 | scores det_seg 2.4732 det_cnt 2.4177 seg_cnt 1.1551
[stage2] epoch 18/50 step 31 | loss 7.8625 | train det 0.1133 seg 0.1054 cnt 5.3198 | shared_pairs det_seg 161/288 det_cnt 75/288 seg_cnt 52/288 | scores det_seg 1.5107 det_cnt 2.1258 seg_cnt 1.1902
[stage2] epoch 18/50 step 32 | loss 2.8739 | train det 0.0600 seg 0.1363 cnt 0.8835 | shared_pairs det_seg 172/288 det_cnt 68/288 seg_cnt 48/288 | scores det_seg 0.0809 det_cnt -1.5603 seg_cnt -0.2591
[stage2] epoch 18/50 step 33 | loss 8.4158 | train det 0.0975 seg 0.1214 cnt 5.9820 | shared_pairs det_seg 141/288 det_cnt 92/288 seg_cnt 55/288 | scores det_seg 0.1473 det_cnt 1.2421 seg_cnt 0.5812
[stage2] epoch 18/50 step 34 | loss 3.2393 | train det 0.0634 seg 0.0678 cnt 1.7466 | shared_pairs det_seg 163/288 det_cnt 76/288 seg_cnt 49/288 | scores det_seg 1.9237 det_cnt 0.3640 seg_cnt 1.2752
[stage2] epoch 18/50 step 35 | loss 8.0284 | train det 0.0661 seg 0.0932 cnt 6.2922 | shared_pairs det_seg 144/288 det_cnt 84/288 seg_cnt 60/288 | scores det_seg -1.1079 det_cnt -2.1398 seg_cnt 0.1475
[stage2] epoch 18/50 step 36 | loss 5.4222 | train det 0.0829 seg 0.1359 cnt 3.0908 | shared_pairs det_seg 157/288 det_cnt 84/288 seg_cnt 47/288 | scores det_seg 0.7612 det_cnt 0.7030 seg_cnt -0.5151
[stage2] epoch 18/50 step 37 | loss 8.0084 | train det 0.4151 seg 0.1120 cnt 0.8859 | shared_pairs det_seg 153/288 det_cnt 92/288 seg_cnt 43/288 | scores det_seg 1.1357 det_cnt -0.0413 seg_cnt -0.5310
[stage2] epoch 18/50 step 38 | loss 4.5906 | train det 0.0806 seg 0.1199 cnt 2.4217 | shared_pairs det_seg 159/288 det_cnt 90/288 seg_cnt 39/288 | scores det_seg 0.9268 det_cnt -0.7644 seg_cnt -1.0160
[stage2] epoch 18/50 step 39 | loss 3.9337 | train det 0.0854 seg 0.1301 cnt 1.6121 | shared_pairs det_seg 157/288 det_cnt 81/288 seg_cnt 50/288 | scores det_seg 0.0766 det_cnt -1.4798 seg_cnt -1.4653
[stage2] epoch 18/50 step 40 | loss 9.1348 | train det 0.3373 seg 0.0769 cnt 3.4597 | shared_pairs det_seg 146/288 det_cnt 83/288 seg_cnt 59/288 | scores det_seg -0.8148 det_cnt -1.2518 seg_cnt 0.1513
[stage2] epoch 18/50 step 41 | loss 4.6105 | train det 0.0517 seg 0.0631 cnt 3.3308 | shared_pairs det_seg 155/288 det_cnt 79/288 seg_cnt 54/288 | scores det_seg 0.2028 det_cnt -0.4707 seg_cnt 0.4346
[stage2] epoch 18/50 step 42 | loss 10.1534 | train det 0.4609 seg 0.0586 cnt 2.7706 | shared_pairs det_seg 147/288 det_cnt 89/288 seg_cnt 52/288 | scores det_seg -0.4951 det_cnt 0.5580 seg_cnt 0.5837
[stage2] epoch 18/50 step 43 | loss 6.8087 | train det 0.1049 seg 0.1235 cnt 4.2476 | shared_pairs det_seg 161/288 det_cnt 88/288 seg_cnt 39/288 | scores det_seg 0.2937 det_cnt -0.6074 seg_cnt 1.1878
[stage2] epoch 18/50 | train 6.4279 | det 0.1388 seg 0.0947 cnt 3.5878 | selected_by_matrix_unit det_seg 6785 det_cnt 3585 seg_cnt 2014
[stage2] epoch 18 | val det 0.6500 seg 1.0692 miou 0.6107 cnt 3.8521 dens 8.748657e-01 mae 2.9772 total_mae 12.7325 | ap50 0.5032 | combo 1.449791
[stage2] epoch 19/50 step 1 | loss 4.3574 | train det 0.1029 seg 0.0430 cnt 2.4696 | shared_pairs det_seg 138/288 det_cnt 95/288 seg_cnt 55/288 | scores det_seg 0.6153 det_cnt 1.9178 seg_cnt 0.1320
[stage2] epoch 19/50 step 2 | loss 4.9901 | train det 0.0312 seg 0.0857 cnt 3.8362 | shared_pairs det_seg 160/288 det_cnt 83/288 seg_cnt 45/288 | scores det_seg -0.4664 det_cnt -0.0887 seg_cnt -0.8167
[stage2] epoch 19/50 step 3 | loss 3.2499 | train det 0.0569 seg 0.0495 cnt 2.0010 | shared_pairs det_seg 154/288 det_cnt 79/288 seg_cnt 55/288 | scores det_seg -2.8065 det_cnt -0.1829 seg_cnt 0.0219
[stage2] epoch 19/50 step 4 | loss 4.3867 | train det 0.1234 seg 0.1390 cnt 1.4230 | shared_pairs det_seg 141/288 det_cnt 93/288 seg_cnt 54/288 | scores det_seg -1.2852 det_cnt 0.4294 seg_cnt 0.6100
[stage2] epoch 19/50 step 5 | loss 7.2504 | train det 0.1648 seg 0.2282 cnt 2.9520 | shared_pairs det_seg 159/288 det_cnt 82/288 seg_cnt 47/288 | scores det_seg 1.1215 det_cnt -1.1964 seg_cnt -1.3253
[stage2] epoch 19/50 step 6 | loss 3.7141 | train det 0.0453 seg 0.0431 cnt 2.6903 | shared_pairs det_seg 153/288 det_cnt 80/288 seg_cnt 55/288 | scores det_seg 0.4622 det_cnt -1.3441 seg_cnt 0.2448
[stage2] epoch 19/50 step 7 | loss 4.9041 | train det 0.0776 seg 0.0545 cnt 3.3047 | shared_pairs det_seg 169/288 det_cnt 73/288 seg_cnt 46/288 | scores det_seg 0.2423 det_cnt -1.7667 seg_cnt 1.8061
[stage2] epoch 19/50 step 8 | loss 8.0156 | train det 0.1969 seg 0.0799 cnt 4.4230 | shared_pairs det_seg 158/288 det_cnt 86/288 seg_cnt 44/288 | scores det_seg -2.0020 det_cnt -1.1688 seg_cnt -2.1084
[stage2] epoch 19/50 step 9 | loss 3.6904 | train det 0.0328 seg 0.0881 cnt 2.4940 | shared_pairs det_seg 169/288 det_cnt 77/288 seg_cnt 42/288 | scores det_seg -0.2265 det_cnt -1.3294 seg_cnt -0.0322
[stage2] epoch 19/50 step 10 | loss 3.5930 | train det 0.0286 seg 0.0926 cnt 2.4228 | shared_pairs det_seg 153/288 det_cnt 77/288 seg_cnt 58/288 | scores det_seg 0.0917 det_cnt -1.2375 seg_cnt 1.4814
[stage2] epoch 19/50 step 11 | loss 3.2351 | train det 0.0735 seg 0.0605 cnt 1.6477 | shared_pairs det_seg 163/288 det_cnt 74/288 seg_cnt 51/288 | scores det_seg -0.7491 det_cnt -1.3684 seg_cnt 1.1322
[stage2] epoch 19/50 step 12 | loss 6.3133 | train det 0.0741 seg 0.0551 cnt 4.7607 | shared_pairs det_seg 155/288 det_cnt 77/288 seg_cnt 56/288 | scores det_seg -0.0966 det_cnt 0.8261 seg_cnt 0.8449
[stage2] epoch 19/50 step 13 | loss 2.7419 | train det 0.0477 seg 0.0932 cnt 1.2810 | shared_pairs det_seg 160/288 det_cnt 84/288 seg_cnt 44/288 | scores det_seg -0.3550 det_cnt -0.7763 seg_cnt -0.5718
[stage2] epoch 19/50 step 14 | loss 6.6236 | train det 0.0406 seg 0.0767 cnt 5.4005 | shared_pairs det_seg 144/288 det_cnt 95/288 seg_cnt 49/288 | scores det_seg -1.1221 det_cnt 0.4917 seg_cnt 0.4734
[stage2] epoch 19/50 step 15 | loss 4.4903 | train det 0.0917 seg 0.1096 cnt 2.2385 | shared_pairs det_seg 146/288 det_cnt 83/288 seg_cnt 59/288 | scores det_seg 0.1331 det_cnt 1.9418 seg_cnt 0.5796
[stage2] epoch 19/50 step 16 | loss 3.0853 | train det 0.0565 seg 0.1455 cnt 1.0737 | shared_pairs det_seg 148/288 det_cnt 85/288 seg_cnt 55/288 | scores det_seg 0.0688 det_cnt 0.2666 seg_cnt 1.7597
[stage2] epoch 19/50 step 17 | loss 3.5771 | train det 0.1090 seg 0.0668 cnt 1.4072 | shared_pairs det_seg 158/288 det_cnt 84/288 seg_cnt 46/288 | scores det_seg 0.8199 det_cnt 0.8530 seg_cnt 0.3362
[stage2] epoch 19/50 step 18 | loss 4.2980 | train det 0.0476 seg 0.1796 cnt 2.1470 | shared_pairs det_seg 157/288 det_cnt 84/288 seg_cnt 47/288 | scores det_seg -0.0395 det_cnt -0.2688 seg_cnt 0.2063
[stage2] epoch 19/50 step 19 | loss 2.9482 | train det 0.0506 seg 0.1023 cnt 1.3706 | shared_pairs det_seg 159/288 det_cnt 85/288 seg_cnt 44/288 | scores det_seg 1.3766 det_cnt 0.2244 seg_cnt 0.9832
[stage2] epoch 19/50 step 20 | loss 5.8103 | train det 0.1261 seg 0.0863 cnt 3.2290 | shared_pairs det_seg 149/288 det_cnt 89/288 seg_cnt 50/288 | scores det_seg 0.6905 det_cnt 0.3021 seg_cnt -0.1736
[stage2] epoch 19/50 step 21 | loss 4.0993 | train det 0.0890 seg 0.0797 cnt 2.1270 | shared_pairs det_seg 153/288 det_cnt 85/288 seg_cnt 50/288 | scores det_seg -0.5774 det_cnt -0.5474 seg_cnt -0.5788
[stage2] epoch 19/50 step 22 | loss 3.4834 | train det 0.0972 seg 0.0315 cnt 1.7726 | shared_pairs det_seg 145/288 det_cnt 93/288 seg_cnt 50/288 | scores det_seg -0.4031 det_cnt -0.1494 seg_cnt -0.9599
[stage2] epoch 19/50 step 23 | loss 5.0775 | train det 0.0542 seg 0.1023 cnt 3.4467 | shared_pairs det_seg 152/288 det_cnt 87/288 seg_cnt 49/288 | scores det_seg -0.8167 det_cnt 0.6657 seg_cnt 0.4493
[stage2] epoch 19/50 step 24 | loss 3.6547 | train det 0.1554 seg 0.0307 cnt 1.0774 | shared_pairs det_seg 155/288 det_cnt 84/288 seg_cnt 49/288 | scores det_seg 0.8253 det_cnt 0.4131 seg_cnt -0.3549
[stage2] epoch 19/50 step 25 | loss 3.8942 | train det 0.0282 seg 0.0546 cnt 3.0338 | shared_pairs det_seg 160/288 det_cnt 70/288 seg_cnt 58/288 | scores det_seg 0.0741 det_cnt -1.8679 seg_cnt 0.4604
[stage2] epoch 19/50 step 26 | loss 3.8068 | train det 0.0525 seg 0.0578 cnt 2.5578 | shared_pairs det_seg 156/288 det_cnt 78/288 seg_cnt 54/288 | scores det_seg -0.1001 det_cnt -0.6636 seg_cnt -0.5644
[stage2] epoch 19/50 step 27 | loss 2.7786 | train det 0.0293 seg 0.0350 cnt 2.0586 | shared_pairs det_seg 167/288 det_cnt 74/288 seg_cnt 47/288 | scores det_seg 0.6525 det_cnt 0.0394 seg_cnt -0.8618
[stage2] epoch 19/50 step 28 | loss 7.2461 | train det 0.3209 seg 0.1293 cnt 1.3975 | shared_pairs det_seg 159/288 det_cnt 87/288 seg_cnt 42/288 | scores det_seg 2.3459 det_cnt 0.4615 seg_cnt 0.0583
[stage2] epoch 19/50 step 29 | loss 6.4362 | train det 0.1770 seg 0.1223 cnt 2.8027 | shared_pairs det_seg 160/288 det_cnt 80/288 seg_cnt 48/288 | scores det_seg -1.2966 det_cnt 0.7245 seg_cnt -0.4245
[stage2] epoch 19/50 step 30 | loss 5.5345 | train det 0.1091 seg 0.0713 cnt 3.3270 | shared_pairs det_seg 157/288 det_cnt 84/288 seg_cnt 47/288 | scores det_seg 0.0181 det_cnt -0.7356 seg_cnt -1.0253
[stage2] epoch 19/50 step 31 | loss 6.2552 | train det 0.0627 seg 0.0339 cnt 5.0436 | shared_pairs det_seg 149/288 det_cnt 85/288 seg_cnt 54/288 | scores det_seg -1.0630 det_cnt -0.7514 seg_cnt 0.4646
[stage2] epoch 19/50 step 32 | loss 3.9312 | train det 0.0304 seg 0.0867 cnt 2.7820 | shared_pairs det_seg 138/288 det_cnt 102/288 seg_cnt 48/288 | scores det_seg -0.4724 det_cnt -0.2977 seg_cnt -0.1396
[stage2] epoch 19/50 step 33 | loss 7.3815 | train det 0.2871 seg 0.0546 cnt 2.6381 | shared_pairs det_seg 156/288 det_cnt 83/288 seg_cnt 49/288 | scores det_seg 0.5246 det_cnt 0.4755 seg_cnt -0.3115
[stage2] epoch 19/50 step 34 | loss 5.9181 | train det 0.2038 seg 0.1252 cnt 1.8589 | shared_pairs det_seg 160/288 det_cnt 82/288 seg_cnt 46/288 | scores det_seg 0.6077 det_cnt -1.8934 seg_cnt 0.1360
[stage2] epoch 19/50 step 35 | loss 4.1632 | train det 0.1840 seg 0.0277 cnt 1.1821 | shared_pairs det_seg 142/288 det_cnt 93/288 seg_cnt 53/288 | scores det_seg -2.1310 det_cnt 0.2149 seg_cnt 1.0122
[stage2] epoch 19/50 step 36 | loss 6.0273 | train det 0.0187 seg 0.2067 cnt 4.0924 | shared_pairs det_seg 156/288 det_cnt 82/288 seg_cnt 50/288 | scores det_seg 1.1489 det_cnt 1.3899 seg_cnt 0.6349
[stage2] epoch 19/50 step 37 | loss 2.5941 | train det 0.0685 seg 0.0603 cnt 1.0846 | shared_pairs det_seg 143/288 det_cnt 93/288 seg_cnt 52/288 | scores det_seg -1.6529 det_cnt 0.6846 seg_cnt -0.5901
[stage2] epoch 19/50 step 38 | loss 6.7204 | train det 0.0204 seg 0.0859 cnt 5.7269 | shared_pairs det_seg 157/288 det_cnt 87/288 seg_cnt 44/288 | scores det_seg 0.7086 det_cnt -0.3695 seg_cnt 0.0349
[stage2] epoch 19/50 step 39 | loss 3.3542 | train det 0.0453 seg 0.1240 cnt 1.6824 | shared_pairs det_seg 149/288 det_cnt 90/288 seg_cnt 49/288 | scores det_seg -0.7436 det_cnt -0.1769 seg_cnt 0.0862
[stage2] epoch 19/50 step 40 | loss 2.8496 | train det 0.0920 seg 0.0413 cnt 1.1398 | shared_pairs det_seg 157/288 det_cnt 85/288 seg_cnt 46/288 | scores det_seg 0.3046 det_cnt 0.9087 seg_cnt 0.2412
[stage2] epoch 19/50 step 41 | loss 4.4296 | train det 0.1668 seg 0.0932 cnt 1.1811 | shared_pairs det_seg 157/288 det_cnt 77/288 seg_cnt 54/288 | scores det_seg -0.8022 det_cnt 0.5249 seg_cnt 0.8879
[stage2] epoch 19/50 step 42 | loss 2.9794 | train det 0.0300 seg 0.0572 cnt 2.0720 | shared_pairs det_seg 148/288 det_cnt 99/288 seg_cnt 41/288 | scores det_seg 2.2233 det_cnt 2.2219 seg_cnt 0.0312
[stage2] epoch 19/50 step 43 | loss 3.9863 | train det 0.0971 seg 0.0809 cnt 1.8828 | shared_pairs det_seg 154/288 det_cnt 82/288 seg_cnt 52/288 | scores det_seg -0.4653 det_cnt 0.5329 seg_cnt 0.4618
[stage2] epoch 19/50 | train 4.6018 | det 0.0930 seg 0.0854 cnt 2.5242 | selected_by_matrix_unit det_seg 6623 det_cnt 3627 seg_cnt 2134
[stage2] epoch 19 | val det 0.6258 seg 1.0738 miou 0.6087 cnt 3.9729 dens 8.593113e-01 mae 3.1136 total_mae 13.4871 | ap50 0.5077 | combo 1.437579
[stage2] epoch 20/50 step 1 | loss 3.3292 | train det 0.0355 seg 0.0506 cnt 2.3912 | shared_pairs det_seg 151/288 det_cnt 83/288 seg_cnt 54/288 | scores det_seg 0.2470 det_cnt 0.1807 seg_cnt -0.2193
[stage2] epoch 20/50 step 2 | loss 5.0234 | train det 0.1147 seg 0.1087 cnt 2.4333 | shared_pairs det_seg 144/288 det_cnt 102/288 seg_cnt 42/288 | scores det_seg 0.9558 det_cnt 3.2270 seg_cnt 0.4953
[stage2] epoch 20/50 step 3 | loss 5.1899 | train det 0.1707 seg 0.1076 cnt 1.7688 | shared_pairs det_seg 163/288 det_cnt 76/288 seg_cnt 49/288 | scores det_seg -0.1636 det_cnt -0.8341 seg_cnt -0.1003
[stage2] epoch 20/50 step 4 | loss 5.1936 | train det 0.0627 seg 0.0452 cnt 3.8916 | shared_pairs det_seg 155/288 det_cnt 87/288 seg_cnt 46/288 | scores det_seg -0.8060 det_cnt 0.1085 seg_cnt -1.1506
[stage2] epoch 20/50 step 5 | loss 6.5698 | train det 0.2959 seg 0.0832 cnt 1.4650 | shared_pairs det_seg 154/288 det_cnt 89/288 seg_cnt 45/288 | scores det_seg 0.8761 det_cnt 1.5679 seg_cnt 0.5976
[stage2] epoch 20/50 step 6 | loss 3.3753 | train det 0.0560 seg 0.0959 cnt 1.7679 | shared_pairs det_seg 143/288 det_cnt 87/288 seg_cnt 58/288 | scores det_seg -0.4924 det_cnt 0.1872 seg_cnt 1.0072
[stage2] epoch 20/50 step 7 | loss 3.1603 | train det 0.0527 seg 0.1759 cnt 0.9630 | shared_pairs det_seg 166/288 det_cnt 76/288 seg_cnt 46/288 | scores det_seg 0.6101 det_cnt -0.6250 seg_cnt -1.4103
[stage2] epoch 20/50 step 8 | loss 7.9977 | train det 0.1801 seg 0.0767 cnt 4.6835 | shared_pairs det_seg 165/288 det_cnt 88/288 seg_cnt 35/288 | scores det_seg -0.8846 det_cnt 0.2822 seg_cnt -1.1907
[stage2] epoch 20/50 step 9 | loss 5.1410 | train det 0.0701 seg 0.0557 cnt 3.6441 | shared_pairs det_seg 163/288 det_cnt 87/288 seg_cnt 38/288 | scores det_seg 0.5936 det_cnt 0.3022 seg_cnt -1.7113
[stage2] epoch 20/50 step 10 | loss 7.1760 | train det 0.0504 seg 0.1130 cnt 5.5155 | shared_pairs det_seg 167/288 det_cnt 80/288 seg_cnt 41/288 | scores det_seg 1.1529 det_cnt 0.6433 seg_cnt -1.3007
[stage2] epoch 20/50 step 11 | loss 7.9339 | train det 0.1086 seg 0.1072 cnt 5.4470 | shared_pairs det_seg 172/288 det_cnt 65/288 seg_cnt 51/288 | scores det_seg -0.1666 det_cnt -2.6863 seg_cnt -0.6723
[stage2] epoch 20/50 step 12 | loss 3.8220 | train det 0.0475 seg 0.0987 cnt 2.3200 | shared_pairs det_seg 152/288 det_cnt 89/288 seg_cnt 47/288 | scores det_seg -1.3623 det_cnt -1.1364 seg_cnt -0.2100
[stage2] epoch 20/50 step 13 | loss 6.1741 | train det 0.1026 seg 0.0253 cnt 4.4332 | shared_pairs det_seg 146/288 det_cnt 91/288 seg_cnt 51/288 | scores det_seg 0.4133 det_cnt 1.9379 seg_cnt 0.7364
[stage2] epoch 20/50 step 14 | loss 7.9144 | train det 0.2047 seg 0.0659 cnt 4.3165 | shared_pairs det_seg 160/288 det_cnt 82/288 seg_cnt 46/288 | scores det_seg -0.0017 det_cnt -1.0624 seg_cnt -0.5713
[stage2] epoch 20/50 step 15 | loss 5.0904 | train det 0.0653 seg 0.0826 cnt 3.4506 | shared_pairs det_seg 145/288 det_cnt 81/288 seg_cnt 62/288 | scores det_seg -0.0297 det_cnt -1.0801 seg_cnt 1.5481
[stage2] epoch 20/50 step 16 | loss 3.2882 | train det 0.0265 seg 0.0782 cnt 2.2648 | shared_pairs det_seg 151/288 det_cnt 73/288 seg_cnt 64/288 | scores det_seg -0.5761 det_cnt -0.4305 seg_cnt 0.4124
[stage2] epoch 20/50 step 17 | loss 4.1654 | train det 0.0863 seg 0.0677 cnt 2.3300 | shared_pairs det_seg 170/288 det_cnt 77/288 seg_cnt 41/288 | scores det_seg 1.5716 det_cnt 0.6157 seg_cnt 0.7504
[stage2] epoch 20/50 step 18 | loss 3.5926 | train det 0.1010 seg 0.0861 cnt 1.3895 | shared_pairs det_seg 158/288 det_cnt 78/288 seg_cnt 52/288 | scores det_seg 0.1613 det_cnt -0.4650 seg_cnt 0.8121
[stage2] epoch 20/50 step 19 | loss 17.7909 | train det 0.1238 seg 0.1267 cnt 14.9197 | shared_pairs det_seg 164/288 det_cnt 82/288 seg_cnt 42/288 | scores det_seg -0.7143 det_cnt -2.1918 seg_cnt -0.0840
[stage2] epoch 20/50 step 20 | loss 6.4226 | train det 0.1594 seg 0.0959 cnt 3.2633 | shared_pairs det_seg 169/288 det_cnt 71/288 seg_cnt 48/288 | scores det_seg 0.1390 det_cnt -0.6322 seg_cnt 0.0730
[stage2] epoch 20/50 step 21 | loss 8.9555 | train det 0.2156 seg 0.1134 cnt 4.8150 | shared_pairs det_seg 163/288 det_cnt 68/288 seg_cnt 57/288 | scores det_seg 0.0244 det_cnt -3.3449 seg_cnt 0.0525
[stage2] epoch 20/50 step 22 | loss 3.5448 | train det 0.0154 seg 0.0771 cnt 2.6972 | shared_pairs det_seg 147/288 det_cnt 98/288 seg_cnt 43/288 | scores det_seg 0.0237 det_cnt -0.0637 seg_cnt -0.2886
[stage2] epoch 20/50 step 23 | loss 3.3653 | train det 0.0558 seg 0.0775 cnt 1.9083 | shared_pairs det_seg 137/288 det_cnt 95/288 seg_cnt 56/288 | scores det_seg -0.2291 det_cnt 2.0238 seg_cnt 0.0090
[stage2] epoch 20/50 step 24 | loss 12.9191 | train det 0.5093 seg 0.2083 cnt 3.6125 | shared_pairs det_seg 154/288 det_cnt 81/288 seg_cnt 53/288 | scores det_seg -1.7580 det_cnt 0.0132 seg_cnt 1.0464
[stage2] epoch 20/50 step 25 | loss 3.6512 | train det 0.0713 seg 0.0224 cnt 2.4023 | shared_pairs det_seg 135/288 det_cnt 103/288 seg_cnt 50/288 | scores det_seg -1.5663 det_cnt 1.7652 seg_cnt -0.5601
[stage2] epoch 20/50 step 26 | loss 4.4988 | train det 0.0973 seg 0.0653 cnt 2.5178 | shared_pairs det_seg 156/288 det_cnt 83/288 seg_cnt 49/288 | scores det_seg -0.1579 det_cnt -0.8195 seg_cnt -0.9710
[stage2] epoch 20/50 step 27 | loss 5.4790 | train det 0.1860 seg 0.0723 cnt 2.1109 | shared_pairs det_seg 153/288 det_cnt 83/288 seg_cnt 52/288 | scores det_seg 1.5077 det_cnt 0.6290 seg_cnt 0.9448
[stage2] epoch 20/50 step 28 | loss 6.6746 | train det 0.1121 seg 0.0874 cnt 4.2944 | shared_pairs det_seg 154/288 det_cnt 91/288 seg_cnt 43/288 | scores det_seg 0.8775 det_cnt -0.0968 seg_cnt -0.3501
[stage2] epoch 20/50 step 29 | loss 2.7664 | train det 0.0350 seg 0.1168 cnt 1.3074 | shared_pairs det_seg 154/288 det_cnt 83/288 seg_cnt 51/288 | scores det_seg 2.1845 det_cnt -0.0912 seg_cnt 1.8885
[stage2] epoch 20/50 step 30 | loss 3.4414 | train det 0.0481 seg 0.0704 cnt 2.1564 | shared_pairs det_seg 151/288 det_cnt 80/288 seg_cnt 57/288 | scores det_seg -1.3268 det_cnt -2.3855 seg_cnt -0.1463
[stage2] epoch 20/50 step 31 | loss 2.7915 | train det 0.0594 seg 0.0992 cnt 1.1071 | shared_pairs det_seg 167/288 det_cnt 81/288 seg_cnt 40/288 | scores det_seg 2.1110 det_cnt -0.3030 seg_cnt -0.9220
[stage2] epoch 20/50 step 32 | loss 5.5637 | train det 0.0585 seg 0.0614 cnt 4.1958 | shared_pairs det_seg 158/288 det_cnt 85/288 seg_cnt 45/288 | scores det_seg 0.9585 det_cnt 0.6862 seg_cnt -1.4134
[stage2] epoch 20/50 step 33 | loss 5.8668 | train det 0.1550 seg 0.0497 cnt 3.1445 | shared_pairs det_seg 155/288 det_cnt 83/288 seg_cnt 50/288 | scores det_seg 0.5534 det_cnt -1.2412 seg_cnt 0.1617
[stage2] epoch 20/50 step 34 | loss 10.6969 | train det 0.3509 seg 0.1038 cnt 4.6035 | shared_pairs det_seg 146/288 det_cnt 82/288 seg_cnt 60/288 | scores det_seg -1.6234 det_cnt -0.2865 seg_cnt 0.7815
[stage2] epoch 20/50 step 35 | loss 5.9255 | train det 0.0416 seg 0.0837 cnt 4.6319 | shared_pairs det_seg 151/288 det_cnt 83/288 seg_cnt 54/288 | scores det_seg 0.9654 det_cnt 1.3177 seg_cnt -0.4775
[stage2] epoch 20/50 step 36 | loss 3.7341 | train det 0.0521 seg 0.0651 cnt 2.4316 | shared_pairs det_seg 158/288 det_cnt 79/288 seg_cnt 51/288 | scores det_seg 1.0527 det_cnt 0.3275 seg_cnt -0.5141
[stage2] epoch 20/50 step 37 | loss 4.7862 | train det 0.0314 seg 0.0801 cnt 3.6737 | shared_pairs det_seg 150/288 det_cnt 85/288 seg_cnt 53/288 | scores det_seg -0.1760 det_cnt 1.6806 seg_cnt 0.1164
[stage2] epoch 20/50 step 38 | loss 7.8918 | train det 0.1325 seg 0.0451 cnt 5.5429 | shared_pairs det_seg 148/288 det_cnt 81/288 seg_cnt 59/288 | scores det_seg -0.4732 det_cnt 0.5084 seg_cnt 1.5821
[stage2] epoch 20/50 step 39 | loss 6.8820 | train det 0.1536 seg 0.0664 cnt 4.0460 | shared_pairs det_seg 142/288 det_cnt 94/288 seg_cnt 52/288 | scores det_seg -0.3975 det_cnt 1.1129 seg_cnt 3.0872
[stage2] epoch 20/50 step 40 | loss 3.8167 | train det 0.0509 seg 0.1358 cnt 1.9668 | shared_pairs det_seg 160/288 det_cnt 83/288 seg_cnt 45/288 | scores det_seg -1.0245 det_cnt 0.2049 seg_cnt 0.0810
[stage2] epoch 20/50 step 41 | loss 6.3476 | train det 0.2371 seg 0.0699 cnt 2.2324 | shared_pairs det_seg 145/288 det_cnt 91/288 seg_cnt 52/288 | scores det_seg -0.9345 det_cnt 1.2957 seg_cnt 0.4502
[stage2] epoch 20/50 step 42 | loss 3.5425 | train det 0.0407 seg 0.1578 cnt 1.6699 | shared_pairs det_seg 162/288 det_cnt 73/288 seg_cnt 53/288 | scores det_seg 0.0561 det_cnt -0.9586 seg_cnt -1.0182
[stage2] epoch 20/50 step 43 | loss 12.1391 | train det 0.0406 seg 0.1317 cnt 10.4765 | shared_pairs det_seg 152/288 det_cnt 86/288 seg_cnt 50/288 | scores det_seg 0.3522 det_cnt 0.4093 seg_cnt 1.3005
[stage2] epoch 20/50 | train 5.8984 | det 0.1131 seg 0.0885 cnt 3.4931 | selected_by_matrix_unit det_seg 6656 det_cnt 3595 seg_cnt 2133
[stage2] epoch 20 | val det 0.6384 seg 1.0748 miou 0.6115 cnt 3.8704 dens 8.843369e-01 mae 2.9860 total_mae 13.0731 | ap50 0.5088 | combo 1.455184
[stage2] epoch 21/50 step 1 | loss 2.2952 | train det 0.0289 seg 0.0909 cnt 1.1338 | shared_pairs det_seg 143/288 det_cnt 87/288 seg_cnt 58/288 | scores det_seg -0.6524 det_cnt 0.2162 seg_cnt 2.3737
[stage2] epoch 21/50 step 2 | loss 6.7463 | train det 0.0246 seg 0.1607 cnt 5.0918 | shared_pairs det_seg 166/288 det_cnt 78/288 seg_cnt 44/288 | scores det_seg 1.5736 det_cnt -3.8883 seg_cnt 0.0724
[stage2] epoch 21/50 step 3 | loss 7.6588 | train det 0.0488 seg 0.0592 cnt 6.4538 | shared_pairs det_seg 154/288 det_cnt 87/288 seg_cnt 47/288 | scores det_seg -0.1198 det_cnt -1.3322 seg_cnt -1.1610
[stage2] epoch 21/50 step 4 | loss 6.5354 | train det 0.0949 seg 0.1197 cnt 4.1548 | shared_pairs det_seg 152/288 det_cnt 81/288 seg_cnt 55/288 | scores det_seg 1.1178 det_cnt -0.0535 seg_cnt 0.2288
[stage2] epoch 21/50 step 5 | loss 4.8068 | train det 0.0767 seg 0.0361 cnt 3.3681 | shared_pairs det_seg 159/288 det_cnt 76/288 seg_cnt 53/288 | scores det_seg 0.0464 det_cnt -0.8196 seg_cnt 1.4602
[stage2] epoch 21/50 step 6 | loss 4.5763 | train det 0.0221 seg 0.0567 cnt 3.7910 | shared_pairs det_seg 158/288 det_cnt 82/288 seg_cnt 48/288 | scores det_seg 0.8909 det_cnt -1.6695 seg_cnt 0.0982
[stage2] epoch 21/50 step 7 | loss 3.8538 | train det 0.0241 seg 0.0868 cnt 2.7975 | shared_pairs det_seg 155/288 det_cnt 84/288 seg_cnt 49/288 | scores det_seg 0.5786 det_cnt -0.1921 seg_cnt -0.7387
[stage2] epoch 21/50 step 8 | loss 3.6547 | train det 0.0850 seg 0.0909 cnt 1.6523 | shared_pairs det_seg 155/288 det_cnt 88/288 seg_cnt 45/288 | scores det_seg -0.3537 det_cnt 0.2727 seg_cnt -1.0863
[stage2] epoch 21/50 step 9 | loss 3.4529 | train det 0.0898 seg 0.1240 cnt 1.1130 | shared_pairs det_seg 157/288 det_cnt 84/288 seg_cnt 47/288 | scores det_seg -0.2065 det_cnt 1.0778 seg_cnt -0.8820
[stage2] epoch 21/50 step 10 | loss 5.8615 | train det 0.0368 seg 0.1111 cnt 4.4213 | shared_pairs det_seg 163/288 det_cnt 73/288 seg_cnt 52/288 | scores det_seg 1.6408 det_cnt -2.2847 seg_cnt 1.1939
[stage2] epoch 21/50 step 11 | loss 2.4912 | train det 0.0322 seg 0.0426 cnt 1.6676 | shared_pairs det_seg 150/288 det_cnt 83/288 seg_cnt 55/288 | scores det_seg -0.3987 det_cnt -0.0140 seg_cnt 0.4871
[stage2] epoch 21/50 step 12 | loss 6.0009 | train det 0.1267 seg 0.1593 cnt 2.8255 | shared_pairs det_seg 145/288 det_cnt 91/288 seg_cnt 52/288 | scores det_seg -1.5966 det_cnt 0.1263 seg_cnt -0.7151
[stage2] epoch 21/50 step 13 | loss 4.0868 | train det 0.0865 seg 0.1083 cnt 1.9232 | shared_pairs det_seg 165/288 det_cnt 75/288 seg_cnt 48/288 | scores det_seg 0.6217 det_cnt -1.3935 seg_cnt -0.2786
[stage2] epoch 21/50 step 14 | loss 3.6993 | train det 0.0247 seg 0.1565 cnt 2.0766 | shared_pairs det_seg 153/288 det_cnt 92/288 seg_cnt 43/288 | scores det_seg 2.5926 det_cnt -0.6066 seg_cnt -0.1411
[stage2] epoch 21/50 step 15 | loss 3.9356 | train det 0.0370 seg 0.0899 cnt 2.6610 | shared_pairs det_seg 146/288 det_cnt 101/288 seg_cnt 41/288 | scores det_seg -0.5167 det_cnt -0.1045 seg_cnt -1.3052
[stage2] epoch 21/50 step 16 | loss 28.6499 | train det 0.0888 seg 0.0514 cnt 26.9066 | shared_pairs det_seg 137/288 det_cnt 103/288 seg_cnt 48/288 | scores det_seg -0.6081 det_cnt 4.1409 seg_cnt 0.2485
[stage2] epoch 21/50 step 17 | loss 5.0595 | train det 0.0323 seg 0.0912 cnt 3.8448 | shared_pairs det_seg 159/288 det_cnt 77/288 seg_cnt 52/288 | scores det_seg -0.3979 det_cnt 0.2932 seg_cnt 0.5961
[stage2] epoch 21/50 step 18 | loss 6.8414 | train det 0.2667 seg 0.0442 cnt 2.4878 | shared_pairs det_seg 145/288 det_cnt 99/288 seg_cnt 44/288 | scores det_seg 0.9700 det_cnt 2.2187 seg_cnt -0.3971
[stage2] epoch 21/50 step 19 | loss 6.1892 | train det 0.1713 seg 0.0563 cnt 3.1697 | shared_pairs det_seg 150/288 det_cnt 82/288 seg_cnt 56/288 | scores det_seg 0.8863 det_cnt 0.5490 seg_cnt 1.2599
[stage2] epoch 21/50 step 20 | loss 3.9120 | train det 0.0844 seg 0.0849 cnt 1.9672 | shared_pairs det_seg 158/288 det_cnt 92/288 seg_cnt 38/288 | scores det_seg 0.4530 det_cnt 1.2015 seg_cnt -0.6035
[stage2] epoch 21/50 step 21 | loss 5.0869 | train det 0.0982 seg 0.1373 cnt 2.5155 | shared_pairs det_seg 140/288 det_cnt 93/288 seg_cnt 55/288 | scores det_seg -2.1916 det_cnt 1.2616 seg_cnt -0.1469
[stage2] epoch 21/50 step 22 | loss 3.1077 | train det 0.0683 seg 0.0625 cnt 1.5837 | shared_pairs det_seg 156/288 det_cnt 83/288 seg_cnt 49/288 | scores det_seg 0.3223 det_cnt -0.5835 seg_cnt -0.6778
[stage2] epoch 21/50 step 23 | loss 2.6847 | train det 0.0646 seg 0.0476 cnt 1.3355 | shared_pairs det_seg 136/288 det_cnt 102/288 seg_cnt 50/288 | scores det_seg -3.0282 det_cnt -0.3374 seg_cnt 1.1664
[stage2] epoch 21/50 step 24 | loss 4.4935 | train det 0.1316 seg 0.1037 cnt 1.6898 | shared_pairs det_seg 157/288 det_cnt 81/288 seg_cnt 50/288 | scores det_seg 0.3804 det_cnt -1.9531 seg_cnt 0.6448
[stage2] epoch 21/50 step 25 | loss 6.0944 | train det 0.2577 seg 0.1301 cnt 1.1879 | shared_pairs det_seg 168/288 det_cnt 73/288 seg_cnt 47/288 | scores det_seg 2.3749 det_cnt -2.0355 seg_cnt 1.1612
[stage2] epoch 21/50 step 26 | loss 5.9639 | train det 0.0868 seg 0.1075 cnt 3.8011 | shared_pairs det_seg 143/288 det_cnt 93/288 seg_cnt 52/288 | scores det_seg 2.3580 det_cnt 3.8357 seg_cnt 1.6889
[stage2] epoch 21/50 step 27 | loss 8.2887 | train det 0.1773 seg 0.0627 cnt 5.1279 | shared_pairs det_seg 147/288 det_cnt 91/288 seg_cnt 50/288 | scores det_seg 0.1725 det_cnt 0.9416 seg_cnt 1.1650
[stage2] epoch 21/50 step 28 | loss 7.1912 | train det 0.2302 seg 0.0749 cnt 3.1395 | shared_pairs det_seg 155/288 det_cnt 91/288 seg_cnt 42/288 | scores det_seg 0.6177 det_cnt 0.3142 seg_cnt -1.9489
[stage2] epoch 21/50 step 29 | loss 4.1790 | train det 0.0348 seg 0.0637 cnt 3.1480 | shared_pairs det_seg 149/288 det_cnt 90/288 seg_cnt 49/288 | scores det_seg 0.3793 det_cnt 0.5928 seg_cnt -0.5379
[stage2] epoch 21/50 step 30 | loss 6.4616 | train det 0.1167 seg 0.0729 cnt 4.1279 | shared_pairs det_seg 163/288 det_cnt 87/288 seg_cnt 38/288 | scores det_seg 0.8418 det_cnt 0.3162 seg_cnt 0.1633
[stage2] epoch 21/50 step 31 | loss 5.9195 | train det 0.1202 seg 0.1148 cnt 3.1982 | shared_pairs det_seg 153/288 det_cnt 79/288 seg_cnt 56/288 | scores det_seg -0.8777 det_cnt -1.4653 seg_cnt 2.3555
[stage2] epoch 21/50 step 32 | loss 3.6219 | train det 0.0772 seg 0.1225 cnt 1.4842 | shared_pairs det_seg 148/288 det_cnt 91/288 seg_cnt 49/288 | scores det_seg -0.6716 det_cnt 0.0752 seg_cnt 0.4152
[stage2] epoch 21/50 step 33 | loss 4.4881 | train det 0.1520 seg 0.1409 cnt 1.0804 | shared_pairs det_seg 168/288 det_cnt 77/288 seg_cnt 43/288 | scores det_seg 1.4934 det_cnt -1.3671 seg_cnt -0.3288
[stage2] epoch 21/50 step 34 | loss 12.7069 | train det 0.5619 seg 0.1069 cnt 3.4240 | shared_pairs det_seg 159/288 det_cnt 80/288 seg_cnt 49/288 | scores det_seg 0.3514 det_cnt 0.7149 seg_cnt 0.4226
[stage2] epoch 21/50 step 35 | loss 3.1644 | train det 0.0805 seg 0.0569 cnt 1.5018 | shared_pairs det_seg 148/288 det_cnt 85/288 seg_cnt 55/288 | scores det_seg -0.5647 det_cnt 1.1144 seg_cnt 0.6338
[stage2] epoch 21/50 step 36 | loss 4.3252 | train det 0.0341 seg 0.0695 cnt 3.2586 | shared_pairs det_seg 149/288 det_cnt 84/288 seg_cnt 55/288 | scores det_seg -0.5087 det_cnt -0.8368 seg_cnt 0.4460
[stage2] epoch 21/50 step 37 | loss 3.4805 | train det 0.0337 seg 0.0773 cnt 2.3559 | shared_pairs det_seg 157/288 det_cnt 78/288 seg_cnt 53/288 | scores det_seg -0.0435 det_cnt 0.5863 seg_cnt -0.0171
[stage2] epoch 21/50 step 38 | loss 3.4296 | train det 0.0190 seg 0.0393 cnt 2.8310 | shared_pairs det_seg 152/288 det_cnt 89/288 seg_cnt 47/288 | scores det_seg -0.0206 det_cnt 0.6613 seg_cnt -1.5604
[stage2] epoch 21/50 step 39 | loss 5.2104 | train det 0.0727 seg 0.2022 cnt 2.5026 | shared_pairs det_seg 175/288 det_cnt 67/288 seg_cnt 46/288 | scores det_seg 1.2789 det_cnt -3.0690 seg_cnt -0.1619
[stage2] epoch 21/50 step 40 | loss 29.1901 | train det 0.1030 seg 0.0841 cnt 26.9731 | shared_pairs det_seg 164/288 det_cnt 77/288 seg_cnt 47/288 | scores det_seg 2.2257 det_cnt 0.8476 seg_cnt -0.8462
[stage2] epoch 21/50 step 41 | loss 5.3998 | train det 0.0677 seg 0.0748 cnt 3.7860 | shared_pairs det_seg 158/288 det_cnt 87/288 seg_cnt 43/288 | scores det_seg -0.0777 det_cnt 0.8692 seg_cnt 1.3937
[stage2] epoch 21/50 step 42 | loss 3.6357 | train det 0.0189 seg 0.0466 cnt 2.9796 | shared_pairs det_seg 144/288 det_cnt 96/288 seg_cnt 48/288 | scores det_seg 0.0938 det_cnt 0.9746 seg_cnt 0.5163
[stage2] epoch 21/50 step 43 | loss 4.8135 | train det 0.0241 seg 0.0872 cnt 3.7545 | shared_pairs det_seg 153/288 det_cnt 81/288 seg_cnt 54/288 | scores det_seg -1.4194 det_cnt -1.2496 seg_cnt 1.1026
[stage2] epoch 21/50 | train 6.1220 | det 0.0957 seg 0.0908 cnt 3.9603 | selected_by_matrix_unit det_seg 6612 det_cnt 3670 seg_cnt 2102
[stage2] epoch 21 | val det 0.6454 seg 1.0667 miou 0.6142 cnt 4.2284 dens 8.770112e-01 mae 3.3514 total_mae 15.0375 | ap50 0.5086 | combo 1.421201
[stage2] epoch 22/50 step 1 | loss 5.7197 | train det 0.1454 seg 0.0979 cnt 2.7551 | shared_pairs det_seg 148/288 det_cnt 76/288 seg_cnt 64/288 | scores det_seg 0.2958 det_cnt -1.1168 seg_cnt 1.7472
[stage2] epoch 22/50 step 2 | loss 7.4929 | train det 0.3393 seg 0.0713 cnt 1.8334 | shared_pairs det_seg 132/288 det_cnt 98/288 seg_cnt 58/288 | scores det_seg -2.3587 det_cnt 0.0601 seg_cnt 1.5458
[stage2] epoch 22/50 step 3 | loss 4.9888 | train det 0.1135 seg 0.0985 cnt 2.4982 | shared_pairs det_seg 158/288 det_cnt 81/288 seg_cnt 49/288 | scores det_seg -0.5281 det_cnt -0.8167 seg_cnt -0.5130
[stage2] epoch 22/50 step 4 | loss 13.9014 | train det 0.3136 seg 0.0754 cnt 8.5945 | shared_pairs det_seg 152/288 det_cnt 74/288 seg_cnt 62/288 | scores det_seg -0.2392 det_cnt -0.4103 seg_cnt 0.1765
[stage2] epoch 22/50 step 5 | loss 7.8049 | train det 0.1028 seg 0.0698 cnt 5.7042 | shared_pairs det_seg 154/288 det_cnt 79/288 seg_cnt 55/288 | scores det_seg -0.7250 det_cnt -1.3599 seg_cnt -1.2207
[stage2] epoch 22/50 step 6 | loss 2.3413 | train det 0.0538 seg 0.0562 cnt 1.0847 | shared_pairs det_seg 162/288 det_cnt 87/288 seg_cnt 39/288 | scores det_seg 0.8438 det_cnt -0.8181 seg_cnt -1.1669
[stage2] epoch 22/50 step 7 | loss 5.0662 | train det 0.1410 seg 0.0606 cnt 2.4665 | shared_pairs det_seg 160/288 det_cnt 94/288 seg_cnt 34/288 | scores det_seg 2.3918 det_cnt 1.2350 seg_cnt -1.5159
[stage2] epoch 22/50 step 8 | loss 6.7974 | train det 0.0430 seg 0.0805 cnt 5.5081 | shared_pairs det_seg 140/288 det_cnt 96/288 seg_cnt 52/288 | scores det_seg -0.2596 det_cnt 0.8159 seg_cnt 0.0475
[stage2] epoch 22/50 step 9 | loss 3.7096 | train det 0.0201 seg 0.0577 cnt 2.9458 | shared_pairs det_seg 167/288 det_cnt 78/288 seg_cnt 43/288 | scores det_seg 2.4327 det_cnt 0.3620 seg_cnt 0.3518
[stage2] epoch 22/50 step 10 | loss 10.3687 | train det 0.0984 seg 0.2127 cnt 7.1914 | shared_pairs det_seg 151/288 det_cnt 79/288 seg_cnt 58/288 | scores det_seg 0.3600 det_cnt -0.6156 seg_cnt -1.0302
[stage2] epoch 22/50 step 11 | loss 5.2844 | train det 0.1314 seg 0.0486 cnt 2.9240 | shared_pairs det_seg 163/288 det_cnt 75/288 seg_cnt 50/288 | scores det_seg 0.7407 det_cnt -2.1798 seg_cnt 0.2118
[stage2] epoch 22/50 step 12 | loss 6.2869 | train det 0.1573 seg 0.1205 cnt 2.9631 | shared_pairs det_seg 164/288 det_cnt 80/288 seg_cnt 44/288 | scores det_seg 1.1147 det_cnt -1.0673 seg_cnt 0.0809
[stage2] epoch 22/50 step 13 | loss 4.5879 | train det 0.0793 seg 0.0451 cnt 3.0378 | shared_pairs det_seg 155/288 det_cnt 80/288 seg_cnt 53/288 | scores det_seg -0.4881 det_cnt -2.0109 seg_cnt 1.1197
[stage2] epoch 22/50 step 14 | loss 8.5315 | train det 0.3791 seg 0.1348 cnt 1.7672 | shared_pairs det_seg 173/288 det_cnt 70/288 seg_cnt 45/288 | scores det_seg 2.5487 det_cnt -0.1085 seg_cnt -0.4313
[stage2] epoch 22/50 step 15 | loss 3.4652 | train det 0.0512 seg 0.1166 cnt 1.7647 | shared_pairs det_seg 166/288 det_cnt 75/288 seg_cnt 47/288 | scores det_seg 0.2776 det_cnt -1.2102 seg_cnt -0.3168
[stage2] epoch 22/50 step 16 | loss 4.8626 | train det 0.0234 seg 0.0590 cnt 4.0394 | shared_pairs det_seg 149/288 det_cnt 100/288 seg_cnt 39/288 | scores det_seg 0.9267 det_cnt 2.0506 seg_cnt -1.9336
[stage2] epoch 22/50 step 17 | loss 3.7033 | train det 0.0690 seg 0.0914 cnt 1.9376 | shared_pairs det_seg 154/288 det_cnt 84/288 seg_cnt 50/288 | scores det_seg 0.7523 det_cnt 1.0352 seg_cnt -0.6865
[stage2] epoch 22/50 step 18 | loss 4.4907 | train det 0.0546 seg 0.1045 cnt 2.8362 | shared_pairs det_seg 156/288 det_cnt 81/288 seg_cnt 51/288 | scores det_seg -2.4648 det_cnt -2.1985 seg_cnt 0.8714
[stage2] epoch 22/50 step 19 | loss 11.2290 | train det 0.5057 seg 0.0811 cnt 2.9944 | shared_pairs det_seg 148/288 det_cnt 94/288 seg_cnt 46/288 | scores det_seg 1.4044 det_cnt 0.6714 seg_cnt 0.7454
[stage2] epoch 22/50 step 20 | loss 5.5091 | train det 0.1030 seg 0.0798 cnt 3.3262 | shared_pairs det_seg 137/288 det_cnt 88/288 seg_cnt 63/288 | scores det_seg -1.4949 det_cnt 0.0070 seg_cnt 1.4916
[stage2] epoch 22/50 step 21 | loss 2.9110 | train det 0.0350 seg 0.0444 cnt 2.0305 | shared_pairs det_seg 151/288 det_cnt 87/288 seg_cnt 50/288 | scores det_seg -0.9077 det_cnt -1.2933 seg_cnt 0.6418
[stage2] epoch 22/50 step 22 | loss 3.2208 | train det 0.0200 seg 0.0935 cnt 2.1723 | shared_pairs det_seg 139/288 det_cnt 98/288 seg_cnt 51/288 | scores det_seg -1.7363 det_cnt 0.8784 seg_cnt 0.4071
[stage2] epoch 22/50 step 23 | loss 6.9161 | train det 0.0608 seg 0.0828 cnt 5.3415 | shared_pairs det_seg 153/288 det_cnt 86/288 seg_cnt 49/288 | scores det_seg 0.2078 det_cnt 1.3638 seg_cnt 1.2583
[stage2] epoch 22/50 step 24 | loss 7.1507 | train det 0.3210 seg 0.0747 cnt 1.7380 | shared_pairs det_seg 154/288 det_cnt 89/288 seg_cnt 45/288 | scores det_seg 1.6791 det_cnt 0.7175 seg_cnt 0.2654
[stage2] epoch 22/50 step 25 | loss 4.3382 | train det 0.0703 seg 0.0966 cnt 2.5109 | shared_pairs det_seg 150/288 det_cnt 86/288 seg_cnt 52/288 | scores det_seg 0.3456 det_cnt -0.9953 seg_cnt 0.9186
[stage2] epoch 22/50 step 26 | loss 3.6517 | train det 0.0898 seg 0.1498 cnt 1.1058 | shared_pairs det_seg 153/288 det_cnt 86/288 seg_cnt 49/288 | scores det_seg 0.4190 det_cnt -1.0748 seg_cnt -0.7034
[stage2] epoch 22/50 step 27 | loss 7.1799 | train det 0.1332 seg 0.0832 cnt 4.5166 | shared_pairs det_seg 149/288 det_cnt 89/288 seg_cnt 50/288 | scores det_seg 0.9067 det_cnt 0.9276 seg_cnt 0.7248
[stage2] epoch 22/50 step 28 | loss 9.0631 | train det 0.0459 seg 0.0418 cnt 8.0400 | shared_pairs det_seg 144/288 det_cnt 96/288 seg_cnt 48/288 | scores det_seg -0.1569 det_cnt 1.3342 seg_cnt 0.8474
[stage2] epoch 22/50 step 29 | loss 8.8617 | train det 0.0623 seg 0.2009 cnt 6.3199 | shared_pairs det_seg 157/288 det_cnt 86/288 seg_cnt 45/288 | scores det_seg 0.4739 det_cnt -0.3349 seg_cnt -1.7362
[stage2] epoch 22/50 step 30 | loss 1.7597 | train det 0.0322 seg 0.0515 cnt 0.8655 | shared_pairs det_seg 157/288 det_cnt 93/288 seg_cnt 38/288 | scores det_seg 0.9817 det_cnt -0.0990 seg_cnt -0.5355
[stage2] epoch 22/50 step 31 | loss 4.4937 | train det 0.0912 seg 0.0903 cnt 2.4038 | shared_pairs det_seg 160/288 det_cnt 83/288 seg_cnt 45/288 | scores det_seg -0.5177 det_cnt -0.5213 seg_cnt -0.6346
[stage2] epoch 22/50 step 32 | loss 5.2030 | train det 0.0563 seg 0.0336 cnt 4.0892 | shared_pairs det_seg 151/288 det_cnt 87/288 seg_cnt 50/288 | scores det_seg 1.7542 det_cnt 1.6145 seg_cnt -1.0781
[stage2] epoch 22/50 step 33 | loss 7.0735 | train det 0.1918 seg 0.0779 cnt 3.5728 | shared_pairs det_seg 162/288 det_cnt 84/288 seg_cnt 42/288 | scores det_seg 0.7809 det_cnt -0.4585 seg_cnt 0.6534
[stage2] epoch 22/50 step 34 | loss 8.6984 | train det 0.1469 seg 0.1086 cnt 5.6270 | shared_pairs det_seg 157/288 det_cnt 83/288 seg_cnt 48/288 | scores det_seg 0.8792 det_cnt 0.2577 seg_cnt 0.7564
[stage2] epoch 22/50 step 35 | loss 5.7313 | train det 0.1421 seg 0.0831 cnt 2.9350 | shared_pairs det_seg 156/288 det_cnt 78/288 seg_cnt 54/288 | scores det_seg 0.6129 det_cnt 2.5162 seg_cnt 1.0068
[stage2] epoch 22/50 step 36 | loss 7.2799 | train det 0.2558 seg 0.0893 cnt 2.7286 | shared_pairs det_seg 147/288 det_cnt 101/288 seg_cnt 40/288 | scores det_seg 1.2936 det_cnt 2.6120 seg_cnt 0.5621
[stage2] epoch 22/50 step 37 | loss 4.8089 | train det 0.1151 seg 0.1155 cnt 2.1580 | shared_pairs det_seg 157/288 det_cnt 82/288 seg_cnt 49/288 | scores det_seg -0.0876 det_cnt -1.1582 seg_cnt -0.6542
[stage2] epoch 22/50 step 38 | loss 8.1168 | train det 0.3762 seg 0.0927 cnt 1.7313 | shared_pairs det_seg 162/288 det_cnt 85/288 seg_cnt 41/288 | scores det_seg 0.5756 det_cnt -1.6084 seg_cnt -0.2661
[stage2] epoch 22/50 step 39 | loss 4.1119 | train det 0.1034 seg 0.0890 cnt 1.8492 | shared_pairs det_seg 156/288 det_cnt 75/288 seg_cnt 57/288 | scores det_seg -0.0793 det_cnt -1.4758 seg_cnt 2.1866
[stage2] epoch 22/50 step 40 | loss 9.4093 | train det 0.3188 seg 0.0694 cnt 4.0714 | shared_pairs det_seg 160/288 det_cnt 85/288 seg_cnt 43/288 | scores det_seg 0.6445 det_cnt -0.5987 seg_cnt 0.2331
[stage2] epoch 22/50 step 41 | loss 5.0838 | train det 0.1303 seg 0.1145 cnt 2.2136 | shared_pairs det_seg 148/288 det_cnt 79/288 seg_cnt 61/288 | scores det_seg -0.4188 det_cnt 1.3449 seg_cnt 0.8497
[stage2] epoch 22/50 step 42 | loss 3.5946 | train det 0.0582 seg 0.0502 cnt 2.3201 | shared_pairs det_seg 157/288 det_cnt 77/288 seg_cnt 54/288 | scores det_seg -1.4374 det_cnt -0.4799 seg_cnt 0.7006
[stage2] epoch 22/50 step 43 | loss 5.8226 | train det 0.1686 seg 0.0155 cnt 3.1696 | shared_pairs det_seg 141/288 det_cnt 91/288 seg_cnt 56/288 | scores det_seg -0.2842 det_cnt -1.2707 seg_cnt 0.0583
[stage2] epoch 22/50 | train 6.0610 | det 0.1384 seg 0.0863 cnt 3.2950 | selected_by_matrix_unit det_seg 6610 det_cnt 3655 seg_cnt 2119
[stage2] epoch 22 | val det 0.6534 seg 1.0632 miou 0.6122 cnt 3.8127 dens 8.652060e-01 mae 2.9475 total_mae 12.4608 | ap50 0.5052 | combo 1.456716
[stage2] epoch 23/50 step 1 | loss 6.6482 | train det 0.2471 seg 0.0782 cnt 2.3159 | shared_pairs det_seg 155/288 det_cnt 86/288 seg_cnt 47/288 | scores det_seg -0.4878 det_cnt 0.9418 seg_cnt 0.1276
[stage2] epoch 23/50 step 2 | loss 4.3482 | train det 0.0487 seg 0.1353 cnt 2.5355 | shared_pairs det_seg 152/288 det_cnt 95/288 seg_cnt 41/288 | scores det_seg 0.1779 det_cnt 0.8645 seg_cnt -2.8041
[stage2] epoch 23/50 step 3 | loss 11.0255 | train det 0.2419 seg 0.0666 cnt 6.8642 | shared_pairs det_seg 156/288 det_cnt 80/288 seg_cnt 52/288 | scores det_seg 0.7044 det_cnt -1.7498 seg_cnt -0.4407
[stage2] epoch 23/50 step 4 | loss 4.6712 | train det 0.1221 seg 0.0764 cnt 2.2287 | shared_pairs det_seg 158/288 det_cnt 86/288 seg_cnt 44/288 | scores det_seg 0.5956 det_cnt -0.2464 seg_cnt -0.2877
[stage2] epoch 23/50 step 5 | loss 4.1164 | train det 0.0532 seg 0.0478 cnt 2.9357 | shared_pairs det_seg 150/288 det_cnt 89/288 seg_cnt 49/288 | scores det_seg 0.2705 det_cnt 1.7337 seg_cnt 1.4947
[stage2] epoch 23/50 step 6 | loss 6.8970 | train det 0.0703 seg 0.0494 cnt 5.4464 | shared_pairs det_seg 152/288 det_cnt 85/288 seg_cnt 51/288 | scores det_seg 0.6533 det_cnt -0.9343 seg_cnt -1.0921
[stage2] epoch 23/50 step 7 | loss 3.5318 | train det 0.0244 seg 0.0443 cnt 2.8112 | shared_pairs det_seg 144/288 det_cnt 89/288 seg_cnt 55/288 | scores det_seg 0.6193 det_cnt -0.4071 seg_cnt 1.1712
[stage2] epoch 23/50 step 8 | loss 4.5533 | train det 0.0348 seg 0.0701 cnt 3.4708 | shared_pairs det_seg 166/288 det_cnt 81/288 seg_cnt 41/288 | scores det_seg -0.1092 det_cnt -1.4505 seg_cnt -1.5662
[stage2] epoch 23/50 step 9 | loss 6.3601 | train det 0.2360 seg 0.0696 cnt 2.2634 | shared_pairs det_seg 158/288 det_cnt 76/288 seg_cnt 54/288 | scores det_seg 3.0639 det_cnt 0.7914 seg_cnt 0.5376
[stage2] epoch 23/50 step 10 | loss 4.5151 | train det 0.0907 seg 0.0368 cnt 2.8599 | shared_pairs det_seg 171/288 det_cnt 70/288 seg_cnt 47/288 | scores det_seg 1.5664 det_cnt -1.8975 seg_cnt -0.0454
[stage2] epoch 23/50 step 11 | loss 3.4082 | train det 0.0315 seg 0.1286 cnt 1.9071 | shared_pairs det_seg 144/288 det_cnt 86/288 seg_cnt 58/288 | scores det_seg -2.5781 det_cnt -2.0892 seg_cnt 1.1308
[stage2] epoch 23/50 step 12 | loss 2.3999 | train det 0.0190 seg 0.0870 cnt 1.4185 | shared_pairs det_seg 151/288 det_cnt 77/288 seg_cnt 60/288 | scores det_seg -0.4670 det_cnt -1.0438 seg_cnt 0.6945
[stage2] epoch 23/50 step 13 | loss 4.1638 | train det 0.0798 seg 0.0915 cnt 2.2352 | shared_pairs det_seg 154/288 det_cnt 78/288 seg_cnt 56/288 | scores det_seg 1.7641 det_cnt 0.4411 seg_cnt 0.3886
[stage2] epoch 23/50 step 14 | loss 4.0271 | train det 0.0807 seg 0.1731 cnt 1.4320 | shared_pairs det_seg 151/288 det_cnt 87/288 seg_cnt 50/288 | scores det_seg -0.2843 det_cnt 1.4551 seg_cnt 0.0642
[stage2] epoch 23/50 step 15 | loss 4.5834 | train det 0.0453 seg 0.1170 cnt 2.9677 | shared_pairs det_seg 140/288 det_cnt 99/288 seg_cnt 49/288 | scores det_seg -2.7209 det_cnt -0.4312 seg_cnt 0.3200
[stage2] epoch 23/50 step 16 | loss 5.5756 | train det 0.1302 seg 0.1506 cnt 2.4171 | shared_pairs det_seg 177/288 det_cnt 70/288 seg_cnt 41/288 | scores det_seg 2.1052 det_cnt -0.4055 seg_cnt 0.0518
[stage2] epoch 23/50 step 17 | loss 5.0431 | train det 0.0586 seg 0.0696 cnt 3.6075 | shared_pairs det_seg 142/288 det_cnt 91/288 seg_cnt 55/288 | scores det_seg -0.0414 det_cnt 2.0148 seg_cnt 0.7506
[stage2] epoch 23/50 step 18 | loss 4.2313 | train det 0.0493 seg 0.0802 cnt 2.8512 | shared_pairs det_seg 143/288 det_cnt 92/288 seg_cnt 53/288 | scores det_seg -0.6569 det_cnt -0.5494 seg_cnt 1.2100
[stage2] epoch 23/50 step 19 | loss 4.8431 | train det 0.0282 seg 0.0981 cnt 3.6351 | shared_pairs det_seg 145/288 det_cnt 95/288 seg_cnt 48/288 | scores det_seg -1.2242 det_cnt -0.0867 seg_cnt -1.5629
[stage2] epoch 23/50 step 20 | loss 5.6013 | train det 0.1484 seg 0.0535 cnt 2.9479 | shared_pairs det_seg 136/288 det_cnt 101/288 seg_cnt 51/288 | scores det_seg 0.9070 det_cnt 3.5329 seg_cnt 0.3028
[stage2] epoch 23/50 step 21 | loss 10.9802 | train det 0.1458 seg 0.1299 cnt 7.7530 | shared_pairs det_seg 147/288 det_cnt 85/288 seg_cnt 56/288 | scores det_seg 0.0926 det_cnt -0.2302 seg_cnt 1.3230
[stage2] epoch 23/50 step 22 | loss 4.3472 | train det 0.1408 seg 0.1595 cnt 0.9590 | shared_pairs det_seg 143/288 det_cnt 89/288 seg_cnt 56/288 | scores det_seg 0.2593 det_cnt 1.2178 seg_cnt 0.1504
[stage2] epoch 23/50 step 23 | loss 5.5674 | train det 0.0803 seg 0.0996 cnt 3.5658 | shared_pairs det_seg 163/288 det_cnt 81/288 seg_cnt 44/288 | scores det_seg 0.7625 det_cnt -1.6388 seg_cnt -1.9693
[stage2] epoch 23/50 step 24 | loss 6.0751 | train det 0.0848 seg 0.0722 cnt 4.2258 | shared_pairs det_seg 155/288 det_cnt 86/288 seg_cnt 47/288 | scores det_seg -0.7269 det_cnt -1.6641 seg_cnt 0.4029
[stage2] epoch 23/50 step 25 | loss 9.6605 | train det 0.3459 seg 0.1777 cnt 3.0509 | shared_pairs det_seg 150/288 det_cnt 90/288 seg_cnt 48/288 | scores det_seg -0.9285 det_cnt -0.7725 seg_cnt 0.0097
[stage2] epoch 23/50 step 26 | loss 4.8306 | train det 0.0893 seg 0.1453 cnt 2.3289 | shared_pairs det_seg 148/288 det_cnt 87/288 seg_cnt 53/288 | scores det_seg -2.9667 det_cnt 0.2153 seg_cnt 0.0465
[stage2] epoch 23/50 step 27 | loss 8.6928 | train det 0.0442 seg 0.1005 cnt 7.2267 | shared_pairs det_seg 147/288 det_cnt 94/288 seg_cnt 47/288 | scores det_seg 0.7715 det_cnt -0.8911 seg_cnt 0.6107
[stage2] epoch 23/50 step 28 | loss 4.4813 | train det 0.0599 seg 0.1423 cnt 2.4445 | shared_pairs det_seg 163/288 det_cnt 78/288 seg_cnt 47/288 | scores det_seg -1.3706 det_cnt -1.5313 seg_cnt 0.7410
[stage2] epoch 23/50 step 29 | loss 5.1260 | train det 0.0504 seg 0.1875 cnt 2.8693 | shared_pairs det_seg 143/288 det_cnt 92/288 seg_cnt 53/288 | scores det_seg -0.6537 det_cnt 1.0150 seg_cnt -0.4820
[stage2] epoch 23/50 step 30 | loss 5.3034 | train det 0.0629 seg 0.0559 cnt 3.9133 | shared_pairs det_seg 163/288 det_cnt 73/288 seg_cnt 52/288 | scores det_seg -0.1612 det_cnt -2.1945 seg_cnt 0.7024
[stage2] epoch 23/50 step 31 | loss 4.8928 | train det 0.0643 seg 0.1343 cnt 2.8534 | shared_pairs det_seg 143/288 det_cnt 95/288 seg_cnt 50/288 | scores det_seg -0.0319 det_cnt 0.6573 seg_cnt 1.1066
[stage2] epoch 23/50 step 32 | loss 4.5485 | train det 0.0899 seg 0.0796 cnt 2.5629 | shared_pairs det_seg 156/288 det_cnt 80/288 seg_cnt 52/288 | scores det_seg -0.2163 det_cnt 0.0081 seg_cnt 0.4753
[stage2] epoch 23/50 step 33 | loss 5.9070 | train det 0.2204 seg 0.1060 cnt 1.7531 | shared_pairs det_seg 154/288 det_cnt 92/288 seg_cnt 42/288 | scores det_seg 1.9573 det_cnt 0.4697 seg_cnt -1.9895
[stage2] epoch 23/50 step 34 | loss 4.8103 | train det 0.0776 seg 0.1208 cnt 2.6800 | shared_pairs det_seg 148/288 det_cnt 83/288 seg_cnt 57/288 | scores det_seg -0.7353 det_cnt 0.7086 seg_cnt 2.4925
[stage2] epoch 23/50 step 35 | loss 3.4268 | train det 0.0508 seg 0.1233 cnt 1.6788 | shared_pairs det_seg 163/288 det_cnt 85/288 seg_cnt 40/288 | scores det_seg 0.6042 det_cnt -1.1871 seg_cnt -0.5673
[stage2] epoch 23/50 step 36 | loss 3.8585 | train det 0.0551 seg 0.1024 cnt 2.2123 | shared_pairs det_seg 155/288 det_cnt 88/288 seg_cnt 45/288 | scores det_seg -0.1939 det_cnt -0.4870 seg_cnt -0.3199
[stage2] epoch 23/50 step 37 | loss 7.1599 | train det 0.2461 seg 0.0748 cnt 2.8705 | shared_pairs det_seg 160/288 det_cnt 90/288 seg_cnt 38/288 | scores det_seg 1.4784 det_cnt 0.6023 seg_cnt -2.3548
[stage2] epoch 23/50 step 38 | loss 2.4807 | train det 0.0372 seg 0.0986 cnt 1.1347 | shared_pairs det_seg 154/288 det_cnt 80/288 seg_cnt 54/288 | scores det_seg 1.4048 det_cnt 1.2322 seg_cnt 0.3566
[stage2] epoch 23/50 step 39 | loss 6.4495 | train det 0.1920 seg 0.0888 cnt 2.8597 | shared_pairs det_seg 134/288 det_cnt 101/288 seg_cnt 53/288 | scores det_seg -0.6930 det_cnt 1.5495 seg_cnt 0.6922
[stage2] epoch 23/50 step 40 | loss 4.6880 | train det 0.1479 seg 0.0503 cnt 2.0680 | shared_pairs det_seg 150/288 det_cnt 92/288 seg_cnt 46/288 | scores det_seg -0.2996 det_cnt -0.5284 seg_cnt -1.3480
[stage2] epoch 23/50 step 41 | loss 4.9349 | train det 0.0606 seg 0.0959 cnt 3.2586 | shared_pairs det_seg 161/288 det_cnt 74/288 seg_cnt 53/288 | scores det_seg 0.2683 det_cnt -2.3310 seg_cnt -1.2287
[stage2] epoch 23/50 step 42 | loss 3.5008 | train det 0.0612 seg 0.0453 cnt 2.2209 | shared_pairs det_seg 160/288 det_cnt 89/288 seg_cnt 39/288 | scores det_seg -0.2439 det_cnt 0.7000 seg_cnt -0.6640
[stage2] epoch 23/50 step 43 | loss 3.5599 | train det 0.0269 seg 0.0460 cnt 2.7886 | shared_pairs det_seg 157/288 det_cnt 85/288 seg_cnt 46/288 | scores det_seg 0.6269 det_cnt -0.9804 seg_cnt 0.3407
[stage2] epoch 23/50 | train 5.2518 | det 0.0994 seg 0.0967 cnt 2.9867 | selected_by_matrix_unit det_seg 6562 det_cnt 3702 seg_cnt 2120
[stage2] epoch 23 | val det 0.6386 seg 1.0805 miou 0.6129 cnt 3.9703 dens 8.740705e-01 mae 3.0962 total_mae 12.7586 | ap50 0.5052 | combo 1.441110
[stage2] epoch 24/50 step 1 | loss 3.0645 | train det 0.0898 seg 0.1105 cnt 0.8336 | shared_pairs det_seg 148/288 det_cnt 92/288 seg_cnt 48/288 | scores det_seg 2.7472 det_cnt 0.8284 seg_cnt 0.5273
[stage2] epoch 24/50 step 2 | loss 5.1708 | train det 0.0676 seg 0.1335 cnt 3.0896 | shared_pairs det_seg 154/288 det_cnt 93/288 seg_cnt 41/288 | scores det_seg 0.8835 det_cnt -0.0466 seg_cnt -0.6427
[stage2] epoch 24/50 step 3 | loss 11.7213 | train det 0.6221 seg 0.1340 cnt 1.3187 | shared_pairs det_seg 146/288 det_cnt 86/288 seg_cnt 56/288 | scores det_seg -0.8349 det_cnt -0.1255 seg_cnt -0.8605
[stage2] epoch 24/50 step 4 | loss 3.0720 | train det 0.0276 seg 0.1230 cnt 1.6730 | shared_pairs det_seg 164/288 det_cnt 74/288 seg_cnt 50/288 | scores det_seg 1.2139 det_cnt -0.8792 seg_cnt -0.8831
[stage2] epoch 24/50 step 5 | loss 2.9755 | train det 0.0613 seg 0.0667 cnt 1.5221 | shared_pairs det_seg 155/288 det_cnt 85/288 seg_cnt 48/288 | scores det_seg -0.2712 det_cnt -1.3396 seg_cnt -0.5591
[stage2] epoch 24/50 step 6 | loss 30.2459 | train det 0.3300 seg 0.0566 cnt 24.8437 | shared_pairs det_seg 152/288 det_cnt 80/288 seg_cnt 56/288 | scores det_seg -1.4001 det_cnt -2.4096 seg_cnt 0.0270
[stage2] epoch 24/50 step 7 | loss 6.8566 | train det 0.0995 seg 0.0337 cnt 5.0956 | shared_pairs det_seg 153/288 det_cnt 89/288 seg_cnt 46/288 | scores det_seg -0.2063 det_cnt -2.6375 seg_cnt 0.5021
[stage2] epoch 24/50 step 8 | loss 5.7442 | train det 0.0781 seg 0.1275 cnt 3.5525 | shared_pairs det_seg 143/288 det_cnt 94/288 seg_cnt 51/288 | scores det_seg -0.6024 det_cnt -0.0070 seg_cnt -0.0477
[stage2] epoch 24/50 step 9 | loss 3.7090 | train det 0.0541 seg 0.0734 cnt 2.3095 | shared_pairs det_seg 158/288 det_cnt 80/288 seg_cnt 50/288 | scores det_seg -1.2949 det_cnt 0.4662 seg_cnt -0.3690
[stage2] epoch 24/50 step 10 | loss 3.7578 | train det 0.0766 seg 0.1328 cnt 1.5470 | shared_pairs det_seg 165/288 det_cnt 70/288 seg_cnt 53/288 | scores det_seg 1.8822 det_cnt -2.6995 seg_cnt 0.9529
[stage2] epoch 24/50 step 11 | loss 2.9620 | train det 0.0881 seg 0.0659 cnt 1.1135 | shared_pairs det_seg 162/288 det_cnt 79/288 seg_cnt 47/288 | scores det_seg 0.3019 det_cnt -0.1144 seg_cnt -1.3152
[stage2] epoch 24/50 step 12 | loss 3.5065 | train det 0.0887 seg 0.1136 cnt 1.2677 | shared_pairs det_seg 159/288 det_cnt 86/288 seg_cnt 43/288 | scores det_seg 0.9393 det_cnt 0.6911 seg_cnt -0.8550
[stage2] epoch 24/50 step 13 | loss 5.0689 | train det 0.0776 seg 0.0881 cnt 3.2000 | shared_pairs det_seg 158/288 det_cnt 84/288 seg_cnt 46/288 | scores det_seg 0.2254 det_cnt -1.4962 seg_cnt -0.8949
[stage2] epoch 24/50 step 14 | loss 5.0545 | train det 0.1185 seg 0.0623 cnt 2.7783 | shared_pairs det_seg 148/288 det_cnt 94/288 seg_cnt 46/288 | scores det_seg 0.6806 det_cnt -1.6925 seg_cnt 0.2237
[stage2] epoch 24/50 step 15 | loss 6.4681 | train det 0.1797 seg 0.0756 cnt 3.1673 | shared_pairs det_seg 160/288 det_cnt 80/288 seg_cnt 48/288 | scores det_seg 0.5664 det_cnt -0.6077 seg_cnt 0.5083
[stage2] epoch 24/50 step 16 | loss 4.3962 | train det 0.1193 seg 0.1163 cnt 1.6770 | shared_pairs det_seg 143/288 det_cnt 91/288 seg_cnt 54/288 | scores det_seg -0.4748 det_cnt 1.7413 seg_cnt 1.5453
[stage2] epoch 24/50 step 17 | loss 2.8727 | train det 0.0144 seg 0.0624 cnt 2.1586 | shared_pairs det_seg 166/288 det_cnt 80/288 seg_cnt 42/288 | scores det_seg 2.1845 det_cnt 0.4505 seg_cnt -1.7461
[stage2] epoch 24/50 step 18 | loss 6.4675 | train det 0.1231 seg 0.0762 cnt 4.0117 | shared_pairs det_seg 136/288 det_cnt 94/288 seg_cnt 58/288 | scores det_seg -1.5012 det_cnt 0.1542 seg_cnt 0.2642
[stage2] epoch 24/50 step 19 | loss 2.5521 | train det 0.0189 seg 0.0959 cnt 1.5007 | shared_pairs det_seg 142/288 det_cnt 100/288 seg_cnt 46/288 | scores det_seg 0.2861 det_cnt 2.2165 seg_cnt -0.4088
[stage2] epoch 24/50 step 20 | loss 4.3023 | train det 0.0570 seg 0.1160 cnt 2.5193 | shared_pairs det_seg 143/288 det_cnt 86/288 seg_cnt 59/288 | scores det_seg 0.7226 det_cnt 0.8299 seg_cnt 1.3529
[stage2] epoch 24/50 step 21 | loss 6.7057 | train det 0.0885 seg 0.1454 cnt 4.2145 | shared_pairs det_seg 165/288 det_cnt 72/288 seg_cnt 51/288 | scores det_seg 0.7440 det_cnt -2.4235 seg_cnt 1.5560
[stage2] epoch 24/50 step 22 | loss 5.5896 | train det 0.0708 seg 0.0946 cnt 3.7714 | shared_pairs det_seg 167/288 det_cnt 73/288 seg_cnt 48/288 | scores det_seg 1.9234 det_cnt 0.4032 seg_cnt 2.2525
[stage2] epoch 24/50 step 23 | loss 3.4992 | train det 0.0568 seg 0.0752 cnt 2.0460 | shared_pairs det_seg 156/288 det_cnt 87/288 seg_cnt 45/288 | scores det_seg -0.5839 det_cnt 1.0887 seg_cnt -0.6807
[stage2] epoch 24/50 step 24 | loss 4.3778 | train det 0.0344 seg 0.1500 cnt 2.6614 | shared_pairs det_seg 152/288 det_cnt 87/288 seg_cnt 49/288 | scores det_seg -0.4281 det_cnt 0.2576 seg_cnt 0.2132
[stage2] epoch 24/50 step 25 | loss 2.0937 | train det 0.0329 seg 0.0616 cnt 1.1071 | shared_pairs det_seg 156/288 det_cnt 79/288 seg_cnt 53/288 | scores det_seg -0.8091 det_cnt -0.4985 seg_cnt -0.1299
[stage2] epoch 24/50 step 26 | loss 4.6282 | train det 0.0577 seg 0.0322 cnt 3.5054 | shared_pairs det_seg 152/288 det_cnt 93/288 seg_cnt 43/288 | scores det_seg -2.7525 det_cnt 0.2112 seg_cnt -1.2839
[stage2] epoch 24/50 step 27 | loss 2.9376 | train det 0.0757 seg 0.0447 cnt 1.4437 | shared_pairs det_seg 139/288 det_cnt 87/288 seg_cnt 62/288 | scores det_seg -0.8464 det_cnt 0.6959 seg_cnt 1.3317
[stage2] epoch 24/50 step 28 | loss 3.0244 | train det 0.0347 seg 0.0867 cnt 1.8100 | shared_pairs det_seg 142/288 det_cnt 80/288 seg_cnt 66/288 | scores det_seg -0.7745 det_cnt -1.5591 seg_cnt 2.3559
[stage2] epoch 24/50 step 29 | loss 3.8409 | train det 0.0980 seg 0.0778 cnt 1.7490 | shared_pairs det_seg 165/288 det_cnt 71/288 seg_cnt 52/288 | scores det_seg 0.8625 det_cnt -2.7630 seg_cnt -0.4449
[stage2] epoch 24/50 step 30 | loss 24.6863 | train det 0.0180 seg 0.0758 cnt 23.8100 | shared_pairs det_seg 140/288 det_cnt 93/288 seg_cnt 55/288 | scores det_seg 0.0387 det_cnt 1.5816 seg_cnt 0.4586
[stage2] epoch 24/50 step 31 | loss 4.8116 | train det 0.0588 seg 0.0808 cnt 3.2833 | shared_pairs det_seg 159/288 det_cnt 81/288 seg_cnt 48/288 | scores det_seg -0.1922 det_cnt -1.4471 seg_cnt -1.1581
[stage2] epoch 24/50 step 32 | loss 5.3250 | train det 0.0421 seg 0.1099 cnt 3.8143 | shared_pairs det_seg 140/288 det_cnt 94/288 seg_cnt 54/288 | scores det_seg -0.7779 det_cnt -0.2198 seg_cnt 0.1283
[stage2] epoch 24/50 step 33 | loss 4.7801 | train det 0.1024 seg 0.0996 cnt 2.4472 | shared_pairs det_seg 138/288 det_cnt 95/288 seg_cnt 55/288 | scores det_seg -2.0981 det_cnt -0.2258 seg_cnt 0.5145
[stage2] epoch 24/50 step 34 | loss 3.9338 | train det 0.0336 seg 0.0820 cnt 2.7740 | shared_pairs det_seg 156/288 det_cnt 75/288 seg_cnt 57/288 | scores det_seg 1.2109 det_cnt -0.1945 seg_cnt 0.7599
[stage2] epoch 24/50 step 35 | loss 4.4738 | train det 0.1272 seg 0.0654 cnt 2.0431 | shared_pairs det_seg 146/288 det_cnt 88/288 seg_cnt 54/288 | scores det_seg -0.0536 det_cnt 1.2446 seg_cnt -0.5214
[stage2] epoch 24/50 step 36 | loss 5.0458 | train det 0.1780 seg 0.0967 cnt 1.6022 | shared_pairs det_seg 148/288 det_cnt 101/288 seg_cnt 39/288 | scores det_seg 0.9552 det_cnt 1.5016 seg_cnt -1.8332
[stage2] epoch 24/50 step 37 | loss 4.2500 | train det 0.0804 seg 0.1081 cnt 2.1789 | shared_pairs det_seg 142/288 det_cnt 86/288 seg_cnt 60/288 | scores det_seg -2.7402 det_cnt 0.1222 seg_cnt 0.0349
[stage2] epoch 24/50 step 38 | loss 4.9002 | train det 0.0665 seg 0.1559 cnt 2.6553 | shared_pairs det_seg 159/288 det_cnt 84/288 seg_cnt 45/288 | scores det_seg 0.6123 det_cnt -1.3610 seg_cnt 0.1013
[stage2] epoch 24/50 step 39 | loss 12.7613 | train det 0.5891 seg 0.1191 cnt 2.9716 | shared_pairs det_seg 154/288 det_cnt 83/288 seg_cnt 51/288 | scores det_seg -0.5942 det_cnt -0.5644 seg_cnt 0.2998
[stage2] epoch 24/50 step 40 | loss 2.5094 | train det 0.0387 seg 0.0613 cnt 1.4386 | shared_pairs det_seg 149/288 det_cnt 84/288 seg_cnt 55/288 | scores det_seg 0.3999 det_cnt 0.4322 seg_cnt 0.9069
[stage2] epoch 24/50 step 41 | loss 3.1973 | train det 0.0510 seg 0.0473 cnt 2.0535 | shared_pairs det_seg 140/288 det_cnt 98/288 seg_cnt 50/288 | scores det_seg -1.3120 det_cnt 0.8704 seg_cnt 0.1841
[stage2] epoch 24/50 step 42 | loss 10.8131 | train det 0.3246 seg 0.0768 cnt 5.3301 | shared_pairs det_seg 160/288 det_cnt 70/288 seg_cnt 58/288 | scores det_seg 1.5647 det_cnt -1.3238 seg_cnt -0.1579
[stage2] epoch 24/50 step 43 | loss 3.7534 | train det 0.1030 seg 0.0527 cnt 1.7864 | shared_pairs det_seg 153/288 det_cnt 89/288 seg_cnt 46/288 | scores det_seg 0.2729 det_cnt 2.4541 seg_cnt -0.8526
[stage2] epoch 24/50 | train 5.8583 | det 0.1106 seg 0.0898 cnt 3.4808 | selected_by_matrix_unit det_seg 6533 det_cnt 3667 seg_cnt 2184
[stage2] epoch 24 | val det 0.6351 seg 1.0916 miou 0.6103 cnt 4.0000 dens 8.706998e-01 mae 3.1293 total_mae 13.5319 | ap50 0.5122 | combo 1.442131
[stage2] epoch 25/50 step 1 | loss 3.8073 | train det 0.0926 seg 0.0633 cnt 1.9117 | shared_pairs det_seg 147/288 det_cnt 89/288 seg_cnt 52/288 | scores det_seg 0.2081 det_cnt 1.3870 seg_cnt 1.4100
[stage2] epoch 25/50 step 2 | loss 3.3561 | train det 0.0304 seg 0.0668 cnt 2.3663 | shared_pairs det_seg 156/288 det_cnt 80/288 seg_cnt 52/288 | scores det_seg -0.3179 det_cnt -1.3488 seg_cnt 0.0557
[stage2] epoch 25/50 step 3 | loss 19.2599 | train det 0.9500 seg 0.1204 cnt 4.0464 | shared_pairs det_seg 161/288 det_cnt 96/288 seg_cnt 31/288 | scores det_seg 1.8067 det_cnt 2.1707 seg_cnt -1.9404
[stage2] epoch 25/50 step 4 | loss 5.3587 | train det 0.1752 seg 0.0401 cnt 2.4101 | shared_pairs det_seg 153/288 det_cnt 80/288 seg_cnt 55/288 | scores det_seg 0.0742 det_cnt -0.1076 seg_cnt 1.8306
[stage2] epoch 25/50 step 5 | loss 3.9928 | train det 0.0246 seg 0.1953 cnt 2.0612 | shared_pairs det_seg 162/288 det_cnt 77/288 seg_cnt 49/288 | scores det_seg -0.1682 det_cnt 0.3180 seg_cnt -0.1935
[stage2] epoch 25/50 step 6 | loss 3.7090 | train det 0.0370 seg 0.1308 cnt 2.1077 | shared_pairs det_seg 157/288 det_cnt 89/288 seg_cnt 42/288 | scores det_seg -0.1821 det_cnt -0.8307 seg_cnt -1.6301
[stage2] epoch 25/50 step 7 | loss 9.9627 | train det 0.4652 seg 0.0778 cnt 2.3624 | shared_pairs det_seg 153/288 det_cnt 89/288 seg_cnt 46/288 | scores det_seg -1.3277 det_cnt 0.6150 seg_cnt -0.7420
[stage2] epoch 25/50 step 8 | loss 3.6762 | train det 0.0386 seg 0.1399 cnt 1.9782 | shared_pairs det_seg 157/288 det_cnt 80/288 seg_cnt 51/288 | scores det_seg -0.0288 det_cnt -0.3096 seg_cnt -1.4306
[stage2] epoch 25/50 step 9 | loss 5.8458 | train det 0.0369 seg 0.0571 cnt 4.8359 | shared_pairs det_seg 146/288 det_cnt 90/288 seg_cnt 52/288 | scores det_seg 0.2709 det_cnt 0.2714 seg_cnt -0.4709
[stage2] epoch 25/50 step 10 | loss 2.9169 | train det 0.0356 seg 0.1377 cnt 1.2816 | shared_pairs det_seg 156/288 det_cnt 83/288 seg_cnt 49/288 | scores det_seg -0.1750 det_cnt 0.8393 seg_cnt 0.4221
[stage2] epoch 25/50 step 11 | loss 4.8825 | train det 0.0315 seg 0.0873 cnt 3.7118 | shared_pairs det_seg 140/288 det_cnt 86/288 seg_cnt 62/288 | scores det_seg -1.1439 det_cnt -0.3798 seg_cnt 0.1595
[stage2] epoch 25/50 step 12 | loss 3.7159 | train det 0.0261 seg 0.0373 cnt 3.0260 | shared_pairs det_seg 153/288 det_cnt 82/288 seg_cnt 53/288 | scores det_seg 0.5533 det_cnt -0.8717 seg_cnt -0.5919
[stage2] epoch 25/50 step 13 | loss 5.9762 | train det 0.0254 seg 0.1223 cnt 4.6163 | shared_pairs det_seg 156/288 det_cnt 89/288 seg_cnt 43/288 | scores det_seg -0.6108 det_cnt 1.0514 seg_cnt -1.8886
[stage2] epoch 25/50 step 14 | loss 5.1739 | train det 0.1301 seg 0.0964 cnt 2.4518 | shared_pairs det_seg 145/288 det_cnt 91/288 seg_cnt 52/288 | scores det_seg -1.9527 det_cnt 0.8684 seg_cnt 0.9515
[stage2] epoch 25/50 step 15 | loss 1.8543 | train det 0.0630 seg 0.0166 cnt 0.7768 | shared_pairs det_seg 154/288 det_cnt 84/288 seg_cnt 50/288 | scores det_seg 0.3855 det_cnt 0.3149 seg_cnt 0.2221
[stage2] epoch 25/50 step 16 | loss 5.3945 | train det 0.1379 seg 0.1337 cnt 2.2564 | shared_pairs det_seg 157/288 det_cnt 85/288 seg_cnt 46/288 | scores det_seg 1.7513 det_cnt 1.5348 seg_cnt -0.5726
[stage2] epoch 25/50 step 17 | loss 2.5712 | train det 0.0300 seg 0.0816 cnt 1.4686 | shared_pairs det_seg 155/288 det_cnt 79/288 seg_cnt 54/288 | scores det_seg 0.6538 det_cnt -0.0165 seg_cnt -0.6268
[stage2] epoch 25/50 step 18 | loss 10.4442 | train det 0.2348 seg 0.1017 cnt 6.1078 | shared_pairs det_seg 141/288 det_cnt 98/288 seg_cnt 49/288 | scores det_seg -2.2012 det_cnt 2.2750 seg_cnt 0.3566
[stage2] epoch 25/50 step 19 | loss 2.8260 | train det 0.0545 seg 0.0463 cnt 1.6379 | shared_pairs det_seg 153/288 det_cnt 89/288 seg_cnt 46/288 | scores det_seg 1.0390 det_cnt 0.4611 seg_cnt 0.3035
[stage2] epoch 25/50 step 20 | loss 3.2398 | train det 0.0643 seg 0.0865 cnt 1.5826 | shared_pairs det_seg 143/288 det_cnt 99/288 seg_cnt 46/288 | scores det_seg 0.0867 det_cnt 0.0265 seg_cnt -0.1123
[stage2] epoch 25/50 step 21 | loss 4.4458 | train det 0.1295 seg 0.1276 cnt 1.4823 | shared_pairs det_seg 158/288 det_cnt 85/288 seg_cnt 45/288 | scores det_seg 0.8447 det_cnt -0.3984 seg_cnt -0.0583
[stage2] epoch 25/50 step 22 | loss 6.8595 | train det 0.2947 seg 0.0806 cnt 1.7940 | shared_pairs det_seg 138/288 det_cnt 102/288 seg_cnt 48/288 | scores det_seg -1.5028 det_cnt 1.4675 seg_cnt -0.7354
[stage2] epoch 25/50 step 23 | loss 5.7323 | train det 0.1541 seg 0.0830 cnt 2.7572 | shared_pairs det_seg 146/288 det_cnt 90/288 seg_cnt 52/288 | scores det_seg 0.0495 det_cnt -0.6580 seg_cnt -0.6678
[stage2] epoch 25/50 step 24 | loss 2.3772 | train det 0.0324 seg 0.0575 cnt 1.4306 | shared_pairs det_seg 171/288 det_cnt 75/288 seg_cnt 42/288 | scores det_seg 2.0572 det_cnt -0.4434 seg_cnt 0.6298
[stage2] epoch 25/50 step 25 | loss 2.9646 | train det 0.0351 seg 0.0411 cnt 2.1097 | shared_pairs det_seg 159/288 det_cnt 88/288 seg_cnt 41/288 | scores det_seg -0.2952 det_cnt 1.8003 seg_cnt -1.3743
[stage2] epoch 25/50 step 26 | loss 7.1618 | train det 0.2081 seg 0.2279 cnt 2.2161 | shared_pairs det_seg 134/288 det_cnt 91/288 seg_cnt 63/288 | scores det_seg -2.3470 det_cnt 0.2485 seg_cnt 1.5268
[stage2] epoch 25/50 step 27 | loss 9.3492 | train det 0.3342 seg 0.1239 cnt 3.3450 | shared_pairs det_seg 142/288 det_cnt 93/288 seg_cnt 53/288 | scores det_seg -0.7408 det_cnt 1.0520 seg_cnt 0.0549
[stage2] epoch 25/50 step 28 | loss 4.7660 | train det 0.1085 seg 0.0556 cnt 2.6942 | shared_pairs det_seg 160/288 det_cnt 85/288 seg_cnt 43/288 | scores det_seg 0.0936 det_cnt -0.4189 seg_cnt -0.0315
[stage2] epoch 25/50 step 29 | loss 7.7097 | train det 0.3019 seg 0.0483 cnt 2.7946 | shared_pairs det_seg 166/288 det_cnt 71/288 seg_cnt 51/288 | scores det_seg 1.8156 det_cnt -1.4129 seg_cnt 0.5261
[stage2] epoch 25/50 step 30 | loss 3.6424 | train det 0.0790 seg 0.1041 cnt 1.6245 | shared_pairs det_seg 171/288 det_cnt 75/288 seg_cnt 42/288 | scores det_seg 3.1819 det_cnt -2.0101 seg_cnt -0.0050
[stage2] epoch 25/50 step 31 | loss 4.6655 | train det 0.0700 seg 0.0560 cnt 3.1680 | shared_pairs det_seg 145/288 det_cnt 98/288 seg_cnt 45/288 | scores det_seg -0.0657 det_cnt 1.0658 seg_cnt -0.3188
[stage2] epoch 25/50 step 32 | loss 3.1896 | train det 0.0459 seg 0.0586 cnt 2.0321 | shared_pairs det_seg 153/288 det_cnt 86/288 seg_cnt 49/288 | scores det_seg 0.3935 det_cnt -0.5687 seg_cnt -0.9757
[stage2] epoch 25/50 step 33 | loss 6.8216 | train det 0.1331 seg 0.1116 cnt 3.9329 | shared_pairs det_seg 164/288 det_cnt 82/288 seg_cnt 42/288 | scores det_seg 0.2674 det_cnt 0.9992 seg_cnt 0.0471
[stage2] epoch 25/50 step 34 | loss 5.4972 | train det 0.2139 seg 0.0723 cnt 1.7108 | shared_pairs det_seg 147/288 det_cnt 92/288 seg_cnt 49/288 | scores det_seg -0.4096 det_cnt 0.7777 seg_cnt 0.4835
[stage2] epoch 25/50 step 35 | loss 4.7017 | train det 0.0909 seg 0.0609 cnt 2.8517 | shared_pairs det_seg 146/288 det_cnt 93/288 seg_cnt 49/288 | scores det_seg -4.6821 det_cnt -0.0840 seg_cnt 0.1973
[stage2] epoch 25/50 step 36 | loss 4.6888 | train det 0.0217 seg 0.1056 cnt 3.5186 | shared_pairs det_seg 158/288 det_cnt 88/288 seg_cnt 42/288 | scores det_seg -1.4642 det_cnt 0.2941 seg_cnt -0.8561
[stage2] epoch 25/50 step 37 | loss 5.7288 | train det 0.0926 seg 0.1073 cnt 3.4815 | shared_pairs det_seg 151/288 det_cnt 97/288 seg_cnt 40/288 | scores det_seg -0.5350 det_cnt -0.3281 seg_cnt -0.4602
[stage2] epoch 25/50 step 38 | loss 3.3173 | train det 0.0443 seg 0.1000 cnt 1.8531 | shared_pairs det_seg 146/288 det_cnt 99/288 seg_cnt 43/288 | scores det_seg -1.4163 det_cnt 0.0816 seg_cnt -0.1900
[stage2] epoch 25/50 step 39 | loss 17.1950 | train det 1.0165 seg 0.1598 cnt 0.6694 | shared_pairs det_seg 156/288 det_cnt 84/288 seg_cnt 48/288 | scores det_seg 0.4186 det_cnt 0.4655 seg_cnt 0.5707
[stage2] epoch 25/50 step 40 | loss 6.2234 | train det 0.1574 seg 0.0721 cnt 3.2859 | shared_pairs det_seg 153/288 det_cnt 84/288 seg_cnt 51/288 | scores det_seg -1.2911 det_cnt 0.2217 seg_cnt -0.3072
[stage2] epoch 25/50 step 41 | loss 2.8867 | train det 0.0201 seg 0.1386 cnt 1.4766 | shared_pairs det_seg 162/288 det_cnt 74/288 seg_cnt 52/288 | scores det_seg 0.3252 det_cnt -0.5301 seg_cnt -0.3761
[stage2] epoch 25/50 step 42 | loss 7.9736 | train det 0.0569 seg 0.0958 cnt 6.3530 | shared_pairs det_seg 163/288 det_cnt 77/288 seg_cnt 48/288 | scores det_seg 1.2942 det_cnt -1.6693 seg_cnt -1.1347
[stage2] epoch 25/50 step 43 | loss 8.7941 | train det 0.4480 seg 0.0529 cnt 1.6505 | shared_pairs det_seg 146/288 det_cnt 94/288 seg_cnt 48/288 | scores det_seg 1.0818 det_cnt 1.1163 seg_cnt -0.0383
[stage2] epoch 25/50 | train 5.6897 | det 0.1575 seg 0.0926 cnt 2.5867 | selected_by_matrix_unit det_seg 6580 det_cnt 3738 seg_cnt 2066
[stage2] epoch 25 | val det 0.6656 seg 1.0881 miou 0.6123 cnt 3.9749 dens 8.619461e-01 mae 3.1130 total_mae 13.1439 | ap50 0.5097 | combo 1.443189
[stage2] epoch 26/50 step 1 | loss 6.7135 | train det 0.0945 seg 0.0876 cnt 4.5951 | shared_pairs det_seg 151/288 det_cnt 87/288 seg_cnt 50/288 | scores det_seg 0.0356 det_cnt 0.8108 seg_cnt 0.4697
[stage2] epoch 26/50 step 2 | loss 6.1235 | train det 0.0412 seg 0.0988 cnt 4.7153 | shared_pairs det_seg 151/288 det_cnt 80/288 seg_cnt 57/288 | scores det_seg -0.4953 det_cnt -1.8930 seg_cnt 1.4677
[stage2] epoch 26/50 step 3 | loss 11.1261 | train det 0.4730 seg 0.0499 cnt 3.6321 | shared_pairs det_seg 139/288 det_cnt 102/288 seg_cnt 47/288 | scores det_seg 0.0274 det_cnt 1.9599 seg_cnt 0.0980
[stage2] epoch 26/50 step 4 | loss 6.6209 | train det 0.2370 seg 0.1838 cnt 1.5960 | shared_pairs det_seg 152/288 det_cnt 78/288 seg_cnt 58/288 | scores det_seg 2.8166 det_cnt 0.6953 seg_cnt 1.5497
[stage2] epoch 26/50 step 5 | loss 6.3713 | train det 0.1330 seg 0.0800 cnt 3.7363 | shared_pairs det_seg 144/288 det_cnt 101/288 seg_cnt 43/288 | scores det_seg -0.5842 det_cnt -0.2751 seg_cnt -0.4184
[stage2] epoch 26/50 step 6 | loss 5.8301 | train det 0.2067 seg 0.0806 cnt 2.0847 | shared_pairs det_seg 155/288 det_cnt 97/288 seg_cnt 36/288 | scores det_seg 0.5339 det_cnt 3.3346 seg_cnt -0.3379
[stage2] epoch 26/50 step 7 | loss 3.5901 | train det 0.0346 seg 0.0418 cnt 2.7366 | shared_pairs det_seg 141/288 det_cnt 89/288 seg_cnt 58/288 | scores det_seg -0.6202 det_cnt -0.4145 seg_cnt 0.9820
[stage2] epoch 26/50 step 8 | loss 2.1266 | train det 0.0566 seg 0.0451 cnt 0.9159 | shared_pairs det_seg 153/288 det_cnt 90/288 seg_cnt 45/288 | scores det_seg 1.3904 det_cnt -0.7097 seg_cnt -0.2810
[stage2] epoch 26/50 step 9 | loss 5.3536 | train det 0.1294 seg 0.0950 cnt 2.6523 | shared_pairs det_seg 161/288 det_cnt 78/288 seg_cnt 49/288 | scores det_seg -0.7859 det_cnt 0.5500 seg_cnt -1.1491
[stage2] epoch 26/50 step 10 | loss 5.1135 | train det 0.1179 seg 0.0895 cnt 2.6288 | shared_pairs det_seg 147/288 det_cnt 93/288 seg_cnt 48/288 | scores det_seg -0.1035 det_cnt -0.1921 seg_cnt -1.6723
[stage2] epoch 26/50 step 11 | loss 3.5536 | train det 0.0812 seg 0.0819 cnt 1.6808 | shared_pairs det_seg 149/288 det_cnt 95/288 seg_cnt 44/288 | scores det_seg -1.0593 det_cnt 1.8045 seg_cnt -1.1305
[stage2] epoch 26/50 step 12 | loss 6.5845 | train det 0.1113 seg 0.0473 cnt 4.5373 | shared_pairs det_seg 155/288 det_cnt 80/288 seg_cnt 53/288 | scores det_seg -0.4021 det_cnt -1.2143 seg_cnt 0.1754
[stage2] epoch 26/50 step 13 | loss 7.0269 | train det 0.3036 seg 0.0838 cnt 1.8018 | shared_pairs det_seg 149/288 det_cnt 82/288 seg_cnt 57/288 | scores det_seg -1.6175 det_cnt -0.6775 seg_cnt -0.9149
[stage2] epoch 26/50 step 14 | loss 4.1054 | train det 0.1280 seg 0.0388 cnt 1.8757 | shared_pairs det_seg 146/288 det_cnt 96/288 seg_cnt 46/288 | scores det_seg -0.9006 det_cnt -0.1661 seg_cnt 1.1970
[stage2] epoch 26/50 step 15 | loss 3.3624 | train det 0.0665 seg 0.0782 cnt 1.7397 | shared_pairs det_seg 135/288 det_cnt 94/288 seg_cnt 59/288 | scores det_seg -2.5768 det_cnt 1.2444 seg_cnt 0.1630
[stage2] epoch 26/50 step 16 | loss 6.0571 | train det 0.1897 seg 0.1210 cnt 2.2443 | shared_pairs det_seg 167/288 det_cnt 71/288 seg_cnt 50/288 | scores det_seg 0.6751 det_cnt -0.4053 seg_cnt 0.5813
[stage2] epoch 26/50 step 17 | loss 6.3624 | train det 0.0180 seg 0.2923 cnt 3.7534 | shared_pairs det_seg 150/288 det_cnt 90/288 seg_cnt 48/288 | scores det_seg -1.5564 det_cnt -0.7849 seg_cnt -0.8633
[stage2] epoch 26/50 step 18 | loss 5.6886 | train det 0.1595 seg 0.0561 cnt 2.8472 | shared_pairs det_seg 166/288 det_cnt 72/288 seg_cnt 50/288 | scores det_seg 0.8666 det_cnt -0.1724 seg_cnt -1.0782
[stage2] epoch 26/50 step 19 | loss 5.2766 | train det 0.0250 seg 0.0659 cnt 4.3746 | shared_pairs det_seg 174/288 det_cnt 76/288 seg_cnt 38/288 | scores det_seg 2.8548 det_cnt -0.2672 seg_cnt -0.1764
[stage2] epoch 26/50 step 20 | loss 3.5314 | train det 0.0657 seg 0.0599 cnt 2.0661 | shared_pairs det_seg 137/288 det_cnt 100/288 seg_cnt 51/288 | scores det_seg -0.9333 det_cnt 1.0018 seg_cnt 0.1438
[stage2] epoch 26/50 step 21 | loss 3.6101 | train det 0.0138 seg 0.1089 cnt 2.5317 | shared_pairs det_seg 152/288 det_cnt 81/288 seg_cnt 55/288 | scores det_seg 1.2703 det_cnt 0.1283 seg_cnt -0.2314
[stage2] epoch 26/50 step 22 | loss 6.4371 | train det 0.0593 seg 0.0792 cnt 4.9146 | shared_pairs det_seg 144/288 det_cnt 89/288 seg_cnt 55/288 | scores det_seg 0.8814 det_cnt 0.4648 seg_cnt 0.7777
[stage2] epoch 26/50 step 23 | loss 3.2238 | train det 0.0694 seg 0.0811 cnt 1.5347 | shared_pairs det_seg 155/288 det_cnt 84/288 seg_cnt 49/288 | scores det_seg -1.7872 det_cnt -0.4175 seg_cnt 0.6503
[stage2] epoch 26/50 step 24 | loss 4.7387 | train det 0.1507 seg 0.0531 cnt 2.0540 | shared_pairs det_seg 142/288 det_cnt 88/288 seg_cnt 58/288 | scores det_seg -1.8486 det_cnt 1.4340 seg_cnt 0.0293
[stage2] epoch 26/50 step 25 | loss 8.4540 | train det 0.0903 seg 0.1053 cnt 6.2578 | shared_pairs det_seg 154/288 det_cnt 87/288 seg_cnt 47/288 | scores det_seg 0.4207 det_cnt 1.1010 seg_cnt -0.2489
[stage2] epoch 26/50 step 26 | loss 8.1518 | train det 0.0762 seg 0.2075 cnt 5.3495 | shared_pairs det_seg 154/288 det_cnt 90/288 seg_cnt 44/288 | scores det_seg 0.4539 det_cnt -0.9987 seg_cnt -0.8446
[stage2] epoch 26/50 step 27 | loss 7.2257 | train det 0.1328 seg 0.0682 cnt 4.6886 | shared_pairs det_seg 153/288 det_cnt 98/288 seg_cnt 37/288 | scores det_seg 0.6328 det_cnt 0.1946 seg_cnt -2.4147
[stage2] epoch 26/50 step 28 | loss 4.2049 | train det 0.1173 seg 0.0559 cnt 1.9988 | shared_pairs det_seg 157/288 det_cnt 81/288 seg_cnt 50/288 | scores det_seg -0.6166 det_cnt -1.0702 seg_cnt 0.2802
[stage2] epoch 26/50 step 29 | loss 5.8875 | train det 0.0405 seg 0.0905 cnt 4.5565 | shared_pairs det_seg 163/288 det_cnt 79/288 seg_cnt 46/288 | scores det_seg 0.5991 det_cnt 0.0707 seg_cnt 0.0884
[stage2] epoch 26/50 step 30 | loss 14.9422 | train det 0.7644 seg 0.1575 cnt 2.2166 | shared_pairs det_seg 133/288 det_cnt 104/288 seg_cnt 51/288 | scores det_seg 1.0745 det_cnt 1.3390 seg_cnt 0.1004
[stage2] epoch 26/50 step 31 | loss 3.5845 | train det 0.0349 seg 0.0643 cnt 2.5460 | shared_pairs det_seg 150/288 det_cnt 88/288 seg_cnt 50/288 | scores det_seg 0.9684 det_cnt 1.9661 seg_cnt 0.5482
[stage2] epoch 26/50 step 32 | loss 2.5189 | train det 0.0560 seg 0.0920 cnt 0.9439 | shared_pairs det_seg 160/288 det_cnt 82/288 seg_cnt 46/288 | scores det_seg 0.1255 det_cnt 0.4095 seg_cnt 0.0695
[stage2] epoch 26/50 step 33 | loss 3.5418 | train det 0.0244 seg 0.0853 cnt 2.4928 | shared_pairs det_seg 163/288 det_cnt 81/288 seg_cnt 44/288 | scores det_seg 0.7163 det_cnt 1.3575 seg_cnt 0.1063
[stage2] epoch 26/50 step 34 | loss 4.3311 | train det 0.0820 seg 0.1301 cnt 2.0603 | shared_pairs det_seg 150/288 det_cnt 95/288 seg_cnt 43/288 | scores det_seg 0.0084 det_cnt -0.8731 seg_cnt -1.8424
[stage2] epoch 26/50 step 35 | loss 8.0988 | train det 0.3724 seg 0.0666 cnt 1.9796 | shared_pairs det_seg 153/288 det_cnt 85/288 seg_cnt 50/288 | scores det_seg 0.0685 det_cnt -0.3453 seg_cnt 0.7338
[stage2] epoch 26/50 step 36 | loss 6.6695 | train det 0.0415 seg 0.1098 cnt 5.1694 | shared_pairs det_seg 139/288 det_cnt 108/288 seg_cnt 41/288 | scores det_seg -1.0480 det_cnt 1.7487 seg_cnt -0.3742
[stage2] epoch 26/50 step 37 | loss 2.9692 | train det 0.0683 seg 0.0369 cnt 1.6499 | shared_pairs det_seg 145/288 det_cnt 93/288 seg_cnt 50/288 | scores det_seg -0.9108 det_cnt 0.4785 seg_cnt 0.6110
[stage2] epoch 26/50 step 38 | loss 2.8431 | train det 0.0490 seg 0.0499 cnt 1.7084 | shared_pairs det_seg 151/288 det_cnt 85/288 seg_cnt 52/288 | scores det_seg 1.9145 det_cnt -0.1010 seg_cnt 0.6060
[stage2] epoch 26/50 step 39 | loss 9.7816 | train det 0.4753 seg 0.1443 cnt 1.4983 | shared_pairs det_seg 148/288 det_cnt 87/288 seg_cnt 53/288 | scores det_seg 1.6695 det_cnt 1.0994 seg_cnt -0.2621
[stage2] epoch 26/50 step 40 | loss 5.8304 | train det 0.2406 seg 0.0815 cnt 1.5703 | shared_pairs det_seg 152/288 det_cnt 78/288 seg_cnt 58/288 | scores det_seg -0.5474 det_cnt 0.0830 seg_cnt -0.3702
[stage2] epoch 26/50 step 41 | loss 5.1909 | train det 0.0952 seg 0.0953 cnt 3.0001 | shared_pairs det_seg 155/288 det_cnt 90/288 seg_cnt 43/288 | scores det_seg -1.1824 det_cnt 0.1586 seg_cnt -1.4926
[stage2] epoch 26/50 step 42 | loss 5.2789 | train det 0.1835 seg 0.0312 cnt 2.2766 | shared_pairs det_seg 156/288 det_cnt 83/288 seg_cnt 49/288 | scores det_seg 0.2261 det_cnt -0.2971 seg_cnt 0.6077
[stage2] epoch 26/50 step 43 | loss 5.3078 | train det 0.0360 seg 0.0773 cnt 4.1498 | shared_pairs det_seg 156/288 det_cnt 78/288 seg_cnt 54/288 | scores det_seg 0.0303 det_cnt -1.1500 seg_cnt 0.9155
[stage2] epoch 26/50 | train 5.6591 | det 0.1383 seg 0.0895 cnt 2.8689 | selected_by_matrix_unit det_seg 6507 det_cnt 3765 seg_cnt 2112
[stage2] epoch 26 | val det 0.6512 seg 1.0938 miou 0.6117 cnt 4.4220 dens 8.668813e-01 mae 3.5551 total_mae 17.9868 | ap50 0.5083 | combo 1.401261
[stage2] epoch 27/50 step 1 | loss 6.1040 | train det 0.0306 seg 0.0726 cnt 5.0640 | shared_pairs det_seg 166/288 det_cnt 75/288 seg_cnt 47/288 | scores det_seg 2.4140 det_cnt 1.0711 seg_cnt 0.8781
[stage2] epoch 27/50 step 2 | loss 2.5279 | train det 0.0465 seg 0.0525 cnt 1.4098 | shared_pairs det_seg 161/288 det_cnt 81/288 seg_cnt 46/288 | scores det_seg 0.2070 det_cnt 0.0550 seg_cnt 0.7766
[stage2] epoch 27/50 step 3 | loss 6.1549 | train det 0.0490 seg 0.0666 cnt 4.8873 | shared_pairs det_seg 156/288 det_cnt 82/288 seg_cnt 50/288 | scores det_seg 1.3681 det_cnt -1.6460 seg_cnt -0.0151
[stage2] epoch 27/50 step 4 | loss 6.1011 | train det 0.0868 seg 0.0818 cnt 4.1450 | shared_pairs det_seg 138/288 det_cnt 105/288 seg_cnt 45/288 | scores det_seg -1.9111 det_cnt 2.4422 seg_cnt -0.1538
[stage2] epoch 27/50 step 5 | loss 3.2450 | train det 0.0263 seg 0.0638 cnt 2.3397 | shared_pairs det_seg 151/288 det_cnt 76/288 seg_cnt 61/288 | scores det_seg -0.7669 det_cnt -0.0193 seg_cnt -0.4732
[stage2] epoch 27/50 step 6 | loss 34.2880 | train det 0.1889 seg 0.0655 cnt 30.9312 | shared_pairs det_seg 158/288 det_cnt 80/288 seg_cnt 50/288 | scores det_seg -0.5051 det_cnt -0.7011 seg_cnt -1.6145
[stage2] epoch 27/50 step 7 | loss 4.2313 | train det 0.0749 seg 0.0458 cnt 2.7418 | shared_pairs det_seg 169/288 det_cnt 69/288 seg_cnt 50/288 | scores det_seg 0.7311 det_cnt -0.9880 seg_cnt -1.5881
[stage2] epoch 27/50 step 8 | loss 4.0187 | train det 0.0828 seg 0.1301 cnt 1.7366 | shared_pairs det_seg 141/288 det_cnt 90/288 seg_cnt 57/288 | scores det_seg -0.8079 det_cnt 0.4391 seg_cnt 1.7408
[stage2] epoch 27/50 step 9 | loss 4.2602 | train det 0.0411 seg 0.0941 cnt 2.8911 | shared_pairs det_seg 149/288 det_cnt 75/288 seg_cnt 64/288 | scores det_seg 0.1402 det_cnt -0.8410 seg_cnt 1.2142
[stage2] epoch 27/50 step 10 | loss 5.1720 | train det 0.0854 seg 0.0401 cnt 3.5700 | shared_pairs det_seg 147/288 det_cnt 80/288 seg_cnt 61/288 | scores det_seg -0.5138 det_cnt 1.6459 seg_cnt 2.4249
[stage2] epoch 27/50 step 11 | loss 6.5708 | train det 0.1341 seg 0.1736 cnt 3.1709 | shared_pairs det_seg 154/288 det_cnt 90/288 seg_cnt 44/288 | scores det_seg -0.1261 det_cnt 1.0676 seg_cnt 1.0767
[stage2] epoch 27/50 step 12 | loss 2.6898 | train det 0.0601 seg 0.0963 cnt 1.0174 | shared_pairs det_seg 164/288 det_cnt 77/288 seg_cnt 47/288 | scores det_seg 0.3080 det_cnt 1.1093 seg_cnt -0.9330
[stage2] epoch 27/50 step 13 | loss 4.5531 | train det 0.0367 seg 0.0566 cnt 3.5495 | shared_pairs det_seg 150/288 det_cnt 89/288 seg_cnt 49/288 | scores det_seg -1.4453 det_cnt -0.8894 seg_cnt -0.6651
[stage2] epoch 27/50 step 14 | loss 5.5229 | train det 0.1338 seg 0.0687 cnt 2.9667 | shared_pairs det_seg 143/288 det_cnt 110/288 seg_cnt 35/288 | scores det_seg -1.7574 det_cnt 3.8245 seg_cnt -0.7409
[stage2] epoch 27/50 step 15 | loss 4.0320 | train det 0.1421 seg 0.0380 cnt 1.5956 | shared_pairs det_seg 151/288 det_cnt 92/288 seg_cnt 45/288 | scores det_seg -0.1510 det_cnt 0.1100 seg_cnt -2.3231
[stage2] epoch 27/50 step 16 | loss 3.4089 | train det 0.1138 seg 0.0556 cnt 1.2573 | shared_pairs det_seg 154/288 det_cnt 88/288 seg_cnt 46/288 | scores det_seg -0.5051 det_cnt -0.1758 seg_cnt -0.1451
[stage2] epoch 27/50 step 17 | loss 5.8106 | train det 0.1582 seg 0.0297 cnt 3.1996 | shared_pairs det_seg 155/288 det_cnt 93/288 seg_cnt 40/288 | scores det_seg -0.5859 det_cnt -0.3917 seg_cnt -0.7662
[stage2] epoch 27/50 step 18 | loss 6.6042 | train det 0.0939 seg 0.0919 cnt 4.4598 | shared_pairs det_seg 152/288 det_cnt 88/288 seg_cnt 48/288 | scores det_seg 0.8588 det_cnt 1.6919 seg_cnt 1.7890
[stage2] epoch 27/50 step 19 | loss 2.6957 | train det 0.0311 seg 0.0789 cnt 1.5975 | shared_pairs det_seg 160/288 det_cnt 77/288 seg_cnt 51/288 | scores det_seg -0.6855 det_cnt -1.6239 seg_cnt 0.4920
[stage2] epoch 27/50 step 20 | loss 5.0220 | train det 0.0363 seg 0.0929 cnt 3.7342 | shared_pairs det_seg 164/288 det_cnt 84/288 seg_cnt 40/288 | scores det_seg 1.0890 det_cnt -2.3177 seg_cnt -3.1042
[stage2] epoch 27/50 step 21 | loss 4.8291 | train det 0.1658 seg 0.0375 cnt 2.0415 | shared_pairs det_seg 152/288 det_cnt 90/288 seg_cnt 46/288 | scores det_seg -0.1325 det_cnt 0.5728 seg_cnt -0.3561
[stage2] epoch 27/50 step 22 | loss 4.4820 | train det 0.0597 seg 0.1192 cnt 2.6324 | shared_pairs det_seg 146/288 det_cnt 98/288 seg_cnt 44/288 | scores det_seg -0.6939 det_cnt -0.4158 seg_cnt -0.2962
[stage2] epoch 27/50 step 23 | loss 4.4485 | train det 0.1109 seg 0.0912 cnt 2.0552 | shared_pairs det_seg 144/288 det_cnt 87/288 seg_cnt 57/288 | scores det_seg -1.7238 det_cnt -1.4002 seg_cnt 0.6758
[stage2] epoch 27/50 step 24 | loss 5.2854 | train det 0.0597 seg 0.1567 cnt 3.1367 | shared_pairs det_seg 146/288 det_cnt 92/288 seg_cnt 50/288 | scores det_seg -0.0426 det_cnt -0.6300 seg_cnt 1.0024
[stage2] epoch 27/50 step 25 | loss 9.6286 | train det 0.2273 seg 0.1981 cnt 4.6343 | shared_pairs det_seg 155/288 det_cnt 92/288 seg_cnt 41/288 | scores det_seg -1.2803 det_cnt 0.7977 seg_cnt 0.7923
[stage2] epoch 27/50 step 26 | loss 4.4976 | train det 0.0878 seg 0.0794 cnt 2.5461 | shared_pairs det_seg 171/288 det_cnt 70/288 seg_cnt 47/288 | scores det_seg 1.5809 det_cnt -2.0672 seg_cnt -1.2874
[stage2] epoch 27/50 step 27 | loss 6.9883 | train det 0.0935 seg 0.0909 cnt 4.8583 | shared_pairs det_seg 157/288 det_cnt 81/288 seg_cnt 50/288 | scores det_seg 1.4957 det_cnt 0.1098 seg_cnt 1.0675
[stage2] epoch 27/50 step 28 | loss 6.8693 | train det 0.1427 seg 0.0449 cnt 4.3686 | shared_pairs det_seg 180/288 det_cnt 63/288 seg_cnt 45/288 | scores det_seg 1.2704 det_cnt -0.7983 seg_cnt -1.7322
[stage2] epoch 27/50 step 29 | loss 4.2812 | train det 0.0527 seg 0.0934 cnt 2.7434 | shared_pairs det_seg 169/288 det_cnt 66/288 seg_cnt 53/288 | scores det_seg 1.0447 det_cnt -0.0902 seg_cnt 0.9979
[stage2] epoch 27/50 step 30 | loss 38.1488 | train det 0.1413 seg 0.0537 cnt 35.5989 | shared_pairs det_seg 155/288 det_cnt 82/288 seg_cnt 51/288 | scores det_seg -0.6419 det_cnt 0.0251 seg_cnt -0.7128
[stage2] epoch 27/50 step 31 | loss 5.0490 | train det 0.1196 seg 0.0814 cnt 2.6042 | shared_pairs det_seg 148/288 det_cnt 91/288 seg_cnt 49/288 | scores det_seg -0.1000 det_cnt 0.5981 seg_cnt 0.7829
[stage2] epoch 27/50 step 32 | loss 5.2828 | train det 0.1472 seg 0.0828 cnt 2.4123 | shared_pairs det_seg 153/288 det_cnt 82/288 seg_cnt 53/288 | scores det_seg -0.5899 det_cnt 1.3796 seg_cnt -1.2036
[stage2] epoch 27/50 step 33 | loss 5.1351 | train det 0.0691 seg 0.0787 cnt 3.4694 | shared_pairs det_seg 152/288 det_cnt 84/288 seg_cnt 52/288 | scores det_seg -1.0872 det_cnt -2.1642 seg_cnt -0.0358
[stage2] epoch 27/50 step 34 | loss 5.3491 | train det 0.0429 seg 0.1092 cnt 3.8319 | shared_pairs det_seg 157/288 det_cnt 83/288 seg_cnt 48/288 | scores det_seg 2.9103 det_cnt 0.4455 seg_cnt 0.8391
[stage2] epoch 27/50 step 35 | loss 7.7688 | train det 0.2901 seg 0.0509 cnt 3.0100 | shared_pairs det_seg 143/288 det_cnt 87/288 seg_cnt 58/288 | scores det_seg -0.1206 det_cnt 0.5258 seg_cnt 0.9749
[stage2] epoch 27/50 step 36 | loss 1.6272 | train det 0.0193 seg 0.0446 cnt 0.9812 | shared_pairs det_seg 159/288 det_cnt 80/288 seg_cnt 49/288 | scores det_seg 0.1210 det_cnt -1.1402 seg_cnt -1.1786
[stage2] epoch 27/50 step 37 | loss 5.3308 | train det 0.0511 seg 0.1103 cnt 3.6821 | shared_pairs det_seg 155/288 det_cnt 91/288 seg_cnt 42/288 | scores det_seg -1.8633 det_cnt -0.6123 seg_cnt -0.3849
[stage2] epoch 27/50 step 38 | loss 3.3384 | train det 0.0619 seg 0.0323 cnt 2.1505 | shared_pairs det_seg 147/288 det_cnt 87/288 seg_cnt 54/288 | scores det_seg -0.0806 det_cnt 1.3340 seg_cnt 0.4966
[stage2] epoch 27/50 step 39 | loss 2.7771 | train det 0.0354 seg 0.0279 cnt 2.0233 | shared_pairs det_seg 148/288 det_cnt 78/288 seg_cnt 62/288 | scores det_seg -1.4587 det_cnt -0.8637 seg_cnt 0.6928
[stage2] epoch 27/50 step 40 | loss 3.5336 | train det 0.1248 seg 0.0787 cnt 1.0328 | shared_pairs det_seg 165/288 det_cnt 76/288 seg_cnt 47/288 | scores det_seg 1.4297 det_cnt -1.5189 seg_cnt -0.3146
[stage2] epoch 27/50 step 41 | loss 4.5109 | train det 0.0293 seg 0.1093 cnt 3.1968 | shared_pairs det_seg 165/288 det_cnt 82/288 seg_cnt 41/288 | scores det_seg -0.3782 det_cnt 0.0313 seg_cnt -0.3163
[stage2] epoch 27/50 step 42 | loss 7.2558 | train det 0.1954 seg 0.0710 cnt 3.7564 | shared_pairs det_seg 158/288 det_cnt 89/288 seg_cnt 41/288 | scores det_seg 2.9634 det_cnt 2.7663 seg_cnt 1.2053
[stage2] epoch 27/50 step 43 | loss 4.4342 | train det 0.0544 seg 0.2772 cnt 1.4003 | shared_pairs det_seg 164/288 det_cnt 67/288 seg_cnt 57/288 | scores det_seg 0.8273 det_cnt -1.9726 seg_cnt -0.3120
[stage2] epoch 27/50 | train 6.3689 | det 0.0938 seg 0.0841 cnt 4.2891 | selected_by_matrix_unit det_seg 6672 det_cnt 3599 seg_cnt 2113
[stage2] epoch 27 | val det 0.6212 seg 1.0887 miou 0.6131 cnt 3.8231 dens 8.687329e-01 mae 2.9543 total_mae 12.5560 | ap50 0.5108 | combo 1.462303
[ckpt] new best cached (stage2 epoch 27, combo 1.462303)
[stage2] epoch 28/50 step 1 | loss 3.5819 | train det 0.0454 seg 0.0631 cnt 2.3960 | shared_pairs det_seg 152/288 det_cnt 98/288 seg_cnt 38/288 | scores det_seg 0.9439 det_cnt 2.3084 seg_cnt -1.6563
[stage2] epoch 28/50 step 2 | loss 6.8291 | train det 0.0816 seg 0.0675 cnt 5.0643 | shared_pairs det_seg 166/288 det_cnt 76/288 seg_cnt 46/288 | scores det_seg 1.4974 det_cnt 0.1898 seg_cnt -0.1604
[stage2] epoch 28/50 step 3 | loss 2.4661 | train det 0.0333 seg 0.0157 cnt 1.8410 | shared_pairs det_seg 151/288 det_cnt 78/288 seg_cnt 59/288 | scores det_seg 0.3678 det_cnt -0.1517 seg_cnt 0.3903
[stage2] epoch 28/50 step 4 | loss 5.3308 | train det 0.1651 seg 0.1063 cnt 2.0039 | shared_pairs det_seg 147/288 det_cnt 92/288 seg_cnt 49/288 | scores det_seg -0.7613 det_cnt 1.7952 seg_cnt -1.2479
[stage2] epoch 28/50 step 5 | loss 10.2105 | train det 0.0683 seg 0.1145 cnt 8.2702 | shared_pairs det_seg 169/288 det_cnt 74/288 seg_cnt 45/288 | scores det_seg 2.7233 det_cnt -0.8719 seg_cnt 0.0169
[stage2] epoch 28/50 step 6 | loss 5.6771 | train det 0.0923 seg 0.0936 cnt 3.5448 | shared_pairs det_seg 164/288 det_cnt 72/288 seg_cnt 52/288 | scores det_seg 1.2545 det_cnt -0.5578 seg_cnt -1.0096
[stage2] epoch 28/50 step 7 | loss 6.8559 | train det 0.3220 seg 0.0490 cnt 1.6342 | shared_pairs det_seg 151/288 det_cnt 78/288 seg_cnt 59/288 | scores det_seg -0.4260 det_cnt -1.2044 seg_cnt 0.1084
[stage2] epoch 28/50 step 8 | loss 3.9945 | train det 0.0456 seg 0.0793 cnt 2.6753 | shared_pairs det_seg 145/288 det_cnt 92/288 seg_cnt 51/288 | scores det_seg -0.8802 det_cnt 0.3927 seg_cnt 0.5499
[stage2] epoch 28/50 step 9 | loss 8.6391 | train det 0.1952 seg 0.0249 cnt 5.5126 | shared_pairs det_seg 142/288 det_cnt 100/288 seg_cnt 46/288 | scores det_seg 0.1012 det_cnt 1.2149 seg_cnt -1.0022
[stage2] epoch 28/50 step 10 | loss 9.8044 | train det 0.4749 seg 0.0474 cnt 2.3023 | shared_pairs det_seg 145/288 det_cnt 87/288 seg_cnt 56/288 | scores det_seg 1.4816 det_cnt 1.3919 seg_cnt 1.7231
[stage2] epoch 28/50 step 11 | loss 5.9381 | train det 0.0447 seg 0.0276 cnt 5.0464 | shared_pairs det_seg 173/288 det_cnt 66/288 seg_cnt 49/288 | scores det_seg 1.5746 det_cnt -0.5743 seg_cnt 0.0029
[stage2] epoch 28/50 step 12 | loss 9.2561 | train det 0.2752 seg 0.1059 cnt 4.2819 | shared_pairs det_seg 156/288 det_cnt 90/288 seg_cnt 42/288 | scores det_seg 0.6813 det_cnt 1.3641 seg_cnt -0.5352
[stage2] epoch 28/50 step 13 | loss 7.0185 | train det 0.1424 seg 0.1736 cnt 3.4944 | shared_pairs det_seg 162/288 det_cnt 76/288 seg_cnt 50/288 | scores det_seg 1.2787 det_cnt -2.5986 seg_cnt -0.3646
[stage2] epoch 28/50 step 14 | loss 2.0641 | train det 0.0469 seg 0.0445 cnt 1.0054 | shared_pairs det_seg 167/288 det_cnt 85/288 seg_cnt 36/288 | scores det_seg 2.0572 det_cnt -0.0714 seg_cnt -1.0101
[stage2] epoch 28/50 step 15 | loss 5.1175 | train det 0.0158 seg 0.1133 cnt 3.9746 | shared_pairs det_seg 161/288 det_cnt 76/288 seg_cnt 51/288 | scores det_seg 1.0046 det_cnt 0.9915 seg_cnt 0.4522
[stage2] epoch 28/50 step 16 | loss 5.6282 | train det 0.0209 seg 0.0320 cnt 5.0588 | shared_pairs det_seg 152/288 det_cnt 81/288 seg_cnt 55/288 | scores det_seg -0.1935 det_cnt -1.1756 seg_cnt 0.7366
[stage2] epoch 28/50 step 17 | loss 3.2801 | train det 0.0284 seg 0.0900 cnt 2.1348 | shared_pairs det_seg 141/288 det_cnt 90/288 seg_cnt 57/288 | scores det_seg -1.4494 det_cnt 0.1895 seg_cnt -0.5777
[stage2] epoch 28/50 step 18 | loss 6.0777 | train det 0.1075 seg 0.0423 cnt 4.1276 | shared_pairs det_seg 142/288 det_cnt 97/288 seg_cnt 49/288 | scores det_seg -0.9250 det_cnt 2.4606 seg_cnt -0.4279
[stage2] epoch 28/50 step 19 | loss 9.8214 | train det 0.4006 seg 0.0780 cnt 3.1874 | shared_pairs det_seg 149/288 det_cnt 91/288 seg_cnt 48/288 | scores det_seg -1.3736 det_cnt 0.3913 seg_cnt -1.7507
[stage2] epoch 28/50 step 20 | loss 7.9081 | train det 0.0296 seg 0.0827 cnt 6.8023 | shared_pairs det_seg 157/288 det_cnt 86/288 seg_cnt 45/288 | scores det_seg 0.2971 det_cnt 1.1114 seg_cnt -1.4856
[stage2] epoch 28/50 step 21 | loss 2.7282 | train det 0.0481 seg 0.0883 cnt 1.3012 | shared_pairs det_seg 160/288 det_cnt 76/288 seg_cnt 52/288 | scores det_seg 0.8463 det_cnt -0.2196 seg_cnt 0.4280
[stage2] epoch 28/50 step 22 | loss 4.3320 | train det 0.1572 seg 0.0262 cnt 1.7645 | shared_pairs det_seg 152/288 det_cnt 91/288 seg_cnt 45/288 | scores det_seg 0.3593 det_cnt 0.0978 seg_cnt -1.1420
[stage2] epoch 28/50 step 23 | loss 7.4693 | train det 0.0621 seg 0.0829 cnt 5.8748 | shared_pairs det_seg 158/288 det_cnt 74/288 seg_cnt 56/288 | scores det_seg -1.0127 det_cnt -0.9794 seg_cnt 0.6233
[stage2] epoch 28/50 step 24 | loss 6.0629 | train det 0.1134 seg 0.0721 cnt 3.7858 | shared_pairs det_seg 148/288 det_cnt 91/288 seg_cnt 49/288 | scores det_seg -1.0876 det_cnt -0.3832 seg_cnt -0.5134
[stage2] epoch 28/50 step 25 | loss 5.0769 | train det 0.1352 seg 0.1363 cnt 1.9586 | shared_pairs det_seg 143/288 det_cnt 96/288 seg_cnt 49/288 | scores det_seg -0.8758 det_cnt 1.5301 seg_cnt 0.1709
[stage2] epoch 28/50 step 26 | loss 10.6847 | train det 0.2398 seg 0.2327 cnt 5.2259 | shared_pairs det_seg 157/288 det_cnt 82/288 seg_cnt 49/288 | scores det_seg 0.1811 det_cnt 1.5778 seg_cnt 0.4045
[stage2] epoch 28/50 step 27 | loss 2.8370 | train det 0.0416 seg 0.0464 cnt 1.8415 | shared_pairs det_seg 146/288 det_cnt 94/288 seg_cnt 48/288 | scores det_seg 0.5300 det_cnt 1.4793 seg_cnt 0.0379
[stage2] epoch 28/50 step 28 | loss 4.3940 | train det 0.1322 seg 0.0832 cnt 1.7450 | shared_pairs det_seg 156/288 det_cnt 85/288 seg_cnt 47/288 | scores det_seg 2.6044 det_cnt 1.7923 seg_cnt -1.3276
[stage2] epoch 28/50 step 29 | loss 6.2883 | train det 0.0398 seg 0.1000 cnt 4.8917 | shared_pairs det_seg 147/288 det_cnt 77/288 seg_cnt 64/288 | scores det_seg -0.9391 det_cnt -1.0511 seg_cnt 2.1100
[stage2] epoch 28/50 step 30 | loss 4.6063 | train det 0.0554 seg 0.0825 cnt 3.1152 | shared_pairs det_seg 163/288 det_cnt 83/288 seg_cnt 42/288 | scores det_seg 1.7667 det_cnt 0.9333 seg_cnt 1.0195
[stage2] epoch 28/50 step 31 | loss 2.5979 | train det 0.0239 seg 0.0972 cnt 1.4627 | shared_pairs det_seg 156/288 det_cnt 81/288 seg_cnt 51/288 | scores det_seg 0.2651 det_cnt -1.3860 seg_cnt 0.6470
[stage2] epoch 28/50 step 32 | loss 6.2821 | train det 0.1938 seg 0.0862 cnt 2.6849 | shared_pairs det_seg 155/288 det_cnt 92/288 seg_cnt 41/288 | scores det_seg 0.0977 det_cnt 1.0592 seg_cnt -1.0759
[stage2] epoch 28/50 step 33 | loss 6.6896 | train det 0.0418 seg 0.0763 cnt 5.4520 | shared_pairs det_seg 152/288 det_cnt 88/288 seg_cnt 48/288 | scores det_seg 0.1792 det_cnt -0.2006 seg_cnt -1.2061
[stage2] epoch 28/50 step 34 | loss 5.3443 | train det 0.1415 seg 0.1045 cnt 2.3863 | shared_pairs det_seg 148/288 det_cnt 90/288 seg_cnt 50/288 | scores det_seg 1.0498 det_cnt 0.7495 seg_cnt -1.2805
[stage2] epoch 28/50 step 35 | loss 6.6747 | train det 0.1727 seg 0.1140 cnt 3.1714 | shared_pairs det_seg 147/288 det_cnt 83/288 seg_cnt 58/288 | scores det_seg -0.7899 det_cnt -1.4912 seg_cnt 1.0802
[stage2] epoch 28/50 step 36 | loss 4.4231 | train det 0.0242 seg 0.1270 cnt 3.0435 | shared_pairs det_seg 148/288 det_cnt 84/288 seg_cnt 56/288 | scores det_seg -0.2380 det_cnt -0.8582 seg_cnt 0.4327
[stage2] epoch 28/50 step 37 | loss 4.1062 | train det 0.0427 seg 0.0659 cnt 2.9392 | shared_pairs det_seg 134/288 det_cnt 86/288 seg_cnt 68/288 | scores det_seg -2.1905 det_cnt 0.8775 seg_cnt 2.2467
[stage2] epoch 28/50 step 38 | loss 2.8466 | train det 0.0870 seg 0.0663 cnt 1.0102 | shared_pairs det_seg 146/288 det_cnt 83/288 seg_cnt 59/288 | scores det_seg -0.2663 det_cnt 1.0548 seg_cnt 0.8414
[stage2] epoch 28/50 step 39 | loss 5.1817 | train det 0.0319 seg 0.0813 cnt 4.0530 | shared_pairs det_seg 147/288 det_cnt 96/288 seg_cnt 45/288 | scores det_seg -1.9913 det_cnt 1.4998 seg_cnt -1.7844
[stage2] epoch 28/50 step 40 | loss 7.3967 | train det 0.1094 seg 0.0882 cnt 5.0507 | shared_pairs det_seg 160/288 det_cnt 82/288 seg_cnt 46/288 | scores det_seg 1.5163 det_cnt 1.0135 seg_cnt 0.8606
[stage2] epoch 28/50 step 41 | loss 3.6401 | train det 0.0677 seg 0.0800 cnt 1.9837 | shared_pairs det_seg 143/288 det_cnt 98/288 seg_cnt 47/288 | scores det_seg -0.8163 det_cnt -1.2262 seg_cnt -0.4678
[stage2] epoch 28/50 step 42 | loss 7.0775 | train det 0.1155 seg 0.2449 cnt 3.3861 | shared_pairs det_seg 154/288 det_cnt 77/288 seg_cnt 57/288 | scores det_seg -0.8256 det_cnt -1.7527 seg_cnt 0.0538
[stage2] epoch 28/50 step 43 | loss 9.1833 | train det 0.3229 seg 0.0670 cnt 3.8048 | shared_pairs det_seg 156/288 det_cnt 89/288 seg_cnt 43/288 | scores det_seg 1.2065 det_cnt 1.6002 seg_cnt -1.2317
[stage2] epoch 28/50 | train 5.8470 | det 0.1171 seg 0.0861 cnt 3.4021 | selected_by_matrix_unit det_seg 6568 det_cnt 3663 seg_cnt 2153
[stage2] epoch 28 | val det 0.6775 seg 1.1041 miou 0.6107 cnt 4.3677 dens 8.738357e-01 mae 3.4939 total_mae 17.1846 | ap50 0.5095 | combo 1.406380
[stage2] epoch 29/50 step 1 | loss 7.1095 | train det 0.0649 seg 0.0498 cnt 5.7372 | shared_pairs det_seg 161/288 det_cnt 75/288 seg_cnt 52/288 | scores det_seg 1.9474 det_cnt 0.5311 seg_cnt 1.6752
[stage2] epoch 29/50 step 2 | loss 3.0718 | train det 0.0980 seg 0.0691 cnt 1.0490 | shared_pairs det_seg 161/288 det_cnt 83/288 seg_cnt 44/288 | scores det_seg 0.5025 det_cnt -0.0784 seg_cnt 1.4274
[stage2] epoch 29/50 step 3 | loss 4.1327 | train det 0.0920 seg 0.0737 cnt 2.1630 | shared_pairs det_seg 154/288 det_cnt 74/288 seg_cnt 60/288 | scores det_seg -1.0710 det_cnt -2.9337 seg_cnt 1.0060
[stage2] epoch 29/50 step 4 | loss 5.4340 | train det 0.0224 seg 0.2342 cnt 3.2252 | shared_pairs det_seg 143/288 det_cnt 94/288 seg_cnt 51/288 | scores det_seg -1.7057 det_cnt 0.2580 seg_cnt 1.6492
[stage2] epoch 29/50 step 5 | loss 10.9491 | train det 0.2850 seg 0.1137 cnt 5.7651 | shared_pairs det_seg 144/288 det_cnt 83/288 seg_cnt 61/288 | scores det_seg -0.5014 det_cnt 0.2796 seg_cnt -0.1253
[stage2] epoch 29/50 step 6 | loss 2.7674 | train det 0.0307 seg 0.0665 cnt 1.7746 | shared_pairs det_seg 145/288 det_cnt 89/288 seg_cnt 54/288 | scores det_seg -0.9062 det_cnt 0.1435 seg_cnt 0.2291
[stage2] epoch 29/50 step 7 | loss 4.4764 | train det 0.1022 seg 0.0767 cnt 2.3303 | shared_pairs det_seg 154/288 det_cnt 71/288 seg_cnt 63/288 | scores det_seg -0.1879 det_cnt -2.3953 seg_cnt -0.4030
[stage2] epoch 29/50 step 8 | loss 23.9329 | train det 0.1906 seg 0.0694 cnt 20.5187 | shared_pairs det_seg 145/288 det_cnt 88/288 seg_cnt 55/288 | scores det_seg 0.2094 det_cnt 0.1641 seg_cnt 0.4999
[stage2] epoch 29/50 step 9 | loss 3.6460 | train det 0.0878 seg 0.0586 cnt 1.8605 | shared_pairs det_seg 148/288 det_cnt 78/288 seg_cnt 62/288 | scores det_seg -1.6163 det_cnt 0.2409 seg_cnt 1.7183
[stage2] epoch 29/50 step 10 | loss 7.3392 | train det 0.3082 seg 0.0329 cnt 2.4535 | shared_pairs det_seg 147/288 det_cnt 94/288 seg_cnt 47/288 | scores det_seg -1.5211 det_cnt -0.4692 seg_cnt -0.4716
[stage2] epoch 29/50 step 11 | loss 9.5875 | train det 0.2922 seg 0.1048 cnt 4.3664 | shared_pairs det_seg 147/288 det_cnt 88/288 seg_cnt 53/288 | scores det_seg -0.4852 det_cnt -1.6218 seg_cnt 1.1295
[stage2] epoch 29/50 step 12 | loss 6.8372 | train det 0.0676 seg 0.0439 cnt 5.4716 | shared_pairs det_seg 147/288 det_cnt 92/288 seg_cnt 49/288 | scores det_seg 0.7079 det_cnt 1.4767 seg_cnt -0.0101
[stage2] epoch 29/50 step 13 | loss 2.8156 | train det 0.0714 seg 0.0777 cnt 1.1221 | shared_pairs det_seg 154/288 det_cnt 80/288 seg_cnt 54/288 | scores det_seg -1.5958 det_cnt -1.7541 seg_cnt 0.4537
[stage2] epoch 29/50 step 14 | loss 4.8431 | train det 0.1001 seg 0.0642 cnt 2.8287 | shared_pairs det_seg 161/288 det_cnt 74/288 seg_cnt 53/288 | scores det_seg -0.4892 det_cnt -1.4124 seg_cnt 0.4746
[stage2] epoch 29/50 step 15 | loss 5.3479 | train det 0.1137 seg 0.0901 cnt 2.9223 | shared_pairs det_seg 144/288 det_cnt 98/288 seg_cnt 46/288 | scores det_seg -0.8476 det_cnt 2.2258 seg_cnt 1.0694
[stage2] epoch 29/50 step 16 | loss 4.2010 | train det 0.0357 seg 0.1696 cnt 2.3080 | shared_pairs det_seg 167/288 det_cnt 79/288 seg_cnt 42/288 | scores det_seg 1.2932 det_cnt -1.1352 seg_cnt -1.3327
[stage2] epoch 29/50 step 17 | loss 9.0958 | train det 0.2285 seg 0.0861 cnt 4.9792 | shared_pairs det_seg 157/288 det_cnt 79/288 seg_cnt 52/288 | scores det_seg 0.5649 det_cnt -0.2349 seg_cnt -0.6927
[stage2] epoch 29/50 step 18 | loss 6.6552 | train det 0.0741 seg 0.0540 cnt 5.1111 | shared_pairs det_seg 149/288 det_cnt 90/288 seg_cnt 49/288 | scores det_seg -0.3364 det_cnt 1.0766 seg_cnt -0.3052
[stage2] epoch 29/50 step 19 | loss 3.8139 | train det 0.0693 seg 0.0436 cnt 2.4261 | shared_pairs det_seg 147/288 det_cnt 99/288 seg_cnt 42/288 | scores det_seg 0.1515 det_cnt 0.1165 seg_cnt 0.8775
[stage2] epoch 29/50 step 20 | loss 4.8826 | train det 0.0465 seg 0.1285 cnt 3.1573 | shared_pairs det_seg 147/288 det_cnt 89/288 seg_cnt 52/288 | scores det_seg 1.1347 det_cnt 1.0697 seg_cnt 0.1930
[stage2] epoch 29/50 step 21 | loss 5.1727 | train det 0.0350 seg 0.0701 cnt 4.0874 | shared_pairs det_seg 156/288 det_cnt 88/288 seg_cnt 44/288 | scores det_seg -0.4406 det_cnt 0.9782 seg_cnt -2.0063
[stage2] epoch 29/50 step 22 | loss 5.1443 | train det 0.0474 seg 0.0566 cnt 3.9810 | shared_pairs det_seg 146/288 det_cnt 95/288 seg_cnt 47/288 | scores det_seg -0.0801 det_cnt 1.2165 seg_cnt -0.3364
[stage2] epoch 29/50 step 23 | loss 4.3914 | train det 0.0444 seg 0.0468 cnt 3.3510 | shared_pairs det_seg 156/288 det_cnt 78/288 seg_cnt 54/288 | scores det_seg 1.1948 det_cnt -1.1464 seg_cnt 1.7164
[stage2] epoch 29/50 step 24 | loss 8.7666 | train det 0.1030 seg 0.0580 cnt 6.7579 | shared_pairs det_seg 154/288 det_cnt 78/288 seg_cnt 56/288 | scores det_seg 1.4118 det_cnt 1.3224 seg_cnt 1.2790
[stage2] epoch 29/50 step 25 | loss 4.7706 | train det 0.0214 seg 0.0668 cnt 3.9155 | shared_pairs det_seg 149/288 det_cnt 81/288 seg_cnt 58/288 | scores det_seg 0.4618 det_cnt -0.7562 seg_cnt 1.3488
[stage2] epoch 29/50 step 26 | loss 4.5743 | train det 0.1287 seg 0.1111 cnt 1.7554 | shared_pairs det_seg 159/288 det_cnt 67/288 seg_cnt 62/288 | scores det_seg -1.9350 det_cnt -1.4523 seg_cnt 0.8813
[stage2] epoch 29/50 step 27 | loss 4.5214 | train det 0.0375 seg 0.0726 cnt 3.3779 | shared_pairs det_seg 158/288 det_cnt 78/288 seg_cnt 52/288 | scores det_seg 1.2226 det_cnt 0.4943 seg_cnt 0.5781
[stage2] epoch 29/50 step 28 | loss 5.3360 | train det 0.0352 seg 0.1054 cnt 3.9656 | shared_pairs det_seg 133/288 det_cnt 88/288 seg_cnt 67/288 | scores det_seg -0.7824 det_cnt -0.4651 seg_cnt -0.5062
[stage2] epoch 29/50 step 29 | loss 9.0582 | train det 0.1429 seg 0.0723 cnt 6.3360 | shared_pairs det_seg 156/288 det_cnt 89/288 seg_cnt 43/288 | scores det_seg 1.6932 det_cnt -0.1237 seg_cnt -0.6489
[stage2] epoch 29/50 step 30 | loss 5.0588 | train det 0.1663 seg 0.1230 cnt 1.5802 | shared_pairs det_seg 155/288 det_cnt 93/288 seg_cnt 40/288 | scores det_seg 1.8259 det_cnt 0.8701 seg_cnt -0.4794
[stage2] epoch 29/50 step 31 | loss 4.5833 | train det 0.0549 seg 0.0483 cnt 3.3740 | shared_pairs det_seg 149/288 det_cnt 93/288 seg_cnt 46/288 | scores det_seg 1.1270 det_cnt 0.6329 seg_cnt -0.2804
[stage2] epoch 29/50 step 32 | loss 13.8179 | train det 0.0561 seg 0.0440 cnt 12.6234 | shared_pairs det_seg 161/288 det_cnt 87/288 seg_cnt 40/288 | scores det_seg 0.8147 det_cnt 1.4785 seg_cnt -1.4403
[stage2] epoch 29/50 step 33 | loss 3.7049 | train det 0.0656 seg 0.1280 cnt 1.6975 | shared_pairs det_seg 159/288 det_cnt 88/288 seg_cnt 41/288 | scores det_seg -1.1006 det_cnt -0.7601 seg_cnt -1.0078
[stage2] epoch 29/50 step 34 | loss 4.3818 | train det 0.0965 seg 0.0733 cnt 2.3477 | shared_pairs det_seg 156/288 det_cnt 79/288 seg_cnt 53/288 | scores det_seg 0.2884 det_cnt -0.6636 seg_cnt -0.0655
[stage2] epoch 29/50 step 35 | loss 4.7797 | train det 0.0159 seg 0.0651 cnt 4.0197 | shared_pairs det_seg 150/288 det_cnt 76/288 seg_cnt 62/288 | scores det_seg -1.4838 det_cnt -1.1953 seg_cnt 0.4698
[stage2] epoch 29/50 step 36 | loss 7.2725 | train det 0.0762 seg 0.0657 cnt 5.6042 | shared_pairs det_seg 152/288 det_cnt 88/288 seg_cnt 48/288 | scores det_seg -0.9466 det_cnt -0.1853 seg_cnt -1.0118
[stage2] epoch 29/50 step 37 | loss 2.1989 | train det 0.0325 seg 0.0742 cnt 1.1179 | shared_pairs det_seg 162/288 det_cnt 75/288 seg_cnt 51/288 | scores det_seg 1.2558 det_cnt -1.2951 seg_cnt 1.1573
[stage2] epoch 29/50 step 38 | loss 3.6094 | train det 0.0658 seg 0.1018 cnt 1.8081 | shared_pairs det_seg 150/288 det_cnt 97/288 seg_cnt 41/288 | scores det_seg 2.4806 det_cnt 2.0113 seg_cnt 0.0067
[stage2] epoch 29/50 step 39 | loss 5.3318 | train det 0.0756 seg 0.0547 cnt 3.7601 | shared_pairs det_seg 157/288 det_cnt 88/288 seg_cnt 43/288 | scores det_seg 0.4032 det_cnt -1.2491 seg_cnt -1.0516
[stage2] epoch 29/50 step 40 | loss 2.3528 | train det 0.0211 seg 0.0520 cnt 1.6194 | shared_pairs det_seg 159/288 det_cnt 73/288 seg_cnt 56/288 | scores det_seg 0.2566 det_cnt -0.5609 seg_cnt 0.9657
[stage2] epoch 29/50 step 41 | loss 8.7164 | train det 0.2673 seg 0.1093 cnt 3.8325 | shared_pairs det_seg 143/288 det_cnt 93/288 seg_cnt 52/288 | scores det_seg -1.1229 det_cnt 0.0584 seg_cnt -0.1795
[stage2] epoch 29/50 step 42 | loss 5.0867 | train det 0.0462 seg 0.0777 cnt 3.7722 | shared_pairs det_seg 148/288 det_cnt 96/288 seg_cnt 44/288 | scores det_seg -0.9338 det_cnt 0.8722 seg_cnt 0.0426
[stage2] epoch 29/50 step 43 | loss 4.5256 | train det 0.1141 seg 0.0321 cnt 2.5580 | shared_pairs det_seg 148/288 det_cnt 96/288 seg_cnt 44/288 | scores det_seg 1.7240 det_cnt 0.6797 seg_cnt -1.1264
[stage2] epoch 29/50 | train 6.0022 | det 0.0961 seg 0.0794 cnt 3.9259 | selected_by_matrix_unit det_seg 6538 det_cnt 3661 seg_cnt 2185
[stage2] epoch 29 | val det 0.6644 seg 1.0748 miou 0.6158 cnt 4.1421 dens 8.658511e-01 mae 3.2763 total_mae 14.7684 | ap50 0.5082 | combo 1.429289
[stage2] epoch 30/50 step 1 | loss 2.2372 | train det 0.0506 seg 0.0869 cnt 0.7828 | shared_pairs det_seg 149/288 det_cnt 99/288 seg_cnt 40/288 | scores det_seg 1.7398 det_cnt 0.1415 seg_cnt -0.7138
[stage2] epoch 30/50 step 2 | loss 5.3967 | train det 0.1285 seg 0.0694 cnt 2.9141 | shared_pairs det_seg 153/288 det_cnt 80/288 seg_cnt 55/288 | scores det_seg -2.9675 det_cnt -0.7425 seg_cnt 0.8009
[stage2] epoch 30/50 step 3 | loss 5.8075 | train det 0.0926 seg 0.0555 cnt 3.9748 | shared_pairs det_seg 173/288 det_cnt 73/288 seg_cnt 42/288 | scores det_seg 0.9459 det_cnt -1.1245 seg_cnt -0.2501
[stage2] epoch 30/50 step 4 | loss 3.5392 | train det 0.0713 seg 0.0763 cnt 1.8584 | shared_pairs det_seg 143/288 det_cnt 95/288 seg_cnt 50/288 | scores det_seg -1.4398 det_cnt -1.2416 seg_cnt -1.6119
[stage2] epoch 30/50 step 5 | loss 6.7540 | train det 0.2506 seg 0.0740 cnt 2.4037 | shared_pairs det_seg 137/288 det_cnt 99/288 seg_cnt 52/288 | scores det_seg 0.8269 det_cnt 0.4621 seg_cnt -1.0068
[stage2] epoch 30/50 step 6 | loss 5.0204 | train det 0.1514 seg 0.0635 cnt 2.2419 | shared_pairs det_seg 153/288 det_cnt 77/288 seg_cnt 58/288 | scores det_seg -1.2777 det_cnt -1.4801 seg_cnt 0.4897
[stage2] epoch 30/50 step 7 | loss 2.8031 | train det 0.0500 seg 0.1084 cnt 1.1858 | shared_pairs det_seg 153/288 det_cnt 90/288 seg_cnt 45/288 | scores det_seg 0.9973 det_cnt 0.1208 seg_cnt -1.3019
[stage2] epoch 30/50 step 8 | loss 3.6150 | train det 0.0830 seg 0.0326 cnt 2.1081 | shared_pairs det_seg 150/288 det_cnt 92/288 seg_cnt 46/288 | scores det_seg 1.3110 det_cnt 1.6338 seg_cnt 0.1278
[stage2] epoch 30/50 step 9 | loss 13.2295 | train det 0.6340 seg 0.0842 cnt 3.0463 | shared_pairs det_seg 132/288 det_cnt 109/288 seg_cnt 47/288 | scores det_seg -2.7022 det_cnt 1.4809 seg_cnt 1.4598
[stage2] epoch 30/50 step 10 | loss 5.9087 | train det 0.0616 seg 0.0626 cnt 4.4842 | shared_pairs det_seg 154/288 det_cnt 85/288 seg_cnt 49/288 | scores det_seg 0.3170 det_cnt 0.6977 seg_cnt -0.7617
[stage2] epoch 30/50 step 11 | loss 3.3890 | train det 0.0364 seg 0.1274 cnt 1.8242 | shared_pairs det_seg 159/288 det_cnt 81/288 seg_cnt 48/288 | scores det_seg 0.3358 det_cnt -0.9188 seg_cnt 0.1463
[stage2] epoch 30/50 step 12 | loss 8.4309 | train det 0.3014 seg 0.0792 cnt 3.2764 | shared_pairs det_seg 141/288 det_cnt 97/288 seg_cnt 50/288 | scores det_seg -0.0307 det_cnt 1.6054 seg_cnt 0.0604
[stage2] epoch 30/50 step 13 | loss 3.3927 | train det 0.0674 seg 0.0244 cnt 2.1862 | shared_pairs det_seg 137/288 det_cnt 96/288 seg_cnt 55/288 | scores det_seg -1.1969 det_cnt 1.4024 seg_cnt 0.9197
[stage2] epoch 30/50 step 14 | loss 2.2303 | train det 0.0148 seg 0.0648 cnt 1.4896 | shared_pairs det_seg 154/288 det_cnt 78/288 seg_cnt 56/288 | scores det_seg 1.9556 det_cnt -0.1248 seg_cnt 1.5463
[stage2] epoch 30/50 step 15 | loss 7.2805 | train det 0.0713 seg 0.1457 cnt 5.0454 | shared_pairs det_seg 150/288 det_cnt 85/288 seg_cnt 53/288 | scores det_seg -0.2886 det_cnt 0.7993 seg_cnt 0.1801
[stage2] epoch 30/50 step 16 | loss 2.7667 | train det 0.0449 seg 0.0540 cnt 1.6611 | shared_pairs det_seg 146/288 det_cnt 90/288 seg_cnt 52/288 | scores det_seg -0.1484 det_cnt 0.0370 seg_cnt 0.1040
[stage2] epoch 30/50 step 17 | loss 14.8789 | train det 0.5625 seg 0.0871 cnt 5.7447 | shared_pairs det_seg 157/288 det_cnt 81/288 seg_cnt 50/288 | scores det_seg 2.5863 det_cnt -1.5650 seg_cnt -1.7543
[stage2] epoch 30/50 step 18 | loss 8.6110 | train det 0.0847 seg 0.1758 cnt 5.9334 | shared_pairs det_seg 145/288 det_cnt 86/288 seg_cnt 57/288 | scores det_seg 1.2032 det_cnt 0.8848 seg_cnt 1.0505
[stage2] epoch 30/50 step 19 | loss 6.9724 | train det 0.2157 seg 0.1442 cnt 2.5834 | shared_pairs det_seg 145/288 det_cnt 100/288 seg_cnt 43/288 | scores det_seg -1.6364 det_cnt 2.1208 seg_cnt -1.4592
[stage2] epoch 30/50 step 20 | loss 3.2432 | train det 0.0387 seg 0.1126 cnt 1.7626 | shared_pairs det_seg 142/288 det_cnt 92/288 seg_cnt 54/288 | scores det_seg 0.8709 det_cnt 0.7454 seg_cnt 0.4644
[stage2] epoch 30/50 step 21 | loss 3.7945 | train det 0.0358 seg 0.0935 cnt 2.5100 | shared_pairs det_seg 145/288 det_cnt 85/288 seg_cnt 58/288 | scores det_seg -2.5275 det_cnt -2.8157 seg_cnt -1.4624
[stage2] epoch 30/50 step 22 | loss 4.9411 | train det 0.0826 seg 0.0779 cnt 3.0791 | shared_pairs det_seg 149/288 det_cnt 98/288 seg_cnt 41/288 | scores det_seg 1.6936 det_cnt 1.6404 seg_cnt -0.5963
[stage2] epoch 30/50 step 23 | loss 5.0660 | train det 0.0896 seg 0.0824 cnt 3.0635 | shared_pairs det_seg 144/288 det_cnt 101/288 seg_cnt 43/288 | scores det_seg 2.3398 det_cnt 1.9513 seg_cnt -0.2291
[stage2] epoch 30/50 step 24 | loss 4.5229 | train det 0.1113 seg 0.0694 cnt 2.2982 | shared_pairs det_seg 151/288 det_cnt 93/288 seg_cnt 44/288 | scores det_seg 0.6549 det_cnt -0.7729 seg_cnt -0.0916
[stage2] epoch 30/50 step 25 | loss 3.2516 | train det 0.0792 seg 0.1100 cnt 1.1830 | shared_pairs det_seg 157/288 det_cnt 84/288 seg_cnt 47/288 | scores det_seg -0.0109 det_cnt -0.2728 seg_cnt -1.1307
[stage2] epoch 30/50 step 26 | loss 6.0556 | train det 0.1191 seg 0.1784 cnt 2.8423 | shared_pairs det_seg 149/288 det_cnt 92/288 seg_cnt 47/288 | scores det_seg -2.4958 det_cnt -1.3591 seg_cnt -1.0400
[stage2] epoch 30/50 step 27 | loss 4.4185 | train det 0.0143 seg 0.1178 cnt 3.2612 | shared_pairs det_seg 161/288 det_cnt 81/288 seg_cnt 46/288 | scores det_seg -0.0347 det_cnt -0.8100 seg_cnt -0.0799
[stage2] epoch 30/50 step 28 | loss 5.3613 | train det 0.1909 seg 0.0334 cnt 2.2308 | shared_pairs det_seg 151/288 det_cnt 85/288 seg_cnt 52/288 | scores det_seg 0.3790 det_cnt 1.2019 seg_cnt 0.8491
[stage2] epoch 30/50 step 29 | loss 14.9156 | train det 0.7985 seg 0.0358 cnt 2.6519 | shared_pairs det_seg 165/288 det_cnt 79/288 seg_cnt 44/288 | scores det_seg 1.8956 det_cnt -0.7245 seg_cnt 0.8983
[stage2] epoch 30/50 step 30 | loss 8.8509 | train det 0.3596 seg 0.0968 cnt 2.6823 | shared_pairs det_seg 157/288 det_cnt 88/288 seg_cnt 43/288 | scores det_seg 0.2388 det_cnt 0.0642 seg_cnt 0.0820
[stage2] epoch 30/50 step 31 | loss 10.7003 | train det 0.5203 seg 0.0544 cnt 2.4605 | shared_pairs det_seg 142/288 det_cnt 88/288 seg_cnt 58/288 | scores det_seg -0.3122 det_cnt 1.7603 seg_cnt -0.1898
[stage2] epoch 30/50 step 32 | loss 7.9096 | train det 0.2521 seg 0.1065 cnt 3.2762 | shared_pairs det_seg 142/288 det_cnt 87/288 seg_cnt 59/288 | scores det_seg -0.4464 det_cnt -0.4314 seg_cnt 0.2246
[stage2] epoch 30/50 step 33 | loss 6.0363 | train det 0.1231 seg 0.0486 cnt 3.8001 | shared_pairs det_seg 167/288 det_cnt 82/288 seg_cnt 39/288 | scores det_seg 1.8611 det_cnt -0.6915 seg_cnt -0.9243
[stage2] epoch 30/50 step 34 | loss 6.4427 | train det 0.0483 seg 0.1382 cnt 4.6132 | shared_pairs det_seg 145/288 det_cnt 99/288 seg_cnt 44/288 | scores det_seg -1.2198 det_cnt 1.2524 seg_cnt -1.1920
[stage2] epoch 30/50 step 35 | loss 2.5997 | train det 0.0312 seg 0.0938 cnt 1.3805 | shared_pairs det_seg 154/288 det_cnt 93/288 seg_cnt 41/288 | scores det_seg -1.6511 det_cnt 0.3364 seg_cnt -0.5371
[stage2] epoch 30/50 step 36 | loss 4.9083 | train det 0.0966 seg 0.1037 cnt 2.6291 | shared_pairs det_seg 156/288 det_cnt 80/288 seg_cnt 52/288 | scores det_seg -0.7772 det_cnt -0.8613 seg_cnt 1.7189
[stage2] epoch 30/50 step 37 | loss 3.3642 | train det 0.0293 seg 0.0499 cnt 2.5258 | shared_pairs det_seg 145/288 det_cnt 85/288 seg_cnt 58/288 | scores det_seg 0.1493 det_cnt 1.5788 seg_cnt 0.5607
[stage2] epoch 30/50 step 38 | loss 4.1542 | train det 0.1160 seg 0.1414 cnt 1.2828 | shared_pairs det_seg 153/288 det_cnt 86/288 seg_cnt 49/288 | scores det_seg -0.3124 det_cnt -1.1661 seg_cnt 0.4255
[stage2] epoch 30/50 step 39 | loss 6.8299 | train det 0.0775 seg 0.1294 cnt 4.6321 | shared_pairs det_seg 156/288 det_cnt 88/288 seg_cnt 44/288 | scores det_seg 0.1768 det_cnt -0.2473 seg_cnt -1.2308
[stage2] epoch 30/50 step 40 | loss 4.2698 | train det 0.0620 seg 0.1648 cnt 2.0223 | shared_pairs det_seg 159/288 det_cnt 97/288 seg_cnt 32/288 | scores det_seg 0.9781 det_cnt -1.2953 seg_cnt -1.5211
[stage2] epoch 30/50 step 41 | loss 8.0041 | train det 0.2286 seg 0.0914 cnt 3.8447 | shared_pairs det_seg 149/288 det_cnt 91/288 seg_cnt 48/288 | scores det_seg 1.1823 det_cnt -0.1998 seg_cnt 0.1782
[stage2] epoch 30/50 step 42 | loss 7.7790 | train det 0.1567 seg 0.1003 cnt 4.6261 | shared_pairs det_seg 157/288 det_cnt 90/288 seg_cnt 41/288 | scores det_seg 0.5838 det_cnt -2.0076 seg_cnt -1.2131
[stage2] epoch 30/50 step 43 | loss 4.0510 | train det 0.0423 seg 0.0999 cnt 2.6173 | shared_pairs det_seg 157/288 det_cnt 80/288 seg_cnt 51/288 | scores det_seg 0.2130 det_cnt 1.7205 seg_cnt -0.1411
[stage2] epoch 30/50 | train 5.9008 | det 0.1553 seg 0.0918 cnt 2.8377 | selected_by_matrix_unit det_seg 6484 det_cnt 3817 seg_cnt 2083
[stage2] epoch 30 | val det 0.6429 seg 1.1090 miou 0.6145 cnt 3.8640 dens 8.702781e-01 mae 2.9937 total_mae 12.9120 | ap50 0.5109 | combo 1.459399
[stage2] epoch 31/50 step 1 | loss 5.6005 | train det 0.1393 seg 0.1324 cnt 2.4521 | shared_pairs det_seg 152/288 det_cnt 74/288 seg_cnt 62/288 | scores det_seg 0.0987 det_cnt -2.1060 seg_cnt 0.6928
[stage2] epoch 31/50 step 2 | loss 3.9299 | train det 0.0690 seg 0.0411 cnt 2.5663 | shared_pairs det_seg 143/288 det_cnt 83/288 seg_cnt 62/288 | scores det_seg -2.2072 det_cnt -0.3264 seg_cnt 1.5290
[stage2] epoch 31/50 step 3 | loss 4.5773 | train det 0.0418 seg 0.0607 cnt 3.4650 | shared_pairs det_seg 134/288 det_cnt 99/288 seg_cnt 55/288 | scores det_seg -2.2599 det_cnt 0.2508 seg_cnt 0.4887
[stage2] epoch 31/50 step 4 | loss 7.6676 | train det 0.4136 seg 0.0286 cnt 1.2348 | shared_pairs det_seg 162/288 det_cnt 78/288 seg_cnt 48/288 | scores det_seg -0.3640 det_cnt -1.5161 seg_cnt -0.7901
[stage2] epoch 31/50 step 5 | loss 3.3703 | train det 0.0508 seg 0.0421 cnt 2.2719 | shared_pairs det_seg 141/288 det_cnt 95/288 seg_cnt 52/288 | scores det_seg -0.0908 det_cnt 0.9649 seg_cnt 0.8102
[stage2] epoch 31/50 step 6 | loss 5.0289 | train det 0.1422 seg 0.0588 cnt 2.4261 | shared_pairs det_seg 137/288 det_cnt 94/288 seg_cnt 57/288 | scores det_seg -0.7688 det_cnt 2.1227 seg_cnt 0.6882
[stage2] epoch 31/50 step 7 | loss 4.3378 | train det 0.1128 seg 0.0721 cnt 2.0689 | shared_pairs det_seg 128/288 det_cnt 104/288 seg_cnt 56/288 | scores det_seg -0.8376 det_cnt 2.1133 seg_cnt 0.8250
[stage2] epoch 31/50 step 8 | loss 4.5639 | train det 0.1074 seg 0.0927 cnt 2.2114 | shared_pairs det_seg 153/288 det_cnt 90/288 seg_cnt 45/288 | scores det_seg 1.2271 det_cnt 0.3678 seg_cnt -0.4299
[stage2] epoch 31/50 step 9 | loss 3.3703 | train det 0.0472 seg 0.0837 cnt 1.9921 | shared_pairs det_seg 128/288 det_cnt 104/288 seg_cnt 56/288 | scores det_seg -1.1299 det_cnt 2.2581 seg_cnt 0.6564
[stage2] epoch 31/50 step 10 | loss 8.3204 | train det 0.3444 seg 0.0661 cnt 2.6251 | shared_pairs det_seg 145/288 det_cnt 94/288 seg_cnt 49/288 | scores det_seg -0.8391 det_cnt -0.6837 seg_cnt -0.8912
[stage2] epoch 31/50 step 11 | loss 4.7489 | train det 0.1584 seg 0.0522 cnt 1.9559 | shared_pairs det_seg 156/288 det_cnt 87/288 seg_cnt 45/288 | scores det_seg 0.0732 det_cnt 1.3526 seg_cnt -1.1210
[stage2] epoch 31/50 step 12 | loss 5.2550 | train det 0.1447 seg 0.0733 cnt 2.4984 | shared_pairs det_seg 149/288 det_cnt 95/288 seg_cnt 44/288 | scores det_seg -1.2477 det_cnt 0.7442 seg_cnt -1.3054
[stage2] epoch 31/50 step 13 | loss 4.3790 | train det 0.0304 seg 0.1254 cnt 2.9201 | shared_pairs det_seg 141/288 det_cnt 94/288 seg_cnt 53/288 | scores det_seg -0.5272 det_cnt 1.4164 seg_cnt 1.2655
[stage2] epoch 31/50 step 14 | loss 5.1493 | train det 0.1255 seg 0.1016 cnt 2.4544 | shared_pairs det_seg 154/288 det_cnt 91/288 seg_cnt 43/288 | scores det_seg -0.5636 det_cnt 0.1339 seg_cnt 0.1004
[stage2] epoch 31/50 step 15 | loss 5.2211 | train det 0.1387 seg 0.0897 cnt 2.4234 | shared_pairs det_seg 151/288 det_cnt 99/288 seg_cnt 38/288 | scores det_seg -0.0293 det_cnt 0.3278 seg_cnt -2.4238
[stage2] epoch 31/50 step 16 | loss 4.5724 | train det 0.0736 seg 0.0976 cnt 2.6873 | shared_pairs det_seg 163/288 det_cnt 77/288 seg_cnt 48/288 | scores det_seg 0.7776 det_cnt -2.1799 seg_cnt 0.4803
[stage2] epoch 31/50 step 17 | loss 3.2612 | train det 0.0338 seg 0.1110 cnt 1.8669 | shared_pairs det_seg 147/288 det_cnt 88/288 seg_cnt 53/288 | scores det_seg -1.3301 det_cnt -1.1751 seg_cnt 0.6667
[stage2] epoch 31/50 step 18 | loss 3.6170 | train det 0.0482 seg 0.0963 cnt 2.1233 | shared_pairs det_seg 154/288 det_cnt 92/288 seg_cnt 42/288 | scores det_seg 2.1160 det_cnt 1.4362 seg_cnt 0.2374
[stage2] epoch 31/50 step 19 | loss 8.3048 | train det 0.3000 seg 0.0738 cnt 3.2139 | shared_pairs det_seg 170/288 det_cnt 71/288 seg_cnt 47/288 | scores det_seg 0.0344 det_cnt -2.8008 seg_cnt -0.8642
[stage2] epoch 31/50 step 20 | loss 5.3604 | train det 0.0924 seg 0.0720 cnt 3.3974 | shared_pairs det_seg 136/288 det_cnt 92/288 seg_cnt 60/288 | scores det_seg -0.5965 det_cnt -0.5381 seg_cnt -0.1219
[stage2] epoch 31/50 step 21 | loss 2.7253 | train det 0.0478 seg 0.0780 cnt 1.3841 | shared_pairs det_seg 137/288 det_cnt 104/288 seg_cnt 47/288 | scores det_seg -0.0924 det_cnt 1.1429 seg_cnt -0.2519
[stage2] epoch 31/50 step 22 | loss 6.9812 | train det 0.0859 seg 0.0904 cnt 4.9690 | shared_pairs det_seg 158/288 det_cnt 93/288 seg_cnt 37/288 | scores det_seg -0.2277 det_cnt 2.3828 seg_cnt -0.4483
[stage2] epoch 31/50 step 23 | loss 9.4296 | train det 0.4067 seg 0.0934 cnt 2.5824 | shared_pairs det_seg 141/288 det_cnt 101/288 seg_cnt 46/288 | scores det_seg 0.4085 det_cnt 2.5615 seg_cnt -0.2431
[stage2] epoch 31/50 step 24 | loss 3.7559 | train det 0.0538 seg 0.1194 cnt 1.9935 | shared_pairs det_seg 143/288 det_cnt 98/288 seg_cnt 47/288 | scores det_seg 1.6389 det_cnt 1.0393 seg_cnt -0.5557
[stage2] epoch 31/50 step 25 | loss 2.9866 | train det 0.0204 seg 0.0632 cnt 2.1754 | shared_pairs det_seg 149/288 det_cnt 81/288 seg_cnt 58/288 | scores det_seg 0.2252 det_cnt 1.1954 seg_cnt 1.4334
[stage2] epoch 31/50 step 26 | loss 3.6388 | train det 0.0414 seg 0.0716 cnt 2.4456 | shared_pairs det_seg 146/288 det_cnt 85/288 seg_cnt 57/288 | scores det_seg -2.8894 det_cnt -1.9442 seg_cnt 1.1947
[stage2] epoch 31/50 step 27 | loss 4.2147 | train det 0.0169 seg 0.0737 cnt 3.3715 | shared_pairs det_seg 135/288 det_cnt 98/288 seg_cnt 55/288 | scores det_seg -1.1268 det_cnt -0.0307 seg_cnt -0.4659
[stage2] epoch 31/50 step 28 | loss 4.7536 | train det 0.2121 seg 0.0538 cnt 1.1409 | shared_pairs det_seg 151/288 det_cnt 95/288 seg_cnt 42/288 | scores det_seg 0.3716 det_cnt 1.0056 seg_cnt 0.0539
[stage2] epoch 31/50 step 29 | loss 4.1496 | train det 0.0974 seg 0.0866 cnt 1.9959 | shared_pairs det_seg 151/288 det_cnt 86/288 seg_cnt 51/288 | scores det_seg -0.9428 det_cnt -0.5227 seg_cnt 0.7528
[stage2] epoch 31/50 step 30 | loss 5.0322 | train det 0.0826 seg 0.0773 cnt 3.1742 | shared_pairs det_seg 166/288 det_cnt 75/288 seg_cnt 47/288 | scores det_seg 0.1466 det_cnt 0.1369 seg_cnt 1.4066
[stage2] epoch 31/50 step 31 | loss 4.2752 | train det 0.0768 seg 0.1086 cnt 2.2553 | shared_pairs det_seg 145/288 det_cnt 99/288 seg_cnt 44/288 | scores det_seg 0.1939 det_cnt 1.1079 seg_cnt -1.7832
[stage2] epoch 31/50 step 32 | loss 4.3476 | train det 0.1173 seg 0.0807 cnt 1.9427 | shared_pairs det_seg 154/288 det_cnt 71/288 seg_cnt 63/288 | scores det_seg -0.8806 det_cnt -2.7185 seg_cnt 1.7390
[stage2] epoch 31/50 step 33 | loss 4.8027 | train det 0.1347 seg 0.0550 cnt 2.3413 | shared_pairs det_seg 159/288 det_cnt 79/288 seg_cnt 50/288 | scores det_seg -0.8719 det_cnt 0.9351 seg_cnt 0.0037
[stage2] epoch 31/50 step 34 | loss 4.9405 | train det 0.1394 seg 0.0336 cnt 2.5804 | shared_pairs det_seg 155/288 det_cnt 93/288 seg_cnt 40/288 | scores det_seg 0.8085 det_cnt -1.7787 seg_cnt -0.2379
[stage2] epoch 31/50 step 35 | loss 3.2489 | train det 0.0296 seg 0.0362 cnt 2.5161 | shared_pairs det_seg 145/288 det_cnt 99/288 seg_cnt 44/288 | scores det_seg -0.8497 det_cnt -1.1929 seg_cnt -1.1888
[stage2] epoch 31/50 step 36 | loss 4.9463 | train det 0.1308 seg 0.0732 cnt 2.3988 | shared_pairs det_seg 163/288 det_cnt 74/288 seg_cnt 51/288 | scores det_seg 0.9099 det_cnt -0.3257 seg_cnt 1.0548
[stage2] epoch 31/50 step 37 | loss 5.8553 | train det 0.1437 seg 0.0588 cnt 3.2300 | shared_pairs det_seg 142/288 det_cnt 88/288 seg_cnt 58/288 | scores det_seg 1.1034 det_cnt -0.9347 seg_cnt 1.6521
[stage2] epoch 31/50 step 38 | loss 4.3496 | train det 0.0864 seg 0.0848 cnt 2.3761 | shared_pairs det_seg 159/288 det_cnt 87/288 seg_cnt 42/288 | scores det_seg 0.7437 det_cnt -1.0945 seg_cnt -0.9507
[stage2] epoch 31/50 step 39 | loss 3.9864 | train det 0.0353 seg 0.0995 cnt 2.6605 | shared_pairs det_seg 148/288 det_cnt 86/288 seg_cnt 54/288 | scores det_seg 1.3323 det_cnt -0.6810 seg_cnt 1.7385
[stage2] epoch 31/50 step 40 | loss 9.2096 | train det 0.4118 seg 0.1132 cnt 2.1275 | shared_pairs det_seg 151/288 det_cnt 96/288 seg_cnt 41/288 | scores det_seg 1.0347 det_cnt 2.0823 seg_cnt -2.0415
[stage2] epoch 31/50 step 41 | loss 2.8348 | train det 0.0535 seg 0.0583 cnt 1.5664 | shared_pairs det_seg 155/288 det_cnt 83/288 seg_cnt 50/288 | scores det_seg 0.4496 det_cnt 0.8193 seg_cnt 0.6760
[stage2] epoch 31/50 step 42 | loss 4.2966 | train det 0.1398 seg 0.0806 cnt 1.5545 | shared_pairs det_seg 155/288 det_cnt 83/288 seg_cnt 50/288 | scores det_seg 0.2498 det_cnt 1.9868 seg_cnt -0.1755
[stage2] epoch 31/50 step 43 | loss 5.6010 | train det 0.1356 seg 0.0480 cnt 3.1824 | shared_pairs det_seg 150/288 det_cnt 87/288 seg_cnt 51/288 | scores det_seg 1.1559 det_cnt 0.4266 seg_cnt -0.5435
[stage2] epoch 31/50 | train 4.9069 | det 0.1236 seg 0.0770 cnt 2.4377 | selected_by_matrix_unit det_seg 6402 det_cnt 3842 seg_cnt 2140
[stage2] epoch 31 | val det 0.6763 seg 1.0919 miou 0.6135 cnt 4.2381 dens 8.684063e-01 mae 3.3697 total_mae 15.8143 | ap50 0.5063 | combo 1.416586
[stage2] epoch 32/50 step 1 | loss 5.1567 | train det 0.0395 seg 0.0776 cnt 3.9438 | shared_pairs det_seg 149/288 det_cnt 90/288 seg_cnt 49/288 | scores det_seg 1.7630 det_cnt 2.3585 seg_cnt 0.5484
[stage2] epoch 32/50 step 2 | loss 7.2384 | train det 0.0318 seg 0.0875 cnt 6.0610 | shared_pairs det_seg 150/288 det_cnt 97/288 seg_cnt 41/288 | scores det_seg 0.7037 det_cnt 1.2182 seg_cnt -0.1425
[stage2] epoch 32/50 step 3 | loss 2.8719 | train det 0.0440 seg 0.1332 cnt 1.1460 | shared_pairs det_seg 161/288 det_cnt 80/288 seg_cnt 47/288 | scores det_seg -0.4410 det_cnt -1.2441 seg_cnt -0.3653
[stage2] epoch 32/50 step 4 | loss 4.1572 | train det 0.0920 seg 0.0983 cnt 1.9906 | shared_pairs det_seg 141/288 det_cnt 103/288 seg_cnt 44/288 | scores det_seg -1.7723 det_cnt 1.9139 seg_cnt -1.4811
[stage2] epoch 32/50 step 5 | loss 9.4159 | train det 0.1568 seg 0.0623 cnt 6.5651 | shared_pairs det_seg 150/288 det_cnt 85/288 seg_cnt 53/288 | scores det_seg -1.7628 det_cnt -0.7058 seg_cnt -1.2730
[stage2] epoch 32/50 step 6 | loss 4.8757 | train det 0.0717 seg 0.0663 cnt 3.2705 | shared_pairs det_seg 147/288 det_cnt 96/288 seg_cnt 45/288 | scores det_seg 0.7198 det_cnt 1.6036 seg_cnt -0.5344
[stage2] epoch 32/50 step 7 | loss 8.1664 | train det 0.1094 seg 0.0962 cnt 5.7563 | shared_pairs det_seg 147/288 det_cnt 94/288 seg_cnt 47/288 | scores det_seg 1.0119 det_cnt -0.8891 seg_cnt -1.4772
[stage2] epoch 32/50 step 8 | loss 7.1675 | train det 0.2485 seg 0.1618 cnt 2.1463 | shared_pairs det_seg 146/288 det_cnt 99/288 seg_cnt 43/288 | scores det_seg -0.1253 det_cnt 0.8106 seg_cnt -1.4789
[stage2] epoch 32/50 step 9 | loss 5.6839 | train det 0.1286 seg 0.0670 cnt 3.2188 | shared_pairs det_seg 157/288 det_cnt 85/288 seg_cnt 46/288 | scores det_seg -0.5888 det_cnt -0.1785 seg_cnt -1.5197
[stage2] epoch 32/50 step 10 | loss 3.5612 | train det 0.0630 seg 0.0938 cnt 1.8664 | shared_pairs det_seg 148/288 det_cnt 84/288 seg_cnt 56/288 | scores det_seg -0.5873 det_cnt 0.3098 seg_cnt 0.8154
[stage2] epoch 32/50 step 11 | loss 4.8800 | train det 0.0938 seg 0.1562 cnt 2.2231 | shared_pairs det_seg 149/288 det_cnt 87/288 seg_cnt 52/288 | scores det_seg 0.9567 det_cnt 1.6259 seg_cnt 1.2612
[stage2] epoch 32/50 step 12 | loss 5.9545 | train det 0.0821 seg 0.0846 cnt 4.0454 | shared_pairs det_seg 139/288 det_cnt 108/288 seg_cnt 41/288 | scores det_seg -0.1648 det_cnt 1.6434 seg_cnt 0.1382
[stage2] epoch 32/50 step 13 | loss 5.2895 | train det 0.0959 seg 0.0878 cnt 3.1480 | shared_pairs det_seg 162/288 det_cnt 79/288 seg_cnt 47/288 | scores det_seg 2.0956 det_cnt 0.6280 seg_cnt 0.2717
[stage2] epoch 32/50 step 14 | loss 5.7017 | train det 0.0514 seg 0.0595 cnt 4.4538 | shared_pairs det_seg 146/288 det_cnt 97/288 seg_cnt 45/288 | scores det_seg -0.9948 det_cnt 0.3577 seg_cnt -0.1143
[stage2] epoch 32/50 step 15 | loss 7.2060 | train det 0.3020 seg 0.0888 cnt 1.9661 | shared_pairs det_seg 143/288 det_cnt 89/288 seg_cnt 56/288 | scores det_seg -1.7410 det_cnt -1.5050 seg_cnt -1.4071
[stage2] epoch 32/50 step 16 | loss 4.5425 | train det 0.1281 seg 0.0625 cnt 2.1201 | shared_pairs det_seg 154/288 det_cnt 89/288 seg_cnt 45/288 | scores det_seg -0.2964 det_cnt 1.9779 seg_cnt -1.0187
[stage2] epoch 32/50 step 17 | loss 7.9513 | train det 0.2617 seg 0.0480 cnt 3.6418 | shared_pairs det_seg 151/288 det_cnt 81/288 seg_cnt 56/288 | scores det_seg 0.0853 det_cnt -0.2231 seg_cnt 0.2949
[stage2] epoch 32/50 step 18 | loss 9.2086 | train det 0.0682 seg 0.0947 cnt 7.4278 | shared_pairs det_seg 141/288 det_cnt 88/288 seg_cnt 59/288 | scores det_seg -0.7531 det_cnt 1.9764 seg_cnt 0.2696
[stage2] epoch 32/50 step 19 | loss 4.6137 | train det 0.0462 seg 0.0579 cnt 3.4581 | shared_pairs det_seg 157/288 det_cnt 85/288 seg_cnt 46/288 | scores det_seg 1.8057 det_cnt 0.0414 seg_cnt -0.1255
[stage2] epoch 32/50 step 20 | loss 3.4001 | train det 0.0769 seg 0.0825 cnt 1.5861 | shared_pairs det_seg 151/288 det_cnt 81/288 seg_cnt 56/288 | scores det_seg 0.1288 det_cnt -2.8317 seg_cnt 1.0670
[stage2] epoch 32/50 step 21 | loss 4.8649 | train det 0.0676 seg 0.0443 cnt 3.4969 | shared_pairs det_seg 171/288 det_cnt 70/288 seg_cnt 47/288 | scores det_seg 1.2321 det_cnt -1.6860 seg_cnt -0.4829
[stage2] epoch 32/50 step 22 | loss 4.7317 | train det 0.0660 seg 0.0846 cnt 3.0656 | shared_pairs det_seg 152/288 det_cnt 88/288 seg_cnt 48/288 | scores det_seg -0.3310 det_cnt 1.4619 seg_cnt 1.0827
[stage2] epoch 32/50 step 23 | loss 4.9593 | train det 0.0677 seg 0.0406 cnt 3.6194 | shared_pairs det_seg 159/288 det_cnt 83/288 seg_cnt 46/288 | scores det_seg 0.0836 det_cnt 0.3058 seg_cnt 0.2617
[stage2] epoch 32/50 step 24 | loss 6.0836 | train det 0.2242 seg 0.0280 cnt 2.4964 | shared_pairs det_seg 157/288 det_cnt 84/288 seg_cnt 47/288 | scores det_seg 1.3725 det_cnt -0.2938 seg_cnt -0.2938
[stage2] epoch 32/50 step 25 | loss 5.3784 | train det 0.0456 seg 0.0932 cnt 3.9490 | shared_pairs det_seg 164/288 det_cnt 80/288 seg_cnt 44/288 | scores det_seg 2.0467 det_cnt -3.1512 seg_cnt -0.6443
[stage2] epoch 32/50 step 26 | loss 7.4458 | train det 0.0574 seg 0.0774 cnt 5.9660 | shared_pairs det_seg 131/288 det_cnt 100/288 seg_cnt 57/288 | scores det_seg -1.6227 det_cnt -0.0078 seg_cnt 0.9544
[stage2] epoch 32/50 step 27 | loss 2.1815 | train det 0.0436 seg 0.0337 cnt 1.2584 | shared_pairs det_seg 154/288 det_cnt 84/288 seg_cnt 50/288 | scores det_seg 2.9833 det_cnt 0.9293 seg_cnt 1.2009
[stage2] epoch 32/50 step 28 | loss 3.6060 | train det 0.0740 seg 0.0951 cnt 1.7349 | shared_pairs det_seg 150/288 det_cnt 96/288 seg_cnt 42/288 | scores det_seg -0.2113 det_cnt -0.6688 seg_cnt 0.4720
[stage2] epoch 32/50 step 29 | loss 7.4065 | train det 0.0912 seg 0.0571 cnt 5.5818 | shared_pairs det_seg 160/288 det_cnt 75/288 seg_cnt 53/288 | scores det_seg 0.3344 det_cnt -1.2145 seg_cnt 0.6628
[stage2] epoch 32/50 step 30 | loss 6.4938 | train det 0.1848 seg 0.0602 cnt 3.2408 | shared_pairs det_seg 163/288 det_cnt 70/288 seg_cnt 55/288 | scores det_seg 1.5081 det_cnt -1.7259 seg_cnt 1.0274
[stage2] epoch 32/50 step 31 | loss 6.1080 | train det 0.0602 seg 0.0935 cnt 4.4565 | shared_pairs det_seg 150/288 det_cnt 90/288 seg_cnt 48/288 | scores det_seg 2.2699 det_cnt 0.4910 seg_cnt 0.7721
[stage2] epoch 32/50 step 32 | loss 2.5585 | train det 0.0153 seg 0.0730 cnt 1.7443 | shared_pairs det_seg 138/288 det_cnt 96/288 seg_cnt 54/288 | scores det_seg -1.3934 det_cnt -0.4235 seg_cnt -0.9373
[stage2] epoch 32/50 step 33 | loss 5.0068 | train det 0.0673 seg 0.0659 cnt 3.4693 | shared_pairs det_seg 147/288 det_cnt 100/288 seg_cnt 41/288 | scores det_seg 0.0094 det_cnt 2.3812 seg_cnt 0.6887
[stage2] epoch 32/50 step 34 | loss 3.0955 | train det 0.0909 seg 0.0679 cnt 1.1880 | shared_pairs det_seg 146/288 det_cnt 96/288 seg_cnt 46/288 | scores det_seg -0.6065 det_cnt -0.5079 seg_cnt -1.5355
[stage2] epoch 32/50 step 35 | loss 3.0285 | train det 0.0346 seg 0.0823 cnt 1.8512 | shared_pairs det_seg 151/288 det_cnt 90/288 seg_cnt 47/288 | scores det_seg -0.0092 det_cnt 0.2319 seg_cnt 1.6114
[stage2] epoch 32/50 step 36 | loss 4.2898 | train det 0.0607 seg 0.0259 cnt 3.1727 | shared_pairs det_seg 161/288 det_cnt 76/288 seg_cnt 51/288 | scores det_seg 0.9480 det_cnt -2.3846 seg_cnt -0.8038
[stage2] epoch 32/50 step 37 | loss 3.6807 | train det 0.0331 seg 0.0513 cnt 2.7734 | shared_pairs det_seg 160/288 det_cnt 83/288 seg_cnt 45/288 | scores det_seg -0.5925 det_cnt -1.2579 seg_cnt -1.2907
[stage2] epoch 32/50 step 38 | loss 4.3803 | train det 0.0487 seg 0.1249 cnt 2.6500 | shared_pairs det_seg 155/288 det_cnt 93/288 seg_cnt 40/288 | scores det_seg -0.4368 det_cnt 0.2745 seg_cnt -1.2312
[stage2] epoch 32/50 step 39 | loss 2.9210 | train det 0.0547 seg 0.0599 cnt 1.6213 | shared_pairs det_seg 154/288 det_cnt 92/288 seg_cnt 42/288 | scores det_seg -1.3071 det_cnt -0.9809 seg_cnt 0.3911
[stage2] epoch 32/50 step 40 | loss 4.6740 | train det 0.1052 seg 0.1095 cnt 2.2197 | shared_pairs det_seg 159/288 det_cnt 78/288 seg_cnt 51/288 | scores det_seg 0.4500 det_cnt -1.0835 seg_cnt -0.6818
[stage2] epoch 32/50 step 41 | loss 5.9539 | train det 0.1511 seg 0.0339 cnt 3.4164 | shared_pairs det_seg 151/288 det_cnt 93/288 seg_cnt 44/288 | scores det_seg -1.0738 det_cnt -0.7990 seg_cnt -1.9819
[stage2] epoch 32/50 step 42 | loss 7.7184 | train det 0.0527 seg 0.0981 cnt 6.1426 | shared_pairs det_seg 145/288 det_cnt 94/288 seg_cnt 49/288 | scores det_seg -0.1111 det_cnt -1.0381 seg_cnt 0.3645
[stage2] epoch 32/50 step 43 | loss 4.5203 | train det 0.1166 seg 0.0608 cnt 2.2858 | shared_pairs det_seg 140/288 det_cnt 100/288 seg_cnt 48/288 | scores det_seg -0.1318 det_cnt -0.9406 seg_cnt -0.8195
[stage2] epoch 32/50 | train 5.3053 | det 0.0931 seg 0.0774 cnt 3.2892 | selected_by_matrix_unit det_seg 6507 det_cnt 3808 seg_cnt 2069
[stage2] epoch 32 | val det 0.6456 seg 1.0860 miou 0.6148 cnt 4.2204 dens 8.624683e-01 mae 3.3579 total_mae 15.3365 | ap50 0.5061 | combo 1.418703
[stage2] epoch 33/50 step 1 | loss 4.6414 | train det 0.0613 seg 0.0969 cnt 2.9476 | shared_pairs det_seg 152/288 det_cnt 83/288 seg_cnt 53/288 | scores det_seg 0.8774 det_cnt 0.4545 seg_cnt 0.4602
[stage2] epoch 33/50 step 2 | loss 5.8481 | train det 0.0729 seg 0.1046 cnt 3.9176 | shared_pairs det_seg 148/288 det_cnt 81/288 seg_cnt 59/288 | scores det_seg -0.0362 det_cnt -1.7110 seg_cnt 1.2705
[stage2] epoch 33/50 step 3 | loss 4.8430 | train det 0.1692 seg 0.0637 cnt 1.7957 | shared_pairs det_seg 143/288 det_cnt 100/288 seg_cnt 45/288 | scores det_seg -1.8883 det_cnt 1.0878 seg_cnt 0.2706
[stage2] epoch 33/50 step 4 | loss 2.6333 | train det 0.0755 seg 0.0869 cnt 0.8050 | shared_pairs det_seg 140/288 det_cnt 88/288 seg_cnt 60/288 | scores det_seg 0.4605 det_cnt 0.2826 seg_cnt 1.1811
[stage2] epoch 33/50 step 5 | loss 3.0010 | train det 0.0464 seg 0.0661 cnt 1.7763 | shared_pairs det_seg 154/288 det_cnt 86/288 seg_cnt 48/288 | scores det_seg -0.3793 det_cnt -0.9283 seg_cnt -0.8315
[stage2] epoch 33/50 step 6 | loss 3.7429 | train det 0.0241 seg 0.0980 cnt 2.5973 | shared_pairs det_seg 160/288 det_cnt 79/288 seg_cnt 49/288 | scores det_seg 1.0893 det_cnt 0.8116 seg_cnt 0.2773
[stage2] epoch 33/50 step 7 | loss 3.4383 | train det 0.0731 seg 0.0727 cnt 1.7604 | shared_pairs det_seg 146/288 det_cnt 94/288 seg_cnt 48/288 | scores det_seg -1.3146 det_cnt 0.8097 seg_cnt -0.3440
[stage2] epoch 33/50 step 8 | loss 4.4834 | train det 0.1092 seg 0.1094 cnt 1.9703 | shared_pairs det_seg 143/288 det_cnt 91/288 seg_cnt 54/288 | scores det_seg -1.3379 det_cnt -0.2423 seg_cnt 0.8100
[stage2] epoch 33/50 step 9 | loss 4.9370 | train det 0.1232 seg 0.0743 cnt 2.4953 | shared_pairs det_seg 155/288 det_cnt 95/288 seg_cnt 38/288 | scores det_seg 0.1730 det_cnt 0.8806 seg_cnt -2.2906
[stage2] epoch 33/50 step 10 | loss 8.5793 | train det 0.0625 seg 0.0994 cnt 6.8464 | shared_pairs det_seg 151/288 det_cnt 88/288 seg_cnt 49/288 | scores det_seg 1.7397 det_cnt -0.8699 seg_cnt 0.2572
[stage2] epoch 33/50 step 11 | loss 4.9127 | train det 0.0536 seg 0.0710 cnt 3.5405 | shared_pairs det_seg 151/288 det_cnt 93/288 seg_cnt 44/288 | scores det_seg 1.0089 det_cnt 0.3234 seg_cnt -0.4727
[stage2] epoch 33/50 step 12 | loss 4.5275 | train det 0.0999 seg 0.0954 cnt 2.2650 | shared_pairs det_seg 142/288 det_cnt 90/288 seg_cnt 56/288 | scores det_seg -0.3000 det_cnt -1.3041 seg_cnt 0.8424
[stage2] epoch 33/50 step 13 | loss 3.3380 | train det 0.0809 seg 0.0641 cnt 1.6120 | shared_pairs det_seg 140/288 det_cnt 99/288 seg_cnt 49/288 | scores det_seg 0.3908 det_cnt -1.5037 seg_cnt 0.8641
[stage2] epoch 33/50 step 14 | loss 3.7125 | train det 0.0323 seg 0.0663 cnt 2.6980 | shared_pairs det_seg 142/288 det_cnt 91/288 seg_cnt 55/288 | scores det_seg -0.7187 det_cnt 1.1753 seg_cnt -0.4035
[stage2] epoch 33/50 step 15 | loss 2.8622 | train det 0.0330 seg 0.0922 cnt 1.6289 | shared_pairs det_seg 149/288 det_cnt 85/288 seg_cnt 54/288 | scores det_seg -0.0796 det_cnt -0.3382 seg_cnt 0.9372
[stage2] epoch 33/50 step 16 | loss 5.3274 | train det 0.0786 seg 0.1101 cnt 3.2676 | shared_pairs det_seg 160/288 det_cnt 83/288 seg_cnt 45/288 | scores det_seg -0.0655 det_cnt -0.4134 seg_cnt -1.4428
[stage2] epoch 33/50 step 17 | loss 2.6529 | train det 0.0596 seg 0.0316 cnt 1.5062 | shared_pairs det_seg 161/288 det_cnt 85/288 seg_cnt 42/288 | scores det_seg 0.9236 det_cnt -0.7373 seg_cnt -0.5004
[stage2] epoch 33/50 step 18 | loss 5.7794 | train det 0.1277 seg 0.1057 cnt 3.0187 | shared_pairs det_seg 136/288 det_cnt 104/288 seg_cnt 48/288 | scores det_seg 0.1738 det_cnt 2.2430 seg_cnt -0.2665
[stage2] epoch 33/50 step 19 | loss 4.2927 | train det 0.0302 seg 0.0746 cnt 3.2433 | shared_pairs det_seg 160/288 det_cnt 74/288 seg_cnt 54/288 | scores det_seg -0.3439 det_cnt -2.4705 seg_cnt 0.4084
[stage2] epoch 33/50 step 20 | loss 3.2599 | train det 0.0801 seg 0.1006 cnt 1.2539 | shared_pairs det_seg 158/288 det_cnt 82/288 seg_cnt 48/288 | scores det_seg -0.3402 det_cnt -2.3234 seg_cnt -0.2057
[stage2] epoch 33/50 step 21 | loss 25.8726 | train det 0.0963 seg 0.1389 cnt 23.3175 | shared_pairs det_seg 156/288 det_cnt 71/288 seg_cnt 61/288 | scores det_seg 0.1722 det_cnt -0.5531 seg_cnt 0.1285
[stage2] epoch 33/50 step 22 | loss 4.9313 | train det 0.1213 seg 0.0284 cnt 2.8854 | shared_pairs det_seg 153/288 det_cnt 92/288 seg_cnt 43/288 | scores det_seg 0.2594 det_cnt 2.0669 seg_cnt -0.3218
[stage2] epoch 33/50 step 23 | loss 8.1131 | train det 0.1000 seg 0.0792 cnt 5.9798 | shared_pairs det_seg 137/288 det_cnt 99/288 seg_cnt 52/288 | scores det_seg 0.5554 det_cnt 0.3791 seg_cnt -0.3138
[stage2] epoch 33/50 step 24 | loss 5.2887 | train det 0.1571 seg 0.1278 cnt 1.9098 | shared_pairs det_seg 145/288 det_cnt 96/288 seg_cnt 47/288 | scores det_seg 0.1052 det_cnt 0.7283 seg_cnt -0.9691
[stage2] epoch 33/50 step 25 | loss 6.3760 | train det 0.1064 seg 0.0563 cnt 4.3291 | shared_pairs det_seg 159/288 det_cnt 87/288 seg_cnt 42/288 | scores det_seg -0.6839 det_cnt 0.9718 seg_cnt -1.6907
[stage2] epoch 33/50 step 26 | loss 9.0525 | train det 0.1002 seg 0.0914 cnt 6.8185 | shared_pairs det_seg 157/288 det_cnt 83/288 seg_cnt 48/288 | scores det_seg 1.6829 det_cnt -2.1336 seg_cnt -1.3247
[stage2] epoch 33/50 step 27 | loss 3.5882 | train det 0.0509 seg 0.1176 cnt 1.8836 | shared_pairs det_seg 161/288 det_cnt 85/288 seg_cnt 42/288 | scores det_seg 2.0141 det_cnt 1.5635 seg_cnt -0.3464
[stage2] epoch 33/50 step 28 | loss 5.1997 | train det 0.2320 seg 0.0962 cnt 0.9507 | shared_pairs det_seg 161/288 det_cnt 82/288 seg_cnt 45/288 | scores det_seg 0.5899 det_cnt 1.2034 seg_cnt -0.5106
[stage2] epoch 33/50 step 29 | loss 3.9270 | train det 0.0643 seg 0.0672 cnt 2.4247 | shared_pairs det_seg 154/288 det_cnt 86/288 seg_cnt 48/288 | scores det_seg 0.9291 det_cnt -0.2400 seg_cnt -0.7045
[stage2] epoch 33/50 step 30 | loss 5.6856 | train det 0.1432 seg 0.0819 cnt 2.8823 | shared_pairs det_seg 150/288 det_cnt 91/288 seg_cnt 47/288 | scores det_seg -1.2869 det_cnt 1.2554 seg_cnt -1.1556
[stage2] epoch 33/50 step 31 | loss 6.6738 | train det 0.2354 seg 0.0685 cnt 2.5951 | shared_pairs det_seg 138/288 det_cnt 90/288 seg_cnt 60/288 | scores det_seg -1.1266 det_cnt -0.2838 seg_cnt 1.2788
[stage2] epoch 33/50 step 32 | loss 4.0886 | train det 0.0547 seg 0.0669 cnt 2.7333 | shared_pairs det_seg 142/288 det_cnt 92/288 seg_cnt 54/288 | scores det_seg -1.3130 det_cnt -0.8283 seg_cnt 0.1397
[stage2] epoch 33/50 step 33 | loss 9.7829 | train det 0.3888 seg 0.0745 cnt 3.3541 | shared_pairs det_seg 148/288 det_cnt 93/288 seg_cnt 47/288 | scores det_seg 0.4709 det_cnt 2.1280 seg_cnt -0.6868
[stage2] epoch 33/50 step 34 | loss 14.5945 | train det 0.4602 seg 0.1009 cnt 6.8847 | shared_pairs det_seg 173/288 det_cnt 78/288 seg_cnt 37/288 | scores det_seg 2.6415 det_cnt 0.1768 seg_cnt -1.9741
[stage2] epoch 33/50 step 35 | loss 3.9250 | train det 0.0287 seg 0.0440 cnt 3.1428 | shared_pairs det_seg 149/288 det_cnt 95/288 seg_cnt 44/288 | scores det_seg -0.3908 det_cnt 2.1745 seg_cnt -1.5390
[stage2] epoch 33/50 step 36 | loss 3.4598 | train det 0.0310 seg 0.1183 cnt 2.0482 | shared_pairs det_seg 144/288 det_cnt 92/288 seg_cnt 52/288 | scores det_seg -2.1377 det_cnt 1.7102 seg_cnt 0.8458
[stage2] epoch 33/50 step 37 | loss 3.7114 | train det 0.0570 seg 0.0851 cnt 2.1747 | shared_pairs det_seg 160/288 det_cnt 85/288 seg_cnt 43/288 | scores det_seg 1.3262 det_cnt -0.5158 seg_cnt 0.6911
[stage2] epoch 33/50 step 38 | loss 3.7029 | train det 0.0673 seg 0.0666 cnt 2.1612 | shared_pairs det_seg 140/288 det_cnt 96/288 seg_cnt 52/288 | scores det_seg -0.2628 det_cnt 1.2647 seg_cnt -0.8367
[stage2] epoch 33/50 step 39 | loss 4.5073 | train det 0.1710 seg 0.0345 cnt 1.6666 | shared_pairs det_seg 154/288 det_cnt 95/288 seg_cnt 39/288 | scores det_seg 1.6685 det_cnt 2.1041 seg_cnt -1.0549
[stage2] epoch 33/50 step 40 | loss 5.1549 | train det 0.0663 seg 0.0522 cnt 3.7426 | shared_pairs det_seg 134/288 det_cnt 107/288 seg_cnt 47/288 | scores det_seg -0.0323 det_cnt 3.0548 seg_cnt 0.6842
[stage2] epoch 33/50 step 41 | loss 2.8336 | train det 0.0425 seg 0.0966 cnt 1.4237 | shared_pairs det_seg 149/288 det_cnt 89/288 seg_cnt 50/288 | scores det_seg 0.2274 det_cnt 1.7309 seg_cnt 0.7884
[stage2] epoch 33/50 step 42 | loss 3.4982 | train det 0.0204 seg 0.0711 cnt 2.6232 | shared_pairs det_seg 138/288 det_cnt 97/288 seg_cnt 53/288 | scores det_seg -0.3636 det_cnt 0.9004 seg_cnt 1.2171
[stage2] epoch 33/50 step 43 | loss 4.2939 | train det 0.0513 seg 0.1015 cnt 2.7130 | shared_pairs det_seg 139/288 det_cnt 97/288 seg_cnt 52/288 | scores det_seg -0.5843 det_cnt -0.8440 seg_cnt 0.3418
[stage2] epoch 33/50 | train 5.4668 | det 0.1009 seg 0.0825 cnt 3.2928 | selected_by_matrix_unit det_seg 6432 det_cnt 3849 seg_cnt 2103
[stage2] epoch 33 | val det 0.6815 seg 1.0980 miou 0.6138 cnt 3.7938 dens 8.694756e-01 mae 2.9243 total_mae 15.1827 | ap50 0.5062 | combo 1.461970
[stage2] epoch 34/50 step 1 | loss 4.2315 | train det 0.0808 seg 0.0575 cnt 2.5594 | shared_pairs det_seg 136/288 det_cnt 87/288 seg_cnt 65/288 | scores det_seg -1.6526 det_cnt 0.1656 seg_cnt 1.0557
[stage2] epoch 34/50 step 2 | loss 3.8841 | train det 0.1303 seg 0.0926 cnt 1.1883 | shared_pairs det_seg 155/288 det_cnt 84/288 seg_cnt 49/288 | scores det_seg 0.8723 det_cnt -0.8703 seg_cnt -0.6998
[stage2] epoch 34/50 step 3 | loss 2.4792 | train det 0.0439 seg 0.0619 cnt 1.3250 | shared_pairs det_seg 137/288 det_cnt 102/288 seg_cnt 49/288 | scores det_seg -0.0019 det_cnt 0.0814 seg_cnt -0.4203
[stage2] epoch 34/50 step 4 | loss 7.4751 | train det 0.1503 seg 0.0674 cnt 4.6813 | shared_pairs det_seg 147/288 det_cnt 101/288 seg_cnt 40/288 | scores det_seg -1.6334 det_cnt 2.2252 seg_cnt -1.9389
[stage2] epoch 34/50 step 5 | loss 8.3218 | train det 0.3891 seg 0.0733 cnt 1.8990 | shared_pairs det_seg 148/288 det_cnt 93/288 seg_cnt 47/288 | scores det_seg 0.9171 det_cnt -0.1341 seg_cnt 0.1454
[stage2] epoch 34/50 step 6 | loss 4.0531 | train det 0.0669 seg 0.0365 cnt 2.7582 | shared_pairs det_seg 125/288 det_cnt 107/288 seg_cnt 56/288 | scores det_seg -0.1223 det_cnt 2.6182 seg_cnt -0.0514
[stage2] epoch 34/50 step 7 | loss 3.1577 | train det 0.0202 seg 0.0437 cnt 2.5055 | shared_pairs det_seg 148/288 det_cnt 97/288 seg_cnt 43/288 | scores det_seg 0.4605 det_cnt 1.0065 seg_cnt 0.1173
[stage2] epoch 34/50 step 8 | loss 5.7011 | train det 0.1933 seg 0.0924 cnt 2.0615 | shared_pairs det_seg 133/288 det_cnt 101/288 seg_cnt 54/288 | scores det_seg -1.6002 det_cnt -0.4724 seg_cnt 0.0465
[stage2] epoch 34/50 step 9 | loss 4.6777 | train det 0.1237 seg 0.0864 cnt 2.1308 | shared_pairs det_seg 153/288 det_cnt 88/288 seg_cnt 47/288 | scores det_seg 2.3068 det_cnt -0.1401 seg_cnt 0.0479
[stage2] epoch 34/50 step 10 | loss 10.9251 | train det 0.1118 seg 0.0817 cnt 8.5945 | shared_pairs det_seg 148/288 det_cnt 92/288 seg_cnt 48/288 | scores det_seg -0.6661 det_cnt -2.1443 seg_cnt -1.1212
[stage2] epoch 34/50 step 11 | loss 3.4088 | train det 0.0703 seg 0.0444 cnt 1.9988 | shared_pairs det_seg 144/288 det_cnt 103/288 seg_cnt 41/288 | scores det_seg 1.1407 det_cnt 3.6250 seg_cnt -0.3939
[stage2] epoch 34/50 step 12 | loss 5.3161 | train det 0.0728 seg 0.1277 cnt 3.2023 | shared_pairs det_seg 156/288 det_cnt 78/288 seg_cnt 54/288 | scores det_seg -0.5671 det_cnt -1.8429 seg_cnt 0.2669
[stage2] epoch 34/50 step 13 | loss 3.3195 | train det 0.0586 seg 0.0582 cnt 1.9741 | shared_pairs det_seg 138/288 det_cnt 100/288 seg_cnt 50/288 | scores det_seg 0.1930 det_cnt 1.5065 seg_cnt -0.1309
[stage2] epoch 34/50 step 14 | loss 2.4536 | train det 0.0484 seg 0.0535 cnt 1.3001 | shared_pairs det_seg 149/288 det_cnt 86/288 seg_cnt 53/288 | scores det_seg -0.4125 det_cnt 0.5348 seg_cnt 0.7639
[stage2] epoch 34/50 step 15 | loss 7.9979 | train det 0.0614 seg 0.0820 cnt 6.4210 | shared_pairs det_seg 136/288 det_cnt 91/288 seg_cnt 61/288 | scores det_seg -1.1864 det_cnt 2.1952 seg_cnt 0.0886
[stage2] epoch 34/50 step 16 | loss 3.3546 | train det 0.0526 seg 0.0507 cnt 2.1595 | shared_pairs det_seg 145/288 det_cnt 101/288 seg_cnt 42/288 | scores det_seg -1.0175 det_cnt 0.9469 seg_cnt -0.8817
[stage2] epoch 34/50 step 17 | loss 3.1285 | train det 0.0900 seg 0.0477 cnt 1.3974 | shared_pairs det_seg 143/288 det_cnt 92/288 seg_cnt 53/288 | scores det_seg 0.7444 det_cnt -0.0731 seg_cnt 1.7279
[stage2] epoch 34/50 step 18 | loss 3.2879 | train det 0.1233 seg 0.0566 cnt 0.9862 | shared_pairs det_seg 136/288 det_cnt 101/288 seg_cnt 51/288 | scores det_seg -0.5360 det_cnt 0.0254 seg_cnt -1.3420
[stage2] epoch 34/50 step 19 | loss 1.9933 | train det 0.0479 seg 0.0439 cnt 0.9233 | shared_pairs det_seg 147/288 det_cnt 87/288 seg_cnt 54/288 | scores det_seg 1.1622 det_cnt -2.0570 seg_cnt -0.6617
[stage2] epoch 34/50 step 20 | loss 7.1860 | train det 0.1515 seg 0.0634 cnt 4.4057 | shared_pairs det_seg 148/288 det_cnt 96/288 seg_cnt 44/288 | scores det_seg 0.9807 det_cnt 0.5745 seg_cnt -0.3038
[stage2] epoch 34/50 step 21 | loss 4.6153 | train det 0.0508 seg 0.0821 cnt 3.1961 | shared_pairs det_seg 156/288 det_cnt 95/288 seg_cnt 37/288 | scores det_seg 1.8684 det_cnt 3.2875 seg_cnt -0.8354
[stage2] epoch 34/50 step 22 | loss 3.1772 | train det 0.0371 seg 0.0965 cnt 1.8481 | shared_pairs det_seg 142/288 det_cnt 95/288 seg_cnt 51/288 | scores det_seg -1.0268 det_cnt -0.2239 seg_cnt 0.8146
[stage2] epoch 34/50 step 23 | loss 3.9271 | train det 0.1310 seg 0.0708 cnt 1.3956 | shared_pairs det_seg 157/288 det_cnt 91/288 seg_cnt 40/288 | scores det_seg 0.4665 det_cnt 0.5063 seg_cnt -0.7032
[stage2] epoch 34/50 step 24 | loss 3.2723 | train det 0.0634 seg 0.1123 cnt 1.4229 | shared_pairs det_seg 141/288 det_cnt 94/288 seg_cnt 53/288 | scores det_seg -0.1054 det_cnt -1.2556 seg_cnt 1.0062
[stage2] epoch 34/50 step 25 | loss 7.2885 | train det 0.2705 seg 0.0893 cnt 2.5160 | shared_pairs det_seg 146/288 det_cnt 98/288 seg_cnt 44/288 | scores det_seg -1.6445 det_cnt -0.4037 seg_cnt -1.8441
[stage2] epoch 34/50 step 26 | loss 4.8323 | train det 0.2329 seg 0.0363 cnt 1.0487 | shared_pairs det_seg 142/288 det_cnt 100/288 seg_cnt 46/288 | scores det_seg -1.2045 det_cnt 0.8019 seg_cnt 0.9570
[stage2] epoch 34/50 step 27 | loss 1.8340 | train det 0.0332 seg 0.0410 cnt 1.0082 | shared_pairs det_seg 139/288 det_cnt 98/288 seg_cnt 51/288 | scores det_seg -1.7657 det_cnt 1.4999 seg_cnt -0.0703
[stage2] epoch 34/50 step 28 | loss 8.2157 | train det 0.2572 seg 0.0260 cnt 4.1498 | shared_pairs det_seg 149/288 det_cnt 85/288 seg_cnt 54/288 | scores det_seg 0.8501 det_cnt -0.6498 seg_cnt -0.0343
[stage2] epoch 34/50 step 29 | loss 3.6560 | train det 0.0892 seg 0.0431 cnt 1.9727 | shared_pairs det_seg 136/288 det_cnt 104/288 seg_cnt 48/288 | scores det_seg -1.7887 det_cnt -0.5347 seg_cnt -0.2706
[stage2] epoch 34/50 step 30 | loss 4.2959 | train det 0.0427 seg 0.1485 cnt 2.4682 | shared_pairs det_seg 157/288 det_cnt 84/288 seg_cnt 47/288 | scores det_seg -1.2489 det_cnt 0.0440 seg_cnt -0.8066
[stage2] epoch 34/50 step 31 | loss 5.6249 | train det 0.1988 seg 0.0738 cnt 2.0528 | shared_pairs det_seg 160/288 det_cnt 84/288 seg_cnt 44/288 | scores det_seg 0.0425 det_cnt -0.0208 seg_cnt 0.7290
[stage2] epoch 34/50 step 32 | loss 3.3015 | train det 0.0292 seg 0.0801 cnt 2.2227 | shared_pairs det_seg 137/288 det_cnt 87/288 seg_cnt 64/288 | scores det_seg -1.7487 det_cnt -1.0091 seg_cnt -0.3976
[stage2] epoch 34/50 step 33 | loss 3.2201 | train det 0.0596 seg 0.0371 cnt 2.0290 | shared_pairs det_seg 146/288 det_cnt 95/288 seg_cnt 47/288 | scores det_seg -0.3859 det_cnt 0.7107 seg_cnt 1.0911
[stage2] epoch 34/50 step 34 | loss 9.8582 | train det 0.0174 seg 0.0999 cnt 8.7977 | shared_pairs det_seg 143/288 det_cnt 93/288 seg_cnt 52/288 | scores det_seg -0.3970 det_cnt 3.1815 seg_cnt 2.0573
[stage2] epoch 34/50 step 35 | loss 3.1000 | train det 0.0208 seg 0.0837 cnt 2.1176 | shared_pairs det_seg 144/288 det_cnt 87/288 seg_cnt 57/288 | scores det_seg 1.6624 det_cnt -0.0878 seg_cnt 0.7298
[stage2] epoch 34/50 step 36 | loss 6.7165 | train det 0.0812 seg 0.1022 cnt 4.6802 | shared_pairs det_seg 163/288 det_cnt 74/288 seg_cnt 51/288 | scores det_seg -1.9685 det_cnt -1.4568 seg_cnt -0.1701
[stage2] epoch 34/50 step 37 | loss 4.6239 | train det 0.0448 seg 0.1490 cnt 2.7604 | shared_pairs det_seg 161/288 det_cnt 72/288 seg_cnt 55/288 | scores det_seg 0.7123 det_cnt -1.4205 seg_cnt 1.1495
[stage2] epoch 34/50 step 38 | loss 3.4148 | train det 0.0726 seg 0.0750 cnt 1.7259 | shared_pairs det_seg 144/288 det_cnt 91/288 seg_cnt 53/288 | scores det_seg -1.4856 det_cnt -0.3660 seg_cnt -1.2031
[stage2] epoch 34/50 step 39 | loss 7.7591 | train det 0.0437 seg 0.1039 cnt 6.2717 | shared_pairs det_seg 144/288 det_cnt 92/288 seg_cnt 52/288 | scores det_seg 0.4294 det_cnt -1.4999 seg_cnt 0.1962
[stage2] epoch 34/50 step 40 | loss 5.2459 | train det 0.2110 seg 0.0497 cnt 1.6828 | shared_pairs det_seg 139/288 det_cnt 106/288 seg_cnt 43/288 | scores det_seg 0.0602 det_cnt 3.5251 seg_cnt 1.2764
[stage2] epoch 34/50 step 41 | loss 7.7619 | train det 0.3755 seg 0.0647 cnt 1.6121 | shared_pairs det_seg 148/288 det_cnt 85/288 seg_cnt 55/288 | scores det_seg 0.6693 det_cnt -0.2310 seg_cnt -1.6392
[stage2] epoch 34/50 step 42 | loss 2.8295 | train det 0.0606 seg 0.1062 cnt 1.0705 | shared_pairs det_seg 154/288 det_cnt 88/288 seg_cnt 46/288 | scores det_seg -0.5032 det_cnt -0.3878 seg_cnt -1.6276
[stage2] epoch 34/50 step 43 | loss 2.8435 | train det 0.0148 seg 0.0762 cnt 2.0123 | shared_pairs det_seg 143/288 det_cnt 93/288 seg_cnt 52/288 | scores det_seg 0.9358 det_cnt -1.2112 seg_cnt -0.6715
[stage2] epoch 34/50 | train 4.8318 | det 0.1052 seg 0.0737 cnt 2.6636 | selected_by_matrix_unit det_seg 6263 det_cnt 3978 seg_cnt 2143
[stage2] epoch 34 | val det 0.6877 seg 1.1002 miou 0.6126 cnt 3.9875 dens 8.801017e-01 mae 3.1074 total_mae 16.7768 | ap50 0.5130 | combo 1.447388
[stage2] epoch 35/50 step 1 | loss 4.6110 | train det 0.0326 seg 0.0524 cnt 3.7033 | shared_pairs det_seg 148/288 det_cnt 89/288 seg_cnt 51/288 | scores det_seg -1.7764 det_cnt -2.0141 seg_cnt -0.7775
[stage2] epoch 35/50 step 2 | loss 3.2775 | train det 0.0773 seg 0.1124 cnt 1.2196 | shared_pairs det_seg 149/288 det_cnt 89/288 seg_cnt 50/288 | scores det_seg -1.6989 det_cnt -2.5113 seg_cnt 0.4370
[stage2] epoch 35/50 step 3 | loss 5.0286 | train det 0.1406 seg 0.0577 cnt 2.4580 | shared_pairs det_seg 138/288 det_cnt 95/288 seg_cnt 55/288 | scores det_seg -1.1381 det_cnt 0.8111 seg_cnt -0.2828
[stage2] epoch 35/50 step 4 | loss 5.2212 | train det 0.0765 seg 0.0844 cnt 3.3986 | shared_pairs det_seg 138/288 det_cnt 101/288 seg_cnt 49/288 | scores det_seg 2.4452 det_cnt 0.8212 seg_cnt 0.5593
[stage2] epoch 35/50 step 5 | loss 3.3693 | train det 0.0563 seg 0.0204 cnt 2.3619 | shared_pairs det_seg 156/288 det_cnt 93/288 seg_cnt 39/288 | scores det_seg 1.0626 det_cnt 0.0157 seg_cnt -0.9241
[stage2] epoch 35/50 step 6 | loss 5.5892 | train det 0.1323 seg 0.1072 cnt 2.7470 | shared_pairs det_seg 150/288 det_cnt 89/288 seg_cnt 49/288 | scores det_seg 1.2394 det_cnt 0.7956 seg_cnt -0.3487
[stage2] epoch 35/50 step 7 | loss 3.3264 | train det 0.0296 seg 0.0588 cnt 2.4119 | shared_pairs det_seg 152/288 det_cnt 89/288 seg_cnt 47/288 | scores det_seg 0.7914 det_cnt -0.0811 seg_cnt 1.4876
[stage2] epoch 35/50 step 8 | loss 4.2912 | train det 0.0702 seg 0.1327 cnt 2.1771 | shared_pairs det_seg 145/288 det_cnt 90/288 seg_cnt 53/288 | scores det_seg -0.5791 det_cnt 0.2542 seg_cnt -0.4567
[stage2] epoch 35/50 step 9 | loss 6.7261 | train det 0.0820 seg 0.0630 cnt 4.9917 | shared_pairs det_seg 143/288 det_cnt 90/288 seg_cnt 55/288 | scores det_seg -1.5473 det_cnt 0.7823 seg_cnt 1.3392
[stage2] epoch 35/50 step 10 | loss 4.2525 | train det 0.0377 seg 0.1035 cnt 2.8595 | shared_pairs det_seg 160/288 det_cnt 79/288 seg_cnt 49/288 | scores det_seg 1.8895 det_cnt -1.7523 seg_cnt 0.3421
[stage2] epoch 35/50 step 11 | loss 11.6865 | train det 0.4180 seg 0.1283 cnt 4.3900 | shared_pairs det_seg 147/288 det_cnt 94/288 seg_cnt 47/288 | scores det_seg -0.6987 det_cnt 0.2697 seg_cnt 0.0293
[stage2] epoch 35/50 step 12 | loss 7.5034 | train det 0.2650 seg 0.1120 cnt 2.6322 | shared_pairs det_seg 152/288 det_cnt 99/288 seg_cnt 37/288 | scores det_seg -1.6866 det_cnt -1.1134 seg_cnt -1.6856
[stage2] epoch 35/50 step 13 | loss 3.2864 | train det 0.0503 seg 0.1315 cnt 1.4790 | shared_pairs det_seg 141/288 det_cnt 101/288 seg_cnt 46/288 | scores det_seg -0.7751 det_cnt 1.5657 seg_cnt -0.3555
[stage2] epoch 35/50 step 14 | loss 3.8204 | train det 0.0468 seg 0.1379 cnt 2.0158 | shared_pairs det_seg 141/288 det_cnt 89/288 seg_cnt 58/288 | scores det_seg 0.5982 det_cnt 0.6431 seg_cnt 1.1261
[stage2] epoch 35/50 step 15 | loss 3.4029 | train det 0.0273 seg 0.0198 cnt 2.8356 | shared_pairs det_seg 142/288 det_cnt 93/288 seg_cnt 53/288 | scores det_seg -0.6821 det_cnt 1.7343 seg_cnt 0.8019
[stage2] epoch 35/50 step 16 | loss 3.3262 | train det 0.0591 seg 0.0616 cnt 1.9475 | shared_pairs det_seg 128/288 det_cnt 102/288 seg_cnt 58/288 | scores det_seg -2.7270 det_cnt 0.5699 seg_cnt 1.6026
[stage2] epoch 35/50 step 17 | loss 5.3722 | train det 0.0800 seg 0.0387 cnt 3.8633 | shared_pairs det_seg 134/288 det_cnt 98/288 seg_cnt 56/288 | scores det_seg -0.2184 det_cnt 0.7595 seg_cnt 1.2913
[stage2] epoch 35/50 step 18 | loss 3.9873 | train det 0.0830 seg 0.0386 cnt 2.4331 | shared_pairs det_seg 129/288 det_cnt 108/288 seg_cnt 51/288 | scores det_seg -1.8969 det_cnt 0.5272 seg_cnt 0.2725
[stage2] epoch 35/50 step 19 | loss 4.3863 | train det 0.0586 seg 0.0784 cnt 2.8809 | shared_pairs det_seg 156/288 det_cnt 79/288 seg_cnt 53/288 | scores det_seg -0.5499 det_cnt -1.4577 seg_cnt 0.2356
[stage2] epoch 35/50 step 20 | loss 12.2513 | train det 0.0562 seg 0.0898 cnt 10.6901 | shared_pairs det_seg 169/288 det_cnt 76/288 seg_cnt 43/288 | scores det_seg 0.4869 det_cnt -1.4955 seg_cnt -0.6366
[stage2] epoch 35/50 step 21 | loss 5.3375 | train det 0.1315 seg 0.0763 cnt 2.7536 | shared_pairs det_seg 155/288 det_cnt 88/288 seg_cnt 45/288 | scores det_seg -0.8641 det_cnt -1.6707 seg_cnt -1.2852
[stage2] epoch 35/50 step 22 | loss 4.8732 | train det 0.1471 seg 0.0794 cnt 2.0319 | shared_pairs det_seg 158/288 det_cnt 84/288 seg_cnt 46/288 | scores det_seg 1.2247 det_cnt -1.0348 seg_cnt 0.6508
[stage2] epoch 35/50 step 23 | loss 4.8607 | train det 0.1678 seg 0.0455 cnt 1.9798 | shared_pairs det_seg 140/288 det_cnt 106/288 seg_cnt 42/288 | scores det_seg -1.6316 det_cnt -0.5804 seg_cnt -1.9275
[stage2] epoch 35/50 step 24 | loss 3.5507 | train det 0.1001 seg 0.0486 cnt 1.6601 | shared_pairs det_seg 155/288 det_cnt 90/288 seg_cnt 43/288 | scores det_seg 1.6651 det_cnt -1.1141 seg_cnt -0.2079
[stage2] epoch 35/50 step 25 | loss 3.6278 | train det 0.0506 seg 0.0473 cnt 2.4912 | shared_pairs det_seg 140/288 det_cnt 97/288 seg_cnt 51/288 | scores det_seg -0.3901 det_cnt -0.0110 seg_cnt -0.5362
[stage2] epoch 35/50 step 26 | loss 3.8455 | train det 0.1366 seg 0.0703 cnt 1.2331 | shared_pairs det_seg 148/288 det_cnt 92/288 seg_cnt 48/288 | scores det_seg -0.6291 det_cnt -1.1474 seg_cnt 0.2723
[stage2] epoch 35/50 step 27 | loss 12.1200 | train det 0.6566 seg 0.0779 cnt 1.6470 | shared_pairs det_seg 149/288 det_cnt 85/288 seg_cnt 54/288 | scores det_seg -1.1645 det_cnt 0.5372 seg_cnt 0.9916
[stage2] epoch 35/50 step 28 | loss 9.6740 | train det 0.3605 seg 0.1276 cnt 3.2463 | shared_pairs det_seg 162/288 det_cnt 76/288 seg_cnt 50/288 | scores det_seg 0.7086 det_cnt -2.7964 seg_cnt 0.6773
[stage2] epoch 35/50 step 29 | loss 4.8972 | train det 0.1088 seg 0.0697 cnt 2.7079 | shared_pairs det_seg 141/288 det_cnt 92/288 seg_cnt 55/288 | scores det_seg -1.5754 det_cnt -1.3671 seg_cnt 0.7979
[stage2] epoch 35/50 step 30 | loss 6.2072 | train det 0.1497 seg 0.0338 cnt 3.6914 | shared_pairs det_seg 144/288 det_cnt 87/288 seg_cnt 57/288 | scores det_seg 0.5523 det_cnt -1.0419 seg_cnt -0.1517
[stage2] epoch 35/50 step 31 | loss 2.6138 | train det 0.0208 seg 0.1109 cnt 1.4149 | shared_pairs det_seg 138/288 det_cnt 93/288 seg_cnt 57/288 | scores det_seg -1.3414 det_cnt 0.4438 seg_cnt -0.6560
[stage2] epoch 35/50 step 32 | loss 3.3806 | train det 0.0559 seg 0.0634 cnt 2.0348 | shared_pairs det_seg 160/288 det_cnt 80/288 seg_cnt 48/288 | scores det_seg 0.7706 det_cnt -1.4592 seg_cnt -1.0901
[stage2] epoch 35/50 step 33 | loss 5.2429 | train det 0.0157 seg 0.0146 cnt 4.8898 | shared_pairs det_seg 138/288 det_cnt 92/288 seg_cnt 58/288 | scores det_seg -1.9681 det_cnt -0.0204 seg_cnt 1.5164
[stage2] epoch 35/50 step 34 | loss 5.3459 | train det 0.1135 seg 0.0947 cnt 2.8867 | shared_pairs det_seg 156/288 det_cnt 81/288 seg_cnt 51/288 | scores det_seg 0.6329 det_cnt -1.4721 seg_cnt 1.1760
[stage2] epoch 35/50 step 35 | loss 7.0591 | train det 0.1070 seg 0.1602 cnt 4.1725 | shared_pairs det_seg 140/288 det_cnt 107/288 seg_cnt 41/288 | scores det_seg -0.6458 det_cnt -0.5304 seg_cnt -0.6600
[stage2] epoch 35/50 step 36 | loss 12.5587 | train det 0.6277 seg 0.0930 cnt 2.3988 | shared_pairs det_seg 145/288 det_cnt 90/288 seg_cnt 53/288 | scores det_seg -0.4155 det_cnt 0.6216 seg_cnt 0.0209
[stage2] epoch 35/50 step 37 | loss 2.7648 | train det 0.0415 seg 0.0674 cnt 1.6035 | shared_pairs det_seg 150/288 det_cnt 85/288 seg_cnt 53/288 | scores det_seg 0.9422 det_cnt 0.1771 seg_cnt 0.4826
[stage2] epoch 35/50 step 38 | loss 3.4246 | train det 0.0816 seg 0.0730 cnt 1.6169 | shared_pairs det_seg 132/288 det_cnt 97/288 seg_cnt 59/288 | scores det_seg -2.2045 det_cnt 0.0646 seg_cnt 0.2144
[stage2] epoch 35/50 step 39 | loss 5.5571 | train det 0.1363 seg 0.1276 cnt 2.4928 | shared_pairs det_seg 153/288 det_cnt 85/288 seg_cnt 50/288 | scores det_seg 1.1486 det_cnt 1.3336 seg_cnt 0.5719
[stage2] epoch 35/50 step 40 | loss 3.7398 | train det 0.0816 seg 0.0815 cnt 1.8647 | shared_pairs det_seg 130/288 det_cnt 102/288 seg_cnt 56/288 | scores det_seg -0.4571 det_cnt 1.2153 seg_cnt 0.1590
[stage2] epoch 35/50 step 41 | loss 5.1045 | train det 0.0408 seg 0.1205 cnt 3.5289 | shared_pairs det_seg 143/288 det_cnt 92/288 seg_cnt 53/288 | scores det_seg -1.0127 det_cnt 1.4387 seg_cnt -1.6746
[stage2] epoch 35/50 step 42 | loss 5.3262 | train det 0.1316 seg 0.0466 cnt 2.9804 | shared_pairs det_seg 146/288 det_cnt 98/288 seg_cnt 44/288 | scores det_seg -1.3568 det_cnt 1.0630 seg_cnt -1.2769
[stage2] epoch 35/50 step 43 | loss 3.4824 | train det 0.0344 seg 0.0255 cnt 2.7618 | shared_pairs det_seg 149/288 det_cnt 92/288 seg_cnt 47/288 | scores det_seg -0.5633 det_cnt -0.2581 seg_cnt 0.1521
[stage2] epoch 35/50 | train 5.3328 | det 0.1250 seg 0.0787 cnt 2.8275 | selected_by_matrix_unit det_seg 6290 det_cnt 3934 seg_cnt 2160
[stage2] epoch 35 | val det 0.6688 seg 1.1414 miou 0.6092 cnt 3.8542 dens 8.648801e-01 mae 2.9893 total_mae 12.3755 | ap50 0.5122 | combo 1.455922
[stage2] epoch 36/50 step 1 | loss 2.4104 | train det 0.0402 seg 0.0696 cnt 1.2504 | shared_pairs det_seg 143/288 det_cnt 95/288 seg_cnt 50/288 | scores det_seg 1.2238 det_cnt 0.1541 seg_cnt -0.1390
[stage2] epoch 36/50 step 2 | loss 2.2840 | train det 0.0441 seg 0.0459 cnt 1.2549 | shared_pairs det_seg 176/288 det_cnt 64/288 seg_cnt 48/288 | scores det_seg 3.2373 det_cnt -1.9066 seg_cnt -0.2583
[stage2] epoch 36/50 step 3 | loss 4.5634 | train det 0.0492 seg 0.0448 cnt 3.4670 | shared_pairs det_seg 149/288 det_cnt 87/288 seg_cnt 52/288 | scores det_seg 0.8636 det_cnt -0.6217 seg_cnt 1.0176
[stage2] epoch 36/50 step 4 | loss 3.5721 | train det 0.0197 seg 0.0613 cnt 2.7864 | shared_pairs det_seg 153/288 det_cnt 81/288 seg_cnt 54/288 | scores det_seg 1.2832 det_cnt -1.0014 seg_cnt -0.4352
[stage2] epoch 36/50 step 5 | loss 3.4463 | train det 0.1000 seg 0.0611 cnt 1.4579 | shared_pairs det_seg 152/288 det_cnt 88/288 seg_cnt 48/288 | scores det_seg 0.9240 det_cnt 0.8145 seg_cnt 0.3353
[stage2] epoch 36/50 step 6 | loss 5.2943 | train det 0.0862 seg 0.1181 cnt 3.0558 | shared_pairs det_seg 149/288 det_cnt 92/288 seg_cnt 47/288 | scores det_seg 0.0621 det_cnt -0.1180 seg_cnt -0.7080
[stage2] epoch 36/50 step 7 | loss 11.1230 | train det 0.5129 seg 0.0776 cnt 2.8096 | shared_pairs det_seg 152/288 det_cnt 101/288 seg_cnt 35/288 | scores det_seg -0.2043 det_cnt 2.6453 seg_cnt -0.9600
[stage2] epoch 36/50 step 8 | loss 5.5851 | train det 0.0587 seg 0.0817 cnt 4.0508 | shared_pairs det_seg 155/288 det_cnt 77/288 seg_cnt 56/288 | scores det_seg 1.1832 det_cnt -0.7988 seg_cnt -0.6785
[stage2] epoch 36/50 step 9 | loss 4.7454 | train det 0.1470 seg 0.1024 cnt 1.7210 | shared_pairs det_seg 153/288 det_cnt 90/288 seg_cnt 45/288 | scores det_seg -0.6867 det_cnt 0.2122 seg_cnt -0.1624
[stage2] epoch 36/50 step 10 | loss 3.5766 | train det 0.0472 seg 0.1858 cnt 1.3827 | shared_pairs det_seg 156/288 det_cnt 90/288 seg_cnt 42/288 | scores det_seg -1.4523 det_cnt -1.2470 seg_cnt 0.2758
[stage2] epoch 36/50 step 11 | loss 5.0583 | train det 0.1551 seg 0.0843 cnt 2.0571 | shared_pairs det_seg 149/288 det_cnt 84/288 seg_cnt 55/288 | scores det_seg -0.2516 det_cnt -1.7818 seg_cnt 0.8350
[stage2] epoch 36/50 step 12 | loss 2.2654 | train det 0.0242 seg 0.0664 cnt 1.3712 | shared_pairs det_seg 148/288 det_cnt 95/288 seg_cnt 45/288 | scores det_seg 0.1667 det_cnt 2.4189 seg_cnt -0.0421
[stage2] epoch 36/50 step 13 | loss 9.9064 | train det 0.3751 seg 0.0912 cnt 3.5508 | shared_pairs det_seg 146/288 det_cnt 87/288 seg_cnt 55/288 | scores det_seg -0.7729 det_cnt -0.6788 seg_cnt 0.5248
[stage2] epoch 36/50 step 14 | loss 5.0297 | train det 0.1601 seg 0.0858 cnt 1.9421 | shared_pairs det_seg 153/288 det_cnt 84/288 seg_cnt 51/288 | scores det_seg -1.7757 det_cnt -1.2134 seg_cnt -1.2715
[stage2] epoch 36/50 step 15 | loss 5.2921 | train det 0.0675 seg 0.1112 cnt 3.3903 | shared_pairs det_seg 140/288 det_cnt 97/288 seg_cnt 51/288 | scores det_seg -1.4155 det_cnt 0.6856 seg_cnt -1.7054
[stage2] epoch 36/50 step 16 | loss 4.4106 | train det 0.0917 seg 0.0518 cnt 2.6201 | shared_pairs det_seg 155/288 det_cnt 73/288 seg_cnt 60/288 | scores det_seg 0.4511 det_cnt -1.4283 seg_cnt 0.8124
[stage2] epoch 36/50 step 17 | loss 4.4383 | train det 0.1221 seg 0.0843 cnt 1.9323 | shared_pairs det_seg 152/288 det_cnt 79/288 seg_cnt 57/288 | scores det_seg 1.2042 det_cnt 1.0570 seg_cnt -0.3507
[stage2] epoch 36/50 step 18 | loss 4.6151 | train det 0.1040 seg 0.1079 cnt 2.1917 | shared_pairs det_seg 147/288 det_cnt 91/288 seg_cnt 50/288 | scores det_seg -0.0435 det_cnt 0.4751 seg_cnt 0.4542
[stage2] epoch 36/50 step 19 | loss 5.7494 | train det 0.0654 seg 0.0537 cnt 4.3393 | shared_pairs det_seg 154/288 det_cnt 93/288 seg_cnt 41/288 | scores det_seg -0.5457 det_cnt -1.3261 seg_cnt -0.8369
[stage2] epoch 36/50 step 20 | loss 5.1581 | train det 0.0831 seg 0.0448 cnt 3.5535 | shared_pairs det_seg 147/288 det_cnt 87/288 seg_cnt 54/288 | scores det_seg -0.2440 det_cnt 0.2114 seg_cnt 1.2899
[stage2] epoch 36/50 step 21 | loss 3.2418 | train det 0.0271 seg 0.0391 cnt 2.5220 | shared_pairs det_seg 143/288 det_cnt 85/288 seg_cnt 60/288 | scores det_seg 2.0229 det_cnt -0.6488 seg_cnt 1.1154
[stage2] epoch 36/50 step 22 | loss 2.7302 | train det 0.0438 seg 0.0487 cnt 1.6846 | shared_pairs det_seg 144/288 det_cnt 99/288 seg_cnt 45/288 | scores det_seg 2.8416 det_cnt 1.2612 seg_cnt -2.3460
[stage2] epoch 36/50 step 23 | loss 3.4907 | train det 0.0358 seg 0.0615 cnt 2.4620 | shared_pairs det_seg 137/288 det_cnt 97/288 seg_cnt 54/288 | scores det_seg 0.0753 det_cnt 0.8605 seg_cnt 0.6606
[stage2] epoch 36/50 step 24 | loss 4.9618 | train det 0.1943 seg 0.0383 cnt 1.7401 | shared_pairs det_seg 156/288 det_cnt 78/288 seg_cnt 54/288 | scores det_seg 1.4836 det_cnt -1.5224 seg_cnt 2.1847
[stage2] epoch 36/50 step 25 | loss 3.2301 | train det 0.0391 seg 0.1851 cnt 1.1619 | shared_pairs det_seg 142/288 det_cnt 91/288 seg_cnt 55/288 | scores det_seg 0.1575 det_cnt 0.8876 seg_cnt 2.1071
[stage2] epoch 36/50 step 26 | loss 2.5648 | train det 0.0630 seg 0.0723 cnt 1.0417 | shared_pairs det_seg 151/288 det_cnt 79/288 seg_cnt 58/288 | scores det_seg 0.8875 det_cnt 0.7053 seg_cnt 0.6843
[stage2] epoch 36/50 step 27 | loss 8.2676 | train det 0.2814 seg 0.0900 cnt 3.3267 | shared_pairs det_seg 151/288 det_cnt 87/288 seg_cnt 50/288 | scores det_seg -1.2856 det_cnt 1.1554 seg_cnt 0.5350
[stage2] epoch 36/50 step 28 | loss 4.7081 | train det 0.0194 seg 0.2221 cnt 2.6398 | shared_pairs det_seg 138/288 det_cnt 97/288 seg_cnt 53/288 | scores det_seg 0.6682 det_cnt -0.1596 seg_cnt 1.1513
[stage2] epoch 36/50 step 29 | loss 10.6798 | train det 0.5565 seg 0.0767 cnt 1.7199 | shared_pairs det_seg 152/288 det_cnt 90/288 seg_cnt 46/288 | scores det_seg -1.3077 det_cnt -2.0752 seg_cnt -0.1081
[stage2] epoch 36/50 step 30 | loss 6.9905 | train det 0.1744 seg 0.0523 cnt 3.9557 | shared_pairs det_seg 155/288 det_cnt 87/288 seg_cnt 46/288 | scores det_seg 0.0004 det_cnt -0.2825 seg_cnt 0.2325
[stage2] epoch 36/50 step 31 | loss 6.8653 | train det 0.1337 seg 0.0461 cnt 4.4907 | shared_pairs det_seg 138/288 det_cnt 95/288 seg_cnt 55/288 | scores det_seg -0.2946 det_cnt -1.8194 seg_cnt 1.0619
[stage2] epoch 36/50 step 32 | loss 5.3499 | train det 0.0961 seg 0.0158 cnt 3.7821 | shared_pairs det_seg 144/288 det_cnt 89/288 seg_cnt 55/288 | scores det_seg -1.4465 det_cnt -0.6391 seg_cnt 0.2946
[stage2] epoch 36/50 step 33 | loss 2.9199 | train det 0.0491 seg 0.0889 cnt 1.4729 | shared_pairs det_seg 155/288 det_cnt 73/288 seg_cnt 60/288 | scores det_seg 3.3942 det_cnt -1.5858 seg_cnt 1.4415
[stage2] epoch 36/50 step 34 | loss 4.8770 | train det 0.2042 seg 0.0869 cnt 1.1194 | shared_pairs det_seg 137/288 det_cnt 96/288 seg_cnt 55/288 | scores det_seg -0.0205 det_cnt 1.0265 seg_cnt 0.3606
[stage2] epoch 36/50 step 35 | loss 4.1315 | train det 0.1101 seg 0.1406 cnt 1.3547 | shared_pairs det_seg 145/288 det_cnt 83/288 seg_cnt 60/288 | scores det_seg -0.1358 det_cnt 1.0054 seg_cnt 1.5568
[stage2] epoch 36/50 step 36 | loss 3.3121 | train det 0.0850 seg 0.0875 cnt 1.3374 | shared_pairs det_seg 168/288 det_cnt 83/288 seg_cnt 37/288 | scores det_seg 1.1983 det_cnt -0.3544 seg_cnt -0.6343
[stage2] epoch 36/50 step 37 | loss 5.0692 | train det 0.0494 seg 0.1094 cnt 3.4526 | shared_pairs det_seg 169/288 det_cnt 78/288 seg_cnt 41/288 | scores det_seg 0.8379 det_cnt -0.4076 seg_cnt -0.7119
[stage2] epoch 36/50 step 38 | loss 3.2860 | train det 0.0586 seg 0.0592 cnt 1.9329 | shared_pairs det_seg 138/288 det_cnt 90/288 seg_cnt 60/288 | scores det_seg 0.5400 det_cnt 0.2459 seg_cnt 0.3425
[stage2] epoch 36/50 step 39 | loss 4.2976 | train det 0.0441 seg 0.1240 cnt 2.6433 | shared_pairs det_seg 154/288 det_cnt 85/288 seg_cnt 49/288 | scores det_seg 0.4821 det_cnt 0.8157 seg_cnt 0.3432
[stage2] epoch 36/50 step 40 | loss 3.8861 | train det 0.0142 seg 0.0851 cnt 2.9924 | shared_pairs det_seg 147/288 det_cnt 88/288 seg_cnt 53/288 | scores det_seg 0.7676 det_cnt -0.6597 seg_cnt -1.0048
[stage2] epoch 36/50 step 41 | loss 4.9107 | train det 0.1266 seg 0.0928 cnt 2.2695 | shared_pairs det_seg 145/288 det_cnt 89/288 seg_cnt 54/288 | scores det_seg -1.1206 det_cnt -1.2506 seg_cnt -0.0857
[stage2] epoch 36/50 step 42 | loss 4.2110 | train det 0.0581 seg 0.0464 cnt 2.9676 | shared_pairs det_seg 155/288 det_cnt 89/288 seg_cnt 44/288 | scores det_seg -0.1592 det_cnt -0.6473 seg_cnt -0.2719
[stage2] epoch 36/50 step 43 | loss 12.9209 | train det 0.5505 seg 0.0498 cnt 4.2647 | shared_pairs det_seg 149/288 det_cnt 89/288 seg_cnt 50/288 | scores det_seg -0.4374 det_cnt 0.0009 seg_cnt -0.9683
[stage2] epoch 36/50 | train 5.0099 | det 0.1248 seg 0.0825 cnt 2.4772 | selected_by_matrix_unit det_seg 6442 det_cnt 3752 seg_cnt 2190
[stage2] epoch 36 | val det 0.6622 seg 1.1077 miou 0.6152 cnt 4.1953 dens 8.708890e-01 mae 3.3244 total_mae 15.6043 | ap50 0.5058 | combo 1.421747
[stage2] epoch 37/50 step 1 | loss 4.3554 | train det 0.1793 seg 0.0637 cnt 1.1562 | shared_pairs det_seg 146/288 det_cnt 80/288 seg_cnt 62/288 | scores det_seg 0.3096 det_cnt -0.3445 seg_cnt 0.8278
[stage2] epoch 37/50 step 2 | loss 3.7937 | train det 0.0423 seg 0.0525 cnt 2.7392 | shared_pairs det_seg 155/288 det_cnt 76/288 seg_cnt 57/288 | scores det_seg 0.3310 det_cnt -1.7306 seg_cnt -1.0954
[stage2] epoch 37/50 step 3 | loss 5.9104 | train det 0.1590 seg 0.1160 cnt 2.5966 | shared_pairs det_seg 144/288 det_cnt 93/288 seg_cnt 51/288 | scores det_seg 0.8597 det_cnt -0.5730 seg_cnt 1.3769
[stage2] epoch 37/50 step 4 | loss 7.2410 | train det 0.1232 seg 0.1066 cnt 4.5396 | shared_pairs det_seg 156/288 det_cnt 84/288 seg_cnt 48/288 | scores det_seg 1.0104 det_cnt -2.4580 seg_cnt -0.6971
[stage2] epoch 37/50 step 5 | loss 2.8786 | train det 0.0169 seg 0.0908 cnt 1.8990 | shared_pairs det_seg 147/288 det_cnt 103/288 seg_cnt 38/288 | scores det_seg -0.3235 det_cnt -0.1308 seg_cnt -0.7797
[stage2] epoch 37/50 step 6 | loss 7.3992 | train det 0.2172 seg 0.0752 cnt 3.5386 | shared_pairs det_seg 148/288 det_cnt 81/288 seg_cnt 59/288 | scores det_seg -0.7548 det_cnt -1.5457 seg_cnt 0.7228
[stage2] epoch 37/50 step 7 | loss 4.6352 | train det 0.0296 seg 0.1143 cnt 3.2764 | shared_pairs det_seg 144/288 det_cnt 92/288 seg_cnt 52/288 | scores det_seg -0.4758 det_cnt 0.5880 seg_cnt -0.1607
[stage2] epoch 37/50 step 8 | loss 6.3705 | train det 0.1944 seg 0.1078 cnt 2.5923 | shared_pairs det_seg 138/288 det_cnt 95/288 seg_cnt 55/288 | scores det_seg -0.1656 det_cnt 2.0699 seg_cnt -0.4186
[stage2] epoch 37/50 step 9 | loss 3.0292 | train det 0.0550 seg 0.0943 cnt 1.4493 | shared_pairs det_seg 158/288 det_cnt 78/288 seg_cnt 52/288 | scores det_seg 1.0820 det_cnt 0.2972 seg_cnt -0.4921
[stage2] epoch 37/50 step 10 | loss 3.6316 | train det 0.0676 seg 0.0206 cnt 2.4528 | shared_pairs det_seg 142/288 det_cnt 88/288 seg_cnt 58/288 | scores det_seg -0.1645 det_cnt 0.0678 seg_cnt 0.8715
[stage2] epoch 37/50 step 11 | loss 3.4314 | train det 0.1363 seg 0.0368 cnt 1.0921 | shared_pairs det_seg 162/288 det_cnt 73/288 seg_cnt 53/288 | scores det_seg 1.6699 det_cnt -3.7062 seg_cnt 0.6652
[stage2] epoch 37/50 step 12 | loss 4.3364 | train det 0.1542 seg 0.0273 cnt 1.8046 | shared_pairs det_seg 141/288 det_cnt 84/288 seg_cnt 63/288 | scores det_seg -0.4597 det_cnt -0.0866 seg_cnt 1.5289
[stage2] epoch 37/50 step 13 | loss 4.6216 | train det 0.0453 seg 0.0376 cnt 3.6409 | shared_pairs det_seg 140/288 det_cnt 101/288 seg_cnt 47/288 | scores det_seg -0.1388 det_cnt 0.7538 seg_cnt -0.8614
[stage2] epoch 37/50 step 14 | loss 4.1956 | train det 0.0327 seg 0.1009 cnt 2.8970 | shared_pairs det_seg 145/288 det_cnt 90/288 seg_cnt 53/288 | scores det_seg 0.1340 det_cnt -2.4123 seg_cnt -0.0697
[stage2] epoch 37/50 step 15 | loss 4.7069 | train det 0.0751 seg 0.0684 cnt 3.0327 | shared_pairs det_seg 147/288 det_cnt 96/288 seg_cnt 45/288 | scores det_seg 1.6601 det_cnt 1.4788 seg_cnt -0.1731
[stage2] epoch 37/50 step 16 | loss 4.2327 | train det 0.0566 seg 0.1423 cnt 2.2456 | shared_pairs det_seg 142/288 det_cnt 86/288 seg_cnt 60/288 | scores det_seg 0.4923 det_cnt -0.2092 seg_cnt 1.5400
[stage2] epoch 37/50 step 17 | loss 11.1758 | train det 0.3352 seg 0.1393 cnt 5.0329 | shared_pairs det_seg 144/288 det_cnt 90/288 seg_cnt 54/288 | scores det_seg 0.5717 det_cnt -0.5902 seg_cnt 1.1155
[stage2] epoch 37/50 step 18 | loss 8.9783 | train det 0.3160 seg 0.1121 cnt 3.3423 | shared_pairs det_seg 148/288 det_cnt 89/288 seg_cnt 51/288 | scores det_seg -0.8747 det_cnt -1.4553 seg_cnt -0.2383
[stage2] epoch 37/50 step 19 | loss 12.1281 | train det 0.1209 seg 0.0909 cnt 9.5871 | shared_pairs det_seg 144/288 det_cnt 91/288 seg_cnt 53/288 | scores det_seg 0.1378 det_cnt 1.8658 seg_cnt -0.2145
[stage2] epoch 37/50 step 20 | loss 6.0998 | train det 0.0560 seg 0.0930 cnt 4.5154 | shared_pairs det_seg 152/288 det_cnt 85/288 seg_cnt 51/288 | scores det_seg -0.8421 det_cnt -0.5511 seg_cnt 0.8656
[stage2] epoch 37/50 step 21 | loss 7.2855 | train det 0.3301 seg 0.0437 cnt 1.9841 | shared_pairs det_seg 141/288 det_cnt 93/288 seg_cnt 54/288 | scores det_seg -0.3882 det_cnt 0.2618 seg_cnt 0.7225
[stage2] epoch 37/50 step 22 | loss 5.5778 | train det 0.1383 seg 0.1160 cnt 2.5752 | shared_pairs det_seg 136/288 det_cnt 102/288 seg_cnt 50/288 | scores det_seg -0.3874 det_cnt -0.2938 seg_cnt 0.8240
[stage2] epoch 37/50 step 23 | loss 5.3821 | train det 0.0528 seg 0.0688 cnt 4.0394 | shared_pairs det_seg 136/288 det_cnt 95/288 seg_cnt 57/288 | scores det_seg -1.4755 det_cnt 0.3707 seg_cnt -0.0664
[stage2] epoch 37/50 step 24 | loss 3.5582 | train det 0.0816 seg 0.0595 cnt 1.8587 | shared_pairs det_seg 139/288 det_cnt 101/288 seg_cnt 48/288 | scores det_seg 0.4120 det_cnt 2.2216 seg_cnt -1.2334
[stage2] epoch 37/50 step 25 | loss 2.7202 | train det 0.0634 seg 0.0394 cnt 1.4537 | shared_pairs det_seg 149/288 det_cnt 79/288 seg_cnt 60/288 | scores det_seg 1.5605 det_cnt -0.2681 seg_cnt 1.2567
[stage2] epoch 37/50 step 26 | loss 5.0324 | train det 0.1240 seg 0.0892 cnt 2.4591 | shared_pairs det_seg 144/288 det_cnt 86/288 seg_cnt 58/288 | scores det_seg -0.0471 det_cnt -1.1573 seg_cnt 1.7258
[stage2] epoch 37/50 step 27 | loss 5.0648 | train det 0.1573 seg 0.0531 cnt 2.2810 | shared_pairs det_seg 148/288 det_cnt 87/288 seg_cnt 53/288 | scores det_seg -2.3782 det_cnt 0.3470 seg_cnt -0.2837
[stage2] epoch 37/50 step 28 | loss 6.5798 | train det 0.0576 seg 0.0998 cnt 4.9173 | shared_pairs det_seg 149/288 det_cnt 89/288 seg_cnt 50/288 | scores det_seg 0.9376 det_cnt 1.5363 seg_cnt 0.3282
[stage2] epoch 37/50 step 29 | loss 3.8344 | train det 0.0716 seg 0.1134 cnt 1.8530 | shared_pairs det_seg 151/288 det_cnt 92/288 seg_cnt 45/288 | scores det_seg -0.9953 det_cnt -0.2002 seg_cnt -1.7662
[stage2] epoch 37/50 step 30 | loss 6.1074 | train det 0.1626 seg 0.0479 cnt 3.2853 | shared_pairs det_seg 162/288 det_cnt 67/288 seg_cnt 59/288 | scores det_seg 0.8321 det_cnt -2.6666 seg_cnt 1.0188
[stage2] epoch 37/50 step 31 | loss 4.5132 | train det 0.0440 seg 0.1089 cnt 2.9817 | shared_pairs det_seg 148/288 det_cnt 95/288 seg_cnt 45/288 | scores det_seg 1.0843 det_cnt -0.5890 seg_cnt 0.0514
[stage2] epoch 37/50 step 32 | loss 8.2255 | train det 0.3336 seg 0.0669 cnt 2.6869 | shared_pairs det_seg 145/288 det_cnt 87/288 seg_cnt 56/288 | scores det_seg 1.1882 det_cnt 0.7822 seg_cnt 0.3394
[stage2] epoch 37/50 step 33 | loss 3.8325 | train det 0.0995 seg 0.0504 cnt 1.9368 | shared_pairs det_seg 132/288 det_cnt 94/288 seg_cnt 62/288 | scores det_seg 0.7442 det_cnt 2.4874 seg_cnt 0.8055
[stage2] epoch 37/50 step 34 | loss 4.3653 | train det 0.0430 seg 0.1128 cnt 2.8183 | shared_pairs det_seg 137/288 det_cnt 91/288 seg_cnt 60/288 | scores det_seg -0.5861 det_cnt 0.6143 seg_cnt 1.4737
[stage2] epoch 37/50 step 35 | loss 2.5241 | train det 0.0499 seg 0.0604 cnt 1.2917 | shared_pairs det_seg 146/288 det_cnt 96/288 seg_cnt 46/288 | scores det_seg -0.4748 det_cnt 1.1427 seg_cnt 0.2334
[stage2] epoch 37/50 step 36 | loss 7.6558 | train det 0.2259 seg 0.1580 cnt 3.0028 | shared_pairs det_seg 142/288 det_cnt 85/288 seg_cnt 61/288 | scores det_seg -0.9334 det_cnt -1.3116 seg_cnt 1.2225
[stage2] epoch 37/50 step 37 | loss 6.4709 | train det 0.1366 seg 0.1106 cnt 3.5367 | shared_pairs det_seg 152/288 det_cnt 84/288 seg_cnt 52/288 | scores det_seg 0.5605 det_cnt -0.9504 seg_cnt 0.5155
[stage2] epoch 37/50 step 38 | loss 4.5749 | train det 0.0300 seg 0.0513 cnt 3.7152 | shared_pairs det_seg 152/288 det_cnt 86/288 seg_cnt 50/288 | scores det_seg 0.5185 det_cnt 1.5999 seg_cnt -0.8486
[stage2] epoch 37/50 step 39 | loss 5.2597 | train det 0.1499 seg 0.0610 cnt 2.5224 | shared_pairs det_seg 154/288 det_cnt 76/288 seg_cnt 58/288 | scores det_seg 0.4735 det_cnt -1.4454 seg_cnt 1.4785
[stage2] epoch 37/50 step 40 | loss 4.3438 | train det 0.1248 seg 0.0580 cnt 2.0079 | shared_pairs det_seg 155/288 det_cnt 79/288 seg_cnt 54/288 | scores det_seg -0.2577 det_cnt -1.3548 seg_cnt -1.4886
[stage2] epoch 37/50 step 41 | loss 5.0225 | train det 0.0266 seg 0.1086 cnt 3.7550 | shared_pairs det_seg 142/288 det_cnt 94/288 seg_cnt 52/288 | scores det_seg -0.3364 det_cnt 0.1569 seg_cnt 0.3117
[stage2] epoch 37/50 step 42 | loss 6.7814 | train det 0.2458 seg 0.0483 cnt 2.7082 | shared_pairs det_seg 164/288 det_cnt 79/288 seg_cnt 45/288 | scores det_seg 2.5987 det_cnt 0.9551 seg_cnt 0.9521
[stage2] epoch 37/50 step 43 | loss 11.8748 | train det 0.0387 seg 0.0280 cnt 11.0703 | shared_pairs det_seg 143/288 det_cnt 92/288 seg_cnt 53/288 | scores det_seg -1.5822 det_cnt 1.8379 seg_cnt 0.3640
[stage2] epoch 37/50 | train 5.5753 | det 0.1209 seg 0.0801 cnt 3.1203 | selected_by_matrix_unit det_seg 6310 det_cnt 3784 seg_cnt 2290
[stage2] epoch 37 | val det 0.6793 seg 1.1139 miou 0.6132 cnt 3.8345 dens 8.624051e-01 mae 2.9721 total_mae 12.4140 | ap50 0.5123 | combo 1.462023
[stage2] epoch 38/50 step 1 | loss 5.6727 | train det 0.1139 seg 0.1059 cnt 3.1174 | shared_pairs det_seg 130/288 det_cnt 99/288 seg_cnt 59/288 | scores det_seg -0.8508 det_cnt 0.4437 seg_cnt 1.0694
[stage2] epoch 38/50 step 2 | loss 7.1259 | train det 0.1734 seg 0.1523 cnt 3.3073 | shared_pairs det_seg 138/288 det_cnt 98/288 seg_cnt 52/288 | scores det_seg -1.3851 det_cnt 1.5315 seg_cnt -0.8059
[stage2] epoch 38/50 step 3 | loss 6.4548 | train det 0.0466 seg 0.0632 cnt 5.2505 | shared_pairs det_seg 140/288 det_cnt 92/288 seg_cnt 56/288 | scores det_seg -0.5213 det_cnt 0.2642 seg_cnt 0.7861
[stage2] epoch 38/50 step 4 | loss 3.9949 | train det 0.1298 seg 0.1057 cnt 1.2028 | shared_pairs det_seg 137/288 det_cnt 98/288 seg_cnt 53/288 | scores det_seg -0.3531 det_cnt 1.6193 seg_cnt -1.0979
[stage2] epoch 38/50 step 5 | loss 2.4062 | train det 0.0339 seg 0.0308 cnt 1.6519 | shared_pairs det_seg 157/288 det_cnt 80/288 seg_cnt 51/288 | scores det_seg -0.8036 det_cnt -1.5245 seg_cnt -0.6787
[stage2] epoch 38/50 step 6 | loss 3.4598 | train det 0.0339 seg 0.0606 cnt 2.4674 | shared_pairs det_seg 149/288 det_cnt 89/288 seg_cnt 50/288 | scores det_seg 1.0864 det_cnt -1.2101 seg_cnt -0.9465
[stage2] epoch 38/50 step 7 | loss 4.5607 | train det 0.0855 seg 0.0856 cnt 2.5936 | shared_pairs det_seg 147/288 det_cnt 86/288 seg_cnt 55/288 | scores det_seg 1.3183 det_cnt 0.6360 seg_cnt 1.0558
[stage2] epoch 38/50 step 8 | loss 4.7966 | train det 0.0749 seg 0.0542 cnt 3.2401 | shared_pairs det_seg 146/288 det_cnt 86/288 seg_cnt 56/288 | scores det_seg -0.5245 det_cnt -1.1317 seg_cnt 0.8975
[stage2] epoch 38/50 step 9 | loss 3.4667 | train det 0.0290 seg 0.0826 cnt 2.3707 | shared_pairs det_seg 138/288 det_cnt 96/288 seg_cnt 54/288 | scores det_seg -1.0636 det_cnt 1.7263 seg_cnt -0.3532
[stage2] epoch 38/50 step 10 | loss 4.7342 | train det 0.0395 seg 0.1193 cnt 3.1865 | shared_pairs det_seg 139/288 det_cnt 89/288 seg_cnt 60/288 | scores det_seg -0.0406 det_cnt -0.7733 seg_cnt 1.1049
[stage2] epoch 38/50 step 11 | loss 4.2065 | train det 0.0676 seg 0.1018 cnt 2.3782 | shared_pairs det_seg 149/288 det_cnt 79/288 seg_cnt 60/288 | scores det_seg 0.7469 det_cnt -1.2851 seg_cnt 0.8621
[stage2] epoch 38/50 step 12 | loss 4.7427 | train det 0.1299 seg 0.0968 cnt 2.0201 | shared_pairs det_seg 151/288 det_cnt 96/288 seg_cnt 41/288 | scores det_seg 1.1803 det_cnt -0.5416 seg_cnt -2.3519
[stage2] epoch 38/50 step 13 | loss 22.9514 | train det 0.2095 seg 0.0360 cnt 19.5215 | shared_pairs det_seg 146/288 det_cnt 89/288 seg_cnt 53/288 | scores det_seg 1.4081 det_cnt 1.2053 seg_cnt 0.4799
[stage2] epoch 38/50 step 14 | loss 6.5259 | train det 0.0469 seg 0.0571 cnt 5.3648 | shared_pairs det_seg 129/288 det_cnt 91/288 seg_cnt 68/288 | scores det_seg -2.3179 det_cnt -1.7032 seg_cnt 1.7696
[stage2] epoch 38/50 step 15 | loss 5.4149 | train det 0.0181 seg 0.0764 cnt 4.5327 | shared_pairs det_seg 147/288 det_cnt 83/288 seg_cnt 58/288 | scores det_seg 1.0013 det_cnt -0.1403 seg_cnt 2.7481
[stage2] epoch 38/50 step 16 | loss 6.0831 | train det 0.1062 seg 0.0867 cnt 3.7975 | shared_pairs det_seg 153/288 det_cnt 75/288 seg_cnt 60/288 | scores det_seg -0.2821 det_cnt -1.5013 seg_cnt 2.1339
[stage2] epoch 38/50 step 17 | loss 3.8776 | train det 0.0402 seg 0.0709 cnt 2.7075 | shared_pairs det_seg 128/288 det_cnt 90/288 seg_cnt 70/288 | scores det_seg -0.4184 det_cnt 0.7833 seg_cnt 2.3569
[stage2] epoch 38/50 step 18 | loss 2.6928 | train det 0.0490 seg 0.0311 cnt 1.7086 | shared_pairs det_seg 155/288 det_cnt 73/288 seg_cnt 60/288 | scores det_seg -0.0261 det_cnt -1.7249 seg_cnt 0.6209
[stage2] epoch 38/50 step 19 | loss 2.6241 | train det 0.0440 seg 0.0706 cnt 1.4000 | shared_pairs det_seg 135/288 det_cnt 94/288 seg_cnt 59/288 | scores det_seg -0.5993 det_cnt 0.8590 seg_cnt 0.2212
[stage2] epoch 38/50 step 20 | loss 5.1200 | train det 0.2147 seg 0.0828 cnt 1.2366 | shared_pairs det_seg 149/288 det_cnt 97/288 seg_cnt 42/288 | scores det_seg -0.0191 det_cnt 0.8900 seg_cnt -0.0029
[stage2] epoch 38/50 step 21 | loss 6.4541 | train det 0.2584 seg 0.0853 cnt 1.8955 | shared_pairs det_seg 142/288 det_cnt 99/288 seg_cnt 47/288 | scores det_seg -0.9428 det_cnt 0.6843 seg_cnt 0.3180
[stage2] epoch 38/50 step 22 | loss 5.2377 | train det 0.0577 seg 0.1080 cnt 3.5088 | shared_pairs det_seg 138/288 det_cnt 101/288 seg_cnt 49/288 | scores det_seg -0.0329 det_cnt 0.5411 seg_cnt 0.4307
[stage2] epoch 38/50 step 23 | loss 2.7189 | train det 0.0878 seg 0.0552 cnt 0.9600 | shared_pairs det_seg 133/288 det_cnt 104/288 seg_cnt 51/288 | scores det_seg -1.5853 det_cnt 0.2485 seg_cnt -1.1888
[stage2] epoch 38/50 step 24 | loss 2.5407 | train det 0.0121 seg 0.0593 cnt 1.8856 | shared_pairs det_seg 148/288 det_cnt 79/288 seg_cnt 61/288 | scores det_seg -0.7456 det_cnt -1.1627 seg_cnt 0.7382
[stage2] epoch 38/50 step 25 | loss 3.1605 | train det 0.0227 seg 0.0521 cnt 2.4029 | shared_pairs det_seg 149/288 det_cnt 85/288 seg_cnt 54/288 | scores det_seg -0.9213 det_cnt -1.2246 seg_cnt -1.7929
[stage2] epoch 38/50 step 26 | loss 4.7756 | train det 0.0399 seg 0.1079 cnt 3.3138 | shared_pairs det_seg 129/288 det_cnt 102/288 seg_cnt 57/288 | scores det_seg 0.2610 det_cnt 1.6220 seg_cnt 0.4927
[stage2] epoch 38/50 step 27 | loss 13.2097 | train det 0.4966 seg 0.0398 cnt 5.4432 | shared_pairs det_seg 151/288 det_cnt 87/288 seg_cnt 50/288 | scores det_seg 1.4196 det_cnt -1.0866 seg_cnt -0.4990
[stage2] epoch 38/50 step 28 | loss 2.6033 | train det 0.0292 seg 0.1031 cnt 1.3402 | shared_pairs det_seg 139/288 det_cnt 98/288 seg_cnt 51/288 | scores det_seg -0.5585 det_cnt 1.8039 seg_cnt 0.1006
[stage2] epoch 38/50 step 29 | loss 2.1191 | train det 0.0235 seg 0.0536 cnt 1.3372 | shared_pairs det_seg 142/288 det_cnt 97/288 seg_cnt 49/288 | scores det_seg -2.4184 det_cnt 1.5735 seg_cnt -1.3263
[stage2] epoch 38/50 step 30 | loss 4.2487 | train det 0.0928 seg 0.1270 cnt 1.8413 | shared_pairs det_seg 163/288 det_cnt 81/288 seg_cnt 44/288 | scores det_seg 0.3259 det_cnt -0.4793 seg_cnt -0.2577
[stage2] epoch 38/50 step 31 | loss 4.3790 | train det 0.0939 seg 0.1121 cnt 2.0740 | shared_pairs det_seg 137/288 det_cnt 102/288 seg_cnt 49/288 | scores det_seg -0.2112 det_cnt 1.0603 seg_cnt -1.1173
[stage2] epoch 38/50 step 32 | loss 5.8897 | train det 0.0985 seg 0.0745 cnt 3.8160 | shared_pairs det_seg 152/288 det_cnt 79/288 seg_cnt 57/288 | scores det_seg 0.6597 det_cnt 0.3886 seg_cnt 0.5107
[stage2] epoch 38/50 step 33 | loss 3.3469 | train det 0.0282 seg 0.1013 cnt 2.1134 | shared_pairs det_seg 141/288 det_cnt 97/288 seg_cnt 50/288 | scores det_seg 0.5776 det_cnt 1.0771 seg_cnt 0.3950
[stage2] epoch 38/50 step 34 | loss 3.7495 | train det 0.0457 seg 0.0772 cnt 2.4470 | shared_pairs det_seg 168/288 det_cnt 87/288 seg_cnt 33/288 | scores det_seg -0.1295 det_cnt -1.1379 seg_cnt -0.9396
[stage2] epoch 38/50 step 35 | loss 3.5870 | train det 0.0261 seg 0.1206 cnt 2.2303 | shared_pairs det_seg 137/288 det_cnt 101/288 seg_cnt 50/288 | scores det_seg -0.7427 det_cnt 1.3545 seg_cnt -0.5214
[stage2] epoch 38/50 step 36 | loss 5.3046 | train det 0.1796 seg 0.0592 cnt 2.1368 | shared_pairs det_seg 159/288 det_cnt 83/288 seg_cnt 46/288 | scores det_seg 1.1393 det_cnt -1.1448 seg_cnt -0.4696
[stage2] epoch 38/50 step 37 | loss 42.7018 | train det 0.1256 seg 0.1613 cnt 39.5274 | shared_pairs det_seg 159/288 det_cnt 87/288 seg_cnt 42/288 | scores det_seg 0.9778 det_cnt -1.4831 seg_cnt -1.7540
[stage2] epoch 38/50 step 38 | loss 8.4886 | train det 0.1618 seg 0.0667 cnt 5.5281 | shared_pairs det_seg 150/288 det_cnt 93/288 seg_cnt 45/288 | scores det_seg 1.7184 det_cnt -0.2787 seg_cnt -1.0503
[stage2] epoch 38/50 step 39 | loss 6.9300 | train det 0.0351 seg 0.0214 cnt 6.2317 | shared_pairs det_seg 144/288 det_cnt 85/288 seg_cnt 59/288 | scores det_seg 1.0897 det_cnt -0.2338 seg_cnt 1.6941
[stage2] epoch 38/50 step 40 | loss 4.5863 | train det 0.0974 seg 0.0429 cnt 2.7813 | shared_pairs det_seg 154/288 det_cnt 83/288 seg_cnt 51/288 | scores det_seg 0.7705 det_cnt -1.1401 seg_cnt 0.4829
[stage2] epoch 38/50 step 41 | loss 3.4927 | train det 0.0215 seg 0.0822 cnt 2.5133 | shared_pairs det_seg 145/288 det_cnt 102/288 seg_cnt 41/288 | scores det_seg -0.6381 det_cnt 0.0858 seg_cnt -2.9826
[stage2] epoch 38/50 step 42 | loss 2.7873 | train det 0.0324 seg 0.0644 cnt 1.7864 | shared_pairs det_seg 153/288 det_cnt 79/288 seg_cnt 56/288 | scores det_seg 2.0104 det_cnt -1.9149 seg_cnt 0.5466
[stage2] epoch 38/50 step 43 | loss 3.0559 | train det 0.1180 seg 0.0068 cnt 1.2322 | shared_pairs det_seg 137/288 det_cnt 100/288 seg_cnt 51/288 | scores det_seg 1.0800 det_cnt 1.2203 seg_cnt 0.8081
[stage2] epoch 38/50 | train 5.9600 | det 0.0900 seg 0.0780 cnt 3.9861 | selected_by_matrix_unit det_seg 6233 det_cnt 3891 seg_cnt 2260
[stage2] epoch 38 | val det 0.6855 seg 1.1140 miou 0.6135 cnt 4.0921 dens 8.586100e-01 mae 3.2335 total_mae 14.8780 | ap50 0.5135 | combo 1.436299
[stage2] epoch 39/50 step 1 | loss 3.3606 | train det 0.0487 seg 0.0562 cnt 2.1809 | shared_pairs det_seg 129/288 det_cnt 97/288 seg_cnt 62/288 | scores det_seg -1.7040 det_cnt -0.3521 seg_cnt -0.2924
[stage2] epoch 39/50 step 2 | loss 4.5114 | train det 0.0656 seg 0.0632 cnt 3.0218 | shared_pairs det_seg 149/288 det_cnt 85/288 seg_cnt 54/288 | scores det_seg 2.0782 det_cnt -0.2498 seg_cnt 0.5542
[stage2] epoch 39/50 step 3 | loss 2.9820 | train det 0.0417 seg 0.0394 cnt 2.0415 | shared_pairs det_seg 159/288 det_cnt 79/288 seg_cnt 50/288 | scores det_seg 0.7701 det_cnt -1.5644 seg_cnt 0.1005
[stage2] epoch 39/50 step 4 | loss 34.4768 | train det 0.0395 seg 0.0499 cnt 33.4856 | shared_pairs det_seg 123/288 det_cnt 113/288 seg_cnt 52/288 | scores det_seg -0.8382 det_cnt 1.5286 seg_cnt -0.5878
[stage2] epoch 39/50 step 5 | loss 4.7891 | train det 0.0966 seg 0.0409 cnt 3.0129 | shared_pairs det_seg 120/288 det_cnt 103/288 seg_cnt 65/288 | scores det_seg -0.9268 det_cnt 0.9497 seg_cnt 1.0313
[stage2] epoch 39/50 step 6 | loss 4.8748 | train det 0.1412 seg 0.0312 cnt 2.5072 | shared_pairs det_seg 142/288 det_cnt 103/288 seg_cnt 43/288 | scores det_seg -0.7903 det_cnt 2.6454 seg_cnt 0.1174
[stage2] epoch 39/50 step 7 | loss 5.6276 | train det 0.0314 seg 0.0944 cnt 4.4005 | shared_pairs det_seg 143/288 det_cnt 87/288 seg_cnt 58/288 | scores det_seg 0.8269 det_cnt -0.5152 seg_cnt 0.2114
[stage2] epoch 39/50 step 8 | loss 9.2757 | train det 0.3552 seg 0.1000 cnt 3.1477 | shared_pairs det_seg 159/288 det_cnt 82/288 seg_cnt 47/288 | scores det_seg 2.4436 det_cnt -0.4754 seg_cnt 0.6420
[stage2] epoch 39/50 step 9 | loss 3.5008 | train det 0.0536 seg 0.1001 cnt 1.8962 | shared_pairs det_seg 133/288 det_cnt 89/288 seg_cnt 66/288 | scores det_seg 0.7978 det_cnt 0.7605 seg_cnt 0.7691
[stage2] epoch 39/50 step 10 | loss 3.6360 | train det 0.0194 seg 0.0628 cnt 2.8421 | shared_pairs det_seg 135/288 det_cnt 97/288 seg_cnt 56/288 | scores det_seg 0.7936 det_cnt 0.5797 seg_cnt -0.4227
[stage2] epoch 39/50 step 11 | loss 3.6157 | train det 0.0476 seg 0.0457 cnt 2.5367 | shared_pairs det_seg 137/288 det_cnt 90/288 seg_cnt 61/288 | scores det_seg 0.3078 det_cnt 0.0956 seg_cnt 0.7594
[stage2] epoch 39/50 step 12 | loss 5.7275 | train det 0.1327 seg 0.1369 cnt 2.6421 | shared_pairs det_seg 148/288 det_cnt 80/288 seg_cnt 60/288 | scores det_seg -1.4732 det_cnt -2.7733 seg_cnt 0.7311
[stage2] epoch 39/50 step 13 | loss 9.5592 | train det 0.0584 seg 0.0621 cnt 8.1871 | shared_pairs det_seg 158/288 det_cnt 79/288 seg_cnt 51/288 | scores det_seg 1.2573 det_cnt -1.5441 seg_cnt 0.0883
[stage2] epoch 39/50 step 14 | loss 3.6211 | train det 0.1001 seg 0.0930 cnt 1.3753 | shared_pairs det_seg 143/288 det_cnt 86/288 seg_cnt 59/288 | scores det_seg 0.9496 det_cnt -0.9793 seg_cnt 0.8876
[stage2] epoch 39/50 step 15 | loss 7.5756 | train det 0.2028 seg 0.0909 cnt 3.8067 | shared_pairs det_seg 141/288 det_cnt 77/288 seg_cnt 70/288 | scores det_seg 0.6501 det_cnt -2.2289 seg_cnt 2.4332
[stage2] epoch 39/50 step 16 | loss 6.9818 | train det 0.0278 seg 0.0851 cnt 5.8845 | shared_pairs det_seg 154/288 det_cnt 84/288 seg_cnt 50/288 | scores det_seg 0.6439 det_cnt -0.4199 seg_cnt 0.3360
[stage2] epoch 39/50 step 17 | loss 4.1838 | train det 0.0372 seg 0.0855 cnt 2.9426 | shared_pairs det_seg 130/288 det_cnt 90/288 seg_cnt 68/288 | scores det_seg -2.1705 det_cnt 0.0502 seg_cnt 1.1978
[stage2] epoch 39/50 step 18 | loss 6.3625 | train det 0.0532 seg 0.1197 cnt 4.6076 | shared_pairs det_seg 142/288 det_cnt 96/288 seg_cnt 50/288 | scores det_seg -0.8646 det_cnt 0.5320 seg_cnt -0.2900
[stage2] epoch 39/50 step 19 | loss 7.2040 | train det 0.2001 seg 0.0601 cnt 3.7214 | shared_pairs det_seg 142/288 det_cnt 98/288 seg_cnt 48/288 | scores det_seg 0.3373 det_cnt 0.4067 seg_cnt -0.6567
[stage2] epoch 39/50 step 20 | loss 4.1589 | train det 0.1339 seg 0.0770 cnt 1.5336 | shared_pairs det_seg 153/288 det_cnt 92/288 seg_cnt 43/288 | scores det_seg -0.2401 det_cnt 0.7526 seg_cnt -0.6121
[stage2] epoch 39/50 step 21 | loss 2.8728 | train det 0.0642 seg 0.0842 cnt 1.2364 | shared_pairs det_seg 135/288 det_cnt 96/288 seg_cnt 57/288 | scores det_seg -0.6599 det_cnt 1.0607 seg_cnt -0.1267
[stage2] epoch 39/50 step 22 | loss 2.7523 | train det 0.0858 seg 0.0872 cnt 0.7672 | shared_pairs det_seg 142/288 det_cnt 95/288 seg_cnt 51/288 | scores det_seg 0.3819 det_cnt 1.6262 seg_cnt -1.3099
[stage2] epoch 39/50 step 23 | loss 4.4489 | train det 0.1111 seg 0.0993 cnt 1.9878 | shared_pairs det_seg 137/288 det_cnt 92/288 seg_cnt 59/288 | scores det_seg -0.4017 det_cnt -0.2092 seg_cnt 0.3134
[stage2] epoch 39/50 step 24 | loss 7.8365 | train det 0.1055 seg 0.0895 cnt 5.5372 | shared_pairs det_seg 142/288 det_cnt 86/288 seg_cnt 60/288 | scores det_seg -0.9464 det_cnt -1.1044 seg_cnt 0.2297
[stage2] epoch 39/50 step 25 | loss 2.9637 | train det 0.0227 seg 0.1164 cnt 1.6924 | shared_pairs det_seg 153/288 det_cnt 83/288 seg_cnt 52/288 | scores det_seg 0.8902 det_cnt 0.4198 seg_cnt -0.1224
[stage2] epoch 39/50 step 26 | loss 12.4254 | train det 0.6344 seg 0.0634 cnt 2.4023 | shared_pairs det_seg 137/288 det_cnt 96/288 seg_cnt 55/288 | scores det_seg -2.2118 det_cnt 1.9072 seg_cnt 0.6257
[stage2] epoch 39/50 step 27 | loss 3.7851 | train det 0.0677 seg 0.0677 cnt 2.2280 | shared_pairs det_seg 157/288 det_cnt 82/288 seg_cnt 49/288 | scores det_seg 1.6605 det_cnt -0.0412 seg_cnt 0.9337
[stage2] epoch 39/50 step 28 | loss 42.1094 | train det 0.0858 seg 0.1116 cnt 39.9292 | shared_pairs det_seg 146/288 det_cnt 84/288 seg_cnt 58/288 | scores det_seg 0.0174 det_cnt -1.0603 seg_cnt 1.6131
[stage2] epoch 39/50 step 29 | loss 5.9991 | train det 0.0692 seg 0.1103 cnt 4.0780 | shared_pairs det_seg 139/288 det_cnt 93/288 seg_cnt 56/288 | scores det_seg 0.9122 det_cnt 2.4471 seg_cnt 1.9406
[stage2] epoch 39/50 step 30 | loss 3.6643 | train det 0.0599 seg 0.0582 cnt 2.2996 | shared_pairs det_seg 131/288 det_cnt 109/288 seg_cnt 48/288 | scores det_seg -0.2052 det_cnt 1.6620 seg_cnt 1.4917
[stage2] epoch 39/50 step 31 | loss 5.1835 | train det 0.0603 seg 0.0573 cnt 3.8201 | shared_pairs det_seg 131/288 det_cnt 88/288 seg_cnt 69/288 | scores det_seg -0.4217 det_cnt 0.7411 seg_cnt 1.8373
[stage2] epoch 39/50 step 32 | loss 5.7921 | train det 0.1011 seg 0.0846 cnt 3.5988 | shared_pairs det_seg 141/288 det_cnt 97/288 seg_cnt 50/288 | scores det_seg -1.4149 det_cnt -0.7472 seg_cnt -0.3600
[stage2] epoch 39/50 step 33 | loss 2.7328 | train det 0.0562 seg 0.0331 cnt 1.6251 | shared_pairs det_seg 125/288 det_cnt 99/288 seg_cnt 64/288 | scores det_seg 0.4742 det_cnt 0.4633 seg_cnt 0.5853
[stage2] epoch 39/50 step 34 | loss 5.1447 | train det 0.0767 seg 0.0923 cnt 3.2564 | shared_pairs det_seg 144/288 det_cnt 93/288 seg_cnt 51/288 | scores det_seg -0.0615 det_cnt -0.8046 seg_cnt 0.1881
[stage2] epoch 39/50 step 35 | loss 3.2663 | train det 0.0141 seg 0.0922 cnt 2.3168 | shared_pairs det_seg 141/288 det_cnt 93/288 seg_cnt 54/288 | scores det_seg 0.0835 det_cnt 0.4320 seg_cnt 0.4101
[stage2] epoch 39/50 step 36 | loss 4.4460 | train det 0.0384 seg 0.0761 cnt 3.2608 | shared_pairs det_seg 133/288 det_cnt 90/288 seg_cnt 65/288 | scores det_seg -0.1659 det_cnt -0.5863 seg_cnt 1.4043
[stage2] epoch 39/50 step 37 | loss 8.4729 | train det 0.0397 seg 0.0559 cnt 7.4307 | shared_pairs det_seg 135/288 det_cnt 97/288 seg_cnt 56/288 | scores det_seg -1.4944 det_cnt 1.0403 seg_cnt 1.1503
[stage2] epoch 39/50 step 38 | loss 3.5743 | train det 0.0368 seg 0.2336 cnt 1.1540 | shared_pairs det_seg 134/288 det_cnt 104/288 seg_cnt 50/288 | scores det_seg -1.9023 det_cnt -0.2026 seg_cnt -0.4246
[stage2] epoch 39/50 step 39 | loss 6.1825 | train det 0.0465 seg 0.0629 cnt 4.9809 | shared_pairs det_seg 155/288 det_cnt 95/288 seg_cnt 38/288 | scores det_seg 1.6258 det_cnt 1.8860 seg_cnt -2.0526
[stage2] epoch 39/50 step 40 | loss 6.1880 | train det 0.0419 seg 0.0831 cnt 4.8950 | shared_pairs det_seg 139/288 det_cnt 87/288 seg_cnt 62/288 | scores det_seg -0.3452 det_cnt -3.1446 seg_cnt 0.7668
[stage2] epoch 39/50 step 41 | loss 5.2930 | train det 0.0799 seg 0.0688 cnt 3.5431 | shared_pairs det_seg 135/288 det_cnt 98/288 seg_cnt 55/288 | scores det_seg 1.0257 det_cnt 1.7213 seg_cnt 0.6859
[stage2] epoch 39/50 step 42 | loss 6.1345 | train det 0.1179 seg 0.0405 cnt 4.0414 | shared_pairs det_seg 137/288 det_cnt 98/288 seg_cnt 53/288 | scores det_seg -0.9813 det_cnt 2.6741 seg_cnt 1.0934
[stage2] epoch 39/50 step 43 | loss 4.6217 | train det 0.0301 seg 0.0677 cnt 3.6288 | shared_pairs det_seg 153/288 det_cnt 96/288 seg_cnt 39/288 | scores det_seg 1.7372 det_cnt 1.4668 seg_cnt 0.3814
[stage2] epoch 39/50 | train 6.7887 | det 0.0915 seg 0.0798 cnt 4.7787 | selected_by_matrix_unit det_seg 6062 det_cnt 3958 seg_cnt 2364
[stage2] epoch 39 | val det 0.6950 seg 1.1110 miou 0.6129 cnt 3.8648 dens 8.617977e-01 mae 3.0030 total_mae 12.5441 | ap50 0.5142 | combo 1.460131
[stage2] epoch 40/50 step 1 | loss 3.6671 | train det 0.0845 seg 0.0637 cnt 1.8893 | shared_pairs det_seg 152/288 det_cnt 77/288 seg_cnt 59/288 | scores det_seg 0.3675 det_cnt -0.9336 seg_cnt 1.4926
[stage2] epoch 40/50 step 2 | loss 3.8499 | train det 0.0678 seg 0.1227 cnt 1.8505 | shared_pairs det_seg 167/288 det_cnt 83/288 seg_cnt 38/288 | scores det_seg 1.4344 det_cnt 0.3827 seg_cnt -2.3654
[stage2] epoch 40/50 step 3 | loss 2.0912 | train det 0.0552 seg 0.0342 cnt 0.9891 | shared_pairs det_seg 145/288 det_cnt 90/288 seg_cnt 53/288 | scores det_seg 0.8727 det_cnt -1.8980 seg_cnt -1.0947
[stage2] epoch 40/50 step 4 | loss 3.7362 | train det 0.0255 seg 0.0857 cnt 2.6682 | shared_pairs det_seg 150/288 det_cnt 90/288 seg_cnt 48/288 | scores det_seg 1.4721 det_cnt 1.9898 seg_cnt -1.2337
[stage2] epoch 40/50 step 5 | loss 3.6493 | train det 0.0588 seg 0.0831 cnt 2.1014 | shared_pairs det_seg 144/288 det_cnt 86/288 seg_cnt 58/288 | scores det_seg 0.1788 det_cnt -0.1524 seg_cnt 1.5830
[stage2] epoch 40/50 step 6 | loss 2.5724 | train det 0.0517 seg 0.0881 cnt 1.0917 | shared_pairs det_seg 145/288 det_cnt 100/288 seg_cnt 43/288 | scores det_seg 0.3453 det_cnt -0.0342 seg_cnt -0.3220
[stage2] epoch 40/50 step 7 | loss 9.0469 | train det 0.1162 seg 0.0773 cnt 6.6854 | shared_pairs det_seg 161/288 det_cnt 81/288 seg_cnt 46/288 | scores det_seg -0.6131 det_cnt -1.1798 seg_cnt -0.5296
[stage2] epoch 40/50 step 8 | loss 4.7761 | train det 0.1974 seg 0.0423 cnt 1.4762 | shared_pairs det_seg 151/288 det_cnt 87/288 seg_cnt 50/288 | scores det_seg 2.2094 det_cnt 0.0738 seg_cnt 1.9258
[stage2] epoch 40/50 step 9 | loss 5.9249 | train det 0.0639 seg 0.1169 cnt 4.0313 | shared_pairs det_seg 147/288 det_cnt 90/288 seg_cnt 51/288 | scores det_seg -1.3226 det_cnt -0.0472 seg_cnt -0.3285
[stage2] epoch 40/50 step 10 | loss 5.3263 | train det 0.0677 seg 0.1674 cnt 2.9719 | shared_pairs det_seg 139/288 det_cnt 91/288 seg_cnt 58/288 | scores det_seg 0.3031 det_cnt -0.5885 seg_cnt 1.1473
[stage2] epoch 40/50 step 11 | loss 3.4115 | train det 0.0162 seg 0.0377 cnt 2.8666 | shared_pairs det_seg 140/288 det_cnt 101/288 seg_cnt 47/288 | scores det_seg 0.8266 det_cnt 0.2770 seg_cnt 0.6644
[stage2] epoch 40/50 step 12 | loss 3.3537 | train det 0.1105 seg 0.0458 cnt 1.3295 | shared_pairs det_seg 148/288 det_cnt 90/288 seg_cnt 50/288 | scores det_seg -1.4444 det_cnt 1.8978 seg_cnt -0.7229
[stage2] epoch 40/50 step 13 | loss 2.7619 | train det 0.0205 seg 0.0539 cnt 2.0227 | shared_pairs det_seg 133/288 det_cnt 103/288 seg_cnt 52/288 | scores det_seg -0.1212 det_cnt 2.7429 seg_cnt 0.5611
[stage2] epoch 40/50 step 14 | loss 3.6105 | train det 0.0429 seg 0.0807 cnt 2.3213 | shared_pairs det_seg 139/288 det_cnt 88/288 seg_cnt 61/288 | scores det_seg 0.2325 det_cnt -0.5091 seg_cnt 0.4639
[stage2] epoch 40/50 step 15 | loss 4.7205 | train det 0.0635 seg 0.0495 cnt 3.3715 | shared_pairs det_seg 154/288 det_cnt 93/288 seg_cnt 41/288 | scores det_seg 0.4397 det_cnt -1.2991 seg_cnt -1.1380
[stage2] epoch 40/50 step 16 | loss 3.4578 | train det 0.0670 seg 0.0861 cnt 1.7644 | shared_pairs det_seg 146/288 det_cnt 94/288 seg_cnt 48/288 | scores det_seg 1.8179 det_cnt -1.1018 seg_cnt -0.0133
[stage2] epoch 40/50 step 17 | loss 7.4738 | train det 0.0824 seg 0.0553 cnt 5.7948 | shared_pairs det_seg 141/288 det_cnt 95/288 seg_cnt 52/288 | scores det_seg -0.9113 det_cnt 0.1684 seg_cnt 0.3080
[stage2] epoch 40/50 step 18 | loss 4.3153 | train det 0.0424 seg 0.1397 cnt 2.5621 | shared_pairs det_seg 143/288 det_cnt 96/288 seg_cnt 49/288 | scores det_seg 0.3665 det_cnt 0.9739 seg_cnt 1.0410
[stage2] epoch 40/50 step 19 | loss 9.0721 | train det 0.3761 seg 0.0664 cnt 2.8993 | shared_pairs det_seg 160/288 det_cnt 92/288 seg_cnt 36/288 | scores det_seg 2.2378 det_cnt 0.5727 seg_cnt -1.1857
[stage2] epoch 40/50 step 20 | loss 7.0737 | train det 0.0572 seg 0.0795 cnt 5.5791 | shared_pairs det_seg 147/288 det_cnt 96/288 seg_cnt 45/288 | scores det_seg 0.8914 det_cnt 1.0650 seg_cnt -1.1563
[stage2] epoch 40/50 step 21 | loss 4.2407 | train det 0.0302 seg 0.0954 cnt 3.0244 | shared_pairs det_seg 138/288 det_cnt 83/288 seg_cnt 67/288 | scores det_seg -0.7014 det_cnt -1.4568 seg_cnt 0.9049
[stage2] epoch 40/50 step 22 | loss 4.0673 | train det 0.0424 seg 0.0608 cnt 2.9455 | shared_pairs det_seg 145/288 det_cnt 82/288 seg_cnt 61/288 | scores det_seg -0.4398 det_cnt -1.5739 seg_cnt 0.9035
[stage2] epoch 40/50 step 23 | loss 4.0706 | train det 0.0741 seg 0.0319 cnt 2.7033 | shared_pairs det_seg 144/288 det_cnt 90/288 seg_cnt 54/288 | scores det_seg 0.9088 det_cnt 0.2421 seg_cnt 0.4526
[stage2] epoch 40/50 step 24 | loss 4.9259 | train det 0.0717 seg 0.0799 cnt 3.2105 | shared_pairs det_seg 147/288 det_cnt 92/288 seg_cnt 49/288 | scores det_seg -1.4659 det_cnt 0.1175 seg_cnt 0.1512
[stage2] epoch 40/50 step 25 | loss 6.9625 | train det 0.3077 seg 0.1070 cnt 1.4914 | shared_pairs det_seg 149/288 det_cnt 82/288 seg_cnt 57/288 | scores det_seg -1.1583 det_cnt -0.7164 seg_cnt 0.6408
[stage2] epoch 40/50 step 26 | loss 6.3513 | train det 0.2030 seg 0.1134 cnt 2.3991 | shared_pairs det_seg 144/288 det_cnt 89/288 seg_cnt 55/288 | scores det_seg 0.3584 det_cnt -1.3860 seg_cnt 0.1584
[stage2] epoch 40/50 step 27 | loss 6.6012 | train det 0.3537 seg 0.0178 cnt 1.1535 | shared_pairs det_seg 154/288 det_cnt 83/288 seg_cnt 51/288 | scores det_seg 0.7081 det_cnt -1.6100 seg_cnt -0.7908
[stage2] epoch 40/50 step 28 | loss 6.3683 | train det 0.1471 seg 0.1511 cnt 2.9537 | shared_pairs det_seg 139/288 det_cnt 98/288 seg_cnt 51/288 | scores det_seg -0.7955 det_cnt -1.4391 seg_cnt -0.0553
[stage2] epoch 40/50 step 29 | loss 3.7946 | train det 0.0630 seg 0.0649 cnt 2.3305 | shared_pairs det_seg 140/288 det_cnt 86/288 seg_cnt 62/288 | scores det_seg 1.2777 det_cnt -1.1339 seg_cnt -0.3698
[stage2] epoch 40/50 step 30 | loss 2.3112 | train det 0.0193 seg 0.0787 cnt 1.3924 | shared_pairs det_seg 161/288 det_cnt 81/288 seg_cnt 46/288 | scores det_seg 0.2665 det_cnt -1.8776 seg_cnt -0.6611
[stage2] epoch 40/50 step 31 | loss 7.0948 | train det 0.0417 seg 0.0859 cnt 5.7827 | shared_pairs det_seg 152/288 det_cnt 90/288 seg_cnt 46/288 | scores det_seg 1.7552 det_cnt 2.1620 seg_cnt -1.7153
[stage2] epoch 40/50 step 32 | loss 5.3586 | train det 0.2287 seg 0.0333 cnt 1.6612 | shared_pairs det_seg 133/288 det_cnt 104/288 seg_cnt 51/288 | scores det_seg -1.3557 det_cnt 0.5152 seg_cnt -1.4652
[stage2] epoch 40/50 step 33 | loss 6.4675 | train det 0.0353 seg 0.0872 cnt 5.2406 | shared_pairs det_seg 149/288 det_cnt 87/288 seg_cnt 52/288 | scores det_seg 0.9166 det_cnt 0.5774 seg_cnt 0.8562
[stage2] epoch 40/50 step 34 | loss 8.8416 | train det 0.3516 seg 0.0929 cnt 2.8243 | shared_pairs det_seg 154/288 det_cnt 85/288 seg_cnt 49/288 | scores det_seg 0.1824 det_cnt -0.0055 seg_cnt -0.2979
[stage2] epoch 40/50 step 35 | loss 3.7451 | train det 0.0342 seg 0.0691 cnt 2.6798 | shared_pairs det_seg 152/288 det_cnt 91/288 seg_cnt 45/288 | scores det_seg 0.0989 det_cnt -0.5723 seg_cnt -0.9530
[stage2] epoch 40/50 step 36 | loss 3.4158 | train det 0.0537 seg 0.1078 cnt 1.7483 | shared_pairs det_seg 135/288 det_cnt 98/288 seg_cnt 55/288 | scores det_seg -3.6331 det_cnt -0.7874 seg_cnt 0.1728
[stage2] epoch 40/50 step 37 | loss 3.1760 | train det 0.0595 seg 0.0811 cnt 1.6340 | shared_pairs det_seg 148/288 det_cnt 88/288 seg_cnt 52/288 | scores det_seg -1.3013 det_cnt 0.4681 seg_cnt 0.3530
[stage2] epoch 40/50 step 38 | loss 3.8875 | train det 0.0684 seg 0.0766 cnt 2.2485 | shared_pairs det_seg 149/288 det_cnt 92/288 seg_cnt 47/288 | scores det_seg 0.2673 det_cnt -0.0993 seg_cnt 0.4057
[stage2] epoch 40/50 step 39 | loss 5.2523 | train det 0.0765 seg 0.0772 cnt 3.4880 | shared_pairs det_seg 144/288 det_cnt 99/288 seg_cnt 45/288 | scores det_seg 1.2638 det_cnt 1.3613 seg_cnt -0.0504
[stage2] epoch 40/50 step 40 | loss 2.8208 | train det 0.0276 seg 0.0741 cnt 1.8145 | shared_pairs det_seg 136/288 det_cnt 98/288 seg_cnt 54/288 | scores det_seg -1.5184 det_cnt 2.6324 seg_cnt 0.9947
[stage2] epoch 40/50 step 41 | loss 7.1516 | train det 0.0652 seg 0.0489 cnt 5.7825 | shared_pairs det_seg 157/288 det_cnt 77/288 seg_cnt 54/288 | scores det_seg 0.2218 det_cnt -0.5281 seg_cnt 0.9702
[stage2] epoch 40/50 step 42 | loss 5.5500 | train det 0.0631 seg 0.1172 cnt 3.6662 | shared_pairs det_seg 153/288 det_cnt 82/288 seg_cnt 53/288 | scores det_seg 0.7987 det_cnt -0.5306 seg_cnt 0.1842
[stage2] epoch 40/50 step 43 | loss 4.1551 | train det 0.1120 seg 0.0353 cnt 2.1922 | shared_pairs det_seg 137/288 det_cnt 98/288 seg_cnt 53/288 | scores det_seg -0.4499 det_cnt 1.4288 seg_cnt -1.8922
[stage2] epoch 40/50 | train 4.8954 | det 0.0976 seg 0.0782 cnt 2.8054 | selected_by_matrix_unit det_seg 6312 det_cnt 3878 seg_cnt 2194
[stage2] epoch 40 | val det 0.6956 seg 1.1487 miou 0.6108 cnt 3.8639 dens 8.698995e-01 mae 2.9940 total_mae 14.0739 | ap50 0.5080 | combo 1.452727
[stage2] epoch 41/50 step 1 | loss 5.4815 | train det 0.0457 seg 0.0541 cnt 4.3634 | shared_pairs det_seg 133/288 det_cnt 91/288 seg_cnt 64/288 | scores det_seg -1.2230 det_cnt 0.5632 seg_cnt 0.7642
[stage2] epoch 41/50 step 2 | loss 4.3677 | train det 0.0774 seg 0.1420 cnt 2.0706 | shared_pairs det_seg 146/288 det_cnt 94/288 seg_cnt 48/288 | scores det_seg -1.4089 det_cnt 0.7358 seg_cnt 0.2028
[stage2] epoch 41/50 step 3 | loss 4.4000 | train det 0.0505 seg 0.0932 cnt 2.8963 | shared_pairs det_seg 145/288 det_cnt 93/288 seg_cnt 50/288 | scores det_seg 1.0621 det_cnt 1.3193 seg_cnt -0.1122
[stage2] epoch 41/50 step 4 | loss 6.5421 | train det 0.0574 seg 0.1471 cnt 4.5043 | shared_pairs det_seg 146/288 det_cnt 90/288 seg_cnt 52/288 | scores det_seg 0.2975 det_cnt 0.5548 seg_cnt 0.9265
[stage2] epoch 41/50 step 5 | loss 3.4419 | train det 0.0502 seg 0.0645 cnt 2.1723 | shared_pairs det_seg 158/288 det_cnt 96/288 seg_cnt 34/288 | scores det_seg 1.7391 det_cnt 0.2595 seg_cnt -1.9479
[stage2] epoch 41/50 step 6 | loss 5.0569 | train det 0.1534 seg 0.0566 cnt 2.3038 | shared_pairs det_seg 149/288 det_cnt 85/288 seg_cnt 54/288 | scores det_seg 0.7026 det_cnt -0.3970 seg_cnt -0.2133
[stage2] epoch 41/50 step 7 | loss 4.8792 | train det 0.0487 seg 0.0595 cnt 3.6735 | shared_pairs det_seg 144/288 det_cnt 91/288 seg_cnt 53/288 | scores det_seg -0.6496 det_cnt -1.4526 seg_cnt 0.9562
[stage2] epoch 41/50 step 8 | loss 5.5313 | train det 0.0513 seg 0.0522 cnt 4.3440 | shared_pairs det_seg 136/288 det_cnt 101/288 seg_cnt 51/288 | scores det_seg -2.4569 det_cnt -0.2535 seg_cnt -0.5422
[stage2] epoch 41/50 step 9 | loss 2.9774 | train det 0.0573 seg 0.1256 cnt 1.1134 | shared_pairs det_seg 147/288 det_cnt 87/288 seg_cnt 54/288 | scores det_seg -0.7913 det_cnt -3.0325 seg_cnt 0.4350
[stage2] epoch 41/50 step 10 | loss 6.8581 | train det 0.1001 seg 0.1074 cnt 4.4973 | shared_pairs det_seg 152/288 det_cnt 92/288 seg_cnt 44/288 | scores det_seg 0.8080 det_cnt 0.4763 seg_cnt -1.2921
[stage2] epoch 41/50 step 11 | loss 27.4802 | train det 0.0566 seg 0.0587 cnt 26.1615 | shared_pairs det_seg 152/288 det_cnt 78/288 seg_cnt 58/288 | scores det_seg 1.2878 det_cnt -1.9465 seg_cnt 0.7660
[stage2] epoch 41/50 step 12 | loss 8.4677 | train det 0.1166 seg 0.0157 cnt 6.5924 | shared_pairs det_seg 154/288 det_cnt 77/288 seg_cnt 57/288 | scores det_seg 1.1593 det_cnt -1.5486 seg_cnt 2.0605
[stage2] epoch 41/50 step 13 | loss 3.4118 | train det 0.0248 seg 0.0647 cnt 2.5228 | shared_pairs det_seg 159/288 det_cnt 69/288 seg_cnt 60/288 | scores det_seg 1.7648 det_cnt -2.5285 seg_cnt 0.5679
[stage2] epoch 41/50 step 14 | loss 3.8317 | train det 0.0768 seg 0.0374 cnt 2.3800 | shared_pairs det_seg 161/288 det_cnt 81/288 seg_cnt 46/288 | scores det_seg 0.3128 det_cnt -1.9891 seg_cnt -1.7449
[stage2] epoch 41/50 step 15 | loss 1.9365 | train det 0.0182 seg 0.1094 cnt 0.7887 | shared_pairs det_seg 150/288 det_cnt 75/288 seg_cnt 63/288 | scores det_seg 1.9665 det_cnt -0.2726 seg_cnt 2.0654
[stage2] epoch 41/50 step 16 | loss 6.4925 | train det 0.2159 seg 0.0916 cnt 2.5208 | shared_pairs det_seg 151/288 det_cnt 91/288 seg_cnt 46/288 | scores det_seg 0.3427 det_cnt -0.2463 seg_cnt -0.6581
[stage2] epoch 41/50 step 17 | loss 7.6778 | train det 0.3259 seg 0.1377 cnt 1.6871 | shared_pairs det_seg 142/288 det_cnt 89/288 seg_cnt 57/288 | scores det_seg -0.1526 det_cnt 1.2559 seg_cnt 0.8037
[stage2] epoch 41/50 step 18 | loss 1.7075 | train det 0.0272 seg 0.0546 cnt 0.8628 | shared_pairs det_seg 154/288 det_cnt 87/288 seg_cnt 47/288 | scores det_seg 0.1207 det_cnt -0.1636 seg_cnt -0.8708
[stage2] epoch 41/50 step 19 | loss 5.4966 | train det 0.0218 seg 0.0418 cnt 4.8352 | shared_pairs det_seg 146/288 det_cnt 86/288 seg_cnt 56/288 | scores det_seg -1.3973 det_cnt -1.2829 seg_cnt 0.7698
[stage2] epoch 41/50 step 20 | loss 7.4248 | train det 0.2369 seg 0.0503 cnt 3.4695 | shared_pairs det_seg 142/288 det_cnt 83/288 seg_cnt 63/288 | scores det_seg -1.5115 det_cnt -0.8658 seg_cnt 2.5992
[stage2] epoch 41/50 step 21 | loss 3.8935 | train det 0.0480 seg 0.0646 cnt 2.6569 | shared_pairs det_seg 145/288 det_cnt 91/288 seg_cnt 52/288 | scores det_seg -0.2764 det_cnt -0.2379 seg_cnt 0.9671
[stage2] epoch 41/50 step 22 | loss 10.1395 | train det 0.2619 seg 0.0669 cnt 5.6763 | shared_pairs det_seg 146/288 det_cnt 101/288 seg_cnt 41/288 | scores det_seg -0.0479 det_cnt 1.5879 seg_cnt -0.2009
[stage2] epoch 41/50 step 23 | loss 4.4364 | train det 0.1305 seg 0.0888 cnt 1.7692 | shared_pairs det_seg 147/288 det_cnt 92/288 seg_cnt 49/288 | scores det_seg -0.3066 det_cnt 0.4148 seg_cnt -1.4217
[stage2] epoch 41/50 step 24 | loss 6.9819 | train det 0.1415 seg 0.0730 cnt 4.2752 | shared_pairs det_seg 137/288 det_cnt 100/288 seg_cnt 51/288 | scores det_seg -1.7666 det_cnt 0.6868 seg_cnt -0.4963
[stage2] epoch 41/50 step 25 | loss 7.8963 | train det 0.1858 seg 0.0888 cnt 4.3988 | shared_pairs det_seg 148/288 det_cnt 96/288 seg_cnt 44/288 | scores det_seg -0.3344 det_cnt 1.8781 seg_cnt -0.7515
[stage2] epoch 41/50 step 26 | loss 2.9198 | train det 0.0475 seg 0.0570 cnt 1.7510 | shared_pairs det_seg 161/288 det_cnt 81/288 seg_cnt 46/288 | scores det_seg 1.0802 det_cnt -0.6467 seg_cnt -0.4181
[stage2] epoch 41/50 step 27 | loss 9.3874 | train det 0.3407 seg 0.1124 cnt 3.3778 | shared_pairs det_seg 142/288 det_cnt 90/288 seg_cnt 56/288 | scores det_seg -1.2033 det_cnt -1.3909 seg_cnt -0.7696
[stage2] epoch 41/50 step 28 | loss 13.5321 | train det 0.6289 seg 0.0571 cnt 3.6415 | shared_pairs det_seg 154/288 det_cnt 90/288 seg_cnt 44/288 | scores det_seg -0.2804 det_cnt 0.8728 seg_cnt -0.1347
[stage2] epoch 41/50 step 29 | loss 3.4522 | train det 0.0422 seg 0.0604 cnt 2.3362 | shared_pairs det_seg 124/288 det_cnt 97/288 seg_cnt 67/288 | scores det_seg 0.0879 det_cnt 1.0910 seg_cnt 2.7226
[stage2] epoch 41/50 step 30 | loss 4.6051 | train det 0.1256 seg 0.0578 cnt 2.2589 | shared_pairs det_seg 135/288 det_cnt 96/288 seg_cnt 57/288 | scores det_seg -0.9532 det_cnt -0.2139 seg_cnt 0.6068
[stage2] epoch 41/50 step 31 | loss 6.4987 | train det 0.1129 seg 0.0711 cnt 4.2354 | shared_pairs det_seg 150/288 det_cnt 83/288 seg_cnt 55/288 | scores det_seg 0.6923 det_cnt 0.8542 seg_cnt -0.4618
[stage2] epoch 41/50 step 32 | loss 8.0827 | train det 0.1247 seg 0.0861 cnt 5.5229 | shared_pairs det_seg 142/288 det_cnt 84/288 seg_cnt 62/288 | scores det_seg -0.5007 det_cnt -2.7188 seg_cnt 1.4243
[stage2] epoch 41/50 step 33 | loss 3.6430 | train det 0.1077 seg 0.0498 cnt 1.6290 | shared_pairs det_seg 143/288 det_cnt 103/288 seg_cnt 42/288 | scores det_seg 0.8236 det_cnt -0.1775 seg_cnt -2.0581
[stage2] epoch 41/50 step 34 | loss 11.5611 | train det 0.4167 seg 0.0727 cnt 4.7285 | shared_pairs det_seg 158/288 det_cnt 84/288 seg_cnt 46/288 | scores det_seg 2.2193 det_cnt 1.1509 seg_cnt 0.7529
[stage2] epoch 41/50 step 35 | loss 33.3351 | train det 0.0565 seg 0.0787 cnt 31.8582 | shared_pairs det_seg 131/288 det_cnt 98/288 seg_cnt 59/288 | scores det_seg -0.3075 det_cnt -0.8457 seg_cnt 0.4982
[stage2] epoch 41/50 step 36 | loss 7.5364 | train det 0.0767 seg 0.0583 cnt 5.9195 | shared_pairs det_seg 136/288 det_cnt 97/288 seg_cnt 55/288 | scores det_seg -0.6841 det_cnt 2.0833 seg_cnt -0.1780
[stage2] epoch 41/50 step 37 | loss 3.3640 | train det 0.0259 seg 0.0641 cnt 2.4625 | shared_pairs det_seg 163/288 det_cnt 76/288 seg_cnt 49/288 | scores det_seg 0.6405 det_cnt -1.3845 seg_cnt 0.1581
[stage2] epoch 41/50 step 38 | loss 4.5497 | train det 0.0826 seg 0.0569 cnt 2.8554 | shared_pairs det_seg 140/288 det_cnt 102/288 seg_cnt 46/288 | scores det_seg 0.5585 det_cnt -0.0530 seg_cnt -0.7423
[stage2] epoch 41/50 step 39 | loss 2.5265 | train det 0.0493 seg 0.0577 cnt 1.3260 | shared_pairs det_seg 152/288 det_cnt 80/288 seg_cnt 56/288 | scores det_seg 1.4863 det_cnt -0.3941 seg_cnt -0.5040
[stage2] epoch 41/50 step 40 | loss 4.1409 | train det 0.0700 seg 0.0805 cnt 2.4470 | shared_pairs det_seg 130/288 det_cnt 105/288 seg_cnt 53/288 | scores det_seg -2.2322 det_cnt -0.5226 seg_cnt -0.1651
[stage2] epoch 41/50 step 41 | loss 3.2562 | train det 0.0303 seg 0.0818 cnt 2.1476 | shared_pairs det_seg 137/288 det_cnt 96/288 seg_cnt 55/288 | scores det_seg 1.3254 det_cnt 1.9198 seg_cnt 0.8360
[stage2] epoch 41/50 step 42 | loss 3.8792 | train det 0.1286 seg 0.1303 cnt 0.9079 | shared_pairs det_seg 140/288 det_cnt 90/288 seg_cnt 58/288 | scores det_seg 0.4991 det_cnt -0.4167 seg_cnt 0.7027
[stage2] epoch 41/50 step 43 | loss 5.0899 | train det 0.0518 seg 0.0396 cnt 3.9969 | shared_pairs det_seg 150/288 det_cnt 88/288 seg_cnt 50/288 | scores det_seg 1.0939 det_cnt 1.0422 seg_cnt 0.1588
[stage2] epoch 41/50 | train 6.7016 | det 0.1186 seg 0.0749 cnt 4.3241 | selected_by_matrix_unit det_seg 6278 det_cnt 3856 seg_cnt 2250
[stage2] epoch 41 | val det 0.6681 seg 1.1238 miou 0.6138 cnt 3.7619 dens 8.651477e-01 mae 2.8968 total_mae 12.4609 | ap50 0.5115 | combo 1.470524
[ckpt] new best cached (stage2 epoch 41, combo 1.470524)
[stage2] epoch 42/50 step 1 | loss 4.4089 | train det 0.0178 seg 0.0564 cnt 3.6905 | shared_pairs det_seg 155/288 det_cnt 83/288 seg_cnt 50/288 | scores det_seg -1.7035 det_cnt -1.3811 seg_cnt -1.1506
[stage2] epoch 42/50 step 2 | loss 2.9228 | train det 0.0617 seg 0.0960 cnt 1.2291 | shared_pairs det_seg 138/288 det_cnt 97/288 seg_cnt 53/288 | scores det_seg 0.3058 det_cnt 0.2060 seg_cnt 0.4493
[stage2] epoch 42/50 step 3 | loss 6.5226 | train det 0.2218 seg 0.0731 cnt 2.6112 | shared_pairs det_seg 159/288 det_cnt 71/288 seg_cnt 58/288 | scores det_seg 0.6198 det_cnt -3.4112 seg_cnt 1.0071
[stage2] epoch 42/50 step 4 | loss 6.0263 | train det 0.1281 seg 0.0905 cnt 3.3811 | shared_pairs det_seg 159/288 det_cnt 88/288 seg_cnt 41/288 | scores det_seg 1.1332 det_cnt -0.8714 seg_cnt -0.1747
[stage2] epoch 42/50 step 5 | loss 4.7577 | train det 0.0782 seg 0.0565 cnt 3.1333 | shared_pairs det_seg 151/288 det_cnt 88/288 seg_cnt 49/288 | scores det_seg 2.3889 det_cnt -0.4454 seg_cnt 0.9374
[stage2] epoch 42/50 step 6 | loss 7.2830 | train det 0.0837 seg 0.1006 cnt 5.2228 | shared_pairs det_seg 125/288 det_cnt 104/288 seg_cnt 59/288 | scores det_seg -0.4816 det_cnt 2.4564 seg_cnt 1.4809
[stage2] epoch 42/50 step 7 | loss 4.0916 | train det 0.0569 seg 0.0304 cnt 2.9944 | shared_pairs det_seg 131/288 det_cnt 89/288 seg_cnt 68/288 | scores det_seg -0.4317 det_cnt 0.2251 seg_cnt 1.1799
[stage2] epoch 42/50 step 8 | loss 6.6512 | train det 0.1075 seg 0.0770 cnt 4.4232 | shared_pairs det_seg 137/288 det_cnt 94/288 seg_cnt 57/288 | scores det_seg -1.7643 det_cnt -0.4526 seg_cnt 0.9931
[stage2] epoch 42/50 step 9 | loss 4.7793 | train det 0.0764 seg 0.0575 cnt 3.1726 | shared_pairs det_seg 155/288 det_cnt 87/288 seg_cnt 46/288 | scores det_seg -1.1424 det_cnt 1.1631 seg_cnt 0.3308
[stage2] epoch 42/50 step 10 | loss 5.0541 | train det 0.1241 seg 0.0927 cnt 2.4516 | shared_pairs det_seg 149/288 det_cnt 80/288 seg_cnt 59/288 | scores det_seg 0.3127 det_cnt -2.1279 seg_cnt -0.2145
[stage2] epoch 42/50 step 11 | loss 3.1699 | train det 0.0605 seg 0.0263 cnt 2.0525 | shared_pairs det_seg 151/288 det_cnt 83/288 seg_cnt 54/288 | scores det_seg -0.3639 det_cnt -0.5021 seg_cnt -0.0063
[stage2] epoch 42/50 step 12 | loss 7.0792 | train det 0.1366 seg 0.0719 cnt 4.4544 | shared_pairs det_seg 134/288 det_cnt 89/288 seg_cnt 65/288 | scores det_seg -1.9046 det_cnt -2.8864 seg_cnt 1.1173
[stage2] epoch 42/50 step 13 | loss 3.3429 | train det 0.0727 seg 0.1168 cnt 1.3184 | shared_pairs det_seg 142/288 det_cnt 90/288 seg_cnt 56/288 | scores det_seg -0.0728 det_cnt -2.3420 seg_cnt -0.0881
[stage2] epoch 42/50 step 14 | loss 2.4133 | train det 0.0793 seg 0.0462 cnt 0.8538 | shared_pairs det_seg 160/288 det_cnt 88/288 seg_cnt 40/288 | scores det_seg 2.2604 det_cnt 0.8647 seg_cnt -1.7943
[stage2] epoch 42/50 step 15 | loss 6.1991 | train det 0.2014 seg 0.0996 cnt 2.3806 | shared_pairs det_seg 144/288 det_cnt 94/288 seg_cnt 50/288 | scores det_seg -1.0657 det_cnt 1.1147 seg_cnt -0.1257
[stage2] epoch 42/50 step 16 | loss 3.5039 | train det 0.0706 seg 0.0502 cnt 2.0432 | shared_pairs det_seg 153/288 det_cnt 92/288 seg_cnt 43/288 | scores det_seg 0.6501 det_cnt 0.1365 seg_cnt -0.4822
[stage2] epoch 42/50 step 17 | loss 7.2261 | train det 0.0761 seg 0.1291 cnt 5.0522 | shared_pairs det_seg 141/288 det_cnt 98/288 seg_cnt 49/288 | scores det_seg -1.2987 det_cnt -0.2561 seg_cnt -1.4955
[stage2] epoch 42/50 step 18 | loss 5.0595 | train det 0.1124 seg 0.0876 cnt 2.6720 | shared_pairs det_seg 143/288 det_cnt 96/288 seg_cnt 49/288 | scores det_seg -0.1514 det_cnt 0.7554 seg_cnt -0.9272
[stage2] epoch 42/50 step 19 | loss 4.7415 | train det 0.1279 seg 0.0839 cnt 2.1516 | shared_pairs det_seg 152/288 det_cnt 88/288 seg_cnt 48/288 | scores det_seg -1.6431 det_cnt 0.7587 seg_cnt -1.1080
[stage2] epoch 42/50 step 20 | loss 5.2686 | train det 0.0764 seg 0.1165 cnt 3.1908 | shared_pairs det_seg 125/288 det_cnt 99/288 seg_cnt 64/288 | scores det_seg -1.4788 det_cnt 1.9500 seg_cnt 0.6409
[stage2] epoch 42/50 step 21 | loss 4.1502 | train det 0.1103 seg 0.1074 cnt 1.6366 | shared_pairs det_seg 141/288 det_cnt 87/288 seg_cnt 60/288 | scores det_seg -0.2170 det_cnt -0.1445 seg_cnt -0.2482
[stage2] epoch 42/50 step 22 | loss 2.9031 | train det 0.0354 seg 0.0554 cnt 1.9292 | shared_pairs det_seg 172/288 det_cnt 81/288 seg_cnt 35/288 | scores det_seg 0.5981 det_cnt -3.4230 seg_cnt -1.5345
[stage2] epoch 42/50 step 23 | loss 6.5328 | train det 0.2153 seg 0.0443 cnt 2.9491 | shared_pairs det_seg 141/288 det_cnt 96/288 seg_cnt 51/288 | scores det_seg -2.1049 det_cnt -2.1500 seg_cnt -0.8288
[stage2] epoch 42/50 step 24 | loss 3.4795 | train det 0.0772 seg 0.0508 cnt 1.9158 | shared_pairs det_seg 147/288 det_cnt 76/288 seg_cnt 65/288 | scores det_seg 1.4823 det_cnt 0.8167 seg_cnt 0.7556
[stage2] epoch 42/50 step 25 | loss 8.2025 | train det 0.1383 seg 0.0744 cnt 5.5330 | shared_pairs det_seg 134/288 det_cnt 98/288 seg_cnt 56/288 | scores det_seg -1.5956 det_cnt 0.5706 seg_cnt 0.6421
[stage2] epoch 42/50 step 26 | loss 2.4959 | train det 0.0464 seg 0.0723 cnt 1.2213 | shared_pairs det_seg 138/288 det_cnt 91/288 seg_cnt 59/288 | scores det_seg -0.4199 det_cnt -1.0921 seg_cnt 0.9885
[stage2] epoch 42/50 step 27 | loss 3.6254 | train det 0.0551 seg 0.0456 cnt 2.4338 | shared_pairs det_seg 136/288 det_cnt 93/288 seg_cnt 59/288 | scores det_seg -0.9145 det_cnt -0.0219 seg_cnt 1.3392
[stage2] epoch 42/50 step 28 | loss 3.4330 | train det 0.0576 seg 0.0737 cnt 1.9795 | shared_pairs det_seg 140/288 det_cnt 96/288 seg_cnt 52/288 | scores det_seg -1.4890 det_cnt 1.4598 seg_cnt -0.5980
[stage2] epoch 42/50 step 29 | loss 4.8044 | train det 0.0445 seg 0.0956 cnt 3.3728 | shared_pairs det_seg 139/288 det_cnt 92/288 seg_cnt 57/288 | scores det_seg -0.2517 det_cnt -0.5950 seg_cnt 1.3849
[stage2] epoch 42/50 step 30 | loss 16.3821 | train det 0.6346 seg 0.0665 cnt 6.3313 | shared_pairs det_seg 139/288 det_cnt 90/288 seg_cnt 59/288 | scores det_seg -0.5268 det_cnt -0.0874 seg_cnt 1.7109
[stage2] epoch 42/50 step 31 | loss 4.6562 | train det 0.0829 seg 0.0337 cnt 3.1437 | shared_pairs det_seg 146/288 det_cnt 90/288 seg_cnt 52/288 | scores det_seg 2.4267 det_cnt -1.5821 seg_cnt 0.2233
[stage2] epoch 42/50 step 32 | loss 6.3903 | train det 0.1697 seg 0.1112 cnt 2.9546 | shared_pairs det_seg 130/288 det_cnt 104/288 seg_cnt 54/288 | scores det_seg -0.0587 det_cnt 0.0102 seg_cnt 0.9497
[stage2] epoch 42/50 step 33 | loss 11.6519 | train det 0.5704 seg 0.0894 cnt 2.3813 | shared_pairs det_seg 132/288 det_cnt 94/288 seg_cnt 62/288 | scores det_seg 0.2164 det_cnt -1.4131 seg_cnt 0.9853
[stage2] epoch 42/50 step 34 | loss 3.2829 | train det 0.0333 seg 0.0900 cnt 2.0632 | shared_pairs det_seg 137/288 det_cnt 85/288 seg_cnt 66/288 | scores det_seg -1.6681 det_cnt -0.4742 seg_cnt 0.4109
[stage2] epoch 42/50 step 35 | loss 4.9772 | train det 0.1508 seg 0.0854 cnt 2.0328 | shared_pairs det_seg 139/288 det_cnt 98/288 seg_cnt 51/288 | scores det_seg -1.0617 det_cnt 0.3139 seg_cnt 0.9310
[stage2] epoch 42/50 step 36 | loss 6.2501 | train det 0.0948 seg 0.0832 cnt 4.1627 | shared_pairs det_seg 132/288 det_cnt 99/288 seg_cnt 57/288 | scores det_seg -2.7927 det_cnt 0.0565 seg_cnt -0.8074
[stage2] epoch 42/50 step 37 | loss 2.5176 | train det 0.0255 seg 0.0688 cnt 1.5849 | shared_pairs det_seg 148/288 det_cnt 87/288 seg_cnt 53/288 | scores det_seg -1.2155 det_cnt -1.0272 seg_cnt 0.4931
[stage2] epoch 42/50 step 38 | loss 2.1971 | train det 0.0547 seg 0.0674 cnt 0.8380 | shared_pairs det_seg 162/288 det_cnt 74/288 seg_cnt 52/288 | scores det_seg 1.6847 det_cnt 0.0768 seg_cnt 0.6498
[stage2] epoch 42/50 step 39 | loss 6.2574 | train det 0.1770 seg 0.0888 cnt 2.8918 | shared_pairs det_seg 145/288 det_cnt 82/288 seg_cnt 61/288 | scores det_seg 0.0071 det_cnt -1.6358 seg_cnt -0.6111
[stage2] epoch 42/50 step 40 | loss 4.4318 | train det 0.1098 seg 0.0554 cnt 2.3416 | shared_pairs det_seg 144/288 det_cnt 89/288 seg_cnt 55/288 | scores det_seg -0.6836 det_cnt -1.5500 seg_cnt -0.5433
[stage2] epoch 42/50 step 41 | loss 6.1839 | train det 0.0518 seg 0.1031 cnt 4.5830 | shared_pairs det_seg 136/288 det_cnt 99/288 seg_cnt 53/288 | scores det_seg -0.5231 det_cnt 0.4317 seg_cnt -0.8544
[stage2] epoch 42/50 step 42 | loss 5.1492 | train det 0.0894 seg 0.0689 cnt 3.2575 | shared_pairs det_seg 132/288 det_cnt 91/288 seg_cnt 65/288 | scores det_seg -0.9552 det_cnt 0.2400 seg_cnt -0.2950
[stage2] epoch 42/50 step 43 | loss 3.7833 | train det 0.0793 seg 0.0917 cnt 1.8605 | shared_pairs det_seg 141/288 det_cnt 84/288 seg_cnt 63/288 | scores det_seg -0.4556 det_cnt 0.0786 seg_cnt 0.9202
[stage2] epoch 42/50 | train 5.2149 | det 0.1180 seg 0.0763 cnt 2.8344 | selected_by_matrix_unit det_seg 6155 det_cnt 3874 seg_cnt 2355
[stage2] epoch 42 | val det 0.6864 seg 1.1365 miou 0.6090 cnt 4.2060 dens 8.768333e-01 mae 3.3292 total_mae 19.3269 | ap50 0.5061 | combo 1.415429
[stage2] epoch 43/50 step 1 | loss 5.1464 | train det 0.1479 seg 0.1425 cnt 1.7879 | shared_pairs det_seg 157/288 det_cnt 97/288 seg_cnt 34/288 | scores det_seg 0.5251 det_cnt -0.2455 seg_cnt -1.3415
[stage2] epoch 43/50 step 2 | loss 4.0067 | train det 0.1062 seg 0.0841 cnt 1.7413 | shared_pairs det_seg 150/288 det_cnt 81/288 seg_cnt 57/288 | scores det_seg -0.2399 det_cnt -2.5207 seg_cnt 1.5450
[stage2] epoch 43/50 step 3 | loss 5.8008 | train det 0.0862 seg 0.0824 cnt 3.8483 | shared_pairs det_seg 137/288 det_cnt 90/288 seg_cnt 61/288 | scores det_seg -1.5334 det_cnt 1.0734 seg_cnt 0.4886
[stage2] epoch 43/50 step 4 | loss 5.5503 | train det 0.0923 seg 0.0546 cnt 3.7282 | shared_pairs det_seg 142/288 det_cnt 97/288 seg_cnt 49/288 | scores det_seg 1.0154 det_cnt 2.6230 seg_cnt 1.2961
[stage2] epoch 43/50 step 5 | loss 3.5587 | train det 0.0777 seg 0.0854 cnt 1.7106 | shared_pairs det_seg 138/288 det_cnt 103/288 seg_cnt 47/288 | scores det_seg 0.2825 det_cnt 0.5600 seg_cnt -0.1342
[stage2] epoch 43/50 step 6 | loss 7.0331 | train det 0.0725 seg 0.0706 cnt 5.3804 | shared_pairs det_seg 154/288 det_cnt 82/288 seg_cnt 52/288 | scores det_seg 1.3497 det_cnt -1.2858 seg_cnt -1.6962
[stage2] epoch 43/50 step 7 | loss 4.7105 | train det 0.1240 seg 0.1671 cnt 1.5133 | shared_pairs det_seg 144/288 det_cnt 94/288 seg_cnt 50/288 | scores det_seg 0.4066 det_cnt 1.8804 seg_cnt -0.9498
[stage2] epoch 43/50 step 8 | loss 3.5076 | train det 0.1313 seg 0.0428 cnt 1.1963 | shared_pairs det_seg 150/288 det_cnt 86/288 seg_cnt 52/288 | scores det_seg -1.0828 det_cnt -0.9630 seg_cnt 1.6701
[stage2] epoch 43/50 step 9 | loss 3.0089 | train det 0.0163 seg 0.0461 cnt 2.3961 | shared_pairs det_seg 147/288 det_cnt 95/288 seg_cnt 46/288 | scores det_seg 0.3684 det_cnt 0.5041 seg_cnt 0.1782
[stage2] epoch 43/50 step 10 | loss 2.7626 | train det 0.0612 seg 0.0395 cnt 1.5292 | shared_pairs det_seg 153/288 det_cnt 94/288 seg_cnt 41/288 | scores det_seg 0.6799 det_cnt 3.0347 seg_cnt -0.6878
[stage2] epoch 43/50 step 11 | loss 4.9023 | train det 0.1199 seg 0.1579 cnt 1.8407 | shared_pairs det_seg 142/288 det_cnt 104/288 seg_cnt 42/288 | scores det_seg -2.2477 det_cnt 1.2627 seg_cnt -0.6374
[stage2] epoch 43/50 step 12 | loss 8.2746 | train det 0.1684 seg 0.1554 cnt 4.5046 | shared_pairs det_seg 133/288 det_cnt 97/288 seg_cnt 58/288 | scores det_seg -2.1615 det_cnt -1.5878 seg_cnt 0.2398
[stage2] epoch 43/50 step 13 | loss 6.0755 | train det 0.2043 seg 0.0832 cnt 2.3446 | shared_pairs det_seg 141/288 det_cnt 93/288 seg_cnt 54/288 | scores det_seg 0.1575 det_cnt 0.9214 seg_cnt 0.2787
[stage2] epoch 43/50 step 14 | loss 3.6005 | train det 0.0221 seg 0.0669 cnt 2.7342 | shared_pairs det_seg 154/288 det_cnt 83/288 seg_cnt 51/288 | scores det_seg 0.8570 det_cnt 0.0470 seg_cnt -0.2047
[stage2] epoch 43/50 step 15 | loss 5.5525 | train det 0.0811 seg 0.0772 cnt 3.7193 | shared_pairs det_seg 149/288 det_cnt 83/288 seg_cnt 56/288 | scores det_seg 1.8220 det_cnt 0.1314 seg_cnt 0.3535
[stage2] epoch 43/50 step 16 | loss 2.6915 | train det 0.0167 seg 0.0883 cnt 1.7349 | shared_pairs det_seg 152/288 det_cnt 93/288 seg_cnt 43/288 | scores det_seg -1.0042 det_cnt -0.2419 seg_cnt 1.0168
[stage2] epoch 43/50 step 17 | loss 4.6411 | train det 0.0260 seg 0.0890 cnt 3.5390 | shared_pairs det_seg 133/288 det_cnt 97/288 seg_cnt 58/288 | scores det_seg -2.3199 det_cnt 0.4041 seg_cnt 0.8786
[stage2] epoch 43/50 step 18 | loss 7.2728 | train det 0.0453 seg 0.0925 cnt 5.8536 | shared_pairs det_seg 131/288 det_cnt 84/288 seg_cnt 73/288 | scores det_seg -1.7567 det_cnt -1.0566 seg_cnt 1.3198
[stage2] epoch 43/50 step 19 | loss 5.1544 | train det 0.0291 seg 0.1317 cnt 3.6644 | shared_pairs det_seg 137/288 det_cnt 96/288 seg_cnt 55/288 | scores det_seg 0.3963 det_cnt -1.2478 seg_cnt 0.8260
[stage2] epoch 43/50 step 20 | loss 4.8410 | train det 0.1202 seg 0.0702 cnt 2.4760 | shared_pairs det_seg 151/288 det_cnt 93/288 seg_cnt 44/288 | scores det_seg -1.0510 det_cnt 0.1031 seg_cnt -0.8954
[stage2] epoch 43/50 step 21 | loss 5.2184 | train det 0.1199 seg 0.0699 cnt 2.8613 | shared_pairs det_seg 141/288 det_cnt 100/288 seg_cnt 47/288 | scores det_seg -0.8127 det_cnt 1.2900 seg_cnt -0.5156
[stage2] epoch 43/50 step 22 | loss 3.0912 | train det 0.0290 seg 0.1364 cnt 1.5649 | shared_pairs det_seg 157/288 det_cnt 83/288 seg_cnt 48/288 | scores det_seg 1.8261 det_cnt -0.2453 seg_cnt -1.1409
[stage2] epoch 43/50 step 23 | loss 3.0238 | train det 0.0611 seg 0.0548 cnt 1.6690 | shared_pairs det_seg 158/288 det_cnt 80/288 seg_cnt 50/288 | scores det_seg -0.3800 det_cnt -3.9268 seg_cnt -1.9631
[stage2] epoch 43/50 step 24 | loss 5.9471 | train det 0.0868 seg 0.1025 cnt 3.8243 | shared_pairs det_seg 147/288 det_cnt 76/288 seg_cnt 65/288 | scores det_seg -0.0335 det_cnt -0.9052 seg_cnt 1.1214
[stage2] epoch 43/50 step 25 | loss 3.4352 | train det 0.0791 seg 0.0511 cnt 1.8398 | shared_pairs det_seg 153/288 det_cnt 85/288 seg_cnt 50/288 | scores det_seg -0.0543 det_cnt 0.6551 seg_cnt -0.8898
[stage2] epoch 43/50 step 26 | loss 3.2522 | train det 0.0692 seg 0.0476 cnt 1.8340 | shared_pairs det_seg 149/288 det_cnt 89/288 seg_cnt 50/288 | scores det_seg 0.2320 det_cnt 1.7264 seg_cnt 0.4221
[stage2] epoch 43/50 step 27 | loss 4.7858 | train det 0.0980 seg 0.0717 cnt 2.7431 | shared_pairs det_seg 141/288 det_cnt 87/288 seg_cnt 60/288 | scores det_seg -0.3158 det_cnt -1.8205 seg_cnt 2.5155
[stage2] epoch 43/50 step 28 | loss 8.0691 | train det 0.1638 seg 0.1116 cnt 4.7193 | shared_pairs det_seg 158/288 det_cnt 84/288 seg_cnt 46/288 | scores det_seg 0.6876 det_cnt 0.9370 seg_cnt -0.9001
[stage2] epoch 43/50 step 29 | loss 8.3120 | train det 0.3658 seg 0.1127 cnt 1.9235 | shared_pairs det_seg 132/288 det_cnt 98/288 seg_cnt 58/288 | scores det_seg -1.6107 det_cnt 0.9906 seg_cnt 0.2788
[stage2] epoch 43/50 step 30 | loss 7.7320 | train det 0.0794 seg 0.0583 cnt 6.0739 | shared_pairs det_seg 142/288 det_cnt 91/288 seg_cnt 55/288 | scores det_seg -2.7360 det_cnt 1.4772 seg_cnt 0.6131
[stage2] epoch 43/50 step 31 | loss 2.7079 | train det 0.0576 seg 0.1072 cnt 0.9866 | shared_pairs det_seg 149/288 det_cnt 82/288 seg_cnt 57/288 | scores det_seg -0.2325 det_cnt -0.4849 seg_cnt -0.1785
[stage2] epoch 43/50 step 32 | loss 3.7858 | train det 0.1018 seg 0.0618 cnt 1.7652 | shared_pairs det_seg 140/288 det_cnt 74/288 seg_cnt 74/288 | scores det_seg -1.6792 det_cnt -0.4805 seg_cnt 1.7464
[stage2] epoch 43/50 step 33 | loss 7.0363 | train det 0.2946 seg 0.0541 cnt 2.1844 | shared_pairs det_seg 158/288 det_cnt 85/288 seg_cnt 45/288 | scores det_seg -0.0273 det_cnt -1.2200 seg_cnt -0.0262
[stage2] epoch 43/50 step 34 | loss 10.8608 | train det 0.5513 seg 0.0860 cnt 1.9036 | shared_pairs det_seg 131/288 det_cnt 94/288 seg_cnt 63/288 | scores det_seg 0.5288 det_cnt 1.9093 seg_cnt 1.0053
[stage2] epoch 43/50 step 35 | loss 3.0354 | train det 0.0507 seg 0.0709 cnt 1.7082 | shared_pairs det_seg 138/288 det_cnt 96/288 seg_cnt 54/288 | scores det_seg -0.4970 det_cnt -1.1499 seg_cnt -1.6500
[stage2] epoch 43/50 step 36 | loss 6.0272 | train det 0.0392 seg 0.0905 cnt 4.7146 | shared_pairs det_seg 146/288 det_cnt 91/288 seg_cnt 51/288 | scores det_seg 0.8990 det_cnt 1.4230 seg_cnt -0.7236
[stage2] epoch 43/50 step 37 | loss 6.4091 | train det 0.1976 seg 0.1634 cnt 2.1380 | shared_pairs det_seg 153/288 det_cnt 77/288 seg_cnt 58/288 | scores det_seg -0.5040 det_cnt -1.1404 seg_cnt -0.5055
[stage2] epoch 43/50 step 38 | loss 5.3826 | train det 0.1317 seg 0.0666 cnt 2.8750 | shared_pairs det_seg 144/288 det_cnt 90/288 seg_cnt 54/288 | scores det_seg -0.0231 det_cnt 1.9019 seg_cnt 0.8342
[stage2] epoch 43/50 step 39 | loss 5.6464 | train det 0.0793 seg 0.0978 cnt 3.6747 | shared_pairs det_seg 155/288 det_cnt 89/288 seg_cnt 44/288 | scores det_seg -0.8822 det_cnt -0.5686 seg_cnt -0.9451
[stage2] epoch 43/50 step 40 | loss 3.6269 | train det 0.0738 seg 0.0979 cnt 1.7368 | shared_pairs det_seg 151/288 det_cnt 93/288 seg_cnt 44/288 | scores det_seg -1.0935 det_cnt 1.4820 seg_cnt -0.5777
[stage2] epoch 43/50 step 41 | loss 5.3710 | train det 0.0453 seg 0.0705 cnt 4.1269 | shared_pairs det_seg 151/288 det_cnt 81/288 seg_cnt 56/288 | scores det_seg -0.0108 det_cnt -0.1031 seg_cnt 0.8825
[stage2] epoch 43/50 step 42 | loss 7.0596 | train det 0.0703 seg 0.0476 cnt 5.6248 | shared_pairs det_seg 141/288 det_cnt 102/288 seg_cnt 45/288 | scores det_seg -0.9721 det_cnt 2.3162 seg_cnt 0.7548
[stage2] epoch 43/50 step 43 | loss 6.6361 | train det 0.1625 seg 0.0300 cnt 3.9576 | shared_pairs det_seg 152/288 det_cnt 92/288 seg_cnt 44/288 | scores det_seg -0.2697 det_cnt -1.1110 seg_cnt -0.9567
[stage2] epoch 43/50 | train 5.2220 | det 0.1106 seg 0.0858 cnt 2.8766 | selected_by_matrix_unit det_seg 6282 det_cnt 3861 seg_cnt 2241
[stage2] epoch 43 | val det 0.6783 seg 1.1282 miou 0.6124 cnt 3.7743 dens 8.594356e-01 mae 2.9148 total_mae 12.8240 | ap50 0.5104 | combo 1.465881
[stage2] epoch 44/50 step 1 | loss 5.7350 | train det 0.1801 seg 0.0923 cnt 2.2952 | shared_pairs det_seg 127/288 det_cnt 108/288 seg_cnt 53/288 | scores det_seg -2.3220 det_cnt 3.6154 seg_cnt 0.8529
[stage2] epoch 44/50 step 2 | loss 4.7803 | train det 0.0859 seg 0.0607 cnt 3.0067 | shared_pairs det_seg 142/288 det_cnt 100/288 seg_cnt 46/288 | scores det_seg -2.6905 det_cnt 0.6809 seg_cnt 0.1827
[stage2] epoch 44/50 step 3 | loss 4.7450 | train det 0.0200 seg 0.0835 cnt 3.7778 | shared_pairs det_seg 145/288 det_cnt 88/288 seg_cnt 55/288 | scores det_seg -0.0483 det_cnt 1.3640 seg_cnt 0.0675
[stage2] epoch 44/50 step 4 | loss 3.7334 | train det 0.1464 seg 0.0555 cnt 1.0940 | shared_pairs det_seg 138/288 det_cnt 82/288 seg_cnt 68/288 | scores det_seg -0.1526 det_cnt -1.0111 seg_cnt 1.4323
[stage2] epoch 44/50 step 5 | loss 4.2269 | train det 0.0368 seg 0.0529 cnt 3.2517 | shared_pairs det_seg 158/288 det_cnt 83/288 seg_cnt 47/288 | scores det_seg 1.0713 det_cnt -2.3072 seg_cnt -0.4281
[stage2] epoch 44/50 step 6 | loss 6.2819 | train det 0.1009 seg 0.1002 cnt 3.9665 | shared_pairs det_seg 138/288 det_cnt 95/288 seg_cnt 55/288 | scores det_seg -0.5219 det_cnt -0.8996 seg_cnt 0.9460
[stage2] epoch 44/50 step 7 | loss 7.9461 | train det 0.4030 seg 0.0751 cnt 1.2995 | shared_pairs det_seg 127/288 det_cnt 103/288 seg_cnt 58/288 | scores det_seg -0.6386 det_cnt 1.6320 seg_cnt 0.0470
[stage2] epoch 44/50 step 8 | loss 6.2415 | train det 0.1267 seg 0.0653 cnt 3.8189 | shared_pairs det_seg 138/288 det_cnt 105/288 seg_cnt 45/288 | scores det_seg -0.3106 det_cnt 1.5740 seg_cnt -1.3187
[stage2] epoch 44/50 step 9 | loss 5.0511 | train det 0.1435 seg 0.0956 cnt 2.1337 | shared_pairs det_seg 135/288 det_cnt 96/288 seg_cnt 57/288 | scores det_seg -0.7898 det_cnt -2.2223 seg_cnt 1.2497
[stage2] epoch 44/50 step 10 | loss 3.8350 | train det 0.0685 seg 0.0462 cnt 2.4382 | shared_pairs det_seg 152/288 det_cnt 81/288 seg_cnt 55/288 | scores det_seg 1.9511 det_cnt -3.0372 seg_cnt -0.1591
[stage2] epoch 44/50 step 11 | loss 6.0285 | train det 0.1599 seg 0.0694 cnt 3.0751 | shared_pairs det_seg 138/288 det_cnt 95/288 seg_cnt 55/288 | scores det_seg -0.5486 det_cnt 0.3645 seg_cnt -0.6957
[stage2] epoch 44/50 step 12 | loss 4.1273 | train det 0.0452 seg 0.0961 cnt 2.6812 | shared_pairs det_seg 123/288 det_cnt 99/288 seg_cnt 66/288 | scores det_seg 0.2676 det_cnt 1.2627 seg_cnt 0.9953
[stage2] epoch 44/50 step 13 | loss 6.3081 | train det 0.1004 seg 0.0805 cnt 4.1580 | shared_pairs det_seg 148/288 det_cnt 88/288 seg_cnt 52/288 | scores det_seg -0.5249 det_cnt 0.9731 seg_cnt -0.2132
[stage2] epoch 44/50 step 14 | loss 7.6571 | train det 0.0884 seg 0.0716 cnt 5.7583 | shared_pairs det_seg 160/288 det_cnt 87/288 seg_cnt 41/288 | scores det_seg 1.4557 det_cnt -1.0015 seg_cnt -1.1283
[stage2] epoch 44/50 step 15 | loss 4.6698 | train det 0.1508 seg 0.1260 cnt 1.3996 | shared_pairs det_seg 147/288 det_cnt 92/288 seg_cnt 49/288 | scores det_seg -0.6272 det_cnt -1.1065 seg_cnt 0.0237
[stage2] epoch 44/50 step 16 | loss 8.5816 | train det 0.2162 seg 0.0798 cnt 4.6993 | shared_pairs det_seg 147/288 det_cnt 93/288 seg_cnt 48/288 | scores det_seg 2.4051 det_cnt 0.5787 seg_cnt 0.6014
[stage2] epoch 44/50 step 17 | loss 6.7908 | train det 0.1551 seg 0.0550 cnt 4.0236 | shared_pairs det_seg 149/288 det_cnt 78/288 seg_cnt 61/288 | scores det_seg 1.8700 det_cnt -0.9538 seg_cnt 0.5502
[stage2] epoch 44/50 step 18 | loss 3.4396 | train det 0.0380 seg 0.1519 cnt 1.6549 | shared_pairs det_seg 159/288 det_cnt 74/288 seg_cnt 55/288 | scores det_seg 1.5278 det_cnt -1.8733 seg_cnt -1.1334
[stage2] epoch 44/50 step 19 | loss 4.5742 | train det 0.1439 seg 0.1385 cnt 1.3085 | shared_pairs det_seg 164/288 det_cnt 75/288 seg_cnt 49/288 | scores det_seg 1.4861 det_cnt -0.7516 seg_cnt -2.1091
[stage2] epoch 44/50 step 20 | loss 4.9345 | train det 0.1571 seg 0.0603 cnt 2.0954 | shared_pairs det_seg 151/288 det_cnt 93/288 seg_cnt 44/288 | scores det_seg 1.3190 det_cnt -0.7143 seg_cnt 0.2675
[stage2] epoch 44/50 step 21 | loss 3.6078 | train det 0.0524 seg 0.0695 cnt 2.2658 | shared_pairs det_seg 138/288 det_cnt 91/288 seg_cnt 59/288 | scores det_seg -0.9475 det_cnt 2.4563 seg_cnt 1.1778
[stage2] epoch 44/50 step 22 | loss 3.8317 | train det 0.0550 seg 0.0551 cnt 2.5659 | shared_pairs det_seg 141/288 det_cnt 100/288 seg_cnt 47/288 | scores det_seg -1.2062 det_cnt 1.3636 seg_cnt -0.3178
[stage2] epoch 44/50 step 23 | loss 4.0509 | train det 0.0410 seg 0.0758 cnt 2.8306 | shared_pairs det_seg 151/288 det_cnt 81/288 seg_cnt 56/288 | scores det_seg 0.6316 det_cnt -1.6220 seg_cnt 0.7506
[stage2] epoch 44/50 step 24 | loss 5.3922 | train det 0.0724 seg 0.0467 cnt 3.9332 | shared_pairs det_seg 127/288 det_cnt 101/288 seg_cnt 60/288 | scores det_seg -1.5725 det_cnt -0.4982 seg_cnt 1.1003
[stage2] epoch 44/50 step 25 | loss 5.8601 | train det 0.2146 seg 0.0669 cnt 2.1059 | shared_pairs det_seg 139/288 det_cnt 95/288 seg_cnt 54/288 | scores det_seg 0.5091 det_cnt 0.7167 seg_cnt 0.0505
[stage2] epoch 44/50 step 26 | loss 2.8853 | train det 0.0226 seg 0.0348 cnt 2.2686 | shared_pairs det_seg 149/288 det_cnt 92/288 seg_cnt 47/288 | scores det_seg 1.4121 det_cnt 1.3737 seg_cnt 1.1521
[stage2] epoch 44/50 step 27 | loss 5.3105 | train det 0.1129 seg 0.1062 cnt 2.7669 | shared_pairs det_seg 153/288 det_cnt 89/288 seg_cnt 46/288 | scores det_seg 3.0858 det_cnt 1.3853 seg_cnt -1.6740
[stage2] epoch 44/50 step 28 | loss 2.7115 | train det 0.0711 seg 0.0631 cnt 1.1398 | shared_pairs det_seg 156/288 det_cnt 88/288 seg_cnt 44/288 | scores det_seg 0.1555 det_cnt -0.7562 seg_cnt -0.7574
[stage2] epoch 44/50 step 29 | loss 6.5205 | train det 0.0986 seg 0.0699 cnt 4.4822 | shared_pairs det_seg 157/288 det_cnt 77/288 seg_cnt 54/288 | scores det_seg 0.2534 det_cnt -1.3358 seg_cnt 0.1120
[stage2] epoch 44/50 step 30 | loss 5.6210 | train det 0.0412 seg 0.0802 cnt 4.3607 | shared_pairs det_seg 153/288 det_cnt 76/288 seg_cnt 59/288 | scores det_seg -0.4055 det_cnt -0.2514 seg_cnt 2.0205
[stage2] epoch 44/50 step 31 | loss 2.2451 | train det 0.0473 seg 0.0367 cnt 1.2426 | shared_pairs det_seg 145/288 det_cnt 91/288 seg_cnt 52/288 | scores det_seg 0.6118 det_cnt 0.5186 seg_cnt -0.2851
[stage2] epoch 44/50 step 32 | loss 6.8467 | train det 0.1117 seg 0.1074 cnt 4.3122 | shared_pairs det_seg 136/288 det_cnt 100/288 seg_cnt 52/288 | scores det_seg -0.6636 det_cnt 0.7863 seg_cnt 0.7896
[stage2] epoch 44/50 step 33 | loss 3.6486 | train det 0.0667 seg 0.0647 cnt 2.1310 | shared_pairs det_seg 136/288 det_cnt 96/288 seg_cnt 56/288 | scores det_seg -2.4643 det_cnt -0.6034 seg_cnt -0.7115
[stage2] epoch 44/50 step 34 | loss 5.5937 | train det 0.1542 seg 0.0947 cnt 2.5230 | shared_pairs det_seg 146/288 det_cnt 89/288 seg_cnt 53/288 | scores det_seg 0.7552 det_cnt 0.5143 seg_cnt 1.0593
[stage2] epoch 44/50 step 35 | loss 5.7961 | train det 0.1261 seg 0.0910 cnt 3.1759 | shared_pairs det_seg 143/288 det_cnt 91/288 seg_cnt 54/288 | scores det_seg -0.7959 det_cnt -0.1761 seg_cnt 1.8685
[stage2] epoch 44/50 step 36 | loss 3.6490 | train det 0.0265 seg 0.0830 cnt 2.5883 | shared_pairs det_seg 136/288 det_cnt 95/288 seg_cnt 57/288 | scores det_seg -1.2485 det_cnt 0.4623 seg_cnt 0.2451
[stage2] epoch 44/50 step 37 | loss 7.5445 | train det 0.2248 seg 0.0612 cnt 3.6839 | shared_pairs det_seg 152/288 det_cnt 82/288 seg_cnt 54/288 | scores det_seg 0.4667 det_cnt -1.8248 seg_cnt 1.1363
[stage2] epoch 44/50 step 38 | loss 8.7946 | train det 0.0501 seg 0.0475 cnt 7.6626 | shared_pairs det_seg 155/288 det_cnt 92/288 seg_cnt 41/288 | scores det_seg 0.5716 det_cnt -1.3436 seg_cnt -2.0158
[stage2] epoch 44/50 step 39 | loss 2.6333 | train det 0.0190 seg 0.0364 cnt 2.0574 | shared_pairs det_seg 147/288 det_cnt 90/288 seg_cnt 51/288 | scores det_seg -0.1515 det_cnt 1.9221 seg_cnt -0.0880
[stage2] epoch 44/50 step 40 | loss 7.3285 | train det 0.1408 seg 0.0531 cnt 4.7917 | shared_pairs det_seg 156/288 det_cnt 83/288 seg_cnt 49/288 | scores det_seg 1.5429 det_cnt 0.4843 seg_cnt 1.0855
[stage2] epoch 44/50 step 41 | loss 5.2612 | train det 0.0230 seg 0.1349 cnt 3.8372 | shared_pairs det_seg 150/288 det_cnt 89/288 seg_cnt 49/288 | scores det_seg 0.0079 det_cnt -0.8155 seg_cnt -0.1599
[stage2] epoch 44/50 step 42 | loss 2.9780 | train det 0.0669 seg 0.0432 cnt 1.6293 | shared_pairs det_seg 141/288 det_cnt 110/288 seg_cnt 37/288 | scores det_seg -1.3042 det_cnt 1.3310 seg_cnt -2.1053
[stage2] epoch 44/50 step 43 | loss 8.3039 | train det 0.3972 seg 0.0564 cnt 1.8944 | shared_pairs det_seg 153/288 det_cnt 87/288 seg_cnt 48/288 | scores det_seg 0.2802 det_cnt 1.0033 seg_cnt 0.1602
[stage2] epoch 44/50 | train 5.2582 | det 0.1117 seg 0.0752 cnt 2.9811 | selected_by_matrix_unit det_seg 6246 det_cnt 3900 seg_cnt 2238
[stage2] epoch 44 | val det 0.7040 seg 1.1224 miou 0.6152 cnt 4.2789 dens 8.561944e-01 mae 3.4227 total_mae 16.9582 | ap50 0.5042 | combo 1.411594
[stage2] epoch 45/50 step 1 | loss 3.7990 | train det 0.0157 seg 0.0692 cnt 3.0094 | shared_pairs det_seg 146/288 det_cnt 90/288 seg_cnt 52/288 | scores det_seg -0.0573 det_cnt -1.3928 seg_cnt -0.3280
[stage2] epoch 45/50 step 2 | loss 2.6357 | train det 0.0375 seg 0.0338 cnt 1.8038 | shared_pairs det_seg 160/288 det_cnt 86/288 seg_cnt 42/288 | scores det_seg 0.7684 det_cnt -1.9757 seg_cnt -0.3977
[stage2] epoch 45/50 step 3 | loss 3.0045 | train det 0.0485 seg 0.1188 cnt 1.3266 | shared_pairs det_seg 150/288 det_cnt 83/288 seg_cnt 55/288 | scores det_seg -0.2878 det_cnt -1.6534 seg_cnt -0.5150
[stage2] epoch 45/50 step 4 | loss 3.2946 | train det 0.0575 seg 0.1001 cnt 1.6304 | shared_pairs det_seg 154/288 det_cnt 86/288 seg_cnt 48/288 | scores det_seg 0.0793 det_cnt -1.5319 seg_cnt 0.6332
[stage2] epoch 45/50 step 5 | loss 3.4639 | train det 0.0733 seg 0.0487 cnt 1.9744 | shared_pairs det_seg 136/288 det_cnt 94/288 seg_cnt 58/288 | scores det_seg 0.3852 det_cnt 0.7069 seg_cnt 0.5758
[stage2] epoch 45/50 step 6 | loss 4.8352 | train det 0.1266 seg 0.1537 cnt 1.7068 | shared_pairs det_seg 141/288 det_cnt 102/288 seg_cnt 45/288 | scores det_seg -1.2968 det_cnt -0.5755 seg_cnt -0.8546
[stage2] epoch 45/50 step 7 | loss 3.6776 | train det 0.1153 seg 0.0987 cnt 1.1578 | shared_pairs det_seg 139/288 det_cnt 94/288 seg_cnt 55/288 | scores det_seg -1.3558 det_cnt -0.9442 seg_cnt 0.3374
[stage2] epoch 45/50 step 8 | loss 4.5776 | train det 0.1011 seg 0.0958 cnt 2.2949 | shared_pairs det_seg 151/288 det_cnt 82/288 seg_cnt 55/288 | scores det_seg -0.2708 det_cnt 0.9797 seg_cnt 0.1973
[stage2] epoch 45/50 step 9 | loss 2.7561 | train det 0.0129 seg 0.0257 cnt 2.3562 | shared_pairs det_seg 147/288 det_cnt 87/288 seg_cnt 54/288 | scores det_seg 0.5804 det_cnt 0.0586 seg_cnt 0.0835
[stage2] epoch 45/50 step 10 | loss 3.5126 | train det 0.0700 seg 0.0314 cnt 2.2119 | shared_pairs det_seg 156/288 det_cnt 78/288 seg_cnt 54/288 | scores det_seg 0.4564 det_cnt 0.3724 seg_cnt 0.6684
[stage2] epoch 45/50 step 11 | loss 3.9016 | train det 0.0578 seg 0.0740 cnt 2.4433 | shared_pairs det_seg 148/288 det_cnt 90/288 seg_cnt 50/288 | scores det_seg 0.6551 det_cnt -0.3728 seg_cnt 0.0148
[stage2] epoch 45/50 step 12 | loss 3.8841 | train det 0.0747 seg 0.1136 cnt 1.8548 | shared_pairs det_seg 137/288 det_cnt 94/288 seg_cnt 57/288 | scores det_seg 3.1115 det_cnt 0.4749 seg_cnt 2.1706
[stage2] epoch 45/50 step 13 | loss 4.6119 | train det 0.0385 seg 0.0327 cnt 3.7735 | shared_pairs det_seg 162/288 det_cnt 79/288 seg_cnt 47/288 | scores det_seg 1.5095 det_cnt -0.4596 seg_cnt 0.5958
[stage2] epoch 45/50 step 14 | loss 9.1373 | train det 0.4106 seg 0.0646 cnt 2.4610 | shared_pairs det_seg 154/288 det_cnt 90/288 seg_cnt 44/288 | scores det_seg 0.6186 det_cnt 0.3326 seg_cnt -1.3440
[stage2] epoch 45/50 step 15 | loss 7.7354 | train det 0.1978 seg 0.0402 cnt 4.4468 | shared_pairs det_seg 148/288 det_cnt 98/288 seg_cnt 42/288 | scores det_seg 0.3950 det_cnt 0.3091 seg_cnt -1.8045
[stage2] epoch 45/50 step 16 | loss 5.7352 | train det 0.1024 seg 0.0659 cnt 3.6727 | shared_pairs det_seg 152/288 det_cnt 92/288 seg_cnt 44/288 | scores det_seg 0.9737 det_cnt 0.7522 seg_cnt -0.5022
[stage2] epoch 45/50 step 17 | loss 3.9700 | train det 0.0663 seg 0.0617 cnt 2.4812 | shared_pairs det_seg 154/288 det_cnt 94/288 seg_cnt 40/288 | scores det_seg 0.2059 det_cnt 0.7319 seg_cnt -1.5856
[stage2] epoch 45/50 step 18 | loss 6.2916 | train det 0.0813 seg 0.1088 cnt 4.2011 | shared_pairs det_seg 139/288 det_cnt 95/288 seg_cnt 54/288 | scores det_seg 0.5932 det_cnt 2.4898 seg_cnt 0.7319
[stage2] epoch 45/50 step 19 | loss 4.0381 | train det 0.0546 seg 0.0948 cnt 2.4613 | shared_pairs det_seg 146/288 det_cnt 93/288 seg_cnt 49/288 | scores det_seg -0.2532 det_cnt -0.7856 seg_cnt -0.5482
[stage2] epoch 45/50 step 20 | loss 7.1959 | train det 0.0750 seg 0.1277 cnt 5.0496 | shared_pairs det_seg 158/288 det_cnt 84/288 seg_cnt 46/288 | scores det_seg 2.5018 det_cnt 2.5249 seg_cnt -0.2753
[stage2] epoch 45/50 step 21 | loss 4.1060 | train det 0.0473 seg 0.0405 cnt 3.0727 | shared_pairs det_seg 137/288 det_cnt 97/288 seg_cnt 54/288 | scores det_seg -1.1155 det_cnt 1.5790 seg_cnt -0.6182
[stage2] epoch 45/50 step 22 | loss 3.5997 | train det 0.0658 seg 0.0543 cnt 2.1785 | shared_pairs det_seg 175/288 det_cnt 83/288 seg_cnt 30/288 | scores det_seg -0.6214 det_cnt -0.3152 seg_cnt -1.4708
[stage2] epoch 45/50 step 23 | loss 6.6929 | train det 0.1602 seg 0.0428 cnt 3.9479 | shared_pairs det_seg 150/288 det_cnt 80/288 seg_cnt 58/288 | scores det_seg 1.0846 det_cnt -0.8424 seg_cnt -0.8815
[stage2] epoch 45/50 step 24 | loss 5.7945 | train det 0.0327 seg 0.0242 cnt 5.1106 | shared_pairs det_seg 153/288 det_cnt 86/288 seg_cnt 49/288 | scores det_seg -1.0147 det_cnt -2.2615 seg_cnt -0.6515
[stage2] epoch 45/50 step 25 | loss 11.2070 | train det 0.5399 seg 0.1577 cnt 1.8479 | shared_pairs det_seg 146/288 det_cnt 92/288 seg_cnt 50/288 | scores det_seg -0.8444 det_cnt 0.2216 seg_cnt -0.3190
[stage2] epoch 45/50 step 26 | loss 3.4477 | train det 0.0555 seg 0.0734 cnt 2.0281 | shared_pairs det_seg 146/288 det_cnt 84/288 seg_cnt 58/288 | scores det_seg 0.9639 det_cnt 0.0353 seg_cnt 0.2992
[stage2] epoch 45/50 step 27 | loss 4.1687 | train det 0.1919 seg 0.0209 cnt 1.1236 | shared_pairs det_seg 146/288 det_cnt 89/288 seg_cnt 53/288 | scores det_seg -0.6640 det_cnt -0.5041 seg_cnt -0.1169
[stage2] epoch 45/50 step 28 | loss 2.6950 | train det 0.0168 seg 0.0550 cnt 2.0034 | shared_pairs det_seg 164/288 det_cnt 83/288 seg_cnt 41/288 | scores det_seg 0.6900 det_cnt -0.2000 seg_cnt -1.2873
[stage2] epoch 45/50 step 29 | loss 4.8190 | train det 0.0831 seg 0.0687 cnt 3.0234 | shared_pairs det_seg 148/288 det_cnt 98/288 seg_cnt 42/288 | scores det_seg 2.0278 det_cnt 0.6519 seg_cnt -0.5776
[stage2] epoch 45/50 step 30 | loss 2.4953 | train det 0.0234 seg 0.1304 cnt 1.1008 | shared_pairs det_seg 146/288 det_cnt 93/288 seg_cnt 49/288 | scores det_seg 0.3242 det_cnt 2.5516 seg_cnt -0.0000
[stage2] epoch 45/50 step 31 | loss 2.0593 | train det 0.0427 seg 0.0600 cnt 0.9391 | shared_pairs det_seg 147/288 det_cnt 102/288 seg_cnt 39/288 | scores det_seg -0.3143 det_cnt 0.7946 seg_cnt -0.3030
[stage2] epoch 45/50 step 32 | loss 3.4846 | train det 0.0191 seg 0.0975 cnt 2.4182 | shared_pairs det_seg 135/288 det_cnt 86/288 seg_cnt 67/288 | scores det_seg 0.0739 det_cnt -0.3255 seg_cnt 1.3156
[stage2] epoch 45/50 step 33 | loss 4.2124 | train det 0.0680 seg 0.0995 cnt 2.3959 | shared_pairs det_seg 135/288 det_cnt 94/288 seg_cnt 59/288 | scores det_seg -0.8365 det_cnt -1.3931 seg_cnt -0.6395
[stage2] epoch 45/50 step 34 | loss 3.1430 | train det 0.0548 seg 0.0368 cnt 2.0269 | shared_pairs det_seg 154/288 det_cnt 73/288 seg_cnt 61/288 | scores det_seg 1.7832 det_cnt -1.6256 seg_cnt -0.1461
[stage2] epoch 45/50 step 35 | loss 8.1740 | train det 0.3085 seg 0.0830 cnt 2.8831 | shared_pairs det_seg 142/288 det_cnt 84/288 seg_cnt 62/288 | scores det_seg -0.4708 det_cnt -2.5653 seg_cnt -0.2993
[stage2] epoch 45/50 step 36 | loss 5.2367 | train det 0.1256 seg 0.0675 cnt 2.8131 | shared_pairs det_seg 160/288 det_cnt 68/288 seg_cnt 60/288 | scores det_seg 1.0129 det_cnt -1.7499 seg_cnt 0.9648
[stage2] epoch 45/50 step 37 | loss 3.4580 | train det 0.0092 seg 0.0910 cnt 2.5925 | shared_pairs det_seg 159/288 det_cnt 77/288 seg_cnt 52/288 | scores det_seg 1.0198 det_cnt -1.9679 seg_cnt -0.9175
[stage2] epoch 45/50 step 38 | loss 6.0040 | train det 0.0305 seg 0.0569 cnt 5.0909 | shared_pairs det_seg 136/288 det_cnt 90/288 seg_cnt 62/288 | scores det_seg 0.0331 det_cnt -1.1655 seg_cnt 0.3040
[stage2] epoch 45/50 step 39 | loss 6.4012 | train det 0.0512 seg 0.1098 cnt 4.7553 | shared_pairs det_seg 148/288 det_cnt 85/288 seg_cnt 55/288 | scores det_seg -2.1747 det_cnt -0.0036 seg_cnt -1.5740
[stage2] epoch 45/50 step 40 | loss 4.6896 | train det 0.0530 seg 0.0586 cnt 3.4262 | shared_pairs det_seg 154/288 det_cnt 86/288 seg_cnt 48/288 | scores det_seg 1.4626 det_cnt 0.2651 seg_cnt -0.4750
[stage2] epoch 45/50 step 41 | loss 4.9408 | train det 0.0542 seg 0.0923 cnt 3.3900 | shared_pairs det_seg 145/288 det_cnt 88/288 seg_cnt 55/288 | scores det_seg 1.1112 det_cnt 1.8911 seg_cnt 0.8390
[stage2] epoch 45/50 step 42 | loss 5.6291 | train det 0.1010 seg 0.0343 cnt 3.8399 | shared_pairs det_seg 147/288 det_cnt 89/288 seg_cnt 52/288 | scores det_seg 0.2034 det_cnt -0.3803 seg_cnt 0.0133
[stage2] epoch 45/50 step 43 | loss 4.8284 | train det 0.0854 seg 0.1522 cnt 2.3292 | shared_pairs det_seg 137/288 det_cnt 86/288 seg_cnt 65/288 | scores det_seg -1.2181 det_cnt -0.1630 seg_cnt 1.8007
[stage2] epoch 45/50 | train 4.7289 | det 0.0939 seg 0.0760 cnt 2.7129 | selected_by_matrix_unit det_seg 6388 det_cnt 3784 seg_cnt 2212
[stage2] epoch 45 | val det 0.6844 seg 1.1580 miou 0.6114 cnt 3.7878 dens 8.751481e-01 mae 2.9127 total_mae 12.7160 | ap50 0.5112 | combo 1.465910
[stage2] epoch 46/50 step 1 | loss 2.4364 | train det 0.0505 seg 0.0597 cnt 1.2013 | shared_pairs det_seg 146/288 det_cnt 100/288 seg_cnt 42/288 | scores det_seg -0.2475 det_cnt -0.6060 seg_cnt -1.3056
[stage2] epoch 46/50 step 2 | loss 3.2315 | train det 0.0387 seg 0.0587 cnt 2.1816 | shared_pairs det_seg 139/288 det_cnt 104/288 seg_cnt 45/288 | scores det_seg -0.1928 det_cnt -0.1984 seg_cnt -0.2715
[stage2] epoch 46/50 step 3 | loss 2.9691 | train det 0.0590 seg 0.0716 cnt 1.5115 | shared_pairs det_seg 152/288 det_cnt 89/288 seg_cnt 47/288 | scores det_seg -1.6138 det_cnt -0.8392 seg_cnt -1.0355
[stage2] epoch 46/50 step 4 | loss 5.1922 | train det 0.1466 seg 0.0323 cnt 2.7349 | shared_pairs det_seg 146/288 det_cnt 89/288 seg_cnt 53/288 | scores det_seg 1.8110 det_cnt 0.3852 seg_cnt 0.7175
[stage2] epoch 46/50 step 5 | loss 7.0296 | train det 0.0993 seg 0.0627 cnt 5.0389 | shared_pairs det_seg 137/288 det_cnt 100/288 seg_cnt 51/288 | scores det_seg 0.8819 det_cnt 2.2905 seg_cnt -0.7577
[stage2] epoch 46/50 step 6 | loss 11.7316 | train det 0.5487 seg 0.0657 cnt 2.9752 | shared_pairs det_seg 132/288 det_cnt 101/288 seg_cnt 55/288 | scores det_seg -0.8005 det_cnt 0.9776 seg_cnt 0.7396
[stage2] epoch 46/50 step 7 | loss 6.2511 | train det 0.1120 seg 0.0214 cnt 4.3994 | shared_pairs det_seg 137/288 det_cnt 97/288 seg_cnt 54/288 | scores det_seg 0.8785 det_cnt 3.2222 seg_cnt 0.1590
[stage2] epoch 46/50 step 8 | loss 5.6264 | train det 0.1051 seg 0.1042 cnt 3.2166 | shared_pairs det_seg 153/288 det_cnt 90/288 seg_cnt 45/288 | scores det_seg -0.5917 det_cnt 0.7377 seg_cnt -0.5636
[stage2] epoch 46/50 step 9 | loss 6.1466 | train det 0.0838 seg 0.0962 cnt 4.1201 | shared_pairs det_seg 140/288 det_cnt 89/288 seg_cnt 59/288 | scores det_seg 0.1811 det_cnt 0.0219 seg_cnt 0.6090
[stage2] epoch 46/50 step 10 | loss 8.2760 | train det 0.1219 seg 0.1051 cnt 5.6074 | shared_pairs det_seg 145/288 det_cnt 91/288 seg_cnt 52/288 | scores det_seg -0.1159 det_cnt -0.4153 seg_cnt 0.4437
[stage2] epoch 46/50 step 11 | loss 3.3354 | train det 0.0818 seg 0.0563 cnt 1.6580 | shared_pairs det_seg 136/288 det_cnt 97/288 seg_cnt 55/288 | scores det_seg -2.2054 det_cnt -2.0621 seg_cnt -1.0272
[stage2] epoch 46/50 step 12 | loss 5.6457 | train det 0.1152 seg 0.0252 cnt 3.7169 | shared_pairs det_seg 149/288 det_cnt 82/288 seg_cnt 57/288 | scores det_seg -0.3131 det_cnt -2.1220 seg_cnt -0.2337
[stage2] epoch 46/50 step 13 | loss 4.9203 | train det 0.0916 seg 0.0879 cnt 2.8437 | shared_pairs det_seg 143/288 det_cnt 91/288 seg_cnt 54/288 | scores det_seg 1.2568 det_cnt -0.3838 seg_cnt 1.6150
[stage2] epoch 46/50 step 14 | loss 2.7114 | train det 0.0598 seg 0.0840 cnt 1.1415 | shared_pairs det_seg 133/288 det_cnt 107/288 seg_cnt 48/288 | scores det_seg 0.9672 det_cnt 0.1473 seg_cnt -0.4749
[stage2] epoch 46/50 step 15 | loss 5.4091 | train det 0.1786 seg 0.1385 cnt 1.6214 | shared_pairs det_seg 131/288 det_cnt 96/288 seg_cnt 61/288 | scores det_seg -1.6931 det_cnt 0.8244 seg_cnt 0.9757
[stage2] epoch 46/50 step 16 | loss 4.3750 | train det 0.0569 seg 0.0580 cnt 3.0574 | shared_pairs det_seg 150/288 det_cnt 88/288 seg_cnt 50/288 | scores det_seg 2.9129 det_cnt 1.0811 seg_cnt 1.3063
[stage2] epoch 46/50 step 17 | loss 3.4602 | train det 0.0610 seg 0.0563 cnt 2.0952 | shared_pairs det_seg 148/288 det_cnt 86/288 seg_cnt 54/288 | scores det_seg 0.4353 det_cnt 1.3166 seg_cnt 1.6223
[stage2] epoch 46/50 step 18 | loss 4.4582 | train det 0.0927 seg 0.0970 cnt 2.2921 | shared_pairs det_seg 134/288 det_cnt 94/288 seg_cnt 60/288 | scores det_seg -2.0888 det_cnt -1.8912 seg_cnt 1.7505
[stage2] epoch 46/50 step 19 | loss 3.6277 | train det 0.0333 seg 0.0821 cnt 2.4712 | shared_pairs det_seg 139/288 det_cnt 90/288 seg_cnt 59/288 | scores det_seg -0.4818 det_cnt 0.2484 seg_cnt 1.1288
[stage2] epoch 46/50 step 20 | loss 6.4709 | train det 0.1425 seg 0.1064 cnt 3.4829 | shared_pairs det_seg 137/288 det_cnt 91/288 seg_cnt 60/288 | scores det_seg -1.0761 det_cnt 2.6510 seg_cnt 1.1366
[stage2] epoch 46/50 step 21 | loss 4.2166 | train det 0.1065 seg 0.0726 cnt 2.0375 | shared_pairs det_seg 144/288 det_cnt 101/288 seg_cnt 43/288 | scores det_seg 0.8112 det_cnt 1.1054 seg_cnt -0.0287
[stage2] epoch 46/50 step 22 | loss 4.3877 | train det 0.2044 seg 0.0353 cnt 1.0387 | shared_pairs det_seg 158/288 det_cnt 78/288 seg_cnt 52/288 | scores det_seg -0.5685 det_cnt -1.1618 seg_cnt -0.3855
[stage2] epoch 46/50 step 23 | loss 3.8431 | train det 0.0752 seg 0.1779 cnt 1.2920 | shared_pairs det_seg 147/288 det_cnt 87/288 seg_cnt 54/288 | scores det_seg 0.8151 det_cnt -1.0438 seg_cnt -0.0961
[stage2] epoch 46/50 step 24 | loss 2.0558 | train det 0.0425 seg 0.0489 cnt 1.0276 | shared_pairs det_seg 127/288 det_cnt 116/288 seg_cnt 45/288 | scores det_seg -0.7795 det_cnt 3.1355 seg_cnt -0.6715
[stage2] epoch 46/50 step 25 | loss 3.6064 | train det 0.1124 seg 0.0766 cnt 1.3069 | shared_pairs det_seg 151/288 det_cnt 83/288 seg_cnt 54/288 | scores det_seg -0.0694 det_cnt -1.2898 seg_cnt -1.3862
[stage2] epoch 46/50 step 26 | loss 5.1777 | train det 0.1546 seg 0.0679 cnt 2.3151 | shared_pairs det_seg 149/288 det_cnt 86/288 seg_cnt 53/288 | scores det_seg -0.2625 det_cnt -2.2160 seg_cnt -0.5912
[stage2] epoch 46/50 step 27 | loss 3.9100 | train det 0.1175 seg 0.0608 cnt 1.6619 | shared_pairs det_seg 156/288 det_cnt 85/288 seg_cnt 47/288 | scores det_seg 2.8326 det_cnt 1.3770 seg_cnt 0.0098
[stage2] epoch 46/50 step 28 | loss 4.0086 | train det 0.0368 seg 0.0807 cnt 2.8113 | shared_pairs det_seg 145/288 det_cnt 96/288 seg_cnt 47/288 | scores det_seg 0.3017 det_cnt 0.4583 seg_cnt -0.6205
[stage2] epoch 46/50 step 29 | loss 6.2945 | train det 0.1088 seg 0.0985 cnt 3.8754 | shared_pairs det_seg 131/288 det_cnt 94/288 seg_cnt 63/288 | scores det_seg -0.9209 det_cnt -1.4050 seg_cnt 0.6011
[stage2] epoch 46/50 step 30 | loss 4.3863 | train det 0.0567 seg 0.0264 cnt 3.3240 | shared_pairs det_seg 137/288 det_cnt 106/288 seg_cnt 45/288 | scores det_seg -0.7206 det_cnt 1.6722 seg_cnt -0.9775
[stage2] epoch 46/50 step 31 | loss 5.8588 | train det 0.0765 seg 0.0630 cnt 4.2073 | shared_pairs det_seg 161/288 det_cnt 88/288 seg_cnt 39/288 | scores det_seg 0.4017 det_cnt -1.5486 seg_cnt 0.3011
[stage2] epoch 46/50 step 32 | loss 6.4838 | train det 0.1744 seg 0.0726 cnt 3.2880 | shared_pairs det_seg 148/288 det_cnt 98/288 seg_cnt 42/288 | scores det_seg -1.2290 det_cnt 0.3638 seg_cnt -1.3931
[stage2] epoch 46/50 step 33 | loss 5.5270 | train det 0.0637 seg 0.1054 cnt 3.7281 | shared_pairs det_seg 128/288 det_cnt 109/288 seg_cnt 51/288 | scores det_seg -0.1197 det_cnt 4.2929 seg_cnt -0.1348
[stage2] epoch 46/50 step 34 | loss 5.7485 | train det 0.0538 seg 0.0589 cnt 4.4709 | shared_pairs det_seg 155/288 det_cnt 74/288 seg_cnt 59/288 | scores det_seg 0.5064 det_cnt -1.7221 seg_cnt -0.2605
[stage2] epoch 46/50 step 35 | loss 4.1309 | train det 0.1129 seg 0.0735 cnt 1.8491 | shared_pairs det_seg 147/288 det_cnt 85/288 seg_cnt 56/288 | scores det_seg 0.0110 det_cnt -2.3401 seg_cnt 0.5408
[stage2] epoch 46/50 step 36 | loss 5.6079 | train det 0.0952 seg 0.0773 cnt 3.5611 | shared_pairs det_seg 165/288 det_cnt 79/288 seg_cnt 44/288 | scores det_seg 1.2264 det_cnt -0.5643 seg_cnt -0.3392
[stage2] epoch 46/50 step 37 | loss 4.4655 | train det 0.0737 seg 0.1176 cnt 2.4193 | shared_pairs det_seg 146/288 det_cnt 84/288 seg_cnt 58/288 | scores det_seg -0.9034 det_cnt -0.6936 seg_cnt 1.1927
[stage2] epoch 46/50 step 38 | loss 2.2503 | train det 0.0361 seg 0.0967 cnt 0.9349 | shared_pairs det_seg 147/288 det_cnt 83/288 seg_cnt 58/288 | scores det_seg 1.9538 det_cnt -1.0390 seg_cnt 0.0258
[stage2] epoch 46/50 step 39 | loss 3.3594 | train det 0.0681 seg 0.0313 cnt 2.0869 | shared_pairs det_seg 142/288 det_cnt 88/288 seg_cnt 58/288 | scores det_seg -1.6751 det_cnt -1.4893 seg_cnt 0.0108
[stage2] epoch 46/50 step 40 | loss 6.7411 | train det 0.1312 seg 0.1165 cnt 3.8404 | shared_pairs det_seg 154/288 det_cnt 82/288 seg_cnt 52/288 | scores det_seg 1.9502 det_cnt -0.2909 seg_cnt 1.2602
[stage2] epoch 46/50 step 41 | loss 4.1770 | train det 0.0956 seg 0.0892 cnt 2.0301 | shared_pairs det_seg 156/288 det_cnt 79/288 seg_cnt 53/288 | scores det_seg 1.2352 det_cnt 0.9262 seg_cnt 0.0504
[stage2] epoch 46/50 step 42 | loss 10.8850 | train det 0.5878 seg 0.0374 cnt 1.7692 | shared_pairs det_seg 139/288 det_cnt 100/288 seg_cnt 49/288 | scores det_seg 1.0991 det_cnt 2.2113 seg_cnt 1.2069
[stage2] epoch 46/50 step 43 | loss 4.2207 | train det 0.1370 seg 0.0607 cnt 1.6794 | shared_pairs det_seg 139/288 det_cnt 101/288 seg_cnt 48/288 | scores det_seg 0.4609 det_cnt 1.8495 seg_cnt 0.4536
[stage2] epoch 46/50 | train 4.9918 | det 0.1163 seg 0.0748 cnt 2.6494 | selected_by_matrix_unit det_seg 6199 det_cnt 3954 seg_cnt 2231
[stage2] epoch 46 | val det 0.6772 seg 1.1445 miou 0.6101 cnt 3.9953 dens 8.702202e-01 mae 3.1250 total_mae 13.0048 | ap50 0.5112 | combo 1.441284
[stage2] epoch 47/50 step 1 | loss 3.0175 | train det 0.0627 seg 0.0425 cnt 1.7364 | shared_pairs det_seg 137/288 det_cnt 98/288 seg_cnt 53/288 | scores det_seg -1.4272 det_cnt 0.3553 seg_cnt 0.0193
[stage2] epoch 47/50 step 2 | loss 4.5054 | train det 0.1629 seg 0.1171 cnt 1.1253 | shared_pairs det_seg 152/288 det_cnt 94/288 seg_cnt 42/288 | scores det_seg 1.3785 det_cnt 0.6271 seg_cnt -1.2446
[stage2] epoch 47/50 step 3 | loss 5.5103 | train det 0.0750 seg 0.1381 cnt 3.2802 | shared_pairs det_seg 145/288 det_cnt 95/288 seg_cnt 48/288 | scores det_seg 1.4705 det_cnt 1.4646 seg_cnt 0.4738
[stage2] epoch 47/50 step 4 | loss 6.9295 | train det 0.3058 seg 0.0616 cnt 1.8503 | shared_pairs det_seg 148/288 det_cnt 86/288 seg_cnt 54/288 | scores det_seg -1.3840 det_cnt -0.1517 seg_cnt -0.4025
[stage2] epoch 47/50 step 5 | loss 3.3239 | train det 0.0467 seg 0.0737 cnt 2.0333 | shared_pairs det_seg 144/288 det_cnt 95/288 seg_cnt 49/288 | scores det_seg -0.6971 det_cnt -0.0145 seg_cnt -0.9868
[stage2] epoch 47/50 step 6 | loss 7.7859 | train det 0.3708 seg 0.0589 cnt 1.7535 | shared_pairs det_seg 149/288 det_cnt 86/288 seg_cnt 53/288 | scores det_seg -0.0438 det_cnt 0.6423 seg_cnt 0.7882
[stage2] epoch 47/50 step 7 | loss 3.8607 | train det 0.0608 seg 0.0902 cnt 2.2277 | shared_pairs det_seg 152/288 det_cnt 90/288 seg_cnt 46/288 | scores det_seg 0.0045 det_cnt 0.0729 seg_cnt -0.8904
[stage2] epoch 47/50 step 8 | loss 5.9260 | train det 0.0736 seg 0.2038 cnt 3.1923 | shared_pairs det_seg 136/288 det_cnt 96/288 seg_cnt 56/288 | scores det_seg -1.1288 det_cnt 1.2930 seg_cnt -0.1778
[stage2] epoch 47/50 step 9 | loss 2.4121 | train det 0.0642 seg 0.0582 cnt 0.9831 | shared_pairs det_seg 146/288 det_cnt 95/288 seg_cnt 47/288 | scores det_seg -0.5886 det_cnt 0.4245 seg_cnt -0.7426
[stage2] epoch 47/50 step 10 | loss 4.7520 | train det 0.0234 seg 0.1154 cnt 3.4776 | shared_pairs det_seg 132/288 det_cnt 105/288 seg_cnt 51/288 | scores det_seg -2.2213 det_cnt 0.4750 seg_cnt 0.5385
[stage2] epoch 47/50 step 11 | loss 4.0122 | train det 0.0319 seg 0.0946 cnt 2.7770 | shared_pairs det_seg 142/288 det_cnt 93/288 seg_cnt 53/288 | scores det_seg -1.0108 det_cnt -1.1094 seg_cnt -0.3826
[stage2] epoch 47/50 step 12 | loss 5.4157 | train det 0.0932 seg 0.0878 cnt 3.3150 | shared_pairs det_seg 143/288 det_cnt 99/288 seg_cnt 46/288 | scores det_seg -1.4347 det_cnt 1.5478 seg_cnt -0.5508
[stage2] epoch 47/50 step 13 | loss 5.2633 | train det 0.2366 seg 0.0478 cnt 1.3321 | shared_pairs det_seg 137/288 det_cnt 98/288 seg_cnt 53/288 | scores det_seg -0.7965 det_cnt -1.4313 seg_cnt 0.9252
[stage2] epoch 47/50 step 14 | loss 4.7497 | train det 0.0645 seg 0.0623 cnt 3.2846 | shared_pairs det_seg 152/288 det_cnt 94/288 seg_cnt 42/288 | scores det_seg 0.8279 det_cnt -0.1299 seg_cnt -0.1029
[stage2] epoch 47/50 step 15 | loss 3.0279 | train det 0.0909 seg 0.0355 cnt 1.3803 | shared_pairs det_seg 155/288 det_cnt 88/288 seg_cnt 45/288 | scores det_seg 0.5947 det_cnt 0.3225 seg_cnt 0.3151
[stage2] epoch 47/50 step 16 | loss 12.3656 | train det 0.3481 seg 0.0774 cnt 6.5244 | shared_pairs det_seg 143/288 det_cnt 97/288 seg_cnt 48/288 | scores det_seg 0.5540 det_cnt -0.0465 seg_cnt 0.4093
[stage2] epoch 47/50 step 17 | loss 5.0017 | train det 0.1078 seg 0.0441 cnt 3.0328 | shared_pairs det_seg 148/288 det_cnt 91/288 seg_cnt 49/288 | scores det_seg -0.1075 det_cnt -2.1401 seg_cnt 0.0555
[stage2] epoch 47/50 step 18 | loss 4.3631 | train det 0.0637 seg 0.0734 cnt 2.8203 | shared_pairs det_seg 161/288 det_cnt 73/288 seg_cnt 54/288 | scores det_seg -1.3772 det_cnt -1.5551 seg_cnt 0.2917
[stage2] epoch 47/50 step 19 | loss 4.8161 | train det 0.1904 seg 0.1119 cnt 1.0658 | shared_pairs det_seg 154/288 det_cnt 92/288 seg_cnt 42/288 | scores det_seg 1.4379 det_cnt -0.1620 seg_cnt -1.0198
[stage2] epoch 47/50 step 20 | loss 5.7247 | train det 0.1512 seg 0.1236 cnt 2.4685 | shared_pairs det_seg 146/288 det_cnt 93/288 seg_cnt 49/288 | scores det_seg 0.6280 det_cnt 0.0471 seg_cnt -0.0811
[stage2] epoch 47/50 step 21 | loss 7.5296 | train det 0.3191 seg 0.1083 cnt 1.8768 | shared_pairs det_seg 144/288 det_cnt 93/288 seg_cnt 51/288 | scores det_seg 0.0396 det_cnt -0.9708 seg_cnt -0.0150
[stage2] epoch 47/50 step 22 | loss 5.7283 | train det 0.1059 seg 0.0580 cnt 3.6762 | shared_pairs det_seg 136/288 det_cnt 94/288 seg_cnt 58/288 | scores det_seg -0.0794 det_cnt 1.3864 seg_cnt 0.4946
[stage2] epoch 47/50 step 23 | loss 3.1148 | train det 0.0887 seg 0.0886 cnt 1.0760 | shared_pairs det_seg 145/288 det_cnt 94/288 seg_cnt 49/288 | scores det_seg 0.3655 det_cnt -0.5356 seg_cnt 0.6905
[stage2] epoch 47/50 step 24 | loss 6.5451 | train det 0.3014 seg 0.0603 cnt 1.5407 | shared_pairs det_seg 153/288 det_cnt 88/288 seg_cnt 47/288 | scores det_seg -0.9021 det_cnt -2.2981 seg_cnt -1.9356
[stage2] epoch 47/50 step 25 | loss 2.6944 | train det 0.0529 seg 0.0463 cnt 1.5308 | shared_pairs det_seg 152/288 det_cnt 90/288 seg_cnt 46/288 | scores det_seg -0.4767 det_cnt -0.0595 seg_cnt -2.0627
[stage2] epoch 47/50 step 26 | loss 2.7834 | train det 0.0665 seg 0.0872 cnt 1.0877 | shared_pairs det_seg 144/288 det_cnt 89/288 seg_cnt 55/288 | scores det_seg 2.4025 det_cnt 0.0166 seg_cnt -1.0087
[stage2] epoch 47/50 step 27 | loss 4.6665 | train det 0.0537 seg 0.1123 cnt 2.9615 | shared_pairs det_seg 152/288 det_cnt 84/288 seg_cnt 52/288 | scores det_seg -1.0034 det_cnt -0.3632 seg_cnt -1.3207
[stage2] epoch 47/50 step 28 | loss 3.1098 | train det 0.0105 seg 0.0688 cnt 2.4014 | shared_pairs det_seg 144/288 det_cnt 93/288 seg_cnt 51/288 | scores det_seg -0.1738 det_cnt -0.7418 seg_cnt -1.5488
[stage2] epoch 47/50 step 29 | loss 2.8084 | train det 0.0171 seg 0.0583 cnt 2.0853 | shared_pairs det_seg 145/288 det_cnt 88/288 seg_cnt 55/288 | scores det_seg -0.7370 det_cnt 0.1217 seg_cnt -0.1631
[stage2] epoch 47/50 step 30 | loss 3.4648 | train det 0.0540 seg 0.1037 cnt 1.8252 | shared_pairs det_seg 135/288 det_cnt 105/288 seg_cnt 48/288 | scores det_seg -0.1610 det_cnt 1.7923 seg_cnt 0.5168
[stage2] epoch 47/50 step 31 | loss 4.7733 | train det 0.1027 seg 0.0660 cnt 2.7042 | shared_pairs det_seg 136/288 det_cnt 105/288 seg_cnt 47/288 | scores det_seg 0.8557 det_cnt 0.3793 seg_cnt 0.0188
[stage2] epoch 47/50 step 32 | loss 8.3003 | train det 0.3043 seg 0.0532 cnt 3.3098 | shared_pairs det_seg 145/288 det_cnt 83/288 seg_cnt 60/288 | scores det_seg -0.1174 det_cnt -0.2108 seg_cnt 0.9385
[stage2] epoch 47/50 step 33 | loss 3.3073 | train det 0.0370 seg 0.0827 cnt 2.0913 | shared_pairs det_seg 143/288 det_cnt 89/288 seg_cnt 56/288 | scores det_seg 1.2098 det_cnt -1.2115 seg_cnt 0.0989
[stage2] epoch 47/50 step 34 | loss 6.8675 | train det 0.1820 seg 0.0329 cnt 3.8736 | shared_pairs det_seg 147/288 det_cnt 81/288 seg_cnt 60/288 | scores det_seg -0.2886 det_cnt -0.5314 seg_cnt 0.3362
[stage2] epoch 47/50 step 35 | loss 4.2737 | train det 0.0624 seg 0.0532 cnt 2.9116 | shared_pairs det_seg 140/288 det_cnt 98/288 seg_cnt 50/288 | scores det_seg -0.7547 det_cnt 0.6440 seg_cnt 0.5580
[stage2] epoch 47/50 step 36 | loss 5.5733 | train det 0.0878 seg 0.0781 cnt 3.6309 | shared_pairs det_seg 146/288 det_cnt 98/288 seg_cnt 44/288 | scores det_seg -0.3680 det_cnt 0.6165 seg_cnt -0.8590
[stage2] epoch 47/50 step 37 | loss 2.4454 | train det 0.0416 seg 0.0453 cnt 1.4588 | shared_pairs det_seg 139/288 det_cnt 96/288 seg_cnt 53/288 | scores det_seg -3.1119 det_cnt 0.1131 seg_cnt 0.1574
[stage2] epoch 47/50 step 38 | loss 5.8213 | train det 0.1449 seg 0.0395 cnt 3.3322 | shared_pairs det_seg 150/288 det_cnt 85/288 seg_cnt 53/288 | scores det_seg 1.1205 det_cnt 0.3891 seg_cnt 0.4542
[stage2] epoch 47/50 step 39 | loss 3.9224 | train det 0.0591 seg 0.0673 cnt 2.4979 | shared_pairs det_seg 135/288 det_cnt 99/288 seg_cnt 54/288 | scores det_seg -2.0856 det_cnt -0.2143 seg_cnt 1.4310
[stage2] epoch 47/50 step 40 | loss 10.8767 | train det 0.2942 seg 0.1216 cnt 5.4912 | shared_pairs det_seg 151/288 det_cnt 93/288 seg_cnt 44/288 | scores det_seg 1.7915 det_cnt 0.5032 seg_cnt -0.3347
[stage2] epoch 47/50 step 41 | loss 4.6220 | train det 0.0559 seg 0.0822 cnt 3.1255 | shared_pairs det_seg 141/288 det_cnt 100/288 seg_cnt 47/288 | scores det_seg -1.2720 det_cnt -1.6312 seg_cnt -0.9960
[stage2] epoch 47/50 step 42 | loss 7.7687 | train det 0.3633 seg 0.0421 cnt 1.9819 | shared_pairs det_seg 139/288 det_cnt 93/288 seg_cnt 56/288 | scores det_seg -0.5205 det_cnt 0.0269 seg_cnt 0.2875
[stage2] epoch 47/50 step 43 | loss 3.8794 | train det 0.0651 seg 0.1475 cnt 1.7234 | shared_pairs det_seg 144/288 det_cnt 96/288 seg_cnt 48/288 | scores det_seg -1.5187 det_cnt -0.3696 seg_cnt -1.0002
[stage2] epoch 47/50 | train 5.0614 | det 0.1278 seg 0.0796 cnt 2.5082 | selected_by_matrix_unit det_seg 6228 det_cnt 3992 seg_cnt 2164
[stage2] epoch 47 | val det 0.6890 seg 1.1351 miou 0.6158 cnt 4.3225 dens 8.683471e-01 mae 3.4541 total_mae 16.7616 | ap50 0.5130 | combo 1.418285
[stage2] epoch 48/50 step 1 | loss 3.4331 | train det 0.0469 seg 0.0894 cnt 2.0144 | shared_pairs det_seg 130/288 det_cnt 105/288 seg_cnt 53/288 | scores det_seg -0.6706 det_cnt 0.5283 seg_cnt -0.5778
[stage2] epoch 48/50 step 2 | loss 3.8250 | train det 0.0426 seg 0.0272 cnt 2.9685 | shared_pairs det_seg 151/288 det_cnt 96/288 seg_cnt 41/288 | scores det_seg -1.0958 det_cnt -0.1297 seg_cnt -1.2355
[stage2] epoch 48/50 step 3 | loss 3.7108 | train det 0.0644 seg 0.0935 cnt 1.9969 | shared_pairs det_seg 154/288 det_cnt 90/288 seg_cnt 44/288 | scores det_seg -0.4342 det_cnt 1.3983 seg_cnt -1.7924
[stage2] epoch 48/50 step 4 | loss 5.2407 | train det 0.0329 seg 0.1987 cnt 3.1575 | shared_pairs det_seg 140/288 det_cnt 88/288 seg_cnt 60/288 | scores det_seg -0.3372 det_cnt -2.0641 seg_cnt 0.8772
[stage2] epoch 48/50 step 5 | loss 4.9020 | train det 0.1269 seg 0.0730 cnt 2.4144 | shared_pairs det_seg 142/288 det_cnt 94/288 seg_cnt 52/288 | scores det_seg -1.0044 det_cnt -1.8082 seg_cnt -0.0929
[stage2] epoch 48/50 step 6 | loss 6.8471 | train det 0.2085 seg 0.0367 cnt 3.4255 | shared_pairs det_seg 142/288 det_cnt 97/288 seg_cnt 49/288 | scores det_seg -1.0259 det_cnt -0.9227 seg_cnt 0.3333
[stage2] epoch 48/50 step 7 | loss 3.9497 | train det 0.0324 seg 0.0961 cnt 2.6955 | shared_pairs det_seg 143/288 det_cnt 100/288 seg_cnt 45/288 | scores det_seg -1.7890 det_cnt 0.0105 seg_cnt -1.0216
[stage2] epoch 48/50 step 8 | loss 8.4444 | train det 0.3569 seg 0.1048 cnt 2.2516 | shared_pairs det_seg 136/288 det_cnt 94/288 seg_cnt 58/288 | scores det_seg -1.7275 det_cnt 0.5443 seg_cnt 0.5671
[stage2] epoch 48/50 step 9 | loss 8.1574 | train det 0.3092 seg 0.0896 cnt 2.8020 | shared_pairs det_seg 146/288 det_cnt 95/288 seg_cnt 47/288 | scores det_seg -1.3637 det_cnt -0.3351 seg_cnt 0.1979
[stage2] epoch 48/50 step 10 | loss 5.0358 | train det 0.0686 seg 0.0768 cnt 3.3921 | shared_pairs det_seg 152/288 det_cnt 79/288 seg_cnt 57/288 | scores det_seg 0.5032 det_cnt -1.6564 seg_cnt 0.3727
[stage2] epoch 48/50 step 11 | loss 3.3008 | train det 0.0362 seg 0.0321 cnt 2.5005 | shared_pairs det_seg 142/288 det_cnt 99/288 seg_cnt 47/288 | scores det_seg -1.4982 det_cnt 1.6801 seg_cnt -0.5256
[stage2] epoch 48/50 step 12 | loss 2.1382 | train det 0.0263 seg 0.0513 cnt 1.3330 | shared_pairs det_seg 136/288 det_cnt 99/288 seg_cnt 53/288 | scores det_seg -0.6778 det_cnt 0.6924 seg_cnt 0.1207
[stage2] epoch 48/50 step 13 | loss 4.7333 | train det 0.0744 seg 0.0644 cnt 3.1026 | shared_pairs det_seg 162/288 det_cnt 75/288 seg_cnt 51/288 | scores det_seg 1.1750 det_cnt -1.4318 seg_cnt -0.1960
[stage2] epoch 48/50 step 14 | loss 3.8904 | train det 0.0516 seg 0.0836 cnt 2.4471 | shared_pairs det_seg 146/288 det_cnt 101/288 seg_cnt 41/288 | scores det_seg -1.1316 det_cnt 0.9153 seg_cnt -0.6768
[stage2] epoch 48/50 step 15 | loss 9.9163 | train det 0.0674 seg 0.1309 cnt 7.8577 | shared_pairs det_seg 147/288 det_cnt 86/288 seg_cnt 55/288 | scores det_seg -0.3327 det_cnt -0.3092 seg_cnt 0.8739
[stage2] epoch 48/50 step 16 | loss 4.3647 | train det 0.1253 seg 0.0652 cnt 1.9637 | shared_pairs det_seg 149/288 det_cnt 97/288 seg_cnt 42/288 | scores det_seg 0.8629 det_cnt 0.8045 seg_cnt -0.3591
[stage2] epoch 48/50 step 17 | loss 3.9809 | train det 0.0448 seg 0.0583 cnt 2.8425 | shared_pairs det_seg 139/288 det_cnt 100/288 seg_cnt 49/288 | scores det_seg -1.3843 det_cnt 0.5824 seg_cnt 0.5967
[stage2] epoch 48/50 step 18 | loss 5.9831 | train det 0.3233 seg 0.0475 cnt 0.7531 | shared_pairs det_seg 136/288 det_cnt 94/288 seg_cnt 58/288 | scores det_seg 1.6679 det_cnt 0.1889 seg_cnt 1.0186
[stage2] epoch 48/50 step 19 | loss 5.3332 | train det 0.2296 seg 0.0631 cnt 1.3845 | shared_pairs det_seg 149/288 det_cnt 82/288 seg_cnt 57/288 | scores det_seg 0.6062 det_cnt -0.6891 seg_cnt 1.3764
[stage2] epoch 48/50 step 20 | loss 13.6961 | train det 0.0229 seg 0.0825 cnt 12.6926 | shared_pairs det_seg 145/288 det_cnt 90/288 seg_cnt 53/288 | scores det_seg 0.7762 det_cnt 0.0043 seg_cnt 0.7459
[stage2] epoch 48/50 step 21 | loss 4.1465 | train det 0.1378 seg 0.0801 cnt 1.4394 | shared_pairs det_seg 142/288 det_cnt 93/288 seg_cnt 53/288 | scores det_seg 0.6815 det_cnt 0.0215 seg_cnt 1.1937
[stage2] epoch 48/50 step 22 | loss 2.2298 | train det 0.0307 seg 0.1132 cnt 0.8637 | shared_pairs det_seg 123/288 det_cnt 111/288 seg_cnt 54/288 | scores det_seg -1.9522 det_cnt 2.9767 seg_cnt 0.0609
[stage2] epoch 48/50 step 23 | loss 4.5272 | train det 0.0980 seg 0.0788 cnt 2.4260 | shared_pairs det_seg 139/288 det_cnt 91/288 seg_cnt 58/288 | scores det_seg -0.8894 det_cnt -1.6519 seg_cnt 0.8447
[stage2] epoch 48/50 step 24 | loss 2.3670 | train det 0.0454 seg 0.1210 cnt 0.7180 | shared_pairs det_seg 146/288 det_cnt 85/288 seg_cnt 57/288 | scores det_seg -1.6582 det_cnt -0.3895 seg_cnt 1.2675
[stage2] epoch 48/50 step 25 | loss 3.2646 | train det 0.0506 seg 0.0585 cnt 2.0379 | shared_pairs det_seg 150/288 det_cnt 96/288 seg_cnt 42/288 | scores det_seg -0.0516 det_cnt -0.5437 seg_cnt -0.5161
[stage2] epoch 48/50 step 26 | loss 4.9219 | train det 0.0842 seg 0.0514 cnt 3.2470 | shared_pairs det_seg 145/288 det_cnt 78/288 seg_cnt 65/288 | scores det_seg -1.7922 det_cnt -2.5168 seg_cnt 0.8199
[stage2] epoch 48/50 step 27 | loss 2.9787 | train det 0.0593 seg 0.0373 cnt 1.7907 | shared_pairs det_seg 143/288 det_cnt 99/288 seg_cnt 46/288 | scores det_seg -0.0619 det_cnt 0.3882 seg_cnt -0.0902
[stage2] epoch 48/50 step 28 | loss 5.6380 | train det 0.1370 seg 0.1072 cnt 2.7263 | shared_pairs det_seg 139/288 det_cnt 91/288 seg_cnt 58/288 | scores det_seg -0.6813 det_cnt -2.2712 seg_cnt -0.1952
[stage2] epoch 48/50 step 29 | loss 4.5357 | train det 0.1127 seg 0.1211 cnt 1.8758 | shared_pairs det_seg 142/288 det_cnt 96/288 seg_cnt 50/288 | scores det_seg -0.9023 det_cnt 0.7842 seg_cnt 0.2053
[stage2] epoch 48/50 step 30 | loss 3.8214 | train det 0.0209 seg 0.0422 cnt 3.1701 | shared_pairs det_seg 124/288 det_cnt 100/288 seg_cnt 64/288 | scores det_seg -3.3581 det_cnt 0.2728 seg_cnt 0.2826
[stage2] epoch 48/50 step 31 | loss 5.7325 | train det 0.1608 seg 0.1009 cnt 2.5134 | shared_pairs det_seg 124/288 det_cnt 97/288 seg_cnt 67/288 | scores det_seg -0.6221 det_cnt 3.0072 seg_cnt 0.0677
[stage2] epoch 48/50 step 32 | loss 4.0618 | train det 0.0811 seg 0.0584 cnt 2.3779 | shared_pairs det_seg 156/288 det_cnt 84/288 seg_cnt 48/288 | scores det_seg -1.4203 det_cnt -1.1610 seg_cnt -1.6017
[stage2] epoch 48/50 step 33 | loss 5.4244 | train det 0.0170 seg 0.1182 cnt 4.2237 | shared_pairs det_seg 147/288 det_cnt 90/288 seg_cnt 51/288 | scores det_seg -1.6176 det_cnt -1.5929 seg_cnt -0.6703
[stage2] epoch 48/50 step 34 | loss 7.8149 | train det 0.1189 seg 0.1912 cnt 4.5017 | shared_pairs det_seg 150/288 det_cnt 85/288 seg_cnt 53/288 | scores det_seg -0.4189 det_cnt -0.7456 seg_cnt -0.5952
[stage2] epoch 48/50 step 35 | loss 3.6321 | train det 0.0479 seg 0.0326 cnt 2.6529 | shared_pairs det_seg 142/288 det_cnt 99/288 seg_cnt 47/288 | scores det_seg 1.4315 det_cnt 1.4875 seg_cnt 0.1908
[stage2] epoch 48/50 step 36 | loss 3.1678 | train det 0.0612 seg 0.0773 cnt 1.6315 | shared_pairs det_seg 141/288 det_cnt 91/288 seg_cnt 56/288 | scores det_seg 1.9505 det_cnt -0.6210 seg_cnt -0.5767
[stage2] epoch 48/50 step 37 | loss 4.7965 | train det 0.0372 seg 0.0922 cnt 3.5014 | shared_pairs det_seg 140/288 det_cnt 85/288 seg_cnt 63/288 | scores det_seg -0.7476 det_cnt 0.1939 seg_cnt 1.2728
[stage2] epoch 48/50 step 38 | loss 3.2042 | train det 0.0323 seg 0.0608 cnt 2.2328 | shared_pairs det_seg 156/288 det_cnt 80/288 seg_cnt 52/288 | scores det_seg -0.0294 det_cnt -1.8358 seg_cnt -0.9943
[stage2] epoch 48/50 step 39 | loss 7.8145 | train det 0.0743 seg 0.0642 cnt 6.1861 | shared_pairs det_seg 148/288 det_cnt 84/288 seg_cnt 56/288 | scores det_seg 0.2155 det_cnt 0.6476 seg_cnt 0.1447
[stage2] epoch 48/50 step 40 | loss 2.3677 | train det 0.0310 seg 0.0422 cnt 1.5643 | shared_pairs det_seg 149/288 det_cnt 84/288 seg_cnt 55/288 | scores det_seg -1.0790 det_cnt 0.3490 seg_cnt 1.2386
[stage2] epoch 48/50 step 41 | loss 5.8316 | train det 0.1353 seg 0.0588 cnt 3.3307 | shared_pairs det_seg 143/288 det_cnt 99/288 seg_cnt 46/288 | scores det_seg -0.2396 det_cnt 0.7559 seg_cnt -0.8753
[stage2] epoch 48/50 step 42 | loss 4.3561 | train det 0.1778 seg 0.0918 cnt 0.9543 | shared_pairs det_seg 146/288 det_cnt 95/288 seg_cnt 47/288 | scores det_seg 0.3335 det_cnt -0.5617 seg_cnt -0.3664
[stage2] epoch 48/50 step 43 | loss 2.4553 | train det 0.0321 seg 0.0853 cnt 1.2909 | shared_pairs det_seg 156/288 det_cnt 74/288 seg_cnt 58/288 | scores det_seg -0.3244 det_cnt -1.0001 seg_cnt 1.3447
[stage2] epoch 48/50 | train 4.8831 | det 0.0948 seg 0.0802 cnt 2.8198 | selected_by_matrix_unit det_seg 6178 det_cnt 3948 seg_cnt 2258
[stage2] epoch 48 | val det 0.6845 seg 1.1343 miou 0.6126 cnt 4.1268 dens 8.590671e-01 mae 3.2677 total_mae 15.5562 | ap50 0.5130 | combo 1.431639
[stage2] epoch 49/50 step 1 | loss 6.2086 | train det 0.0709 seg 0.0656 cnt 4.6199 | shared_pairs det_seg 133/288 det_cnt 102/288 seg_cnt 53/288 | scores det_seg -0.8249 det_cnt 1.9010 seg_cnt -0.8065
[stage2] epoch 49/50 step 2 | loss 4.4653 | train det 0.0668 seg 0.0854 cnt 2.7798 | shared_pairs det_seg 131/288 det_cnt 100/288 seg_cnt 57/288 | scores det_seg 0.6055 det_cnt -1.2697 seg_cnt 1.8825
[stage2] epoch 49/50 step 3 | loss 9.6766 | train det 0.0933 seg 0.0555 cnt 7.8335 | shared_pairs det_seg 141/288 det_cnt 92/288 seg_cnt 55/288 | scores det_seg 0.2083 det_cnt -1.6211 seg_cnt 0.4069
[stage2] epoch 49/50 step 4 | loss 5.1378 | train det 0.0456 seg 0.1758 cnt 3.0475 | shared_pairs det_seg 144/288 det_cnt 99/288 seg_cnt 45/288 | scores det_seg -0.5704 det_cnt 1.4206 seg_cnt -2.8130
[stage2] epoch 49/50 step 5 | loss 5.5814 | train det 0.0620 seg 0.1057 cnt 3.8055 | shared_pairs det_seg 141/288 det_cnt 106/288 seg_cnt 41/288 | scores det_seg 0.9346 det_cnt 1.5076 seg_cnt -1.5115
[stage2] epoch 49/50 step 6 | loss 3.6737 | train det 0.0494 seg 0.1483 cnt 1.7465 | shared_pairs det_seg 147/288 det_cnt 100/288 seg_cnt 41/288 | scores det_seg 0.1363 det_cnt 1.8113 seg_cnt -1.0042
[stage2] epoch 49/50 step 7 | loss 4.8602 | train det 0.1174 seg 0.0826 cnt 2.4391 | shared_pairs det_seg 145/288 det_cnt 89/288 seg_cnt 54/288 | scores det_seg -0.7980 det_cnt -0.2382 seg_cnt 0.3797
[stage2] epoch 49/50 step 8 | loss 7.9592 | train det 0.0464 seg 0.0487 cnt 6.8737 | shared_pairs det_seg 148/288 det_cnt 88/288 seg_cnt 52/288 | scores det_seg -0.9586 det_cnt 0.2663 seg_cnt -0.2648
[stage2] epoch 49/50 step 9 | loss 3.3086 | train det 0.0292 seg 0.0154 cnt 2.7481 | shared_pairs det_seg 150/288 det_cnt 83/288 seg_cnt 55/288 | scores det_seg 0.9889 det_cnt -2.9527 seg_cnt 0.2170
[stage2] epoch 49/50 step 10 | loss 2.7024 | train det 0.0496 seg 0.0928 cnt 1.2164 | shared_pairs det_seg 122/288 det_cnt 107/288 seg_cnt 59/288 | scores det_seg -1.0728 det_cnt 1.4900 seg_cnt 1.2498
[stage2] epoch 49/50 step 11 | loss 5.4007 | train det 0.0579 seg 0.0538 cnt 4.1020 | shared_pairs det_seg 146/288 det_cnt 76/288 seg_cnt 66/288 | scores det_seg -0.1387 det_cnt -2.9240 seg_cnt -0.2067
[stage2] epoch 49/50 step 12 | loss 4.4624 | train det 0.1256 seg 0.0505 cnt 2.1747 | shared_pairs det_seg 150/288 det_cnt 100/288 seg_cnt 38/288 | scores det_seg -1.6839 det_cnt 0.0651 seg_cnt -0.3250
[stage2] epoch 49/50 step 13 | loss 4.0112 | train det 0.1060 seg 0.0666 cnt 1.8885 | shared_pairs det_seg 137/288 det_cnt 90/288 seg_cnt 61/288 | scores det_seg -0.7384 det_cnt -0.1948 seg_cnt 1.4757
[stage2] epoch 49/50 step 14 | loss 3.1676 | train det 0.0489 seg 0.0917 cnt 1.6998 | shared_pairs det_seg 152/288 det_cnt 96/288 seg_cnt 40/288 | scores det_seg 0.1378 det_cnt 0.2863 seg_cnt -2.2186
[stage2] epoch 49/50 step 15 | loss 4.2876 | train det 0.0490 seg 0.0729 cnt 2.9687 | shared_pairs det_seg 148/288 det_cnt 87/288 seg_cnt 53/288 | scores det_seg 0.5187 det_cnt 0.7574 seg_cnt -1.5498
[stage2] epoch 49/50 step 16 | loss 3.4783 | train det 0.1110 seg 0.0511 cnt 1.4045 | shared_pairs det_seg 132/288 det_cnt 93/288 seg_cnt 63/288 | scores det_seg 0.5041 det_cnt 0.2993 seg_cnt 1.6799
[stage2] epoch 49/50 step 17 | loss 3.1973 | train det 0.0162 seg 0.0551 cnt 2.5128 | shared_pairs det_seg 160/288 det_cnt 79/288 seg_cnt 49/288 | scores det_seg -0.3777 det_cnt -2.4722 seg_cnt 1.0541
[stage2] epoch 49/50 step 18 | loss 4.3104 | train det 0.1362 seg 0.0737 cnt 1.6778 | shared_pairs det_seg 157/288 det_cnt 80/288 seg_cnt 51/288 | scores det_seg 0.1975 det_cnt -0.1303 seg_cnt 0.1850
[stage2] epoch 49/50 step 19 | loss 3.1099 | train det 0.1040 seg 0.0590 cnt 1.0774 | shared_pairs det_seg 149/288 det_cnt 86/288 seg_cnt 53/288 | scores det_seg 0.6501 det_cnt 0.8513 seg_cnt 0.7929
[stage2] epoch 49/50 step 20 | loss 3.3347 | train det 0.0376 seg 0.0805 cnt 2.1261 | shared_pairs det_seg 141/288 det_cnt 99/288 seg_cnt 48/288 | scores det_seg -0.8020 det_cnt 1.0053 seg_cnt 0.2365
[stage2] epoch 49/50 step 21 | loss 4.0281 | train det 0.0729 seg 0.1240 cnt 1.9432 | shared_pairs det_seg 143/288 det_cnt 88/288 seg_cnt 57/288 | scores det_seg -0.8170 det_cnt 0.6706 seg_cnt 0.0027
[stage2] epoch 49/50 step 22 | loss 2.7946 | train det 0.0357 seg 0.0409 cnt 1.9323 | shared_pairs det_seg 147/288 det_cnt 90/288 seg_cnt 51/288 | scores det_seg 0.5820 det_cnt 0.1241 seg_cnt -1.5988
[stage2] epoch 49/50 step 23 | loss 3.1000 | train det 0.0520 seg 0.0731 cnt 1.7344 | shared_pairs det_seg 138/288 det_cnt 102/288 seg_cnt 48/288 | scores det_seg 1.0935 det_cnt 2.1614 seg_cnt -0.6559
[stage2] epoch 49/50 step 24 | loss 5.7188 | train det 0.1392 seg 0.0568 cnt 3.1760 | shared_pairs det_seg 128/288 det_cnt 110/288 seg_cnt 50/288 | scores det_seg -0.9403 det_cnt 3.1275 seg_cnt 0.5959
[stage2] epoch 49/50 step 25 | loss 6.1697 | train det 0.1452 seg 0.0627 cnt 3.4897 | shared_pairs det_seg 135/288 det_cnt 107/288 seg_cnt 46/288 | scores det_seg -0.0371 det_cnt 1.8724 seg_cnt -0.4859
[stage2] epoch 49/50 step 26 | loss 4.3731 | train det 0.0463 seg 0.0776 cnt 3.0577 | shared_pairs det_seg 139/288 det_cnt 100/288 seg_cnt 49/288 | scores det_seg -0.4375 det_cnt -0.5057 seg_cnt -0.5734
[stage2] epoch 49/50 step 27 | loss 12.0027 | train det 0.0516 seg 0.0659 cnt 10.7019 | shared_pairs det_seg 136/288 det_cnt 101/288 seg_cnt 51/288 | scores det_seg -0.3799 det_cnt 0.9369 seg_cnt 0.3751
[stage2] epoch 49/50 step 28 | loss 4.0981 | train det 0.0788 seg 0.0600 cnt 2.4366 | shared_pairs det_seg 148/288 det_cnt 96/288 seg_cnt 44/288 | scores det_seg 0.0808 det_cnt -0.8751 seg_cnt -2.7246
[stage2] epoch 49/50 step 29 | loss 6.1835 | train det 0.0465 seg 0.0754 cnt 4.8825 | shared_pairs det_seg 151/288 det_cnt 90/288 seg_cnt 47/288 | scores det_seg -0.5643 det_cnt -1.4355 seg_cnt -0.7447
[stage2] epoch 49/50 step 30 | loss 3.0510 | train det 0.0636 seg 0.0613 cnt 1.6061 | shared_pairs det_seg 128/288 det_cnt 99/288 seg_cnt 61/288 | scores det_seg -0.6130 det_cnt 1.5555 seg_cnt 0.0075
[stage2] epoch 49/50 step 31 | loss 7.2188 | train det 0.3026 seg 0.0838 cnt 2.0096 | shared_pairs det_seg 152/288 det_cnt 93/288 seg_cnt 43/288 | scores det_seg -0.7025 det_cnt -1.3973 seg_cnt -0.6104
[stage2] epoch 49/50 step 32 | loss 13.1383 | train det 0.0749 seg 0.0275 cnt 11.7952 | shared_pairs det_seg 162/288 det_cnt 83/288 seg_cnt 43/288 | scores det_seg 0.2095 det_cnt 0.9375 seg_cnt -0.4758
[stage2] epoch 49/50 step 33 | loss 8.0403 | train det 0.2507 seg 0.0777 cnt 3.6581 | shared_pairs det_seg 149/288 det_cnt 84/288 seg_cnt 55/288 | scores det_seg 1.6210 det_cnt -1.7290 seg_cnt 0.0730
[stage2] epoch 49/50 step 34 | loss 3.1804 | train det 0.0627 seg 0.0684 cnt 1.6920 | shared_pairs det_seg 140/288 det_cnt 93/288 seg_cnt 55/288 | scores det_seg 1.0063 det_cnt 2.1594 seg_cnt 0.6893
[stage2] epoch 49/50 step 35 | loss 8.9309 | train det 0.2790 seg 0.1159 cnt 3.8188 | shared_pairs det_seg 139/288 det_cnt 99/288 seg_cnt 50/288 | scores det_seg 0.4444 det_cnt 1.3290 seg_cnt 0.0206
[stage2] epoch 49/50 step 36 | loss 4.1243 | train det 0.1308 seg 0.0666 cnt 1.6297 | shared_pairs det_seg 163/288 det_cnt 76/288 seg_cnt 49/288 | scores det_seg 1.3480 det_cnt 1.3325 seg_cnt 0.1351
[stage2] epoch 49/50 step 37 | loss 5.0596 | train det 0.1006 seg 0.0734 cnt 2.9638 | shared_pairs det_seg 157/288 det_cnt 68/288 seg_cnt 63/288 | scores det_seg 0.7385 det_cnt -3.3303 seg_cnt 0.7949
[stage2] epoch 49/50 step 38 | loss 3.8421 | train det 0.0827 seg 0.1106 cnt 1.7171 | shared_pairs det_seg 156/288 det_cnt 83/288 seg_cnt 49/288 | scores det_seg 0.5929 det_cnt -0.2166 seg_cnt 0.2926
[stage2] epoch 49/50 step 39 | loss 5.0227 | train det 0.0853 seg 0.0771 cnt 3.1256 | shared_pairs det_seg 138/288 det_cnt 90/288 seg_cnt 60/288 | scores det_seg -1.6582 det_cnt -1.9269 seg_cnt 1.5126
[stage2] epoch 49/50 step 40 | loss 3.0097 | train det 0.0389 seg 0.1197 cnt 1.4682 | shared_pairs det_seg 154/288 det_cnt 81/288 seg_cnt 53/288 | scores det_seg -1.3433 det_cnt -0.2885 seg_cnt 0.0140
[stage2] epoch 49/50 step 41 | loss 5.8115 | train det 0.0831 seg 0.1053 cnt 3.7224 | shared_pairs det_seg 130/288 det_cnt 90/288 seg_cnt 68/288 | scores det_seg -1.9349 det_cnt -0.8329 seg_cnt 2.6752
[stage2] epoch 49/50 step 42 | loss 3.8230 | train det 0.0657 seg 0.0733 cnt 2.2506 | shared_pairs det_seg 154/288 det_cnt 70/288 seg_cnt 64/288 | scores det_seg -0.5133 det_cnt -0.6871 seg_cnt 1.5304
[stage2] epoch 49/50 step 43 | loss 4.0013 | train det 0.1389 seg 0.1016 cnt 1.1047 | shared_pairs det_seg 133/288 det_cnt 100/288 seg_cnt 55/288 | scores det_seg -1.2479 det_cnt 0.8817 seg_cnt -0.0141
[stage2] epoch 49/50 | train 5.0943 | det 0.0896 seg 0.0774 cnt 3.1316 | selected_by_matrix_unit det_seg 6194 det_cnt 3945 seg_cnt 2245
[stage2] epoch 49 | val det 0.6817 seg 1.1389 miou 0.6141 cnt 3.8189 dens 8.651869e-01 mae 2.9538 total_mae 12.6725 | ap50 0.5056 | combo 1.458295
[stage2] epoch 50/50 step 1 | loss 3.2016 | train det 0.0541 seg 0.0533 cnt 1.9635 | shared_pairs det_seg 147/288 det_cnt 96/288 seg_cnt 45/288 | scores det_seg -0.0915 det_cnt 1.4395 seg_cnt -0.3779
[stage2] epoch 50/50 step 2 | loss 10.2928 | train det 0.2407 seg 0.0687 cnt 6.1318 | shared_pairs det_seg 146/288 det_cnt 87/288 seg_cnt 55/288 | scores det_seg -0.7740 det_cnt -1.6673 seg_cnt 0.8296
[stage2] epoch 50/50 step 3 | loss 4.1828 | train det 0.0629 seg 0.1783 cnt 1.8124 | shared_pairs det_seg 124/288 det_cnt 102/288 seg_cnt 62/288 | scores det_seg -2.3541 det_cnt 0.6347 seg_cnt 2.5960
[stage2] epoch 50/50 step 4 | loss 3.7413 | train det 0.0834 seg 0.0400 cnt 2.1710 | shared_pairs det_seg 144/288 det_cnt 88/288 seg_cnt 56/288 | scores det_seg -1.4578 det_cnt -0.1056 seg_cnt -0.1491
[stage2] epoch 50/50 step 5 | loss 5.4602 | train det 0.0538 seg 0.0926 cnt 3.9129 | shared_pairs det_seg 134/288 det_cnt 110/288 seg_cnt 44/288 | scores det_seg 1.5298 det_cnt 1.2918 seg_cnt -0.5559
[stage2] epoch 50/50 step 6 | loss 9.4151 | train det 0.3861 seg 0.0845 cnt 2.9472 | shared_pairs det_seg 149/288 det_cnt 87/288 seg_cnt 52/288 | scores det_seg 0.9283 det_cnt -0.3649 seg_cnt -0.4900
[stage2] epoch 50/50 step 7 | loss 6.3039 | train det 0.1060 seg 0.1174 cnt 3.7741 | shared_pairs det_seg 159/288 det_cnt 83/288 seg_cnt 46/288 | scores det_seg -0.6640 det_cnt -1.1815 seg_cnt -1.0483
[stage2] epoch 50/50 step 8 | loss 1.9982 | train det 0.0182 seg 0.0703 cnt 1.1635 | shared_pairs det_seg 148/288 det_cnt 91/288 seg_cnt 49/288 | scores det_seg 0.7550 det_cnt -0.5042 seg_cnt -0.1187
[stage2] epoch 50/50 step 9 | loss 7.6587 | train det 0.3030 seg 0.0857 cnt 2.4280 | shared_pairs det_seg 155/288 det_cnt 82/288 seg_cnt 51/288 | scores det_seg 2.3024 det_cnt -0.1219 seg_cnt 0.9858
[stage2] epoch 50/50 step 10 | loss 3.0687 | train det 0.0433 seg 0.0884 cnt 1.7126 | shared_pairs det_seg 156/288 det_cnt 75/288 seg_cnt 57/288 | scores det_seg 0.4846 det_cnt -1.3903 seg_cnt 1.3300
[stage2] epoch 50/50 step 11 | loss 5.0149 | train det 0.1753 seg 0.0602 cnt 1.9043 | shared_pairs det_seg 135/288 det_cnt 102/288 seg_cnt 51/288 | scores det_seg -1.1971 det_cnt 1.7228 seg_cnt -1.0851
[stage2] epoch 50/50 step 12 | loss 6.4356 | train det 0.0565 seg 0.0173 cnt 5.4500 | shared_pairs det_seg 141/288 det_cnt 95/288 seg_cnt 52/288 | scores det_seg -0.1978 det_cnt -0.5700 seg_cnt -1.3748
[stage2] epoch 50/50 step 13 | loss 4.5523 | train det 0.0428 seg 0.0693 cnt 3.3549 | shared_pairs det_seg 155/288 det_cnt 82/288 seg_cnt 51/288 | scores det_seg -1.4835 det_cnt -1.4409 seg_cnt 0.6297
[stage2] epoch 50/50 step 14 | loss 5.5232 | train det 0.1587 seg 0.0990 cnt 2.3498 | shared_pairs det_seg 137/288 det_cnt 90/288 seg_cnt 61/288 | scores det_seg -1.0588 det_cnt 0.9849 seg_cnt -0.8037
[stage2] epoch 50/50 step 15 | loss 2.4227 | train det 0.0278 seg 0.0575 cnt 1.5453 | shared_pairs det_seg 150/288 det_cnt 95/288 seg_cnt 43/288 | scores det_seg -0.0014 det_cnt 0.1588 seg_cnt -0.8610
[stage2] epoch 50/50 step 16 | loss 3.9561 | train det 0.0666 seg 0.1481 cnt 1.7727 | shared_pairs det_seg 144/288 det_cnt 92/288 seg_cnt 52/288 | scores det_seg -2.5744 det_cnt -2.5766 seg_cnt -1.3230
[stage2] epoch 50/50 step 17 | loss 8.5797 | train det 0.4447 seg 0.1132 cnt 1.0039 | shared_pairs det_seg 151/288 det_cnt 82/288 seg_cnt 55/288 | scores det_seg -0.0596 det_cnt -0.5651 seg_cnt 1.1001
[stage2] epoch 50/50 step 18 | loss 8.3478 | train det 0.3857 seg 0.0915 cnt 1.8300 | shared_pairs det_seg 145/288 det_cnt 92/288 seg_cnt 51/288 | scores det_seg -1.3036 det_cnt -0.6572 seg_cnt -0.8583
[stage2] epoch 50/50 step 19 | loss 5.1457 | train det 0.0948 seg 0.0784 cnt 3.0966 | shared_pairs det_seg 149/288 det_cnt 81/288 seg_cnt 58/288 | scores det_seg 1.6096 det_cnt -0.9246 seg_cnt 0.9352
[stage2] epoch 50/50 step 20 | loss 2.4669 | train det 0.0183 seg 0.0343 cnt 1.9177 | shared_pairs det_seg 163/288 det_cnt 80/288 seg_cnt 45/288 | scores det_seg 1.5133 det_cnt -0.0764 seg_cnt 0.2880
[stage2] epoch 50/50 step 21 | loss 9.0250 | train det 0.0341 seg 0.0609 cnt 8.0260 | shared_pairs det_seg 138/288 det_cnt 98/288 seg_cnt 52/288 | scores det_seg -1.6866 det_cnt 0.6665 seg_cnt 0.6821
[stage2] epoch 50/50 step 22 | loss 3.0709 | train det 0.0874 seg 0.0518 cnt 1.3464 | shared_pairs det_seg 153/288 det_cnt 78/288 seg_cnt 57/288 | scores det_seg -1.3930 det_cnt -1.6314 seg_cnt 0.6543
[stage2] epoch 50/50 step 23 | loss 2.3665 | train det 0.0338 seg 0.0666 cnt 1.3265 | shared_pairs det_seg 156/288 det_cnt 82/288 seg_cnt 50/288 | scores det_seg 1.4006 det_cnt 0.4626 seg_cnt 0.1411
[stage2] epoch 50/50 step 24 | loss 4.0269 | train det 0.0668 seg 0.0709 cnt 2.4577 | shared_pairs det_seg 155/288 det_cnt 75/288 seg_cnt 58/288 | scores det_seg -0.4942 det_cnt 0.7550 seg_cnt -0.0442
[stage2] epoch 50/50 step 25 | loss 6.3369 | train det 0.2057 seg 0.1044 cnt 2.4154 | shared_pairs det_seg 149/288 det_cnt 77/288 seg_cnt 62/288 | scores det_seg 0.2721 det_cnt -0.3861 seg_cnt 0.1183
[stage2] epoch 50/50 step 26 | loss 9.0678 | train det 0.1177 seg 0.0715 cnt 6.7302 | shared_pairs det_seg 151/288 det_cnt 88/288 seg_cnt 49/288 | scores det_seg 0.6600 det_cnt -1.2594 seg_cnt -0.7585
[stage2] epoch 50/50 step 27 | loss 7.6884 | train det 0.3242 seg 0.1004 cnt 2.0219 | shared_pairs det_seg 132/288 det_cnt 99/288 seg_cnt 57/288 | scores det_seg 1.0094 det_cnt 1.4969 seg_cnt 0.9021
[stage2] epoch 50/50 step 28 | loss 4.1428 | train det 0.0607 seg 0.0971 cnt 2.4557 | shared_pairs det_seg 138/288 det_cnt 97/288 seg_cnt 53/288 | scores det_seg 1.8839 det_cnt 0.9906 seg_cnt -1.7331
[stage2] epoch 50/50 step 29 | loss 11.4855 | train det 0.3404 seg 0.1431 cnt 5.2347 | shared_pairs det_seg 161/288 det_cnt 86/288 seg_cnt 41/288 | scores det_seg 0.8745 det_cnt -0.6686 seg_cnt -2.6253
[stage2] epoch 50/50 step 30 | loss 5.5788 | train det 0.1209 seg 0.0718 cnt 3.1909 | shared_pairs det_seg 144/288 det_cnt 101/288 seg_cnt 43/288 | scores det_seg 1.1579 det_cnt 2.4581 seg_cnt -1.6271
[stage2] epoch 50/50 step 31 | loss 4.4259 | train det 0.0277 seg 0.0664 cnt 3.4788 | shared_pairs det_seg 141/288 det_cnt 96/288 seg_cnt 51/288 | scores det_seg -0.1723 det_cnt 2.3240 seg_cnt -1.5997
[stage2] epoch 50/50 step 32 | loss 2.7179 | train det 0.0574 seg 0.0671 cnt 1.3195 | shared_pairs det_seg 145/288 det_cnt 79/288 seg_cnt 64/288 | scores det_seg -1.5322 det_cnt -2.0587 seg_cnt 0.0986
[stage2] epoch 50/50 step 33 | loss 3.2160 | train det 0.0218 seg 0.0358 cnt 2.6023 | shared_pairs det_seg 145/288 det_cnt 89/288 seg_cnt 54/288 | scores det_seg -0.7680 det_cnt -0.1983 seg_cnt 0.4629
[stage2] epoch 50/50 step 34 | loss 2.6431 | train det 0.0382 seg 0.0328 cnt 1.8073 | shared_pairs det_seg 162/288 det_cnt 84/288 seg_cnt 42/288 | scores det_seg 1.5565 det_cnt -0.1625 seg_cnt -2.6329
[stage2] epoch 50/50 step 35 | loss 3.1458 | train det 0.0320 seg 0.0431 cnt 2.3211 | shared_pairs det_seg 144/288 det_cnt 82/288 seg_cnt 62/288 | scores det_seg -0.4297 det_cnt -1.8220 seg_cnt 1.0141
[stage2] epoch 50/50 step 36 | loss 9.3715 | train det 0.1590 seg 0.1396 cnt 5.8701 | shared_pairs det_seg 153/288 det_cnt 82/288 seg_cnt 53/288 | scores det_seg -0.0294 det_cnt -2.9268 seg_cnt -1.4082
[stage2] epoch 50/50 step 37 | loss 4.8980 | train det 0.0345 seg 0.0892 cnt 3.6675 | shared_pairs det_seg 138/288 det_cnt 88/288 seg_cnt 62/288 | scores det_seg 0.3992 det_cnt 0.1623 seg_cnt 1.7944
[stage2] epoch 50/50 step 38 | loss 5.1480 | train det 0.1783 seg 0.0410 cnt 2.1458 | shared_pairs det_seg 152/288 det_cnt 85/288 seg_cnt 51/288 | scores det_seg 0.9484 det_cnt 0.6187 seg_cnt -0.1993
[stage2] epoch 50/50 step 39 | loss 2.8697 | train det 0.0522 seg 0.0964 cnt 1.3155 | shared_pairs det_seg 142/288 det_cnt 90/288 seg_cnt 56/288 | scores det_seg -0.9934 det_cnt -0.5013 seg_cnt 1.1219
[stage2] epoch 50/50 step 40 | loss 3.8543 | train det 0.1039 seg 0.0474 cnt 1.9165 | shared_pairs det_seg 135/288 det_cnt 99/288 seg_cnt 54/288 | scores det_seg -0.1096 det_cnt 1.5048 seg_cnt -0.7760
[stage2] epoch 50/50 step 41 | loss 2.1119 | train det 0.0331 seg 0.0695 cnt 1.0600 | shared_pairs det_seg 138/288 det_cnt 84/288 seg_cnt 66/288 | scores det_seg -0.2306 det_cnt 1.1148 seg_cnt 1.5397
[stage2] epoch 50/50 step 42 | loss 6.7242 | train det 0.2962 seg 0.0491 cnt 1.8885 | shared_pairs det_seg 154/288 det_cnt 75/288 seg_cnt 59/288 | scores det_seg 0.1229 det_cnt -1.2472 seg_cnt 0.3677
[stage2] epoch 50/50 step 43 | loss 6.0747 | train det 0.1051 seg 0.0227 cnt 4.3168 | shared_pairs det_seg 145/288 det_cnt 83/288 seg_cnt 60/288 | scores det_seg 0.7522 det_cnt -1.0378 seg_cnt 0.0789
[stage2] epoch 50/50 | train 5.2967 | det 0.1245 seg 0.0764 cnt 2.8176 | selected_by_matrix_unit det_seg 6303 det_cnt 3789 seg_cnt 2292
[stage2] epoch 50 | val det 0.6933 seg 1.1446 miou 0.6161 cnt 4.0284 dens 8.744531e-01 mae 3.1539 total_mae 14.1105 | ap50 0.5118 | combo 1.444992
[ckpt] saved stage2 best -> runs/ours_10per/best_combo.pt (combo 1.470524)
swanlab: 🏠 View project at https://swanlab.cn/@blacknwhit/115_grpo_mainonly
swanlab: 🚀 View run at 
https://swanlab.cn/@blacknwhit/115_grpo_mainonly/runs/4bbvpr2fj0tpydyv30lbp
