swanlab: swanlab version 0.7.15 is available!  Upgrade: `pip install -U swanlab`
swanlab: Tracking run with swanlab version 0.7.14
swanlab: Run data will be saved locally in 
/data/xiangyuyue/ULLM-zf/fsl-20260209/runs/115_mainonly_1_10per/swanlog/run-20260413_204420-2tt395eu6v6car0bql65j
swanlab: 👋 Hi blacknwhit,welcome to swanlab!
swanlab: Syncing run 115_mainonly_1_10per to the cloud
swanlab: 🏠 View project at https://swanlab.cn/@blacknwhit/115_grpo_mainonly_1
swanlab: 🚀 View run at https://swanlab.cn/@blacknwhit/115_grpo_mainonly_1/runs/2tt395eu6v6car0bql65j
/data/xiangyuyue/ULLM-zf/fsl-20260209/115_grpo_mainonly_1/utils.py:95: FutureWarning: You are using `torch.load` with `weights_only=False` (the current default value), which uses the default pickle module implicitly. It is possible to construct malicious pickle data which will execute arbitrary code during unpickling (See https://github.com/pytorch/pytorch/blob/main/SECURITY.md#untrusted-models for more details). In a future release, the default value for `weights_only` will be flipped to `True`. This limits the functions that could be executed during unpickling. Arbitrary objects will no longer be allowed to be loaded via this mode unless they are explicitly allowlisted by the user via `torch.serialization.add_safe_globals`. We recommend you start setting `weights_only=True` for any use case where you don't have full control of the loaded file. Please open an issue on GitHub for any issues related to this experimental feature.
  ckpt = torch.load(p, map_location=map_location)
[train] Backbone params: 0
[train] LoRA-MoE params: 6561792
[train] Det head params: 14875060
[train] Seg head params: 9451531
[train] Cnt head params: 9448456
[stage1] skipped; initialize stage2 from checkpoint: /data/xiangyuyue/ULLM-zf/fsl-20260209/best_combo.pt
[ckpt] load complete: /data/xiangyuyue/ULLM-zf/fsl-20260209/best_combo.pt
[ckpt]   shared: complete=1 missing=0 unexpected=0
[ckpt]   detector: complete=1 missing=0 unexpected=0
[ckpt]   seg_head: complete=1 missing=0 unexpected=0
[ckpt]   cnt_head: complete=1 missing=0 unexpected=0
[stage2] epoch 1/50 step 1 | loss 3.9926 | train det 0.1295 seg 0.0709 cnt 1.4832 | shared_pairs det_seg 140/288 det_cnt 86/288 seg_cnt 62/288 | scores det_seg 6.4189 det_cnt -1.2117 seg_cnt -1.1787
[stage2] epoch 1/50 step 2 | loss 3.4795 | train det 0.0285 seg 0.1703 cnt 1.6900 | shared_pairs det_seg 118/288 det_cnt 95/288 seg_cnt 75/288 | scores det_seg 0.3819 det_cnt -3.2892 seg_cnt -2.7559
[stage2] epoch 1/50 step 3 | loss 3.8682 | train det 0.0956 seg 0.0812 cnt 1.7852 | shared_pairs det_seg 114/288 det_cnt 109/288 seg_cnt 65/288 | scores det_seg -1.3692 det_cnt 1.1131 seg_cnt -0.4400
[stage2] epoch 1/50 step 4 | loss 3.5092 | train det 0.0270 seg 0.1168 cnt 2.1699 | shared_pairs det_seg 97/288 det_cnt 119/288 seg_cnt 72/288 | scores det_seg -0.2608 det_cnt 4.8825 seg_cnt 2.7956
[stage2] epoch 1/50 step 5 | loss 3.1826 | train det 0.0698 seg 0.1413 cnt 1.0057 | shared_pairs det_seg 107/288 det_cnt 97/288 seg_cnt 84/288 | scores det_seg 3.1200 det_cnt 1.9603 seg_cnt 5.9248
[stage2] epoch 1/50 step 6 | loss 2.6419 | train det 0.0260 seg 0.1362 cnt 1.1618 | shared_pairs det_seg 122/288 det_cnt 98/288 seg_cnt 68/288 | scores det_seg 0.5912 det_cnt -2.0174 seg_cnt -2.9424
[stage2] epoch 1/50 step 7 | loss 3.7100 | train det 0.1090 seg 0.0977 cnt 1.2935 | shared_pairs det_seg 127/288 det_cnt 95/288 seg_cnt 66/288 | scores det_seg 0.5377 det_cnt -1.0651 seg_cnt -3.2388
[stage2] epoch 1/50 step 8 | loss 4.3227 | train det 0.2098 seg 0.0978 cnt 0.3932 | shared_pairs det_seg 123/288 det_cnt 93/288 seg_cnt 72/288 | scores det_seg -3.3537 det_cnt 1.4503 seg_cnt -1.3636
[stage2] epoch 1/50 step 9 | loss 3.3093 | train det 0.0302 seg 0.1452 cnt 1.6946 | shared_pairs det_seg 118/288 det_cnt 89/288 seg_cnt 81/288 | scores det_seg -2.3272 det_cnt -1.6368 seg_cnt -0.7039
[stage2] epoch 1/50 step 10 | loss 4.2486 | train det 0.0550 seg 0.0985 cnt 2.6359 | shared_pairs det_seg 98/288 det_cnt 113/288 seg_cnt 77/288 | scores det_seg -3.4509 det_cnt 1.8111 seg_cnt -3.3315
[stage2] epoch 1/50 step 11 | loss 7.9279 | train det 0.2007 seg 0.1282 cnt 3.8909 | shared_pairs det_seg 112/288 det_cnt 115/288 seg_cnt 61/288 | scores det_seg 1.0406 det_cnt 3.5362 seg_cnt 1.2322
[stage2] epoch 1/50 step 12 | loss 3.5341 | train det 0.0953 seg 0.1818 cnt 0.6509 | shared_pairs det_seg 105/288 det_cnt 91/288 seg_cnt 92/288 | scores det_seg 0.9186 det_cnt -0.2337 seg_cnt 2.4610
[stage2] epoch 1/50 step 13 | loss 37.1268 | train det 0.1685 seg 0.2743 cnt 32.4049 | shared_pairs det_seg 108/288 det_cnt 94/288 seg_cnt 86/288 | scores det_seg -1.4121 det_cnt -2.4589 seg_cnt 1.4463
[stage2] epoch 1/50 step 14 | loss 5.6733 | train det 0.2621 seg 0.1104 cnt 0.8581 | shared_pairs det_seg 123/288 det_cnt 92/288 seg_cnt 73/288 | scores det_seg 6.1445 det_cnt 2.9618 seg_cnt -0.2961
[stage2] epoch 1/50 step 15 | loss 5.8738 | train det 0.0294 seg 0.2063 cnt 3.7819 | shared_pairs det_seg 124/288 det_cnt 90/288 seg_cnt 74/288 | scores det_seg 0.3458 det_cnt -0.8305 seg_cnt -2.3583
[stage2] epoch 1/50 step 16 | loss 4.1924 | train det 0.0306 seg 0.1502 cnt 2.5321 | shared_pairs det_seg 116/288 det_cnt 103/288 seg_cnt 69/288 | scores det_seg -3.2508 det_cnt 1.1967 seg_cnt -3.1361
[stage2] epoch 1/50 step 17 | loss 2.6532 | train det 0.0401 seg 0.1804 cnt 0.6078 | shared_pairs det_seg 110/288 det_cnt 108/288 seg_cnt 70/288 | scores det_seg -0.2676 det_cnt 0.8028 seg_cnt -3.2894
[stage2] epoch 1/50 step 18 | loss 2.9690 | train det 0.0685 seg 0.0614 cnt 1.4494 | shared_pairs det_seg 106/288 det_cnt 113/288 seg_cnt 69/288 | scores det_seg -1.8634 det_cnt -2.5393 seg_cnt -0.6597
[stage2] epoch 1/50 step 19 | loss 4.3291 | train det 0.0550 seg 0.0611 cnt 3.0157 | shared_pairs det_seg 111/288 det_cnt 96/288 seg_cnt 81/288 | scores det_seg -1.2408 det_cnt 3.8986 seg_cnt 2.0990
[stage2] epoch 1/50 step 20 | loss 4.1213 | train det 0.0431 seg 0.1138 cnt 2.5642 | shared_pairs det_seg 121/288 det_cnt 79/288 seg_cnt 88/288 | scores det_seg -1.5068 det_cnt 1.1118 seg_cnt -0.3316
[stage2] epoch 1/50 step 21 | loss 4.1280 | train det 0.0788 seg 0.1988 cnt 1.3554 | shared_pairs det_seg 118/288 det_cnt 88/288 seg_cnt 82/288 | scores det_seg -1.6178 det_cnt -4.7250 seg_cnt -1.7281
[stage2] epoch 1/50 step 22 | loss 3.6970 | train det 0.1052 seg 0.0656 cnt 1.5938 | shared_pairs det_seg 116/288 det_cnt 85/288 seg_cnt 87/288 | scores det_seg 0.5551 det_cnt -0.1507 seg_cnt 1.5512
[stage2] epoch 1/50 step 23 | loss 4.8216 | train det 0.1181 seg 0.1901 cnt 1.5291 | shared_pairs det_seg 110/288 det_cnt 83/288 seg_cnt 95/288 | scores det_seg -1.6808 det_cnt -2.2125 seg_cnt 2.7985
[stage2] epoch 1/50 step 24 | loss 3.6313 | train det 0.0590 seg 0.1484 cnt 1.5591 | shared_pairs det_seg 113/288 det_cnt 105/288 seg_cnt 70/288 | scores det_seg -0.4755 det_cnt -0.0529 seg_cnt -2.8504
[stage2] epoch 1/50 step 25 | loss 5.0842 | train det 0.2048 seg 0.1298 cnt 0.9736 | shared_pairs det_seg 117/288 det_cnt 99/288 seg_cnt 72/288 | scores det_seg 1.8763 det_cnt -0.9316 seg_cnt 1.3127
[stage2] epoch 1/50 step 26 | loss 2.5186 | train det 0.0238 seg 0.0988 cnt 1.3705 | shared_pairs det_seg 111/288 det_cnt 84/288 seg_cnt 93/288 | scores det_seg -1.0688 det_cnt -5.6412 seg_cnt 3.6215
[stage2] epoch 1/50 step 27 | loss 5.5379 | train det 0.2190 seg 0.0782 cnt 1.6269 | shared_pairs det_seg 88/288 det_cnt 120/288 seg_cnt 80/288 | scores det_seg -6.2097 det_cnt 0.7235 seg_cnt 0.7277
[stage2] epoch 1/50 step 28 | loss 15.0294 | train det 0.0422 seg 0.2835 cnt 12.1281 | shared_pairs det_seg 116/288 det_cnt 90/288 seg_cnt 82/288 | scores det_seg -0.7916 det_cnt -1.5406 seg_cnt 1.7211
[stage2] epoch 1/50 step 29 | loss 5.9244 | train det 0.0536 seg 0.2056 cnt 3.4755 | shared_pairs det_seg 95/288 det_cnt 117/288 seg_cnt 76/288 | scores det_seg -1.8583 det_cnt 4.3037 seg_cnt 2.0318
[stage2] epoch 1/50 step 30 | loss 4.4825 | train det 0.0979 seg 0.1232 cnt 2.0293 | shared_pairs det_seg 113/288 det_cnt 95/288 seg_cnt 80/288 | scores det_seg -0.3812 det_cnt 1.2965 seg_cnt 2.7125
[stage2] epoch 1/50 step 31 | loss 4.2094 | train det 0.0555 seg 0.1663 cnt 2.0463 | shared_pairs det_seg 134/288 det_cnt 83/288 seg_cnt 71/288 | scores det_seg 1.9250 det_cnt -2.8671 seg_cnt -0.5989
[stage2] epoch 1/50 step 32 | loss 3.1284 | train det 0.0387 seg 0.0902 cnt 1.8259 | shared_pairs det_seg 116/288 det_cnt 94/288 seg_cnt 78/288 | scores det_seg -0.1582 det_cnt -1.6350 seg_cnt -0.5515
[stage2] epoch 1/50 step 33 | loss 4.0482 | train det 0.0752 seg 0.1778 cnt 1.4983 | shared_pairs det_seg 125/288 det_cnt 92/288 seg_cnt 71/288 | scores det_seg 0.1432 det_cnt -2.5715 seg_cnt -0.4092
[stage2] epoch 1/50 step 34 | loss 4.0453 | train det 0.0914 seg 0.1235 cnt 1.6871 | shared_pairs det_seg 100/288 det_cnt 118/288 seg_cnt 70/288 | scores det_seg -1.7920 det_cnt 0.7999 seg_cnt -0.6016
[stage2] epoch 1/50 step 35 | loss 3.1968 | train det 0.0215 seg 0.1186 cnt 1.9253 | shared_pairs det_seg 124/288 det_cnt 88/288 seg_cnt 76/288 | scores det_seg 2.5814 det_cnt -2.0918 seg_cnt -0.5309
[stage2] epoch 1/50 step 36 | loss 3.8542 | train det 0.0595 seg 0.0680 cnt 2.4178 | shared_pairs det_seg 108/288 det_cnt 97/288 seg_cnt 83/288 | scores det_seg -2.8498 det_cnt -0.0219 seg_cnt -0.9047
[stage2] epoch 1/50 step 37 | loss 8.2366 | train det 0.0360 seg 0.1880 cnt 6.1935 | shared_pairs det_seg 114/288 det_cnt 92/288 seg_cnt 82/288 | scores det_seg 1.7831 det_cnt -0.2539 seg_cnt 1.1255
[stage2] epoch 1/50 step 38 | loss 4.2723 | train det 0.0151 seg 0.0549 cnt 3.6067 | shared_pairs det_seg 99/288 det_cnt 102/288 seg_cnt 87/288 | scores det_seg -5.5396 det_cnt -1.1149 seg_cnt -0.2289
[stage2] epoch 1/50 step 39 | loss 6.0304 | train det 0.1043 seg 0.2285 cnt 2.6376 | shared_pairs det_seg 122/288 det_cnt 97/288 seg_cnt 69/288 | scores det_seg 2.4348 det_cnt 0.8398 seg_cnt 1.8773
[stage2] epoch 1/50 step 40 | loss 3.8184 | train det 0.0299 seg 0.2025 cnt 1.7502 | shared_pairs det_seg 118/288 det_cnt 93/288 seg_cnt 77/288 | scores det_seg -1.5839 det_cnt 0.0519 seg_cnt 1.9353
[stage2] epoch 1/50 step 41 | loss 4.3373 | train det 0.0407 seg 0.1975 cnt 2.1474 | shared_pairs det_seg 112/288 det_cnt 97/288 seg_cnt 79/288 | scores det_seg 0.1268 det_cnt 2.1152 seg_cnt 0.3167
[stage2] epoch 1/50 step 42 | loss 5.1099 | train det 0.0341 seg 0.1294 cnt 3.5643 | shared_pairs det_seg 128/288 det_cnt 88/288 seg_cnt 72/288 | scores det_seg 0.1642 det_cnt -1.7964 seg_cnt -0.1544
[stage2] epoch 1/50 step 43 | loss 3.4387 | train det 0.0462 seg 0.1262 cnt 1.7360 | shared_pairs det_seg 119/288 det_cnt 94/288 seg_cnt 75/288 | scores det_seg -1.1843 det_cnt -3.4228 seg_cnt 0.0401
[stage2] epoch 1/50 step 44 | loss 5.6993 | train det 0.1069 seg 0.1381 cnt 2.9912 | shared_pairs det_seg 99/288 det_cnt 117/288 seg_cnt 72/288 | scores det_seg -2.3559 det_cnt 0.9158 seg_cnt -0.3819
[stage2] epoch 1/50 step 45 | loss 6.1322 | train det 0.0227 seg 0.3175 cnt 3.2512 | shared_pairs det_seg 126/288 det_cnt 93/288 seg_cnt 69/288 | scores det_seg 5.3098 det_cnt -0.0654 seg_cnt -0.0496
[stage2] epoch 1/50 step 46 | loss 9.5221 | train det 0.2277 seg 0.1596 cnt 4.8297 | shared_pairs det_seg 113/288 det_cnt 95/288 seg_cnt 80/288 | scores det_seg -0.3936 det_cnt -1.1047 seg_cnt 0.6336
[stage2] epoch 1/50 step 47 | loss 1.7133 | train det 0.0410 seg 0.0823 cnt 0.4400 | shared_pairs det_seg 112/288 det_cnt 101/288 seg_cnt 75/288 | scores det_seg -1.0955 det_cnt 5.0989 seg_cnt -0.5723
[stage2] epoch 1/50 step 48 | loss 6.0419 | train det 0.0431 seg 0.0759 cnt 4.7890 | shared_pairs det_seg 125/288 det_cnt 104/288 seg_cnt 59/288 | scores det_seg 0.5409 det_cnt -2.5721 seg_cnt -5.1035
[stage2] epoch 1/50 step 49 | loss 9.6059 | train det 0.0381 seg 0.1645 cnt 7.7188 | shared_pairs det_seg 94/288 det_cnt 108/288 seg_cnt 86/288 | scores det_seg -5.0485 det_cnt 0.8664 seg_cnt 0.8411
[stage2] epoch 1/50 step 50 | loss 6.5663 | train det 0.0419 seg 0.1148 cnt 5.0198 | shared_pairs det_seg 130/288 det_cnt 85/288 seg_cnt 73/288 | scores det_seg 3.5084 det_cnt -2.3335 seg_cnt -0.3012
[stage2] epoch 1/50 step 51 | loss 5.0105 | train det 0.1517 seg 0.0637 cnt 2.2250 | shared_pairs det_seg 113/288 det_cnt 106/288 seg_cnt 69/288 | scores det_seg 0.7401 det_cnt 0.7445 seg_cnt 0.4831
[stage2] epoch 1/50 step 52 | loss 9.1147 | train det 0.1719 seg 0.1538 cnt 5.3062 | shared_pairs det_seg 126/288 det_cnt 89/288 seg_cnt 73/288 | scores det_seg -1.0595 det_cnt -4.1859 seg_cnt -2.4753
[stage2] epoch 1/50 step 53 | loss 3.7647 | train det 0.1343 seg 0.1156 cnt 0.8260 | shared_pairs det_seg 109/288 det_cnt 106/288 seg_cnt 73/288 | scores det_seg -1.4932 det_cnt -2.5930 seg_cnt 1.2881
[stage2] epoch 1/50 step 54 | loss 3.3378 | train det 0.0184 seg 0.1540 cnt 1.8293 | shared_pairs det_seg 106/288 det_cnt 111/288 seg_cnt 71/288 | scores det_seg -3.9238 det_cnt 2.2605 seg_cnt -0.9657
[stage2] epoch 1/50 step 55 | loss 6.5751 | train det 0.1120 seg 0.1118 cnt 4.0002 | shared_pairs det_seg 121/288 det_cnt 86/288 seg_cnt 81/288 | scores det_seg -0.3428 det_cnt -1.6684 seg_cnt 4.7110
[stage2] epoch 1/50 step 56 | loss 2.2805 | train det 0.0290 seg 0.1322 cnt 0.7882 | shared_pairs det_seg 123/288 det_cnt 105/288 seg_cnt 60/288 | scores det_seg 1.9706 det_cnt 3.4673 seg_cnt 0.1045
[stage2] epoch 1/50 step 57 | loss 3.1679 | train det 0.0628 seg 0.1549 cnt 0.9868 | shared_pairs det_seg 115/288 det_cnt 103/288 seg_cnt 70/288 | scores det_seg -0.6314 det_cnt -1.1540 seg_cnt 0.5178
[stage2] epoch 1/50 step 58 | loss 4.3124 | train det 0.0721 seg 0.1837 cnt 1.7610 | shared_pairs det_seg 112/288 det_cnt 102/288 seg_cnt 74/288 | scores det_seg 0.1797 det_cnt 2.8419 seg_cnt -2.2375
[stage2] epoch 1/50 step 59 | loss 7.4793 | train det 0.0902 seg 0.6548 cnt 0.8882 | shared_pairs det_seg 110/288 det_cnt 108/288 seg_cnt 70/288 | scores det_seg 0.2079 det_cnt 2.4609 seg_cnt -3.6860
[stage2] epoch 1/50 step 60 | loss 4.9787 | train det 0.0395 seg 0.1019 cnt 3.5705 | shared_pairs det_seg 120/288 det_cnt 95/288 seg_cnt 73/288 | scores det_seg -1.5482 det_cnt 1.0907 seg_cnt 0.9873
[stage2] epoch 1/50 step 61 | loss 5.1097 | train det 0.0775 seg 0.2101 cnt 2.2654 | shared_pairs det_seg 102/288 det_cnt 107/288 seg_cnt 79/288 | scores det_seg -2.3481 det_cnt 2.5461 seg_cnt 0.8541
[stage2] epoch 1/50 step 62 | loss 2.8978 | train det 0.0513 seg 0.1497 cnt 0.9309 | shared_pairs det_seg 106/288 det_cnt 107/288 seg_cnt 75/288 | scores det_seg 1.8729 det_cnt -2.0345 seg_cnt -0.7182
[stage2] epoch 1/50 step 63 | loss 3.1184 | train det 0.0454 seg 0.0782 cnt 1.8113 | shared_pairs det_seg 112/288 det_cnt 92/288 seg_cnt 84/288 | scores det_seg 1.1090 det_cnt 2.8356 seg_cnt 1.9124
[stage2] epoch 1/50 step 64 | loss 2.3543 | train det 0.0353 seg 0.1196 cnt 0.8679 | shared_pairs det_seg 121/288 det_cnt 92/288 seg_cnt 75/288 | scores det_seg 1.3408 det_cnt -0.2672 seg_cnt -0.6025
[stage2] epoch 1/50 step 65 | loss 7.5856 | train det 0.2970 seg 0.1567 cnt 1.8780 | shared_pairs det_seg 114/288 det_cnt 111/288 seg_cnt 63/288 | scores det_seg 0.9657 det_cnt 1.5688 seg_cnt -0.4865
[stage2] epoch 1/50 step 66 | loss 3.2550 | train det 0.0450 seg 0.1079 cnt 1.7164 | shared_pairs det_seg 105/288 det_cnt 111/288 seg_cnt 72/288 | scores det_seg -1.5889 det_cnt 3.5180 seg_cnt -1.7841
[stage2] epoch 1/50 step 67 | loss 3.3672 | train det 0.0827 seg 0.1449 cnt 0.9679 | shared_pairs det_seg 107/288 det_cnt 102/288 seg_cnt 79/288 | scores det_seg 1.0350 det_cnt 0.0262 seg_cnt 0.9865
[stage2] epoch 1/50 step 68 | loss 4.6102 | train det 0.0434 seg 0.1588 cnt 2.6896 | shared_pairs det_seg 105/288 det_cnt 108/288 seg_cnt 75/288 | scores det_seg -2.0826 det_cnt 4.9063 seg_cnt 3.1637
[stage2] epoch 1/50 step 69 | loss 3.1017 | train det 0.0533 seg 0.0398 cnt 1.9830 | shared_pairs det_seg 120/288 det_cnt 83/288 seg_cnt 85/288 | scores det_seg -2.5128 det_cnt -4.2401 seg_cnt 0.7013
[stage2] epoch 1/50 step 70 | loss 6.2468 | train det 0.0515 seg 0.1926 cnt 3.9328 | shared_pairs det_seg 128/288 det_cnt 85/288 seg_cnt 75/288 | scores det_seg 0.4012 det_cnt -4.8927 seg_cnt -2.9513
[stage2] epoch 1/50 step 71 | loss 6.3823 | train det 0.1502 seg 0.1685 cnt 2.7809 | shared_pairs det_seg 98/288 det_cnt 102/288 seg_cnt 88/288 | scores det_seg -1.6280 det_cnt 1.6069 seg_cnt 1.0776
[stage2] epoch 1/50 step 72 | loss 6.9194 | train det 0.0682 seg 0.2552 cnt 3.8550 | shared_pairs det_seg 117/288 det_cnt 105/288 seg_cnt 66/288 | scores det_seg 1.7617 det_cnt -1.6993 seg_cnt -4.0037
[stage2] epoch 1/50 step 73 | loss 9.4581 | train det 0.0225 seg 0.1698 cnt 7.7625 | shared_pairs det_seg 100/288 det_cnt 105/288 seg_cnt 83/288 | scores det_seg 0.5753 det_cnt 0.5144 seg_cnt 1.5518
[stage2] epoch 1/50 step 74 | loss 5.8099 | train det 0.1008 seg 0.0906 cnt 3.5725 | shared_pairs det_seg 118/288 det_cnt 93/288 seg_cnt 77/288 | scores det_seg -0.3564 det_cnt -5.0411 seg_cnt 0.7235
[stage2] epoch 1/50 step 75 | loss 2.2133 | train det 0.0376 seg 0.1234 cnt 0.6618 | shared_pairs det_seg 105/288 det_cnt 110/288 seg_cnt 73/288 | scores det_seg -3.1698 det_cnt 2.2453 seg_cnt 1.3206
[stage2] epoch 1/50 step 76 | loss 4.2283 | train det 0.0719 seg 0.0969 cnt 2.3740 | shared_pairs det_seg 122/288 det_cnt 88/288 seg_cnt 78/288 | scores det_seg 0.9828 det_cnt -3.1244 seg_cnt -4.2512
[stage2] epoch 1/50 step 77 | loss 3.7673 | train det 0.0436 seg 0.1122 cnt 2.2160 | shared_pairs det_seg 99/288 det_cnt 122/288 seg_cnt 67/288 | scores det_seg -0.6395 det_cnt 4.8494 seg_cnt -1.5513
[stage2] epoch 1/50 step 78 | loss 2.7430 | train det 0.0710 seg 0.0496 cnt 1.2815 | shared_pairs det_seg 120/288 det_cnt 97/288 seg_cnt 71/288 | scores det_seg 2.0311 det_cnt 0.2542 seg_cnt 1.1743
[stage2] epoch 1/50 step 79 | loss 5.7952 | train det 0.1232 seg 0.0545 cnt 3.5115 | shared_pairs det_seg 96/288 det_cnt 108/288 seg_cnt 84/288 | scores det_seg -2.2180 det_cnt 1.5134 seg_cnt 0.8304
[stage2] epoch 1/50 step 80 | loss 3.2531 | train det 0.0209 seg 0.0992 cnt 2.1462 | shared_pairs det_seg 116/288 det_cnt 91/288 seg_cnt 81/288 | scores det_seg -1.7483 det_cnt 0.2959 seg_cnt -1.3450
[stage2] epoch 1/50 step 81 | loss 3.5772 | train det 0.0350 seg 0.1296 cnt 2.0144 | shared_pairs det_seg 109/288 det_cnt 95/288 seg_cnt 84/288 | scores det_seg -1.9490 det_cnt 1.6032 seg_cnt 2.2107
[stage2] epoch 1/50 step 82 | loss 7.3233 | train det 0.1738 seg 0.1123 cnt 3.8174 | shared_pairs det_seg 116/288 det_cnt 97/288 seg_cnt 75/288 | scores det_seg -1.6828 det_cnt -0.6394 seg_cnt 3.2488
[stage2] epoch 1/50 step 83 | loss 3.1608 | train det 0.0643 seg 0.1810 cnt 0.7483 | shared_pairs det_seg 128/288 det_cnt 96/288 seg_cnt 64/288 | scores det_seg 1.5280 det_cnt 0.9338 seg_cnt -1.4899
[stage2] epoch 1/50 step 84 | loss 7.0980 | train det 0.3244 seg 0.1785 cnt 0.8035 | shared_pairs det_seg 126/288 det_cnt 95/288 seg_cnt 67/288 | scores det_seg 1.3324 det_cnt -1.7426 seg_cnt -2.0050
[stage2] epoch 1/50 step 85 | loss 1.7220 | train det 0.0420 seg 0.0847 cnt 0.4139 | shared_pairs det_seg 116/288 det_cnt 94/288 seg_cnt 78/288 | scores det_seg -1.6836 det_cnt 2.3030 seg_cnt 0.0403
[stage2] epoch 1/50 step 86 | loss 5.2178 | train det 0.0489 seg 0.2076 cnt 2.8229 | shared_pairs det_seg 98/288 det_cnt 113/288 seg_cnt 77/288 | scores det_seg -3.2008 det_cnt 1.6858 seg_cnt -2.1682
[stage2] epoch 1/50 step 87 | loss 4.7793 | train det 0.0904 seg 0.1665 cnt 2.0917 | shared_pairs det_seg 118/288 det_cnt 108/288 seg_cnt 62/288 | scores det_seg 3.3073 det_cnt 5.1070 seg_cnt -8.0321
[stage2] epoch 1/50 step 88 | loss 4.0001 | train det 0.1521 seg 0.0967 cnt 0.9459 | shared_pairs det_seg 118/288 det_cnt 104/288 seg_cnt 66/288 | scores det_seg -1.2874 det_cnt 0.3888 seg_cnt -2.9257
[stage2] epoch 1/50 step 89 | loss 3.6344 | train det 0.0557 seg 0.0758 cnt 2.1934 | shared_pairs det_seg 125/288 det_cnt 99/288 seg_cnt 64/288 | scores det_seg -2.0011 det_cnt -3.2951 seg_cnt -3.4707
[stage2] epoch 1/50 step 90 | loss 2.7882 | train det 0.0321 seg 0.1299 cnt 1.2667 | shared_pairs det_seg 113/288 det_cnt 100/288 seg_cnt 75/288 | scores det_seg 1.1507 det_cnt 2.5061 seg_cnt 0.9318
[stage2] epoch 1/50 step 91 | loss 3.2724 | train det 0.0633 seg 0.0593 cnt 1.8486 | shared_pairs det_seg 125/288 det_cnt 97/288 seg_cnt 66/288 | scores det_seg -2.6388 det_cnt -0.1332 seg_cnt -5.7419
[stage2] epoch 1/50 step 92 | loss 7.2295 | train det 0.1247 seg 0.1327 cnt 4.2981 | shared_pairs det_seg 103/288 det_cnt 116/288 seg_cnt 69/288 | scores det_seg -0.9877 det_cnt 2.2901 seg_cnt -0.8632
[stage2] epoch 1/50 step 93 | loss 4.5320 | train det 0.1610 seg 0.1665 cnt 0.7844 | shared_pairs det_seg 97/288 det_cnt 111/288 seg_cnt 80/288 | scores det_seg 1.1491 det_cnt 5.4960 seg_cnt 4.3274
[stage2] epoch 1/50 step 94 | loss 2.6441 | train det 0.0454 seg 0.1039 cnt 1.1321 | shared_pairs det_seg 107/288 det_cnt 112/288 seg_cnt 69/288 | scores det_seg -2.0234 det_cnt 3.2211 seg_cnt -2.3463
[stage2] epoch 1/50 step 95 | loss 3.3540 | train det 0.0327 seg 0.1315 cnt 1.8117 | shared_pairs det_seg 98/288 det_cnt 115/288 seg_cnt 75/288 | scores det_seg -0.8554 det_cnt 1.2574 seg_cnt -3.2710
[stage2] epoch 1/50 step 96 | loss 6.5757 | train det 0.0464 seg 0.2131 cnt 4.1757 | shared_pairs det_seg 115/288 det_cnt 105/288 seg_cnt 68/288 | scores det_seg 2.3562 det_cnt -1.4263 seg_cnt -3.5893
[stage2] epoch 1/50 step 97 | loss 9.0833 | train det 0.4425 seg 0.1071 cnt 1.5896 | shared_pairs det_seg 111/288 det_cnt 98/288 seg_cnt 79/288 | scores det_seg -0.8127 det_cnt -0.0311 seg_cnt 0.3158
[stage2] epoch 1/50 step 98 | loss 3.6487 | train det 0.0635 seg 0.1063 cnt 1.8459 | shared_pairs det_seg 116/288 det_cnt 83/288 seg_cnt 89/288 | scores det_seg 1.6180 det_cnt -1.0091 seg_cnt 1.8036
[stage2] epoch 1/50 step 99 | loss 4.3629 | train det 0.0950 seg 0.1708 cnt 1.5719 | shared_pairs det_seg 110/288 det_cnt 105/288 seg_cnt 73/288 | scores det_seg 0.0705 det_cnt 1.0681 seg_cnt -2.7712
[stage2] epoch 1/50 step 100 | loss 4.7984 | train det 0.0364 seg 0.1290 cnt 3.2212 | shared_pairs det_seg 102/288 det_cnt 130/288 seg_cnt 56/288 | scores det_seg 0.6064 det_cnt 5.2222 seg_cnt 0.0646
[stage2] epoch 1/50 step 101 | loss 5.3358 | train det 0.0227 seg 0.2757 cnt 2.7894 | shared_pairs det_seg 109/288 det_cnt 107/288 seg_cnt 72/288 | scores det_seg -0.7471 det_cnt 0.0323 seg_cnt 0.7004
[stage2] epoch 1/50 step 102 | loss 5.4767 | train det 0.0229 seg 0.1113 cnt 4.2421 | shared_pairs det_seg 98/288 det_cnt 88/288 seg_cnt 102/288 | scores det_seg -1.4188 det_cnt 0.3485 seg_cnt 1.7330
[stage2] epoch 1/50 step 103 | loss 4.3900 | train det 0.0466 seg 0.1038 cnt 2.8601 | shared_pairs det_seg 109/288 det_cnt 102/288 seg_cnt 77/288 | scores det_seg -0.0319 det_cnt 1.2222 seg_cnt 2.2531
[stage2] epoch 1/50 step 104 | loss 2.3069 | train det 0.0219 seg 0.1137 cnt 1.0692 | shared_pairs det_seg 115/288 det_cnt 97/288 seg_cnt 76/288 | scores det_seg -0.2366 det_cnt -3.3682 seg_cnt -3.3611
[stage2] epoch 1/50 step 105 | loss 3.0696 | train det 0.0250 seg 0.1155 cnt 1.7708 | shared_pairs det_seg 119/288 det_cnt 87/288 seg_cnt 82/288 | scores det_seg 1.4663 det_cnt -2.8460 seg_cnt 1.7604
[stage2] epoch 1/50 step 106 | loss 3.9671 | train det 0.0331 seg 0.1334 cnt 2.4033 | shared_pairs det_seg 115/288 det_cnt 98/288 seg_cnt 75/288 | scores det_seg 2.8152 det_cnt -0.3001 seg_cnt -1.5419
[stage2] epoch 1/50 step 107 | loss 6.5616 | train det 0.1062 seg 0.2531 cnt 2.9426 | shared_pairs det_seg 112/288 det_cnt 103/288 seg_cnt 73/288 | scores det_seg 1.7715 det_cnt -0.3436 seg_cnt -1.2376
[stage2] epoch 1/50 step 108 | loss 11.1821 | train det 0.4927 seg 0.1053 cnt 2.9486 | shared_pairs det_seg 112/288 det_cnt 95/288 seg_cnt 81/288 | scores det_seg -0.9400 det_cnt 1.2705 seg_cnt -1.1555
[stage2] epoch 1/50 step 109 | loss 3.1762 | train det 0.0299 seg 0.1146 cnt 1.8108 | shared_pairs det_seg 118/288 det_cnt 94/288 seg_cnt 76/288 | scores det_seg -0.0415 det_cnt -0.3993 seg_cnt 3.4620
[stage2] epoch 1/50 step 110 | loss 3.0520 | train det 0.0322 seg 0.1331 cnt 1.5041 | shared_pairs det_seg 94/288 det_cnt 107/288 seg_cnt 87/288 | scores det_seg -2.6505 det_cnt 2.7313 seg_cnt 6.4143
[stage2] epoch 1/50 step 111 | loss 5.0689 | train det 0.0909 seg 0.0781 cnt 3.0815 | shared_pairs det_seg 99/288 det_cnt 101/288 seg_cnt 88/288 | scores det_seg -3.2831 det_cnt 1.4604 seg_cnt 3.0134
[stage2] epoch 1/50 step 112 | loss 2.0087 | train det 0.0248 seg 0.1087 cnt 0.7671 | shared_pairs det_seg 127/288 det_cnt 88/288 seg_cnt 73/288 | scores det_seg -0.0343 det_cnt -1.4663 seg_cnt -1.3267
[stage2] epoch 1/50 step 113 | loss 7.8544 | train det 0.1854 seg 0.2605 cnt 2.9903 | shared_pairs det_seg 123/288 det_cnt 88/288 seg_cnt 77/288 | scores det_seg 1.4757 det_cnt -2.8292 seg_cnt 1.0584
[stage2] epoch 1/50 step 114 | loss 3.3603 | train det 0.0367 seg 0.2429 cnt 0.8665 | shared_pairs det_seg 114/288 det_cnt 103/288 seg_cnt 71/288 | scores det_seg 1.0624 det_cnt -0.8202 seg_cnt -1.8937
[stage2] epoch 1/50 step 115 | loss 2.4621 | train det 0.0921 seg 0.0441 cnt 0.7283 | shared_pairs det_seg 122/288 det_cnt 88/288 seg_cnt 78/288 | scores det_seg -2.4399 det_cnt -2.5565 seg_cnt 0.0241
[stage2] epoch 1/50 step 116 | loss 3.3352 | train det 0.0475 seg 0.1339 cnt 1.5517 | shared_pairs det_seg 113/288 det_cnt 87/288 seg_cnt 88/288 | scores det_seg 2.8790 det_cnt -3.8818 seg_cnt 1.8600
[stage2] epoch 1/50 step 117 | loss 5.0281 | train det 0.0638 seg 0.1176 cnt 3.1307 | shared_pairs det_seg 123/288 det_cnt 86/288 seg_cnt 79/288 | scores det_seg 0.0594 det_cnt -1.9157 seg_cnt 0.8372
[stage2] epoch 1/50 step 118 | loss 6.4455 | train det 0.2160 seg 0.1348 cnt 2.1276 | shared_pairs det_seg 135/288 det_cnt 93/288 seg_cnt 60/288 | scores det_seg 2.4915 det_cnt -1.7465 seg_cnt -4.6830
[stage2] epoch 1/50 step 119 | loss 3.4902 | train det 0.0368 seg 0.1530 cnt 1.7137 | shared_pairs det_seg 97/288 det_cnt 104/288 seg_cnt 87/288 | scores det_seg -4.5779 det_cnt -1.6397 seg_cnt -2.6245
[stage2] epoch 1/50 step 120 | loss 4.6827 | train det 0.0139 seg 0.1768 cnt 3.0598 | shared_pairs det_seg 132/288 det_cnt 89/288 seg_cnt 67/288 | scores det_seg -0.0908 det_cnt -3.8484 seg_cnt -0.4037
[stage2] epoch 1/50 step 121 | loss 4.2830 | train det 0.0775 seg 0.1084 cnt 2.2532 | shared_pairs det_seg 116/288 det_cnt 81/288 seg_cnt 91/288 | scores det_seg -1.0602 det_cnt 0.4789 seg_cnt 2.9828
[stage2] epoch 1/50 step 122 | loss 4.6233 | train det 0.0752 seg 0.1150 cnt 2.5747 | shared_pairs det_seg 106/288 det_cnt 106/288 seg_cnt 76/288 | scores det_seg 2.8184 det_cnt 4.5119 seg_cnt -0.2706
[stage2] epoch 1/50 step 123 | loss 2.0638 | train det 0.0219 seg 0.0778 cnt 1.1119 | shared_pairs det_seg 124/288 det_cnt 92/288 seg_cnt 72/288 | scores det_seg 4.5603 det_cnt 0.4205 seg_cnt 0.9913
[stage2] epoch 1/50 step 124 | loss 4.3494 | train det 0.0213 seg 0.1664 cnt 2.6995 | shared_pairs det_seg 91/288 det_cnt 103/288 seg_cnt 94/288 | scores det_seg -4.6775 det_cnt 0.3863 seg_cnt 0.3819
[stage2] epoch 1/50 step 125 | loss 5.5408 | train det 0.0252 seg 0.1953 cnt 3.6006 | shared_pairs det_seg 96/288 det_cnt 113/288 seg_cnt 79/288 | scores det_seg -3.6908 det_cnt 1.0296 seg_cnt 0.0416
[stage2] epoch 1/50 step 126 | loss 2.7727 | train det 0.0295 seg 0.0651 cnt 1.8099 | shared_pairs det_seg 111/288 det_cnt 91/288 seg_cnt 86/288 | scores det_seg -1.1821 det_cnt 4.6758 seg_cnt 1.9566
[stage2] epoch 1/50 step 127 | loss 4.4137 | train det 0.0460 seg 0.0785 cnt 3.0952 | shared_pairs det_seg 111/288 det_cnt 91/288 seg_cnt 86/288 | scores det_seg -0.2980 det_cnt 1.4821 seg_cnt 1.4336
[stage2] epoch 1/50 step 128 | loss 3.0270 | train det 0.0441 seg 0.0495 cnt 1.9696 | shared_pairs det_seg 108/288 det_cnt 105/288 seg_cnt 75/288 | scores det_seg -1.8317 det_cnt -1.0188 seg_cnt 0.2128
[stage2] epoch 1/50 step 129 | loss 3.2798 | train det 0.0578 seg 0.0807 cnt 1.7663 | shared_pairs det_seg 104/288 det_cnt 98/288 seg_cnt 86/288 | scores det_seg -2.7180 det_cnt -2.0932 seg_cnt -0.2926
[stage2] epoch 1/50 step 130 | loss 3.9350 | train det 0.0960 seg 0.0734 cnt 1.9078 | shared_pairs det_seg 100/288 det_cnt 101/288 seg_cnt 87/288 | scores det_seg -0.6752 det_cnt 2.5744 seg_cnt -1.0382
[stage2] epoch 1/50 step 131 | loss 3.4168 | train det 0.1225 seg 0.0640 cnt 1.0668 | shared_pairs det_seg 123/288 det_cnt 89/288 seg_cnt 76/288 | scores det_seg -1.1635 det_cnt 0.0410 seg_cnt -0.8627
[stage2] epoch 1/50 step 132 | loss 8.5862 | train det 0.2178 seg 0.1209 cnt 4.3519 | shared_pairs det_seg 116/288 det_cnt 96/288 seg_cnt 76/288 | scores det_seg 2.5044 det_cnt -2.7075 seg_cnt 4.0110
[stage2] epoch 1/50 step 133 | loss 2.7537 | train det 0.0142 seg 0.0861 cnt 1.8526 | shared_pairs det_seg 121/288 det_cnt 107/288 seg_cnt 60/288 | scores det_seg 4.2640 det_cnt 1.0321 seg_cnt -1.9566
[stage2] epoch 1/50 step 134 | loss 2.9377 | train det 0.0193 seg 0.0830 cnt 1.9844 | shared_pairs det_seg 109/288 det_cnt 95/288 seg_cnt 84/288 | scores det_seg -2.4191 det_cnt -0.4587 seg_cnt 2.9570
[stage2] epoch 1/50 step 135 | loss 1.8349 | train det 0.0259 seg 0.0650 cnt 0.9260 | shared_pairs det_seg 100/288 det_cnt 121/288 seg_cnt 67/288 | scores det_seg -0.7977 det_cnt 3.0613 seg_cnt -0.8546
[stage2] epoch 1/50 step 136 | loss 9.6028 | train det 0.1012 seg 0.1605 cnt 6.8004 | shared_pairs det_seg 121/288 det_cnt 99/288 seg_cnt 68/288 | scores det_seg 1.8352 det_cnt 0.0258 seg_cnt -0.0738
[stage2] epoch 1/50 step 137 | loss 3.2927 | train det 0.0873 seg 0.0672 cnt 1.4455 | shared_pairs det_seg 135/288 det_cnt 90/288 seg_cnt 63/288 | scores det_seg 1.8835 det_cnt -1.4928 seg_cnt -3.6999
[stage2] epoch 1/50 step 138 | loss 4.4722 | train det 0.1013 seg 0.1065 cnt 2.0999 | shared_pairs det_seg 121/288 det_cnt 89/288 seg_cnt 78/288 | scores det_seg 1.4551 det_cnt -1.6797 seg_cnt 1.1509
[stage2] epoch 1/50 step 139 | loss 4.6967 | train det 0.0947 seg 0.1901 cnt 1.7554 | shared_pairs det_seg 118/288 det_cnt 105/288 seg_cnt 65/288 | scores det_seg 1.6589 det_cnt 4.0771 seg_cnt -1.9463
[stage2] epoch 1/50 step 140 | loss 4.6672 | train det 0.0352 seg 0.3099 cnt 1.6593 | shared_pairs det_seg 124/288 det_cnt 90/288 seg_cnt 74/288 | scores det_seg 1.0962 det_cnt -3.9045 seg_cnt -2.0797
[stage2] epoch 1/50 step 141 | loss 5.9520 | train det 0.1044 seg 0.0696 cnt 3.8284 | shared_pairs det_seg 118/288 det_cnt 113/288 seg_cnt 57/288 | scores det_seg 2.6056 det_cnt 0.3413 seg_cnt -6.6711
[stage2] epoch 1/50 step 142 | loss 4.9723 | train det 0.1121 seg 0.1258 cnt 2.2847 | shared_pairs det_seg 126/288 det_cnt 94/288 seg_cnt 68/288 | scores det_seg 2.5357 det_cnt 0.1748 seg_cnt -4.0250
[stage2] epoch 1/50 step 143 | loss 8.5150 | train det 0.1761 seg 0.0460 cnt 5.5052 | shared_pairs det_seg 112/288 det_cnt 99/288 seg_cnt 77/288 | scores det_seg -0.6349 det_cnt -0.5471 seg_cnt -0.4867
[stage2] epoch 1/50 step 144 | loss 3.7314 | train det 0.0445 seg 0.1286 cnt 2.0352 | shared_pairs det_seg 116/288 det_cnt 87/288 seg_cnt 85/288 | scores det_seg 0.2825 det_cnt 0.2359 seg_cnt 3.0638
[stage2] epoch 1/50 step 145 | loss 4.9744 | train det 0.0900 seg 0.1471 cnt 2.4477 | shared_pairs det_seg 127/288 det_cnt 87/288 seg_cnt 74/288 | scores det_seg -0.3582 det_cnt -0.2596 seg_cnt 0.9232
[stage2] epoch 1/50 step 146 | loss 5.4915 | train det 0.0651 seg 0.4441 cnt 0.9623 | shared_pairs det_seg 133/288 det_cnt 85/288 seg_cnt 70/288 | scores det_seg 2.4813 det_cnt -0.0497 seg_cnt -2.4727
[stage2] epoch 1/50 step 147 | loss 4.1772 | train det 0.0872 seg 0.1303 cnt 1.8270 | shared_pairs det_seg 114/288 det_cnt 107/288 seg_cnt 67/288 | scores det_seg -0.5986 det_cnt 1.0046 seg_cnt -2.4750
[stage2] epoch 1/50 step 148 | loss 7.3167 | train det 0.0424 seg 0.3704 cnt 3.7177 | shared_pairs det_seg 121/288 det_cnt 87/288 seg_cnt 80/288 | scores det_seg 5.1223 det_cnt -0.5970 seg_cnt 4.2822
[stage2] epoch 1/50 step 149 | loss 5.3480 | train det 0.0427 seg 0.0939 cnt 3.9560 | shared_pairs det_seg 120/288 det_cnt 95/288 seg_cnt 73/288 | scores det_seg 1.0016 det_cnt 0.3297 seg_cnt -1.4689
[stage2] epoch 1/50 step 150 | loss 3.0858 | train det 0.0611 seg 0.1002 cnt 1.3679 | shared_pairs det_seg 117/288 det_cnt 96/288 seg_cnt 75/288 | scores det_seg -1.0515 det_cnt 1.0226 seg_cnt -0.2630
[stage2] epoch 1/50 step 151 | loss 2.5550 | train det 0.1025 seg 0.0135 cnt 0.9092 | shared_pairs det_seg 132/288 det_cnt 75/288 seg_cnt 81/288 | scores det_seg 1.0094 det_cnt -0.9658 seg_cnt 3.2249
[stage2] epoch 1/50 step 152 | loss 3.8583 | train det 0.0638 seg 0.1304 cnt 1.8577 | shared_pairs det_seg 117/288 det_cnt 103/288 seg_cnt 68/288 | scores det_seg -0.3629 det_cnt 3.9840 seg_cnt -0.6098
[stage2] epoch 1/50 step 153 | loss 2.2611 | train det 0.0554 seg 0.0757 cnt 0.8249 | shared_pairs det_seg 109/288 det_cnt 88/288 seg_cnt 91/288 | scores det_seg -2.2974 det_cnt 0.9338 seg_cnt 3.9958
[stage2] epoch 1/50 step 154 | loss 4.6084 | train det 0.0434 seg 0.1147 cnt 3.0395 | shared_pairs det_seg 116/288 det_cnt 90/288 seg_cnt 82/288 | scores det_seg -2.0356 det_cnt -4.3680 seg_cnt 0.9989
[stage2] epoch 1/50 step 155 | loss 4.2399 | train det 0.0553 seg 0.1343 cnt 2.3357 | shared_pairs det_seg 119/288 det_cnt 95/288 seg_cnt 74/288 | scores det_seg 0.2423 det_cnt -2.5625 seg_cnt -5.0650
[stage2] epoch 1/50 step 156 | loss 3.9054 | train det 0.1310 seg 0.1118 cnt 1.0454 | shared_pairs det_seg 118/288 det_cnt 93/288 seg_cnt 77/288 | scores det_seg -0.8256 det_cnt 0.1334 seg_cnt 2.0163
[stage2] epoch 1/50 step 157 | loss 8.0061 | train det 0.2644 seg 0.2907 cnt 1.7141 | shared_pairs det_seg 116/288 det_cnt 99/288 seg_cnt 73/288 | scores det_seg -4.4009 det_cnt -2.7038 seg_cnt -1.4355
[stage2] epoch 1/50 step 158 | loss 4.0394 | train det 0.0623 seg 0.2428 cnt 1.1627 | shared_pairs det_seg 95/288 det_cnt 122/288 seg_cnt 71/288 | scores det_seg -2.2365 det_cnt 4.2709 seg_cnt -1.3048
[stage2] epoch 1/50 step 159 | loss 11.8293 | train det 0.5041 seg 0.1004 cnt 3.4653 | shared_pairs det_seg 100/288 det_cnt 103/288 seg_cnt 85/288 | scores det_seg -2.6786 det_cnt -1.9725 seg_cnt 0.4409
[stage2] epoch 1/50 step 160 | loss 3.9954 | train det 0.0665 seg 0.0845 cnt 2.3228 | shared_pairs det_seg 117/288 det_cnt 93/288 seg_cnt 78/288 | scores det_seg -0.2967 det_cnt -0.5982 seg_cnt -1.8641
[stage2] epoch 1/50 step 161 | loss 3.9231 | train det 0.0886 seg 0.1477 cnt 1.4132 | shared_pairs det_seg 112/288 det_cnt 104/288 seg_cnt 72/288 | scores det_seg -0.5431 det_cnt 3.7101 seg_cnt 0.8425
[stage2] epoch 1/50 step 162 | loss 2.4227 | train det 0.0358 seg 0.0407 cnt 1.5599 | shared_pairs det_seg 114/288 det_cnt 84/288 seg_cnt 90/288 | scores det_seg 2.8732 det_cnt 0.1390 seg_cnt 2.4804
[stage2] epoch 1/50 step 163 | loss 2.8690 | train det 0.0286 seg 0.2123 cnt 0.7421 | shared_pairs det_seg 125/288 det_cnt 91/288 seg_cnt 72/288 | scores det_seg -1.1559 det_cnt -3.6419 seg_cnt -2.1150
[stage2] epoch 1/50 step 164 | loss 3.5830 | train det 0.0728 seg 0.0774 cnt 1.8723 | shared_pairs det_seg 115/288 det_cnt 84/288 seg_cnt 89/288 | scores det_seg -4.1305 det_cnt -0.6179 seg_cnt 1.0436
[stage2] epoch 1/50 step 165 | loss 3.3226 | train det 0.0998 seg 0.1007 cnt 1.0204 | shared_pairs det_seg 127/288 det_cnt 99/288 seg_cnt 62/288 | scores det_seg 3.2718 det_cnt 0.7768 seg_cnt -1.6617
[stage2] epoch 1/50 step 166 | loss 3.9891 | train det 0.0583 seg 0.1943 cnt 1.5608 | shared_pairs det_seg 127/288 det_cnt 79/288 seg_cnt 82/288 | scores det_seg 1.8564 det_cnt -3.7284 seg_cnt -0.3163
[stage2] epoch 1/50 step 167 | loss 2.9874 | train det 0.0505 seg 0.0719 cnt 1.6551 | shared_pairs det_seg 121/288 det_cnt 97/288 seg_cnt 70/288 | scores det_seg 0.7103 det_cnt 0.4726 seg_cnt 1.8287
[stage2] epoch 1/50 step 168 | loss 6.0980 | train det 0.0982 seg 0.2081 cnt 2.9608 | shared_pairs det_seg 110/288 det_cnt 99/288 seg_cnt 79/288 | scores det_seg -0.7606 det_cnt 1.1728 seg_cnt 0.5436
[stage2] epoch 1/50 step 169 | loss 3.0239 | train det 0.0490 seg 0.1229 cnt 1.3060 | shared_pairs det_seg 114/288 det_cnt 93/288 seg_cnt 81/288 | scores det_seg -0.3943 det_cnt -0.2646 seg_cnt 0.1132
[stage2] epoch 1/50 step 170 | loss 6.0961 | train det 0.0815 seg 0.2290 cnt 3.0424 | shared_pairs det_seg 110/288 det_cnt 89/288 seg_cnt 89/288 | scores det_seg 1.6056 det_cnt -5.1534 seg_cnt 4.4920
[stage2] epoch 1/50 step 171 | loss 4.2271 | train det 0.0209 seg 0.2739 cnt 1.7220 | shared_pairs det_seg 109/288 det_cnt 105/288 seg_cnt 74/288 | scores det_seg 0.0686 det_cnt 0.6123 seg_cnt 3.6379
[stage2] epoch 1/50 step 172 | loss 3.9280 | train det 0.1343 seg 0.1566 cnt 0.6604 | shared_pairs det_seg 112/288 det_cnt 95/288 seg_cnt 81/288 | scores det_seg -0.0773 det_cnt 0.8026 seg_cnt 1.6767
[stage2] epoch 1/50 step 173 | loss 5.5693 | train det 0.1131 seg 0.1968 cnt 2.2987 | shared_pairs det_seg 128/288 det_cnt 104/288 seg_cnt 56/288 | scores det_seg 0.7210 det_cnt 0.3944 seg_cnt -1.8232
[stage2] epoch 1/50 step 174 | loss 3.1746 | train det 0.0735 seg 0.1217 cnt 1.0983 | shared_pairs det_seg 122/288 det_cnt 94/288 seg_cnt 72/288 | scores det_seg -0.8635 det_cnt -2.6558 seg_cnt -0.3970
[stage2] epoch 1/50 step 175 | loss 5.1818 | train det 0.0933 seg 0.1326 cnt 2.7221 | shared_pairs det_seg 111/288 det_cnt 112/288 seg_cnt 65/288 | scores det_seg -0.6901 det_cnt 1.9936 seg_cnt -1.4531
[stage2] epoch 1/50 step 176 | loss 3.0510 | train det 0.0283 seg 0.2041 cnt 0.9935 | shared_pairs det_seg 120/288 det_cnt 100/288 seg_cnt 68/288 | scores det_seg -0.6337 det_cnt 2.5352 seg_cnt -2.8245
[stage2] epoch 1/50 step 177 | loss 3.3729 | train det 0.0940 seg 0.1170 cnt 1.0276 | shared_pairs det_seg 119/288 det_cnt 100/288 seg_cnt 69/288 | scores det_seg -0.2945 det_cnt 2.2218 seg_cnt -4.0527
[stage2] epoch 1/50 step 178 | loss 2.3077 | train det 0.0218 seg 0.1715 cnt 0.6081 | shared_pairs det_seg 105/288 det_cnt 100/288 seg_cnt 83/288 | scores det_seg -1.7864 det_cnt 1.5022 seg_cnt 3.5828
[stage2] epoch 1/50 step 179 | loss 2.3757 | train det 0.0327 seg 0.1519 cnt 0.6693 | shared_pairs det_seg 120/288 det_cnt 90/288 seg_cnt 78/288 | scores det_seg 4.2885 det_cnt 0.7665 seg_cnt -1.7764
[stage2] epoch 1/50 step 180 | loss 7.6076 | train det 0.2049 seg 0.1287 cnt 3.5043 | shared_pairs det_seg 98/288 det_cnt 117/288 seg_cnt 73/288 | scores det_seg -5.6171 det_cnt 3.9426 seg_cnt -4.1676
[stage2] epoch 1/50 step 181 | loss 4.3901 | train det 0.0768 seg 0.0864 cnt 2.5475 | shared_pairs det_seg 116/288 det_cnt 96/288 seg_cnt 76/288 | scores det_seg 1.1677 det_cnt 0.9660 seg_cnt -2.6726
[stage2] epoch 1/50 step 182 | loss 6.5646 | train det 0.3458 seg 0.0974 cnt 0.5990 | shared_pairs det_seg 100/288 det_cnt 100/288 seg_cnt 88/288 | scores det_seg -0.5684 det_cnt -0.1773 seg_cnt -1.8963
[stage2] epoch 1/50 step 183 | loss 4.6859 | train det 0.0796 seg 0.0727 cnt 2.9110 | shared_pairs det_seg 103/288 det_cnt 99/288 seg_cnt 86/288 | scores det_seg -2.3373 det_cnt -0.4178 seg_cnt 0.9253
[stage2] epoch 1/50 step 184 | loss 4.0830 | train det 0.0421 seg 0.0890 cnt 2.7395 | shared_pairs det_seg 109/288 det_cnt 98/288 seg_cnt 81/288 | scores det_seg -3.3639 det_cnt 0.1047 seg_cnt 0.5762
[stage2] epoch 1/50 step 185 | loss 7.9428 | train det 0.3390 seg 0.1230 cnt 1.8744 | shared_pairs det_seg 105/288 det_cnt 95/288 seg_cnt 88/288 | scores det_seg 0.7147 det_cnt 0.6550 seg_cnt -1.5202
[stage2] epoch 1/50 step 186 | loss 4.0810 | train det 0.0753 seg 0.1908 cnt 1.4254 | shared_pairs det_seg 113/288 det_cnt 98/288 seg_cnt 77/288 | scores det_seg 0.7587 det_cnt 0.3949 seg_cnt 1.2384
[stage2] epoch 1/50 step 187 | loss 3.5706 | train det 0.1077 seg 0.0583 cnt 1.4894 | shared_pairs det_seg 98/288 det_cnt 117/288 seg_cnt 73/288 | scores det_seg -0.5429 det_cnt 4.1851 seg_cnt 2.6274
[stage2] epoch 1/50 step 188 | loss 4.0684 | train det 0.0366 seg 0.2675 cnt 1.3794 | shared_pairs det_seg 113/288 det_cnt 92/288 seg_cnt 83/288 | scores det_seg 0.3388 det_cnt -1.4868 seg_cnt 5.3078
[stage2] epoch 1/50 step 189 | loss 2.6130 | train det 0.0502 seg 0.0817 cnt 1.2055 | shared_pairs det_seg 113/288 det_cnt 93/288 seg_cnt 82/288 | scores det_seg 5.8716 det_cnt 3.6710 seg_cnt 4.9211
[stage2] epoch 1/50 step 190 | loss 2.8351 | train det 0.0533 seg 0.0196 cnt 1.8790 | shared_pairs det_seg 146/288 det_cnt 92/288 seg_cnt 50/288 | scores det_seg 1.3143 det_cnt 0.1469 seg_cnt -4.4104
[stage2] epoch 1/50 step 191 | loss 3.4263 | train det 0.0442 seg 0.1905 cnt 1.2401 | shared_pairs det_seg 107/288 det_cnt 104/288 seg_cnt 77/288 | scores det_seg -0.5956 det_cnt -0.3904 seg_cnt 0.6757
[stage2] epoch 1/50 step 192 | loss 2.3471 | train det 0.0242 seg 0.0805 cnt 1.3399 | shared_pairs det_seg 110/288 det_cnt 86/288 seg_cnt 92/288 | scores det_seg 0.0386 det_cnt 0.2978 seg_cnt 1.9268
[stage2] epoch 1/50 step 193 | loss 4.3512 | train det 0.0977 seg 0.1430 cnt 1.7421 | shared_pairs det_seg 117/288 det_cnt 100/288 seg_cnt 71/288 | scores det_seg -0.3845 det_cnt 0.9125 seg_cnt -1.1137
[stage2] epoch 1/50 step 194 | loss 3.6546 | train det 0.0547 seg 0.1338 cnt 1.7640 | shared_pairs det_seg 126/288 det_cnt 82/288 seg_cnt 80/288 | scores det_seg 2.3561 det_cnt -6.7354 seg_cnt 1.8064
[stage2] epoch 1/50 step 195 | loss 3.3771 | train det 0.0650 seg 0.0952 cnt 1.6408 | shared_pairs det_seg 93/288 det_cnt 105/288 seg_cnt 90/288 | scores det_seg -2.5223 det_cnt 2.5353 seg_cnt 2.4383
[stage2] epoch 1/50 step 196 | loss 3.0347 | train det 0.0313 seg 0.0718 cnt 1.9909 | shared_pairs det_seg 120/288 det_cnt 74/288 seg_cnt 94/288 | scores det_seg 0.3411 det_cnt -3.1432 seg_cnt 2.3772
[stage2] epoch 1/50 step 197 | loss 3.3633 | train det 0.0883 seg 0.1019 cnt 1.2232 | shared_pairs det_seg 108/288 det_cnt 104/288 seg_cnt 76/288 | scores det_seg -2.1945 det_cnt 2.2799 seg_cnt 3.4232
[stage2] epoch 1/50 step 198 | loss 5.8015 | train det 0.0911 seg 0.2088 cnt 2.7648 | shared_pairs det_seg 115/288 det_cnt 99/288 seg_cnt 74/288 | scores det_seg 1.2522 det_cnt 1.1992 seg_cnt 3.2103
[stage2] epoch 1/50 step 199 | loss 3.4970 | train det 0.0511 seg 0.0244 cnt 2.5349 | shared_pairs det_seg 118/288 det_cnt 106/288 seg_cnt 64/288 | scores det_seg 3.5582 det_cnt 4.3268 seg_cnt -0.0322
[stage2] epoch 1/50 step 200 | loss 2.9315 | train det 0.0328 seg 0.0367 cnt 2.1460 | shared_pairs det_seg 120/288 det_cnt 109/288 seg_cnt 59/288 | scores det_seg -0.6293 det_cnt -0.2303 seg_cnt -3.7075
[stage2] epoch 1/50 step 201 | loss 3.8606 | train det 0.0995 seg 0.0938 cnt 1.6182 | shared_pairs det_seg 117/288 det_cnt 95/288 seg_cnt 76/288 | scores det_seg 3.7251 det_cnt -1.8854 seg_cnt 2.5231
[stage2] epoch 1/50 step 202 | loss 3.0127 | train det 0.0396 seg 0.1260 cnt 1.4107 | shared_pairs det_seg 107/288 det_cnt 111/288 seg_cnt 70/288 | scores det_seg -1.6974 det_cnt 3.3563 seg_cnt 0.3273
[stage2] epoch 1/50 step 203 | loss 4.6797 | train det 0.0759 seg 0.0671 cnt 3.0052 | shared_pairs det_seg 108/288 det_cnt 97/288 seg_cnt 83/288 | scores det_seg -2.0966 det_cnt 0.6450 seg_cnt 0.5891
[stage2] epoch 1/50 step 204 | loss 5.0226 | train det 0.0317 seg 0.1307 cnt 3.5008 | shared_pairs det_seg 105/288 det_cnt 103/288 seg_cnt 80/288 | scores det_seg 0.1436 det_cnt 2.7715 seg_cnt 0.8765
[stage2] epoch 1/50 step 205 | loss 3.4919 | train det 0.0475 seg 0.1637 cnt 1.4704 | shared_pairs det_seg 106/288 det_cnt 104/288 seg_cnt 78/288 | scores det_seg -5.6846 det_cnt -0.1068 seg_cnt -1.8182
[stage2] epoch 1/50 step 206 | loss 3.9415 | train det 0.0193 seg 0.1827 cnt 2.1903 | shared_pairs det_seg 107/288 det_cnt 94/288 seg_cnt 87/288 | scores det_seg 0.4482 det_cnt -2.4430 seg_cnt -0.8317
[stage2] epoch 1/50 step 207 | loss 2.4641 | train det 0.0347 seg 0.0968 cnt 1.1697 | shared_pairs det_seg 115/288 det_cnt 87/288 seg_cnt 86/288 | scores det_seg -0.1681 det_cnt -1.1591 seg_cnt 0.0888
[stage2] epoch 1/50 step 208 | loss 3.2258 | train det 0.0493 seg 0.1805 cnt 1.0423 | shared_pairs det_seg 121/288 det_cnt 87/288 seg_cnt 80/288 | scores det_seg -0.9211 det_cnt -3.7617 seg_cnt -0.8336
[stage2] epoch 1/50 step 209 | loss 3.2287 | train det 0.0897 seg 0.0496 cnt 1.4865 | shared_pairs det_seg 117/288 det_cnt 90/288 seg_cnt 81/288 | scores det_seg 2.8971 det_cnt -1.8628 seg_cnt 1.5209
[stage2] epoch 1/50 step 210 | loss 5.3310 | train det 0.1830 seg 0.1827 cnt 1.1241 | shared_pairs det_seg 118/288 det_cnt 87/288 seg_cnt 83/288 | scores det_seg -1.8820 det_cnt 0.8843 seg_cnt 0.8531
[stage2] epoch 1/50 step 211 | loss 7.2429 | train det 0.1116 seg 0.1284 cnt 4.5415 | shared_pairs det_seg 125/288 det_cnt 86/288 seg_cnt 77/288 | scores det_seg 0.8458 det_cnt -1.0483 seg_cnt -1.4094
[stage2] epoch 1/50 step 212 | loss 5.2734 | train det 0.0364 seg 0.0865 cnt 4.0348 | shared_pairs det_seg 115/288 det_cnt 102/288 seg_cnt 71/288 | scores det_seg -1.5837 det_cnt 0.9755 seg_cnt -0.8397
[stage2] epoch 1/50 step 213 | loss 5.2416 | train det 0.1800 seg 0.1503 cnt 1.3387 | shared_pairs det_seg 108/288 det_cnt 96/288 seg_cnt 84/288 | scores det_seg 2.0708 det_cnt 1.3037 seg_cnt 1.9939
[stage2] epoch 1/50 step 214 | loss 4.0705 | train det 0.1384 seg 0.0947 cnt 1.2369 | shared_pairs det_seg 108/288 det_cnt 92/288 seg_cnt 88/288 | scores det_seg -2.0153 det_cnt -5.5453 seg_cnt 1.7262
[stage2] epoch 1/50 step 215 | loss 8.1313 | train det 0.2290 seg 0.1650 cnt 3.3769 | shared_pairs det_seg 105/288 det_cnt 86/288 seg_cnt 97/288 | scores det_seg -2.9871 det_cnt -3.9307 seg_cnt 4.8648
[stage2] epoch 1/50 step 216 | loss 3.7527 | train det 0.0746 seg 0.2381 cnt 0.7285 | shared_pairs det_seg 115/288 det_cnt 81/288 seg_cnt 92/288 | scores det_seg 1.9202 det_cnt -5.2375 seg_cnt 4.0132
[stage2] epoch 1/50 step 217 | loss 3.2501 | train det 0.1004 seg 0.1599 cnt 0.4653 | shared_pairs det_seg 115/288 det_cnt 101/288 seg_cnt 72/288 | scores det_seg 0.3112 det_cnt -1.1826 seg_cnt -1.1711
[stage2] epoch 1/50 step 218 | loss 3.4481 | train det 0.1095 seg 0.1337 cnt 0.7360 | shared_pairs det_seg 138/288 det_cnt 81/288 seg_cnt 69/288 | scores det_seg 2.8281 det_cnt 0.1813 seg_cnt 0.0539
[stage2] epoch 1/50 step 219 | loss 3.0589 | train det 0.0314 seg 0.0898 cnt 1.8692 | shared_pairs det_seg 105/288 det_cnt 99/288 seg_cnt 84/288 | scores det_seg 0.4329 det_cnt -0.1458 seg_cnt 1.2207
[stage2] epoch 1/50 step 220 | loss 2.9772 | train det 0.0383 seg 0.1421 cnt 1.2654 | shared_pairs det_seg 117/288 det_cnt 98/288 seg_cnt 73/288 | scores det_seg 0.4908 det_cnt 2.1267 seg_cnt 0.3397
[stage2] epoch 1/50 step 221 | loss 4.2817 | train det 0.0425 seg 0.3051 cnt 1.2035 | shared_pairs det_seg 120/288 det_cnt 113/288 seg_cnt 55/288 | scores det_seg 2.6849 det_cnt -1.1639 seg_cnt -0.8145
[stage2] epoch 1/50 step 222 | loss 4.0204 | train det 0.0938 seg 0.1715 cnt 1.2421 | shared_pairs det_seg 97/288 det_cnt 108/288 seg_cnt 83/288 | scores det_seg -0.0657 det_cnt -1.3174 seg_cnt 2.9265
[stage2] epoch 1/50 step 223 | loss 2.2063 | train det 0.1009 seg 0.0221 cnt 0.5154 | shared_pairs det_seg 116/288 det_cnt 85/288 seg_cnt 87/288 | scores det_seg 1.9091 det_cnt -3.0776 seg_cnt 1.0037
[stage2] epoch 1/50 step 224 | loss 2.9462 | train det 0.0189 seg 0.1049 cnt 1.8232 | shared_pairs det_seg 110/288 det_cnt 80/288 seg_cnt 98/288 | scores det_seg 0.6778 det_cnt -0.9279 seg_cnt 5.2638
[stage2] epoch 1/50 step 225 | loss 3.7897 | train det 0.0437 seg 0.0961 cnt 2.3658 | shared_pairs det_seg 98/288 det_cnt 113/288 seg_cnt 77/288 | scores det_seg -1.4121 det_cnt 1.1807 seg_cnt 0.1807
[stage2] epoch 1/50 step 226 | loss 3.0484 | train det 0.0145 seg 0.1460 cnt 1.6634 | shared_pairs det_seg 113/288 det_cnt 91/288 seg_cnt 84/288 | scores det_seg 2.8793 det_cnt 0.0444 seg_cnt 0.7083
[stage2] epoch 1/50 step 227 | loss 5.5274 | train det 0.2305 seg 0.0368 cnt 1.7760 | shared_pairs det_seg 111/288 det_cnt 110/288 seg_cnt 67/288 | scores det_seg 1.4729 det_cnt 4.0705 seg_cnt 2.7152
[stage2] epoch 1/50 step 228 | loss 3.6872 | train det 0.0458 seg 0.1476 cnt 1.8186 | shared_pairs det_seg 96/288 det_cnt 119/288 seg_cnt 73/288 | scores det_seg -5.3887 det_cnt -0.9814 seg_cnt -1.9163
[stage2] epoch 1/50 step 229 | loss 3.4657 | train det 0.0534 seg 0.1335 cnt 1.5968 | shared_pairs det_seg 102/288 det_cnt 105/288 seg_cnt 81/288 | scores det_seg -1.0779 det_cnt -3.4060 seg_cnt 0.3172
[stage2] epoch 1/50 step 230 | loss 2.6602 | train det 0.0250 seg 0.2268 cnt 0.4703 | shared_pairs det_seg 107/288 det_cnt 120/288 seg_cnt 61/288 | scores det_seg -1.6059 det_cnt 3.5484 seg_cnt 0.6929
[stage2] epoch 1/50 step 231 | loss 4.3654 | train det 0.1645 seg 0.0991 cnt 1.1054 | shared_pairs det_seg 126/288 det_cnt 91/288 seg_cnt 71/288 | scores det_seg 0.5778 det_cnt -4.4082 seg_cnt -0.6820
[stage2] epoch 1/50 step 232 | loss 5.8584 | train det 0.0310 seg 0.2745 cnt 3.1976 | shared_pairs det_seg 106/288 det_cnt 113/288 seg_cnt 69/288 | scores det_seg -2.5493 det_cnt -2.2217 seg_cnt -2.2457
[stage2] epoch 1/50 step 233 | loss 2.4978 | train det 0.0491 seg 0.0818 cnt 1.1078 | shared_pairs det_seg 109/288 det_cnt 99/288 seg_cnt 80/288 | scores det_seg -1.6821 det_cnt -0.0577 seg_cnt 3.1202
[stage2] epoch 1/50 step 234 | loss 2.6436 | train det 0.0273 seg 0.1447 cnt 1.0762 | shared_pairs det_seg 111/288 det_cnt 104/288 seg_cnt 73/288 | scores det_seg -3.2887 det_cnt 1.8851 seg_cnt -4.5315
[stage2] epoch 1/50 step 235 | loss 4.5379 | train det 0.1108 seg 0.1479 cnt 1.6923 | shared_pairs det_seg 117/288 det_cnt 106/288 seg_cnt 65/288 | scores det_seg 1.2411 det_cnt -2.4964 seg_cnt -1.2396
[stage2] epoch 1/50 step 236 | loss 5.3211 | train det 0.0657 seg 0.2917 cnt 2.0017 | shared_pairs det_seg 122/288 det_cnt 109/288 seg_cnt 57/288 | scores det_seg 4.1646 det_cnt -0.1193 seg_cnt -3.6640
[stage2] epoch 1/50 step 237 | loss 4.0341 | train det 0.1064 seg 0.1922 cnt 0.8997 | shared_pairs det_seg 101/288 det_cnt 110/288 seg_cnt 77/288 | scores det_seg 0.8138 det_cnt 5.0103 seg_cnt 0.1855
[stage2] epoch 1/50 step 238 | loss 3.4893 | train det 0.0692 seg 0.1639 cnt 1.1408 | shared_pairs det_seg 102/288 det_cnt 103/288 seg_cnt 83/288 | scores det_seg -2.0653 det_cnt -0.8564 seg_cnt -1.0893
[stage2] epoch 1/50 step 239 | loss 3.0099 | train det 0.0549 seg 0.1471 cnt 1.0096 | shared_pairs det_seg 109/288 det_cnt 105/288 seg_cnt 74/288 | scores det_seg -1.9288 det_cnt 3.8097 seg_cnt -1.1063
[stage2] epoch 1/50 step 240 | loss 3.6586 | train det 0.1521 seg 0.0891 cnt 0.6638 | shared_pairs det_seg 111/288 det_cnt 95/288 seg_cnt 82/288 | scores det_seg 0.7055 det_cnt -1.1463 seg_cnt 0.9559
[stage2] epoch 1/50 step 241 | loss 2.2153 | train det 0.0309 seg 0.1398 cnt 0.6340 | shared_pairs det_seg 119/288 det_cnt 98/288 seg_cnt 71/288 | scores det_seg -2.6534 det_cnt 1.4122 seg_cnt -3.8130
[stage2] epoch 1/50 step 242 | loss 3.3765 | train det 0.0324 seg 0.0254 cnt 2.6864 | shared_pairs det_seg 105/288 det_cnt 94/288 seg_cnt 89/288 | scores det_seg -3.3887 det_cnt -1.4329 seg_cnt 0.0346
[stage2] epoch 1/50 step 243 | loss 9.1796 | train det 0.2416 seg 0.1888 cnt 4.0461 | shared_pairs det_seg 130/288 det_cnt 76/288 seg_cnt 82/288 | scores det_seg 0.5395 det_cnt -1.6098 seg_cnt -0.3927
[stage2] epoch 1/50 step 244 | loss 12.4045 | train det 0.4167 seg 0.0825 cnt 5.4946 | shared_pairs det_seg 115/288 det_cnt 95/288 seg_cnt 78/288 | scores det_seg -1.7174 det_cnt -1.6618 seg_cnt 1.5913
[stage2] epoch 1/50 step 245 | loss 2.7365 | train det 0.0448 seg 0.1618 cnt 0.7704 | shared_pairs det_seg 122/288 det_cnt 88/288 seg_cnt 78/288 | scores det_seg -0.5349 det_cnt -4.0574 seg_cnt -0.0065
[stage2] epoch 1/50 step 246 | loss 2.9828 | train det 0.1007 seg 0.1141 cnt 0.5591 | shared_pairs det_seg 122/288 det_cnt 90/288 seg_cnt 76/288 | scores det_seg 1.6058 det_cnt -1.4099 seg_cnt -3.6097
[stage2] epoch 1/50 step 247 | loss 3.8867 | train det 0.0437 seg 0.1525 cnt 2.0106 | shared_pairs det_seg 100/288 det_cnt 116/288 seg_cnt 72/288 | scores det_seg -0.9378 det_cnt 2.6726 seg_cnt -1.9033
[stage2] epoch 1/50 step 248 | loss 3.9078 | train det 0.0199 seg 0.2310 cnt 1.7611 | shared_pairs det_seg 106/288 det_cnt 103/288 seg_cnt 79/288 | scores det_seg 1.2242 det_cnt 1.9567 seg_cnt 3.2105
[stage2] epoch 1/50 step 249 | loss 3.2410 | train det 0.0096 seg 0.1408 cnt 1.9704 | shared_pairs det_seg 115/288 det_cnt 103/288 seg_cnt 70/288 | scores det_seg -1.5477 det_cnt 0.9108 seg_cnt -4.1917
[stage2] epoch 1/50 step 250 | loss 4.5975 | train det 0.0683 seg 0.1467 cnt 2.3993 | shared_pairs det_seg 90/288 det_cnt 113/288 seg_cnt 85/288 | scores det_seg -2.4458 det_cnt 2.5934 seg_cnt 1.8116
[stage2] epoch 1/50 step 251 | loss 9.3901 | train det 0.4438 seg 0.1209 cnt 1.7654 | shared_pairs det_seg 116/288 det_cnt 84/288 seg_cnt 88/288 | scores det_seg -1.7741 det_cnt -2.9101 seg_cnt 1.2043
[stage2] epoch 1/50 step 252 | loss 4.2581 | train det 0.0347 seg 0.1098 cnt 2.8593 | shared_pairs det_seg 115/288 det_cnt 83/288 seg_cnt 90/288 | scores det_seg 1.2197 det_cnt -2.6993 seg_cnt 2.6678
[stage2] epoch 1/50 step 253 | loss 4.2232 | train det 0.0305 seg 0.2149 cnt 2.0462 | shared_pairs det_seg 96/288 det_cnt 102/288 seg_cnt 90/288 | scores det_seg 0.4137 det_cnt 0.9808 seg_cnt 0.7113
[stage2] epoch 1/50 step 254 | loss 2.7158 | train det 0.0248 seg 0.1339 cnt 1.2732 | shared_pairs det_seg 116/288 det_cnt 88/288 seg_cnt 84/288 | scores det_seg 1.7505 det_cnt -0.9037 seg_cnt 5.6010
[stage2] epoch 1/50 step 255 | loss 2.9477 | train det 0.0256 seg 0.1104 cnt 1.6806 | shared_pairs det_seg 116/288 det_cnt 104/288 seg_cnt 68/288 | scores det_seg 2.6186 det_cnt 2.3293 seg_cnt -3.0927
[stage2] epoch 1/50 step 256 | loss 7.4819 | train det 0.2877 seg 0.0709 cnt 2.5983 | shared_pairs det_seg 118/288 det_cnt 97/288 seg_cnt 73/288 | scores det_seg -0.4105 det_cnt -1.8642 seg_cnt -3.9653
[stage2] epoch 1/50 step 257 | loss 3.5897 | train det 0.0533 seg 0.0570 cnt 2.3340 | shared_pairs det_seg 108/288 det_cnt 109/288 seg_cnt 71/288 | scores det_seg 1.0636 det_cnt 0.8493 seg_cnt -2.5071
[stage2] epoch 1/50 step 258 | loss 9.8147 | train det 0.2071 seg 0.2247 cnt 4.9109 | shared_pairs det_seg 110/288 det_cnt 96/288 seg_cnt 82/288 | scores det_seg 0.4225 det_cnt -0.6727 seg_cnt 0.9281
[stage2] epoch 1/50 step 259 | loss 5.2484 | train det 0.2488 seg 0.0518 cnt 1.1026 | shared_pairs det_seg 123/288 det_cnt 103/288 seg_cnt 62/288 | scores det_seg 4.5737 det_cnt 0.7418 seg_cnt 0.3436
[stage2] epoch 1/50 step 260 | loss 3.3722 | train det 0.0429 seg 0.0952 cnt 1.9673 | shared_pairs det_seg 111/288 det_cnt 105/288 seg_cnt 72/288 | scores det_seg 2.4930 det_cnt 1.8656 seg_cnt 1.4400
[stage2] epoch 1/50 step 261 | loss 3.8929 | train det 0.0583 seg 0.1282 cnt 1.9936 | shared_pairs det_seg 96/288 det_cnt 108/288 seg_cnt 84/288 | scores det_seg -3.6425 det_cnt 3.0291 seg_cnt -0.6977
[stage2] epoch 1/50 step 262 | loss 6.2760 | train det 0.1719 seg 0.1819 cnt 2.2417 | shared_pairs det_seg 92/288 det_cnt 126/288 seg_cnt 70/288 | scores det_seg -1.2597 det_cnt 4.6768 seg_cnt -0.7876
[stage2] epoch 1/50 step 263 | loss 10.7823 | train det 0.4668 seg 0.0815 cnt 3.1284 | shared_pairs det_seg 116/288 det_cnt 99/288 seg_cnt 73/288 | scores det_seg -2.8281 det_cnt -0.8834 seg_cnt -2.5981
[stage2] epoch 1/50 step 264 | loss 5.1244 | train det 0.0291 seg 0.2045 cnt 3.0515 | shared_pairs det_seg 113/288 det_cnt 94/288 seg_cnt 81/288 | scores det_seg -3.7191 det_cnt 0.3858 seg_cnt 0.2546
[stage2] epoch 1/50 step 265 | loss 3.6535 | train det 0.0430 seg 0.2015 cnt 1.3967 | shared_pairs det_seg 113/288 det_cnt 98/288 seg_cnt 77/288 | scores det_seg -3.8960 det_cnt -3.7709 seg_cnt 0.8771
[stage2] epoch 1/50 step 266 | loss 5.9861 | train det 0.0761 seg 0.1036 cnt 4.0158 | shared_pairs det_seg 125/288 det_cnt 93/288 seg_cnt 70/288 | scores det_seg -0.0523 det_cnt 3.0823 seg_cnt -1.9970
[stage2] epoch 1/50 step 267 | loss 7.6275 | train det 0.1079 seg 0.1039 cnt 5.1775 | shared_pairs det_seg 107/288 det_cnt 112/288 seg_cnt 69/288 | scores det_seg -0.6923 det_cnt -1.1998 seg_cnt -1.1171
[stage2] epoch 1/50 step 268 | loss 3.5329 | train det 0.0746 seg 0.2157 cnt 0.6879 | shared_pairs det_seg 131/288 det_cnt 92/288 seg_cnt 65/288 | scores det_seg 4.7574 det_cnt -1.8845 seg_cnt -1.2926
[stage2] epoch 1/50 step 269 | loss 5.0920 | train det 0.0319 seg 0.0942 cnt 3.8596 | shared_pairs det_seg 105/288 det_cnt 101/288 seg_cnt 82/288 | scores det_seg -1.4632 det_cnt 2.6974 seg_cnt 0.2570
[stage2] epoch 1/50 step 270 | loss 4.6222 | train det 0.0471 seg 0.1197 cnt 2.9588 | shared_pairs det_seg 122/288 det_cnt 100/288 seg_cnt 66/288 | scores det_seg -0.7624 det_cnt -0.7910 seg_cnt -3.7964
[stage2] epoch 1/50 step 271 | loss 3.2393 | train det 0.0481 seg 0.1974 cnt 0.9379 | shared_pairs det_seg 112/288 det_cnt 98/288 seg_cnt 78/288 | scores det_seg -2.7971 det_cnt -0.4204 seg_cnt 0.6092
[stage2] epoch 1/50 step 272 | loss 2.6267 | train det 0.0312 seg 0.1328 cnt 1.0962 | shared_pairs det_seg 136/288 det_cnt 89/288 seg_cnt 63/288 | scores det_seg 0.2783 det_cnt -1.7768 seg_cnt -1.4378
[stage2] epoch 1/50 step 273 | loss 3.3499 | train det 0.0670 seg 0.1223 cnt 1.3662 | shared_pairs det_seg 121/288 det_cnt 98/288 seg_cnt 69/288 | scores det_seg -0.1010 det_cnt 0.6405 seg_cnt -3.0808
[stage2] epoch 1/50 step 274 | loss 8.8770 | train det 0.2117 seg 0.1576 cnt 4.4416 | shared_pairs det_seg 126/288 det_cnt 88/288 seg_cnt 74/288 | scores det_seg 2.9387 det_cnt 1.4597 seg_cnt -0.7759
[stage2] epoch 1/50 step 275 | loss 2.6095 | train det 0.0292 seg 0.1090 cnt 1.2992 | shared_pairs det_seg 108/288 det_cnt 114/288 seg_cnt 66/288 | scores det_seg 0.7575 det_cnt -0.3530 seg_cnt -3.4209
[stage2] epoch 1/50 step 276 | loss 3.2539 | train det 0.1304 seg 0.0872 cnt 0.6005 | shared_pairs det_seg 109/288 det_cnt 94/288 seg_cnt 85/288 | scores det_seg 0.0509 det_cnt -1.3624 seg_cnt 2.0514
[stage2] epoch 1/50 step 277 | loss 5.3116 | train det 0.1930 seg 0.1805 cnt 0.9728 | shared_pairs det_seg 104/288 det_cnt 105/288 seg_cnt 79/288 | scores det_seg -0.2756 det_cnt -0.5043 seg_cnt 0.7874
[stage2] epoch 1/50 step 278 | loss 7.3194 | train det 0.3317 seg 0.1045 cnt 1.5076 | shared_pairs det_seg 117/288 det_cnt 101/288 seg_cnt 70/288 | scores det_seg 2.2235 det_cnt -0.6575 seg_cnt 0.2867
[stage2] epoch 1/50 step 279 | loss 4.6720 | train det 0.1304 seg 0.1337 cnt 1.6465 | shared_pairs det_seg 101/288 det_cnt 91/288 seg_cnt 96/288 | scores det_seg 0.4265 det_cnt -2.5012 seg_cnt 1.1794
[stage2] epoch 1/50 step 280 | loss 3.4542 | train det 0.0538 seg 0.1669 cnt 1.3119 | shared_pairs det_seg 130/288 det_cnt 89/288 seg_cnt 69/288 | scores det_seg 1.4431 det_cnt 0.3890 seg_cnt 0.6884
[stage2] epoch 1/50 step 281 | loss 3.9452 | train det 0.0614 seg 0.1039 cnt 2.1933 | shared_pairs det_seg 118/288 det_cnt 95/288 seg_cnt 75/288 | scores det_seg -1.2189 det_cnt 0.3431 seg_cnt -2.4320
[stage2] epoch 1/50 step 282 | loss 4.7077 | train det 0.0778 seg 0.1903 cnt 2.0192 | shared_pairs det_seg 114/288 det_cnt 97/288 seg_cnt 77/288 | scores det_seg -1.3999 det_cnt 3.8398 seg_cnt 1.4988
[stage2] epoch 1/50 step 283 | loss 4.0424 | train det 0.0228 seg 0.1234 cnt 2.7136 | shared_pairs det_seg 113/288 det_cnt 106/288 seg_cnt 69/288 | scores det_seg 0.5589 det_cnt 0.8725 seg_cnt 1.6859
[stage2] epoch 1/50 step 284 | loss 7.2280 | train det 0.0278 seg 0.6388 cnt 1.7007 | shared_pairs det_seg 118/288 det_cnt 93/288 seg_cnt 77/288 | scores det_seg -0.2509 det_cnt 1.2116 seg_cnt 1.1947
[stage2] epoch 1/50 step 285 | loss 4.0031 | train det 0.0172 seg 0.0436 cnt 3.3957 | shared_pairs det_seg 118/288 det_cnt 100/288 seg_cnt 70/288 | scores det_seg 1.1068 det_cnt 3.5802 seg_cnt -0.9892
[stage2] epoch 1/50 step 286 | loss 6.9448 | train det 0.0224 seg 0.0865 cnt 5.9172 | shared_pairs det_seg 100/288 det_cnt 103/288 seg_cnt 85/288 | scores det_seg -0.1553 det_cnt 0.7889 seg_cnt 0.6679
[stage2] epoch 1/50 step 287 | loss 11.8298 | train det 0.0164 seg 0.1932 cnt 10.0375 | shared_pairs det_seg 137/288 det_cnt 87/288 seg_cnt 64/288 | scores det_seg -0.7445 det_cnt -0.1841 seg_cnt -1.5454
[stage2] epoch 1/50 step 288 | loss 3.8540 | train det 0.0676 seg 0.2059 cnt 1.1922 | shared_pairs det_seg 136/288 det_cnt 82/288 seg_cnt 70/288 | scores det_seg 2.8092 det_cnt -3.6546 seg_cnt -2.8736
[stage2] epoch 1/50 step 289 | loss 3.8398 | train det 0.0179 seg 0.1926 cnt 2.0298 | shared_pairs det_seg 114/288 det_cnt 102/288 seg_cnt 72/288 | scores det_seg -0.4530 det_cnt 1.4518 seg_cnt -2.9273
[stage2] epoch 1/50 step 290 | loss 7.9710 | train det 0.1819 seg 0.1093 cnt 4.3680 | shared_pairs det_seg 103/288 det_cnt 96/288 seg_cnt 89/288 | scores det_seg 0.2446 det_cnt 1.1385 seg_cnt 2.7994
[stage2] epoch 1/50 step 291 | loss 4.6040 | train det 0.1590 seg 0.1842 cnt 0.7446 | shared_pairs det_seg 126/288 det_cnt 78/288 seg_cnt 84/288 | scores det_seg -1.3567 det_cnt -2.1138 seg_cnt 2.7671
[stage2] epoch 1/50 step 292 | loss 2.6608 | train det 0.0952 seg 0.0996 cnt 0.4354 | shared_pairs det_seg 128/288 det_cnt 92/288 seg_cnt 68/288 | scores det_seg 0.2794 det_cnt -4.6150 seg_cnt -1.2766
[stage2] epoch 1/50 step 293 | loss 4.5712 | train det 0.0310 seg 0.2011 cnt 2.4976 | shared_pairs det_seg 141/288 det_cnt 74/288 seg_cnt 73/288 | scores det_seg 8.6553 det_cnt -0.0102 seg_cnt 1.2405
[stage2] epoch 1/50 step 294 | loss 4.5085 | train det 0.0276 seg 0.3682 cnt 1.1492 | shared_pairs det_seg 120/288 det_cnt 101/288 seg_cnt 67/288 | scores det_seg 0.1846 det_cnt 4.0865 seg_cnt 0.3385
[stage2] epoch 1/50 step 295 | loss 5.5686 | train det 0.0245 seg 0.2558 cnt 3.1545 | shared_pairs det_seg 118/288 det_cnt 95/288 seg_cnt 75/288 | scores det_seg -1.5880 det_cnt -0.8566 seg_cnt 0.9330
[stage2] epoch 1/50 step 296 | loss 2.3550 | train det 0.0410 seg 0.0908 cnt 1.0134 | shared_pairs det_seg 94/288 det_cnt 126/288 seg_cnt 68/288 | scores det_seg -5.4434 det_cnt 1.0378 seg_cnt -2.2322
[stage2] epoch 1/50 step 297 | loss 29.7359 | train det 0.0622 seg 0.1082 cnt 27.9379 | shared_pairs det_seg 106/288 det_cnt 97/288 seg_cnt 85/288 | scores det_seg 2.1413 det_cnt 0.8228 seg_cnt 0.9621
[stage2] epoch 1/50 step 298 | loss 4.9044 | train det 0.0590 seg 0.1004 cnt 3.2161 | shared_pairs det_seg 122/288 det_cnt 98/288 seg_cnt 68/288 | scores det_seg -0.0868 det_cnt -2.5748 seg_cnt -2.4649
[stage2] epoch 1/50 step 299 | loss 2.7426 | train det 0.0255 seg 0.2244 cnt 0.5644 | shared_pairs det_seg 102/288 det_cnt 122/288 seg_cnt 64/288 | scores det_seg -1.2980 det_cnt 3.4552 seg_cnt 1.3281
[stage2] epoch 1/50 step 300 | loss 2.6891 | train det 0.0454 seg 0.1126 cnt 1.1075 | shared_pairs det_seg 123/288 det_cnt 74/288 seg_cnt 91/288 | scores det_seg -0.3113 det_cnt -1.5173 seg_cnt 1.2230
[stage2] epoch 1/50 step 301 | loss 5.2361 | train det 0.1711 seg 0.1117 cnt 1.7766 | shared_pairs det_seg 101/288 det_cnt 112/288 seg_cnt 75/288 | scores det_seg -3.5595 det_cnt -3.1070 seg_cnt -3.4308
[stage2] epoch 1/50 step 302 | loss 3.6305 | train det 0.0510 seg 0.0677 cnt 2.3244 | shared_pairs det_seg 124/288 det_cnt 88/288 seg_cnt 76/288 | scores det_seg 5.3905 det_cnt -1.5705 seg_cnt 0.0119
[stage2] epoch 1/50 step 303 | loss 2.2427 | train det 0.0511 seg 0.0712 cnt 0.9070 | shared_pairs det_seg 120/288 det_cnt 81/288 seg_cnt 87/288 | scores det_seg 1.5647 det_cnt -0.6449 seg_cnt 4.2351
[stage2] epoch 1/50 step 304 | loss 2.2075 | train det 0.0532 seg 0.1107 cnt 0.5239 | shared_pairs det_seg 109/288 det_cnt 97/288 seg_cnt 82/288 | scores det_seg -4.5156 det_cnt -1.4917 seg_cnt 0.2517
[stage2] epoch 1/50 step 305 | loss 4.8421 | train det 0.1975 seg 0.1387 cnt 0.7709 | shared_pairs det_seg 104/288 det_cnt 108/288 seg_cnt 76/288 | scores det_seg 1.0810 det_cnt -0.4227 seg_cnt 1.7021
[stage2] epoch 1/50 step 306 | loss 2.9862 | train det 0.0995 seg 0.0599 cnt 1.0139 | shared_pairs det_seg 105/288 det_cnt 103/288 seg_cnt 80/288 | scores det_seg -1.1621 det_cnt 0.7513 seg_cnt 3.6075
[stage2] epoch 1/50 step 307 | loss 3.3888 | train det 0.1119 seg 0.1076 cnt 0.8499 | shared_pairs det_seg 110/288 det_cnt 102/288 seg_cnt 76/288 | scores det_seg -2.0586 det_cnt 0.7628 seg_cnt 0.4583
[stage2] epoch 1/50 step 308 | loss 5.2787 | train det 0.1805 seg 0.1113 cnt 1.6804 | shared_pairs det_seg 122/288 det_cnt 93/288 seg_cnt 73/288 | scores det_seg -0.9806 det_cnt 2.4363 seg_cnt 1.2552
[stage2] epoch 1/50 step 309 | loss 6.1950 | train det 0.1394 seg 0.1426 cnt 2.9629 | shared_pairs det_seg 122/288 det_cnt 90/288 seg_cnt 76/288 | scores det_seg 0.2460 det_cnt 0.3917 seg_cnt -2.7769
[stage2] epoch 1/50 step 310 | loss 3.7593 | train det 0.0671 seg 0.1660 cnt 1.4239 | shared_pairs det_seg 121/288 det_cnt 90/288 seg_cnt 77/288 | scores det_seg -1.6840 det_cnt 1.5374 seg_cnt 0.5404
[stage2] epoch 1/50 step 311 | loss 4.2503 | train det 0.0764 seg 0.1514 cnt 1.8936 | shared_pairs det_seg 119/288 det_cnt 84/288 seg_cnt 85/288 | scores det_seg -2.1093 det_cnt -4.1491 seg_cnt 3.0190
[stage2] epoch 1/50 step 312 | loss 5.4478 | train det 0.1218 seg 0.1422 cnt 2.4829 | shared_pairs det_seg 117/288 det_cnt 94/288 seg_cnt 77/288 | scores det_seg 0.3393 det_cnt -0.0769 seg_cnt -0.2115
[stage2] epoch 1/50 step 313 | loss 6.4804 | train det 0.1266 seg 0.4305 cnt 1.1371 | shared_pairs det_seg 101/288 det_cnt 111/288 seg_cnt 76/288 | scores det_seg -3.9671 det_cnt 0.0766 seg_cnt -2.1910
[stage2] epoch 1/50 step 314 | loss 4.4774 | train det 0.0267 seg 0.2170 cnt 2.3411 | shared_pairs det_seg 114/288 det_cnt 96/288 seg_cnt 78/288 | scores det_seg -0.4422 det_cnt 0.8355 seg_cnt 0.3133
[stage2] epoch 1/50 step 315 | loss 3.4066 | train det 0.0762 seg 0.1854 cnt 0.7794 | shared_pairs det_seg 116/288 det_cnt 98/288 seg_cnt 74/288 | scores det_seg -3.0392 det_cnt 1.1656 seg_cnt -0.2460
[stage2] epoch 1/50 step 316 | loss 3.9259 | train det 0.0231 seg 0.1101 cnt 2.6982 | shared_pairs det_seg 108/288 det_cnt 101/288 seg_cnt 79/288 | scores det_seg -2.2379 det_cnt 1.3183 seg_cnt 0.5628
[stage2] epoch 1/50 step 317 | loss 5.1559 | train det 0.0299 seg 0.0948 cnt 3.9489 | shared_pairs det_seg 109/288 det_cnt 100/288 seg_cnt 79/288 | scores det_seg 2.5432 det_cnt 1.3896 seg_cnt -0.9291
[stage2] epoch 1/50 step 318 | loss 3.9198 | train det 0.0749 seg 0.1899 cnt 1.2762 | shared_pairs det_seg 129/288 det_cnt 90/288 seg_cnt 69/288 | scores det_seg 3.5966 det_cnt 0.7764 seg_cnt 0.9998
[stage2] epoch 1/50 step 319 | loss 3.9736 | train det 0.0671 seg 0.1728 cnt 1.5841 | shared_pairs det_seg 108/288 det_cnt 94/288 seg_cnt 86/288 | scores det_seg 0.0918 det_cnt 0.3466 seg_cnt -0.4365
[stage2] epoch 1/50 step 320 | loss 11.6935 | train det 0.0273 seg 0.1160 cnt 10.3561 | shared_pairs det_seg 106/288 det_cnt 117/288 seg_cnt 65/288 | scores det_seg 0.7447 det_cnt 0.3201 seg_cnt 0.3313
[stage2] epoch 1/50 step 321 | loss 3.4094 | train det 0.0484 seg 0.1569 cnt 1.4279 | shared_pairs det_seg 93/288 det_cnt 117/288 seg_cnt 78/288 | scores det_seg -2.9720 det_cnt 0.6139 seg_cnt 0.5521
[stage2] epoch 1/50 step 322 | loss 3.3150 | train det 0.0751 seg 0.1627 cnt 0.8873 | shared_pairs det_seg 90/288 det_cnt 130/288 seg_cnt 68/288 | scores det_seg -0.4778 det_cnt 4.9635 seg_cnt -0.5172
[stage2] epoch 1/50 step 323 | loss 3.1104 | train det 0.0630 seg 0.1324 cnt 1.1054 | shared_pairs det_seg 130/288 det_cnt 96/288 seg_cnt 62/288 | scores det_seg 2.5252 det_cnt 2.7065 seg_cnt -2.7498
[stage2] epoch 1/50 step 324 | loss 2.6059 | train det 0.0507 seg 0.0590 cnt 1.3740 | shared_pairs det_seg 118/288 det_cnt 104/288 seg_cnt 66/288 | scores det_seg -1.6281 det_cnt 0.9275 seg_cnt -0.6291
[stage2] epoch 1/50 step 325 | loss 5.7718 | train det 0.0385 seg 0.1018 cnt 4.3803 | shared_pairs det_seg 112/288 det_cnt 89/288 seg_cnt 87/288 | scores det_seg -1.1903 det_cnt -5.5070 seg_cnt 1.1986
[stage2] epoch 1/50 step 326 | loss 2.4719 | train det 0.0501 seg 0.0822 cnt 1.0628 | shared_pairs det_seg 125/288 det_cnt 98/288 seg_cnt 65/288 | scores det_seg 0.2211 det_cnt 1.3177 seg_cnt 2.5577
[stage2] epoch 1/50 step 327 | loss 4.5462 | train det 0.1379 seg 0.1341 cnt 1.4059 | shared_pairs det_seg 129/288 det_cnt 96/288 seg_cnt 63/288 | scores det_seg -0.2137 det_cnt -0.1225 seg_cnt -2.2020
[stage2] epoch 1/50 step 328 | loss 3.2170 | train det 0.0532 seg 0.1547 cnt 1.1811 | shared_pairs det_seg 118/288 det_cnt 94/288 seg_cnt 76/288 | scores det_seg 2.9385 det_cnt -1.8973 seg_cnt -4.1576
[stage2] epoch 1/50 step 329 | loss 5.8875 | train det 0.2618 seg 0.1676 cnt 0.6200 | shared_pairs det_seg 131/288 det_cnt 76/288 seg_cnt 81/288 | scores det_seg 5.7441 det_cnt -1.1587 seg_cnt 1.7356
[stage2] epoch 1/50 step 330 | loss 4.0720 | train det 0.0432 seg 0.1589 cnt 2.1523 | shared_pairs det_seg 113/288 det_cnt 108/288 seg_cnt 67/288 | scores det_seg 1.9697 det_cnt 2.5186 seg_cnt -0.7486
[stage2] epoch 1/50 step 331 | loss 2.7558 | train det 0.0595 seg 0.1251 cnt 0.8623 | shared_pairs det_seg 103/288 det_cnt 102/288 seg_cnt 83/288 | scores det_seg -2.3069 det_cnt -0.8421 seg_cnt 2.5612
[stage2] epoch 1/50 step 332 | loss 4.4007 | train det 0.1390 seg 0.1976 cnt 0.7350 | shared_pairs det_seg 90/288 det_cnt 113/288 seg_cnt 85/288 | scores det_seg -5.0723 det_cnt 6.0769 seg_cnt 5.5543
[stage2] epoch 1/50 step 333 | loss 2.9851 | train det 0.0465 seg 0.1480 cnt 1.1029 | shared_pairs det_seg 121/288 det_cnt 91/288 seg_cnt 76/288 | scores det_seg 0.3289 det_cnt 0.1372 seg_cnt -2.2641
[stage2] epoch 1/50 step 334 | loss 2.5641 | train det 0.0323 seg 0.1858 cnt 0.5925 | shared_pairs det_seg 108/288 det_cnt 100/288 seg_cnt 80/288 | scores det_seg -3.1196 det_cnt 1.6150 seg_cnt -0.0716
[stage2] epoch 1/50 step 335 | loss 5.9981 | train det 0.1626 seg 0.0688 cnt 3.0085 | shared_pairs det_seg 111/288 det_cnt 80/288 seg_cnt 97/288 | scores det_seg -0.0675 det_cnt -2.4241 seg_cnt 3.7291
[stage2] epoch 1/50 step 336 | loss 6.2124 | train det 0.1825 seg 0.1583 cnt 2.2080 | shared_pairs det_seg 107/288 det_cnt 109/288 seg_cnt 72/288 | scores det_seg -1.9970 det_cnt -3.4920 seg_cnt 0.5774
[stage2] epoch 1/50 step 337 | loss 5.0255 | train det 0.0625 seg 0.1704 cnt 2.7245 | shared_pairs det_seg 117/288 det_cnt 106/288 seg_cnt 65/288 | scores det_seg 0.3350 det_cnt -0.4326 seg_cnt -1.4371
[stage2] epoch 1/50 step 338 | loss 4.3718 | train det 0.0544 seg 0.1788 cnt 2.1249 | shared_pairs det_seg 114/288 det_cnt 91/288 seg_cnt 83/288 | scores det_seg -0.1711 det_cnt -1.2180 seg_cnt 2.0998
[stage2] epoch 1/50 step 339 | loss 15.5281 | train det 0.7087 seg 0.1525 cnt 3.6779 | shared_pairs det_seg 118/288 det_cnt 88/288 seg_cnt 82/288 | scores det_seg 0.7286 det_cnt -0.7363 seg_cnt 1.4022
[stage2] epoch 1/50 | train 4.7582 | det 0.0883 seg 0.1411 cnt 2.3051 | selected_by_matrix_unit det_seg 38542 det_cnt 33293 seg_cnt 25797
[stage2] epoch 1 | val det 0.3855 seg 0.9825 miou 0.6380 cnt 3.2808 dens 8.291850e-01 mae 2.4516 total_mae 11.9485 | ap50 0.6661 | combo 1.711926
[ckpt] new best cached (stage2 epoch 1, combo 1.711926)
[stage2] epoch 2/50 step 1 | loss 3.2493 | train det 0.0786 seg 0.1520 cnt 0.8546 | shared_pairs det_seg 118/288 det_cnt 96/288 seg_cnt 74/288 | scores det_seg 0.6936 det_cnt -4.7028 seg_cnt 0.6266
[stage2] epoch 2/50 step 2 | loss 5.8459 | train det 0.1533 seg 0.1657 cnt 2.2203 | shared_pairs det_seg 121/288 det_cnt 91/288 seg_cnt 76/288 | scores det_seg 1.4190 det_cnt -0.3794 seg_cnt -0.8769
[stage2] epoch 2/50 step 3 | loss 3.1766 | train det 0.0114 seg 0.2305 cnt 1.1612 | shared_pairs det_seg 111/288 det_cnt 97/288 seg_cnt 80/288 | scores det_seg 1.1820 det_cnt 0.1986 seg_cnt -0.2367
[stage2] epoch 2/50 step 4 | loss 3.1269 | train det 0.0714 seg 0.0819 cnt 1.4017 | shared_pairs det_seg 115/288 det_cnt 101/288 seg_cnt 72/288 | scores det_seg 1.3801 det_cnt 2.2243 seg_cnt -0.8864
[stage2] epoch 2/50 step 5 | loss 6.9404 | train det 0.2179 seg 0.1477 cnt 2.4900 | shared_pairs det_seg 108/288 det_cnt 100/288 seg_cnt 80/288 | scores det_seg 1.8361 det_cnt -2.0635 seg_cnt 0.2799
[stage2] epoch 2/50 step 6 | loss 4.8877 | train det 0.0445 seg 0.1960 cnt 2.6514 | shared_pairs det_seg 112/288 det_cnt 99/288 seg_cnt 77/288 | scores det_seg 0.5380 det_cnt 0.3158 seg_cnt 0.5720
[stage2] epoch 2/50 step 7 | loss 3.7790 | train det 0.0276 seg 0.1570 cnt 2.1085 | shared_pairs det_seg 111/288 det_cnt 107/288 seg_cnt 70/288 | scores det_seg -2.4779 det_cnt -0.3589 seg_cnt -4.9747
[stage2] epoch 2/50 step 8 | loss 6.6691 | train det 0.0743 seg 0.1343 cnt 4.4804 | shared_pairs det_seg 106/288 det_cnt 101/288 seg_cnt 81/288 | scores det_seg 0.1473 det_cnt -1.8089 seg_cnt 0.0672
[stage2] epoch 2/50 step 9 | loss 3.3343 | train det 0.0340 seg 0.1213 cnt 1.8536 | shared_pairs det_seg 131/288 det_cnt 90/288 seg_cnt 67/288 | scores det_seg 1.7077 det_cnt -2.6461 seg_cnt -2.0452
[stage2] epoch 2/50 step 10 | loss 2.2467 | train det 0.0359 seg 0.0810 cnt 1.0607 | shared_pairs det_seg 111/288 det_cnt 108/288 seg_cnt 69/288 | scores det_seg 0.3665 det_cnt 2.5075 seg_cnt -0.7990
[stage2] epoch 2/50 step 11 | loss 5.2991 | train det 0.2423 seg 0.0414 cnt 1.3342 | shared_pairs det_seg 96/288 det_cnt 104/288 seg_cnt 88/288 | scores det_seg -4.0821 det_cnt 1.2403 seg_cnt 0.6633
[stage2] epoch 2/50 step 12 | loss 1.9898 | train det 0.0176 seg 0.0817 cnt 1.0715 | shared_pairs det_seg 126/288 det_cnt 97/288 seg_cnt 65/288 | scores det_seg 1.8490 det_cnt -2.8367 seg_cnt -1.0241
[stage2] epoch 2/50 step 13 | loss 5.1179 | train det 0.1798 seg 0.1123 cnt 1.5229 | shared_pairs det_seg 120/288 det_cnt 96/288 seg_cnt 72/288 | scores det_seg 0.3448 det_cnt -0.7704 seg_cnt -3.5434
[stage2] epoch 2/50 step 14 | loss 2.4411 | train det 0.0357 seg 0.0581 cnt 1.4407 | shared_pairs det_seg 113/288 det_cnt 97/288 seg_cnt 78/288 | scores det_seg -2.2068 det_cnt -5.3371 seg_cnt 0.1058
[stage2] epoch 2/50 step 15 | loss 5.8194 | train det 0.2318 seg 0.1687 cnt 0.9928 | shared_pairs det_seg 118/288 det_cnt 98/288 seg_cnt 72/288 | scores det_seg 1.7189 det_cnt 0.9968 seg_cnt 3.8168
[stage2] epoch 2/50 step 16 | loss 3.2585 | train det 0.0252 seg 0.1439 cnt 1.7303 | shared_pairs det_seg 114/288 det_cnt 105/288 seg_cnt 69/288 | scores det_seg 0.2209 det_cnt 1.7903 seg_cnt 1.8414
[stage2] epoch 2/50 step 17 | loss 6.1073 | train det 0.2809 seg 0.0761 cnt 1.2855 | shared_pairs det_seg 123/288 det_cnt 89/288 seg_cnt 76/288 | scores det_seg 0.7535 det_cnt 2.0915 seg_cnt -1.6554
[stage2] epoch 2/50 step 18 | loss 2.5570 | train det 0.0383 seg 0.1140 cnt 1.0712 | shared_pairs det_seg 109/288 det_cnt 92/288 seg_cnt 87/288 | scores det_seg 1.3431 det_cnt -1.1700 seg_cnt 1.4251
[stage2] epoch 2/50 step 19 | loss 4.9010 | train det 0.0375 seg 0.2070 cnt 2.6830 | shared_pairs det_seg 103/288 det_cnt 103/288 seg_cnt 82/288 | scores det_seg -1.7718 det_cnt 0.5448 seg_cnt 0.3154
[stage2] epoch 2/50 step 20 | loss 8.8733 | train det 0.3400 seg 0.1189 cnt 2.8228 | shared_pairs det_seg 104/288 det_cnt 117/288 seg_cnt 67/288 | scores det_seg -3.2841 det_cnt 0.8854 seg_cnt -4.2980
[stage2] epoch 2/50 step 21 | loss 4.9682 | train det 0.0322 seg 0.1303 cnt 3.4420 | shared_pairs det_seg 121/288 det_cnt 84/288 seg_cnt 83/288 | scores det_seg 2.4602 det_cnt -2.9487 seg_cnt 0.6417
[stage2] epoch 2/50 step 22 | loss 3.2851 | train det 0.0179 seg 0.1325 cnt 1.9574 | shared_pairs det_seg 112/288 det_cnt 106/288 seg_cnt 70/288 | scores det_seg -4.5683 det_cnt -1.7100 seg_cnt -1.2718
[stage2] epoch 2/50 step 23 | loss 3.3796 | train det 0.0404 seg 0.1406 cnt 1.6483 | shared_pairs det_seg 91/288 det_cnt 105/288 seg_cnt 92/288 | scores det_seg -3.4595 det_cnt 0.5049 seg_cnt 1.5729
[stage2] epoch 2/50 step 24 | loss 4.7961 | train det 0.0519 seg 0.1759 cnt 2.6097 | shared_pairs det_seg 114/288 det_cnt 97/288 seg_cnt 77/288 | scores det_seg -2.8750 det_cnt 2.6080 seg_cnt -1.8634
[stage2] epoch 2/50 step 25 | loss 3.0163 | train det 0.0808 seg 0.1326 cnt 0.7429 | shared_pairs det_seg 113/288 det_cnt 114/288 seg_cnt 61/288 | scores det_seg -1.0221 det_cnt 1.9098 seg_cnt -0.9231
[stage2] epoch 2/50 step 26 | loss 4.0903 | train det 0.0199 seg 0.1048 cnt 2.9539 | shared_pairs det_seg 96/288 det_cnt 116/288 seg_cnt 76/288 | scores det_seg -0.0094 det_cnt 2.5823 seg_cnt 2.1182
[stage2] epoch 2/50 step 27 | loss 2.7684 | train det 0.0427 seg 0.0468 cnt 1.7535 | shared_pairs det_seg 117/288 det_cnt 83/288 seg_cnt 88/288 | scores det_seg 0.9227 det_cnt -3.0461 seg_cnt 3.6317
[stage2] epoch 2/50 step 28 | loss 10.2687 | train det 0.0428 seg 0.1109 cnt 8.7395 | shared_pairs det_seg 125/288 det_cnt 90/288 seg_cnt 73/288 | scores det_seg -0.7306 det_cnt -4.2364 seg_cnt 1.8051
[stage2] epoch 2/50 step 29 | loss 4.0547 | train det 0.0736 seg 0.1099 cnt 2.0717 | shared_pairs det_seg 88/288 det_cnt 116/288 seg_cnt 84/288 | scores det_seg -2.5257 det_cnt 0.5168 seg_cnt 1.0349
[stage2] epoch 2/50 step 30 | loss 5.8120 | train det 0.0848 seg 0.1436 cnt 3.3909 | shared_pairs det_seg 130/288 det_cnt 94/288 seg_cnt 64/288 | scores det_seg 2.8535 det_cnt 0.1878 seg_cnt 0.2112
[stage2] epoch 2/50 step 31 | loss 3.5713 | train det 0.0832 seg 0.1302 cnt 1.2823 | shared_pairs det_seg 125/288 det_cnt 76/288 seg_cnt 87/288 | scores det_seg -1.1405 det_cnt -5.2919 seg_cnt -1.4399
[stage2] epoch 2/50 step 32 | loss 3.4322 | train det 0.0345 seg 0.0389 cnt 2.6036 | shared_pairs det_seg 95/288 det_cnt 107/288 seg_cnt 86/288 | scores det_seg -1.9961 det_cnt 4.6793 seg_cnt 6.0180
[stage2] epoch 2/50 step 33 | loss 7.1919 | train det 0.1030 seg 0.2453 cnt 3.6847 | shared_pairs det_seg 109/288 det_cnt 106/288 seg_cnt 73/288 | scores det_seg 0.9774 det_cnt 4.1291 seg_cnt -0.2345
[stage2] epoch 2/50 step 34 | loss 4.3373 | train det 0.0213 seg 0.2909 cnt 1.6912 | shared_pairs det_seg 112/288 det_cnt 105/288 seg_cnt 71/288 | scores det_seg -3.2208 det_cnt -0.3850 seg_cnt -0.8012
[stage2] epoch 2/50 step 35 | loss 3.3924 | train det 0.0434 seg 0.1954 cnt 1.1783 | shared_pairs det_seg 108/288 det_cnt 101/288 seg_cnt 79/288 | scores det_seg -0.3549 det_cnt 0.6202 seg_cnt 0.9164
[stage2] epoch 2/50 step 36 | loss 3.7134 | train det 0.0589 seg 0.0633 cnt 2.3244 | shared_pairs det_seg 123/288 det_cnt 98/288 seg_cnt 67/288 | scores det_seg 1.9370 det_cnt -1.2389 seg_cnt -0.4058
[stage2] epoch 2/50 step 37 | loss 3.5384 | train det 0.0491 seg 0.1409 cnt 1.6740 | shared_pairs det_seg 108/288 det_cnt 108/288 seg_cnt 72/288 | scores det_seg 1.0171 det_cnt -0.6253 seg_cnt -2.1115
[stage2] epoch 2/50 step 38 | loss 2.5033 | train det 0.0531 seg 0.1190 cnt 0.7550 | shared_pairs det_seg 138/288 det_cnt 88/288 seg_cnt 62/288 | scores det_seg 4.3654 det_cnt 1.1224 seg_cnt 0.2942
[stage2] epoch 2/50 step 39 | loss 3.9458 | train det 0.0426 seg 0.1537 cnt 2.0779 | shared_pairs det_seg 128/288 det_cnt 85/288 seg_cnt 75/288 | scores det_seg 0.1499 det_cnt -2.5208 seg_cnt -0.6234
[stage2] epoch 2/50 step 40 | loss 2.9008 | train det 0.0276 seg 0.0972 cnt 1.7096 | shared_pairs det_seg 122/288 det_cnt 98/288 seg_cnt 68/288 | scores det_seg 2.3448 det_cnt 6.7837 seg_cnt -0.6859
[stage2] epoch 2/50 step 41 | loss 3.1597 | train det 0.0724 seg 0.1373 cnt 0.9748 | shared_pairs det_seg 100/288 det_cnt 110/288 seg_cnt 78/288 | scores det_seg 1.4081 det_cnt 3.4060 seg_cnt 2.0749
[stage2] epoch 2/50 step 42 | loss 3.3426 | train det 0.1029 seg 0.1061 cnt 0.9500 | shared_pairs det_seg 116/288 det_cnt 102/288 seg_cnt 70/288 | scores det_seg 0.5924 det_cnt -1.5034 seg_cnt -3.3308swanlab: Tracking run with swanlab version 0.7.14
swanlab: Run data will be saved locally in 
/data/xiangyuyue/ULLM-zf/fsl-20260209/runs/115_mainonly_1_10per/swanlog/run-20260413_211025-wtqskswhnv5gtg81gq
161
swanlab: 👋 Hi blacknwhit,welcome to swanlab!
swanlab: Syncing run 115_mainonly_1_10per to the cloud
swanlab: 🏠 View project at https://swanlab.cn/@blacknwhit/115_grpo_mainonly_1
swanlab: 🚀 View run at https://swanlab.cn/@blacknwhit/115_grpo_mainonly_1/runs/wtqskswhnv5gtg81gq161
/data/xiangyuyue/ULLM-zf/fsl-20260209/115_grpo_mainonly_1/utils.py:95: FutureWarning: You are using `torch.load` with `weights_only=False` (the current default value), which uses the default pickle module implicitly. It is possible to construct malicious pickle data which will execute arbitrary code during unpickling (See https://github.com/pytorch/pytorch/blob/main/SECURITY.md#untrusted-models for more details). In a future release, the default value for `weights_only` will be flipped to `True`. This limits the functions that could be executed during unpickling. Arbitrary objects will no longer be allowed to be loaded via this mode unless they are explicitly allowlisted by the user via `torch.serialization.add_safe_globals`. We recommend you start setting `weights_only=True` for any use case where you don't have full control of the loaded file. Please open an issue on GitHub for any issues related to this experimental feature.
  ckpt = torch.load(p, map_location=map_location)
[train] Backbone params: 0
[train] LoRA-MoE params: 6561792
[train] Det head params: 14875060
[train] Seg head params: 9451531
[train] Cnt head params: 9448456
[stage1] skipped; initialize stage2 from checkpoint: /data/xiangyuyue/ULLM-zf/fsl-20260209/best_combo.pt
[ckpt] load complete: /data/xiangyuyue/ULLM-zf/fsl-20260209/best_combo.pt
[ckpt]   shared: complete=1 missing=0 unexpected=0
[ckpt]   detector: complete=1 missing=0 unexpected=0
[ckpt]   seg_head: complete=1 missing=0 unexpected=0
[ckpt]   cnt_head: complete=1 missing=0 unexpected=0
WARNING:__main__:
*****************************************
Setting OMP_NUM_THREADS environment variable for each process to be 1 in default, to avoid your system being overloaded, please further tune the variable for optimal performance in your application as needed. 
*****************************************
[rank0]:[W413 21:26:05.170065693 ProcessGroupNCCL.cpp:4115] [PG ID 0 PG GUID 0 Rank 0]  using GPU 0 to perform barrier as devices used by this process are currently unknown. This can potentially cause a hang if this rank to GPU mapping is incorrect.Specify device_ids in barrier() to force use of a particular device,or call init_process_group() with a device_id.
[rank1]:[W413 21:26:05.525027593 ProcessGroupNCCL.cpp:4115] [PG ID 0 PG GUID 0 Rank 1]  using GPU 1 to perform barrier as devices used by this process are currently unknown. This can potentially cause a hang if this rank to GPU mapping is incorrect.Specify device_ids in barrier() to force use of a particular device,or call init_process_group() with a device_id.
[rank2]:[W413 21:26:06.932840592 ProcessGroupNCCL.cpp:4115] [PG ID 0 PG GUID 0 Rank 2]  using GPU 2 to perform barrier as devices used by this process are currently unknown. This can potentially cause a hang if this rank to GPU mapping is incorrect.Specify device_ids in barrier() to force use of a particular device,or call init_process_group() with a device_id.
[rank6]:[W413 21:26:06.950299403 ProcessGroupNCCL.cpp:4115] [PG ID 0 PG GUID 0 Rank 6]  using GPU 6 to perform barrier as devices used by this process are currently unknown. This can potentially cause a hang if this rank to GPU mapping is incorrect.Specify device_ids in barrier() to force use of a particular device,or call init_process_group() with a device_id.
[rank7]:[W413 21:26:06.954383606 ProcessGroupNCCL.cpp:4115] [PG ID 0 PG GUID 0 Rank 7]  using GPU 7 to perform barrier as devices used by this process are currently unknown. This can potentially cause a hang if this rank to GPU mapping is incorrect.Specify device_ids in barrier() to force use of a particular device,or call init_process_group() with a device_id.
[rank3]:[W413 21:26:06.954480036 ProcessGroupNCCL.cpp:4115] [PG ID 0 PG GUID 0 Rank 3]  using GPU 3 to perform barrier as devices used by this process are currently unknown. This can potentially cause a hang if this rank to GPU mapping is incorrect.Specify device_ids in barrier() to force use of a particular device,or call init_process_group() with a device_id.
[rank4]:[W413 21:26:06.995847743 ProcessGroupNCCL.cpp:4115] [PG ID 0 PG GUID 0 Rank 4]  using GPU 4 to perform barrier as devices used by this process are currently unknown. This can potentially cause a hang if this rank to GPU mapping is incorrect.Specify device_ids in barrier() to force use of a particular device,or call init_process_group() with a device_id.
[rank5]:[W413 21:26:06.996547065 ProcessGroupNCCL.cpp:4115] [PG ID 0 PG GUID 0 Rank 5]  using GPU 5 to perform barrier as devices used by this process are currently unknown. This can potentially cause a hang if this rank to GPU mapping is incorrect.Specify device_ids in barrier() to force use of a particular device,or call init_process_group() with a device_id.
swanlab: swanlab version 0.7.15 is available!  Upgrade: `pip install -U swanlab`
swanlab: Tracking run with swanlab version 0.7.14
swanlab: Run data will be saved locally in 
/data/xiangyuyue/ULLM-zf/fsl-20260209/runs/115_mainonly_1_10per/swanlog/run-2026
0413_212614-uwuzwojrrzqfpfk4c4opm
swanlab: 👋 Hi blacknwhit,welcome to swanlab!
swanlab: Syncing run 115_mainonly_1_10per to the cloud
swanlab: 🏠 View project at https://swanlab.cn/@blacknwhit/115_grpo_mainonly_1
swanlab: 🚀 View run at 
https://swanlab.cn/@blacknwhit/115_grpo_mainonly_1/runs/uwuzwojrrzqfpfk4c4opm
[train] Backbone params: 0
[train] LoRA-MoE params: 6561792
[train] Det head params: 14875060
[train] Seg head params: 9451531
[train] Cnt head params: 9448456
[stage1] skipped; initialize stage2 from checkpoint: /data/xiangyuyue/ULLM-zf/fsl-20260209/best_combo.pt
/data/xiangyuyue/ULLM-zf/fsl-20260209/115_grpo_mainonly_1/utils.py:95: FutureWarning: You are using `torch.load` with `weights_only=False` (the current default value), which uses the default pickle module implicitly. It is possible to construct malicious pickle data which will execute arbitrary code during unpickling (See https://github.com/pytorch/pytorch/blob/main/SECURITY.md#untrusted-models for more details). In a future release, the default value for `weights_only` will be flipped to `True`. This limits the functions that could be executed during unpickling. Arbitrary objects will no longer be allowed to be loaded via this mode unless they are explicitly allowlisted by the user via `torch.serialization.add_safe_globals`. We recommend you start setting `weights_only=True` for any use case where you don't have full control of the loaded file. Please open an issue on GitHub for any issues related to this experimental feature.
  ckpt = torch.load(p, map_location=map_location)
[ckpt] load complete: /data/xiangyuyue/ULLM-zf/fsl-20260209/best_combo.pt
[ckpt]   shared: complete=1 missing=0 unexpected=0
[ckpt]   detector: complete=1 missing=0 unexpected=0
[ckpt]   seg_head: complete=1 missing=0 unexpected=0
[ckpt]   cnt_head: complete=1 missing=0 unexpected=0
[stage2_init] epoch 0 | val det 0.3646 seg 0.9209 miou 0.6500 cnt 3.3191 dens 8.306282e-01 mae 2.4885 total_mae 12.2362 | ap50 0.6697 | combo 1.721602
[ckpt] cached loaded checkpoint as initial stage2 best (epoch 0, combo 1.721602)
[stage2] epoch 1/50 step 1 | loss 3.9410 | train det 0.1122 seg 0.1243 cnt 1.2638 | shared_pairs det_seg 112/288 det_cnt 90/288 seg_cnt 86/288 | scores det_seg 0.0318 det_cnt -1.0143 seg_cnt -0.6470
[stage2] epoch 1/50 step 2 | loss 7.4783 | train det 0.4042 seg 0.0888 cnt 0.7041 | shared_pairs det_seg 87/288 det_cnt 118/288 seg_cnt 83/288 | scores det_seg 3.5240 det_cnt 7.4567 seg_cnt 2.9704
[stage2] epoch 1/50 step 3 | loss 6.2799 | train det 0.1026 seg 0.0982 cnt 3.9545 | shared_pairs det_seg 96/288 det_cnt 116/288 seg_cnt 76/288 | scores det_seg 0.3732 det_cnt 2.5471 seg_cnt -1.3293
[stage2] epoch 1/50 step 4 | loss 3.6561 | train det 0.0579 seg 0.1696 cnt 1.4306 | shared_pairs det_seg 112/288 det_cnt 103/288 seg_cnt 73/288 | scores det_seg -1.7886 det_cnt 2.8723 seg_cnt 0.5896
[stage2] epoch 1/50 step 5 | loss 3.3799 | train det 0.0375 seg 0.1419 cnt 1.6826 | shared_pairs det_seg 95/288 det_cnt 97/288 seg_cnt 96/288 | scores det_seg -0.8142 det_cnt 0.3546 seg_cnt 3.7579
[stage2] epoch 1/50 step 6 | loss 2.9109 | train det 0.0190 seg 0.1708 cnt 1.2602 | shared_pairs det_seg 101/288 det_cnt 90/288 seg_cnt 97/288 | scores det_seg -0.2853 det_cnt 0.8383 seg_cnt 1.4028
[stage2] epoch 1/50 step 7 | loss 2.9853 | train det 0.0191 seg 0.1906 cnt 1.1736 | shared_pairs det_seg 96/288 det_cnt 102/288 seg_cnt 90/288 | scores det_seg -0.5262 det_cnt 1.9814 seg_cnt 2.1718
[stage2] epoch 1/50 step 8 | loss 6.3789 | train det 0.1525 seg 0.1549 cnt 2.8516 | shared_pairs det_seg 93/288 det_cnt 103/288 seg_cnt 92/288 | scores det_seg -4.7080 det_cnt -0.0089 seg_cnt -0.4959
[stage2] epoch 1/50 step 9 | loss 3.7034 | train det 0.0532 seg 0.1487 cnt 1.7161 | shared_pairs det_seg 111/288 det_cnt 121/288 seg_cnt 56/288 | scores det_seg -1.4225 det_cnt 7.4970 seg_cnt -8.3050
[stage2] epoch 1/50 step 10 | loss 10.3889 | train det 0.5196 seg 0.1263 cnt 1.5848 | shared_pairs det_seg 112/288 det_cnt 97/288 seg_cnt 79/288 | scores det_seg 0.6772 det_cnt -2.6848 seg_cnt -3.3836
[stage2] epoch 1/50 step 11 | loss 2.9887 | train det 0.0576 seg 0.0950 cnt 1.3654 | shared_pairs det_seg 105/288 det_cnt 98/288 seg_cnt 85/288 | scores det_seg 2.3564 det_cnt -3.2318 seg_cnt -0.5917
[stage2] epoch 1/50 step 12 | loss 2.3538 | train det 0.0319 seg 0.1106 cnt 0.9907 | shared_pairs det_seg 111/288 det_cnt 101/288 seg_cnt 76/288 | scores det_seg -0.5697 det_cnt 0.4865 seg_cnt -0.1299
[stage2] epoch 1/50 step 13 | loss 4.0547 | train det 0.0912 seg 0.0626 cnt 2.1856 | shared_pairs det_seg 113/288 det_cnt 86/288 seg_cnt 89/288 | scores det_seg -0.1737 det_cnt -5.2673 seg_cnt -2.3057
[stage2] epoch 1/50 step 14 | loss 3.8935 | train det 0.0463 seg 0.1300 cnt 2.1590 | shared_pairs det_seg 109/288 det_cnt 93/288 seg_cnt 86/288 | scores det_seg 1.2136 det_cnt -0.7826 seg_cnt 4.2781
[stage2] epoch 1/50 step 15 | loss 4.1742 | train det 0.1227 seg 0.0991 cnt 1.5410 | shared_pairs det_seg 98/288 det_cnt 100/288 seg_cnt 90/288 | scores det_seg -0.9787 det_cnt 0.0624 seg_cnt -0.4363
[stage2] epoch 1/50 step 16 | loss 3.3453 | train det 0.0727 seg 0.0969 cnt 1.4796 | shared_pairs det_seg 123/288 det_cnt 90/288 seg_cnt 75/288 | scores det_seg -0.2525 det_cnt -0.7841 seg_cnt -1.7262
[stage2] epoch 1/50 step 17 | loss 4.3180 | train det 0.0165 seg 0.2427 cnt 2.1289 | shared_pairs det_seg 104/288 det_cnt 89/288 seg_cnt 95/288 | scores det_seg -1.7778 det_cnt -3.6501 seg_cnt 2.4151
[stage2] epoch 1/50 step 18 | loss 2.6949 | train det 0.0819 seg 0.1533 cnt 0.2399 | shared_pairs det_seg 109/288 det_cnt 107/288 seg_cnt 72/288 | scores det_seg -0.0593 det_cnt 3.0388 seg_cnt 0.0552
[stage2] epoch 1/50 step 19 | loss 4.5082 | train det 0.0450 seg 0.1516 cnt 2.6203 | shared_pairs det_seg 94/288 det_cnt 99/288 seg_cnt 95/288 | scores det_seg 0.7584 det_cnt -2.0378 seg_cnt 0.8697
[stage2] epoch 1/50 step 20 | loss 3.1765 | train det 0.0589 seg 0.1428 cnt 1.1505 | shared_pairs det_seg 112/288 det_cnt 94/288 seg_cnt 82/288 | scores det_seg 0.9153 det_cnt -3.3929 seg_cnt -1.6039
[stage2] epoch 1/50 step 21 | loss 5.6268 | train det 0.0713 seg 0.2543 cnt 2.5232 | shared_pairs det_seg 98/288 det_cnt 107/288 seg_cnt 83/288 | scores det_seg 1.9899 det_cnt 1.9954 seg_cnt -2.6130
[stage2] epoch 1/50 step 22 | loss 6.7517 | train det 0.1390 seg 0.3657 cnt 1.7421 | shared_pairs det_seg 98/288 det_cnt 118/288 seg_cnt 72/288 | scores det_seg -2.4946 det_cnt 4.9929 seg_cnt -1.8964
[stage2] epoch 1/50 step 23 | loss 4.3162 | train det 0.0398 seg 0.1221 cnt 2.7429 | shared_pairs det_seg 101/288 det_cnt 110/288 seg_cnt 77/288 | scores det_seg -0.3531 det_cnt 1.4253 seg_cnt -3.2920
[stage2] epoch 1/50 step 24 | loss 1.7853 | train det 0.0427 seg 0.0282 cnt 0.9185 | shared_pairs det_seg 104/288 det_cnt 115/288 seg_cnt 69/288 | scores det_seg 1.7846 det_cnt 1.6814 seg_cnt -2.6589
[stage2] epoch 1/50 step 25 | loss 2.0742 | train det 0.0172 seg 0.1161 cnt 0.8872 | shared_pairs det_seg 95/288 det_cnt 114/288 seg_cnt 79/288 | scores det_seg 0.2184 det_cnt 1.6160 seg_cnt 2.2316
[stage2] epoch 1/50 step 26 | loss 2.0736 | train det 0.0383 seg 0.1219 cnt 0.5237 | shared_pairs det_seg 97/288 det_cnt 97/288 seg_cnt 94/288 | scores det_seg 0.7276 det_cnt 0.2615 seg_cnt 3.9260
[stage2] epoch 1/50 step 27 | loss 5.9424 | train det 0.0297 seg 0.0804 cnt 4.8543 | shared_pairs det_seg 108/288 det_cnt 97/288 seg_cnt 83/288 | scores det_seg 0.6149 det_cnt 0.5524 seg_cnt 0.7576
[stage2] epoch 1/50 step 28 | loss 3.0147 | train det 0.0854 seg 0.0590 cnt 1.2610 | shared_pairs det_seg 120/288 det_cnt 91/288 seg_cnt 77/288 | scores det_seg 0.4279 det_cnt 1.3773 seg_cnt -2.4543
[stage2] epoch 1/50 step 29 | loss 2.3980 | train det 0.0362 seg 0.0322 cnt 1.5969 | shared_pairs det_seg 95/288 det_cnt 110/288 seg_cnt 83/288 | scores det_seg -0.2440 det_cnt 0.9757 seg_cnt -0.0978
[stage2] epoch 1/50 step 30 | loss 2.6945 | train det 0.0668 seg 0.0855 cnt 1.0090 | shared_pairs det_seg 115/288 det_cnt 85/288 seg_cnt 88/288 | scores det_seg -0.3979 det_cnt -2.1829 seg_cnt 2.2063
[stage2] epoch 1/50 step 31 | loss 4.4281 | train det 0.0795 seg 0.2326 cnt 1.3755 | shared_pairs det_seg 100/288 det_cnt 107/288 seg_cnt 81/288 | scores det_seg 0.5261 det_cnt -0.2621 seg_cnt -1.8867
[stage2] epoch 1/50 step 32 | loss 4.6259 | train det 0.0318 seg 0.2475 cnt 2.1689 | shared_pairs det_seg 99/288 det_cnt 105/288 seg_cnt 84/288 | scores det_seg -0.6471 det_cnt 3.1509 seg_cnt -0.3019
[stage2] epoch 1/50 step 33 | loss 3.1784 | train det 0.0428 seg 0.1293 cnt 1.5023 | shared_pairs det_seg 112/288 det_cnt 102/288 seg_cnt 74/288 | scores det_seg 1.2403 det_cnt -0.5384 seg_cnt -4.5970
[stage2] epoch 1/50 step 34 | loss 2.8527 | train det 0.0288 seg 0.1316 cnt 1.3686 | shared_pairs det_seg 104/288 det_cnt 90/288 seg_cnt 94/288 | scores det_seg 3.5073 det_cnt -3.2449 seg_cnt 2.9746
[stage2] epoch 1/50 step 35 | loss 4.4440 | train det 0.1255 seg 0.1110 cnt 1.6735 | shared_pairs det_seg 104/288 det_cnt 101/288 seg_cnt 83/288 | scores det_seg 0.7419 det_cnt 1.1463 seg_cnt -3.5501
[stage2] epoch 1/50 step 36 | loss 2.6924 | train det 0.0325 seg 0.1659 cnt 0.8773 | shared_pairs det_seg 108/288 det_cnt 105/288 seg_cnt 75/288 | scores det_seg 1.5669 det_cnt -1.3272 seg_cnt -1.1930
[stage2] epoch 1/50 step 37 | loss 3.9083 | train det 0.0756 seg 0.1002 cnt 1.9730 | shared_pairs det_seg 95/288 det_cnt 112/288 seg_cnt 81/288 | scores det_seg 1.3844 det_cnt 2.5217 seg_cnt -3.2634
[stage2] epoch 1/50 step 38 | loss 10.1442 | train det 0.3786 seg 0.2108 cnt 2.7790 | shared_pairs det_seg 112/288 det_cnt 89/288 seg_cnt 87/288 | scores det_seg -1.4055 det_cnt -5.3552 seg_cnt 1.4979
[stage2] epoch 1/50 step 39 | loss 4.4052 | train det 0.0935 seg 0.1642 cnt 1.6899 | shared_pairs det_seg 94/288 det_cnt 84/288 seg_cnt 110/288 | scores det_seg -3.3002 det_cnt -2.3901 seg_cnt 3.3088
[stage2] epoch 1/50 step 40 | loss 2.9779 | train det 0.0457 seg 0.0897 cnt 1.5748 | shared_pairs det_seg 94/288 det_cnt 119/288 seg_cnt 75/288 | scores det_seg -2.6975 det_cnt 3.6077 seg_cnt 1.2782
[stage2] epoch 1/50 step 41 | loss 3.6066 | train det 0.0360 seg 0.1888 cnt 1.5560 | shared_pairs det_seg 77/288 det_cnt 106/288 seg_cnt 105/288 | scores det_seg -2.6642 det_cnt 3.4547 seg_cnt 4.8795
[stage2] epoch 1/50 step 42 | loss 1.7459 | train det 0.0267 seg 0.1312 cnt 0.2960 | shared_pairs det_seg 93/288 det_cnt 121/288 seg_cnt 74/288 | scores det_seg -2.3606 det_cnt 0.4609 seg_cnt -4.3731
[stage2] epoch 1/50 step 43 | loss 2.4296 | train det 0.0122 seg 0.0299 cnt 2.0071 | shared_pairs det_seg 98/288 det_cnt 109/288 seg_cnt 81/288 | scores det_seg 1.4919 det_cnt 3.7902 seg_cnt 0.9621
[stage2] epoch 1/50 | train 4.0634 | det 0.0855 seg 0.1371 cnt 1.6833 | selected_by_matrix_unit det_seg 4414 det_cnt 4388 seg_cnt 3582
[stage2] epoch 1 | val det 0.3952 seg 0.8536 miou 0.6496 cnt 3.3037 dens 8.291541e-01 mae 2.4746 total_mae 11.5936 | ap50 0.6691 | combo 1.722798
[ckpt] new best cached (stage2 epoch 1, combo 1.722798)
[stage2] epoch 2/50 step 1 | loss 4.3987 | train det 0.0880 seg 0.2578 cnt 1.0165 | shared_pairs det_seg 91/288 det_cnt 114/288 seg_cnt 83/288 | scores det_seg -1.5082 det_cnt 4.6423 seg_cnt 2.0905
[stage2] epoch 2/50 step 2 | loss 4.3026 | train det 0.0436 seg 0.1374 cnt 2.5497 | shared_pairs det_seg 96/288 det_cnt 111/288 seg_cnt 81/288 | scores det_seg -2.6667 det_cnt 1.1768 seg_cnt -1.2783
[stage2] epoch 2/50 step 3 | loss 10.8856 | train det 0.4484 seg 0.0992 cnt 3.3655 | shared_pairs det_seg 100/288 det_cnt 94/288 seg_cnt 94/288 | scores det_seg -0.8131 det_cnt 2.4122 seg_cnt 0.3709
[stage2] epoch 2/50 step 4 | loss 2.0674 | train det 0.0294 seg 0.0725 cnt 1.0466 | shared_pairs det_seg 106/288 det_cnt 90/288 seg_cnt 92/288 | scores det_seg -0.2168 det_cnt -2.2078 seg_cnt 0.7528
[stage2] epoch 2/50 step 5 | loss 3.0413 | train det 0.0286 seg 0.1457 cnt 1.4462 | shared_pairs det_seg 99/288 det_cnt 117/288 seg_cnt 72/288 | scores det_seg 2.9010 det_cnt 5.6947 seg_cnt -0.2029
[stage2] epoch 2/50 step 6 | loss 6.2280 | train det 0.1027 seg 0.1615 cnt 3.3954 | shared_pairs det_seg 96/288 det_cnt 101/288 seg_cnt 91/288 | scores det_seg -2.3087 det_cnt -2.1537 seg_cnt -3.0030
[stage2] epoch 2/50 step 7 | loss 3.7239 | train det 0.0800 seg 0.0816 cnt 1.8712 | shared_pairs det_seg 103/288 det_cnt 91/288 seg_cnt 94/288 | scores det_seg 1.0176 det_cnt -0.6204 seg_cnt 2.6608
[stage2] epoch 2/50 step 8 | loss 2.9928 | train det 0.0410 seg 0.0485 cnt 1.9904 | shared_pairs det_seg 113/288 det_cnt 93/288 seg_cnt 82/288 | scores det_seg 1.4464 det_cnt -0.7158 seg_cnt 0.0243
[stage2] epoch 2/50 step 9 | loss 6.2404 | train det 0.2656 seg 0.0886 cnt 1.5482 | shared_pairs det_seg 106/288 det_cnt 106/288 seg_cnt 76/288 | scores det_seg 2.2870 det_cnt 1.5854 seg_cnt -0.8395
[stage2] epoch 2/50 step 10 | loss 3.9381 | train det 0.0877 seg 0.1605 cnt 1.3382 | shared_pairs det_seg 100/288 det_cnt 123/288 seg_cnt 65/288 | scores det_seg 1.1099 det_cnt 6.2164 seg_cnt -4.0452
[stage2] epoch 2/50 step 11 | loss 4.0030 | train det 0.0326 seg 0.2478 cnt 1.5314 | shared_pairs det_seg 100/288 det_cnt 114/288 seg_cnt 74/288 | scores det_seg 0.3066 det_cnt 1.3737 seg_cnt -5.2536
[stage2] epoch 2/50 step 12 | loss 6.9561 | train det 0.1096 seg 0.1487 cnt 4.1233 | shared_pairs det_seg 90/288 det_cnt 97/288 seg_cnt 101/288 | scores det_seg -1.1593 det_cnt -0.7614 seg_cnt 0.9247
[stage2] epoch 2/50 step 13 | loss 6.0785 | train det 0.2203 seg 0.0770 cnt 2.1571 | shared_pairs det_seg 110/288 det_cnt 91/288 seg_cnt 87/288 | scores det_seg -0.5303 det_cnt 1.5718 seg_cnt 0.9150
[stage2] epoch 2/50 step 14 | loss 3.4544 | train det 0.0375 seg 0.1618 cnt 1.5974 | shared_pairs det_seg 107/288 det_cnt 99/288 seg_cnt 82/288 | scores det_seg -0.7649 det_cnt -1.0133 seg_cnt 2.1009
[stage2] epoch 2/50 step 15 | loss 5.1420 | train det 0.1136 seg 0.1495 cnt 2.2417 | shared_pairs det_seg 98/288 det_cnt 108/288 seg_cnt 82/288 | scores det_seg -3.2526 det_cnt 0.6114 seg_cnt -2.2560
[stage2] epoch 2/50 step 16 | loss 2.1338 | train det 0.0827 seg 0.0411 cnt 0.5651 | shared_pairs det_seg 100/288 det_cnt 96/288 seg_cnt 92/288 | scores det_seg 0.9689 det_cnt 0.6406 seg_cnt 3.0306
[stage2] epoch 2/50 step 17 | loss 4.7230 | train det 0.0241 seg 0.2920 cnt 2.0252 | shared_pairs det_seg 93/288 det_cnt 97/288 seg_cnt 98/288 | scores det_seg -1.1484 det_cnt 0.1362 seg_cnt -0.8268
[stage2] epoch 2/50 step 18 | loss 3.6867 | train det 0.0764 seg 0.2059 cnt 0.8942 | shared_pairs det_seg 106/288 det_cnt 92/288 seg_cnt 90/288 | scores det_seg -1.2720 det_cnt 0.0489 seg_cnt 5.1382
[stage2] epoch 2/50 step 19 | loss 3.7321 | train det 0.0302 seg 0.2163 cnt 1.5485 | shared_pairs det_seg 116/288 det_cnt 106/288 seg_cnt 66/288 | scores det_seg -1.4514 det_cnt -1.2351 seg_cnt -7.3300
[stage2] epoch 2/50 step 20 | loss 2.8357 | train det 0.0800 seg 0.0978 cnt 0.8526 | shared_pairs det_seg 100/288 det_cnt 98/288 seg_cnt 90/288 | scores det_seg -1.9393 det_cnt -4.2936 seg_cnt 2.0199
[stage2] epoch 2/50 step 21 | loss 2.9939 | train det 0.0373 seg 0.0804 cnt 1.7903 | shared_pairs det_seg 101/288 det_cnt 97/288 seg_cnt 90/288 | scores det_seg 0.8104 det_cnt -0.8761 seg_cnt -0.6528
[stage2] epoch 2/50 step 22 | loss 2.7506 | train det 0.0196 seg 0.1035 cnt 1.6288 | shared_pairs det_seg 86/288 det_cnt 119/288 seg_cnt 83/288 | scores det_seg -4.7735 det_cnt 1.1333 seg_cnt 3.9486
[stage2] epoch 2/50 step 23 | loss 2.7883 | train det 0.0472 seg 0.1367 cnt 0.9861 | shared_pairs det_seg 100/288 det_cnt 100/288 seg_cnt 88/288 | scores det_seg -4.5333 det_cnt 2.5444 seg_cnt -1.5336
[stage2] epoch 2/50 step 24 | loss 6.8950 | train det 0.0433 seg 0.1322 cnt 5.1880 | shared_pairs det_seg 120/288 det_cnt 102/288 seg_cnt 66/288 | scores det_seg 0.7871 det_cnt 2.6071 seg_cnt 3.8162
[stage2] epoch 2/50 step 25 | loss 3.1113 | train det 0.0367 seg 0.1749 cnt 1.1613 | shared_pairs det_seg 95/288 det_cnt 115/288 seg_cnt 78/288 | scores det_seg -4.0605 det_cnt -0.3968 seg_cnt -4.0555
[stage2] epoch 2/50 step 26 | loss 4.3999 | train det 0.0617 seg 0.1177 cnt 2.5333 | shared_pairs det_seg 88/288 det_cnt 116/288 seg_cnt 84/288 | scores det_seg -1.1749 det_cnt 5.0929 seg_cnt -0.7882
[stage2] epoch 2/50 step 27 | loss 4.7038 | train det 0.0811 seg 0.1068 cnt 2.6328 | shared_pairs det_seg 95/288 det_cnt 103/288 seg_cnt 90/288 | scores det_seg -4.3395 det_cnt 3.7207 seg_cnt -0.0762
[stage2] epoch 2/50 step 28 | loss 3.7859 | train det 0.1080 seg 0.1007 cnt 1.3607 | shared_pairs det_seg 119/288 det_cnt 102/288 seg_cnt 67/288 | scores det_seg 4.1386 det_cnt -2.5514 seg_cnt -4.5362
[stage2] epoch 2/50 step 29 | loss 3.2409 | train det 0.0692 seg 0.0878 cnt 1.5010 | shared_pairs det_seg 109/288 det_cnt 99/288 seg_cnt 80/288 | scores det_seg -0.0049 det_cnt -0.8550 seg_cnt -3.7831
[stage2] epoch 2/50 step 30 | loss 8.4518 | train det 0.2639 seg 0.1579 cnt 3.2299 | shared_pairs det_seg 128/288 det_cnt 87/288 seg_cnt 73/288 | scores det_seg -1.1428 det_cnt -5.5016 seg_cnt -2.4748
[stage2] epoch 2/50 step 31 | loss 2.8378 | train det 0.0088 seg 0.0971 cnt 1.9283 | shared_pairs det_seg 92/288 det_cnt 122/288 seg_cnt 74/288 | scores det_seg -3.1510 det_cnt 3.8878 seg_cnt -2.1827
[stage2] epoch 2/50 step 32 | loss 3.4785 | train det 0.0236 seg 0.1395 cnt 2.0084 | shared_pairs det_seg 95/288 det_cnt 101/288 seg_cnt 92/288 | scores det_seg -2.4111 det_cnt 2.0974 seg_cnt 3.2907
[stage2] epoch 2/50 step 33 | loss 4.5895 | train det 0.1328 seg 0.1474 cnt 1.4192 | shared_pairs det_seg 94/288 det_cnt 111/288 seg_cnt 83/288 | scores det_seg 3.6410 det_cnt 5.7697 seg_cnt -0.0398
[stage2] epoch 2/50 step 34 | loss 4.0353 | train det 0.1048 seg 0.1631 cnt 1.1592 | shared_pairs det_seg 101/288 det_cnt 102/288 seg_cnt 85/288 | scores det_seg -1.1066 det_cnt -1.1735 seg_cnt 0.8266
[stage2] epoch 2/50 step 35 | loss 3.2393 | train det 0.0352 seg 0.1516 cnt 1.4978 | shared_pairs det_seg 91/288 det_cnt 109/288 seg_cnt 88/288 | scores det_seg -1.1928 det_cnt -0.1063 seg_cnt 3.0249
[stage2] epoch 2/50 step 36 | loss 4.8387 | train det 0.0268 seg 0.0410 cnt 4.1089 | shared_pairs det_seg 107/288 det_cnt 79/288 seg_cnt 102/288 | scores det_seg 1.1061 det_cnt -1.8393 seg_cnt 3.9233
[stage2] epoch 2/50 step 37 | loss 3.5063 | train det 0.0673 seg 0.1111 cnt 1.6080 | shared_pairs det_seg 108/288 det_cnt 100/288 seg_cnt 80/288 | scores det_seg 2.8235 det_cnt 1.5087 seg_cnt 1.2259
[stage2] epoch 2/50 step 38 | loss 2.9138 | train det 0.0438 seg 0.0822 cnt 1.6001 | shared_pairs det_seg 115/288 det_cnt 100/288 seg_cnt 73/288 | scores det_seg 3.9870 det_cnt 1.7255 seg_cnt 1.6493
[stage2] epoch 2/50 step 39 | loss 9.1239 | train det 0.3815 seg 0.1107 cnt 2.5156 | shared_pairs det_seg 110/288 det_cnt 90/288 seg_cnt 88/288 | scores det_seg -1.2333 det_cnt -0.9586 seg_cnt 1.1971
[stage2] epoch 2/50 step 40 | loss 1.8360 | train det 0.0265 seg 0.1027 cnt 0.6174 | shared_pairs det_seg 107/288 det_cnt 97/288 seg_cnt 84/288 | scores det_seg -0.3408 det_cnt -3.0958 seg_cnt -0.6627
[stage2] epoch 2/50 step 41 | loss 3.2242 | train det 0.0260 seg 0.1103 cnt 1.9514 | shared_pairs det_seg 107/288 det_cnt 92/288 seg_cnt 89/288 | scores det_seg 1.2054 det_cnt -1.0003 seg_cnt 1.7204
[stage2] epoch 2/50 step 42 | loss 2.9704 | train det 0.0911 seg 0.0955 cnt 0.8395 | shared_pairs det_seg 119/288 det_cnt 90/288 seg_cnt 79/288 | scores det_seg 0.5664 det_cnt 1.4049 seg_cnt -2.7986
[stage2] epoch 2/50 step 43 | loss 4.6446 | train det 0.0849 seg 0.2272 cnt 1.5537 | shared_pairs det_seg 106/288 det_cnt 96/288 seg_cnt 86/288 | scores det_seg -0.9701 det_cnt 0.2756 seg_cnt 1.6520
[stage2] epoch 2/50 | train 4.3006 | det 0.0894 seg 0.1318 cnt 1.9052 | selected_by_matrix_unit det_seg 4423 det_cnt 4367 seg_cnt 3594
[stage2] epoch 2 | val det 0.4068 seg 0.8512 miou 0.6529 cnt 3.3120 dens 8.295416e-01 mae 2.4825 total_mae 11.6085 | ap50 0.6679 | combo 1.723680
[ckpt] new best cached (stage2 epoch 2, combo 1.723680)
[stage2] epoch 3/50 step 1 | loss 3.9932 | train det 0.0699 seg 0.0891 cnt 2.2309 | shared_pairs det_seg 104/288 det_cnt 113/288 seg_cnt 71/288 | scores det_seg -0.5424 det_cnt 2.2409 seg_cnt -6.2849
[stage2] epoch 3/50 step 2 | loss 2.2992 | train det 0.0426 seg 0.1168 cnt 0.7262 | shared_pairs det_seg 108/288 det_cnt 105/288 seg_cnt 75/288 | scores det_seg 0.8049 det_cnt -0.1596 seg_cnt -1.9522
[stage2] epoch 3/50 step 3 | loss 3.6778 | train det 0.0735 seg 0.0812 cnt 1.9252 | shared_pairs det_seg 94/288 det_cnt 105/288 seg_cnt 89/288 | scores det_seg -1.1183 det_cnt 2.3340 seg_cnt 2.8569
[stage2] epoch 3/50 step 4 | loss 2.8623 | train det 0.0469 seg 0.0976 cnt 1.3782 | shared_pairs det_seg 111/288 det_cnt 106/288 seg_cnt 71/288 | scores det_seg -0.2847 det_cnt 1.0462 seg_cnt -5.2247
[stage2] epoch 3/50 step 5 | loss 4.5987 | train det 0.0699 seg 0.0995 cnt 2.7542 | shared_pairs det_seg 118/288 det_cnt 89/288 seg_cnt 81/288 | scores det_seg 1.4700 det_cnt -2.3676 seg_cnt -0.8826
[stage2] epoch 3/50 step 6 | loss 3.4035 | train det 0.0314 seg 0.1954 cnt 1.3687 | shared_pairs det_seg 103/288 det_cnt 109/288 seg_cnt 76/288 | scores det_seg -0.0455 det_cnt 1.0049 seg_cnt 0.7620
[stage2] epoch 3/50 step 7 | loss 2.7205 | train det 0.0593 seg 0.1203 cnt 0.8688 | shared_pairs det_seg 114/288 det_cnt 110/288 seg_cnt 64/288 | scores det_seg 4.8529 det_cnt -0.3207 seg_cnt -3.2684
[stage2] epoch 3/50 step 8 | loss 2.1902 | train det 0.0311 seg 0.0947 cnt 0.9660 | shared_pairs det_seg 93/288 det_cnt 117/288 seg_cnt 78/288 | scores det_seg -2.2677 det_cnt 0.9524 seg_cnt 0.2486
[stage2] epoch 3/50 step 9 | loss 6.3138 | train det 0.2016 seg 0.0884 cnt 2.5820 | shared_pairs det_seg 117/288 det_cnt 90/288 seg_cnt 81/288 | scores det_seg 0.4623 det_cnt -1.0496 seg_cnt -0.9364
[stage2] epoch 3/50 step 10 | loss 3.6764 | train det 0.0507 seg 0.1573 cnt 1.6572 | shared_pairs det_seg 119/288 det_cnt 82/288 seg_cnt 87/288 | scores det_seg 1.2513 det_cnt -4.7053 seg_cnt -1.8953
[stage2] epoch 3/50 step 11 | loss 3.0936 | train det 0.0119 seg 0.1300 cnt 1.8751 | shared_pairs det_seg 107/288 det_cnt 107/288 seg_cnt 74/288 | scores det_seg 0.0659 det_cnt 1.4719 seg_cnt 0.7124
[stage2] epoch 3/50 step 12 | loss 9.5320 | train det 0.0694 seg 0.0582 cnt 8.0261 | shared_pairs det_seg 96/288 det_cnt 113/288 seg_cnt 79/288 | scores det_seg -2.6895 det_cnt 3.4079 seg_cnt -3.3246
[stage2] epoch 3/50 step 13 | loss 4.0016 | train det 0.0258 seg 0.2615 cnt 1.5231 | shared_pairs det_seg 113/288 det_cnt 91/288 seg_cnt 84/288 | scores det_seg 0.5305 det_cnt -0.2731 seg_cnt 0.6326
[stage2] epoch 3/50 step 14 | loss 3.2411 | train det 0.0254 seg 0.0969 cnt 2.0845 | shared_pairs det_seg 98/288 det_cnt 100/288 seg_cnt 90/288 | scores det_seg -2.4778 det_cnt -0.1159 seg_cnt 0.3520
[stage2] epoch 3/50 step 15 | loss 4.1661 | train det 0.2004 seg 0.1065 cnt 0.3078 | shared_pairs det_seg 96/288 det_cnt 117/288 seg_cnt 75/288 | scores det_seg -0.8867 det_cnt 2.8099 seg_cnt -0.7406
[stage2] epoch 3/50 step 16 | loss 2.7775 | train det 0.0146 seg 0.1833 cnt 1.0923 | shared_pairs det_seg 110/288 det_cnt 94/288 seg_cnt 84/288 | scores det_seg 3.5498 det_cnt 1.9020 seg_cnt 3.3837
[stage2] epoch 3/50 step 17 | loss 4.6511 | train det 0.0701 seg 0.1431 cnt 2.4555 | shared_pairs det_seg 96/288 det_cnt 111/288 seg_cnt 81/288 | scores det_seg 1.7080 det_cnt 5.9671 seg_cnt 1.7131
[stage2] epoch 3/50 step 18 | loss 1.5909 | train det 0.0258 seg 0.0566 cnt 0.7501 | shared_pairs det_seg 83/288 det_cnt 124/288 seg_cnt 81/288 | scores det_seg -1.1830 det_cnt 3.6405 seg_cnt 1.9211
[stage2] epoch 3/50 step 19 | loss 4.9183 | train det 0.0270 seg 0.1894 cnt 2.9975 | shared_pairs det_seg 111/288 det_cnt 93/288 seg_cnt 84/288 | scores det_seg 1.2743 det_cnt -0.8436 seg_cnt -2.8445
[stage2] epoch 3/50 step 20 | loss 4.3614 | train det 0.0140 seg 0.1480 cnt 2.9671 | shared_pairs det_seg 117/288 det_cnt 106/288 seg_cnt 65/288 | scores det_seg 2.1393 det_cnt 1.4720 seg_cnt -1.6463
[stage2] epoch 3/50 step 21 | loss 6.7341 | train det 0.0399 seg 0.2279 cnt 4.3130 | shared_pairs det_seg 116/288 det_cnt 108/288 seg_cnt 64/288 | scores det_seg 1.8049 det_cnt 3.6244 seg_cnt 0.2291
[stage2] epoch 3/50 step 22 | loss 3.1238 | train det 0.0445 seg 0.0478 cnt 2.0748 | shared_pairs det_seg 111/288 det_cnt 96/288 seg_cnt 81/288 | scores det_seg -0.7249 det_cnt 1.2965 seg_cnt -1.3890
[stage2] epoch 3/50 step 23 | loss 2.9203 | train det 0.0363 seg 0.1197 cnt 1.4183 | shared_pairs det_seg 90/288 det_cnt 107/288 seg_cnt 91/288 | scores det_seg 0.1963 det_cnt 4.6068 seg_cnt 5.2769
[stage2] epoch 3/50 step 24 | loss 5.1213 | train det 0.2198 seg 0.1020 cnt 1.0088 | shared_pairs det_seg 102/288 det_cnt 105/288 seg_cnt 81/288 | scores det_seg -5.7087 det_cnt 1.3137 seg_cnt 1.8444
[stage2] epoch 3/50 step 25 | loss 4.1491 | train det 0.0261 seg 0.1368 cnt 2.6628 | shared_pairs det_seg 101/288 det_cnt 104/288 seg_cnt 83/288 | scores det_seg -1.5704 det_cnt 0.0490 seg_cnt 0.6861
[stage2] epoch 3/50 step 26 | loss 2.4561 | train det 0.0185 seg 0.1728 cnt 0.7967 | shared_pairs det_seg 115/288 det_cnt 88/288 seg_cnt 85/288 | scores det_seg 0.6178 det_cnt 0.3810 seg_cnt 0.4954
[stage2] epoch 3/50 step 27 | loss 2.8863 | train det 0.0332 seg 0.1332 cnt 1.3221 | shared_pairs det_seg 100/288 det_cnt 109/288 seg_cnt 79/288 | scores det_seg 0.0813 det_cnt 1.8595 seg_cnt -1.2053
[stage2] epoch 3/50 step 28 | loss 3.0277 | train det 0.0368 seg 0.1127 cnt 1.5736 | shared_pairs det_seg 97/288 det_cnt 108/288 seg_cnt 83/288 | scores det_seg -2.0227 det_cnt -0.7790 seg_cnt 0.9334
[stage2] epoch 3/50 step 29 | loss 3.4634 | train det 0.0112 seg 0.0994 cnt 2.5000 | shared_pairs det_seg 107/288 det_cnt 101/288 seg_cnt 80/288 | scores det_seg 4.0536 det_cnt 1.2134 seg_cnt -1.8285
[stage2] epoch 3/50 step 30 | loss 2.7669 | train det 0.0191 seg 0.1857 cnt 0.9942 | shared_pairs det_seg 107/288 det_cnt 93/288 seg_cnt 88/288 | scores det_seg -0.9662 det_cnt -3.7406 seg_cnt 1.5442
[stage2] epoch 3/50 step 31 | loss 2.2487 | train det 0.0326 seg 0.1002 cnt 0.9585 | shared_pairs det_seg 108/288 det_cnt 97/288 seg_cnt 83/288 | scores det_seg -0.7510 det_cnt -3.0176 seg_cnt -1.5962
[stage2] epoch 3/50 step 32 | loss 3.0862 | train det 0.0961 seg 0.1095 cnt 0.7684 | shared_pairs det_seg 94/288 det_cnt 106/288 seg_cnt 88/288 | scores det_seg -2.0046 det_cnt 4.1065 seg_cnt 0.4997
[stage2] epoch 3/50 step 33 | loss 7.2723 | train det 0.1718 seg 0.2536 cnt 2.6664 | shared_pairs det_seg 101/288 det_cnt 90/288 seg_cnt 97/288 | scores det_seg 2.4528 det_cnt -3.0848 seg_cnt 0.8391
[stage2] epoch 3/50 step 34 | loss 3.0030 | train det 0.0048 seg 0.1217 cnt 1.9569 | shared_pairs det_seg 113/288 det_cnt 96/288 seg_cnt 79/288 | scores det_seg 0.4440 det_cnt -4.3744 seg_cnt -2.7692
[stage2] epoch 3/50 step 35 | loss 3.1841 | train det 0.0168 seg 0.0711 cnt 2.3628 | shared_pairs det_seg 107/288 det_cnt 105/288 seg_cnt 76/288 | scores det_seg -1.2123 det_cnt 0.4029 seg_cnt 0.9914
[stage2] epoch 3/50 step 36 | loss 11.6429 | train det 0.1190 seg 0.1113 cnt 8.9679 | shared_pairs det_seg 104/288 det_cnt 87/288 seg_cnt 97/288 | scores det_seg -3.4249 det_cnt 0.7257 seg_cnt 1.4717
[stage2] epoch 3/50 step 37 | loss 3.6099 | train det 0.0678 seg 0.1575 cnt 1.3321 | shared_pairs det_seg 93/288 det_cnt 107/288 seg_cnt 88/288 | scores det_seg 1.0520 det_cnt 0.4411 seg_cnt 0.1431
[stage2] epoch 3/50 step 38 | loss 4.0313 | train det 0.0323 seg 0.1940 cnt 1.9949 | shared_pairs det_seg 111/288 det_cnt 99/288 seg_cnt 78/288 | scores det_seg 3.7105 det_cnt 0.0551 seg_cnt 0.0156
[stage2] epoch 3/50 step 39 | loss 1.9468 | train det 0.0382 seg 0.1379 cnt 0.2711 | shared_pairs det_seg 114/288 det_cnt 95/288 seg_cnt 79/288 | scores det_seg -2.1448 det_cnt -5.2448 seg_cnt -2.8168
[stage2] epoch 3/50 step 40 | loss 2.3723 | train det 0.0432 seg 0.0639 cnt 1.2127 | shared_pairs det_seg 115/288 det_cnt 89/288 seg_cnt 84/288 | scores det_seg 1.3432 det_cnt -6.5679 seg_cnt -0.3791
[stage2] epoch 3/50 step 41 | loss 4.4907 | train det 0.0769 seg 0.0801 cnt 2.6959 | shared_pairs det_seg 101/288 det_cnt 99/288 seg_cnt 88/288 | scores det_seg 1.9146 det_cnt -1.4408 seg_cnt -1.2242
[stage2] epoch 3/50 step 42 | loss 2.5952 | train det 0.0388 seg 0.1464 cnt 0.8416 | shared_pairs det_seg 114/288 det_cnt 102/288 seg_cnt 72/288 | scores det_seg -0.7146 det_cnt -0.3871 seg_cnt -1.1998
[stage2] epoch 3/50 step 43 | loss 5.9541 | train det 0.0389 seg 0.3164 cnt 2.8390 | shared_pairs det_seg 96/288 det_cnt 97/288 seg_cnt 95/288 | scores det_seg -0.0562 det_cnt 0.1779 seg_cnt 4.5757
[stage2] epoch 3/50 | train 3.9571 | det 0.0564 seg 0.1329 cnt 2.0481 | selected_by_matrix_unit det_seg 4525 det_cnt 4370 seg_cnt 3489
[stage2] epoch 3 | val det 0.4177 seg 0.8424 miou 0.6579 cnt 3.3165 dens 8.294255e-01 mae 2.4871 total_mae 11.7536 | ap50 0.6704 | combo 1.730379
[ckpt] new best cached (stage2 epoch 3, combo 1.730379)
[stage2] epoch 4/50 step 1 | loss 2.9874 | train det 0.0310 seg 0.0821 cnt 1.8664 | shared_pairs det_seg 105/288 det_cnt 94/288 seg_cnt 89/288 | scores det_seg -2.7786 det_cnt -3.1326 seg_cnt 0.9279
[stage2] epoch 4/50 step 2 | loss 4.7400 | train det 0.2100 seg 0.1321 cnt 0.5330 | shared_pairs det_seg 100/288 det_cnt 94/288 seg_cnt 94/288 | scores det_seg -1.5834 det_cnt -3.1515 seg_cnt -1.1943
[stage2] epoch 4/50 step 3 | loss 3.1303 | train det 0.0661 seg 0.1357 cnt 1.0535 | shared_pairs det_seg 123/288 det_cnt 85/288 seg_cnt 80/288 | scores det_seg 0.5656 det_cnt -3.1805 seg_cnt 0.8242
[stage2] epoch 4/50 step 4 | loss 2.2657 | train det 0.0326 seg 0.0600 cnt 1.2960 | shared_pairs det_seg 114/288 det_cnt 88/288 seg_cnt 86/288 | scores det_seg 1.0948 det_cnt -1.4332 seg_cnt 4.9295
[stage2] epoch 4/50 step 5 | loss 3.2880 | train det 0.0263 seg 0.1336 cnt 1.8252 | shared_pairs det_seg 105/288 det_cnt 91/288 seg_cnt 92/288 | scores det_seg -0.1845 det_cnt -0.5493 seg_cnt -1.6655
[stage2] epoch 4/50 step 6 | loss 3.0134 | train det 0.0278 seg 0.0637 cnt 2.0872 | shared_pairs det_seg 110/288 det_cnt 104/288 seg_cnt 74/288 | scores det_seg 0.2362 det_cnt -1.7205 seg_cnt -1.6732
[stage2] epoch 4/50 step 7 | loss 5.1139 | train det 0.0232 seg 0.1549 cnt 3.5272 | shared_pairs det_seg 97/288 det_cnt 101/288 seg_cnt 90/288 | scores det_seg -2.8468 det_cnt 2.1546 seg_cnt 3.2368
[stage2] epoch 4/50 step 8 | loss 2.2885 | train det 0.0390 seg 0.0957 cnt 0.9380 | shared_pairs det_seg 97/288 det_cnt 98/288 seg_cnt 93/288 | scores det_seg -0.1179 det_cnt -1.7937 seg_cnt 4.7173
[stage2] epoch 4/50 step 9 | loss 3.2412 | train det 0.0322 seg 0.1063 cnt 1.9084 | shared_pairs det_seg 95/288 det_cnt 96/288 seg_cnt 97/288 | scores det_seg -1.5588 det_cnt -1.8698 seg_cnt 1.0088
[stage2] epoch 4/50 step 10 | loss 2.6759 | train det 0.0165 seg 0.0957 cnt 1.6632 | shared_pairs det_seg 110/288 det_cnt 93/288 seg_cnt 85/288 | scores det_seg -0.7493 det_cnt -4.1729 seg_cnt 1.8255
[stage2] epoch 4/50 step 11 | loss 1.5099 | train det 0.0189 seg 0.0782 cnt 0.6010 | shared_pairs det_seg 100/288 det_cnt 119/288 seg_cnt 69/288 | scores det_seg -0.8043 det_cnt 1.3877 seg_cnt -4.2685
[stage2] epoch 4/50 step 12 | loss 4.0829 | train det 0.0198 seg 0.2105 cnt 2.1019 | shared_pairs det_seg 113/288 det_cnt 89/288 seg_cnt 86/288 | scores det_seg 0.0234 det_cnt 0.8472 seg_cnt -1.5367
[stage2] epoch 4/50 step 13 | loss 2.4371 | train det 0.0248 seg 0.1099 cnt 1.1855 | shared_pairs det_seg 108/288 det_cnt 93/288 seg_cnt 87/288 | scores det_seg 1.7505 det_cnt -3.9545 seg_cnt -0.7366
[stage2] epoch 4/50 step 14 | loss 5.8299 | train det 0.2396 seg 0.1271 cnt 1.2183 | shared_pairs det_seg 91/288 det_cnt 100/288 seg_cnt 97/288 | scores det_seg -2.2442 det_cnt -0.9271 seg_cnt 1.3640
[stage2] epoch 4/50 step 15 | loss 3.5256 | train det 0.0652 seg 0.1211 cnt 1.5783 | shared_pairs det_seg 99/288 det_cnt 97/288 seg_cnt 92/288 | scores det_seg 1.9067 det_cnt 4.2782 seg_cnt 3.3085
[stage2] epoch 4/50 step 16 | loss 3.1494 | train det 0.0546 seg 0.1113 cnt 1.4398 | shared_pairs det_seg 71/288 det_cnt 124/288 seg_cnt 93/288 | scores det_seg -2.5289 det_cnt 3.4899 seg_cnt 0.7632
[stage2] epoch 4/50 step 17 | loss 7.8992 | train det 0.3515 seg 0.1462 cnt 1.4574 | shared_pairs det_seg 84/288 det_cnt 115/288 seg_cnt 89/288 | scores det_seg -2.5810 det_cnt 2.8982 seg_cnt 2.0422
[stage2] epoch 4/50 step 18 | loss 2.7778 | train det 0.0317 seg 0.0364 cnt 2.0113 | shared_pairs det_seg 109/288 det_cnt 94/288 seg_cnt 85/288 | scores det_seg 1.2284 det_cnt 3.9682 seg_cnt 2.6483
[stage2] epoch 4/50 step 19 | loss 3.0189 | train det 0.0294 seg 0.0954 cnt 1.8146 | shared_pairs det_seg 109/288 det_cnt 96/288 seg_cnt 83/288 | scores det_seg 1.6498 det_cnt 0.0972 seg_cnt -1.4325
[stage2] epoch 4/50 step 20 | loss 3.0967 | train det 0.0699 seg 0.0952 cnt 1.2865 | shared_pairs det_seg 87/288 det_cnt 106/288 seg_cnt 95/288 | scores det_seg 0.1498 det_cnt 1.2977 seg_cnt 3.5564
[stage2] epoch 4/50 step 21 | loss 6.5143 | train det 0.2464 seg 0.0197 cnt 2.6598 | shared_pairs det_seg 100/288 det_cnt 92/288 seg_cnt 96/288 | scores det_seg -1.3294 det_cnt -4.4410 seg_cnt 3.4232
[stage2] epoch 4/50 step 22 | loss 4.7262 | train det 0.1640 seg 0.1991 cnt 0.6741 | shared_pairs det_seg 104/288 det_cnt 97/288 seg_cnt 87/288 | scores det_seg 1.4899 det_cnt 0.0314 seg_cnt 2.9523
[stage2] epoch 4/50 step 23 | loss 3.1502 | train det 0.0379 seg 0.1123 cnt 1.6838 | shared_pairs det_seg 106/288 det_cnt 99/288 seg_cnt 83/288 | scores det_seg -0.7565 det_cnt 0.2113 seg_cnt -1.1006
[stage2] epoch 4/50 step 24 | loss 7.2656 | train det 0.2272 seg 0.1171 cnt 2.9204 | shared_pairs det_seg 104/288 det_cnt 116/288 seg_cnt 68/288 | scores det_seg 2.5525 det_cnt 3.0923 seg_cnt -2.3986
[stage2] epoch 4/50 step 25 | loss 4.1595 | train det 0.0304 seg 0.2233 cnt 1.9169 | shared_pairs det_seg 103/288 det_cnt 107/288 seg_cnt 78/288 | scores det_seg 0.7703 det_cnt 1.2535 seg_cnt -0.3068
[stage2] epoch 4/50 step 26 | loss 2.1969 | train det 0.0623 seg 0.0718 cnt 0.6879 | shared_pairs det_seg 100/288 det_cnt 114/288 seg_cnt 74/288 | scores det_seg 0.6477 det_cnt 4.2134 seg_cnt -1.3512
[stage2] epoch 4/50 step 27 | loss 1.9520 | train det 0.0344 seg 0.0598 cnt 0.9576 | shared_pairs det_seg 104/288 det_cnt 103/288 seg_cnt 81/288 | scores det_seg 0.2683 det_cnt 2.9616 seg_cnt -0.7812
[stage2] epoch 4/50 step 28 | loss 1.8491 | train det 0.0210 seg 0.0403 cnt 1.2110 | shared_pairs det_seg 104/288 det_cnt 114/288 seg_cnt 70/288 | scores det_seg -1.2375 det_cnt -0.9198 seg_cnt -0.6420
[stage2] epoch 4/50 step 29 | loss 3.1248 | train det 0.0530 seg 0.0781 cnt 1.7053 | shared_pairs det_seg 100/288 det_cnt 96/288 seg_cnt 92/288 | scores det_seg -1.0424 det_cnt 0.3853 seg_cnt -0.7270
[stage2] epoch 4/50 step 30 | loss 3.6664 | train det 0.0562 seg 0.0690 cnt 2.2710 | shared_pairs det_seg 108/288 det_cnt 91/288 seg_cnt 89/288 | scores det_seg -0.2551 det_cnt 0.3535 seg_cnt 3.4921
[stage2] epoch 4/50 step 31 | loss 5.2541 | train det 0.0906 seg 0.1109 cnt 3.0074 | shared_pairs det_seg 104/288 det_cnt 106/288 seg_cnt 78/288 | scores det_seg 3.3344 det_cnt 1.1340 seg_cnt 2.9249
[stage2] epoch 4/50 step 32 | loss 5.0632 | train det 0.1945 seg 0.1308 cnt 1.0992 | shared_pairs det_seg 94/288 det_cnt 105/288 seg_cnt 89/288 | scores det_seg -2.6585 det_cnt 1.9406 seg_cnt 0.7084
[stage2] epoch 4/50 step 33 | loss 3.7619 | train det 0.0461 seg 0.1240 cnt 2.0788 | shared_pairs det_seg 103/288 det_cnt 114/288 seg_cnt 71/288 | scores det_seg 2.6112 det_cnt 2.1866 seg_cnt -1.5402
[stage2] epoch 4/50 step 34 | loss 2.2847 | train det 0.0083 seg 0.0802 cnt 1.5183 | shared_pairs det_seg 118/288 det_cnt 93/288 seg_cnt 77/288 | scores det_seg 2.4088 det_cnt -2.5392 seg_cnt -0.7579
[stage2] epoch 4/50 step 35 | loss 1.7153 | train det 0.0255 seg 0.0816 cnt 0.6800 | shared_pairs det_seg 86/288 det_cnt 110/288 seg_cnt 92/288 | scores det_seg -1.7202 det_cnt 3.2015 seg_cnt 1.7899
[stage2] epoch 4/50 step 36 | loss 3.0467 | train det 0.0096 seg 0.0722 cnt 2.3259 | shared_pairs det_seg 103/288 det_cnt 101/288 seg_cnt 84/288 | scores det_seg 1.3937 det_cnt 2.7391 seg_cnt 1.0647
[stage2] epoch 4/50 step 37 | loss 2.1311 | train det 0.0274 seg 0.0658 cnt 1.1935 | shared_pairs det_seg 91/288 det_cnt 96/288 seg_cnt 101/288 | scores det_seg -4.1284 det_cnt 1.6652 seg_cnt 1.2915
[stage2] epoch 4/50 step 38 | loss 4.9346 | train det 0.2131 seg 0.1061 cnt 0.8903 | shared_pairs det_seg 95/288 det_cnt 109/288 seg_cnt 84/288 | scores det_seg -2.9321 det_cnt 1.8019 seg_cnt -1.7241
[stage2] epoch 4/50 step 39 | loss 2.9341 | train det 0.0531 seg 0.1103 cnt 1.2548 | shared_pairs det_seg 108/288 det_cnt 98/288 seg_cnt 82/288 | scores det_seg -0.7920 det_cnt 0.8419 seg_cnt -2.0064
[stage2] epoch 4/50 step 40 | loss 2.8847 | train det 0.0430 seg 0.1006 cnt 1.4352 | shared_pairs det_seg 103/288 det_cnt 97/288 seg_cnt 88/288 | scores det_seg 1.1259 det_cnt 1.7349 seg_cnt 2.8715
[stage2] epoch 4/50 step 41 | loss 2.9674 | train det 0.0256 seg 0.0842 cnt 1.9098 | shared_pairs det_seg 95/288 det_cnt 102/288 seg_cnt 91/288 | scores det_seg -3.4637 det_cnt -1.6882 seg_cnt 0.6452
[stage2] epoch 4/50 step 42 | loss 3.6228 | train det 0.0390 seg 0.1096 cnt 2.1603 | shared_pairs det_seg 118/288 det_cnt 94/288 seg_cnt 76/288 | scores det_seg 4.2841 det_cnt 1.2483 seg_cnt 1.9610
[stage2] epoch 4/50 step 43 | loss 2.4470 | train det 0.0172 seg 0.0698 cnt 1.6311 | shared_pairs det_seg 99/288 det_cnt 100/288 seg_cnt 89/288 | scores det_seg -1.6476 det_cnt 0.2966 seg_cnt -0.5432
[stage2] epoch 4/50 | train 3.5285 | det 0.0729 seg 0.1030 cnt 1.6108 | selected_by_matrix_unit det_seg 4377 det_cnt 4331 seg_cnt 3676
[stage2] epoch 4 | val det 0.4323 seg 0.8465 miou 0.6564 cnt 3.2960 dens 8.283779e-01 mae 2.4676 total_mae 11.5195 | ap50 0.6651 | combo 1.726719
[stage2] epoch 5/50 step 1 | loss 1.9182 | train det 0.0182 seg 0.1010 cnt 0.8376 | shared_pairs det_seg 116/288 det_cnt 96/288 seg_cnt 76/288 | scores det_seg 3.9716 det_cnt -5.4293 seg_cnt -2.3899
[stage2] epoch 5/50 step 2 | loss 1.8017 | train det 0.0218 seg 0.0606 cnt 0.9894 | shared_pairs det_seg 102/288 det_cnt 94/288 seg_cnt 92/288 | scores det_seg 0.3642 det_cnt -4.0509 seg_cnt -1.1288
[stage2] epoch 5/50 step 3 | loss 4.4649 | train det 0.0252 seg 0.1006 cnt 3.2816 | shared_pairs det_seg 115/288 det_cnt 98/288 seg_cnt 75/288 | scores det_seg 1.1742 det_cnt -0.3305 seg_cnt -3.4947
[stage2] epoch 5/50 step 4 | loss 4.0592 | train det 0.0510 seg 0.0888 cnt 2.5838 | shared_pairs det_seg 103/288 det_cnt 96/288 seg_cnt 89/288 | scores det_seg 2.4333 det_cnt 0.6724 seg_cnt 1.1746
[stage2] epoch 5/50 step 5 | loss 8.1276 | train det 0.2903 seg 0.3170 cnt 1.2373 | shared_pairs det_seg 107/288 det_cnt 107/288 seg_cnt 74/288 | scores det_seg 0.5833 det_cnt 0.5155 seg_cnt 0.9196
[stage2] epoch 5/50 step 6 | loss 5.9332 | train det 0.0378 seg 0.1983 cnt 3.7794 | shared_pairs det_seg 117/288 det_cnt 110/288 seg_cnt 61/288 | scores det_seg -2.5290 det_cnt 2.3413 seg_cnt -2.5130
[stage2] epoch 5/50 step 7 | loss 2.2496 | train det 0.0405 seg 0.0912 cnt 0.9124 | shared_pairs det_seg 114/288 det_cnt 91/288 seg_cnt 83/288 | scores det_seg 3.6137 det_cnt -0.8340 seg_cnt -1.5189
[stage2] epoch 5/50 step 8 | loss 3.6560 | train det 0.1257 seg 0.0821 cnt 1.1128 | shared_pairs det_seg 119/288 det_cnt 92/288 seg_cnt 77/288 | scores det_seg -2.6819 det_cnt -1.5595 seg_cnt -3.2177
[stage2] epoch 5/50 step 9 | loss 5.0441 | train det 0.0202 seg 0.1406 cnt 3.6154 | shared_pairs det_seg 106/288 det_cnt 105/288 seg_cnt 77/288 | scores det_seg 2.6233 det_cnt 7.1816 seg_cnt 1.9017
[stage2] epoch 5/50 step 10 | loss 2.9024 | train det 0.0201 seg 0.0810 cnt 1.9525 | shared_pairs det_seg 98/288 det_cnt 108/288 seg_cnt 82/288 | scores det_seg 0.3966 det_cnt 2.5286 seg_cnt 1.4712
[stage2] epoch 5/50 step 11 | loss 5.0235 | train det 0.1424 seg 0.1596 cnt 1.6105 | shared_pairs det_seg 109/288 det_cnt 93/288 seg_cnt 86/288 | scores det_seg 1.2174 det_cnt -0.1771 seg_cnt -0.1978
[stage2] epoch 5/50 step 12 | loss 3.6851 | train det 0.0100 seg 0.0889 cnt 2.8246 | shared_pairs det_seg 92/288 det_cnt 95/288 seg_cnt 101/288 | scores det_seg -1.4329 det_cnt -4.3740 seg_cnt 2.8443
[stage2] epoch 5/50 step 13 | loss 3.5074 | train det 0.0470 seg 0.1526 cnt 1.5810 | shared_pairs det_seg 86/288 det_cnt 112/288 seg_cnt 90/288 | scores det_seg -1.0923 det_cnt 2.6429 seg_cnt -3.4595
[stage2] epoch 5/50 step 14 | loss 3.5294 | train det 0.0122 seg 0.1612 cnt 2.0566 | shared_pairs det_seg 119/288 det_cnt 105/288 seg_cnt 64/288 | scores det_seg -2.1989 det_cnt 1.1941 seg_cnt -0.7366
[stage2] epoch 5/50 step 15 | loss 24.0138 | train det 0.0340 seg 0.1491 cnt 22.3107 | shared_pairs det_seg 93/288 det_cnt 105/288 seg_cnt 90/288 | scores det_seg -0.1166 det_cnt 0.4459 seg_cnt -0.1160
[stage2] epoch 5/50 step 16 | loss 1.6122 | train det 0.0281 seg 0.0675 cnt 0.6508 | shared_pairs det_seg 87/288 det_cnt 103/288 seg_cnt 98/288 | scores det_seg -1.3319 det_cnt -0.0524 seg_cnt 4.0891
[stage2] epoch 5/50 step 17 | loss 4.6734 | train det 0.0300 seg 0.1207 cnt 3.2581 | shared_pairs det_seg 100/288 det_cnt 108/288 seg_cnt 80/288 | scores det_seg 0.6034 det_cnt -1.7027 seg_cnt 0.1124
[stage2] epoch 5/50 step 18 | loss 7.2997 | train det 0.3936 seg 0.0766 cnt 0.7820 | shared_pairs det_seg 101/288 det_cnt 116/288 seg_cnt 71/288 | scores det_seg -0.4269 det_cnt 2.3191 seg_cnt 0.0699
[stage2] epoch 5/50 step 19 | loss 2.6209 | train det 0.0472 seg 0.1560 cnt 0.6655 | shared_pairs det_seg 103/288 det_cnt 92/288 seg_cnt 93/288 | scores det_seg 1.6296 det_cnt -1.3121 seg_cnt 1.7289
[stage2] epoch 5/50 step 20 | loss 2.4549 | train det 0.0487 seg 0.0702 cnt 1.1627 | shared_pairs det_seg 112/288 det_cnt 90/288 seg_cnt 86/288 | scores det_seg -1.7621 det_cnt -3.1099 seg_cnt -2.9716
[stage2] epoch 5/50 step 21 | loss 1.4758 | train det 0.0179 seg 0.0927 cnt 0.4663 | shared_pairs det_seg 117/288 det_cnt 97/288 seg_cnt 74/288 | scores det_seg -0.6887 det_cnt -1.7285 seg_cnt -3.3497
[stage2] epoch 5/50 step 22 | loss 1.7934 | train det 0.0714 seg 0.0299 cnt 0.4837 | shared_pairs det_seg 120/288 det_cnt 93/288 seg_cnt 75/288 | scores det_seg 2.0271 det_cnt -0.2552 seg_cnt -4.8568
[stage2] epoch 5/50 step 23 | loss 1.6619 | train det 0.0168 seg 0.1092 cnt 0.5358 | shared_pairs det_seg 109/288 det_cnt 103/288 seg_cnt 76/288 | scores det_seg -1.1187 det_cnt 0.1138 seg_cnt -0.4132
[stage2] epoch 5/50 step 24 | loss 3.1528 | train det 0.0695 seg 0.0895 cnt 1.3948 | shared_pairs det_seg 102/288 det_cnt 103/288 seg_cnt 83/288 | scores det_seg 1.7036 det_cnt 0.9764 seg_cnt 1.4328
[stage2] epoch 5/50 step 25 | loss 2.0196 | train det 0.0494 seg 0.0497 cnt 0.8803 | shared_pairs det_seg 98/288 det_cnt 93/288 seg_cnt 97/288 | scores det_seg -1.1725 det_cnt 1.1637 seg_cnt 6.4044
[stage2] epoch 5/50 step 26 | loss 2.6773 | train det 0.0786 seg 0.0841 cnt 0.8251 | shared_pairs det_seg 112/288 det_cnt 102/288 seg_cnt 74/288 | scores det_seg 0.8351 det_cnt 1.3580 seg_cnt -0.1465
[stage2] epoch 5/50 step 27 | loss 5.3425 | train det 0.0298 seg 0.2031 cnt 3.2713 | shared_pairs det_seg 115/288 det_cnt 95/288 seg_cnt 78/288 | scores det_seg 2.0794 det_cnt -1.6041 seg_cnt -2.5159
[stage2] epoch 5/50 step 28 | loss 5.4692 | train det 0.1105 seg 0.1725 cnt 2.4319 | shared_pairs det_seg 112/288 det_cnt 85/288 seg_cnt 91/288 | scores det_seg -1.7739 det_cnt -6.3851 seg_cnt -1.4582
[stage2] epoch 5/50 step 29 | loss 3.1835 | train det 0.0710 seg 0.1514 cnt 0.9067 | shared_pairs det_seg 110/288 det_cnt 103/288 seg_cnt 75/288 | scores det_seg 0.8703 det_cnt -3.1354 seg_cnt -2.4309
[stage2] epoch 5/50 step 30 | loss 4.1357 | train det 0.0133 seg 0.0286 cnt 3.7074 | shared_pairs det_seg 112/288 det_cnt 100/288 seg_cnt 76/288 | scores det_seg -1.1797 det_cnt -1.6112 seg_cnt 0.6389
[stage2] epoch 5/50 step 31 | loss 2.4149 | train det 0.0305 seg 0.1197 cnt 1.0002 | shared_pairs det_seg 123/288 det_cnt 87/288 seg_cnt 78/288 | scores det_seg 0.0286 det_cnt -0.5908 seg_cnt -1.8390
[stage2] epoch 5/50 step 32 | loss 2.8763 | train det 0.0510 seg 0.1327 cnt 1.0499 | shared_pairs det_seg 117/288 det_cnt 108/288 seg_cnt 63/288 | scores det_seg 0.4575 det_cnt -2.3308 seg_cnt 0.3263
[stage2] epoch 5/50 step 33 | loss 5.7587 | train det 0.1087 seg 0.0318 cnt 3.8740 | shared_pairs det_seg 102/288 det_cnt 112/288 seg_cnt 74/288 | scores det_seg 1.4890 det_cnt 0.8270 seg_cnt -1.8058
[stage2] epoch 5/50 step 34 | loss 2.3543 | train det 0.0101 seg 0.0789 cnt 1.5718 | shared_pairs det_seg 102/288 det_cnt 104/288 seg_cnt 82/288 | scores det_seg -1.7610 det_cnt -1.6646 seg_cnt -0.2553
[stage2] epoch 5/50 step 35 | loss 1.9152 | train det 0.0164 seg 0.0343 cnt 1.3951 | shared_pairs det_seg 103/288 det_cnt 106/288 seg_cnt 79/288 | scores det_seg 0.4679 det_cnt 1.7354 seg_cnt -0.7003
[stage2] epoch 5/50 step 36 | loss 3.0293 | train det 0.0108 seg 0.0733 cnt 2.2801 | shared_pairs det_seg 107/288 det_cnt 93/288 seg_cnt 88/288 | scores det_seg 3.8406 det_cnt -1.3616 seg_cnt 1.6715
[stage2] epoch 5/50 step 37 | loss 2.5613 | train det 0.0143 seg 0.1030 cnt 1.5230 | shared_pairs det_seg 103/288 det_cnt 89/288 seg_cnt 96/288 | scores det_seg 1.4607 det_cnt -1.8261 seg_cnt 3.1001
[stage2] epoch 5/50 step 38 | loss 3.0605 | train det 0.0150 seg 0.1213 cnt 1.8642 | shared_pairs det_seg 109/288 det_cnt 102/288 seg_cnt 77/288 | scores det_seg 0.8429 det_cnt -0.0707 seg_cnt -0.0823
[stage2] epoch 5/50 step 39 | loss 86.6186 | train det 0.0226 seg 0.0863 cnt 85.5896 | shared_pairs det_seg 92/288 det_cnt 104/288 seg_cnt 92/288 | scores det_seg -3.4829 det_cnt -0.9469 seg_cnt 3.4662
[stage2] epoch 5/50 step 40 | loss 2.4847 | train det 0.0764 seg 0.0852 cnt 0.6572 | shared_pairs det_seg 91/288 det_cnt 111/288 seg_cnt 86/288 | scores det_seg -0.8599 det_cnt 1.1497 seg_cnt 5.9301
[stage2] epoch 5/50 step 41 | loss 8.7971 | train det 0.2948 seg 0.1456 cnt 3.2095 | shared_pairs det_seg 90/288 det_cnt 100/288 seg_cnt 98/288 | scores det_seg -2.0279 det_cnt -0.5875 seg_cnt -1.2239
[stage2] epoch 5/50 step 42 | loss 2.0163 | train det 0.0475 seg 0.0663 cnt 0.7729 | shared_pairs det_seg 105/288 det_cnt 107/288 seg_cnt 76/288 | scores det_seg 1.5637 det_cnt 0.1158 seg_cnt -3.0082
[stage2] epoch 5/50 step 43 | loss 1.4397 | train det 0.0324 seg 0.0204 cnt 0.7901 | shared_pairs det_seg 124/288 det_cnt 84/288 seg_cnt 80/288 | scores det_seg 1.5881 det_cnt -1.3203 seg_cnt 2.4564
[stage2] epoch 5/50 | train 5.9259 | det 0.0629 seg 0.1064 cnt 4.1322 | selected_by_matrix_unit det_seg 4574 det_cnt 4297 seg_cnt 3513
[stage2] epoch 5 | val det 0.4363 seg 0.8618 miou 0.6568 cnt 3.3273 dens 8.293562e-01 mae 2.4979 total_mae 11.5543 | ap50 0.6678 | combo 1.724936
[stage2] epoch 6/50 step 1 | loss 4.7941 | train det 0.1707 seg 0.1048 cnt 1.3958 | shared_pairs det_seg 99/288 det_cnt 107/288 seg_cnt 82/288 | scores det_seg -0.9937 det_cnt 0.0999 seg_cnt -0.7443
[stage2] epoch 6/50 step 2 | loss 2.3568 | train det 0.0374 seg 0.1151 cnt 0.8748 | shared_pairs det_seg 107/288 det_cnt 98/288 seg_cnt 83/288 | scores det_seg 0.6396 det_cnt 1.0044 seg_cnt 2.6653
[stage2] epoch 6/50 step 3 | loss 5.3174 | train det 0.1297 seg 0.2538 cnt 1.3421 | shared_pairs det_seg 123/288 det_cnt 91/288 seg_cnt 74/288 | scores det_seg -0.1598 det_cnt -2.3102 seg_cnt 0.6796
[stage2] epoch 6/50 step 4 | loss 2.7653 | train det 0.0086 seg 0.1198 cnt 1.6778 | shared_pairs det_seg 94/288 det_cnt 116/288 seg_cnt 78/288 | scores det_seg -3.7615 det_cnt 0.5441 seg_cnt 0.1245
[stage2] epoch 6/50 step 5 | loss 1.6991 | train det 0.0139 seg 0.0667 cnt 0.9575 | shared_pairs det_seg 101/288 det_cnt 92/288 seg_cnt 95/288 | scores det_seg 1.6158 det_cnt 1.2435 seg_cnt 3.4113
[stage2] epoch 6/50 step 6 | loss 2.1292 | train det 0.0164 seg 0.0753 cnt 1.2809 | shared_pairs det_seg 103/288 det_cnt 111/288 seg_cnt 74/288 | scores det_seg -0.3340 det_cnt 2.2906 seg_cnt -1.9575
[stage2] epoch 6/50 step 7 | loss 3.2455 | train det 0.0759 seg 0.1364 cnt 1.0160 | shared_pairs det_seg 95/288 det_cnt 96/288 seg_cnt 97/288 | scores det_seg 1.0077 det_cnt 2.4838 seg_cnt 1.2121
[stage2] epoch 6/50 step 8 | loss 6.2315 | train det 0.2612 seg 0.1031 cnt 1.4887 | shared_pairs det_seg 91/288 det_cnt 112/288 seg_cnt 85/288 | scores det_seg 2.8649 det_cnt -0.8240 seg_cnt 1.8860
[stage2] epoch 6/50 step 9 | loss 3.4024 | train det 0.0852 seg 0.1641 cnt 0.8115 | shared_pairs det_seg 111/288 det_cnt 105/288 seg_cnt 72/288 | scores det_seg 3.3845 det_cnt 2.7910 seg_cnt -3.7371
[stage2] epoch 6/50 step 10 | loss 1.7083 | train det 0.0138 seg 0.0812 cnt 0.8521 | shared_pairs det_seg 129/288 det_cnt 87/288 seg_cnt 72/288 | scores det_seg 1.8447 det_cnt -2.6189 seg_cnt -3.3970
[stage2] epoch 6/50 step 11 | loss 3.3435 | train det 0.1146 seg 0.0724 cnt 1.0460 | shared_pairs det_seg 119/288 det_cnt 78/288 seg_cnt 91/288 | scores det_seg -1.8439 det_cnt -3.5126 seg_cnt 2.0787
[stage2] epoch 6/50 step 12 | loss 5.4126 | train det 0.1735 seg 0.0842 cnt 2.1362 | shared_pairs det_seg 121/288 det_cnt 91/288 seg_cnt 76/288 | scores det_seg 0.5000 det_cnt -1.1103 seg_cnt -0.6281
[stage2] epoch 6/50 step 13 | loss 12.0119 | train det 0.4094 seg 0.2596 cnt 3.7942 | shared_pairs det_seg 94/288 det_cnt 116/288 seg_cnt 78/288 | scores det_seg -4.0931 det_cnt 2.2824 seg_cnt 2.6695
[stage2] epoch 6/50 step 14 | loss 3.7662 | train det 0.1611 seg 0.0674 cnt 0.8104 | shared_pairs det_seg 97/288 det_cnt 112/288 seg_cnt 79/288 | scores det_seg -2.9683 det_cnt 0.5067 seg_cnt 1.9660
[stage2] epoch 6/50 step 15 | loss 6.5701 | train det 0.0803 seg 0.0807 cnt 4.7209 | shared_pairs det_seg 118/288 det_cnt 93/288 seg_cnt 77/288 | scores det_seg -2.5444 det_cnt -3.0797 seg_cnt -1.5964
[stage2] epoch 6/50 step 16 | loss 5.2522 | train det 0.1485 seg 0.1152 cnt 2.1026 | shared_pairs det_seg 101/288 det_cnt 102/288 seg_cnt 85/288 | scores det_seg -2.6262 det_cnt -1.4540 seg_cnt -1.3962
[stage2] epoch 6/50 step 17 | loss 1.7849 | train det 0.0217 seg 0.0972 cnt 0.6813 | shared_pairs det_seg 111/288 det_cnt 90/288 seg_cnt 87/288 | scores det_seg 1.1553 det_cnt -1.3019 seg_cnt 2.8645
[stage2] epoch 6/50 step 18 | loss 2.0702 | train det 0.0291 seg 0.0797 cnt 0.9964 | shared_pairs det_seg 113/288 det_cnt 108/288 seg_cnt 67/288 | scores det_seg 0.8920 det_cnt 0.7678 seg_cnt -4.6401
[stage2] epoch 6/50 step 19 | loss 3.8416 | train det 0.0145 seg 0.1304 cnt 2.5814 | shared_pairs det_seg 108/288 det_cnt 110/288 seg_cnt 70/288 | scores det_seg -0.7508 det_cnt 2.4792 seg_cnt -0.1638
[stage2] epoch 6/50 step 20 | loss 5.4440 | train det 0.0186 seg 0.0702 cnt 4.6029 | shared_pairs det_seg 109/288 det_cnt 96/288 seg_cnt 83/288 | scores det_seg 2.0568 det_cnt -0.2085 seg_cnt 2.0328
[stage2] epoch 6/50 step 21 | loss 2.8713 | train det 0.0422 seg 0.1148 cnt 1.3196 | shared_pairs det_seg 122/288 det_cnt 92/288 seg_cnt 74/288 | scores det_seg 1.7294 det_cnt 0.1160 seg_cnt -2.3215
[stage2] epoch 6/50 step 22 | loss 2.4192 | train det 0.0491 seg 0.0756 cnt 1.0782 | shared_pairs det_seg 95/288 det_cnt 111/288 seg_cnt 82/288 | scores det_seg 0.7879 det_cnt 2.2416 seg_cnt 3.2659
[stage2] epoch 6/50 step 23 | loss 1.9184 | train det 0.0095 seg 0.0511 cnt 1.3668 | shared_pairs det_seg 124/288 det_cnt 76/288 seg_cnt 88/288 | scores det_seg 3.1302 det_cnt -1.3225 seg_cnt 1.9552
[stage2] epoch 6/50 step 24 | loss 2.6073 | train det 0.0495 seg 0.1114 cnt 0.9731 | shared_pairs det_seg 111/288 det_cnt 101/288 seg_cnt 76/288 | scores det_seg -0.7251 det_cnt -2.0563 seg_cnt -3.5119
[stage2] epoch 6/50 step 25 | loss 3.0937 | train det 0.0267 seg 0.1009 cnt 1.8869 | shared_pairs det_seg 108/288 det_cnt 91/288 seg_cnt 89/288 | scores det_seg 1.9977 det_cnt -3.8450 seg_cnt -1.1613
[stage2] epoch 6/50 step 26 | loss 2.2109 | train det 0.0412 seg 0.0937 cnt 0.8440 | shared_pairs det_seg 104/288 det_cnt 99/288 seg_cnt 85/288 | scores det_seg -2.6736 det_cnt -6.1899 seg_cnt -0.7616
[stage2] epoch 6/50 step 27 | loss 2.2697 | train det 0.0343 seg 0.0420 cnt 1.4181 | shared_pairs det_seg 120/288 det_cnt 84/288 seg_cnt 84/288 | scores det_seg 0.1989 det_cnt -4.0414 seg_cnt 1.3981
[stage2] epoch 6/50 step 28 | loss 3.0418 | train det 0.0288 seg 0.0627 cnt 2.1088 | shared_pairs det_seg 102/288 det_cnt 106/288 seg_cnt 80/288 | scores det_seg 3.1507 det_cnt 3.9477 seg_cnt 2.9271
[stage2] epoch 6/50 step 29 | loss 2.2241 | train det 0.0329 seg 0.0725 cnt 1.1511 | shared_pairs det_seg 114/288 det_cnt 113/288 seg_cnt 61/288 | scores det_seg 1.0885 det_cnt -1.2501 seg_cnt -5.2784
[stage2] epoch 6/50 step 30 | loss 2.4080 | train det 0.0398 seg 0.1186 cnt 0.8622 | shared_pairs det_seg 108/288 det_cnt 103/288 seg_cnt 77/288 | scores det_seg -0.3634 det_cnt 1.1060 seg_cnt 0.1296
[stage2] epoch 6/50 step 31 | loss 3.3569 | train det 0.1086 seg 0.0845 cnt 1.0523 | shared_pairs det_seg 104/288 det_cnt 97/288 seg_cnt 87/288 | scores det_seg 0.5163 det_cnt -1.0777 seg_cnt 1.8425
[stage2] epoch 6/50 step 32 | loss 2.8707 | train det 0.0185 seg 0.1040 cnt 1.7609 | shared_pairs det_seg 97/288 det_cnt 113/288 seg_cnt 78/288 | scores det_seg -3.4649 det_cnt 1.3377 seg_cnt -0.5931
[stage2] epoch 6/50 step 33 | loss 2.1910 | train det 0.0074 seg 0.1365 cnt 0.9873 | shared_pairs det_seg 100/288 det_cnt 116/288 seg_cnt 72/288 | scores det_seg -1.4584 det_cnt 0.4515 seg_cnt -4.2962
[stage2] epoch 6/50 step 34 | loss 3.7176 | train det 0.1695 seg 0.0172 cnt 1.0374 | shared_pairs det_seg 100/288 det_cnt 92/288 seg_cnt 96/288 | scores det_seg -0.7818 det_cnt 0.6595 seg_cnt -0.0011
[stage2] epoch 6/50 step 35 | loss 2.4044 | train det 0.0334 seg 0.0670 cnt 1.3675 | shared_pairs det_seg 99/288 det_cnt 115/288 seg_cnt 74/288 | scores det_seg -1.8427 det_cnt 0.1211 seg_cnt -1.9563
[stage2] epoch 6/50 step 36 | loss 2.6167 | train det 0.0059 seg 0.0550 cnt 2.0876 | shared_pairs det_seg 118/288 det_cnt 95/288 seg_cnt 75/288 | scores det_seg 1.7408 det_cnt 0.6984 seg_cnt -4.7176
[stage2] epoch 6/50 step 37 | loss 6.3572 | train det 0.1661 seg 0.0668 cnt 3.3309 | shared_pairs det_seg 94/288 det_cnt 104/288 seg_cnt 90/288 | scores det_seg 1.1802 det_cnt -2.3645 seg_cnt 2.7870
[stage2] epoch 6/50 step 38 | loss 2.6704 | train det 0.0574 seg 0.0971 cnt 1.0320 | shared_pairs det_seg 102/288 det_cnt 100/288 seg_cnt 86/288 | scores det_seg -0.2378 det_cnt -5.0669 seg_cnt -0.2241
[stage2] epoch 6/50 step 39 | loss 6.3994 | train det 0.1049 seg 0.0146 cnt 4.7090 | shared_pairs det_seg 120/288 det_cnt 88/288 seg_cnt 80/288 | scores det_seg 2.5877 det_cnt 1.8592 seg_cnt -1.2768
[stage2] epoch 6/50 step 40 | loss 3.1950 | train det 0.0103 seg 0.1023 cnt 2.2217 | shared_pairs det_seg 125/288 det_cnt 96/288 seg_cnt 67/288 | scores det_seg 5.7446 det_cnt 0.3203 seg_cnt -2.6640
[stage2] epoch 6/50 step 41 | loss 1.2629 | train det 0.0115 seg 0.0549 cnt 0.6514 | shared_pairs det_seg 108/288 det_cnt 102/288 seg_cnt 78/288 | scores det_seg -0.8234 det_cnt 2.0151 seg_cnt 0.0595
[stage2] epoch 6/50 step 42 | loss 2.1779 | train det 0.0153 seg 0.1183 cnt 1.0020 | shared_pairs det_seg 118/288 det_cnt 98/288 seg_cnt 72/288 | scores det_seg -0.1596 det_cnt -2.8330 seg_cnt 0.4029
[stage2] epoch 6/50 step 43 | loss 4.7391 | train det 0.0901 seg 0.0778 cnt 2.7657 | shared_pairs det_seg 118/288 det_cnt 103/288 seg_cnt 67/288 | scores det_seg -1.6181 det_cnt 0.2551 seg_cnt -2.2679
[stage2] epoch 6/50 | train 3.5389 | det 0.0730 seg 0.0957 cnt 1.6787 | selected_by_matrix_unit det_seg 4655 det_cnt 4306 seg_cnt 3423
[stage2] epoch 6 | val det 0.4296 seg 0.8634 miou 0.6568 cnt 3.3051 dens 8.274858e-01 mae 2.4776 total_mae 11.3628 | ap50 0.6649 | combo 1.725321
[stage2] epoch 7/50 step 1 | loss 4.4798 | train det 0.2172 seg 0.0658 cnt 0.6961 | shared_pairs det_seg 106/288 det_cnt 97/288 seg_cnt 85/288 | scores det_seg 2.5411 det_cnt -0.8737 seg_cnt 2.4442
[stage2] epoch 7/50 step 2 | loss 2.3915 | train det 0.1100 seg 0.0683 cnt 0.1957 | shared_pairs det_seg 108/288 det_cnt 113/288 seg_cnt 67/288 | scores det_seg 0.4305 det_cnt 1.9363 seg_cnt -0.9544
[stage2] epoch 7/50 step 3 | loss 1.8054 | train det 0.0218 seg 0.0997 cnt 0.6806 | shared_pairs det_seg 85/288 det_cnt 98/288 seg_cnt 105/288 | scores det_seg -1.9167 det_cnt 1.1227 seg_cnt 6.1236
[stage2] epoch 7/50 step 4 | loss 4.2411 | train det 0.0142 seg 0.0940 cnt 3.2765 | shared_pairs det_seg 101/288 det_cnt 112/288 seg_cnt 75/288 | scores det_seg 0.4866 det_cnt 2.4418 seg_cnt -1.4552
[stage2] epoch 7/50 step 5 | loss 1.7966 | train det 0.0222 seg 0.0570 cnt 1.0078 | shared_pairs det_seg 109/288 det_cnt 100/288 seg_cnt 79/288 | scores det_seg 0.0696 det_cnt -2.2414 seg_cnt 0.3139
[stage2] epoch 7/50 step 6 | loss 4.4731 | train det 0.1362 seg 0.0684 cnt 1.8825 | shared_pairs det_seg 106/288 det_cnt 107/288 seg_cnt 75/288 | scores det_seg -0.9382 det_cnt -1.3075 seg_cnt -0.5937
[stage2] epoch 7/50 step 7 | loss 4.6738 | train det 0.0850 seg 0.1260 cnt 2.3904 | shared_pairs det_seg 102/288 det_cnt 108/288 seg_cnt 78/288 | scores det_seg -3.8118 det_cnt -3.9377 seg_cnt -4.0654
[stage2] epoch 7/50 step 8 | loss 2.6334 | train det 0.0319 seg 0.0928 cnt 1.4119 | shared_pairs det_seg 99/288 det_cnt 105/288 seg_cnt 84/288 | scores det_seg 0.5962 det_cnt 1.8084 seg_cnt -0.7040
[stage2] epoch 7/50 step 9 | loss 1.9120 | train det 0.0202 seg 0.0697 cnt 1.0507 | shared_pairs det_seg 86/288 det_cnt 111/288 seg_cnt 91/288 | scores det_seg -3.4545 det_cnt 1.5470 seg_cnt 3.1802
[stage2] epoch 7/50 step 10 | loss 2.7270 | train det 0.0207 seg 0.1224 cnt 1.4374 | shared_pairs det_seg 97/288 det_cnt 106/288 seg_cnt 85/288 | scores det_seg 1.2268 det_cnt 3.1083 seg_cnt 2.5209
[stage2] epoch 7/50 step 11 | loss 3.4548 | train det 0.0251 seg 0.0898 cnt 2.3597 | shared_pairs det_seg 105/288 det_cnt 89/288 seg_cnt 94/288 | scores det_seg 2.7021 det_cnt -4.8867 seg_cnt 2.6764
[stage2] epoch 7/50 step 12 | loss 2.3303 | train det 0.0257 seg 0.1114 cnt 1.0544 | shared_pairs det_seg 97/288 det_cnt 125/288 seg_cnt 66/288 | scores det_seg 0.2106 det_cnt 5.3471 seg_cnt -0.4948
[stage2] epoch 7/50 step 13 | loss 2.4717 | train det 0.0172 seg 0.1011 cnt 1.4041 | shared_pairs det_seg 121/288 det_cnt 82/288 seg_cnt 85/288 | scores det_seg 1.6405 det_cnt -3.9360 seg_cnt -2.5750
[stage2] epoch 7/50 step 14 | loss 1.4030 | train det 0.0154 seg 0.0434 cnt 0.8239 | shared_pairs det_seg 104/288 det_cnt 110/288 seg_cnt 74/288 | scores det_seg 0.2945 det_cnt 4.8127 seg_cnt 0.7028
[stage2] epoch 7/50 step 15 | loss 2.3357 | train det 0.0115 seg 0.1347 cnt 1.0847 | shared_pairs det_seg 90/288 det_cnt 105/288 seg_cnt 93/288 | scores det_seg -1.6436 det_cnt -2.7825 seg_cnt 5.4146
[stage2] epoch 7/50 step 16 | loss 3.3486 | train det 0.0221 seg 0.1530 cnt 1.7940 | shared_pairs det_seg 130/288 det_cnt 85/288 seg_cnt 73/288 | scores det_seg 4.8282 det_cnt -0.6648 seg_cnt -0.3185
[stage2] epoch 7/50 step 17 | loss 2.7722 | train det 0.0201 seg 0.1952 cnt 0.9093 | shared_pairs det_seg 118/288 det_cnt 103/288 seg_cnt 67/288 | scores det_seg 1.3610 det_cnt 1.3369 seg_cnt -3.9494
[stage2] epoch 7/50 step 18 | loss 2.1847 | train det 0.0351 seg 0.0861 cnt 0.9698 | shared_pairs det_seg 78/288 det_cnt 112/288 seg_cnt 98/288 | scores det_seg -3.8814 det_cnt 2.2260 seg_cnt 1.0783
[stage2] epoch 7/50 step 19 | loss 3.5765 | train det 0.0770 seg 0.1461 cnt 1.2534 | shared_pairs det_seg 111/288 det_cnt 105/288 seg_cnt 72/288 | scores det_seg -3.3836 det_cnt -2.1309 seg_cnt -3.2942
[stage2] epoch 7/50 step 20 | loss 2.5375 | train det 0.0077 seg 0.1750 cnt 1.0211 | shared_pairs det_seg 98/288 det_cnt 101/288 seg_cnt 89/288 | scores det_seg -2.0010 det_cnt -4.4708 seg_cnt 1.5913
[stage2] epoch 7/50 step 21 | loss 2.6748 | train det 0.0118 seg 0.1010 cnt 1.6899 | shared_pairs det_seg 93/288 det_cnt 85/288 seg_cnt 110/288 | scores det_seg -2.3644 det_cnt -3.4504 seg_cnt 4.6486
[stage2] epoch 7/50 step 22 | loss 2.2179 | train det 0.0318 seg 0.1388 cnt 0.6302 | shared_pairs det_seg 127/288 det_cnt 85/288 seg_cnt 76/288 | scores det_seg 0.8898 det_cnt -2.8606 seg_cnt 1.0485
[stage2] epoch 7/50 step 23 | loss 5.0704 | train det 0.0235 seg 0.1353 cnt 3.6361 | shared_pairs det_seg 112/288 det_cnt 84/288 seg_cnt 92/288 | scores det_seg -1.5731 det_cnt -8.2304 seg_cnt 1.2247
[stage2] epoch 7/50 step 24 | loss 4.2805 | train det 0.0282 seg 0.0839 cnt 3.1867 | shared_pairs det_seg 104/288 det_cnt 99/288 seg_cnt 85/288 | scores det_seg -0.7911 det_cnt -3.2346 seg_cnt -0.7840
[stage2] epoch 7/50 step 25 | loss 2.3625 | train det 0.0296 seg 0.1504 cnt 0.7153 | shared_pairs det_seg 120/288 det_cnt 68/288 seg_cnt 100/288 | scores det_seg 2.1137 det_cnt -7.2538 seg_cnt 2.9967
[stage2] epoch 7/50 step 26 | loss 0.8005 | train det 0.0310 seg 0.0121 cnt 0.2382 | shared_pairs det_seg 100/288 det_cnt 99/288 seg_cnt 89/288 | scores det_seg -1.4645 det_cnt -3.3772 seg_cnt -0.3281
[stage2] epoch 7/50 step 27 | loss 1.7020 | train det 0.0292 seg 0.0564 cnt 0.8126 | shared_pairs det_seg 111/288 det_cnt 100/288 seg_cnt 77/288 | scores det_seg 1.5973 det_cnt 0.0719 seg_cnt 3.4520
[stage2] epoch 7/50 step 28 | loss 3.1696 | train det 0.0109 seg 0.0815 cnt 2.3551 | shared_pairs det_seg 124/288 det_cnt 93/288 seg_cnt 71/288 | scores det_seg 2.4867 det_cnt -5.7843 seg_cnt -3.6987
[stage2] epoch 7/50 step 29 | loss 1.8065 | train det 0.0146 seg 0.1100 cnt 0.7082 | shared_pairs det_seg 93/288 det_cnt 110/288 seg_cnt 85/288 | scores det_seg -1.6513 det_cnt 4.7683 seg_cnt -0.5882
[stage2] epoch 7/50 step 30 | loss 7.9750 | train det 0.4005 seg 0.0654 cnt 1.4445 | shared_pairs det_seg 113/288 det_cnt 90/288 seg_cnt 85/288 | scores det_seg 2.8853 det_cnt 0.5730 seg_cnt 1.3879
[stage2] epoch 7/50 step 31 | loss 3.1730 | train det 0.0113 seg 0.1041 cnt 2.1710 | shared_pairs det_seg 110/288 det_cnt 101/288 seg_cnt 77/288 | scores det_seg 4.7014 det_cnt 1.7292 seg_cnt -1.8860
[stage2] epoch 7/50 step 32 | loss 3.3341 | train det 0.0771 seg 0.1058 cnt 1.3318 | shared_pairs det_seg 104/288 det_cnt 114/288 seg_cnt 70/288 | scores det_seg 3.1073 det_cnt 1.6784 seg_cnt -4.5657
[stage2] epoch 7/50 step 33 | loss 1.8111 | train det 0.0175 seg 0.0649 cnt 1.0296 | shared_pairs det_seg 99/288 det_cnt 108/288 seg_cnt 81/288 | scores det_seg 1.0435 det_cnt -1.5399 seg_cnt -1.0458
[stage2] epoch 7/50 step 34 | loss 2.5855 | train det 0.0058 seg 0.1097 cnt 1.6204 | shared_pairs det_seg 102/288 det_cnt 104/288 seg_cnt 82/288 | scores det_seg -2.1695 det_cnt 0.7868 seg_cnt -0.9743
[stage2] epoch 7/50 step 35 | loss 2.9898 | train det 0.0226 seg 0.0691 cnt 2.0986 | shared_pairs det_seg 103/288 det_cnt 113/288 seg_cnt 72/288 | scores det_seg -0.9478 det_cnt 0.7219 seg_cnt -5.7196
[stage2] epoch 7/50 step 36 | loss 2.8576 | train det 0.0128 seg 0.2220 cnt 0.8898 | shared_pairs det_seg 100/288 det_cnt 104/288 seg_cnt 84/288 | scores det_seg 0.2527 det_cnt -0.4048 seg_cnt 2.3002
[stage2] epoch 7/50 step 37 | loss 5.7733 | train det 0.2183 seg 0.1082 cnt 1.6330 | shared_pairs det_seg 106/288 det_cnt 106/288 seg_cnt 76/288 | scores det_seg -0.3142 det_cnt 1.2530 seg_cnt -4.5895
[stage2] epoch 7/50 step 38 | loss 3.1963 | train det 0.1092 seg 0.0808 cnt 0.9110 | shared_pairs det_seg 102/288 det_cnt 96/288 seg_cnt 90/288 | scores det_seg 2.5224 det_cnt 5.7229 seg_cnt 3.0522
[stage2] epoch 7/50 step 39 | loss 2.4410 | train det 0.0278 seg 0.0890 cnt 1.3118 | shared_pairs det_seg 95/288 det_cnt 108/288 seg_cnt 85/288 | scores det_seg 1.0107 det_cnt 3.2162 seg_cnt -1.6902
[stage2] epoch 7/50 step 40 | loss 3.0232 | train det 0.0069 seg 0.1145 cnt 2.0035 | shared_pairs det_seg 97/288 det_cnt 92/288 seg_cnt 99/288 | scores det_seg -2.7144 det_cnt -2.4237 seg_cnt -2.2566
[stage2] epoch 7/50 step 41 | loss 2.8278 | train det 0.0229 seg 0.1611 cnt 1.1948 | shared_pairs det_seg 105/288 det_cnt 105/288 seg_cnt 78/288 | scores det_seg 0.4300 det_cnt 0.0240 seg_cnt -4.0204
[stage2] epoch 7/50 step 42 | loss 3.7956 | train det 0.1263 seg 0.1246 cnt 0.9040 | shared_pairs det_seg 117/288 det_cnt 82/288 seg_cnt 89/288 | scores det_seg -2.3881 det_cnt -8.0916 seg_cnt 0.4008
[stage2] epoch 7/50 step 43 | loss 2.5484 | train det 0.0602 seg 0.0824 cnt 0.9869 | shared_pairs det_seg 116/288 det_cnt 98/288 seg_cnt 74/288 | scores det_seg 1.7847 det_cnt -0.2752 seg_cnt -2.8433
[stage2] epoch 7/50 | train 3.0224 | det 0.0527 seg 0.1040 cnt 1.4002 | selected_by_matrix_unit det_seg 4504 det_cnt 4318 seg_cnt 3562
[stage2] epoch 7 | val det 0.4349 seg 0.8560 miou 0.6587 cnt 3.3170 dens 8.293195e-01 mae 2.4877 total_mae 11.5235 | ap50 0.6631 | combo 1.723836
[stage2] epoch 8/50 step 1 | loss 4.0876 | train det 0.0077 seg 0.0806 cnt 3.3266 | shared_pairs det_seg 111/288 det_cnt 93/288 seg_cnt 84/288 | scores det_seg 0.4481 det_cnt -3.0979 seg_cnt 2.9635
[stage2] epoch 8/50 step 2 | loss 3.7089 | train det 0.0249 seg 0.0999 cnt 2.5358 | shared_pairs det_seg 119/288 det_cnt 93/288 seg_cnt 76/288 | scores det_seg 2.0957 det_cnt -3.6436 seg_cnt -2.7837
[stage2] epoch 8/50 step 3 | loss 2.9194 | train det 0.0663 seg 0.0531 cnt 1.5001 | shared_pairs det_seg 103/288 det_cnt 99/288 seg_cnt 86/288 | scores det_seg 0.0591 det_cnt -4.7789 seg_cnt -1.9408
[stage2] epoch 8/50 step 4 | loss 3.0819 | train det 0.0209 seg 0.1681 cnt 1.4241 | shared_pairs det_seg 108/288 det_cnt 95/288 seg_cnt 85/288 | scores det_seg -1.6221 det_cnt -3.1700 seg_cnt -0.3029
[stage2] epoch 8/50 step 5 | loss 2.6006 | train det 0.0475 seg 0.0853 cnt 1.2063 | shared_pairs det_seg 97/288 det_cnt 101/288 seg_cnt 90/288 | scores det_seg -0.7050 det_cnt -3.5616 seg_cnt 1.9477
[stage2] epoch 8/50 step 6 | loss 4.1324 | train det 0.0178 seg 0.2550 cnt 1.8247 | shared_pairs det_seg 100/288 det_cnt 105/288 seg_cnt 83/288 | scores det_seg -1.6024 det_cnt -2.5932 seg_cnt -4.6740
[stage2] epoch 8/50 step 7 | loss 3.5834 | train det 0.0575 seg 0.1655 cnt 1.3962 | shared_pairs det_seg 87/288 det_cnt 99/288 seg_cnt 102/288 | scores det_seg -1.6184 det_cnt -1.3244 seg_cnt 6.1605
[stage2] epoch 8/50 step 8 | loss 2.3142 | train det 0.0076 seg 0.1605 cnt 0.9156 | shared_pairs det_seg 102/288 det_cnt 106/288 seg_cnt 80/288 | scores det_seg 2.4937 det_cnt 1.6807 seg_cnt 2.2847
[stage2] epoch 8/50 step 9 | loss 7.9239 | train det 0.3172 seg 0.1398 cnt 2.0479 | shared_pairs det_seg 97/288 det_cnt 85/288 seg_cnt 106/288 | scores det_seg 1.6662 det_cnt -7.7235 seg_cnt 1.7322
[stage2] epoch 8/50 step 10 | loss 2.8228 | train det 0.0593 seg 0.0893 cnt 1.2192 | shared_pairs det_seg 102/288 det_cnt 123/288 seg_cnt 63/288 | scores det_seg 0.8359 det_cnt 4.8909 seg_cnt -0.0288
[stage2] epoch 8/50 step 11 | loss 5.5656 | train det 0.0801 seg 0.2158 cnt 2.6381 | shared_pairs det_seg 116/288 det_cnt 95/288 seg_cnt 77/288 | scores det_seg -1.4253 det_cnt 0.6223 seg_cnt -2.8120
[stage2] epoch 8/50 step 12 | loss 2.5553 | train det 0.0245 seg 0.1097 cnt 1.3103 | shared_pairs det_seg 117/288 det_cnt 84/288 seg_cnt 87/288 | scores det_seg 0.5668 det_cnt 0.4854 seg_cnt -2.1601
[stage2] epoch 8/50 step 13 | loss 7.9677 | train det 0.0384 seg 0.1189 cnt 6.4406 | shared_pairs det_seg 122/288 det_cnt 103/288 seg_cnt 63/288 | scores det_seg 3.5429 det_cnt 3.2597 seg_cnt 2.5198
[stage2] epoch 8/50 step 14 | loss 3.3924 | train det 0.0296 seg 0.0969 cnt 2.1743 | shared_pairs det_seg 114/288 det_cnt 94/288 seg_cnt 80/288 | scores det_seg 0.8117 det_cnt -1.3019 seg_cnt 1.4299
[stage2] epoch 8/50 step 15 | loss 5.6298 | train det 0.1951 seg 0.0968 cnt 1.9296 | shared_pairs det_seg 102/288 det_cnt 112/288 seg_cnt 74/288 | scores det_seg 1.3195 det_cnt 1.0406 seg_cnt 0.0540
[stage2] epoch 8/50 step 16 | loss 3.6862 | train det 0.0561 seg 0.0902 cnt 2.1227 | shared_pairs det_seg 111/288 det_cnt 109/288 seg_cnt 68/288 | scores det_seg 1.1669 det_cnt -1.0614 seg_cnt -4.7439
[stage2] epoch 8/50 step 17 | loss 2.5420 | train det 0.0419 seg 0.0581 cnt 1.4479 | shared_pairs det_seg 120/288 det_cnt 84/288 seg_cnt 84/288 | scores det_seg -0.7165 det_cnt -7.1548 seg_cnt 2.9132
[stage2] epoch 8/50 step 18 | loss 1.9426 | train det 0.0140 seg 0.1297 cnt 0.6953 | shared_pairs det_seg 122/288 det_cnt 81/288 seg_cnt 85/288 | scores det_seg 2.1417 det_cnt -0.1627 seg_cnt -1.5050
[stage2] epoch 8/50 step 19 | loss 3.1586 | train det 0.0380 seg 0.0792 cnt 1.9540 | shared_pairs det_seg 109/288 det_cnt 97/288 seg_cnt 82/288 | scores det_seg 0.7460 det_cnt -2.6854 seg_cnt -0.8444
[stage2] epoch 8/50 step 20 | loss 2.8835 | train det 0.0509 seg 0.0967 cnt 1.3468 | shared_pairs det_seg 105/288 det_cnt 104/288 seg_cnt 79/288 | scores det_seg -2.9766 det_cnt 1.2860 seg_cnt 1.2566
[stage2] epoch 8/50 step 21 | loss 2.2291 | train det 0.0253 seg 0.1042 cnt 1.0153 | shared_pairs det_seg 113/288 det_cnt 104/288 seg_cnt 71/288 | scores det_seg 5.4194 det_cnt 3.4077 seg_cnt -1.0525
[stage2] epoch 8/50 step 22 | loss 3.7274 | train det 0.0547 seg 0.1031 cnt 2.0828 | shared_pairs det_seg 116/288 det_cnt 102/288 seg_cnt 70/288 | scores det_seg -0.3070 det_cnt -0.8524 seg_cnt -0.5880
[stage2] epoch 8/50 step 23 | loss 5.0910 | train det 0.0563 seg 0.0991 cnt 3.4538 | shared_pairs det_seg 115/288 det_cnt 95/288 seg_cnt 78/288 | scores det_seg 1.0084 det_cnt 2.7142 seg_cnt 0.0942
[stage2] epoch 8/50 step 24 | loss 3.6098 | train det 0.0373 seg 0.1153 cnt 2.1271 | shared_pairs det_seg 90/288 det_cnt 125/288 seg_cnt 73/288 | scores det_seg -4.5392 det_cnt 3.8715 seg_cnt -2.4046
[stage2] epoch 8/50 step 25 | loss 5.1451 | train det 0.1424 seg 0.0856 cnt 2.3236 | shared_pairs det_seg 106/288 det_cnt 97/288 seg_cnt 85/288 | scores det_seg 1.9633 det_cnt -2.0987 seg_cnt -3.0447
[stage2] epoch 8/50 step 26 | loss 3.2579 | train det 0.0247 seg 0.1504 cnt 1.6839 | shared_pairs det_seg 118/288 det_cnt 86/288 seg_cnt 84/288 | scores det_seg 1.9755 det_cnt -3.2608 seg_cnt -3.6880
[stage2] epoch 8/50 step 27 | loss 3.4613 | train det 0.0163 seg 0.2670 cnt 1.0816 | shared_pairs det_seg 91/288 det_cnt 105/288 seg_cnt 92/288 | scores det_seg -1.1716 det_cnt 3.2896 seg_cnt 2.4128
[stage2] epoch 8/50 step 28 | loss 2.8968 | train det 0.0190 seg 0.1577 cnt 1.3494 | shared_pairs det_seg 106/288 det_cnt 87/288 seg_cnt 95/288 | scores det_seg -0.7664 det_cnt -0.0392 seg_cnt 2.7863
[stage2] epoch 8/50 step 29 | loss 2.2208 | train det 0.0367 seg 0.0801 cnt 1.0295 | shared_pairs det_seg 97/288 det_cnt 112/288 seg_cnt 79/288 | scores det_seg -4.0809 det_cnt 0.9667 seg_cnt 0.9847
[stage2] epoch 8/50 step 30 | loss 3.8112 | train det 0.0113 seg 0.0840 cnt 2.9699 | shared_pairs det_seg 105/288 det_cnt 95/288 seg_cnt 88/288 | scores det_seg -1.0777 det_cnt 1.3130 seg_cnt -0.6058
[stage2] epoch 8/50 step 31 | loss 2.9556 | train det 0.0844 seg 0.0458 cnt 1.3235 | shared_pairs det_seg 101/288 det_cnt 113/288 seg_cnt 74/288 | scores det_seg 3.5300 det_cnt 5.5789 seg_cnt 2.2235
[stage2] epoch 8/50 step 32 | loss 2.0734 | train det 0.0530 seg 0.0654 cnt 0.7550 | shared_pairs det_seg 106/288 det_cnt 84/288 seg_cnt 98/288 | scores det_seg -2.1155 det_cnt -3.5189 seg_cnt 0.9011
[stage2] epoch 8/50 step 33 | loss 3.2640 | train det 0.0601 seg 0.0652 cnt 1.8399 | shared_pairs det_seg 100/288 det_cnt 118/288 seg_cnt 70/288 | scores det_seg -4.9662 det_cnt 2.1584 seg_cnt -1.8005
[stage2] epoch 8/50 step 34 | loss 3.0466 | train det 0.0414 seg 0.1488 cnt 1.2351 | shared_pairs det_seg 119/288 det_cnt 87/288 seg_cnt 82/288 | scores det_seg 1.2113 det_cnt 1.6266 seg_cnt -1.4365
[stage2] epoch 8/50 step 35 | loss 3.9238 | train det 0.0358 seg 0.1072 cnt 2.5283 | shared_pairs det_seg 105/288 det_cnt 112/288 seg_cnt 71/288 | scores det_seg -2.7253 det_cnt 3.1667 seg_cnt -3.7324
[stage2] epoch 8/50 step 36 | loss 3.1855 | train det 0.0594 seg 0.1201 cnt 1.3336 | shared_pairs det_seg 92/288 det_cnt 103/288 seg_cnt 93/288 | scores det_seg -2.7557 det_cnt 0.6209 seg_cnt 4.6376
[stage2] epoch 8/50 step 37 | loss 6.7030 | train det 0.0098 seg 0.1476 cnt 5.3753 | shared_pairs det_seg 122/288 det_cnt 105/288 seg_cnt 61/288 | scores det_seg 1.0137 det_cnt 0.5588 seg_cnt -4.1207
[stage2] epoch 8/50 step 38 | loss 3.0889 | train det 0.0256 seg 0.0667 cnt 2.1709 | shared_pairs det_seg 93/288 det_cnt 119/288 seg_cnt 76/288 | scores det_seg 0.5698 det_cnt 1.8411 seg_cnt 0.6644
[stage2] epoch 8/50 step 39 | loss 4.1318 | train det 0.0737 seg 0.1334 cnt 1.9590 | shared_pairs det_seg 117/288 det_cnt 99/288 seg_cnt 72/288 | scores det_seg 1.8007 det_cnt -0.0754 seg_cnt -1.6974
[stage2] epoch 8/50 step 40 | loss 2.7393 | train det 0.0254 seg 0.0721 cnt 1.7812 | shared_pairs det_seg 106/288 det_cnt 99/288 seg_cnt 83/288 | scores det_seg -0.7882 det_cnt 0.4468 seg_cnt -2.9844
[stage2] epoch 8/50 step 41 | loss 3.7769 | train det 0.0556 seg 0.1925 cnt 1.4024 | shared_pairs det_seg 115/288 det_cnt 92/288 seg_cnt 81/288 | scores det_seg 2.7113 det_cnt 0.6621 seg_cnt 0.5554
[stage2] epoch 8/50 step 42 | loss 2.2429 | train det 0.0261 seg 0.1485 cnt 0.6637 | shared_pairs det_seg 98/288 det_cnt 101/288 seg_cnt 89/288 | scores det_seg 2.1358 det_cnt 2.0822 seg_cnt 0.5350
[stage2] epoch 8/50 step 43 | loss 3.8105 | train det 0.0743 seg 0.0820 cnt 2.0399 | shared_pairs det_seg 108/288 det_cnt 101/288 seg_cnt 79/288 | scores det_seg -1.6343 det_cnt -1.7524 seg_cnt -1.0280
[stage2] epoch 8/50 | train 3.6486 | det 0.0522 seg 0.1170 cnt 1.9298 | selected_by_matrix_unit det_seg 4603 det_cnt 4303 seg_cnt 3478
[stage2] epoch 8 | val det 0.4443 seg 0.8749 miou 0.6563 cnt 3.3206 dens 8.288733e-01 mae 2.4917 total_mae 11.5267 | ap50 0.6625 | combo 1.720187
[stage2] epoch 9/50 step 1 | loss 1.6455 | train det 0.0119 seg 0.1167 cnt 0.5328 | shared_pairs det_seg 101/288 det_cnt 106/288 seg_cnt 81/288 | scores det_seg -2.8463 det_cnt -0.6770 seg_cnt 1.6235
[stage2] epoch 9/50 step 2 | loss 1.8124 | train det 0.0276 seg 0.0792 cnt 0.7649 | shared_pairs det_seg 114/288 det_cnt 89/288 seg_cnt 85/288 | scores det_seg 1.7915 det_cnt -2.2103 seg_cnt -0.0699
[stage2] epoch 9/50 step 3 | loss 1.8739 | train det 0.0197 seg 0.0713 cnt 1.0083 | shared_pairs det_seg 112/288 det_cnt 97/288 seg_cnt 79/288 | scores det_seg 1.2066 det_cnt -0.2093 seg_cnt -1.3650
[stage2] epoch 9/50 step 4 | loss 2.0172 | train det 0.0184 seg 0.0822 cnt 1.0836 | shared_pairs det_seg 91/288 det_cnt 110/288 seg_cnt 87/288 | scores det_seg -3.0631 det_cnt -0.5542 seg_cnt -0.1055
[stage2] epoch 9/50 step 5 | loss 2.6969 | train det 0.0369 seg 0.0510 cnt 1.7354 | shared_pairs det_seg 102/288 det_cnt 101/288 seg_cnt 85/288 | scores det_seg -3.1475 det_cnt -1.9307 seg_cnt -0.1542
[stage2] epoch 9/50 step 6 | loss 2.7660 | train det 0.0203 seg 0.1000 cnt 1.6618 | shared_pairs det_seg 104/288 det_cnt 97/288 seg_cnt 87/288 | scores det_seg -1.5736 det_cnt -2.5542 seg_cnt 2.5111
[stage2] epoch 9/50 step 7 | loss 2.7989 | train det 0.0134 seg 0.0658 cnt 2.0719 | shared_pairs det_seg 91/288 det_cnt 108/288 seg_cnt 89/288 | scores det_seg -3.8342 det_cnt -2.0341 seg_cnt -0.9975
[stage2] epoch 9/50 step 8 | loss 2.0818 | train det 0.0204 seg 0.0457 cnt 1.4096 | shared_pairs det_seg 118/288 det_cnt 91/288 seg_cnt 79/288 | scores det_seg 3.2814 det_cnt -2.3189 seg_cnt 0.5134
[stage2] epoch 9/50 step 9 | loss 2.2499 | train det 0.0470 seg 0.0506 cnt 1.1405 | shared_pairs det_seg 105/288 det_cnt 90/288 seg_cnt 93/288 | scores det_seg -1.8207 det_cnt -4.6104 seg_cnt -0.7868
[stage2] epoch 9/50 step 10 | loss 5.3727 | train det 0.0510 seg 0.1869 cnt 3.1127 | shared_pairs det_seg 113/288 det_cnt 83/288 seg_cnt 92/288 | scores det_seg 0.8677 det_cnt -4.6831 seg_cnt -1.0700
[stage2] epoch 9/50 step 11 | loss 2.5245 | train det 0.0164 seg 0.0639 cnt 1.7669 | shared_pairs det_seg 112/288 det_cnt 88/288 seg_cnt 88/288 | scores det_seg 0.1130 det_cnt -2.3083 seg_cnt -1.8027
[stage2] epoch 9/50 step 12 | loss 2.4904 | train det 0.0414 seg 0.0677 cnt 1.3268 | shared_pairs det_seg 114/288 det_cnt 102/288 seg_cnt 72/288 | scores det_seg 2.5718 det_cnt 0.0885 seg_cnt 2.0949
[stage2] epoch 9/50 step 13 | loss 3.1849 | train det 0.0561 seg 0.0792 cnt 1.7093 | shared_pairs det_seg 117/288 det_cnt 93/288 seg_cnt 78/288 | scores det_seg 2.3394 det_cnt -0.1532 seg_cnt -1.2543
[stage2] epoch 9/50 step 14 | loss 1.6073 | train det 0.0088 seg 0.0948 cnt 0.7162 | shared_pairs det_seg 139/288 det_cnt 86/288 seg_cnt 63/288 | scores det_seg 1.6427 det_cnt 0.0152 seg_cnt -1.3044
[stage2] epoch 9/50 step 15 | loss 2.1158 | train det 0.0140 seg 0.1584 cnt 0.6391 | shared_pairs det_seg 105/288 det_cnt 111/288 seg_cnt 72/288 | scores det_seg -0.0762 det_cnt 2.6387 seg_cnt 1.5482
[stage2] epoch 9/50 step 16 | loss 3.3613 | train det 0.0402 seg 0.1020 cnt 1.9428 | shared_pairs det_seg 99/288 det_cnt 106/288 seg_cnt 83/288 | scores det_seg -2.3853 det_cnt 1.4498 seg_cnt 1.3219
[stage2] epoch 9/50 step 17 | loss 3.9431 | train det 0.0290 seg 0.2586 cnt 1.4397 | shared_pairs det_seg 93/288 det_cnt 117/288 seg_cnt 78/288 | scores det_seg -1.6048 det_cnt 3.0190 seg_cnt -0.7459
[stage2] epoch 9/50 step 18 | loss 2.2509 | train det 0.0549 seg 0.0936 cnt 0.6787 | shared_pairs det_seg 100/288 det_cnt 98/288 seg_cnt 90/288 | scores det_seg -4.3307 det_cnt 0.0302 seg_cnt -1.1379
[stage2] epoch 9/50 step 19 | loss 5.4505 | train det 0.0815 seg 0.0362 cnt 3.9385 | shared_pairs det_seg 114/288 det_cnt 89/288 seg_cnt 85/288 | scores det_seg -0.2407 det_cnt 3.6336 seg_cnt 2.3653
[stage2] epoch 9/50 step 20 | loss 3.0116 | train det 0.0290 seg 0.0961 cnt 1.8073 | shared_pairs det_seg 93/288 det_cnt 121/288 seg_cnt 74/288 | scores det_seg 2.9867 det_cnt 2.3325 seg_cnt -0.8350
[stage2] epoch 9/50 step 21 | loss 3.5155 | train det 0.0444 seg 0.0543 cnt 2.4143 | shared_pairs det_seg 93/288 det_cnt 106/288 seg_cnt 89/288 | scores det_seg -3.4710 det_cnt 3.1170 seg_cnt -0.7644
[stage2] epoch 9/50 step 22 | loss 2.5635 | train det 0.0134 seg 0.1756 cnt 0.9586 | shared_pairs det_seg 113/288 det_cnt 91/288 seg_cnt 84/288 | scores det_seg 0.2001 det_cnt 0.1401 seg_cnt -0.1768
[stage2] epoch 9/50 step 23 | loss 4.2097 | train det 0.0366 seg 0.2593 cnt 1.5860 | shared_pairs det_seg 95/288 det_cnt 106/288 seg_cnt 87/288 | scores det_seg -0.0692 det_cnt 2.8402 seg_cnt -0.6081
[stage2] epoch 9/50 step 24 | loss 3.5523 | train det 0.1110 seg 0.1449 cnt 0.7283 | shared_pairs det_seg 91/288 det_cnt 96/288 seg_cnt 101/288 | scores det_seg -1.9583 det_cnt 0.2270 seg_cnt 1.7072
[stage2] epoch 9/50 step 25 | loss 1.4629 | train det 0.0314 seg 0.0484 cnt 0.6050 | shared_pairs det_seg 112/288 det_cnt 101/288 seg_cnt 75/288 | scores det_seg 1.7785 det_cnt -2.5059 seg_cnt -1.1598
[stage2] epoch 9/50 step 26 | loss 3.6481 | train det 0.1629 seg 0.0551 cnt 0.7642 | shared_pairs det_seg 112/288 det_cnt 90/288 seg_cnt 86/288 | scores det_seg 0.7568 det_cnt 0.7862 seg_cnt 2.6044
[stage2] epoch 9/50 step 27 | loss 1.9095 | train det 0.0324 seg 0.0359 cnt 1.1360 | shared_pairs det_seg 116/288 det_cnt 91/288 seg_cnt 81/288 | scores det_seg -2.4119 det_cnt -3.0268 seg_cnt -1.4022
[stage2] epoch 9/50 step 28 | loss 2.9997 | train det 0.0767 seg 0.0610 cnt 1.3607 | shared_pairs det_seg 106/288 det_cnt 109/288 seg_cnt 73/288 | scores det_seg -2.8840 det_cnt -2.8927 seg_cnt -0.3171
[stage2] epoch 9/50 step 29 | loss 3.0348 | train det 0.0122 seg 0.0988 cnt 2.0615 | shared_pairs det_seg 115/288 det_cnt 88/288 seg_cnt 85/288 | scores det_seg 3.7654 det_cnt -1.4543 seg_cnt 0.7189
[stage2] epoch 9/50 step 30 | loss 2.6991 | train det 0.0349 seg 0.0505 cnt 1.7719 | shared_pairs det_seg 108/288 det_cnt 100/288 seg_cnt 80/288 | scores det_seg 1.9210 det_cnt 1.5492 seg_cnt 0.4665
[stage2] epoch 9/50 step 31 | loss 6.5200 | train det 0.2300 seg 0.1050 cnt 2.2293 | shared_pairs det_seg 112/288 det_cnt 93/288 seg_cnt 83/288 | scores det_seg -1.5512 det_cnt -6.4262 seg_cnt 2.1696
[stage2] epoch 9/50 step 32 | loss 3.1173 | train det 0.0627 seg 0.0579 cnt 1.7132 | shared_pairs det_seg 115/288 det_cnt 94/288 seg_cnt 79/288 | scores det_seg 1.2634 det_cnt -2.8345 seg_cnt -0.9903
[stage2] epoch 9/50 step 33 | loss 2.6537 | train det 0.0645 seg 0.0733 cnt 1.0996 | shared_pairs det_seg 110/288 det_cnt 89/288 seg_cnt 89/288 | scores det_seg -0.3207 det_cnt -2.1253 seg_cnt 0.0046
[stage2] epoch 9/50 step 34 | loss 3.8346 | train det 0.0194 seg 0.0734 cnt 2.9565 | shared_pairs det_seg 126/288 det_cnt 63/288 seg_cnt 99/288 | scores det_seg 2.5748 det_cnt -9.2597 seg_cnt 1.5009
[stage2] epoch 9/50 step 35 | loss 2.6250 | train det 0.0084 seg 0.0923 cnt 1.7612 | shared_pairs det_seg 120/288 det_cnt 84/288 seg_cnt 84/288 | scores det_seg 1.2710 det_cnt -1.2696 seg_cnt 0.9394
[stage2] epoch 9/50 step 36 | loss 3.2315 | train det 0.0677 seg 0.1010 cnt 1.4080 | shared_pairs det_seg 115/288 det_cnt 98/288 seg_cnt 75/288 | scores det_seg -1.8153 det_cnt -3.8915 seg_cnt -2.6558
[stage2] epoch 9/50 step 37 | loss 2.5257 | train det 0.0083 seg 0.1060 cnt 1.5530 | shared_pairs det_seg 103/288 det_cnt 97/288 seg_cnt 88/288 | scores det_seg 0.4452 det_cnt 4.1885 seg_cnt 0.0398
[stage2] epoch 9/50 step 38 | loss 1.7244 | train det 0.0272 seg 0.0914 cnt 0.5849 | shared_pairs det_seg 114/288 det_cnt 105/288 seg_cnt 69/288 | scores det_seg -1.1279 det_cnt -1.1275 seg_cnt -2.3867
[stage2] epoch 9/50 step 39 | loss 2.0697 | train det 0.0159 seg 0.1539 cnt 0.5995 | shared_pairs det_seg 113/288 det_cnt 101/288 seg_cnt 74/288 | scores det_seg 0.3896 det_cnt 2.6878 seg_cnt -1.0184
[stage2] epoch 9/50 step 40 | loss 2.5105 | train det 0.0246 seg 0.0629 cnt 1.6379 | shared_pairs det_seg 106/288 det_cnt 91/288 seg_cnt 91/288 | scores det_seg -0.5972 det_cnt -1.8128 seg_cnt 1.6051
[stage2] epoch 9/50 step 41 | loss 3.1523 | train det 0.0284 seg 0.1502 cnt 1.5247 | shared_pairs det_seg 105/288 det_cnt 96/288 seg_cnt 87/288 | scores det_seg -3.3704 det_cnt -2.2279 seg_cnt 0.4422
[stage2] epoch 9/50 step 42 | loss 1.2064 | train det 0.0206 seg 0.0504 cnt 0.4932 | shared_pairs det_seg 100/288 det_cnt 106/288 seg_cnt 82/288 | scores det_seg 0.4373 det_cnt 1.4804 seg_cnt 1.6411
[stage2] epoch 9/50 step 43 | loss 4.7237 | train det 0.0282 seg 0.1196 cnt 3.3442 | shared_pairs det_seg 117/288 det_cnt 103/288 seg_cnt 68/288 | scores det_seg -0.7215 det_cnt -0.6703 seg_cnt -4.5626
[stage2] epoch 9/50 | train 2.9010 | det 0.0419 seg 0.0958 cnt 1.5065 | selected_by_matrix_unit det_seg 4654 det_cnt 4181 seg_cnt 3549
[stage2] epoch 9 | val det 0.4527 seg 0.8697 miou 0.6584 cnt 3.3233 dens 8.287455e-01 mae 2.4945 total_mae 11.4505 | ap50 0.6667 | combo 1.725978
[stage2] epoch 10/50 step 1 | loss 2.4539 | train det 0.0083 seg 0.1205 cnt 1.3654 | shared_pairs det_seg 114/288 det_cnt 90/288 seg_cnt 84/288 | scores det_seg 3.8913 det_cnt -2.5300 seg_cnt 2.8206
[stage2] epoch 10/50 step 2 | loss 2.6439 | train det 0.0123 seg 0.0887 cnt 1.7506 | shared_pairs det_seg 106/288 det_cnt 100/288 seg_cnt 82/288 | scores det_seg -3.1865 det_cnt -1.9279 seg_cnt -1.6849
[stage2] epoch 10/50 step 3 | loss 1.3482 | train det 0.0238 seg 0.0251 cnt 0.7906 | shared_pairs det_seg 123/288 det_cnt 94/288 seg_cnt 71/288 | scores det_seg 3.0908 det_cnt -2.6777 seg_cnt -5.2465
[stage2] epoch 10/50 step 4 | loss 2.0931 | train det 0.0182 seg 0.0452 cnt 1.4591 | shared_pairs det_seg 113/288 det_cnt 88/288 seg_cnt 87/288 | scores det_seg -3.2044 det_cnt -1.3319 seg_cnt 2.7983
[stage2] epoch 10/50 step 5 | loss 2.5878 | train det 0.0134 seg 0.0708 cnt 1.8205 | shared_pairs det_seg 117/288 det_cnt 81/288 seg_cnt 90/288 | scores det_seg -1.9012 det_cnt -8.1919 seg_cnt 2.9897
[stage2] epoch 10/50 step 6 | loss 1.9154 | train det 0.0093 seg 0.1152 cnt 0.8544 | shared_pairs det_seg 109/288 det_cnt 99/288 seg_cnt 80/288 | scores det_seg 0.7738 det_cnt -1.2770 seg_cnt 2.8375
[stage2] epoch 10/50 step 7 | loss 4.7801 | train det 0.0431 seg 0.1335 cnt 3.0652 | shared_pairs det_seg 92/288 det_cnt 123/288 seg_cnt 73/288 | scores det_seg 0.1579 det_cnt 3.7367 seg_cnt -3.4734
[stage2] epoch 10/50 step 8 | loss 3.7473 | train det 0.0727 seg 0.1872 cnt 1.1590 | shared_pairs det_seg 103/288 det_cnt 100/288 seg_cnt 85/288 | scores det_seg 0.8278 det_cnt 1.5858 seg_cnt 1.0143
[stage2] epoch 10/50 step 9 | loss 5.3027 | train det 0.0427 seg 0.2207 cnt 2.8968 | shared_pairs det_seg 99/288 det_cnt 105/288 seg_cnt 84/288 | scores det_seg -0.8688 det_cnt -0.4124 seg_cnt -0.1421
[stage2] epoch 10/50 step 10 | loss 4.5780 | train det 0.0539 seg 0.1197 cnt 2.8116 | shared_pairs det_seg 120/288 det_cnt 93/288 seg_cnt 75/288 | scores det_seg 0.3261 det_cnt 1.4847 seg_cnt 0.4120
[stage2] epoch 10/50 step 11 | loss 5.2717 | train det 0.0365 seg 0.0931 cnt 3.9797 | shared_pairs det_seg 113/288 det_cnt 94/288 seg_cnt 81/288 | scores det_seg 1.6708 det_cnt -2.0757 seg_cnt -2.1303
[stage2] epoch 10/50 step 12 | loss 3.7024 | train det 0.0396 seg 0.1072 cnt 2.2513 | shared_pairs det_seg 108/288 det_cnt 92/288 seg_cnt 88/288 | scores det_seg -0.1847 det_cnt -2.1585 seg_cnt 0.5638
[stage2] epoch 10/50 step 13 | loss 2.9077 | train det 0.0636 seg 0.0404 cnt 1.6302 | shared_pairs det_seg 123/288 det_cnt 85/288 seg_cnt 80/288 | scores det_seg 3.7329 det_cnt 2.1408 seg_cnt -1.0402
[stage2] epoch 10/50 step 14 | loss 3.1658 | train det 0.0219 seg 0.1275 cnt 1.8177 | shared_pairs det_seg 95/288 det_cnt 94/288 seg_cnt 99/288 | scores det_seg -1.5133 det_cnt -0.4980 seg_cnt 4.4880
[stage2] epoch 10/50 step 15 | loss 3.3128 | train det 0.0224 seg 0.1467 cnt 1.8031 | shared_pairs det_seg 99/288 det_cnt 94/288 seg_cnt 95/288 | scores det_seg 2.8439 det_cnt 1.1606 seg_cnt 1.9053
[stage2] epoch 10/50 step 16 | loss 1.7834 | train det 0.0385 seg 0.0666 cnt 0.6735 | shared_pairs det_seg 105/288 det_cnt 102/288 seg_cnt 81/288 | scores det_seg 1.4460 det_cnt 1.5210 seg_cnt -0.7330
[stage2] epoch 10/50 step 17 | loss 3.4413 | train det 0.0435 seg 0.1763 cnt 1.3788 | shared_pairs det_seg 114/288 det_cnt 110/288 seg_cnt 64/288 | scores det_seg -1.2582 det_cnt 1.8580 seg_cnt -1.9739
[stage2] epoch 10/50 step 18 | loss 3.2452 | train det 0.1177 seg 0.1029 cnt 0.6566 | shared_pairs det_seg 100/288 det_cnt 108/288 seg_cnt 80/288 | scores det_seg -0.4074 det_cnt 0.1909 seg_cnt -2.1620
[stage2] epoch 10/50 step 19 | loss 4.0940 | train det 0.0502 seg 0.2347 cnt 1.4627 | shared_pairs det_seg 98/288 det_cnt 111/288 seg_cnt 79/288 | scores det_seg 1.3793 det_cnt 3.3139 seg_cnt -0.9723
[stage2] epoch 10/50 step 20 | loss 3.6166 | train det 0.0610 seg 0.1235 cnt 1.7136 | shared_pairs det_seg 112/288 det_cnt 92/288 seg_cnt 84/288 | scores det_seg -2.8916 det_cnt -3.0564 seg_cnt -5.5513
[stage2] epoch 10/50 step 21 | loss 3.4628 | train det 0.0987 seg 0.1417 cnt 0.8477 | shared_pairs det_seg 125/288 det_cnt 87/288 seg_cnt 76/288 | scores det_seg 3.0966 det_cnt -0.6990 seg_cnt 3.8038
[stage2] epoch 10/50 step 22 | loss 1.9724 | train det 0.0371 seg 0.0850 cnt 0.7356 | shared_pairs det_seg 94/288 det_cnt 104/288 seg_cnt 90/288 | scores det_seg 0.1195 det_cnt 0.2141 seg_cnt 0.8560
[stage2] epoch 10/50 step 23 | loss 4.2794 | train det 0.0200 seg 0.1566 cnt 2.7264 | shared_pairs det_seg 105/288 det_cnt 108/288 seg_cnt 75/288 | scores det_seg -2.5115 det_cnt -0.1281 seg_cnt -0.5322
[stage2] epoch 10/50 step 24 | loss 2.4400 | train det 0.0123 seg 0.1154 cnt 1.3325 | shared_pairs det_seg 99/288 det_cnt 111/288 seg_cnt 78/288 | scores det_seg -2.6411 det_cnt 2.3816 seg_cnt 0.4912
[stage2] epoch 10/50 step 25 | loss 2.9363 | train det 0.0306 seg 0.1157 cnt 1.5510 | shared_pairs det_seg 104/288 det_cnt 94/288 seg_cnt 90/288 | scores det_seg 1.7151 det_cnt 0.2249 seg_cnt 4.1746
[stage2] epoch 10/50 step 26 | loss 3.7372 | train det 0.0503 seg 0.1017 cnt 2.1690 | shared_pairs det_seg 99/288 det_cnt 112/288 seg_cnt 77/288 | scores det_seg -2.9413 det_cnt 0.7930 seg_cnt -0.7267
[stage2] epoch 10/50 step 27 | loss 2.0144 | train det 0.0305 seg 0.0891 cnt 0.8445 | shared_pairs det_seg 100/288 det_cnt 116/288 seg_cnt 72/288 | scores det_seg -1.8114 det_cnt 2.8782 seg_cnt -2.4650
[stage2] epoch 10/50 step 28 | loss 2.8108 | train det 0.0329 seg 0.0618 cnt 1.8224 | shared_pairs det_seg 102/288 det_cnt 98/288 seg_cnt 88/288 | scores det_seg -0.0796 det_cnt 0.2652 seg_cnt -1.9683
[stage2] epoch 10/50 step 29 | loss 2.3647 | train det 0.0098 seg 0.0640 cnt 1.7058 | shared_pairs det_seg 111/288 det_cnt 95/288 seg_cnt 82/288 | scores det_seg 0.2858 det_cnt -2.7951 seg_cnt -0.6136
[stage2] epoch 10/50 step 30 | loss 2.2914 | train det 0.0604 seg 0.0876 cnt 0.6854 | shared_pairs det_seg 108/288 det_cnt 101/288 seg_cnt 79/288 | scores det_seg -1.4624 det_cnt -1.3238 seg_cnt 1.0653
[stage2] epoch 10/50 step 31 | loss 4.2596 | train det 0.0202 seg 0.1211 cnt 2.9880 | shared_pairs det_seg 100/288 det_cnt 106/288 seg_cnt 82/288 | scores det_seg -1.9305 det_cnt 3.1780 seg_cnt -1.7359
[stage2] epoch 10/50 step 32 | loss 2.4007 | train det 0.0252 seg 0.0795 cnt 1.3863 | shared_pairs det_seg 115/288 det_cnt 95/288 seg_cnt 78/288 | scores det_seg -1.4167 det_cnt -2.7788 seg_cnt 1.1757
[stage2] epoch 10/50 step 33 | loss 4.7680 | train det 0.0789 seg 0.0715 cnt 3.0127 | shared_pairs det_seg 119/288 det_cnt 86/288 seg_cnt 83/288 | scores det_seg 1.0189 det_cnt -1.1434 seg_cnt 2.8537
[stage2] epoch 10/50 step 34 | loss 4.3263 | train det 0.0398 seg 0.1209 cnt 2.7624 | shared_pairs det_seg 107/288 det_cnt 92/288 seg_cnt 89/288 | scores det_seg 0.5073 det_cnt -0.2876 seg_cnt 3.5430
[stage2] epoch 10/50 step 35 | loss 4.3330 | train det 0.0254 seg 0.0717 cnt 3.3788 | shared_pairs det_seg 99/288 det_cnt 116/288 seg_cnt 73/288 | scores det_seg 0.0589 det_cnt 0.6280 seg_cnt -2.5731
[stage2] epoch 10/50 step 36 | loss 2.9098 | train det 0.0088 seg 0.0765 cnt 2.1666 | shared_pairs det_seg 110/288 det_cnt 93/288 seg_cnt 85/288 | scores det_seg 0.3960 det_cnt 2.0806 seg_cnt 0.1115
[stage2] epoch 10/50 step 37 | loss 2.4480 | train det 0.0140 seg 0.1354 cnt 1.1542 | shared_pairs det_seg 105/288 det_cnt 91/288 seg_cnt 92/288 | scores det_seg 1.0022 det_cnt -1.6960 seg_cnt 3.5465
[stage2] epoch 10/50 step 38 | loss 2.8230 | train det 0.0167 seg 0.0837 cnt 1.9022 | shared_pairs det_seg 104/288 det_cnt 109/288 seg_cnt 75/288 | scores det_seg -0.8469 det_cnt 2.8034 seg_cnt -1.7252
[stage2] epoch 10/50 step 39 | loss 3.8312 | train det 0.0189 seg 0.1847 cnt 2.0701 | shared_pairs det_seg 92/288 det_cnt 106/288 seg_cnt 90/288 | scores det_seg 4.7900 det_cnt 2.4903 seg_cnt 3.6414
[stage2] epoch 10/50 step 40 | loss 1.5441 | train det 0.0223 seg 0.0773 cnt 0.5907 | shared_pairs det_seg 116/288 det_cnt 100/288 seg_cnt 72/288 | scores det_seg -1.3385 det_cnt -2.0005 seg_cnt -3.2900
[stage2] epoch 10/50 step 41 | loss 2.6416 | train det 0.0163 seg 0.1091 cnt 1.5246 | shared_pairs det_seg 108/288 det_cnt 79/288 seg_cnt 101/288 | scores det_seg 0.0366 det_cnt -4.9055 seg_cnt 4.8825
[stage2] epoch 10/50 step 42 | loss 1.3029 | train det 0.0059 seg 0.0714 cnt 0.6434 | shared_pairs det_seg 101/288 det_cnt 106/288 seg_cnt 81/288 | scores det_seg 2.5811 det_cnt -1.7856 seg_cnt 0.3810
[stage2] epoch 10/50 step 43 | loss 3.2767 | train det 0.0428 seg 0.1315 cnt 1.5836 | shared_pairs det_seg 97/288 det_cnt 99/288 seg_cnt 92/288 | scores det_seg -3.3601 det_cnt -1.0778 seg_cnt -0.5980
[stage2] epoch 10/50 | train 3.1434 | det 0.0351 seg 0.1093 cnt 1.7424 | selected_by_matrix_unit det_seg 4583 det_cnt 4259 seg_cnt 3542
[stage2] epoch 10 | val det 0.4528 seg 0.8703 miou 0.6588 cnt 3.3426 dens 8.303479e-01 mae 2.5123 total_mae 12.3127 | ap50 0.6646 | combo 1.721462
[stage2] epoch 11/50 step 1 | loss 4.3722 | train det 0.0690 seg 0.1386 cnt 2.2282 | shared_pairs det_seg 103/288 det_cnt 103/288 seg_cnt 82/288 | scores det_seg 0.1092 det_cnt -3.2455 seg_cnt -1.5781
[stage2] epoch 11/50 step 2 | loss 2.1909 | train det 0.0043 seg 0.1078 cnt 1.2645 | shared_pairs det_seg 121/288 det_cnt 69/288 seg_cnt 98/288 | scores det_seg 2.7099 det_cnt -4.4910 seg_cnt 5.0286
[stage2] epoch 11/50 step 3 | loss 3.3696 | train det 0.1009 seg 0.1128 cnt 0.9529 | shared_pairs det_seg 113/288 det_cnt 86/288 seg_cnt 89/288 | scores det_seg 1.6648 det_cnt -0.8214 seg_cnt 1.6123
[stage2] epoch 11/50 step 4 | loss 4.5971 | train det 0.0282 seg 0.0844 cnt 3.4982 | shared_pairs det_seg 115/288 det_cnt 98/288 seg_cnt 75/288 | scores det_seg 1.5645 det_cnt -0.5868 seg_cnt -1.4499
[stage2] epoch 11/50 step 5 | loss 2.9197 | train det 0.0566 seg 0.1302 cnt 1.0293 | shared_pairs det_seg 105/288 det_cnt 112/288 seg_cnt 71/288 | scores det_seg 0.9050 det_cnt -1.4445 seg_cnt -3.3615
[stage2] epoch 11/50 step 6 | loss 6.3904 | train det 0.2117 seg 0.2494 cnt 1.2196 | shared_pairs det_seg 101/288 det_cnt 91/288 seg_cnt 96/288 | scores det_seg 0.4491 det_cnt -5.3289 seg_cnt -0.0007
[stage2] epoch 11/50 step 7 | loss 3.0907 | train det 0.0308 seg 0.1190 cnt 1.6775 | shared_pairs det_seg 105/288 det_cnt 93/288 seg_cnt 90/288 | scores det_seg 0.3015 det_cnt -0.8485 seg_cnt 2.7031
[stage2] epoch 11/50 step 8 | loss 4.5004 | train det 0.1654 seg 0.1413 cnt 0.8890 | shared_pairs det_seg 117/288 det_cnt 99/288 seg_cnt 72/288 | scores det_seg -0.7454 det_cnt 0.1448 seg_cnt -3.6656
[stage2] epoch 11/50 step 9 | loss 10.3263 | train det 0.3270 seg 0.1699 cnt 4.0620 | shared_pairs det_seg 92/288 det_cnt 109/288 seg_cnt 87/288 | scores det_seg -0.8890 det_cnt 4.7441 seg_cnt -2.0095
[stage2] epoch 11/50 step 10 | loss 3.8161 | train det 0.0294 seg 0.0904 cnt 2.6522 | shared_pairs det_seg 125/288 det_cnt 84/288 seg_cnt 79/288 | scores det_seg -0.2554 det_cnt -4.5342 seg_cnt -4.7010
[stage2] epoch 11/50 step 11 | loss 4.2595 | train det 0.0730 seg 0.1138 cnt 2.2544 | shared_pairs det_seg 104/288 det_cnt 110/288 seg_cnt 74/288 | scores det_seg -0.4696 det_cnt -0.6138 seg_cnt -1.6883
[stage2] epoch 11/50 step 12 | loss 3.1501 | train det 0.0292 seg 0.1869 cnt 1.2169 | shared_pairs det_seg 116/288 det_cnt 95/288 seg_cnt 77/288 | scores det_seg 3.5937 det_cnt -0.2447 seg_cnt 0.0765
[stage2] epoch 11/50 step 13 | loss 1.9332 | train det 0.0394 seg 0.0730 cnt 0.7578 | shared_pairs det_seg 98/288 det_cnt 113/288 seg_cnt 77/288 | scores det_seg -0.7459 det_cnt 3.0703 seg_cnt -3.5899
[stage2] epoch 11/50 step 14 | loss 2.4060 | train det 0.0106 seg 0.1085 cnt 1.3792 | shared_pairs det_seg 105/288 det_cnt 109/288 seg_cnt 74/288 | scores det_seg -0.7421 det_cnt -1.7470 seg_cnt 0.4998
[stage2] epoch 11/50 step 15 | loss 3.5063 | train det 0.0204 seg 0.1418 cnt 2.0652 | shared_pairs det_seg 95/288 det_cnt 112/288 seg_cnt 81/288 | scores det_seg 1.0365 det_cnt 2.4301 seg_cnt 0.9010
[stage2] epoch 11/50 step 16 | loss 2.9228 | train det 0.0858 seg 0.0662 cnt 1.1061 | shared_pairs det_seg 111/288 det_cnt 97/288 seg_cnt 80/288 | scores det_seg 1.6271 det_cnt 3.1449 seg_cnt 1.5550
[stage2] epoch 11/50 step 17 | loss 5.7203 | train det 0.0292 seg 0.0855 cnt 4.5988 | shared_pairs det_seg 115/288 det_cnt 89/288 seg_cnt 84/288 | scores det_seg -0.2215 det_cnt -0.5640 seg_cnt 2.3038
[stage2] epoch 11/50 step 18 | loss 3.5843 | train det 0.0389 seg 0.0595 cnt 2.5258 | shared_pairs det_seg 115/288 det_cnt 100/288 seg_cnt 73/288 | scores det_seg -0.9734 det_cnt -0.5713 seg_cnt -3.9608
[stage2] epoch 11/50 step 19 | loss 2.6126 | train det 0.0512 seg 0.0613 cnt 1.3542 | shared_pairs det_seg 117/288 det_cnt 94/288 seg_cnt 77/288 | scores det_seg 3.0565 det_cnt 2.0059 seg_cnt 2.0221
[stage2] epoch 11/50 step 20 | loss 1.4770 | train det 0.0133 seg 0.0300 cnt 1.0365 | shared_pairs det_seg 116/288 det_cnt 98/288 seg_cnt 74/288 | scores det_seg 0.1102 det_cnt -0.1098 seg_cnt -3.2273
[stage2] epoch 11/50 step 21 | loss 5.3276 | train det 0.1124 seg 0.1379 cnt 2.5388 | shared_pairs det_seg 120/288 det_cnt 98/288 seg_cnt 70/288 | scores det_seg -0.6450 det_cnt -2.5778 seg_cnt -2.4078
[stage2] epoch 11/50 step 22 | loss 4.5560 | train det 0.1526 seg 0.1819 cnt 0.8121 | shared_pairs det_seg 115/288 det_cnt 94/288 seg_cnt 79/288 | scores det_seg 4.7355 det_cnt 0.0984 seg_cnt 0.7451
[stage2] epoch 11/50 step 23 | loss 4.5948 | train det 0.0154 seg 0.1733 cnt 2.9776 | shared_pairs det_seg 128/288 det_cnt 101/288 seg_cnt 59/288 | scores det_seg 3.2962 det_cnt -3.9130 seg_cnt -1.9038
[stage2] epoch 11/50 step 24 | loss 1.8271 | train det 0.0203 seg 0.1080 cnt 0.6590 | shared_pairs det_seg 94/288 det_cnt 107/288 seg_cnt 87/288 | scores det_seg -1.3244 det_cnt 2.2473 seg_cnt 0.3796
[stage2] epoch 11/50 step 25 | loss 3.5483 | train det 0.0070 seg 0.1367 cnt 2.3498 | shared_pairs det_seg 93/288 det_cnt 107/288 seg_cnt 88/288 | scores det_seg 0.2501 det_cnt 2.4668 seg_cnt 3.7456
[stage2] epoch 11/50 step 26 | loss 3.1933 | train det 0.0911 seg 0.1378 cnt 0.7243 | shared_pairs det_seg 113/288 det_cnt 85/288 seg_cnt 90/288 | scores det_seg 2.0703 det_cnt -0.5574 seg_cnt 1.7175
[stage2] epoch 11/50 step 27 | loss 2.4753 | train det 0.0713 seg 0.0669 cnt 0.8712 | shared_pairs det_seg 109/288 det_cnt 96/288 seg_cnt 83/288 | scores det_seg -0.9411 det_cnt 1.5426 seg_cnt -0.4387
[stage2] epoch 11/50 step 28 | loss 4.7274 | train det 0.0450 seg 0.1524 cnt 2.8329 | shared_pairs det_seg 115/288 det_cnt 96/288 seg_cnt 77/288 | scores det_seg 1.5110 det_cnt -2.7483 seg_cnt 1.7066
[stage2] epoch 11/50 step 29 | loss 3.4222 | train det 0.1016 seg 0.1037 cnt 1.0690 | shared_pairs det_seg 102/288 det_cnt 120/288 seg_cnt 66/288 | scores det_seg -0.0788 det_cnt 2.5736 seg_cnt -4.0631
[stage2] epoch 11/50 step 30 | loss 3.5703 | train det 0.0525 seg 0.2031 cnt 1.1585 | shared_pairs det_seg 122/288 det_cnt 93/288 seg_cnt 73/288 | scores det_seg 1.7580 det_cnt -1.3899 seg_cnt -2.2653
[stage2] epoch 11/50 step 31 | loss 3.4063 | train det 0.0621 seg 0.1245 cnt 1.4786 | shared_pairs det_seg 98/288 det_cnt 114/288 seg_cnt 76/288 | scores det_seg 0.3093 det_cnt 1.5391 seg_cnt -4.9027
[stage2] epoch 11/50 step 32 | loss 3.4368 | train det 0.0204 seg 0.2786 cnt 0.9028 | shared_pairs det_seg 102/288 det_cnt 98/288 seg_cnt 88/288 | scores det_seg -3.4317 det_cnt 2.2572 seg_cnt -2.1753
[stage2] epoch 11/50 step 33 | loss 4.0600 | train det 0.0229 seg 0.1535 cnt 2.4881 | shared_pairs det_seg 124/288 det_cnt 82/288 seg_cnt 82/288 | scores det_seg 1.8188 det_cnt -5.2855 seg_cnt 2.4814
[stage2] epoch 11/50 step 34 | loss 3.0995 | train det 0.0345 seg 0.1068 cnt 1.7275 | shared_pairs det_seg 110/288 det_cnt 85/288 seg_cnt 93/288 | scores det_seg 3.0339 det_cnt 1.8912 seg_cnt 3.4959
[stage2] epoch 11/50 step 35 | loss 2.8699 | train det 0.0320 seg 0.1339 cnt 1.3189 | shared_pairs det_seg 109/288 det_cnt 111/288 seg_cnt 68/288 | scores det_seg -0.7292 det_cnt 2.2362 seg_cnt -1.1697
[stage2] epoch 11/50 step 36 | loss 2.9675 | train det 0.0795 seg 0.0567 cnt 1.3213 | shared_pairs det_seg 112/288 det_cnt 104/288 seg_cnt 72/288 | scores det_seg -0.1828 det_cnt 0.1237 seg_cnt -2.0187
[stage2] epoch 11/50 step 37 | loss 2.5272 | train det 0.0556 seg 0.1219 cnt 0.7187 | shared_pairs det_seg 113/288 det_cnt 97/288 seg_cnt 78/288 | scores det_seg 0.6145 det_cnt -4.4017 seg_cnt -3.5724
[stage2] epoch 11/50 step 38 | loss 2.5797 | train det 0.0039 seg 0.1654 cnt 1.1977 | shared_pairs det_seg 99/288 det_cnt 89/288 seg_cnt 100/288 | scores det_seg -0.1072 det_cnt -0.6612 seg_cnt 1.7821
[stage2] epoch 11/50 step 39 | loss 4.0725 | train det 0.1023 seg 0.0818 cnt 1.8830 | shared_pairs det_seg 107/288 det_cnt 98/288 seg_cnt 83/288 | scores det_seg -0.3962 det_cnt -0.3470 seg_cnt -2.3332
[stage2] epoch 11/50 step 40 | loss 3.5151 | train det 0.0381 seg 0.2523 cnt 0.9254 | shared_pairs det_seg 102/288 det_cnt 96/288 seg_cnt 90/288 | scores det_seg -0.8730 det_cnt -2.6662 seg_cnt 2.0907
[stage2] epoch 11/50 step 41 | loss 5.8767 | train det 0.0707 seg 0.1286 cnt 3.7882 | shared_pairs det_seg 101/288 det_cnt 93/288 seg_cnt 94/288 | scores det_seg 2.6459 det_cnt -1.1380 seg_cnt 3.7780
[stage2] epoch 11/50 step 42 | loss 6.4149 | train det 0.2226 seg 0.1017 cnt 2.2622 | shared_pairs det_seg 120/288 det_cnt 96/288 seg_cnt 72/288 | scores det_seg 0.4136 det_cnt 2.7615 seg_cnt -2.1352
[stage2] epoch 11/50 step 43 | loss 1.8772 | train det 0.0349 seg 0.0227 cnt 1.1727 | shared_pairs det_seg 113/288 det_cnt 92/288 seg_cnt 83/288 | scores det_seg -0.0889 det_cnt -2.5386 seg_cnt 0.9899
[stage2] epoch 11/50 | train 3.7463 | det 0.0666 seg 0.1256 cnt 1.7429 | selected_by_matrix_unit det_seg 4710 det_cnt 4213 seg_cnt 3461
[stage2] epoch 11 | val det 0.4533 seg 0.8706 miou 0.6589 cnt 3.3092 dens 8.285075e-01 mae 2.4807 total_mae 11.4855 | ap50 0.6634 | combo 1.725374
[stage2] epoch 12/50 step 1 | loss 3.2514 | train det 0.0215 seg 0.1152 cnt 2.0074 | shared_pairs det_seg 107/288 det_cnt 88/288 seg_cnt 93/288 | scores det_seg 2.2803 det_cnt -3.1830 seg_cnt 1.2132
[stage2] epoch 12/50 step 2 | loss 5.7431 | train det 0.2260 seg 0.1003 cnt 1.5503 | shared_pairs det_seg 86/288 det_cnt 110/288 seg_cnt 92/288 | scores det_seg -3.6888 det_cnt 1.4816 seg_cnt 1.6783
[stage2] epoch 12/50 step 3 | loss 2.9693 | train det 0.0124 seg 0.0695 cnt 2.2274 | shared_pairs det_seg 114/288 det_cnt 100/288 seg_cnt 74/288 | scores det_seg -0.2810 det_cnt -2.6806 seg_cnt -0.9172
[stage2] epoch 12/50 step 4 | loss 2.8733 | train det 0.0203 seg 0.0876 cnt 1.8680 | shared_pairs det_seg 123/288 det_cnt 92/288 seg_cnt 73/288 | scores det_seg 0.4004 det_cnt -0.1083 seg_cnt -4.4790
[stage2] epoch 12/50 step 5 | loss 3.9341 | train det 0.0212 seg 0.1126 cnt 2.7150 | shared_pairs det_seg 93/288 det_cnt 99/288 seg_cnt 96/288 | scores det_seg 0.8178 det_cnt 4.1649 seg_cnt 4.7785
[stage2] epoch 12/50 step 6 | loss 2.2422 | train det 0.0430 seg 0.0721 cnt 1.0204 | shared_pairs det_seg 77/288 det_cnt 126/288 seg_cnt 85/288 | scores det_seg -1.3517 det_cnt 4.5027 seg_cnt -1.9737
[stage2] epoch 12/50 step 7 | loss 2.7798 | train det 0.0193 seg 0.1228 cnt 1.5076 | shared_pairs det_seg 114/288 det_cnt 88/288 seg_cnt 86/288 | scores det_seg 6.7308 det_cnt 0.0572 seg_cnt 1.6798
[stage2] epoch 12/50 step 8 | loss 1.6887 | train det 0.0250 seg 0.0919 cnt 0.5780 | shared_pairs det_seg 94/288 det_cnt 112/288 seg_cnt 82/288 | scores det_seg 0.7611 det_cnt 1.1053 seg_cnt 2.7639
[stage2] epoch 12/50 step 9 | loss 2.3170 | train det 0.0533 seg 0.0607 cnt 1.0325 | shared_pairs det_seg 108/288 det_cnt 103/288 seg_cnt 77/288 | scores det_seg 0.9810 det_cnt 1.3648 seg_cnt 0.9503
[stage2] epoch 12/50 step 10 | loss 3.2697 | train det 0.0134 seg 0.1595 cnt 1.7919 | shared_pairs det_seg 112/288 det_cnt 107/288 seg_cnt 69/288 | scores det_seg 3.9266 det_cnt -0.1717 seg_cnt -0.8895
[stage2] epoch 12/50 step 11 | loss 1.8969 | train det 0.0373 seg 0.1263 cnt 0.3264 | shared_pairs det_seg 108/288 det_cnt 111/288 seg_cnt 69/288 | scores det_seg 1.6619 det_cnt 2.3725 seg_cnt -1.5894
[stage2] epoch 12/50 step 12 | loss 1.5620 | train det 0.0096 seg 0.0798 cnt 0.7790 | shared_pairs det_seg 113/288 det_cnt 97/288 seg_cnt 78/288 | scores det_seg 3.2393 det_cnt 1.4133 seg_cnt 3.5966
[stage2] epoch 12/50 step 13 | loss 4.9144 | train det 0.1476 seg 0.0732 cnt 2.1145 | shared_pairs det_seg 103/288 det_cnt 99/288 seg_cnt 86/288 | scores det_seg 1.5590 det_cnt -0.5616 seg_cnt 1.0101
[stage2] epoch 12/50 step 14 | loss 1.6165 | train det 0.0190 seg 0.1036 cnt 0.5028 | shared_pairs det_seg 109/288 det_cnt 105/288 seg_cnt 74/288 | scores det_seg -3.1593 det_cnt -0.9993 seg_cnt 0.7524
[stage2] epoch 12/50 step 15 | loss 3.2582 | train det 0.0314 seg 0.0882 cnt 2.0816 | shared_pairs det_seg 99/288 det_cnt 111/288 seg_cnt 78/288 | scores det_seg 0.1462 det_cnt 4.3634 seg_cnt -1.1173
[stage2] epoch 12/50 step 16 | loss 4.0693 | train det 0.1229 seg 0.0980 cnt 1.4421 | shared_pairs det_seg 94/288 det_cnt 111/288 seg_cnt 83/288 | scores det_seg -0.4631 det_cnt 5.8893 seg_cnt 2.3802
[stage2] epoch 12/50 step 17 | loss 2.3273 | train det 0.0249 seg 0.0922 cnt 1.2164 | shared_pairs det_seg 89/288 det_cnt 103/288 seg_cnt 96/288 | scores det_seg -1.3668 det_cnt 2.7607 seg_cnt 4.6661
[stage2] epoch 12/50 step 18 | loss 6.0916 | train det 0.0327 seg 0.0338 cnt 5.3309 | shared_pairs det_seg 85/288 det_cnt 114/288 seg_cnt 89/288 | scores det_seg 1.8947 det_cnt 6.1733 seg_cnt 7.3055
[stage2] epoch 12/50 step 19 | loss 1.8331 | train det 0.0335 seg 0.0612 cnt 0.8409 | shared_pairs det_seg 96/288 det_cnt 108/288 seg_cnt 84/288 | scores det_seg -1.8409 det_cnt -3.1562 seg_cnt 0.8176
[stage2] epoch 12/50 step 20 | loss 1.5397 | train det 0.0104 seg 0.0880 cnt 0.6803 | shared_pairs det_seg 104/288 det_cnt 108/288 seg_cnt 76/288 | scores det_seg -1.0000 det_cnt 0.7912 seg_cnt -3.6189
[stage2] epoch 12/50 step 21 | loss 3.1770 | train det 0.0968 seg 0.1061 cnt 0.8772 | shared_pairs det_seg 114/288 det_cnt 96/288 seg_cnt 78/288 | scores det_seg 1.8378 det_cnt 2.1664 seg_cnt 0.5177
[stage2] epoch 12/50 step 22 | loss 5.1356 | train det 0.0831 seg 0.0703 cnt 3.3261 | shared_pairs det_seg 102/288 det_cnt 110/288 seg_cnt 76/288 | scores det_seg -1.1574 det_cnt 2.9093 seg_cnt 0.2475
[stage2] epoch 12/50 step 23 | loss 5.7630 | train det 0.0523 seg 0.0486 cnt 4.5893 | shared_pairs det_seg 110/288 det_cnt 81/288 seg_cnt 97/288 | scores det_seg 4.7759 det_cnt -3.5811 seg_cnt 0.2180
[stage2] epoch 12/50 step 24 | loss 6.4672 | train det 0.1938 seg 0.2725 cnt 1.3802 | shared_pairs det_seg 84/288 det_cnt 106/288 seg_cnt 98/288 | scores det_seg -3.3451 det_cnt -0.1937 seg_cnt 5.3857
[stage2] epoch 12/50 step 25 | loss 2.8694 | train det 0.0160 seg 0.0709 cnt 2.0615 | shared_pairs det_seg 114/288 det_cnt 98/288 seg_cnt 76/288 | scores det_seg 1.3658 det_cnt -1.4080 seg_cnt -2.7700
[stage2] epoch 12/50 step 26 | loss 3.5123 | train det 0.0299 seg 0.1814 cnt 1.6122 | shared_pairs det_seg 101/288 det_cnt 111/288 seg_cnt 76/288 | scores det_seg 3.3364 det_cnt 1.8072 seg_cnt -0.6561
[stage2] epoch 12/50 step 27 | loss 3.8919 | train det 0.0338 seg 0.1165 cnt 2.4537 | shared_pairs det_seg 106/288 det_cnt 103/288 seg_cnt 79/288 | scores det_seg 1.6322 det_cnt -1.1310 seg_cnt 0.1690
[stage2] epoch 12/50 step 28 | loss 3.4335 | train det 0.0551 seg 0.0764 cnt 1.9965 | shared_pairs det_seg 96/288 det_cnt 121/288 seg_cnt 71/288 | scores det_seg -2.8130 det_cnt 4.2634 seg_cnt -2.3527
[stage2] epoch 12/50 step 29 | loss 5.1707 | train det 0.0935 seg 0.1440 cnt 2.6173 | shared_pairs det_seg 104/288 det_cnt 101/288 seg_cnt 83/288 | scores det_seg -1.4461 det_cnt 0.0374 seg_cnt -0.8249
[stage2] epoch 12/50 step 30 | loss 1.7072 | train det 0.0177 seg 0.0734 cnt 0.8540 | shared_pairs det_seg 102/288 det_cnt 104/288 seg_cnt 82/288 | scores det_seg -1.8986 det_cnt 1.3555 seg_cnt 2.4411
[stage2] epoch 12/50 step 31 | loss 2.6269 | train det 0.0585 seg 0.0869 cnt 1.0542 | shared_pairs det_seg 84/288 det_cnt 110/288 seg_cnt 94/288 | scores det_seg -1.4387 det_cnt 2.3507 seg_cnt 5.0632
[stage2] epoch 12/50 step 32 | loss 3.7858 | train det 0.1685 seg 0.0853 cnt 0.5757 | shared_pairs det_seg 94/288 det_cnt 97/288 seg_cnt 97/288 | scores det_seg -3.1095 det_cnt -1.8877 seg_cnt 2.1530
[stage2] epoch 12/50 step 33 | loss 6.5805 | train det 0.3365 seg 0.0552 cnt 1.0922 | shared_pairs det_seg 82/288 det_cnt 119/288 seg_cnt 87/288 | scores det_seg -1.5197 det_cnt 5.3599 seg_cnt 4.9501
[stage2] epoch 12/50 step 34 | loss 3.3894 | train det 0.0640 seg 0.0819 cnt 1.7737 | shared_pairs det_seg 106/288 det_cnt 104/288 seg_cnt 78/288 | scores det_seg 1.9638 det_cnt 2.9399 seg_cnt 0.8179
[stage2] epoch 12/50 step 35 | loss 1.3806 | train det 0.0258 seg 0.0906 cnt 0.2689 | shared_pairs det_seg 90/288 det_cnt 120/288 seg_cnt 78/288 | scores det_seg -0.6688 det_cnt 4.6162 seg_cnt 0.8357
[stage2] epoch 12/50 step 36 | loss 1.6666 | train det 0.0081 seg 0.0986 cnt 0.7561 | shared_pairs det_seg 111/288 det_cnt 89/288 seg_cnt 88/288 | scores det_seg -0.4525 det_cnt -3.5295 seg_cnt -3.2569
[stage2] epoch 12/50 step 37 | loss 2.8685 | train det 0.0273 seg 0.0829 cnt 1.7965 | shared_pairs det_seg 116/288 det_cnt 96/288 seg_cnt 76/288 | scores det_seg 0.6144 det_cnt -3.7144 seg_cnt -4.7334
[stage2] epoch 12/50 step 38 | loss 4.8482 | train det 0.2313 seg 0.1070 cnt 0.5236 | shared_pairs det_seg 112/288 det_cnt 101/288 seg_cnt 75/288 | scores det_seg -0.4365 det_cnt -2.0442 seg_cnt -1.5450
[stage2] epoch 12/50 step 39 | loss 2.9665 | train det 0.0165 seg 0.0816 cnt 2.0660 | shared_pairs det_seg 92/288 det_cnt 89/288 seg_cnt 107/288 | scores det_seg 0.3180 det_cnt -0.7137 seg_cnt 5.0466
[stage2] epoch 12/50 step 40 | loss 2.9497 | train det 0.0195 seg 0.1182 cnt 1.7121 | shared_pairs det_seg 112/288 det_cnt 112/288 seg_cnt 64/288 | scores det_seg 1.0205 det_cnt 2.0697 seg_cnt -1.7158
[stage2] epoch 12/50 step 41 | loss 2.1110 | train det 0.0311 seg 0.0504 cnt 1.2411 | shared_pairs det_seg 108/288 det_cnt 94/288 seg_cnt 86/288 | scores det_seg -2.3322 det_cnt -2.1910 seg_cnt -1.5985
[stage2] epoch 12/50 step 42 | loss 6.9971 | train det 0.0409 seg 0.0687 cnt 5.8332 | shared_pairs det_seg 107/288 det_cnt 98/288 seg_cnt 83/288 | scores det_seg -1.9177 det_cnt -1.5092 seg_cnt -1.3988
[stage2] epoch 12/50 step 43 | loss 2.2240 | train det 0.0191 seg 0.1176 cnt 0.9965 | shared_pairs det_seg 115/288 det_cnt 101/288 seg_cnt 72/288 | scores det_seg 2.2985 det_cnt 0.4800 seg_cnt 1.8722
[stage2] epoch 12/50 | train 3.3884 | det 0.0615 seg 0.0958 cnt 1.6993 | selected_by_matrix_unit det_seg 4390 det_cnt 4453 seg_cnt 3541
[stage2] epoch 12 | val det 0.4648 seg 0.8756 miou 0.6583 cnt 3.2834 dens 8.272577e-01 mae 2.4561 total_mae 11.4296 | ap50 0.6636 | combo 1.729040
[stage2] epoch 13/50 step 1 | loss 3.2358 | train det 0.0302 seg 0.1032 cnt 1.9580 | shared_pairs det_seg 93/288 det_cnt 120/288 seg_cnt 75/288 | scores det_seg -5.2211 det_cnt 1.0699 seg_cnt -2.2720
[stage2] epoch 13/50 step 2 | loss 3.2857 | train det 0.0248 seg 0.0467 cnt 2.5404 | shared_pairs det_seg 121/288 det_cnt 90/288 seg_cnt 77/288 | scores det_seg -2.9263 det_cnt -1.4911 seg_cnt 1.3729
[stage2] epoch 13/50 step 3 | loss 1.8748 | train det 0.0123 seg 0.1164 cnt 0.7588 | shared_pairs det_seg 90/288 det_cnt 132/288 seg_cnt 66/288 | scores det_seg -0.2169 det_cnt 3.7758 seg_cnt -0.1825
[stage2] epoch 13/50 step 4 | loss 2.0929 | train det 0.0314 seg 0.0953 cnt 0.8599 | shared_pairs det_seg 99/288 det_cnt 106/288 seg_cnt 83/288 | scores det_seg -1.9295 det_cnt 1.4348 seg_cnt -3.9471
[stage2] epoch 13/50 step 5 | loss 8.0716 | train det 0.0348 seg 0.0814 cnt 6.8985 | shared_pairs det_seg 105/288 det_cnt 79/288 seg_cnt 104/288 | scores det_seg 1.2014 det_cnt -4.3276 seg_cnt 1.6900
[stage2] epoch 13/50 step 6 | loss 2.5427 | train det 0.0413 seg 0.1070 cnt 1.0668 | shared_pairs det_seg 132/288 det_cnt 92/288 seg_cnt 64/288 | scores det_seg 4.2412 det_cnt -0.1311 seg_cnt -2.4221
[stage2] epoch 13/50 step 7 | loss 4.3276 | train det 0.1659 seg 0.1213 cnt 0.8690 | shared_pairs det_seg 95/288 det_cnt 116/288 seg_cnt 77/288 | scores det_seg -5.4596 det_cnt -0.3324 seg_cnt 0.6279
[stage2] epoch 13/50 step 8 | loss 2.6581 | train det 0.0152 seg 0.0833 cnt 1.7637 | shared_pairs det_seg 90/288 det_cnt 101/288 seg_cnt 97/288 | scores det_seg -2.6481 det_cnt 2.6403 seg_cnt 4.4845
[stage2] epoch 13/50 step 9 | loss 2.5790 | train det 0.0723 seg 0.0417 cnt 1.1609 | shared_pairs det_seg 103/288 det_cnt 97/288 seg_cnt 88/288 | scores det_seg -2.5398 det_cnt -3.0753 seg_cnt -1.4495
[stage2] epoch 13/50 step 10 | loss 3.3557 | train det 0.0935 seg 0.0719 cnt 1.3769 | shared_pairs det_seg 99/288 det_cnt 81/288 seg_cnt 108/288 | scores det_seg -3.3082 det_cnt -0.7045 seg_cnt 2.8579
[stage2] epoch 13/50 step 11 | loss 1.6962 | train det 0.0269 seg 0.0002 cnt 1.2917 | shared_pairs det_seg 118/288 det_cnt 87/288 seg_cnt 83/288 | scores det_seg 0.5863 det_cnt -2.3395 seg_cnt -1.2560
[stage2] epoch 13/50 step 12 | loss 5.0186 | train det 0.0448 seg 0.0725 cnt 3.7669 | shared_pairs det_seg 97/288 det_cnt 101/288 seg_cnt 90/288 | scores det_seg 2.3217 det_cnt -1.8440 seg_cnt 0.4188
[stage2] epoch 13/50 step 13 | loss 1.3925 | train det 0.0120 seg 0.0985 cnt 0.4244 | shared_pairs det_seg 107/288 det_cnt 93/288 seg_cnt 88/288 | scores det_seg -2.9552 det_cnt -2.5272 seg_cnt -0.2916
[stage2] epoch 13/50 step 14 | loss 3.3142 | train det 0.0759 seg 0.0990 cnt 1.3840 | shared_pairs det_seg 120/288 det_cnt 78/288 seg_cnt 90/288 | scores det_seg 1.5661 det_cnt -0.3252 seg_cnt 1.0795
[stage2] epoch 13/50 step 15 | loss 2.5773 | train det 0.0403 seg 0.1258 cnt 0.9668 | shared_pairs det_seg 113/288 det_cnt 108/288 seg_cnt 67/288 | scores det_seg -1.8664 det_cnt -2.9682 seg_cnt -2.3368
[stage2] epoch 13/50 step 16 | loss 1.9233 | train det 0.0148 seg 0.0949 cnt 0.9419 | shared_pairs det_seg 88/288 det_cnt 99/288 seg_cnt 101/288 | scores det_seg -5.4634 det_cnt -0.8331 seg_cnt 2.9743
[stage2] epoch 13/50 step 17 | loss 2.3226 | train det 0.0260 seg 0.0921 cnt 1.1961 | shared_pairs det_seg 105/288 det_cnt 104/288 seg_cnt 79/288 | scores det_seg 0.7704 det_cnt 1.2612 seg_cnt 0.5798
[stage2] epoch 13/50 step 18 | loss 2.7502 | train det 0.0203 seg 0.0522 cnt 2.0278 | shared_pairs det_seg 108/288 det_cnt 96/288 seg_cnt 84/288 | scores det_seg 1.3517 det_cnt -1.2702 seg_cnt 1.8560
[stage2] epoch 13/50 step 19 | loss 2.3244 | train det 0.0256 seg 0.1004 cnt 1.1379 | shared_pairs det_seg 98/288 det_cnt 98/288 seg_cnt 92/288 | scores det_seg -0.1003 det_cnt -1.5014 seg_cnt 4.7893
[stage2] epoch 13/50 step 20 | loss 4.2251 | train det 0.0619 seg 0.0645 cnt 2.7807 | shared_pairs det_seg 109/288 det_cnt 112/288 seg_cnt 67/288 | scores det_seg -0.0279 det_cnt 0.2699 seg_cnt -3.9066
[stage2] epoch 13/50 step 21 | loss 1.9618 | train det 0.0300 seg 0.0622 cnt 1.0139 | shared_pairs det_seg 112/288 det_cnt 88/288 seg_cnt 88/288 | scores det_seg 2.9580 det_cnt -1.3148 seg_cnt -2.3516
[stage2] epoch 13/50 step 22 | loss 2.2659 | train det 0.0186 seg 0.1436 cnt 0.8376 | shared_pairs det_seg 130/288 det_cnt 79/288 seg_cnt 79/288 | scores det_seg 3.7828 det_cnt -3.9719 seg_cnt -1.3469
[stage2] epoch 13/50 step 23 | loss 3.2916 | train det 0.0540 seg 0.1730 cnt 1.0978 | shared_pairs det_seg 96/288 det_cnt 122/288 seg_cnt 70/288 | scores det_seg -1.9130 det_cnt 5.9888 seg_cnt 0.6122
[stage2] epoch 13/50 step 24 | loss 2.6640 | train det 0.0102 seg 0.0877 cnt 1.8092 | shared_pairs det_seg 125/288 det_cnt 98/288 seg_cnt 65/288 | scores det_seg 3.0676 det_cnt -0.1270 seg_cnt -5.4008
[stage2] epoch 13/50 step 25 | loss 2.8494 | train det 0.0476 seg 0.0556 cnt 1.6904 | shared_pairs det_seg 96/288 det_cnt 110/288 seg_cnt 82/288 | scores det_seg 0.0839 det_cnt 5.6923 seg_cnt 1.3440
[stage2] epoch 13/50 step 26 | loss 3.6473 | train det 0.0203 seg 0.1275 cnt 2.3238 | shared_pairs det_seg 109/288 det_cnt 100/288 seg_cnt 79/288 | scores det_seg 3.1653 det_cnt 1.8297 seg_cnt -4.0746
[stage2] epoch 13/50 step 27 | loss 1.7832 | train det 0.0153 seg 0.1050 cnt 0.7142 | shared_pairs det_seg 96/288 det_cnt 100/288 seg_cnt 92/288 | scores det_seg 1.5943 det_cnt -4.0966 seg_cnt -2.9199
[stage2] epoch 13/50 step 28 | loss 2.5231 | train det 0.0575 seg 0.1091 cnt 0.7874 | shared_pairs det_seg 107/288 det_cnt 96/288 seg_cnt 85/288 | scores det_seg -0.6725 det_cnt -5.2934 seg_cnt -2.2835
[stage2] epoch 13/50 step 29 | loss 8.3565 | train det 0.0422 seg 0.1502 cnt 6.5214 | shared_pairs det_seg 105/288 det_cnt 80/288 seg_cnt 103/288 | scores det_seg -1.1421 det_cnt -4.7037 seg_cnt 5.8837
[stage2] epoch 13/50 step 30 | loss 2.8896 | train det 0.0383 seg 0.1348 cnt 1.2373 | shared_pairs det_seg 109/288 det_cnt 104/288 seg_cnt 75/288 | scores det_seg -0.7869 det_cnt -0.7293 seg_cnt -2.8112
[stage2] epoch 13/50 step 31 | loss 2.2254 | train det 0.0592 seg 0.0791 cnt 0.7047 | shared_pairs det_seg 116/288 det_cnt 101/288 seg_cnt 71/288 | scores det_seg 5.0779 det_cnt -0.0868 seg_cnt -0.7397
[stage2] epoch 13/50 step 32 | loss 2.6569 | train det 0.0119 seg 0.0555 cnt 2.0351 | shared_pairs det_seg 108/288 det_cnt 97/288 seg_cnt 83/288 | scores det_seg -4.3484 det_cnt -0.2988 seg_cnt -0.2488
[stage2] epoch 13/50 step 33 | loss 2.3133 | train det 0.0228 seg 0.0777 cnt 1.3498 | shared_pairs det_seg 122/288 det_cnt 96/288 seg_cnt 70/288 | scores det_seg 2.6006 det_cnt -2.2581 seg_cnt -2.4278
[stage2] epoch 13/50 step 34 | loss 3.0294 | train det 0.0408 seg 0.1290 cnt 1.3851 | shared_pairs det_seg 106/288 det_cnt 103/288 seg_cnt 79/288 | scores det_seg 0.8000 det_cnt 5.7840 seg_cnt 1.8443
[stage2] epoch 13/50 step 35 | loss 3.0680 | train det 0.0608 seg 0.0865 cnt 1.4638 | shared_pairs det_seg 108/288 det_cnt 109/288 seg_cnt 71/288 | scores det_seg -5.4378 det_cnt 1.1768 seg_cnt -3.0425
[stage2] epoch 13/50 step 36 | loss 4.5678 | train det 0.0314 seg 0.0399 cnt 3.7772 | shared_pairs det_seg 105/288 det_cnt 107/288 seg_cnt 76/288 | scores det_seg -0.2519 det_cnt -2.0886 seg_cnt -1.7068
[stage2] epoch 13/50 step 37 | loss 1.6584 | train det 0.0220 seg 0.1123 cnt 0.4307 | shared_pairs det_seg 99/288 det_cnt 108/288 seg_cnt 81/288 | scores det_seg -2.2046 det_cnt 1.0759 seg_cnt 1.4193
[stage2] epoch 13/50 step 38 | loss 2.3659 | train det 0.0186 seg 0.0840 cnt 1.4153 | shared_pairs det_seg 102/288 det_cnt 106/288 seg_cnt 80/288 | scores det_seg -2.2690 det_cnt 2.7733 seg_cnt -1.4332
[stage2] epoch 13/50 step 39 | loss 2.1587 | train det 0.0112 seg 0.1563 cnt 0.7397 | shared_pairs det_seg 100/288 det_cnt 107/288 seg_cnt 81/288 | scores det_seg -4.3030 det_cnt 3.7341 seg_cnt 0.6906
[stage2] epoch 13/50 step 40 | loss 3.2433 | train det 0.0201 seg 0.1705 cnt 1.5770 | shared_pairs det_seg 95/288 det_cnt 105/288 seg_cnt 88/288 | scores det_seg 2.2839 det_cnt 6.6703 seg_cnt 5.7487
[stage2] epoch 13/50 step 41 | loss 1.9835 | train det 0.0397 seg 0.0480 cnt 1.0037 | shared_pairs det_seg 112/288 det_cnt 98/288 seg_cnt 78/288 | scores det_seg 0.2358 det_cnt 0.0388 seg_cnt -5.1892
[stage2] epoch 13/50 step 42 | loss 3.2595 | train det 0.0356 seg 0.0645 cnt 2.2102 | shared_pairs det_seg 104/288 det_cnt 112/288 seg_cnt 72/288 | scores det_seg -0.4599 det_cnt -1.0406 seg_cnt -1.2200
[stage2] epoch 13/50 step 43 | loss 4.4599 | train det 0.1579 seg 0.1004 cnt 1.2884 | shared_pairs det_seg 119/288 det_cnt 98/288 seg_cnt 71/288 | scores det_seg 3.3742 det_cnt 1.8590 seg_cnt 1.6533
[stage2] epoch 13/50 | train 3.0416 | det 0.0404 seg 0.0935 cnt 1.6880 | selected_by_matrix_unit det_seg 4571 det_cnt 4314 seg_cnt 3499
[stage2] epoch 13 | val det 0.4660 seg 0.8812 miou 0.6598 cnt 3.3048 dens 8.279780e-01 mae 2.4768 total_mae 11.4554 | ap50 0.6638 | combo 1.727392
[stage2] epoch 14/50 step 1 | loss 2.7496 | train det 0.0937 seg 0.1119 cnt 0.4491 | shared_pairs det_seg 109/288 det_cnt 96/288 seg_cnt 83/288 | scores det_seg -0.8552 det_cnt -0.9265 seg_cnt 2.2856
[stage2] epoch 14/50 step 2 | loss 1.9520 | train det 0.0109 seg 0.0597 cnt 1.3110 | shared_pairs det_seg 104/288 det_cnt 99/288 seg_cnt 85/288 | scores det_seg -1.5385 det_cnt 0.0442 seg_cnt -1.4098
[stage2] epoch 14/50 step 3 | loss 3.6530 | train det 0.0191 seg 0.1557 cnt 2.1205 | shared_pairs det_seg 110/288 det_cnt 96/288 seg_cnt 82/288 | scores det_seg -0.8643 det_cnt -0.1077 seg_cnt 2.2071
[stage2] epoch 14/50 step 4 | loss 2.5863 | train det 0.0288 seg 0.1034 cnt 1.3279 | shared_pairs det_seg 112/288 det_cnt 103/288 seg_cnt 73/288 | scores det_seg 0.6471 det_cnt -0.7981 seg_cnt -6.5834
[stage2] epoch 14/50 step 5 | loss 1.6187 | train det 0.0281 seg 0.0543 cnt 0.7625 | shared_pairs det_seg 112/288 det_cnt 102/288 seg_cnt 74/288 | scores det_seg 4.0159 det_cnt 0.6781 seg_cnt -1.4829
[stage2] epoch 14/50 step 6 | loss 2.0633 | train det 0.0240 seg 0.1122 cnt 0.8053 | shared_pairs det_seg 100/288 det_cnt 92/288 seg_cnt 96/288 | scores det_seg -1.1786 det_cnt -4.6679 seg_cnt 2.0746
[stage2] epoch 14/50 step 7 | loss 3.2220 | train det 0.0450 seg 0.1492 cnt 1.3539 | shared_pairs det_seg 113/288 det_cnt 109/288 seg_cnt 66/288 | scores det_seg -3.7561 det_cnt -3.1258 seg_cnt -6.4923
[stage2] epoch 14/50 step 8 | loss 2.3951 | train det 0.0832 seg 0.0524 cnt 0.7277 | shared_pairs det_seg 100/288 det_cnt 88/288 seg_cnt 100/288 | scores det_seg -1.3910 det_cnt -5.6298 seg_cnt 3.3443
[stage2] epoch 14/50 step 9 | loss 1.7271 | train det 0.0527 seg 0.0094 cnt 0.8614 | shared_pairs det_seg 83/288 det_cnt 110/288 seg_cnt 95/288 | scores det_seg -1.2017 det_cnt 1.1344 seg_cnt 1.2704
[stage2] epoch 14/50 step 10 | loss 3.5694 | train det 0.0914 seg 0.1322 cnt 1.1417 | shared_pairs det_seg 118/288 det_cnt 107/288 seg_cnt 63/288 | scores det_seg 0.2580 det_cnt -2.2645 seg_cnt -3.1138
[stage2] epoch 14/50 step 11 | loss 2.8457 | train det 0.0438 seg 0.1217 cnt 1.2149 | shared_pairs det_seg 121/288 det_cnt 89/288 seg_cnt 78/288 | scores det_seg 1.1062 det_cnt -2.2661 seg_cnt -0.3386
[stage2] epoch 14/50 step 12 | loss 3.7136 | train det 0.0341 seg 0.1707 cnt 1.8368 | shared_pairs det_seg 111/288 det_cnt 84/288 seg_cnt 93/288 | scores det_seg 0.6548 det_cnt -1.7346 seg_cnt 2.5215
[stage2] epoch 14/50 step 13 | loss 3.7808 | train det 0.0230 seg 0.1165 cnt 2.5041 | shared_pairs det_seg 106/288 det_cnt 95/288 seg_cnt 87/288 | scores det_seg 3.5272 det_cnt -1.8348 seg_cnt 0.9831
[stage2] epoch 14/50 step 14 | loss 3.7483 | train det 0.0356 seg 0.0904 cnt 2.4905 | shared_pairs det_seg 88/288 det_cnt 119/288 seg_cnt 81/288 | scores det_seg 1.5799 det_cnt 5.6598 seg_cnt -1.2225
[stage2] epoch 14/50 step 15 | loss 2.5765 | train det 0.0332 seg 0.0938 cnt 1.3280 | shared_pairs det_seg 98/288 det_cnt 105/288 seg_cnt 85/288 | scores det_seg -0.4239 det_cnt 0.1210 seg_cnt 3.5776
[stage2] epoch 14/50 step 16 | loss 3.4563 | train det 0.0500 seg 0.0863 cnt 2.0156 | shared_pairs det_seg 117/288 det_cnt 99/288 seg_cnt 72/288 | scores det_seg 1.5917 det_cnt -1.8089 seg_cnt -0.3342
[stage2] epoch 14/50 step 17 | loss 4.1432 | train det 0.0646 seg 0.1048 cnt 2.3362 | shared_pairs det_seg 115/288 det_cnt 95/288 seg_cnt 78/288 | scores det_seg 3.8221 det_cnt 1.4263 seg_cnt 1.5590
[stage2] epoch 14/50 step 18 | loss 3.9360 | train det 0.0174 seg 0.1239 cnt 2.6830 | shared_pairs det_seg 89/288 det_cnt 89/288 seg_cnt 110/288 | scores det_seg 1.4357 det_cnt 2.1218 seg_cnt 3.6520
[stage2] epoch 14/50 step 19 | loss 2.7289 | train det 0.0270 seg 0.0834 cnt 1.6571 | shared_pairs det_seg 100/288 det_cnt 93/288 seg_cnt 95/288 | scores det_seg 1.2039 det_cnt -1.5117 seg_cnt 1.6603
[stage2] epoch 14/50 step 20 | loss 3.6774 | train det 0.0247 seg 0.1050 cnt 2.4673 | shared_pairs det_seg 108/288 det_cnt 101/288 seg_cnt 79/288 | scores det_seg 2.7788 det_cnt 0.0828 seg_cnt 0.2576
[stage2] epoch 14/50 step 21 | loss 1.8817 | train det 0.0276 seg 0.0845 cnt 0.7917 | shared_pairs det_seg 92/288 det_cnt 116/288 seg_cnt 80/288 | scores det_seg 1.0562 det_cnt 1.7958 seg_cnt 2.3536
[stage2] epoch 14/50 step 22 | loss 1.9739 | train det 0.0216 seg 0.0559 cnt 1.2025 | shared_pairs det_seg 103/288 det_cnt 93/288 seg_cnt 92/288 | scores det_seg -0.8992 det_cnt -1.1410 seg_cnt 1.4065
[stage2] epoch 14/50 step 23 | loss 1.2188 | train det 0.0090 seg 0.0743 cnt 0.4889 | shared_pairs det_seg 104/288 det_cnt 109/288 seg_cnt 75/288 | scores det_seg -0.0211 det_cnt -0.1620 seg_cnt 0.6410
[stage2] epoch 14/50 step 24 | loss 1.1022 | train det 0.0071 seg 0.0967 cnt 0.2217 | shared_pairs det_seg 111/288 det_cnt 103/288 seg_cnt 74/288 | scores det_seg 3.5883 det_cnt 2.5462 seg_cnt -1.1385
[stage2] epoch 14/50 step 25 | loss 1.6080 | train det 0.0349 seg 0.0890 cnt 0.3725 | shared_pairs det_seg 108/288 det_cnt 107/288 seg_cnt 73/288 | scores det_seg 1.7864 det_cnt 2.6477 seg_cnt 1.5776
[stage2] epoch 14/50 step 26 | loss 3.5050 | train det 0.0853 seg 0.0851 cnt 1.5452 | shared_pairs det_seg 110/288 det_cnt 97/288 seg_cnt 81/288 | scores det_seg 3.5643 det_cnt 3.0967 seg_cnt 2.8093
[stage2] epoch 14/50 step 27 | loss 3.2369 | train det 0.0137 seg 0.0912 cnt 2.3022 | shared_pairs det_seg 110/288 det_cnt 91/288 seg_cnt 87/288 | scores det_seg -0.8669 det_cnt 0.2458 seg_cnt 3.1627
[stage2] epoch 14/50 step 28 | loss 2.6607 | train det 0.0212 seg 0.1055 cnt 1.4985 | shared_pairs det_seg 85/288 det_cnt 122/288 seg_cnt 81/288 | scores det_seg -2.7190 det_cnt 2.3737 seg_cnt -2.1600
[stage2] epoch 14/50 step 29 | loss 4.6113 | train det 0.2126 seg 0.0722 cnt 0.8442 | shared_pairs det_seg 109/288 det_cnt 108/288 seg_cnt 71/288 | scores det_seg -2.4019 det_cnt -0.1239 seg_cnt -3.2842
[stage2] epoch 14/50 step 30 | loss 3.0458 | train det 0.0518 seg 0.1455 cnt 1.1047 | shared_pairs det_seg 99/288 det_cnt 101/288 seg_cnt 88/288 | scores det_seg -1.5650 det_cnt 2.3903 seg_cnt 2.9547
[stage2] epoch 14/50 step 31 | loss 2.6315 | train det 0.0151 seg 0.1086 cnt 1.5361 | shared_pairs det_seg 111/288 det_cnt 92/288 seg_cnt 85/288 | scores det_seg -0.2493 det_cnt 0.7857 seg_cnt 0.8193
[stage2] epoch 14/50 step 32 | loss 7.0392 | train det 0.3648 seg 0.0938 cnt 0.8163 | shared_pairs det_seg 94/288 det_cnt 111/288 seg_cnt 83/288 | scores det_seg 1.6169 det_cnt 3.3616 seg_cnt 1.3241
[stage2] epoch 14/50 step 33 | loss 2.9671 | train det 0.1046 seg 0.0733 cnt 0.8118 | shared_pairs det_seg 97/288 det_cnt 98/288 seg_cnt 93/288 | scores det_seg -0.0926 det_cnt -1.4775 seg_cnt 2.9148
[stage2] epoch 14/50 step 34 | loss 2.3069 | train det 0.0264 seg 0.1068 cnt 1.0569 | shared_pairs det_seg 102/288 det_cnt 108/288 seg_cnt 78/288 | scores det_seg -5.0403 det_cnt 0.2620 seg_cnt -1.6192
[stage2] epoch 14/50 step 35 | loss 2.3438 | train det 0.0140 seg 0.1380 cnt 1.0305 | shared_pairs det_seg 94/288 det_cnt 100/288 seg_cnt 94/288 | scores det_seg -0.9253 det_cnt 2.2712 seg_cnt 3.0844
[stage2] epoch 14/50 step 36 | loss 2.4496 | train det 0.0044 seg 0.0613 cnt 1.8930 | shared_pairs det_seg 91/288 det_cnt 110/288 seg_cnt 87/288 | scores det_seg -4.4351 det_cnt 5.1082 seg_cnt 2.8482
[stage2] epoch 14/50 step 37 | loss 4.5006 | train det 0.0742 seg 0.0943 cnt 2.6337 | shared_pairs det_seg 105/288 det_cnt 106/288 seg_cnt 77/288 | scores det_seg 3.8999 det_cnt -0.5470 seg_cnt -0.9596
[stage2] epoch 14/50 step 38 | loss 3.1683 | train det 0.0140 seg 0.0894 cnt 2.2423 | shared_pairs det_seg 86/288 det_cnt 119/288 seg_cnt 83/288 | scores det_seg -1.1193 det_cnt 0.2140 seg_cnt -1.9651
[stage2] epoch 14/50 step 39 | loss 2.6754 | train det 0.0206 seg 0.1059 cnt 1.5191 | shared_pairs det_seg 115/288 det_cnt 101/288 seg_cnt 72/288 | scores det_seg 3.1203 det_cnt -3.4124 seg_cnt 2.0840
[stage2] epoch 14/50 step 40 | loss 3.0748 | train det 0.0178 seg 0.0679 cnt 2.2644 | shared_pairs det_seg 103/288 det_cnt 91/288 seg_cnt 94/288 | scores det_seg 1.8222 det_cnt -1.1626 seg_cnt 4.5801
[stage2] epoch 14/50 step 41 | loss 3.5251 | train det 0.0266 seg 0.1114 cnt 2.2351 | shared_pairs det_seg 102/288 det_cnt 102/288 seg_cnt 84/288 | scores det_seg -3.2642 det_cnt -0.3620 seg_cnt 1.6194
[stage2] epoch 14/50 step 42 | loss 4.8823 | train det 0.0264 seg 0.1618 cnt 3.1924 | shared_pairs det_seg 112/288 det_cnt 105/288 seg_cnt 71/288 | scores det_seg 0.5059 det_cnt 1.7510 seg_cnt -1.0981
[stage2] epoch 14/50 step 43 | loss 3.2033 | train det 0.0329 seg 0.1330 cnt 1.6456 | shared_pairs det_seg 94/288 det_cnt 117/288 seg_cnt 77/288 | scores det_seg -1.1640 det_cnt 3.8633 seg_cnt 2.0130
[stage2] epoch 14/50 | train 3.0176 | det 0.0478 seg 0.0996 cnt 1.5033 | selected_by_matrix_unit det_seg 4451 det_cnt 4378 seg_cnt 3555
[stage2] epoch 14 | val det 0.4641 seg 0.8800 miou 0.6574 cnt 3.3072 dens 8.275469e-01 mae 2.4797 total_mae 11.3992 | ap50 0.6611 | combo 1.721725
[stage2] epoch 15/50 step 1 | loss 2.2665 | train det 0.0144 seg 0.1274 cnt 1.0313 | shared_pairs det_seg 105/288 det_cnt 111/288 seg_cnt 72/288 | scores det_seg 3.0278 det_cnt 1.9308 seg_cnt -0.3971
[stage2] epoch 15/50 step 2 | loss 2.9552 | train det 0.0247 seg 0.1434 cnt 1.4377 | shared_pairs det_seg 94/288 det_cnt 111/288 seg_cnt 83/288 | scores det_seg -0.8635 det_cnt 3.3130 seg_cnt -0.0012
[stage2] epoch 15/50 step 3 | loss 2.3600 | train det 0.0416 seg 0.0539 cnt 1.3051 | shared_pairs det_seg 97/288 det_cnt 114/288 seg_cnt 77/288 | scores det_seg -0.4541 det_cnt -1.6178 seg_cnt -3.3324
[stage2] epoch 15/50 step 4 | loss 2.7122 | train det 0.0118 seg 0.1120 cnt 1.6387 | shared_pairs det_seg 97/288 det_cnt 117/288 seg_cnt 74/288 | scores det_seg -0.9208 det_cnt 2.4420 seg_cnt -5.1323
[stage2] epoch 15/50 step 5 | loss 4.0622 | train det 0.0774 seg 0.1068 cnt 2.0473 | shared_pairs det_seg 92/288 det_cnt 109/288 seg_cnt 87/288 | scores det_seg -1.1609 det_cnt 3.5527 seg_cnt 3.6653
[stage2] epoch 15/50 step 6 | loss 2.4528 | train det 0.0679 seg 0.0360 cnt 1.1456 | shared_pairs det_seg 100/288 det_cnt 114/288 seg_cnt 74/288 | scores det_seg 1.9576 det_cnt 2.1384 seg_cnt 2.4447
[stage2] epoch 15/50 step 7 | loss 2.2351 | train det 0.0291 seg 0.1497 cnt 0.6021 | shared_pairs det_seg 103/288 det_cnt 111/288 seg_cnt 74/288 | scores det_seg -2.8473 det_cnt 0.2044 seg_cnt -1.0068
[stage2] epoch 15/50 step 8 | loss 3.1420 | train det 0.0337 seg 0.0843 cnt 1.9622 | shared_pairs det_seg 106/288 det_cnt 97/288 seg_cnt 85/288 | scores det_seg -2.9225 det_cnt -2.5785 seg_cnt 1.2784
[stage2] epoch 15/50 step 9 | loss 2.3328 | train det 0.0625 seg 0.0322 cnt 1.1380 | shared_pairs det_seg 94/288 det_cnt 104/288 seg_cnt 90/288 | scores det_seg 0.6609 det_cnt -1.2778 seg_cnt 0.6540
[stage2] epoch 15/50 step 10 | loss 1.3901 | train det 0.0089 seg 0.0497 cnt 0.8585 | shared_pairs det_seg 118/288 det_cnt 84/288 seg_cnt 86/288 | scores det_seg 2.6933 det_cnt -2.1872 seg_cnt -1.4785
[stage2] epoch 15/50 step 11 | loss 2.9278 | train det 0.0234 seg 0.0682 cnt 2.0306 | shared_pairs det_seg 109/288 det_cnt 99/288 seg_cnt 80/288 | scores det_seg 1.4065 det_cnt 4.4839 seg_cnt 5.7617
[stage2] epoch 15/50 step 12 | loss 7.2573 | train det 0.3069 seg 0.0355 cnt 2.3696 | shared_pairs det_seg 103/288 det_cnt 102/288 seg_cnt 83/288 | scores det_seg 1.0875 det_cnt -0.8888 seg_cnt 1.0459
[stage2] epoch 15/50 step 13 | loss 2.7728 | train det 0.0204 seg 0.1051 cnt 1.6253 | shared_pairs det_seg 112/288 det_cnt 83/288 seg_cnt 93/288 | scores det_seg 0.6960 det_cnt -4.9321 seg_cnt 3.0362
[stage2] epoch 15/50 step 14 | loss 8.7452 | train det 0.4596 seg 0.0952 cnt 1.0901 | shared_pairs det_seg 95/288 det_cnt 120/288 seg_cnt 73/288 | scores det_seg 0.2367 det_cnt 2.1483 seg_cnt -0.7436
[stage2] epoch 15/50 step 15 | loss 2.8791 | train det 0.0623 seg 0.1599 cnt 0.6659 | shared_pairs det_seg 118/288 det_cnt 100/288 seg_cnt 70/288 | scores det_seg -0.2135 det_cnt -0.5741 seg_cnt -3.0780
[stage2] epoch 15/50 step 16 | loss 5.6360 | train det 0.2694 seg 0.1363 cnt 0.5040 | shared_pairs det_seg 101/288 det_cnt 87/288 seg_cnt 100/288 | scores det_seg -1.9529 det_cnt -2.6133 seg_cnt 2.2150
[stage2] epoch 15/50 step 17 | loss 2.2212 | train det 0.0283 seg 0.1194 cnt 0.8422 | shared_pairs det_seg 102/288 det_cnt 96/288 seg_cnt 90/288 | scores det_seg -1.4680 det_cnt -6.1279 seg_cnt -0.2021
[stage2] epoch 15/50 step 18 | loss 3.1501 | train det 0.0873 seg 0.1425 cnt 0.7008 | shared_pairs det_seg 126/288 det_cnt 87/288 seg_cnt 75/288 | scores det_seg 1.7866 det_cnt -4.1290 seg_cnt -5.3183
[stage2] epoch 15/50 step 19 | loss 3.2580 | train det 0.0182 seg 0.0477 cnt 2.6029 | shared_pairs det_seg 105/288 det_cnt 105/288 seg_cnt 78/288 | scores det_seg -3.2224 det_cnt -0.5682 seg_cnt -3.8211
[stage2] epoch 15/50 step 20 | loss 5.3013 | train det 0.0233 seg 0.0484 cnt 4.5641 | shared_pairs det_seg 101/288 det_cnt 90/288 seg_cnt 97/288 | scores det_seg -0.0091 det_cnt -0.4152 seg_cnt 1.5301
[stage2] epoch 15/50 step 21 | loss 2.1994 | train det 0.0335 seg 0.0838 cnt 1.0264 | shared_pairs det_seg 118/288 det_cnt 95/288 seg_cnt 75/288 | scores det_seg 1.5505 det_cnt -5.5391 seg_cnt -3.1400
[stage2] epoch 15/50 step 22 | loss 2.9035 | train det 0.0656 seg 0.0893 cnt 1.2054 | shared_pairs det_seg 112/288 det_cnt 99/288 seg_cnt 77/288 | scores det_seg -3.3263 det_cnt -0.6859 seg_cnt -2.9267
[stage2] epoch 15/50 step 23 | loss 4.8287 | train det 0.0289 seg 0.1353 cnt 3.3137 | shared_pairs det_seg 109/288 det_cnt 99/288 seg_cnt 80/288 | scores det_seg -1.2896 det_cnt -3.7287 seg_cnt -3.8568
[stage2] epoch 15/50 step 24 | loss 5.3504 | train det 0.0156 seg 0.1032 cnt 4.2903 | shared_pairs det_seg 101/288 det_cnt 112/288 seg_cnt 75/288 | scores det_seg 0.1214 det_cnt 2.5960 seg_cnt -1.7580
[stage2] epoch 15/50 step 25 | loss 2.6155 | train det 0.0580 seg 0.0949 cnt 0.9870 | shared_pairs det_seg 102/288 det_cnt 83/288 seg_cnt 103/288 | scores det_seg -0.7594 det_cnt -5.8658 seg_cnt 0.2156
[stage2] epoch 15/50 step 26 | loss 2.6899 | train det 0.0210 seg 0.1081 cnt 1.5102 | shared_pairs det_seg 99/288 det_cnt 113/288 seg_cnt 76/288 | scores det_seg 0.2585 det_cnt 1.4671 seg_cnt 0.0375
[stage2] epoch 15/50 step 27 | loss 2.2355 | train det 0.0321 seg 0.0821 cnt 1.0981 | shared_pairs det_seg 106/288 det_cnt 96/288 seg_cnt 86/288 | scores det_seg -0.2992 det_cnt -1.7270 seg_cnt -2.4891
[stage2] epoch 15/50 step 28 | loss 5.3008 | train det 0.1506 seg 0.1963 cnt 1.4715 | shared_pairs det_seg 93/288 det_cnt 104/288 seg_cnt 91/288 | scores det_seg -0.8628 det_cnt 1.6780 seg_cnt 1.7447
[stage2] epoch 15/50 step 29 | loss 3.4181 | train det 0.0197 seg 0.1074 cnt 2.2637 | shared_pairs det_seg 115/288 det_cnt 102/288 seg_cnt 71/288 | scores det_seg 3.4081 det_cnt 3.1932 seg_cnt -2.7440
[stage2] epoch 15/50 step 30 | loss 2.9387 | train det 0.0676 seg 0.0898 cnt 1.2073 | shared_pairs det_seg 109/288 det_cnt 94/288 seg_cnt 85/288 | scores det_seg 0.3333 det_cnt 1.3842 seg_cnt 0.2328
[stage2] epoch 15/50 step 31 | loss 2.2777 | train det 0.0818 seg 0.0616 cnt 0.5578 | shared_pairs det_seg 104/288 det_cnt 104/288 seg_cnt 80/288 | scores det_seg 1.6710 det_cnt 2.0560 seg_cnt -3.8544
[stage2] epoch 15/50 step 32 | loss 3.8886 | train det 0.0307 seg 0.1906 cnt 1.9037 | shared_pairs det_seg 99/288 det_cnt 108/288 seg_cnt 81/288 | scores det_seg 0.2661 det_cnt 0.2499 seg_cnt -1.4966
[stage2] epoch 15/50 step 33 | loss 1.8828 | train det 0.0132 seg 0.0945 cnt 0.9291 | shared_pairs det_seg 104/288 det_cnt 109/288 seg_cnt 75/288 | scores det_seg 0.7526 det_cnt 0.0188 seg_cnt -1.9894
[stage2] epoch 15/50 step 34 | loss 2.0763 | train det 0.0154 seg 0.1130 cnt 0.9412 | shared_pairs det_seg 91/288 det_cnt 104/288 seg_cnt 93/288 | scores det_seg -3.1715 det_cnt 2.6399 seg_cnt 3.4426
[stage2] epoch 15/50 step 35 | loss 2.6569 | train det 0.0116 seg 0.0648 cnt 1.9644 | shared_pairs det_seg 97/288 det_cnt 105/288 seg_cnt 86/288 | scores det_seg 1.1253 det_cnt 3.5977 seg_cnt 2.2581
[stage2] epoch 15/50 step 36 | loss 3.1265 | train det 0.0108 seg 0.0915 cnt 2.2334 | shared_pairs det_seg 104/288 det_cnt 98/288 seg_cnt 86/288 | scores det_seg 0.1868 det_cnt 0.5161 seg_cnt 0.3784
[stage2] epoch 15/50 step 37 | loss 2.1878 | train det 0.0118 seg 0.0764 cnt 1.4001 | shared_pairs det_seg 97/288 det_cnt 107/288 seg_cnt 84/288 | scores det_seg -0.7165 det_cnt 2.2680 seg_cnt 4.2520
[stage2] epoch 15/50 step 38 | loss 2.0520 | train det 0.0258 seg 0.0830 cnt 1.0005 | shared_pairs det_seg 117/288 det_cnt 99/288 seg_cnt 72/288 | scores det_seg 1.7182 det_cnt 0.1260 seg_cnt -3.1608
[stage2] epoch 15/50 step 39 | loss 2.0532 | train det 0.0510 seg 0.0899 cnt 0.5684 | shared_pairs det_seg 113/288 det_cnt 106/288 seg_cnt 69/288 | scores det_seg 1.7727 det_cnt 5.7750 seg_cnt -4.7496
[stage2] epoch 15/50 step 40 | loss 1.7887 | train det 0.0159 seg 0.1240 cnt 0.5589 | shared_pairs det_seg 124/288 det_cnt 84/288 seg_cnt 80/288 | scores det_seg 0.5477 det_cnt -6.8272 seg_cnt -3.0973
[stage2] epoch 15/50 step 41 | loss 2.5607 | train det 0.0891 seg 0.0428 cnt 0.8814 | shared_pairs det_seg 103/288 det_cnt 113/288 seg_cnt 72/288 | scores det_seg -2.2702 det_cnt 0.0481 seg_cnt -1.0756
[stage2] epoch 15/50 step 42 | loss 2.0865 | train det 0.0642 seg 0.0544 cnt 0.6889 | shared_pairs det_seg 107/288 det_cnt 103/288 seg_cnt 78/288 | scores det_seg 1.3559 det_cnt -0.7484 seg_cnt -1.9264
[stage2] epoch 15/50 step 43 | loss 3.3231 | train det 0.0234 seg 0.1029 cnt 2.1489 | shared_pairs det_seg 117/288 det_cnt 96/288 seg_cnt 75/288 | scores det_seg -2.8944 det_cnt -1.5667 seg_cnt -2.2730
[stage2] epoch 15/50 | train 3.1744 | det 0.0607 seg 0.0961 cnt 1.4956 | selected_by_matrix_unit det_seg 4519 det_cnt 4374 seg_cnt 3491
[stage2] epoch 15 | val det 0.4640 seg 0.8886 miou 0.6581 cnt 3.3118 dens 8.285741e-01 mae 2.4833 total_mae 11.5332 | ap50 0.6618 | combo 1.722595
[stage2] epoch 16/50 step 1 | loss 2.9808 | train det 0.0728 seg 0.0550 cnt 1.4494 | shared_pairs det_seg 124/288 det_cnt 77/288 seg_cnt 87/288 | scores det_seg 3.9361 det_cnt -5.4979 seg_cnt 0.2037
[stage2] epoch 16/50 step 2 | loss 4.2859 | train det 0.0404 seg 0.1318 cnt 2.6256 | shared_pairs det_seg 104/288 det_cnt 85/288 seg_cnt 99/288 | scores det_seg -0.2546 det_cnt -0.7584 seg_cnt 4.7148
[stage2] epoch 16/50 step 3 | loss 2.4940 | train det 0.0439 seg 0.0739 cnt 1.2438 | shared_pairs det_seg 113/288 det_cnt 102/288 seg_cnt 73/288 | scores det_seg 0.0997 det_cnt 3.3580 seg_cnt 0.3050
[stage2] epoch 16/50 step 4 | loss 1.9602 | train det 0.0249 seg 0.1209 cnt 0.6204 | shared_pairs det_seg 111/288 det_cnt 84/288 seg_cnt 93/288 | scores det_seg 2.1426 det_cnt -7.8603 seg_cnt 1.8149
[stage2] epoch 16/50 step 5 | loss 2.9507 | train det 0.0505 seg 0.1251 cnt 1.1920 | shared_pairs det_seg 120/288 det_cnt 88/288 seg_cnt 80/288 | scores det_seg 0.9488 det_cnt -7.2211 seg_cnt 0.1993
[stage2] epoch 16/50 step 6 | loss 1.9655 | train det 0.0138 seg 0.1092 cnt 0.8845 | shared_pairs det_seg 99/288 det_cnt 100/288 seg_cnt 89/288 | scores det_seg -5.4489 det_cnt -2.5890 seg_cnt 3.3553
[stage2] epoch 16/50 step 7 | loss 2.7083 | train det 0.0104 seg 0.0954 cnt 1.7895 | shared_pairs det_seg 119/288 det_cnt 93/288 seg_cnt 76/288 | scores det_seg -0.2759 det_cnt -3.0587 seg_cnt -1.3799
[stage2] epoch 16/50 step 8 | loss 8.7847 | train det 0.4026 seg 0.0880 cnt 2.0425 | shared_pairs det_seg 97/288 det_cnt 115/288 seg_cnt 76/288 | scores det_seg -1.0896 det_cnt 6.7460 seg_cnt -0.4265
[stage2] epoch 16/50 step 9 | loss 2.2401 | train det 0.0191 seg 0.1210 cnt 0.9850 | shared_pairs det_seg 95/288 det_cnt 113/288 seg_cnt 80/288 | scores det_seg -1.0728 det_cnt 4.6255 seg_cnt -2.8045
[stage2] epoch 16/50 step 10 | loss 2.6634 | train det 0.0324 seg 0.1086 cnt 1.3090 | shared_pairs det_seg 112/288 det_cnt 105/288 seg_cnt 71/288 | scores det_seg 1.1989 det_cnt -0.6259 seg_cnt 3.4588
[stage2] epoch 16/50 step 11 | loss 3.8403 | train det 0.0294 seg 0.0848 cnt 2.7210 | shared_pairs det_seg 94/288 det_cnt 95/288 seg_cnt 99/288 | scores det_seg -1.0431 det_cnt -2.4467 seg_cnt 2.4049
[stage2] epoch 16/50 step 12 | loss 2.4240 | train det 0.0203 seg 0.1281 cnt 1.0940 | shared_pairs det_seg 109/288 det_cnt 87/288 seg_cnt 92/288 | scores det_seg -1.0449 det_cnt -3.4745 seg_cnt 1.8087
[stage2] epoch 16/50 step 13 | loss 10.4613 | train det 0.0243 seg 0.0829 cnt 9.4344 | shared_pairs det_seg 114/288 det_cnt 89/288 seg_cnt 85/288 | scores det_seg 0.0709 det_cnt 3.0772 seg_cnt -0.7822
[stage2] epoch 16/50 step 14 | loss 2.3110 | train det 0.0429 seg 0.0447 cnt 1.3108 | shared_pairs det_seg 108/288 det_cnt 101/288 seg_cnt 79/288 | scores det_seg 1.0400 det_cnt 2.5817 seg_cnt 1.0418
[stage2] epoch 16/50 step 15 | loss 7.5464 | train det 0.0571 seg 0.1597 cnt 5.4130 | shared_pairs det_seg 105/288 det_cnt 96/288 seg_cnt 87/288 | scores det_seg 1.6068 det_cnt -2.3228 seg_cnt -0.9223
[stage2] epoch 16/50 step 16 | loss 5.0785 | train det 0.0310 seg 0.0538 cnt 4.1834 | shared_pairs det_seg 97/288 det_cnt 99/288 seg_cnt 92/288 | scores det_seg -1.3214 det_cnt 1.6973 seg_cnt -0.9185
[stage2] epoch 16/50 step 17 | loss 3.4937 | train det 0.0287 seg 0.1010 cnt 2.2551 | shared_pairs det_seg 119/288 det_cnt 75/288 seg_cnt 94/288 | scores det_seg 0.9579 det_cnt -2.1910 seg_cnt 1.6901
[stage2] epoch 16/50 step 18 | loss 5.3414 | train det 0.0675 seg 0.0355 cnt 4.0456 | shared_pairs det_seg 111/288 det_cnt 95/288 seg_cnt 82/288 | scores det_seg 2.3872 det_cnt -3.9426 seg_cnt 2.0022
[stage2] epoch 16/50 step 19 | loss 2.6560 | train det 0.0213 seg 0.1064 cnt 1.4859 | shared_pairs det_seg 91/288 det_cnt 119/288 seg_cnt 78/288 | scores det_seg -3.3383 det_cnt 2.0675 seg_cnt 0.1632
[stage2] epoch 16/50 step 20 | loss 2.2841 | train det 0.0125 seg 0.0803 cnt 1.4541 | shared_pairs det_seg 112/288 det_cnt 90/288 seg_cnt 86/288 | scores det_seg -0.2186 det_cnt -3.7512 seg_cnt -2.2922
[stage2] epoch 16/50 step 21 | loss 3.0979 | train det 0.0624 seg 0.0881 cnt 1.4577 | shared_pairs det_seg 125/288 det_cnt 86/288 seg_cnt 77/288 | scores det_seg 2.4780 det_cnt -3.7706 seg_cnt 1.1339
[stage2] epoch 16/50 step 22 | loss 3.6144 | train det 0.0569 seg 0.0834 cnt 2.0937 | shared_pairs det_seg 108/288 det_cnt 97/288 seg_cnt 83/288 | scores det_seg -1.6725 det_cnt -1.6766 seg_cnt 0.2639
[stage2] epoch 16/50 step 23 | loss 5.1901 | train det 0.0319 seg 0.1678 cnt 3.3683 | shared_pairs det_seg 109/288 det_cnt 89/288 seg_cnt 90/288 | scores det_seg 2.6711 det_cnt -0.6481 seg_cnt 2.5670
[stage2] epoch 16/50 step 24 | loss 1.7247 | train det 0.0636 seg 0.0738 cnt 0.1802 | shared_pairs det_seg 96/288 det_cnt 111/288 seg_cnt 81/288 | scores det_seg -0.1321 det_cnt 3.6096 seg_cnt -1.5147
[stage2] epoch 16/50 step 25 | loss 1.8283 | train det 0.0223 seg 0.0224 cnt 1.3146 | shared_pairs det_seg 118/288 det_cnt 97/288 seg_cnt 73/288 | scores det_seg 2.8895 det_cnt -0.8715 seg_cnt -0.6017
[stage2] epoch 16/50 step 26 | loss 5.3204 | train det 0.0518 seg 0.1984 cnt 2.9568 | shared_pairs det_seg 105/288 det_cnt 97/288 seg_cnt 86/288 | scores det_seg -1.1701 det_cnt 1.2771 seg_cnt -3.0588
[stage2] epoch 16/50 step 27 | loss 2.5762 | train det 0.0227 seg 0.0971 cnt 1.4589 | shared_pairs det_seg 96/288 det_cnt 117/288 seg_cnt 75/288 | scores det_seg 0.1853 det_cnt 3.5752 seg_cnt -3.5847
[stage2] epoch 16/50 step 28 | loss 2.6601 | train det 0.0084 seg 0.2302 cnt 0.6924 | shared_pairs det_seg 96/288 det_cnt 95/288 seg_cnt 97/288 | scores det_seg -2.7657 det_cnt -1.6360 seg_cnt 0.3975
[stage2] epoch 16/50 step 29 | loss 4.3405 | train det 0.1517 seg 0.0884 cnt 1.3575 | shared_pairs det_seg 106/288 det_cnt 101/288 seg_cnt 81/288 | scores det_seg -0.1448 det_cnt 1.2422 seg_cnt 1.2752
[stage2] epoch 16/50 step 30 | loss 2.5772 | train det 0.0604 seg 0.0746 cnt 1.0753 | shared_pairs det_seg 111/288 det_cnt 96/288 seg_cnt 81/288 | scores det_seg 3.3890 det_cnt -0.4639 seg_cnt 2.1090
[stage2] epoch 16/50 step 31 | loss 2.3343 | train det 0.0120 seg 0.0997 cnt 1.3570 | shared_pairs det_seg 120/288 det_cnt 102/288 seg_cnt 66/288 | scores det_seg 3.1935 det_cnt -5.2265 seg_cnt -6.7388
[stage2] epoch 16/50 step 32 | loss 4.0285 | train det 0.0232 seg 0.1420 cnt 2.5448 | shared_pairs det_seg 112/288 det_cnt 90/288 seg_cnt 86/288 | scores det_seg 2.2735 det_cnt -2.4447 seg_cnt 1.2905
[stage2] epoch 16/50 step 33 | loss 2.6301 | train det 0.0322 seg 0.1352 cnt 1.0664 | shared_pairs det_seg 111/288 det_cnt 97/288 seg_cnt 80/288 | scores det_seg -1.6043 det_cnt 1.7618 seg_cnt 2.9881
[stage2] epoch 16/50 step 34 | loss 2.3092 | train det 0.0205 seg 0.0799 cnt 1.3626 | shared_pairs det_seg 95/288 det_cnt 113/288 seg_cnt 80/288 | scores det_seg -1.9794 det_cnt 2.3792 seg_cnt 1.0141
[stage2] epoch 16/50 step 35 | loss 3.3153 | train det 0.0089 seg 0.0759 cnt 2.5747 | shared_pairs det_seg 100/288 det_cnt 101/288 seg_cnt 87/288 | scores det_seg 2.1249 det_cnt 2.0046 seg_cnt 4.8228
[stage2] epoch 16/50 step 36 | loss 2.2041 | train det 0.0028 seg 0.1267 cnt 1.1482 | shared_pairs det_seg 103/288 det_cnt 102/288 seg_cnt 83/288 | scores det_seg -0.2992 det_cnt 0.1488 seg_cnt 1.5329
[stage2] epoch 16/50 step 37 | loss 9.5805 | train det 0.0600 seg 0.1302 cnt 7.6390 | shared_pairs det_seg 99/288 det_cnt 118/288 seg_cnt 71/288 | scores det_seg 1.8231 det_cnt 3.1081 seg_cnt 0.4750
[stage2] epoch 16/50 step 38 | loss 2.9242 | train det 0.0410 seg 0.0940 cnt 1.5568 | shared_pairs det_seg 97/288 det_cnt 109/288 seg_cnt 82/288 | scores det_seg 0.8198 det_cnt 0.5850 seg_cnt 1.4180
[stage2] epoch 16/50 step 39 | loss 6.3760 | train det 0.0358 seg 0.0765 cnt 5.2267 | shared_pairs det_seg 97/288 det_cnt 96/288 seg_cnt 95/288 | scores det_seg -2.8218 det_cnt -3.1810 seg_cnt -0.6181
[stage2] epoch 16/50 step 40 | loss 4.4614 | train det 0.0241 seg 0.0485 cnt 3.7118 | shared_pairs det_seg 101/288 det_cnt 107/288 seg_cnt 80/288 | scores det_seg -0.4530 det_cnt 1.4116 seg_cnt 3.4835
[stage2] epoch 16/50 step 41 | loss 4.3891 | train det 0.0561 seg 0.1133 cnt 2.6406 | shared_pairs det_seg 97/288 det_cnt 110/288 seg_cnt 81/288 | scores det_seg -1.6649 det_cnt 2.9820 seg_cnt 1.7160
[stage2] epoch 16/50 step 42 | loss 6.7228 | train det 0.0223 seg 0.1344 cnt 5.3133 | shared_pairs det_seg 101/288 det_cnt 93/288 seg_cnt 94/288 | scores det_seg -0.9770 det_cnt -1.7506 seg_cnt 2.9106
[stage2] epoch 16/50 step 43 | loss 2.0289 | train det 0.0130 seg 0.0393 cnt 1.5200 | shared_pairs det_seg 104/288 det_cnt 104/288 seg_cnt 80/288 | scores det_seg -1.2162 det_cnt -0.6022 seg_cnt 2.5871
[stage2] epoch 16/50 | train 3.8303 | det 0.0449 seg 0.1006 cnt 2.3525 | selected_by_matrix_unit det_seg 4561 det_cnt 4236 seg_cnt 3587
[stage2] epoch 16 | val det 0.4672 seg 0.8850 miou 0.6597 cnt 3.3284 dens 8.281361e-01 mae 2.5002 total_mae 11.4787 | ap50 0.6655 | combo 1.725200
[stage2] epoch 17/50 step 1 | loss 4.7631 | train det 0.0845 seg 0.0993 cnt 2.7017 | shared_pairs det_seg 96/288 det_cnt 100/288 seg_cnt 92/288 | scores det_seg 2.3002 det_cnt -0.5493 seg_cnt 3.6942
[stage2] epoch 17/50 step 2 | loss 3.2855 | train det 0.0188 seg 0.1135 cnt 2.0953 | shared_pairs det_seg 111/288 det_cnt 92/288 seg_cnt 85/288 | scores det_seg 3.2673 det_cnt 0.3374 seg_cnt 5.1882
[stage2] epoch 17/50 step 3 | loss 2.5694 | train det 0.0521 seg 0.0787 cnt 1.1577 | shared_pairs det_seg 104/288 det_cnt 103/288 seg_cnt 81/288 | scores det_seg 0.0910 det_cnt 2.7505 seg_cnt -0.1049
[stage2] epoch 17/50 step 4 | loss 3.7499 | train det 0.0557 seg 0.1005 cnt 2.1100 | shared_pairs det_seg 110/288 det_cnt 92/288 seg_cnt 86/288 | scores det_seg 0.1899 det_cnt 1.4011 seg_cnt 1.9621
[stage2] epoch 17/50 step 5 | loss 2.2244 | train det 0.0199 seg 0.0494 cnt 1.5308 | shared_pairs det_seg 109/288 det_cnt 84/288 seg_cnt 95/288 | scores det_seg 2.9298 det_cnt -2.0843 seg_cnt 1.8107
[stage2] epoch 17/50 step 6 | loss 5.3459 | train det 0.0385 seg 0.1308 cnt 3.7227 | shared_pairs det_seg 111/288 det_cnt 101/288 seg_cnt 76/288 | scores det_seg -1.1423 det_cnt 2.1867 seg_cnt -1.5828
[stage2] epoch 17/50 step 7 | loss 4.4971 | train det 0.0519 seg 0.1095 cnt 2.8423 | shared_pairs det_seg 101/288 det_cnt 120/288 seg_cnt 67/288 | scores det_seg -1.6048 det_cnt 1.4644 seg_cnt -5.5382
[stage2] epoch 17/50 step 8 | loss 2.6058 | train det 0.0630 seg 0.0721 cnt 1.0842 | shared_pairs det_seg 100/288 det_cnt 101/288 seg_cnt 87/288 | scores det_seg -0.5330 det_cnt 2.4701 seg_cnt 1.1958
[stage2] epoch 17/50 step 9 | loss 2.9128 | train det 0.0270 seg 0.0832 cnt 1.8414 | shared_pairs det_seg 106/288 det_cnt 98/288 seg_cnt 84/288 | scores det_seg -5.0766 det_cnt -5.2715 seg_cnt 0.1225
[stage2] epoch 17/50 step 10 | loss 3.5493 | train det 0.0077 seg 0.1162 cnt 2.5042 | shared_pairs det_seg 99/288 det_cnt 89/288 seg_cnt 100/288 | scores det_seg -2.0085 det_cnt 0.6117 seg_cnt 3.3736
[stage2] epoch 17/50 step 11 | loss 2.3098 | train det 0.0213 seg 0.0542 cnt 1.5568 | shared_pairs det_seg 114/288 det_cnt 95/288 seg_cnt 79/288 | scores det_seg 0.3012 det_cnt -1.5593 seg_cnt 0.1549
[stage2] epoch 17/50 step 12 | loss 5.1361 | train det 0.0499 seg 0.1305 cnt 3.3439 | shared_pairs det_seg 111/288 det_cnt 110/288 seg_cnt 67/288 | scores det_seg 0.7670 det_cnt -2.5301 seg_cnt -6.3936
[stage2] epoch 17/50 step 13 | loss 1.9862 | train det 0.0060 seg 0.0957 cnt 1.1305 | shared_pairs det_seg 109/288 det_cnt 94/288 seg_cnt 85/288 | scores det_seg 0.9337 det_cnt 1.4108 seg_cnt -0.5381
[stage2] epoch 17/50 step 14 | loss 3.3875 | train det 0.0577 seg 0.1248 cnt 1.5226 | shared_pairs det_seg 100/288 det_cnt 103/288 seg_cnt 85/288 | scores det_seg -1.5285 det_cnt 1.8547 seg_cnt -3.5784
[stage2] epoch 17/50 step 15 | loss 6.0371 | train det 0.1300 seg 0.1157 cnt 3.1616 | shared_pairs det_seg 101/288 det_cnt 99/288 seg_cnt 88/288 | scores det_seg -1.6561 det_cnt 0.0070 seg_cnt 2.9854
[stage2] epoch 17/50 step 16 | loss 1.3248 | train det 0.0032 seg 0.0969 cnt 0.5019 | shared_pairs det_seg 102/288 det_cnt 94/288 seg_cnt 92/288 | scores det_seg -1.2154 det_cnt -2.9558 seg_cnt 0.0414
[stage2] epoch 17/50 step 17 | loss 2.7058 | train det 0.0235 seg 0.0435 cnt 2.0051 | shared_pairs det_seg 97/288 det_cnt 107/288 seg_cnt 84/288 | scores det_seg -2.8788 det_cnt 4.2060 seg_cnt 4.0063
[stage2] epoch 17/50 step 18 | loss 1.6653 | train det 0.0153 seg 0.0610 cnt 0.9472 | shared_pairs det_seg 97/288 det_cnt 104/288 seg_cnt 87/288 | scores det_seg -0.5698 det_cnt 2.9706 seg_cnt 0.8411
[stage2] epoch 17/50 step 19 | loss 3.2238 | train det 0.1241 seg 0.0903 cnt 0.6390 | shared_pairs det_seg 94/288 det_cnt 125/288 seg_cnt 69/288 | scores det_seg 0.3092 det_cnt 3.0189 seg_cnt -2.2068
[stage2] epoch 17/50 step 20 | loss 2.1457 | train det 0.0187 seg 0.0819 cnt 1.2098 | shared_pairs det_seg 108/288 det_cnt 96/288 seg_cnt 84/288 | scores det_seg 1.8727 det_cnt -3.5924 seg_cnt 3.2217
[stage2] epoch 17/50 step 21 | loss 3.7586 | train det 0.0737 seg 0.0928 cnt 1.9104 | shared_pairs det_seg 135/288 det_cnt 89/288 seg_cnt 64/288 | scores det_seg 7.5039 det_cnt -4.7459 seg_cnt -3.8483
[stage2] epoch 17/50 step 22 | loss 1.8126 | train det 0.0280 seg 0.0631 cnt 0.8877 | shared_pairs det_seg 107/288 det_cnt 106/288 seg_cnt 75/288 | scores det_seg 2.6833 det_cnt -2.7291 seg_cnt 1.4886
[stage2] epoch 17/50 step 23 | loss 3.3205 | train det 0.0295 seg 0.1905 cnt 1.3536 | shared_pairs det_seg 110/288 det_cnt 108/288 seg_cnt 70/288 | scores det_seg 1.3949 det_cnt 3.7084 seg_cnt 0.2054
[stage2] epoch 17/50 step 24 | loss 3.9823 | train det 0.0248 seg 0.0973 cnt 2.8322 | shared_pairs det_seg 96/288 det_cnt 100/288 seg_cnt 92/288 | scores det_seg 0.2922 det_cnt 0.5504 seg_cnt -0.4004
[stage2] epoch 17/50 step 25 | loss 4.3058 | train det 0.0347 seg 0.1402 cnt 2.6637 | shared_pairs det_seg 100/288 det_cnt 101/288 seg_cnt 87/288 | scores det_seg -2.0880 det_cnt -2.1483 seg_cnt -3.7956
[stage2] epoch 17/50 step 26 | loss 2.5630 | train det 0.0302 seg 0.0457 cnt 1.7445 | shared_pairs det_seg 88/288 det_cnt 104/288 seg_cnt 96/288 | scores det_seg -2.4616 det_cnt 0.9408 seg_cnt 5.6514
[stage2] epoch 17/50 step 27 | loss 2.4086 | train det 0.0196 seg 0.0890 cnt 1.4021 | shared_pairs det_seg 107/288 det_cnt 88/288 seg_cnt 93/288 | scores det_seg 1.0755 det_cnt -2.4419 seg_cnt 5.7506
[stage2] epoch 17/50 step 28 | loss 3.8240 | train det 0.0492 seg 0.0594 cnt 2.6108 | shared_pairs det_seg 117/288 det_cnt 84/288 seg_cnt 87/288 | scores det_seg -1.1642 det_cnt -3.8313 seg_cnt -3.2964
[stage2] epoch 17/50 step 29 | loss 4.9602 | train det 0.2040 seg 0.0477 cnt 1.5179 | shared_pairs det_seg 106/288 det_cnt 100/288 seg_cnt 82/288 | scores det_seg -3.4105 det_cnt -3.4110 seg_cnt -3.1368
[stage2] epoch 17/50 step 30 | loss 10.7668 | train det 0.3732 seg 0.2124 cnt 3.4691 | shared_pairs det_seg 96/288 det_cnt 103/288 seg_cnt 89/288 | scores det_seg 1.0564 det_cnt 1.2132 seg_cnt 1.7262
[stage2] epoch 17/50 step 31 | loss 5.7101 | train det 0.1504 seg 0.0500 cnt 3.0535 | shared_pairs det_seg 89/288 det_cnt 99/288 seg_cnt 100/288 | scores det_seg -4.3018 det_cnt 1.6001 seg_cnt 0.6842
[stage2] epoch 17/50 step 32 | loss 4.2049 | train det 0.1679 seg 0.0831 cnt 1.0218 | shared_pairs det_seg 116/288 det_cnt 91/288 seg_cnt 81/288 | scores det_seg 0.5631 det_cnt 1.0659 seg_cnt 2.1610
[stage2] epoch 17/50 step 33 | loss 3.8329 | train det 0.0771 seg 0.1087 cnt 1.8074 | shared_pairs det_seg 118/288 det_cnt 95/288 seg_cnt 75/288 | scores det_seg 0.7439 det_cnt -3.1400 seg_cnt -2.2465
[stage2] epoch 17/50 step 34 | loss 4.4573 | train det 0.1074 seg 0.0657 cnt 2.3203 | shared_pairs det_seg 121/288 det_cnt 77/288 seg_cnt 90/288 | scores det_seg 1.4985 det_cnt -2.7668 seg_cnt 0.8317
[stage2] epoch 17/50 step 35 | loss 2.4816 | train det 0.0123 seg 0.1161 cnt 1.3675 | shared_pairs det_seg 114/288 det_cnt 106/288 seg_cnt 68/288 | scores det_seg -4.4339 det_cnt 1.1323 seg_cnt -1.4074
[stage2] epoch 17/50 step 36 | loss 4.0669 | train det 0.0057 seg 0.0905 cnt 3.2570 | shared_pairs det_seg 101/288 det_cnt 98/288 seg_cnt 89/288 | scores det_seg -1.3116 det_cnt -3.2031 seg_cnt -0.1194
[stage2] epoch 17/50 step 37 | loss 3.2239 | train det 0.0938 seg 0.0606 cnt 1.3328 | shared_pairs det_seg 100/288 det_cnt 102/288 seg_cnt 86/288 | scores det_seg -0.2952 det_cnt 1.7843 seg_cnt 0.9967
[stage2] epoch 17/50 step 38 | loss 2.9743 | train det 0.0204 seg 0.1661 cnt 1.3396 | shared_pairs det_seg 96/288 det_cnt 111/288 seg_cnt 81/288 | scores det_seg -2.7629 det_cnt 0.3689 seg_cnt -1.7691
[stage2] epoch 17/50 step 39 | loss 4.6535 | train det 0.0500 seg 0.1228 cnt 2.9219 | shared_pairs det_seg 118/288 det_cnt 97/288 seg_cnt 73/288 | scores det_seg -0.4780 det_cnt -0.8994 seg_cnt -2.1507
[stage2] epoch 17/50 step 40 | loss 2.8520 | train det 0.0795 seg 0.1272 cnt 0.6421 | shared_pairs det_seg 122/288 det_cnt 107/288 seg_cnt 59/288 | scores det_seg 0.5339 det_cnt 0.3884 seg_cnt -7.7727
[stage2] epoch 17/50 step 41 | loss 2.9770 | train det 0.0408 seg 0.0496 cnt 1.9682 | shared_pairs det_seg 89/288 det_cnt 104/288 seg_cnt 95/288 | scores det_seg -0.8149 det_cnt 1.7296 seg_cnt 4.9673
[stage2] epoch 17/50 step 42 | loss 2.2065 | train det 0.0345 seg 0.1157 cnt 0.7628 | shared_pairs det_seg 124/288 det_cnt 98/288 seg_cnt 66/288 | scores det_seg 0.3471 det_cnt -4.8896 seg_cnt -3.7594
[stage2] epoch 17/50 step 43 | loss 1.9707 | train det 0.0411 seg 0.0905 cnt 0.6306 | shared_pairs det_seg 111/288 det_cnt 88/288 seg_cnt 89/288 | scores det_seg 2.0758 det_cnt 2.7364 seg_cnt 3.5129
[stage2] epoch 17/50 | train 3.5521 | det 0.0609 seg 0.0961 cnt 1.8704 | selected_by_matrix_unit det_seg 4561 det_cnt 4263 seg_cnt 3560
[stage2] epoch 17 | val det 0.4789 seg 0.8987 miou 0.6595 cnt 3.3324 dens 8.293144e-01 mae 2.5031 total_mae 11.7463 | ap50 0.6635 | combo 1.722560
[stage2] epoch 18/50 step 1 | loss 1.6077 | train det 0.0368 seg 0.0448 cnt 0.6968 | shared_pairs det_seg 111/288 det_cnt 90/288 seg_cnt 87/288 | scores det_seg 1.6857 det_cnt -4.1241 seg_cnt -0.2766
[stage2] epoch 18/50 step 2 | loss 8.9796 | train det 0.3861 seg 0.0966 cnt 2.4156 | shared_pairs det_seg 99/288 det_cnt 112/288 seg_cnt 77/288 | scores det_seg -1.9958 det_cnt -3.0024 seg_cnt -0.6198
[stage2] epoch 18/50 step 3 | loss 2.3678 | train det 0.0183 seg 0.1149 cnt 1.1730 | shared_pairs det_seg 117/288 det_cnt 84/288 seg_cnt 87/288 | scores det_seg -1.7804 det_cnt -6.0289 seg_cnt -1.5499
[stage2] epoch 18/50 step 4 | loss 3.7890 | train det 0.0193 seg 0.0633 cnt 2.9927 | shared_pairs det_seg 111/288 det_cnt 89/288 seg_cnt 88/288 | scores det_seg 1.8954 det_cnt -2.2472 seg_cnt 1.3766
[stage2] epoch 18/50 step 5 | loss 4.1070 | train det 0.0634 seg 0.0895 cnt 2.4404 | shared_pairs det_seg 126/288 det_cnt 85/288 seg_cnt 77/288 | scores det_seg 1.3451 det_cnt -5.8294 seg_cnt -1.2946
[stage2] epoch 18/50 step 6 | loss 2.5220 | train det 0.0454 seg 0.1156 cnt 0.9170 | shared_pairs det_seg 97/288 det_cnt 108/288 seg_cnt 83/288 | scores det_seg -4.7783 det_cnt -0.9833 seg_cnt 0.9401
[stage2] epoch 18/50 step 7 | loss 6.6132 | train det 0.0615 seg 0.2126 cnt 3.9894 | shared_pairs det_seg 91/288 det_cnt 120/288 seg_cnt 77/288 | scores det_seg -0.2873 det_cnt 3.8711 seg_cnt 0.1459
[stage2] epoch 18/50 step 8 | loss 3.2430 | train det 0.0089 seg 0.0740 cnt 2.5171 | shared_pairs det_seg 117/288 det_cnt 92/288 seg_cnt 79/288 | scores det_seg 1.7921 det_cnt -1.6333 seg_cnt -2.6434
[stage2] epoch 18/50 step 9 | loss 2.7032 | train det 0.0734 seg 0.0719 cnt 1.0266 | shared_pairs det_seg 102/288 det_cnt 80/288 seg_cnt 106/288 | scores det_seg 0.2410 det_cnt -3.2973 seg_cnt 4.4794
[stage2] epoch 18/50 step 10 | loss 2.9622 | train det 0.0284 seg 0.0719 cnt 1.9612 | shared_pairs det_seg 108/288 det_cnt 104/288 seg_cnt 76/288 | scores det_seg -0.5577 det_cnt 0.6649 seg_cnt -0.6147
[stage2] epoch 18/50 step 11 | loss 5.7189 | train det 0.0846 seg 0.1594 cnt 3.1754 | shared_pairs det_seg 110/288 det_cnt 118/288 seg_cnt 60/288 | scores det_seg -0.3781 det_cnt 0.8383 seg_cnt -3.5541
[stage2] epoch 18/50 step 12 | loss 1.6954 | train det 0.0444 seg 0.0886 cnt 0.3206 | shared_pairs det_seg 100/288 det_cnt 114/288 seg_cnt 74/288 | scores det_seg 0.1384 det_cnt 1.9844 seg_cnt 0.6247
[stage2] epoch 18/50 step 13 | loss 3.0346 | train det 0.0736 seg 0.0472 cnt 1.5522 | shared_pairs det_seg 97/288 det_cnt 121/288 seg_cnt 70/288 | scores det_seg -1.1220 det_cnt 2.3975 seg_cnt -1.6318
[stage2] epoch 18/50 step 14 | loss 1.9570 | train det 0.0071 seg 0.1481 cnt 0.6658 | shared_pairs det_seg 96/288 det_cnt 116/288 seg_cnt 76/288 | scores det_seg -0.8353 det_cnt 4.2831 seg_cnt -1.3009
[stage2] epoch 18/50 step 15 | loss 5.7806 | train det 0.0711 seg 0.1831 cnt 3.2487 | shared_pairs det_seg 103/288 det_cnt 94/288 seg_cnt 91/288 | scores det_seg -2.5039 det_cnt -0.3811 seg_cnt -0.1404
[stage2] epoch 18/50 step 16 | loss 2.2717 | train det 0.0310 seg 0.0680 cnt 1.2627 | shared_pairs det_seg 118/288 det_cnt 95/288 seg_cnt 75/288 | scores det_seg 0.4975 det_cnt -1.3184 seg_cnt -1.0004
[stage2] epoch 18/50 step 17 | loss 4.2928 | train det 0.1842 seg 0.0370 cnt 1.2344 | shared_pairs det_seg 120/288 det_cnt 83/288 seg_cnt 85/288 | scores det_seg 0.8383 det_cnt -2.8090 seg_cnt -2.0804
[stage2] epoch 18/50 step 18 | loss 2.6598 | train det 0.0903 seg 0.0870 cnt 0.6089 | shared_pairs det_seg 82/288 det_cnt 102/288 seg_cnt 104/288 | scores det_seg -5.7892 det_cnt -4.1232 seg_cnt 3.6789
[stage2] epoch 18/50 step 19 | loss 2.8946 | train det 0.0176 seg 0.0684 cnt 2.0835 | shared_pairs det_seg 112/288 det_cnt 94/288 seg_cnt 82/288 | scores det_seg 1.9586 det_cnt 0.9131 seg_cnt -2.9981
[stage2] epoch 18/50 step 20 | loss 1.7943 | train det 0.0061 seg 0.1177 cnt 0.7611 | shared_pairs det_seg 109/288 det_cnt 96/288 seg_cnt 83/288 | scores det_seg 1.0049 det_cnt -0.7467 seg_cnt -2.6407
[stage2] epoch 18/50 step 21 | loss 2.9120 | train det 0.0231 seg 0.1145 cnt 1.6490 | shared_pairs det_seg 114/288 det_cnt 107/288 seg_cnt 67/288 | scores det_seg 3.3149 det_cnt -0.7992 seg_cnt -3.2360
[stage2] epoch 18/50 step 22 | loss 3.1545 | train det 0.0230 seg 0.0809 cnt 2.1615 | shared_pairs det_seg 100/288 det_cnt 107/288 seg_cnt 81/288 | scores det_seg -2.0501 det_cnt -0.8102 seg_cnt -0.1885
[stage2] epoch 18/50 step 23 | loss 4.8262 | train det 0.0125 seg 0.1428 cnt 3.4961 | shared_pairs det_seg 108/288 det_cnt 101/288 seg_cnt 79/288 | scores det_seg 2.5407 det_cnt -1.7897 seg_cnt -0.5174
[stage2] epoch 18/50 step 24 | loss 1.8141 | train det 0.0099 seg 0.0990 cnt 0.8741 | shared_pairs det_seg 103/288 det_cnt 92/288 seg_cnt 93/288 | scores det_seg -0.4027 det_cnt -2.6783 seg_cnt 0.3765
[stage2] epoch 18/50 step 25 | loss 1.6962 | train det 0.0164 seg 0.0973 cnt 0.6710 | shared_pairs det_seg 109/288 det_cnt 98/288 seg_cnt 81/288 | scores det_seg 0.0985 det_cnt -3.6976 seg_cnt -1.1114
[stage2] epoch 18/50 step 26 | loss 3.0810 | train det 0.0292 seg 0.0986 cnt 1.8541 | shared_pairs det_seg 109/288 det_cnt 91/288 seg_cnt 88/288 | scores det_seg -2.9316 det_cnt -7.2715 seg_cnt 0.0326
[stage2] epoch 18/50 step 27 | loss 1.9559 | train det 0.0199 seg 0.1014 cnt 0.8465 | shared_pairs det_seg 108/288 det_cnt 103/288 seg_cnt 77/288 | scores det_seg -2.0605 det_cnt -1.1348 seg_cnt -3.3672
[stage2] epoch 18/50 step 28 | loss 6.2942 | train det 0.1764 seg 0.0939 cnt 2.8968 | shared_pairs det_seg 112/288 det_cnt 102/288 seg_cnt 74/288 | scores det_seg 0.1434 det_cnt 0.6915 seg_cnt 0.0671
[stage2] epoch 18/50 step 29 | loss 3.5123 | train det 0.0551 seg 0.0382 cnt 2.3805 | shared_pairs det_seg 107/288 det_cnt 101/288 seg_cnt 80/288 | scores det_seg -1.2251 det_cnt -1.1489 seg_cnt -2.1151
[stage2] epoch 18/50 step 30 | loss 2.6372 | train det 0.0566 seg 0.0810 cnt 1.1409 | shared_pairs det_seg 101/288 det_cnt 114/288 seg_cnt 73/288 | scores det_seg -0.5158 det_cnt 4.5350 seg_cnt -2.1583
[stage2] epoch 18/50 step 31 | loss 7.4757 | train det 0.0826 seg 0.2458 cnt 4.2701 | shared_pairs det_seg 112/288 det_cnt 99/288 seg_cnt 77/288 | scores det_seg 1.6304 det_cnt -0.6215 seg_cnt -3.1293
[stage2] epoch 18/50 step 32 | loss 4.0943 | train det 0.0484 seg 0.0733 cnt 2.7822 | shared_pairs det_seg 110/288 det_cnt 89/288 seg_cnt 89/288 | scores det_seg 0.2969 det_cnt -6.0632 seg_cnt -1.6290
[stage2] epoch 18/50 step 33 | loss 2.0268 | train det 0.0131 seg 0.0861 cnt 1.1415 | shared_pairs det_seg 85/288 det_cnt 110/288 seg_cnt 93/288 | scores det_seg -1.2381 det_cnt 2.7862 seg_cnt 2.0296
[stage2] epoch 18/50 step 34 | loss 2.8243 | train det 0.0134 seg 0.0788 cnt 1.9920 | shared_pairs det_seg 103/288 det_cnt 111/288 seg_cnt 74/288 | scores det_seg 2.1660 det_cnt 5.2618 seg_cnt 2.4002
[stage2] epoch 18/50 step 35 | loss 5.6354 | train det 0.0475 seg 0.1722 cnt 3.5454 | shared_pairs det_seg 113/288 det_cnt 87/288 seg_cnt 88/288 | scores det_seg 1.4977 det_cnt -0.9573 seg_cnt -0.1795
[stage2] epoch 18/50 step 36 | loss 1.0819 | train det 0.0132 seg 0.0819 cnt 0.2280 | shared_pairs det_seg 130/288 det_cnt 79/288 seg_cnt 79/288 | scores det_seg 3.0823 det_cnt -1.9035 seg_cnt -1.6061
[stage2] epoch 18/50 step 37 | loss 2.3840 | train det 0.0161 seg 0.0561 cnt 1.6938 | shared_pairs det_seg 121/288 det_cnt 93/288 seg_cnt 74/288 | scores det_seg 1.4886 det_cnt -4.5202 seg_cnt -4.6393
[stage2] epoch 18/50 step 38 | loss 5.9393 | train det 0.3162 seg 0.0562 cnt 0.7466 | shared_pairs det_seg 106/288 det_cnt 102/288 seg_cnt 80/288 | scores det_seg -1.8891 det_cnt 2.3588 seg_cnt 1.1592
[stage2] epoch 18/50 step 39 | loss 4.4268 | train det 0.0148 seg 0.1256 cnt 3.1991 | shared_pairs det_seg 102/288 det_cnt 108/288 seg_cnt 78/288 | scores det_seg -2.0571 det_cnt -2.6528 seg_cnt -1.8905
[stage2] epoch 18/50 step 40 | loss 2.8336 | train det 0.0285 seg 0.1274 cnt 1.3860 | shared_pairs det_seg 104/288 det_cnt 108/288 seg_cnt 76/288 | scores det_seg 2.6108 det_cnt -0.7237 seg_cnt -2.2589
[stage2] epoch 18/50 step 41 | loss 2.9073 | train det 0.0698 seg 0.0695 cnt 1.3034 | shared_pairs det_seg 93/288 det_cnt 108/288 seg_cnt 87/288 | scores det_seg 0.0816 det_cnt 1.2495 seg_cnt 0.8324
[stage2] epoch 18/50 step 42 | loss 2.0822 | train det 0.0370 seg 0.0918 cnt 0.7927 | shared_pairs det_seg 96/288 det_cnt 114/288 seg_cnt 78/288 | scores det_seg 1.0810 det_cnt 3.5957 seg_cnt 2.0691
[stage2] epoch 18/50 step 43 | loss 3.6027 | train det 0.0765 seg 0.0619 cnt 1.9596 | shared_pairs det_seg 119/288 det_cnt 90/288 seg_cnt 79/288 | scores det_seg 1.4524 det_cnt 0.5330 seg_cnt 1.0531
[stage2] epoch 18/50 | train 3.4928 | det 0.0593 seg 0.0985 cnt 1.8152 | selected_by_matrix_unit det_seg 4591 det_cnt 4311 seg_cnt 3482
[stage2] epoch 18 | val det 0.4766 seg 0.8951 miou 0.6583 cnt 3.3168 dens 8.276654e-01 mae 2.4891 total_mae 11.4386 | ap50 0.6616 | combo 1.721691
[stage2] epoch 19/50 step 1 | loss 1.7749 | train det 0.0320 seg 0.0855 cnt 0.6100 | shared_pairs det_seg 90/288 det_cnt 107/288 seg_cnt 91/288 | scores det_seg -4.7362 det_cnt 2.4468 seg_cnt -0.9075
[stage2] epoch 19/50 step 2 | loss 5.3957 | train det 0.0682 seg 0.0612 cnt 3.8827 | shared_pairs det_seg 106/288 det_cnt 91/288 seg_cnt 91/288 | scores det_seg 0.7679 det_cnt -2.6648 seg_cnt -0.4142
[stage2] epoch 19/50 step 3 | loss 2.2712 | train det 0.0305 seg 0.0969 cnt 1.0378 | shared_pairs det_seg 86/288 det_cnt 111/288 seg_cnt 91/288 | scores det_seg -2.8084 det_cnt 1.8504 seg_cnt 0.9346
[stage2] epoch 19/50 step 4 | loss 3.1388 | train det 0.0302 seg 0.0942 cnt 1.9315 | shared_pairs det_seg 107/288 det_cnt 109/288 seg_cnt 72/288 | scores det_seg -0.0560 det_cnt 2.8695 seg_cnt 0.1609
[stage2] epoch 19/50 step 5 | loss 2.2751 | train det 0.0425 seg 0.0339 cnt 1.3663 | shared_pairs det_seg 97/288 det_cnt 99/288 seg_cnt 92/288 | scores det_seg -0.7566 det_cnt 2.9862 seg_cnt 4.1139
[stage2] epoch 19/50 step 6 | loss 6.0062 | train det 0.0536 seg 0.1350 cnt 4.1224 | shared_pairs det_seg 103/288 det_cnt 102/288 seg_cnt 83/288 | scores det_seg -4.4874 det_cnt -3.6289 seg_cnt -1.2100
[stage2] epoch 19/50 step 7 | loss 2.4067 | train det 0.0246 seg 0.1048 cnt 1.1997 | shared_pairs det_seg 125/288 det_cnt 93/288 seg_cnt 70/288 | scores det_seg 2.1723 det_cnt -2.6032 seg_cnt -2.2127
[stage2] epoch 19/50 step 8 | loss 1.6678 | train det 0.0081 seg 0.0707 cnt 0.9813 | shared_pairs det_seg 129/288 det_cnt 78/288 seg_cnt 81/288 | scores det_seg 4.8019 det_cnt -7.2617 seg_cnt -1.7901
[stage2] epoch 19/50 step 9 | loss 5.7828 | train det 0.0343 seg 0.1029 cnt 4.4445 | shared_pairs det_seg 110/288 det_cnt 105/288 seg_cnt 73/288 | scores det_seg 1.8312 det_cnt -2.9218 seg_cnt -0.4229
[stage2] epoch 19/50 step 10 | loss 4.8129 | train det 0.1841 seg 0.1247 cnt 1.0531 | shared_pairs det_seg 102/288 det_cnt 91/288 seg_cnt 95/288 | scores det_seg 1.4280 det_cnt -2.3574 seg_cnt 3.1295
[stage2] epoch 19/50 step 11 | loss 5.5164 | train det 0.2524 seg 0.0888 cnt 1.0201 | shared_pairs det_seg 99/288 det_cnt 124/288 seg_cnt 65/288 | scores det_seg 0.1849 det_cnt 3.2293 seg_cnt -6.9740
[stage2] epoch 19/50 step 12 | loss 4.0223 | train det 0.0219 seg 0.1177 cnt 2.7511 | shared_pairs det_seg 95/288 det_cnt 99/288 seg_cnt 94/288 | scores det_seg -2.4424 det_cnt 0.9503 seg_cnt 3.1123
[stage2] epoch 19/50 step 13 | loss 2.4637 | train det 0.0264 seg 0.0915 cnt 1.3363 | shared_pairs det_seg 105/288 det_cnt 107/288 seg_cnt 76/288 | scores det_seg 1.6951 det_cnt -0.0590 seg_cnt -5.2719
[stage2] epoch 19/50 step 14 | loss 4.0953 | train det 0.0134 seg 0.1243 cnt 2.8992 | shared_pairs det_seg 95/288 det_cnt 103/288 seg_cnt 90/288 | scores det_seg -3.6186 det_cnt -1.3867 seg_cnt 2.4032
[stage2] epoch 19/50 step 15 | loss 2.7855 | train det 0.0826 seg 0.1233 cnt 0.5609 | shared_pairs det_seg 118/288 det_cnt 90/288 seg_cnt 80/288 | scores det_seg -0.1105 det_cnt 0.0071 seg_cnt -1.7623
[stage2] epoch 19/50 step 16 | loss 3.5596 | train det 0.0370 seg 0.0752 cnt 2.4041 | shared_pairs det_seg 96/288 det_cnt 99/288 seg_cnt 93/288 | scores det_seg 0.1255 det_cnt -1.5201 seg_cnt 3.1709
[stage2] epoch 19/50 step 17 | loss 3.6340 | train det 0.0132 seg 0.0476 cnt 3.0556 | shared_pairs det_seg 94/288 det_cnt 103/288 seg_cnt 91/288 | scores det_seg -0.0816 det_cnt -1.1100 seg_cnt -1.4033
[stage2] epoch 19/50 step 18 | loss 2.5972 | train det 0.0424 seg 0.1376 cnt 0.8604 | shared_pairs det_seg 96/288 det_cnt 97/288 seg_cnt 95/288 | scores det_seg 0.0691 det_cnt 0.0578 seg_cnt 1.7714
[stage2] epoch 19/50 step 19 | loss 1.9326 | train det 0.0308 seg 0.1131 cnt 0.5654 | shared_pairs det_seg 113/288 det_cnt 105/288 seg_cnt 70/288 | scores det_seg 0.6912 det_cnt -2.0364 seg_cnt -2.7905
[stage2] epoch 19/50 step 20 | loss 2.8647 | train det 0.0166 seg 0.1157 cnt 1.6901 | shared_pairs det_seg 96/288 det_cnt 106/288 seg_cnt 86/288 | scores det_seg -0.2977 det_cnt 4.0213 seg_cnt 1.1403
[stage2] epoch 19/50 step 21 | loss 5.7047 | train det 0.2188 seg 0.0692 cnt 1.8689 | shared_pairs det_seg 101/288 det_cnt 103/288 seg_cnt 84/288 | scores det_seg 0.0741 det_cnt 3.8523 seg_cnt 0.9798
[stage2] epoch 19/50 step 22 | loss 2.6528 | train det 0.0226 seg 0.1132 cnt 1.4078 | shared_pairs det_seg 100/288 det_cnt 101/288 seg_cnt 87/288 | scores det_seg -0.0601 det_cnt 1.3194 seg_cnt -3.5598
[stage2] epoch 19/50 step 23 | loss 2.1441 | train det 0.0406 seg 0.0894 cnt 0.8195 | shared_pairs det_seg 118/288 det_cnt 83/288 seg_cnt 87/288 | scores det_seg 4.3998 det_cnt -1.4376 seg_cnt 2.8471
[stage2] epoch 19/50 step 24 | loss 2.3641 | train det 0.0367 seg 0.0886 cnt 1.1045 | shared_pairs det_seg 83/288 det_cnt 122/288 seg_cnt 83/288 | scores det_seg -4.7436 det_cnt -0.8838 seg_cnt -4.0235
[stage2] epoch 19/50 step 25 | loss 1.7541 | train det 0.0247 seg 0.1006 cnt 0.5791 | shared_pairs det_seg 106/288 det_cnt 102/288 seg_cnt 80/288 | scores det_seg -0.3607 det_cnt -1.0270 seg_cnt -1.6847
[stage2] epoch 19/50 step 26 | loss 5.7722 | train det 0.0537 seg 0.1618 cnt 3.6727 | shared_pairs det_seg 110/288 det_cnt 91/288 seg_cnt 87/288 | scores det_seg 2.9520 det_cnt -0.8233 seg_cnt 5.5460
[stage2] epoch 19/50 step 27 | loss 2.3487 | train det 0.0099 seg 0.1432 cnt 1.0537 | shared_pairs det_seg 105/288 det_cnt 101/288 seg_cnt 82/288 | scores det_seg 0.2735 det_cnt 0.1092 seg_cnt 1.6106
[stage2] epoch 19/50 step 28 | loss 3.2482 | train det 0.0514 seg 0.1019 cnt 1.6618 | shared_pairs det_seg 115/288 det_cnt 96/288 seg_cnt 77/288 | scores det_seg -0.5982 det_cnt -2.8061 seg_cnt 0.9944
[stage2] epoch 19/50 step 29 | loss 1.8385 | train det 0.0149 seg 0.0729 cnt 1.0318 | shared_pairs det_seg 104/288 det_cnt 107/288 seg_cnt 77/288 | scores det_seg -1.3673 det_cnt 6.5292 seg_cnt 0.1388
[stage2] epoch 19/50 step 30 | loss 6.5214 | train det 0.1611 seg 0.0351 cnt 3.8236 | shared_pairs det_seg 99/288 det_cnt 80/288 seg_cnt 109/288 | scores det_seg 0.0143 det_cnt -3.9479 seg_cnt -0.3743
[stage2] epoch 19/50 step 31 | loss 2.8676 | train det 0.0363 seg 0.1621 cnt 1.0263 | shared_pairs det_seg 115/288 det_cnt 106/288 seg_cnt 67/288 | scores det_seg 4.0689 det_cnt 4.2683 seg_cnt -2.1172
[stage2] epoch 19/50 step 32 | loss 3.4686 | train det 0.0227 seg 0.2610 cnt 1.0405 | shared_pairs det_seg 111/288 det_cnt 90/288 seg_cnt 87/288 | scores det_seg 0.4498 det_cnt -4.1828 seg_cnt 1.5965
[stage2] epoch 19/50 step 33 | loss 5.5915 | train det 0.0237 seg 0.0661 cnt 4.7080 | shared_pairs det_seg 103/288 det_cnt 98/288 seg_cnt 87/288 | scores det_seg -3.0344 det_cnt -3.3624 seg_cnt 0.2383
[stage2] epoch 19/50 step 34 | loss 1.3763 | train det 0.0176 seg 0.0235 cnt 0.9240 | shared_pairs det_seg 105/288 det_cnt 99/288 seg_cnt 84/288 | scores det_seg -1.1869 det_cnt -4.0996 seg_cnt -1.8271
[stage2] epoch 19/50 step 35 | loss 2.1131 | train det 0.0144 seg 0.1242 cnt 0.9040 | shared_pairs det_seg 112/288 det_cnt 96/288 seg_cnt 80/288 | scores det_seg 0.9222 det_cnt -0.8117 seg_cnt -1.0747
[stage2] epoch 19/50 step 36 | loss 3.4649 | train det 0.0214 seg 0.0361 cnt 2.8555 | shared_pairs det_seg 94/288 det_cnt 98/288 seg_cnt 96/288 | scores det_seg -0.9316 det_cnt -3.5174 seg_cnt 1.1226
[stage2] epoch 19/50 step 37 | loss 2.9421 | train det 0.0330 seg 0.1206 cnt 1.4817 | shared_pairs det_seg 110/288 det_cnt 98/288 seg_cnt 80/288 | scores det_seg 1.4226 det_cnt 3.3956 seg_cnt 0.4283
[stage2] epoch 19/50 step 38 | loss 4.7282 | train det 0.0887 seg 0.0616 cnt 2.9041 | shared_pairs det_seg 110/288 det_cnt 105/288 seg_cnt 73/288 | scores det_seg 1.5193 det_cnt -1.0706 seg_cnt -5.2472
[stage2] epoch 19/50 step 39 | loss 1.5069 | train det 0.0250 seg 0.0744 cnt 0.5369 | shared_pairs det_seg 94/288 det_cnt 94/288 seg_cnt 100/288 | scores det_seg 0.2987 det_cnt 0.6167 seg_cnt 2.8851
[stage2] epoch 19/50 step 40 | loss 4.5742 | train det 0.0248 seg 0.1538 cnt 2.9719 | shared_pairs det_seg 105/288 det_cnt 113/288 seg_cnt 70/288 | scores det_seg 3.2083 det_cnt -0.3207 seg_cnt -4.2130
[stage2] epoch 19/50 step 41 | loss 4.3949 | train det 0.0448 seg 0.1149 cnt 2.8041 | shared_pairs det_seg 98/288 det_cnt 108/288 seg_cnt 82/288 | scores det_seg -0.8754 det_cnt -1.8339 seg_cnt 0.5443
[stage2] epoch 19/50 step 42 | loss 2.6109 | train det 0.0453 seg 0.1366 cnt 0.8388 | shared_pairs det_seg 103/288 det_cnt 103/288 seg_cnt 82/288 | scores det_seg -0.1003 det_cnt 0.2381 seg_cnt 2.3231
[stage2] epoch 19/50 step 43 | loss 1.2936 | train det 0.0190 seg 0.0532 cnt 0.5832 | shared_pairs det_seg 95/288 det_cnt 123/288 seg_cnt 70/288 | scores det_seg 0.7093 det_cnt 4.2305 seg_cnt -1.7180
[stage2] epoch 19/50 | train 3.3555 | det 0.0487 seg 0.1002 cnt 1.8227 | selected_by_matrix_unit det_seg 4458 det_cnt 4336 seg_cnt 3590
[stage2] epoch 19 | val det 0.4851 seg 0.8909 miou 0.6605 cnt 3.3122 dens 8.273654e-01 mae 2.4848 total_mae 11.4376 | ap50 0.6640 | combo 1.726973
[stage2] epoch 20/50 step 1 | loss 2.5113 | train det 0.0307 seg 0.0940 cnt 1.2987 | shared_pairs det_seg 102/288 det_cnt 111/288 seg_cnt 75/288 | scores det_seg 0.6526 det_cnt 0.8474 seg_cnt -0.1305
[stage2] epoch 20/50 step 2 | loss 2.6171 | train det 0.0279 seg 0.0344 cnt 1.9227 | shared_pairs det_seg 90/288 det_cnt 110/288 seg_cnt 88/288 | scores det_seg -1.5107 det_cnt 1.0293 seg_cnt 1.5260
[stage2] epoch 20/50 step 3 | loss 1.8675 | train det 0.0133 seg 0.0922 cnt 0.9294 | shared_pairs det_seg 104/288 det_cnt 92/288 seg_cnt 92/288 | scores det_seg -2.6210 det_cnt -0.3736 seg_cnt 3.7052
[stage2] epoch 20/50 step 4 | loss 3.0078 | train det 0.0654 seg 0.1509 cnt 0.8192 | shared_pairs det_seg 100/288 det_cnt 107/288 seg_cnt 81/288 | scores det_seg -1.5061 det_cnt 0.0947 seg_cnt 2.6911
[stage2] epoch 20/50 step 5 | loss 2.8321 | train det 0.0234 seg 0.0695 cnt 1.9258 | shared_pairs det_seg 102/288 det_cnt 100/288 seg_cnt 86/288 | scores det_seg 0.7673 det_cnt 2.6198 seg_cnt 1.9043
[stage2] epoch 20/50 step 6 | loss 4.6893 | train det 0.0310 seg 0.1811 cnt 2.7748 | shared_pairs det_seg 112/288 det_cnt 89/288 seg_cnt 87/288 | scores det_seg -1.2574 det_cnt -4.1815 seg_cnt 0.8961
[stage2] epoch 20/50 step 7 | loss 2.1318 | train det 0.0242 seg 0.1154 cnt 0.8456 | shared_pairs det_seg 118/288 det_cnt 89/288 seg_cnt 81/288 | scores det_seg -0.2492 det_cnt -1.5938 seg_cnt -0.7503
[stage2] epoch 20/50 step 8 | loss 2.4878 | train det 0.0635 seg 0.0941 cnt 0.7826 | shared_pairs det_seg 91/288 det_cnt 97/288 seg_cnt 100/288 | scores det_seg 1.2512 det_cnt 1.0243 seg_cnt 4.1242
[stage2] epoch 20/50 step 9 | loss 2.1241 | train det 0.0181 seg 0.1349 cnt 0.7731 | shared_pairs det_seg 100/288 det_cnt 106/288 seg_cnt 82/288 | scores det_seg -4.7980 det_cnt -3.5203 seg_cnt -1.8819
[stage2] epoch 20/50 step 10 | loss 1.9445 | train det 0.0522 seg 0.0724 cnt 0.5821 | shared_pairs det_seg 105/288 det_cnt 85/288 seg_cnt 98/288 | scores det_seg -1.8109 det_cnt -2.6450 seg_cnt 4.4049
[stage2] epoch 20/50 step 11 | loss 2.6682 | train det 0.0727 seg 0.1377 cnt 0.4766 | shared_pairs det_seg 109/288 det_cnt 106/288 seg_cnt 73/288 | scores det_seg -0.6295 det_cnt 4.3394 seg_cnt 0.2567
[stage2] epoch 20/50 step 12 | loss 2.4868 | train det 0.0852 seg 0.0509 cnt 0.8010 | shared_pairs det_seg 99/288 det_cnt 113/288 seg_cnt 76/288 | scores det_seg -0.8306 det_cnt -0.7170 seg_cnt -5.4442
[stage2] epoch 20/50 step 13 | loss 1.8490 | train det 0.0478 seg 0.0245 cnt 0.9352 | shared_pairs det_seg 95/288 det_cnt 128/288 seg_cnt 65/288 | scores det_seg 1.0959 det_cnt 4.9825 seg_cnt 0.5737
[stage2] epoch 20/50 step 14 | loss 3.3933 | train det 0.0594 seg 0.1801 cnt 1.0614 | shared_pairs det_seg 133/288 det_cnt 103/288 seg_cnt 52/288 | scores det_seg 2.0087 det_cnt -0.5202 seg_cnt -3.7818
[stage2] epoch 20/50 step 15 | loss 3.2665 | train det 0.0426 seg 0.0289 cnt 2.3969 | shared_pairs det_seg 107/288 det_cnt 89/288 seg_cnt 92/288 | scores det_seg -0.4231 det_cnt -2.6127 seg_cnt 1.3728
[stage2] epoch 20/50 step 16 | loss 2.9327 | train det 0.0093 seg 0.0607 cnt 2.3080 | shared_pairs det_seg 121/288 det_cnt 100/288 seg_cnt 67/288 | scores det_seg 1.9803 det_cnt 1.2241 seg_cnt -3.2718
[stage2] epoch 20/50 step 17 | loss 3.1197 | train det 0.0159 seg 0.1151 cnt 1.9605 | shared_pairs det_seg 105/288 det_cnt 94/288 seg_cnt 89/288 | scores det_seg -3.4635 det_cnt -2.6339 seg_cnt 0.5719
[stage2] epoch 20/50 step 18 | loss 4.1989 | train det 0.1116 seg 0.0723 cnt 1.9467 | shared_pairs det_seg 114/288 det_cnt 93/288 seg_cnt 81/288 | scores det_seg 0.6642 det_cnt 2.9828 seg_cnt 5.7993
[stage2] epoch 20/50 step 19 | loss 9.8136 | train det 0.0293 seg 0.1239 cnt 8.3824 | shared_pairs det_seg 104/288 det_cnt 97/288 seg_cnt 87/288 | scores det_seg -1.2633 det_cnt 0.2652 seg_cnt 3.5694
[stage2] epoch 20/50 step 20 | loss 3.7444 | train det 0.0636 seg 0.1091 cnt 1.9177 | shared_pairs det_seg 99/288 det_cnt 101/288 seg_cnt 88/288 | scores det_seg -0.7709 det_cnt 1.6094 seg_cnt 2.1416
[stage2] epoch 20/50 step 21 | loss 3.0183 | train det 0.0411 seg 0.1368 cnt 1.3066 | shared_pairs det_seg 107/288 det_cnt 85/288 seg_cnt 96/288 | scores det_seg -0.4168 det_cnt -1.2605 seg_cnt 2.1703
[stage2] epoch 20/50 step 22 | loss 2.6244 | train det 0.0482 seg 0.0805 cnt 1.2567 | shared_pairs det_seg 98/288 det_cnt 117/288 seg_cnt 73/288 | scores det_seg 0.0237 det_cnt 3.5669 seg_cnt -3.0980
[stage2] epoch 20/50 step 23 | loss 2.2865 | train det 0.0119 seg 0.0740 cnt 1.5160 | shared_pairs det_seg 99/288 det_cnt 108/288 seg_cnt 81/288 | scores det_seg 0.1780 det_cnt 0.2866 seg_cnt 2.4741
[stage2] epoch 20/50 step 24 | loss 1.0685 | train det 0.0142 seg 0.0434 cnt 0.5086 | shared_pairs det_seg 127/288 det_cnt 83/288 seg_cnt 78/288 | scores det_seg 4.0221 det_cnt 0.4936 seg_cnt 2.3341
[stage2] epoch 20/50 step 25 | loss 5.2570 | train det 0.2223 seg 0.0868 cnt 1.2280 | shared_pairs det_seg 101/288 det_cnt 108/288 seg_cnt 79/288 | scores det_seg -0.8964 det_cnt 0.8946 seg_cnt -1.9894
[stage2] epoch 20/50 step 26 | loss 4.2742 | train det 0.0597 seg 0.2022 cnt 1.7613 | shared_pairs det_seg 131/288 det_cnt 69/288 seg_cnt 88/288 | scores det_seg 0.2079 det_cnt -8.7234 seg_cnt -1.8925
[stage2] epoch 20/50 step 27 | loss 4.2612 | train det 0.1414 seg 0.1601 cnt 0.8586 | shared_pairs det_seg 131/288 det_cnt 81/288 seg_cnt 76/288 | scores det_seg 0.1553 det_cnt -6.3672 seg_cnt -3.9246
[stage2] epoch 20/50 step 28 | loss 1.7609 | train det 0.0120 seg 0.0941 cnt 0.8282 | shared_pairs det_seg 102/288 det_cnt 94/288 seg_cnt 92/288 | scores det_seg -1.6186 det_cnt -3.1249 seg_cnt 2.2006
[stage2] epoch 20/50 step 29 | loss 4.8427 | train det 0.0471 seg 0.2735 cnt 1.9480 | shared_pairs det_seg 119/288 det_cnt 82/288 seg_cnt 87/288 | scores det_seg 1.3058 det_cnt -7.3148 seg_cnt 2.0248
[stage2] epoch 20/50 step 30 | loss 4.3546 | train det 0.0119 seg 0.1133 cnt 3.2700 | shared_pairs det_seg 98/288 det_cnt 103/288 seg_cnt 87/288 | scores det_seg -0.3118 det_cnt -2.2374 seg_cnt 3.5732
[stage2] epoch 20/50 step 31 | loss 1.6528 | train det 0.0195 seg 0.0875 cnt 0.6594 | shared_pairs det_seg 109/288 det_cnt 98/288 seg_cnt 81/288 | scores det_seg 2.0896 det_cnt 0.2784 seg_cnt 0.0766
[stage2] epoch 20/50 step 32 | loss 1.4798 | train det 0.0358 seg 0.0346 cnt 0.6661 | shared_pairs det_seg 120/288 det_cnt 77/288 seg_cnt 91/288 | scores det_seg 2.3878 det_cnt 0.9801 seg_cnt 0.0709
[stage2] epoch 20/50 step 33 | loss 1.4105 | train det 0.0113 seg 0.0688 cnt 0.6911 | shared_pairs det_seg 134/288 det_cnt 87/288 seg_cnt 67/288 | scores det_seg 2.6610 det_cnt -5.1032 seg_cnt -4.8816
[stage2] epoch 20/50 step 34 | loss 2.3850 | train det 0.0656 seg 0.0992 cnt 0.6077 | shared_pairs det_seg 115/288 det_cnt 91/288 seg_cnt 82/288 | scores det_seg -3.0738 det_cnt -2.5770 seg_cnt 3.1421
[stage2] epoch 20/50 step 35 | loss 2.1724 | train det 0.0403 seg 0.1273 cnt 0.5504 | shared_pairs det_seg 89/288 det_cnt 112/288 seg_cnt 87/288 | scores det_seg -2.5207 det_cnt 6.0211 seg_cnt 4.8989
[stage2] epoch 20/50 step 36 | loss 2.0029 | train det 0.0101 seg 0.1130 cnt 0.9471 | shared_pairs det_seg 96/288 det_cnt 109/288 seg_cnt 83/288 | scores det_seg 2.9042 det_cnt 1.5244 seg_cnt 4.5555
[stage2] epoch 20/50 step 37 | loss 2.3270 | train det 0.0289 seg 0.1085 cnt 1.0249 | shared_pairs det_seg 104/288 det_cnt 112/288 seg_cnt 72/288 | scores det_seg 2.7883 det_cnt 2.8300 seg_cnt 2.2435
[stage2] epoch 20/50 step 38 | loss 2.5736 | train det 0.0268 seg 0.1032 cnt 1.3451 | shared_pairs det_seg 116/288 det_cnt 101/288 seg_cnt 71/288 | scores det_seg 1.1807 det_cnt -1.6750 seg_cnt -3.1782
[stage2] epoch 20/50 step 39 | loss 3.6018 | train det 0.0135 seg 0.1184 cnt 2.4532 | shared_pairs det_seg 97/288 det_cnt 103/288 seg_cnt 88/288 | scores det_seg 0.7758 det_cnt 2.3688 seg_cnt 2.8939
[stage2] epoch 20/50 step 40 | loss 4.2150 | train det 0.0583 seg 0.1105 cnt 2.4569 | shared_pairs det_seg 91/288 det_cnt 124/288 seg_cnt 73/288 | scores det_seg -2.6052 det_cnt 3.3557 seg_cnt -4.8527
[stage2] epoch 20/50 step 41 | loss 4.4501 | train det 0.0336 seg 0.1214 cnt 2.9743 | shared_pairs det_seg 120/288 det_cnt 91/288 seg_cnt 77/288 | scores det_seg 1.6277 det_cnt -0.9381 seg_cnt -2.4850
[stage2] epoch 20/50 step 42 | loss 3.1732 | train det 0.0220 seg 0.0878 cnt 2.1410 | shared_pairs det_seg 114/288 det_cnt 98/288 seg_cnt 76/288 | scores det_seg 1.5350 det_cnt 0.1419 seg_cnt -1.4327
[stage2] epoch 20/50 step 43 | loss 8.9417 | train det 0.0345 seg 0.0625 cnt 7.9238 | shared_pairs det_seg 118/288 det_cnt 101/288 seg_cnt 69/288 | scores det_seg 3.4012 det_cnt 0.5550 seg_cnt -3.0494
[stage2] epoch 20/50 | train 3.2051 | det 0.0441 seg 0.1035 cnt 1.7154 | selected_by_matrix_unit det_seg 4646 det_cnt 4244 seg_cnt 3494
[stage2] epoch 20 | val det 0.4683 seg 0.9006 miou 0.6583 cnt 3.3182 dens 8.282316e-01 mae 2.4900 total_mae 11.6054 | ap50 0.6666 | combo 1.726533
[stage2] epoch 21/50 step 1 | loss 4.0626 | train det 0.1003 seg 0.1155 cnt 1.6346 | shared_pairs det_seg 100/288 det_cnt 103/288 seg_cnt 85/288 | scores det_seg -3.2967 det_cnt -1.3981 seg_cnt 1.4304
[stage2] epoch 21/50 step 2 | loss 2.4875 | train det 0.0112 seg 0.0972 cnt 1.5420 | shared_pairs det_seg 116/288 det_cnt 97/288 seg_cnt 75/288 | scores det_seg 5.0231 det_cnt 3.3757 seg_cnt 2.7277
[stage2] epoch 21/50 step 3 | loss 1.3631 | train det 0.0133 seg 0.0649 cnt 0.6443 | shared_pairs det_seg 104/288 det_cnt 125/288 seg_cnt 59/288 | scores det_seg 1.0216 det_cnt 6.4055 seg_cnt -3.4906
[stage2] epoch 21/50 step 4 | loss 2.6582 | train det 0.0111 seg 0.1511 cnt 1.2824 | shared_pairs det_seg 79/288 det_cnt 127/288 seg_cnt 82/288 | scores det_seg -0.2819 det_cnt 3.6562 seg_cnt -1.8369
[stage2] epoch 21/50 step 5 | loss 2.8569 | train det 0.0450 seg 0.0919 cnt 1.4460 | shared_pairs det_seg 109/288 det_cnt 101/288 seg_cnt 78/288 | scores det_seg -3.1471 det_cnt 1.6049 seg_cnt -3.0963
[stage2] epoch 21/50 step 6 | loss 2.4710 | train det 0.0227 seg 0.0473 cnt 1.7519 | shared_pairs det_seg 88/288 det_cnt 114/288 seg_cnt 86/288 | scores det_seg -0.5547 det_cnt -0.9215 seg_cnt 2.7602
[stage2] epoch 21/50 step 7 | loss 5.0964 | train det 0.0327 seg 0.2435 cnt 2.6588 | shared_pairs det_seg 108/288 det_cnt 91/288 seg_cnt 89/288 | scores det_seg -2.4802 det_cnt -0.9188 seg_cnt 3.1522
[stage2] epoch 21/50 step 8 | loss 2.5227 | train det 0.0272 seg 0.0585 cnt 1.6458 | shared_pairs det_seg 96/288 det_cnt 116/288 seg_cnt 76/288 | scores det_seg -2.6126 det_cnt 1.8924 seg_cnt -1.6708
[stage2] epoch 21/50 step 9 | loss 6.5622 | train det 0.0808 seg 0.0796 cnt 4.7133 | shared_pairs det_seg 107/288 det_cnt 108/288 seg_cnt 73/288 | scores det_seg 4.1794 det_cnt 2.6147 seg_cnt 1.0404
[stage2] epoch 21/50 step 10 | loss 5.0852 | train det 0.1748 seg 0.1513 cnt 1.2531 | shared_pairs det_seg 100/288 det_cnt 111/288 seg_cnt 77/288 | scores det_seg -1.1208 det_cnt 0.2802 seg_cnt 1.7035
[stage2] epoch 21/50 step 11 | loss 5.0433 | train det 0.0433 seg 0.0444 cnt 4.0387 | shared_pairs det_seg 123/288 det_cnt 94/288 seg_cnt 71/288 | scores det_seg 2.2237 det_cnt -1.0029 seg_cnt -6.0489
[stage2] epoch 21/50 step 12 | loss 1.4469 | train det 0.0385 seg 0.0619 cnt 0.3743 | shared_pairs det_seg 107/288 det_cnt 95/288 seg_cnt 86/288 | scores det_seg -1.7965 det_cnt 2.2118 seg_cnt 0.0776
[stage2] epoch 21/50 step 13 | loss 2.1256 | train det 0.0084 seg 0.0479 cnt 1.6168 | shared_pairs det_seg 94/288 det_cnt 103/288 seg_cnt 91/288 | scores det_seg -0.2026 det_cnt 2.0489 seg_cnt 3.9189
[stage2] epoch 21/50 step 14 | loss 2.6167 | train det 0.0235 seg 0.1171 cnt 1.3275 | shared_pairs det_seg 107/288 det_cnt 97/288 seg_cnt 84/288 | scores det_seg 0.1299 det_cnt -0.8681 seg_cnt 0.9499
[stage2] epoch 21/50 step 15 | loss 2.4732 | train det 0.0114 seg 0.0748 cnt 1.7047 | shared_pairs det_seg 102/288 det_cnt 87/288 seg_cnt 99/288 | scores det_seg 0.5956 det_cnt -3.7308 seg_cnt 5.0016
[stage2] epoch 21/50 step 16 | loss 1.9663 | train det 0.0244 seg 0.0981 cnt 0.8154 | shared_pairs det_seg 99/288 det_cnt 106/288 seg_cnt 83/288 | scores det_seg 2.2063 det_cnt 3.2593 seg_cnt 5.4203
[stage2] epoch 21/50 step 17 | loss 2.6263 | train det 0.0589 seg 0.1140 cnt 0.8300 | shared_pairs det_seg 130/288 det_cnt 82/288 seg_cnt 76/288 | scores det_seg 2.7341 det_cnt -3.4648 seg_cnt 4.2352
[stage2] epoch 21/50 step 18 | loss 2.8536 | train det 0.0220 seg 0.0588 cnt 2.0531 | shared_pairs det_seg 97/288 det_cnt 105/288 seg_cnt 86/288 | scores det_seg -0.1192 det_cnt -1.6849 seg_cnt -1.8361
[stage2] epoch 21/50 step 19 | loss 3.1776 | train det 0.0354 seg 0.0412 cnt 2.3176 | shared_pairs det_seg 103/288 det_cnt 101/288 seg_cnt 84/288 | scores det_seg -2.3318 det_cnt 1.7393 seg_cnt -1.1941
[stage2] epoch 21/50 step 20 | loss 5.2682 | train det 0.1370 seg 0.0863 cnt 2.5224 | shared_pairs det_seg 118/288 det_cnt 96/288 seg_cnt 74/288 | scores det_seg 3.0388 det_cnt 1.2620 seg_cnt 0.1275
[stage2] epoch 21/50 step 21 | loss 2.2410 | train det 0.0258 seg 0.0956 cnt 1.0901 | shared_pairs det_seg 97/288 det_cnt 109/288 seg_cnt 82/288 | scores det_seg -4.1036 det_cnt 1.2226 seg_cnt -0.3192
[stage2] epoch 21/50 step 22 | loss 1.6222 | train det 0.0210 seg 0.0501 cnt 0.9056 | shared_pairs det_seg 91/288 det_cnt 111/288 seg_cnt 86/288 | scores det_seg -3.3518 det_cnt 1.7841 seg_cnt 2.7578
[stage2] epoch 21/50 step 23 | loss 2.0030 | train det 0.0289 seg 0.0938 cnt 0.8196 | shared_pairs det_seg 100/288 det_cnt 97/288 seg_cnt 91/288 | scores det_seg 0.6751 det_cnt -0.3476 seg_cnt 4.7603
[stage2] epoch 21/50 step 24 | loss 3.0482 | train det 0.0165 seg 0.1143 cnt 1.8867 | shared_pairs det_seg 93/288 det_cnt 95/288 seg_cnt 100/288 | scores det_seg -1.7948 det_cnt -4.6072 seg_cnt 5.2507
[stage2] epoch 21/50 step 25 | loss 3.4427 | train det 0.0328 seg 0.1704 cnt 1.5871 | shared_pairs det_seg 117/288 det_cnt 100/288 seg_cnt 71/288 | scores det_seg 1.8482 det_cnt 4.2081 seg_cnt -3.1377
[stage2] epoch 21/50 step 26 | loss 2.3277 | train det 0.0511 seg 0.0462 cnt 1.1909 | shared_pairs det_seg 100/288 det_cnt 116/288 seg_cnt 72/288 | scores det_seg -2.6010 det_cnt 4.1475 seg_cnt -2.3091
[stage2] epoch 21/50 step 27 | loss 2.0059 | train det 0.0435 seg 0.0903 cnt 0.6311 | shared_pairs det_seg 100/288 det_cnt 108/288 seg_cnt 80/288 | scores det_seg 0.6905 det_cnt 1.1296 seg_cnt -3.8383
[stage2] epoch 21/50 step 28 | loss 2.2467 | train det 0.0174 seg 0.0869 cnt 1.2905 | shared_pairs det_seg 118/288 det_cnt 106/288 seg_cnt 64/288 | scores det_seg 4.6445 det_cnt 2.3982 seg_cnt -2.1427
[stage2] epoch 21/50 step 29 | loss 3.9182 | train det 0.1117 seg 0.0941 cnt 1.4897 | shared_pairs det_seg 100/288 det_cnt 101/288 seg_cnt 87/288 | scores det_seg -2.7152 det_cnt 1.7803 seg_cnt 3.4079
[stage2] epoch 21/50 step 30 | loss 3.6872 | train det 0.0955 seg 0.0605 cnt 1.7702 | shared_pairs det_seg 102/288 det_cnt 98/288 seg_cnt 88/288 | scores det_seg -0.4192 det_cnt 1.6770 seg_cnt 0.3276
[stage2] epoch 21/50 step 31 | loss 4.8106 | train det 0.0471 seg 0.1191 cnt 3.1523 | shared_pairs det_seg 109/288 det_cnt 94/288 seg_cnt 85/288 | scores det_seg 1.4464 det_cnt -2.8593 seg_cnt 1.6767
[stage2] epoch 21/50 step 32 | loss 3.2961 | train det 0.0231 seg 0.1581 cnt 1.6840 | shared_pairs det_seg 109/288 det_cnt 101/288 seg_cnt 78/288 | scores det_seg 2.8319 det_cnt 3.0585 seg_cnt 1.4998
[stage2] epoch 21/50 step 33 | loss 4.6751 | train det 0.0299 seg 0.0462 cnt 3.8563 | shared_pairs det_seg 100/288 det_cnt 100/288 seg_cnt 88/288 | scores det_seg -0.6826 det_cnt -1.1161 seg_cnt 3.9231
[stage2] epoch 21/50 step 34 | loss 2.0470 | train det 0.0201 seg 0.0732 cnt 1.1600 | shared_pairs det_seg 89/288 det_cnt 126/288 seg_cnt 73/288 | scores det_seg -4.2743 det_cnt 2.8092 seg_cnt -0.6397
[stage2] epoch 21/50 step 35 | loss 5.2677 | train det 0.0166 seg 0.1878 cnt 3.5163 | shared_pairs det_seg 88/288 det_cnt 109/288 seg_cnt 91/288 | scores det_seg -2.5104 det_cnt 2.2744 seg_cnt 4.0431
[stage2] epoch 21/50 step 36 | loss 1.9651 | train det 0.0880 seg 0.0308 cnt 0.3983 | shared_pairs det_seg 89/288 det_cnt 111/288 seg_cnt 88/288 | scores det_seg -0.8156 det_cnt 0.7883 seg_cnt -1.0828
[stage2] epoch 21/50 step 37 | loss 3.9914 | train det 0.0958 seg 0.0980 cnt 1.7714 | shared_pairs det_seg 96/288 det_cnt 110/288 seg_cnt 82/288 | scores det_seg 2.5634 det_cnt -0.3125 seg_cnt 1.3767
[stage2] epoch 21/50 step 38 | loss 1.7343 | train det 0.0062 seg 0.0366 cnt 1.3481 | shared_pairs det_seg 115/288 det_cnt 92/288 seg_cnt 81/288 | scores det_seg -0.4994 det_cnt -3.7567 seg_cnt -1.2917
[stage2] epoch 21/50 step 39 | loss 2.4098 | train det 0.0072 seg 0.0741 cnt 1.7092 | shared_pairs det_seg 115/288 det_cnt 103/288 seg_cnt 70/288 | scores det_seg 3.2102 det_cnt 3.6622 seg_cnt -0.7768
[stage2] epoch 21/50 step 40 | loss 1.6375 | train det 0.0127 seg 0.0893 cnt 0.7320 | shared_pairs det_seg 97/288 det_cnt 122/288 seg_cnt 69/288 | scores det_seg -1.6092 det_cnt 3.7530 seg_cnt -2.6444
[stage2] epoch 21/50 step 41 | loss 1.9228 | train det 0.0260 seg 0.0661 cnt 1.0037 | shared_pairs det_seg 122/288 det_cnt 84/288 seg_cnt 82/288 | scores det_seg 1.6076 det_cnt -4.2876 seg_cnt 1.8194
[stage2] epoch 21/50 step 42 | loss 3.0203 | train det 0.0260 seg 0.0942 cnt 1.8758 | shared_pairs det_seg 116/288 det_cnt 97/288 seg_cnt 75/288 | scores det_seg 0.7365 det_cnt 1.3965 seg_cnt 2.5860
[stage2] epoch 21/50 step 43 | loss 3.7045 | train det 0.0398 seg 0.1162 cnt 2.1783 | shared_pairs det_seg 102/288 det_cnt 97/288 seg_cnt 89/288 | scores det_seg 0.2788 det_cnt -1.4454 seg_cnt -2.7369
[stage2] epoch 21/50 | train 3.0648 | det 0.0420 seg 0.0916 cnt 1.7028 | selected_by_matrix_unit det_seg 4452 det_cnt 4446 seg_cnt 3486
[stage2] epoch 21 | val det 0.4865 seg 0.9015 miou 0.6586 cnt 3.3213 dens 8.273141e-01 mae 2.4940 total_mae 11.3617 | ap50 0.6625 | combo 1.722064
[stage2] epoch 22/50 step 1 | loss 2.9140 | train det 0.0537 seg 0.0723 cnt 1.5300 | shared_pairs det_seg 99/288 det_cnt 104/288 seg_cnt 85/288 | scores det_seg 0.2496 det_cnt -1.0003 seg_cnt 2.0453
[stage2] epoch 22/50 step 2 | loss 1.5563 | train det 0.0144 seg 0.0774 cnt 0.7210 | shared_pairs det_seg 101/288 det_cnt 106/288 seg_cnt 81/288 | scores det_seg -2.6824 det_cnt -0.4161 seg_cnt -4.2271
[stage2] epoch 22/50 step 3 | loss 2.8879 | train det 0.0393 seg 0.1451 cnt 1.1377 | shared_pairs det_seg 107/288 det_cnt 94/288 seg_cnt 87/288 | scores det_seg 1.9359 det_cnt 0.7427 seg_cnt 1.2870
[stage2] epoch 22/50 step 4 | loss 1.5618 | train det 0.0113 seg 0.0535 cnt 0.9642 | shared_pairs det_seg 98/288 det_cnt 92/288 seg_cnt 98/288 | scores det_seg -1.4563 det_cnt 1.4650 seg_cnt 3.1229
[stage2] epoch 22/50 step 5 | loss 1.3996 | train det 0.0378 seg 0.0347 cnt 0.5543 | shared_pairs det_seg 104/288 det_cnt 100/288 seg_cnt 84/288 | scores det_seg 0.9946 det_cnt -0.3915 seg_cnt 0.9785
[stage2] epoch 22/50 step 6 | loss 3.9460 | train det 0.0536 seg 0.1678 cnt 1.7990 | shared_pairs det_seg 108/288 det_cnt 105/288 seg_cnt 75/288 | scores det_seg -1.4797 det_cnt -0.2007 seg_cnt -0.8365
[stage2] epoch 22/50 step 7 | loss 1.7082 | train det 0.0126 seg 0.1096 cnt 0.6427 | shared_pairs det_seg 107/288 det_cnt 100/288 seg_cnt 81/288 | scores det_seg 1.7523 det_cnt -4.0507 seg_cnt 2.1229
[stage2] epoch 22/50 step 8 | loss 2.6648 | train det 0.0220 seg 0.0662 cnt 1.8051 | shared_pairs det_seg 103/288 det_cnt 103/288 seg_cnt 82/288 | scores det_seg 1.6952 det_cnt -2.9335 seg_cnt 1.6451
[stage2] epoch 22/50 step 9 | loss 2.5512 | train det 0.0193 seg 0.0283 cnt 2.0349 | shared_pairs det_seg 98/288 det_cnt 113/288 seg_cnt 77/288 | scores det_seg -3.3892 det_cnt 3.3088 seg_cnt -2.9187
[stage2] epoch 22/50 step 10 | loss 3.0548 | train det 0.0080 seg 0.1163 cnt 2.0041 | shared_pairs det_seg 102/288 det_cnt 111/288 seg_cnt 75/288 | scores det_seg 3.8511 det_cnt 2.4825 seg_cnt -0.7443
[stage2] epoch 22/50 step 11 | loss 1.4821 | train det 0.0097 seg 0.0917 cnt 0.6037 | shared_pairs det_seg 91/288 det_cnt 109/288 seg_cnt 88/288 | scores det_seg -1.5838 det_cnt 0.5241 seg_cnt 4.8722
[stage2] epoch 22/50 step 12 | loss 2.3171 | train det 0.0226 seg 0.1654 cnt 0.6556 | shared_pairs det_seg 102/288 det_cnt 98/288 seg_cnt 88/288 | scores det_seg 0.4825 det_cnt 0.2298 seg_cnt 2.6571
[stage2] epoch 22/50 step 13 | loss 3.3556 | train det 0.1599 seg 0.0577 cnt 0.4954 | shared_pairs det_seg 114/288 det_cnt 86/288 seg_cnt 88/288 | scores det_seg 0.3545 det_cnt -3.4538 seg_cnt -0.6976
[stage2] epoch 22/50 step 14 | loss 1.4976 | train det 0.0055 seg 0.0595 cnt 0.9382 | shared_pairs det_seg 102/288 det_cnt 97/288 seg_cnt 89/288 | scores det_seg 0.7270 det_cnt -0.3891 seg_cnt 2.4940
[stage2] epoch 22/50 step 15 | loss 2.2197 | train det 0.0345 seg 0.1263 cnt 0.6919 | shared_pairs det_seg 100/288 det_cnt 100/288 seg_cnt 88/288 | scores det_seg 0.5732 det_cnt -0.5449 seg_cnt 0.2804
[stage2] epoch 22/50 step 16 | loss 2.2292 | train det 0.0273 seg 0.0447 cnt 1.4623 | shared_pairs det_seg 102/288 det_cnt 111/288 seg_cnt 75/288 | scores det_seg -0.8199 det_cnt -1.0588 seg_cnt -3.0638
[stage2] epoch 22/50 step 17 | loss 2.1011 | train det 0.0208 seg 0.0356 cnt 1.5050 | shared_pairs det_seg 112/288 det_cnt 95/288 seg_cnt 81/288 | scores det_seg 5.3436 det_cnt 0.0928 seg_cnt 0.3088
[stage2] epoch 22/50 step 18 | loss 3.0561 | train det 0.0211 seg 0.0650 cnt 2.2196 | shared_pairs det_seg 100/288 det_cnt 103/288 seg_cnt 85/288 | scores det_seg 0.8998 det_cnt -0.0084 seg_cnt -1.4196
[stage2] epoch 22/50 step 19 | loss 2.8901 | train det 0.0285 seg 0.0663 cnt 1.9316 | shared_pairs det_seg 86/288 det_cnt 114/288 seg_cnt 88/288 | scores det_seg -1.8072 det_cnt 0.3075 seg_cnt -0.2540
[stage2] epoch 22/50 step 20 | loss 1.8119 | train det 0.0477 seg 0.0837 cnt 0.4268 | shared_pairs det_seg 111/288 det_cnt 86/288 seg_cnt 91/288 | scores det_seg 0.8969 det_cnt -2.2537 seg_cnt -0.9375
[stage2] epoch 22/50 step 21 | loss 1.9395 | train det 0.0279 seg 0.0499 cnt 1.1220 | shared_pairs det_seg 103/288 det_cnt 105/288 seg_cnt 80/288 | scores det_seg 0.8715 det_cnt 3.7507 seg_cnt -3.0143
[stage2] epoch 22/50 step 22 | loss 1.6963 | train det 0.0090 seg 0.0295 cnt 1.3250 | shared_pairs det_seg 83/288 det_cnt 123/288 seg_cnt 82/288 | scores det_seg -4.7039 det_cnt 3.5547 seg_cnt 2.2246
[stage2] epoch 22/50 step 23 | loss 3.8117 | train det 0.0202 seg 0.1774 cnt 2.0894 | shared_pairs det_seg 127/288 det_cnt 74/288 seg_cnt 87/288 | scores det_seg 3.2141 det_cnt -4.6130 seg_cnt -4.6300
[stage2] epoch 22/50 step 24 | loss 1.7843 | train det 0.0445 seg 0.0536 cnt 0.6876 | shared_pairs det_seg 134/288 det_cnt 90/288 seg_cnt 64/288 | scores det_seg 4.4055 det_cnt -4.5093 seg_cnt -7.9586
[stage2] epoch 22/50 step 25 | loss 3.0810 | train det 0.0822 seg 0.0566 cnt 1.3948 | shared_pairs det_seg 106/288 det_cnt 101/288 seg_cnt 81/288 | scores det_seg -1.6224 det_cnt -0.3215 seg_cnt -3.1471
[stage2] epoch 22/50 step 26 | loss 7.1122 | train det 0.3709 seg 0.1057 cnt 0.7033 | shared_pairs det_seg 119/288 det_cnt 110/288 seg_cnt 59/288 | scores det_seg 1.1565 det_cnt -0.7686 seg_cnt -5.0429
[stage2] epoch 22/50 step 27 | loss 1.6665 | train det 0.0159 seg 0.0423 cnt 1.0889 | shared_pairs det_seg 96/288 det_cnt 90/288 seg_cnt 102/288 | scores det_seg -0.6570 det_cnt 3.2329 seg_cnt 3.5913
[stage2] epoch 22/50 step 28 | loss 2.1377 | train det 0.0327 seg 0.1166 cnt 0.7139 | shared_pairs det_seg 91/288 det_cnt 104/288 seg_cnt 93/288 | scores det_seg -3.5124 det_cnt -0.9633 seg_cnt 1.7514
[stage2] epoch 22/50 step 29 | loss 2.1842 | train det 0.0545 seg 0.1129 cnt 0.4635 | shared_pairs det_seg 108/288 det_cnt 94/288 seg_cnt 86/288 | scores det_seg -2.7144 det_cnt -3.0983 seg_cnt 0.9219
[stage2] epoch 22/50 step 30 | loss 2.6078 | train det 0.0210 seg 0.0839 cnt 1.6209 | shared_pairs det_seg 106/288 det_cnt 84/288 seg_cnt 98/288 | scores det_seg 0.3906 det_cnt -3.4591 seg_cnt 3.4184
[stage2] epoch 22/50 step 31 | loss 1.6400 | train det 0.0278 seg 0.0517 cnt 0.8093 | shared_pairs det_seg 110/288 det_cnt 95/288 seg_cnt 83/288 | scores det_seg 0.0091 det_cnt -3.4484 seg_cnt 0.3417
[stage2] epoch 22/50 step 32 | loss 2.6807 | train det 0.0178 seg 0.0785 cnt 1.7847 | shared_pairs det_seg 99/288 det_cnt 101/288 seg_cnt 88/288 | scores det_seg 0.3261 det_cnt -4.0621 seg_cnt 2.5685
[stage2] epoch 22/50 step 33 | loss 4.9505 | train det 0.1019 seg 0.1647 cnt 2.1051 | shared_pairs det_seg 114/288 det_cnt 92/288 seg_cnt 82/288 | scores det_seg -0.5516 det_cnt 2.7031 seg_cnt 1.6624
[stage2] epoch 22/50 step 34 | loss 3.3691 | train det 0.0100 seg 0.1507 cnt 2.0128 | shared_pairs det_seg 115/288 det_cnt 104/288 seg_cnt 69/288 | scores det_seg 0.3503 det_cnt -1.4763 seg_cnt -2.2841
[stage2] epoch 22/50 step 35 | loss 3.7377 | train det 0.1618 seg 0.1098 cnt 0.4325 | shared_pairs det_seg 101/288 det_cnt 106/288 seg_cnt 81/288 | scores det_seg -4.2418 det_cnt -3.5473 seg_cnt 0.7715
[stage2] epoch 22/50 step 36 | loss 1.9494 | train det 0.0061 seg 0.1637 cnt 0.5482 | shared_pairs det_seg 98/288 det_cnt 109/288 seg_cnt 81/288 | scores det_seg -5.0013 det_cnt 1.7712 seg_cnt 0.7259
[stage2] epoch 22/50 step 37 | loss 1.8177 | train det 0.0531 seg 0.0626 cnt 0.5201 | shared_pairs det_seg 112/288 det_cnt 115/288 seg_cnt 61/288 | scores det_seg 2.2902 det_cnt 3.0843 seg_cnt -3.0778
[stage2] epoch 22/50 step 38 | loss 1.8357 | train det 0.0181 seg 0.0533 cnt 1.1385 | shared_pairs det_seg 119/288 det_cnt 89/288 seg_cnt 80/288 | scores det_seg 0.7957 det_cnt -1.1986 seg_cnt 0.0734
[stage2] epoch 22/50 step 39 | loss 1.7664 | train det 0.0440 seg 0.0683 cnt 0.5600 | shared_pairs det_seg 112/288 det_cnt 91/288 seg_cnt 85/288 | scores det_seg 1.4801 det_cnt -4.8397 seg_cnt 1.5613
[stage2] epoch 22/50 step 40 | loss 2.4290 | train det 0.0160 seg 0.1171 cnt 1.2529 | shared_pairs det_seg 107/288 det_cnt 93/288 seg_cnt 88/288 | scores det_seg -1.6442 det_cnt -0.0700 seg_cnt 1.4728
[stage2] epoch 22/50 step 41 | loss 3.9548 | train det 0.0434 seg 0.2360 cnt 1.4162 | shared_pairs det_seg 98/288 det_cnt 91/288 seg_cnt 99/288 | scores det_seg -1.1559 det_cnt -1.6683 seg_cnt 7.5527
[stage2] epoch 22/50 step 42 | loss 2.8922 | train det 0.0376 seg 0.0434 cnt 1.9802 | shared_pairs det_seg 112/288 det_cnt 96/288 seg_cnt 80/288 | scores det_seg 1.3214 det_cnt -2.5486 seg_cnt -0.7250
[stage2] epoch 22/50 step 43 | loss 2.1852 | train det 0.0130 seg 0.0609 cnt 1.5039 | shared_pairs det_seg 111/288 det_cnt 100/288 seg_cnt 77/288 | scores det_seg -6.6388 det_cnt -1.8021 seg_cnt -1.8776
[stage2] epoch 22/50 | train 2.5682 | det 0.0437 seg 0.0897 cnt 1.1953 | selected_by_matrix_unit det_seg 4528 det_cnt 4284 seg_cnt 3572
[stage2] epoch 22 | val det 0.4905 seg 0.9213 miou 0.6578 cnt 3.3252 dens 8.283603e-01 mae 2.4969 total_mae 11.4484 | ap50 0.6595 | combo 1.717826
[stage2] epoch 23/50 step 1 | loss 2.9146 | train det 0.0073 seg 0.0590 cnt 2.3326 | shared_pairs det_seg 121/288 det_cnt 91/288 seg_cnt 76/288 | scores det_seg 3.6681 det_cnt -1.8512 seg_cnt -0.2548
[stage2] epoch 23/50 step 2 | loss 2.8224 | train det 0.0269 seg 0.0996 cnt 1.6214 | shared_pairs det_seg 109/288 det_cnt 96/288 seg_cnt 83/288 | scores det_seg -0.7086 det_cnt -1.9980 seg_cnt -0.2537
[stage2] epoch 23/50 step 3 | loss 2.7196 | train det 0.0657 seg 0.1208 cnt 0.7671 | shared_pairs det_seg 96/288 det_cnt 117/288 seg_cnt 75/288 | scores det_seg -0.6066 det_cnt 2.1888 seg_cnt 0.4600
[stage2] epoch 23/50 step 4 | loss 2.3042 | train det 0.0271 seg 0.1267 cnt 0.8837 | shared_pairs det_seg 110/288 det_cnt 108/288 seg_cnt 70/288 | scores det_seg 1.3995 det_cnt 1.8408 seg_cnt 0.0158
[stage2] epoch 23/50 step 5 | loss 3.5221 | train det 0.0304 seg 0.1076 cnt 2.2049 | shared_pairs det_seg 97/288 det_cnt 116/288 seg_cnt 75/288 | scores det_seg -2.3278 det_cnt 3.7121 seg_cnt -0.7047
[stage2] epoch 23/50 step 6 | loss 4.0567 | train det 0.0862 seg 0.0882 cnt 2.0586 | shared_pairs det_seg 104/288 det_cnt 98/288 seg_cnt 86/288 | scores det_seg -3.4621 det_cnt -0.0627 seg_cnt 0.7001
[stage2] epoch 23/50 step 7 | loss 1.3666 | train det 0.0121 seg 0.0615 cnt 0.6936 | shared_pairs det_seg 106/288 det_cnt 99/288 seg_cnt 83/288 | scores det_seg 3.4253 det_cnt -1.1705 seg_cnt -1.8094
[stage2] epoch 23/50 step 8 | loss 2.7176 | train det 0.0605 seg 0.0781 cnt 1.1858 | shared_pairs det_seg 115/288 det_cnt 95/288 seg_cnt 78/288 | scores det_seg -2.6687 det_cnt 1.6785 seg_cnt -1.0043
[stage2] epoch 23/50 step 9 | loss 2.6267 | train det 0.0725 seg 0.0506 cnt 1.1350 | shared_pairs det_seg 100/288 det_cnt 102/288 seg_cnt 86/288 | scores det_seg 1.0427 det_cnt 3.3067 seg_cnt 3.3015
[stage2] epoch 23/50 step 10 | loss 2.2548 | train det 0.0442 seg 0.1263 cnt 0.5809 | shared_pairs det_seg 87/288 det_cnt 109/288 seg_cnt 92/288 | scores det_seg -0.4935 det_cnt 1.7208 seg_cnt 3.6077
[stage2] epoch 23/50 step 11 | loss 1.5225 | train det 0.0163 seg 0.0545 cnt 0.8420 | shared_pairs det_seg 102/288 det_cnt 114/288 seg_cnt 72/288 | scores det_seg -0.8625 det_cnt 4.6721 seg_cnt 0.2049
[stage2] epoch 23/50 step 12 | loss 1.8941 | train det 0.0154 seg 0.0846 cnt 0.9870 | shared_pairs det_seg 89/288 det_cnt 121/288 seg_cnt 78/288 | scores det_seg -5.3324 det_cnt 3.0092 seg_cnt -3.7065
[stage2] epoch 23/50 step 13 | loss 4.2750 | train det 0.0967 seg 0.1531 cnt 1.5993 | shared_pairs det_seg 112/288 det_cnt 104/288 seg_cnt 72/288 | scores det_seg 1.4402 det_cnt -2.3934 seg_cnt -3.8348
[stage2] epoch 23/50 step 14 | loss 2.0821 | train det 0.0194 seg 0.0715 cnt 1.2195 | shared_pairs det_seg 101/288 det_cnt 107/288 seg_cnt 80/288 | scores det_seg -1.7325 det_cnt -2.3269 seg_cnt 2.0752
[stage2] epoch 23/50 step 15 | loss 1.9825 | train det 0.0250 seg 0.1002 cnt 0.8057 | shared_pairs det_seg 116/288 det_cnt 92/288 seg_cnt 80/288 | scores det_seg 1.3463 det_cnt -2.7783 seg_cnt -1.5860
[stage2] epoch 23/50 step 16 | loss 9.4423 | train det 0.4182 seg 0.1043 cnt 2.3349 | shared_pairs det_seg 90/288 det_cnt 94/288 seg_cnt 104/288 | scores det_seg -1.7591 det_cnt -4.3881 seg_cnt 4.7401
[stage2] epoch 23/50 step 17 | loss 4.7557 | train det 0.1305 seg 0.0460 cnt 2.4298 | shared_pairs det_seg 101/288 det_cnt 114/288 seg_cnt 73/288 | scores det_seg -2.2389 det_cnt 4.7385 seg_cnt 0.1183
[stage2] epoch 23/50 step 18 | loss 3.9227 | train det 0.0577 seg 0.0772 cnt 2.4405 | shared_pairs det_seg 122/288 det_cnt 92/288 seg_cnt 74/288 | scores det_seg -0.1523 det_cnt -5.2958 seg_cnt -0.0974
[stage2] epoch 23/50 step 19 | loss 2.5230 | train det 0.0096 seg 0.0379 cnt 2.0752 | shared_pairs det_seg 101/288 det_cnt 98/288 seg_cnt 89/288 | scores det_seg -0.6713 det_cnt 1.0611 seg_cnt 1.5068
[stage2] epoch 23/50 step 20 | loss 3.4146 | train det 0.0379 seg 0.0649 cnt 2.3265 | shared_pairs det_seg 115/288 det_cnt 98/288 seg_cnt 75/288 | scores det_seg 1.5232 det_cnt -0.2596 seg_cnt 2.0619
[stage2] epoch 23/50 step 21 | loss 1.8590 | train det 0.0405 seg 0.0972 cnt 0.4742 | shared_pairs det_seg 115/288 det_cnt 86/288 seg_cnt 87/288 | scores det_seg -2.4474 det_cnt -3.4159 seg_cnt 3.3708
[stage2] epoch 23/50 step 22 | loss 5.7890 | train det 0.1148 seg 0.0529 cnt 3.6438 | shared_pairs det_seg 70/288 det_cnt 102/288 seg_cnt 116/288 | scores det_seg -5.0685 det_cnt -4.4097 seg_cnt 7.0537
[stage2] epoch 23/50 step 23 | loss 2.6357 | train det 0.0424 seg 0.1023 cnt 1.1809 | shared_pairs det_seg 100/288 det_cnt 117/288 seg_cnt 71/288 | scores det_seg -1.7273 det_cnt 4.0735 seg_cnt -0.8145
[stage2] epoch 23/50 step 24 | loss 2.5418 | train det 0.0220 seg 0.1037 cnt 1.3819 | shared_pairs det_seg 101/288 det_cnt 104/288 seg_cnt 83/288 | scores det_seg -0.1902 det_cnt 2.5567 seg_cnt 1.0524
[stage2] epoch 23/50 step 25 | loss 3.8540 | train det 0.0344 seg 0.1345 cnt 2.2625 | shared_pairs det_seg 106/288 det_cnt 95/288 seg_cnt 87/288 | scores det_seg 1.7027 det_cnt -3.1689 seg_cnt -0.5473
[stage2] epoch 23/50 step 26 | loss 2.8329 | train det 0.0246 seg 0.0857 cnt 1.7784 | shared_pairs det_seg 111/288 det_cnt 81/288 seg_cnt 96/288 | scores det_seg 0.4239 det_cnt -7.6507 seg_cnt 0.6089
[stage2] epoch 23/50 step 27 | loss 2.3006 | train det 0.0393 seg 0.1166 cnt 0.7788 | shared_pairs det_seg 90/288 det_cnt 125/288 seg_cnt 73/288 | scores det_seg -1.9597 det_cnt 6.3873 seg_cnt 0.7535
[stage2] epoch 23/50 step 28 | loss 2.0245 | train det 0.0371 seg 0.0630 cnt 0.9641 | shared_pairs det_seg 114/288 det_cnt 100/288 seg_cnt 74/288 | scores det_seg -0.5774 det_cnt 0.6481 seg_cnt -1.6533
[stage2] epoch 23/50 step 29 | loss 3.9468 | train det 0.0345 seg 0.1179 cnt 2.4859 | shared_pairs det_seg 123/288 det_cnt 87/288 seg_cnt 78/288 | scores det_seg 3.1796 det_cnt -2.8966 seg_cnt -0.6320
[stage2] epoch 23/50 step 30 | loss 4.4065 | train det 0.0745 seg 0.0965 cnt 2.5180 | shared_pairs det_seg 109/288 det_cnt 101/288 seg_cnt 78/288 | scores det_seg 1.7239 det_cnt -0.2994 seg_cnt -2.2437
[stage2] epoch 23/50 step 31 | loss 1.8670 | train det 0.0199 seg 0.1024 cnt 0.7496 | shared_pairs det_seg 122/288 det_cnt 98/288 seg_cnt 68/288 | scores det_seg 1.3925 det_cnt -4.6052 seg_cnt -5.3648
[stage2] epoch 23/50 step 32 | loss 3.0215 | train det 0.0539 seg 0.1091 cnt 1.3408 | shared_pairs det_seg 113/288 det_cnt 99/288 seg_cnt 76/288 | scores det_seg 0.0974 det_cnt -1.8575 seg_cnt -4.2200
[stage2] epoch 23/50 step 33 | loss 3.6306 | train det 0.0502 seg 0.1960 cnt 1.3093 | shared_pairs det_seg 108/288 det_cnt 108/288 seg_cnt 72/288 | scores det_seg 1.4827 det_cnt 1.7618 seg_cnt -0.6532
[stage2] epoch 23/50 step 34 | loss 1.8170 | train det 0.0646 seg 0.0344 cnt 0.5730 | shared_pairs det_seg 109/288 det_cnt 108/288 seg_cnt 71/288 | scores det_seg 1.2697 det_cnt -1.2313 seg_cnt -1.7233
[stage2] epoch 23/50 step 35 | loss 2.4248 | train det 0.0391 seg 0.1043 cnt 1.0041 | shared_pairs det_seg 107/288 det_cnt 92/288 seg_cnt 89/288 | scores det_seg -1.1861 det_cnt -2.5238 seg_cnt 0.9865
[stage2] epoch 23/50 step 36 | loss 2.4857 | train det 0.0307 seg 0.1230 cnt 1.0406 | shared_pairs det_seg 109/288 det_cnt 92/288 seg_cnt 87/288 | scores det_seg -0.7934 det_cnt 1.0778 seg_cnt 1.0136
[stage2] epoch 23/50 step 37 | loss 3.0538 | train det 0.0102 seg 0.1158 cnt 1.9737 | shared_pairs det_seg 92/288 det_cnt 122/288 seg_cnt 74/288 | scores det_seg -2.1257 det_cnt 5.8028 seg_cnt 0.2177
[stage2] epoch 23/50 step 38 | loss 1.7405 | train det 0.0350 seg 0.0301 cnt 0.9747 | shared_pairs det_seg 91/288 det_cnt 126/288 seg_cnt 71/288 | scores det_seg -2.9260 det_cnt 4.8755 seg_cnt 0.8068
[stage2] epoch 23/50 step 39 | loss 2.6588 | train det 0.0832 seg 0.0744 cnt 0.8149 | shared_pairs det_seg 101/288 det_cnt 98/288 seg_cnt 89/288 | scores det_seg 2.0638 det_cnt 0.2552 seg_cnt 4.5130
[stage2] epoch 23/50 step 40 | loss 3.6611 | train det 0.0236 seg 0.0650 cnt 2.7868 | shared_pairs det_seg 93/288 det_cnt 105/288 seg_cnt 90/288 | scores det_seg -2.0869 det_cnt 0.4262 seg_cnt -1.0717
[stage2] epoch 23/50 step 41 | loss 3.2559 | train det 0.0342 seg 0.0893 cnt 2.0288 | shared_pairs det_seg 107/288 det_cnt 108/288 seg_cnt 73/288 | scores det_seg -1.4127 det_cnt 2.1326 seg_cnt -3.0691
[stage2] epoch 23/50 step 42 | loss 4.1479 | train det 0.0667 seg 0.0491 cnt 2.7550 | shared_pairs det_seg 91/288 det_cnt 125/288 seg_cnt 72/288 | scores det_seg -0.6277 det_cnt 4.3616 seg_cnt -3.9649
[stage2] epoch 23/50 step 43 | loss 2.5597 | train det 0.0115 seg 0.0530 cnt 1.9625 | shared_pairs det_seg 114/288 det_cnt 103/288 seg_cnt 71/288 | scores det_seg 2.3040 det_cnt 4.7023 seg_cnt 1.6757
[stage2] epoch 23/50 | train 3.0613 | det 0.0522 seg 0.0890 cnt 1.5653 | selected_by_matrix_unit det_seg 4490 det_cnt 4447 seg_cnt 3447
[stage2] epoch 23 | val det 0.4911 seg 0.9157 miou 0.6579 cnt 3.3353 dens 8.284577e-01 mae 2.5068 total_mae 11.4869 | ap50 0.6654 | combo 1.722160
[stage2] epoch 24/50 step 1 | loss 3.8669 | train det 0.0653 seg 0.0840 cnt 2.2156 | shared_pairs det_seg 101/288 det_cnt 103/288 seg_cnt 84/288 | scores det_seg 0.2293 det_cnt 0.9947 seg_cnt 2.2476
[stage2] epoch 24/50 step 2 | loss 2.5311 | train det 0.0449 seg 0.0760 cnt 1.2498 | shared_pairs det_seg 108/288 det_cnt 95/288 seg_cnt 85/288 | scores det_seg 0.9842 det_cnt 4.2745 seg_cnt -1.2415
[stage2] epoch 24/50 step 3 | loss 1.6836 | train det 0.0237 seg 0.0850 cnt 0.6487 | shared_pairs det_seg 105/288 det_cnt 114/288 seg_cnt 69/288 | scores det_seg -0.1153 det_cnt 1.0501 seg_cnt -0.3428
[stage2] epoch 24/50 step 4 | loss 2.5405 | train det 0.0565 seg 0.0619 cnt 1.1972 | shared_pairs det_seg 101/288 det_cnt 110/288 seg_cnt 77/288 | scores det_seg -0.2870 det_cnt 0.2247 seg_cnt -2.8850
[stage2] epoch 24/50 step 5 | loss 1.1883 | train det 0.0200 seg 0.0358 cnt 0.6017 | shared_pairs det_seg 108/288 det_cnt 84/288 seg_cnt 96/288 | scores det_seg 2.8942 det_cnt -1.8289 seg_cnt 4.5739
[stage2] epoch 24/50 step 6 | loss 3.1135 | train det 0.0599 seg 0.0772 cnt 1.5979 | shared_pairs det_seg 97/288 det_cnt 109/288 seg_cnt 82/288 | scores det_seg -3.0082 det_cnt 3.4764 seg_cnt 0.8371
[stage2] epoch 24/50 step 7 | loss 2.1547 | train det 0.0385 seg 0.0304 cnt 1.3338 | shared_pairs det_seg 108/288 det_cnt 95/288 seg_cnt 85/288 | scores det_seg -0.6123 det_cnt -3.8527 seg_cnt 0.9985
[stage2] epoch 24/50 step 8 | loss 2.0187 | train det 0.0372 seg 0.0476 cnt 1.0800 | shared_pairs det_seg 97/288 det_cnt 104/288 seg_cnt 87/288 | scores det_seg -0.4304 det_cnt -0.3547 seg_cnt 0.4836
[stage2] epoch 24/50 step 9 | loss 3.0685 | train det 0.0572 seg 0.1559 cnt 0.9633 | shared_pairs det_seg 91/288 det_cnt 99/288 seg_cnt 98/288 | scores det_seg -4.5164 det_cnt 1.4115 seg_cnt 0.6297
[stage2] epoch 24/50 step 10 | loss 3.7216 | train det 0.1082 seg 0.1212 cnt 1.1282 | shared_pairs det_seg 96/288 det_cnt 109/288 seg_cnt 83/288 | scores det_seg -1.0468 det_cnt 0.9790 seg_cnt -2.2847
[stage2] epoch 24/50 step 11 | loss 1.6384 | train det 0.0243 seg 0.0696 cnt 0.7161 | shared_pairs det_seg 115/288 det_cnt 90/288 seg_cnt 83/288 | scores det_seg -1.0228 det_cnt -1.5932 seg_cnt -2.8880
[stage2] epoch 24/50 step 12 | loss 2.4952 | train det 0.0542 seg 0.0970 cnt 0.9059 | shared_pairs det_seg 106/288 det_cnt 105/288 seg_cnt 77/288 | scores det_seg -2.5862 det_cnt -4.1572 seg_cnt -4.0617
[stage2] epoch 24/50 step 13 | loss 8.5965 | train det 0.3145 seg 0.0879 cnt 3.1761 | shared_pairs det_seg 111/288 det_cnt 96/288 seg_cnt 81/288 | scores det_seg 0.0116 det_cnt -2.9729 seg_cnt 1.1103
[stage2] epoch 24/50 step 14 | loss 3.9962 | train det 0.1029 seg 0.0697 cnt 1.8956 | shared_pairs det_seg 111/288 det_cnt 94/288 seg_cnt 83/288 | scores det_seg -2.1305 det_cnt -4.8330 seg_cnt -0.3201
[stage2] epoch 24/50 step 15 | loss 3.1952 | train det 0.0398 seg 0.0754 cnt 1.9950 | shared_pairs det_seg 109/288 det_cnt 91/288 seg_cnt 88/288 | scores det_seg 3.7224 det_cnt -1.9618 seg_cnt -0.4706
[stage2] epoch 24/50 step 16 | loss 2.2392 | train det 0.0124 seg 0.0401 cnt 1.7326 | shared_pairs det_seg 93/288 det_cnt 118/288 seg_cnt 77/288 | scores det_seg 2.4510 det_cnt 4.8860 seg_cnt -0.4181
[stage2] epoch 24/50 step 17 | loss 4.8911 | train det 0.0854 seg 0.0939 cnt 2.8595 | shared_pairs det_seg 106/288 det_cnt 113/288 seg_cnt 69/288 | scores det_seg 3.2867 det_cnt 5.4611 seg_cnt 2.2173
[stage2] epoch 24/50 step 18 | loss 3.5409 | train det 0.0534 seg 0.0998 cnt 1.9414 | shared_pairs det_seg 111/288 det_cnt 111/288 seg_cnt 66/288 | scores det_seg 4.5857 det_cnt -1.1851 seg_cnt -5.1705
[stage2] epoch 24/50 step 19 | loss 2.0773 | train det 0.0244 seg 0.1042 cnt 0.8784 | shared_pairs det_seg 105/288 det_cnt 101/288 seg_cnt 82/288 | scores det_seg -0.0640 det_cnt -2.5221 seg_cnt -0.6973
[stage2] epoch 24/50 step 20 | loss 3.7574 | train det 0.1067 seg 0.1101 cnt 1.2758 | shared_pairs det_seg 135/288 det_cnt 90/288 seg_cnt 63/288 | scores det_seg 5.3351 det_cnt 1.5817 seg_cnt 0.8719
[stage2] epoch 24/50 step 21 | loss 2.4901 | train det 0.0197 seg 0.0974 cnt 1.4156 | shared_pairs det_seg 107/288 det_cnt 103/288 seg_cnt 78/288 | scores det_seg 1.0203 det_cnt 0.9196 seg_cnt -0.2978
[stage2] epoch 24/50 step 22 | loss 2.8179 | train det 0.0923 seg 0.0610 cnt 0.9453 | shared_pairs det_seg 93/288 det_cnt 115/288 seg_cnt 80/288 | scores det_seg -2.3162 det_cnt 1.7879 seg_cnt -2.2706
[stage2] epoch 24/50 step 23 | loss 1.1220 | train det 0.0111 seg 0.0374 cnt 0.6571 | shared_pairs det_seg 114/288 det_cnt 117/288 seg_cnt 57/288 | scores det_seg -0.5470 det_cnt 3.8412 seg_cnt -5.3186
[stage2] epoch 24/50 step 24 | loss 1.6665 | train det 0.0107 seg 0.1267 cnt 0.4920 | shared_pairs det_seg 120/288 det_cnt 101/288 seg_cnt 67/288 | scores det_seg 1.0826 det_cnt 2.9702 seg_cnt -2.1802
[stage2] epoch 24/50 step 25 | loss 3.1746 | train det 0.0428 seg 0.0324 cnt 2.2727 | shared_pairs det_seg 104/288 det_cnt 109/288 seg_cnt 75/288 | scores det_seg -0.2220 det_cnt 3.2413 seg_cnt -1.7277
[stage2] epoch 24/50 step 26 | loss 7.5107 | train det 0.3261 seg 0.1642 cnt 1.3054 | shared_pairs det_seg 120/288 det_cnt 87/288 seg_cnt 81/288 | scores det_seg -0.8005 det_cnt -7.3531 seg_cnt -4.2631
[stage2] epoch 24/50 step 27 | loss 3.5008 | train det 0.1412 seg 0.1015 cnt 0.5718 | shared_pairs det_seg 100/288 det_cnt 114/288 seg_cnt 74/288 | scores det_seg -6.3518 det_cnt 1.6819 seg_cnt 0.0765
[stage2] epoch 24/50 step 28 | loss 2.6989 | train det 0.0433 seg 0.1248 cnt 1.0509 | shared_pairs det_seg 110/288 det_cnt 102/288 seg_cnt 76/288 | scores det_seg 0.0136 det_cnt -1.3813 seg_cnt 1.9999
[stage2] epoch 24/50 step 29 | loss 2.1514 | train det 0.0318 seg 0.1359 cnt 0.5872 | shared_pairs det_seg 103/288 det_cnt 107/288 seg_cnt 78/288 | scores det_seg 0.8211 det_cnt -0.4807 seg_cnt 0.5943
[stage2] epoch 24/50 step 30 | loss 3.2382 | train det 0.0414 seg 0.1320 cnt 1.5619 | shared_pairs det_seg 115/288 det_cnt 87/288 seg_cnt 86/288 | scores det_seg 1.4100 det_cnt -3.0128 seg_cnt 0.7838
[stage2] epoch 24/50 step 31 | loss 2.5620 | train det 0.0360 seg 0.0749 cnt 1.4225 | shared_pairs det_seg 125/288 det_cnt 86/288 seg_cnt 77/288 | scores det_seg 2.0646 det_cnt -0.9955 seg_cnt 2.2980
[stage2] epoch 24/50 step 32 | loss 5.4115 | train det 0.1715 seg 0.2021 cnt 1.2221 | shared_pairs det_seg 103/288 det_cnt 99/288 seg_cnt 86/288 | scores det_seg -4.4820 det_cnt 2.5168 seg_cnt -1.7032
[stage2] epoch 24/50 step 33 | loss 1.5927 | train det 0.0069 seg 0.0975 cnt 0.7096 | shared_pairs det_seg 96/288 det_cnt 106/288 seg_cnt 86/288 | scores det_seg -3.0590 det_cnt 2.3255 seg_cnt 0.3278
[stage2] epoch 24/50 step 34 | loss 2.7694 | train det 0.0331 seg 0.1160 cnt 1.3457 | shared_pairs det_seg 102/288 det_cnt 90/288 seg_cnt 96/288 | scores det_seg -2.6415 det_cnt -3.0357 seg_cnt 1.9401
[stage2] epoch 24/50 step 35 | loss 2.3684 | train det 0.0912 seg 0.0306 cnt 0.7555 | shared_pairs det_seg 101/288 det_cnt 101/288 seg_cnt 86/288 | scores det_seg -1.0449 det_cnt -2.8503 seg_cnt 3.3033
[stage2] epoch 24/50 step 36 | loss 2.1559 | train det 0.0331 seg 0.0973 cnt 0.8809 | shared_pairs det_seg 93/288 det_cnt 114/288 seg_cnt 81/288 | scores det_seg -1.8661 det_cnt -0.2159 seg_cnt -2.0834
[stage2] epoch 24/50 step 37 | loss 4.5413 | train det 0.0532 seg 0.0827 cnt 3.0825 | shared_pairs det_seg 105/288 det_cnt 95/288 seg_cnt 88/288 | scores det_seg -2.9849 det_cnt -1.3946 seg_cnt 1.3364
[stage2] epoch 24/50 step 38 | loss 3.3327 | train det 0.0586 seg 0.0910 cnt 1.7253 | shared_pairs det_seg 108/288 det_cnt 102/288 seg_cnt 78/288 | scores det_seg 1.9894 det_cnt 0.7250 seg_cnt -2.2916
[stage2] epoch 24/50 step 39 | loss 2.5269 | train det 0.0272 seg 0.0727 cnt 1.5365 | shared_pairs det_seg 91/288 det_cnt 101/288 seg_cnt 96/288 | scores det_seg 0.9504 det_cnt -1.6182 seg_cnt 5.2875
[stage2] epoch 24/50 step 40 | loss 3.5339 | train det 0.0501 seg 0.1251 cnt 1.7810 | shared_pairs det_seg 106/288 det_cnt 114/288 seg_cnt 68/288 | scores det_seg 2.7720 det_cnt 3.3450 seg_cnt -0.0599
[stage2] epoch 24/50 step 41 | loss 4.6337 | train det 0.0225 seg 0.1740 cnt 2.9036 | shared_pairs det_seg 101/288 det_cnt 90/288 seg_cnt 97/288 | scores det_seg -0.1248 det_cnt -1.9591 seg_cnt -0.7829
[stage2] epoch 24/50 step 42 | loss 3.9791 | train det 0.0739 seg 0.0662 cnt 2.3413 | shared_pairs det_seg 105/288 det_cnt 95/288 seg_cnt 88/288 | scores det_seg -3.1920 det_cnt -0.2592 seg_cnt -0.5535
[stage2] epoch 24/50 step 43 | loss 1.8971 | train det 0.0452 seg 0.0323 cnt 0.9612 | shared_pairs det_seg 106/288 det_cnt 95/288 seg_cnt 87/288 | scores det_seg -2.7224 det_cnt -2.2224 seg_cnt -0.8341
[stage2] epoch 24/50 | train 3.1161 | det 0.0649 seg 0.0907 cnt 1.4167 | selected_by_matrix_unit det_seg 4542 det_cnt 4361 seg_cnt 3481
[stage2] epoch 24 | val det 0.4917 seg 0.9127 miou 0.6582 cnt 3.3329 dens 8.292443e-01 mae 2.5037 total_mae 11.7920 | ap50 0.6576 | combo 1.715202
[stage2] epoch 25/50 step 1 | loss 3.4150 | train det 0.0211 seg 0.1234 cnt 2.1109 | shared_pairs det_seg 90/288 det_cnt 129/288 seg_cnt 69/288 | scores det_seg -3.6555 det_cnt 2.4146 seg_cnt -4.9474
[stage2] epoch 25/50 step 2 | loss 2.8871 | train det 0.0437 seg 0.1000 cnt 1.4316 | shared_pairs det_seg 112/288 det_cnt 109/288 seg_cnt 67/288 | scores det_seg 0.1740 det_cnt 2.7035 seg_cnt -1.1550
[stage2] epoch 25/50 step 3 | loss 2.6854 | train det 0.0423 seg 0.0376 cnt 1.7508 | shared_pairs det_seg 105/288 det_cnt 96/288 seg_cnt 87/288 | scores det_seg 1.3352 det_cnt 2.7006 seg_cnt 3.8355
[stage2] epoch 25/50 step 4 | loss 3.7514 | train det 0.0314 seg 0.2199 cnt 1.5203 | shared_pairs det_seg 92/288 det_cnt 105/288 seg_cnt 91/288 | scores det_seg -3.3456 det_cnt 3.0081 seg_cnt 3.0531
[stage2] epoch 25/50 step 5 | loss 1.2599 | train det 0.0244 seg 0.0588 cnt 0.4236 | shared_pairs det_seg 107/288 det_cnt 104/288 seg_cnt 77/288 | scores det_seg 0.5361 det_cnt -0.6277 seg_cnt -2.6211
[stage2] epoch 25/50 step 6 | loss 3.4730 | train det 0.0580 seg 0.0645 cnt 2.0877 | shared_pairs det_seg 93/288 det_cnt 100/288 seg_cnt 95/288 | scores det_seg -3.9933 det_cnt -0.5341 seg_cnt 1.2168
[stage2] epoch 25/50 step 7 | loss 2.9956 | train det 0.0105 seg 0.0656 cnt 2.3127 | shared_pairs det_seg 108/288 det_cnt 115/288 seg_cnt 65/288 | scores det_seg 0.1943 det_cnt 3.1731 seg_cnt 0.8494
[stage2] epoch 25/50 step 8 | loss 2.5068 | train det 0.0226 seg 0.1116 cnt 1.2759 | shared_pairs det_seg 97/288 det_cnt 106/288 seg_cnt 85/288 | scores det_seg 1.1030 det_cnt 1.4360 seg_cnt -1.8138
[stage2] epoch 25/50 step 9 | loss 1.8841 | train det 0.0184 seg 0.0812 cnt 0.9586 | shared_pairs det_seg 114/288 det_cnt 100/288 seg_cnt 74/288 | scores det_seg 2.5396 det_cnt 2.1848 seg_cnt 0.4505
[stage2] epoch 25/50 step 10 | loss 4.4543 | train det 0.0973 seg 0.2337 cnt 1.1250 | shared_pairs det_seg 112/288 det_cnt 100/288 seg_cnt 76/288 | scores det_seg 3.9990 det_cnt 1.9681 seg_cnt 2.7848
[stage2] epoch 25/50 step 11 | loss 1.6365 | train det 0.0095 seg 0.0595 cnt 1.0181 | shared_pairs det_seg 101/288 det_cnt 107/288 seg_cnt 80/288 | scores det_seg 1.1568 det_cnt 1.0674 seg_cnt 0.8099
[stage2] epoch 25/50 step 12 | loss 4.5112 | train det 0.0548 seg 0.0665 cnt 3.1569 | shared_pairs det_seg 125/288 det_cnt 80/288 seg_cnt 83/288 | scores det_seg 1.2270 det_cnt -7.6336 seg_cnt -0.6076
[stage2] epoch 25/50 step 13 | loss 2.8077 | train det 0.0324 seg 0.0844 cnt 1.6471 | shared_pairs det_seg 88/288 det_cnt 95/288 seg_cnt 105/288 | scores det_seg -3.8185 det_cnt -3.1412 seg_cnt 0.2069
[stage2] epoch 25/50 step 14 | loss 6.2888 | train det 0.1692 seg 0.0943 cnt 2.9968 | shared_pairs det_seg 100/288 det_cnt 126/288 seg_cnt 62/288 | scores det_seg -2.3784 det_cnt 5.3827 seg_cnt -0.4520
[stage2] epoch 25/50 step 15 | loss 3.9751 | train det 0.1282 seg 0.0586 cnt 1.5832 | shared_pairs det_seg 105/288 det_cnt 88/288 seg_cnt 95/288 | scores det_seg -0.7198 det_cnt -3.6174 seg_cnt 3.2442
[stage2] epoch 25/50 step 16 | loss 1.9768 | train det 0.0315 seg 0.0784 cnt 0.8778 | shared_pairs det_seg 110/288 det_cnt 97/288 seg_cnt 81/288 | scores det_seg 0.4445 det_cnt -1.2114 seg_cnt -1.8630
[stage2] epoch 25/50 step 17 | loss 4.6804 | train det 0.0125 seg 0.0758 cnt 3.8860 | shared_pairs det_seg 109/288 det_cnt 86/288 seg_cnt 93/288 | scores det_seg 3.7296 det_cnt 2.0498 seg_cnt 2.2740
[stage2] epoch 25/50 step 18 | loss 4.0836 | train det 0.0143 seg 0.1327 cnt 2.8077 | shared_pairs det_seg 108/288 det_cnt 107/288 seg_cnt 73/288 | scores det_seg 0.8821 det_cnt -0.0570 seg_cnt -0.0653
[stage2] epoch 25/50 step 19 | loss 2.4080 | train det 0.0295 seg 0.0719 cnt 1.3907 | shared_pairs det_seg 124/288 det_cnt 74/288 seg_cnt 90/288 | scores det_seg 4.6963 det_cnt -4.9485 seg_cnt 3.7689
[stage2] epoch 25/50 step 20 | loss 3.1038 | train det 0.0677 seg 0.1182 cnt 1.1427 | shared_pairs det_seg 94/288 det_cnt 103/288 seg_cnt 91/288 | scores det_seg -1.8300 det_cnt -0.9683 seg_cnt 1.5767
[stage2] epoch 25/50 step 21 | loss 2.9611 | train det 0.0253 seg 0.0689 cnt 2.0294 | shared_pairs det_seg 92/288 det_cnt 124/288 seg_cnt 72/288 | scores det_seg -2.4402 det_cnt 3.6555 seg_cnt -2.1857
[stage2] epoch 25/50 step 22 | loss 4.1256 | train det 0.0212 seg 0.0651 cnt 3.2865 | shared_pairs det_seg 102/288 det_cnt 101/288 seg_cnt 85/288 | scores det_seg -3.7371 det_cnt 2.5251 seg_cnt 2.1016
[stage2] epoch 25/50 step 23 | loss 1.7903 | train det 0.0378 seg 0.0507 cnt 0.8187 | shared_pairs det_seg 95/288 det_cnt 118/288 seg_cnt 75/288 | scores det_seg -0.2647 det_cnt 2.6851 seg_cnt -2.1076
[stage2] epoch 25/50 step 24 | loss 2.8715 | train det 0.0451 seg 0.0787 cnt 1.5652 | shared_pairs det_seg 85/288 det_cnt 108/288 seg_cnt 95/288 | scores det_seg 1.7877 det_cnt -0.2005 seg_cnt 4.4166
[stage2] epoch 25/50 step 25 | loss 1.8459 | train det 0.0103 seg 0.0280 cnt 1.4665 | shared_pairs det_seg 119/288 det_cnt 101/288 seg_cnt 68/288 | scores det_seg 4.0358 det_cnt 0.3214 seg_cnt 0.2172
[stage2] epoch 25/50 step 26 | loss 6.0989 | train det 0.3026 seg 0.0521 cnt 1.1428 | shared_pairs det_seg 103/288 det_cnt 103/288 seg_cnt 82/288 | scores det_seg 1.6990 det_cnt 1.7823 seg_cnt 0.7696
[stage2] epoch 25/50 step 27 | loss 2.4358 | train det 0.0162 seg 0.0918 cnt 1.4584 | shared_pairs det_seg 112/288 det_cnt 107/288 seg_cnt 69/288 | scores det_seg 1.4472 det_cnt -1.8992 seg_cnt -3.6457
[stage2] epoch 25/50 step 28 | loss 2.8410 | train det 0.0235 seg 0.1263 cnt 1.4787 | shared_pairs det_seg 96/288 det_cnt 112/288 seg_cnt 80/288 | scores det_seg 0.4147 det_cnt 6.0731 seg_cnt 3.7397
[stage2] epoch 25/50 step 29 | loss 1.5429 | train det 0.0326 seg 0.0829 cnt 0.3903 | shared_pairs det_seg 91/288 det_cnt 94/288 seg_cnt 103/288 | scores det_seg -0.9593 det_cnt 0.4507 seg_cnt 3.2992
[stage2] epoch 25/50 step 30 | loss 3.3010 | train det 0.0574 seg 0.0904 cnt 1.7163 | shared_pairs det_seg 100/288 det_cnt 101/288 seg_cnt 87/288 | scores det_seg 1.9844 det_cnt -0.3406 seg_cnt 1.1707
[stage2] epoch 25/50 step 31 | loss 3.5188 | train det 0.0574 seg 0.1420 cnt 1.5225 | shared_pairs det_seg 114/288 det_cnt 114/288 seg_cnt 60/288 | scores det_seg 0.3300 det_cnt 2.7628 seg_cnt -1.6224
[stage2] epoch 25/50 step 32 | loss 2.4794 | train det 0.0480 seg 0.0424 cnt 1.4200 | shared_pairs det_seg 95/288 det_cnt 125/288 seg_cnt 68/288 | scores det_seg -2.4974 det_cnt 5.8213 seg_cnt -2.4569
[stage2] epoch 25/50 step 33 | loss 1.9098 | train det 0.0174 seg 0.0802 cnt 1.0077 | shared_pairs det_seg 107/288 det_cnt 94/288 seg_cnt 87/288 | scores det_seg 3.2063 det_cnt -1.9625 seg_cnt -2.3649
[stage2] epoch 25/50 step 34 | loss 3.2007 | train det 0.1034 seg 0.0678 cnt 1.1070 | shared_pairs det_seg 107/288 det_cnt 87/288 seg_cnt 94/288 | scores det_seg -0.7177 det_cnt -2.2088 seg_cnt 3.2721
[stage2] epoch 25/50 step 35 | loss 2.1571 | train det 0.0386 seg 0.0884 cnt 0.8716 | shared_pairs det_seg 104/288 det_cnt 91/288 seg_cnt 93/288 | scores det_seg -2.7191 det_cnt -2.7982 seg_cnt 3.2507
[stage2] epoch 25/50 step 36 | loss 4.3586 | train det 0.0268 seg 0.1045 cnt 3.1205 | shared_pairs det_seg 102/288 det_cnt 109/288 seg_cnt 77/288 | scores det_seg 2.3525 det_cnt 0.3138 seg_cnt -0.3329
[stage2] epoch 25/50 step 37 | loss 3.5353 | train det 0.0344 seg 0.1411 cnt 1.8913 | shared_pairs det_seg 109/288 det_cnt 101/288 seg_cnt 78/288 | scores det_seg 0.5536 det_cnt 0.3893 seg_cnt -1.9791
[stage2] epoch 25/50 step 38 | loss 4.3697 | train det 0.0430 seg 0.1091 cnt 2.8520 | shared_pairs det_seg 109/288 det_cnt 101/288 seg_cnt 78/288 | scores det_seg 1.3417 det_cnt -3.4807 seg_cnt 0.7803
[stage2] epoch 25/50 step 39 | loss 2.5379 | train det 0.0334 seg 0.0957 cnt 1.2719 | shared_pairs det_seg 112/288 det_cnt 93/288 seg_cnt 83/288 | scores det_seg 0.8131 det_cnt -1.0341 seg_cnt -0.4049
[stage2] epoch 25/50 step 40 | loss 1.7950 | train det 0.0339 seg 0.0584 cnt 0.8199 | shared_pairs det_seg 110/288 det_cnt 98/288 seg_cnt 80/288 | scores det_seg 3.8251 det_cnt 2.1365 seg_cnt -0.1663
[stage2] epoch 25/50 step 41 | loss 5.0950 | train det 0.0276 seg 0.1068 cnt 3.8262 | shared_pairs det_seg 99/288 det_cnt 114/288 seg_cnt 75/288 | scores det_seg 1.2776 det_cnt 4.1048 seg_cnt -0.7019
[stage2] epoch 25/50 step 42 | loss 5.0842 | train det 0.0744 seg 0.1030 cnt 3.1441 | shared_pairs det_seg 89/288 det_cnt 115/288 seg_cnt 84/288 | scores det_seg -2.9108 det_cnt 3.2546 seg_cnt 3.7994
[stage2] epoch 25/50 step 43 | loss 3.3959 | train det 0.0122 seg 0.2123 cnt 1.5141 | shared_pairs det_seg 90/288 det_cnt 110/288 seg_cnt 88/288 | scores det_seg -3.5973 det_cnt 1.1454 seg_cnt -0.3246
[stage2] epoch 25/50 | train 3.2101 | det 0.0475 seg 0.0936 cnt 1.7494 | selected_by_matrix_unit det_seg 4436 det_cnt 4448 seg_cnt 3500
[stage2] epoch 25 | val det 0.4849 seg 0.9198 miou 0.6604 cnt 3.3165 dens 8.274390e-01 mae 2.4891 total_mae 11.4470 | ap50 0.6632 | combo 1.725307
[stage2] epoch 26/50 step 1 | loss 2.1547 | train det 0.0391 seg 0.0901 cnt 0.8477 | shared_pairs det_seg 105/288 det_cnt 90/288 seg_cnt 93/288 | scores det_seg 2.9094 det_cnt -1.9240 seg_cnt 4.7955
[stage2] epoch 26/50 step 2 | loss 4.1871 | train det 0.0141 seg 0.1225 cnt 2.9952 | shared_pairs det_seg 94/288 det_cnt 98/288 seg_cnt 96/288 | scores det_seg 1.2407 det_cnt -0.3362 seg_cnt 2.9818
[stage2] epoch 26/50 step 3 | loss 1.0823 | train det 0.0140 seg 0.0473 cnt 0.4934 | shared_pairs det_seg 101/288 det_cnt 110/288 seg_cnt 77/288 | scores det_seg -3.9243 det_cnt 2.7290 seg_cnt -1.4371
[stage2] epoch 26/50 step 4 | loss 4.0432 | train det 0.0100 seg 0.0778 cnt 3.2713 | shared_pairs det_seg 98/288 det_cnt 101/288 seg_cnt 89/288 | scores det_seg -1.0266 det_cnt -1.4788 seg_cnt 1.4003
[stage2] epoch 26/50 step 5 | loss 4.7360 | train det 0.2235 seg 0.0823 cnt 0.7261 | shared_pairs det_seg 88/288 det_cnt 132/288 seg_cnt 68/288 | scores det_seg -3.2694 det_cnt 6.6212 seg_cnt -3.6868
[stage2] epoch 26/50 step 6 | loss 2.1689 | train det 0.0359 seg 0.0815 cnt 0.9782 | shared_pairs det_seg 91/288 det_cnt 134/288 seg_cnt 63/288 | scores det_seg -0.5477 det_cnt 7.3896 seg_cnt -2.4156
[stage2] epoch 26/50 step 7 | loss 2.2206 | train det 0.0206 seg 0.1514 cnt 0.7001 | shared_pairs det_seg 111/288 det_cnt 91/288 seg_cnt 86/288 | scores det_seg 0.4739 det_cnt -2.8517 seg_cnt 4.0005
[stage2] epoch 26/50 step 8 | loss 1.4146 | train det 0.0088 seg 0.0885 cnt 0.5749 | shared_pairs det_seg 110/288 det_cnt 99/288 seg_cnt 79/288 | scores det_seg 1.1390 det_cnt 4.3598 seg_cnt 2.3059
[stage2] epoch 26/50 step 9 | loss 2.1731 | train det 0.0188 seg 0.1078 cnt 1.0284 | shared_pairs det_seg 97/288 det_cnt 116/288 seg_cnt 75/288 | scores det_seg -1.4523 det_cnt 2.9576 seg_cnt -0.7467
[stage2] epoch 26/50 step 10 | loss 1.2888 | train det 0.0068 seg 0.0681 cnt 0.6416 | shared_pairs det_seg 103/288 det_cnt 105/288 seg_cnt 80/288 | scores det_seg -7.0242 det_cnt -0.3164 seg_cnt -1.9828
[stage2] epoch 26/50 step 11 | loss 1.9146 | train det 0.0188 seg 0.0338 cnt 1.3624 | shared_pairs det_seg 86/288 det_cnt 124/288 seg_cnt 78/288 | scores det_seg -1.3928 det_cnt 7.4297 seg_cnt 0.7344
[stage2] epoch 26/50 step 12 | loss 2.3760 | train det 0.0218 seg 0.1152 cnt 1.1273 | shared_pairs det_seg 106/288 det_cnt 97/288 seg_cnt 85/288 | scores det_seg 0.7356 det_cnt -1.2107 seg_cnt 0.0547
[stage2] epoch 26/50 step 13 | loss 2.9205 | train det 0.1018 seg 0.0646 cnt 0.8766 | shared_pairs det_seg 112/288 det_cnt 104/288 seg_cnt 72/288 | scores det_seg 1.9072 det_cnt 1.5461 seg_cnt 2.6952
[stage2] epoch 26/50 step 14 | loss 1.7175 | train det 0.0325 seg 0.0125 cnt 1.1302 | shared_pairs det_seg 104/288 det_cnt 111/288 seg_cnt 73/288 | scores det_seg 2.8042 det_cnt 4.5003 seg_cnt -1.2090
[stage2] epoch 26/50 step 15 | loss 1.8894 | train det 0.0293 seg 0.1105 cnt 0.5658 | shared_pairs det_seg 97/288 det_cnt 87/288 seg_cnt 104/288 | scores det_seg -1.4485 det_cnt -3.9024 seg_cnt 3.8047
[stage2] epoch 26/50 step 16 | loss 5.7184 | train det 0.0818 seg 0.0842 cnt 3.8175 | shared_pairs det_seg 103/288 det_cnt 97/288 seg_cnt 88/288 | scores det_seg -0.9591 det_cnt -0.8767 seg_cnt -4.2821
[stage2] epoch 26/50 step 17 | loss 2.7241 | train det 0.0077 seg 0.1058 cnt 1.7623 | shared_pairs det_seg 113/288 det_cnt 96/288 seg_cnt 79/288 | scores det_seg 0.9283 det_cnt -4.0192 seg_cnt 1.1135
[stage2] epoch 26/50 step 18 | loss 4.0032 | train det 0.0570 seg 0.0947 cnt 2.3909 | shared_pairs det_seg 105/288 det_cnt 91/288 seg_cnt 92/288 | scores det_seg -0.6292 det_cnt -2.8462 seg_cnt 1.6661
[stage2] epoch 26/50 step 19 | loss 5.2211 | train det 0.0756 seg 0.1584 cnt 2.8192 | shared_pairs det_seg 113/288 det_cnt 97/288 seg_cnt 78/288 | scores det_seg 0.3149 det_cnt -3.6154 seg_cnt -1.7894
[stage2] epoch 26/50 step 20 | loss 2.4678 | train det 0.0318 seg 0.1413 cnt 0.8603 | shared_pairs det_seg 105/288 det_cnt 112/288 seg_cnt 71/288 | scores det_seg 1.3084 det_cnt 0.1705 seg_cnt 3.6479
[stage2] epoch 26/50 step 21 | loss 2.6413 | train det 0.0479 seg 0.0417 cnt 1.5888 | shared_pairs det_seg 116/288 det_cnt 90/288 seg_cnt 82/288 | scores det_seg 1.3016 det_cnt -3.0655 seg_cnt 0.6641
[stage2] epoch 26/50 step 22 | loss 5.3272 | train det 0.2122 seg 0.0700 cnt 1.5837 | shared_pairs det_seg 109/288 det_cnt 104/288 seg_cnt 75/288 | scores det_seg 4.2168 det_cnt 4.1153 seg_cnt -1.7726
[stage2] epoch 26/50 step 23 | loss 3.4943 | train det 0.0722 seg 0.1135 cnt 1.5030 | shared_pairs det_seg 100/288 det_cnt 108/288 seg_cnt 80/288 | scores det_seg 0.2332 det_cnt 1.7027 seg_cnt -3.6600
[stage2] epoch 26/50 step 24 | loss 1.8199 | train det 0.0119 seg 0.0717 cnt 1.0685 | shared_pairs det_seg 100/288 det_cnt 110/288 seg_cnt 78/288 | scores det_seg 1.7238 det_cnt 7.1648 seg_cnt 2.1780
[stage2] epoch 26/50 step 25 | loss 3.8074 | train det 0.0090 seg 0.2714 cnt 1.5018 | shared_pairs det_seg 109/288 det_cnt 112/288 seg_cnt 67/288 | scores det_seg -0.1383 det_cnt 2.2631 seg_cnt -1.7652
[stage2] epoch 26/50 step 26 | loss 4.1688 | train det 0.0312 seg 0.0956 cnt 2.9362 | shared_pairs det_seg 117/288 det_cnt 104/288 seg_cnt 67/288 | scores det_seg 3.8519 det_cnt 2.1283 seg_cnt -4.3545
[stage2] epoch 26/50 step 27 | loss 1.7471 | train det 0.0211 seg 0.1198 cnt 0.4733 | shared_pairs det_seg 98/288 det_cnt 120/288 seg_cnt 70/288 | scores det_seg -1.9626 det_cnt 2.8168 seg_cnt -3.7422
[stage2] epoch 26/50 step 28 | loss 5.2697 | train det 0.0707 seg 0.1140 cnt 3.2976 | shared_pairs det_seg 103/288 det_cnt 116/288 seg_cnt 69/288 | scores det_seg -5.0817 det_cnt 2.8352 seg_cnt -3.0566
[stage2] epoch 26/50 step 29 | loss 1.9932 | train det 0.0234 seg 0.1141 cnt 0.7291 | shared_pairs det_seg 113/288 det_cnt 97/288 seg_cnt 78/288 | scores det_seg -1.2272 det_cnt -0.8998 seg_cnt -2.5799
[stage2] epoch 26/50 step 30 | loss 2.2540 | train det 0.0145 seg 0.1047 cnt 1.1986 | shared_pairs det_seg 108/288 det_cnt 107/288 seg_cnt 73/288 | scores det_seg 2.5368 det_cnt 4.3165 seg_cnt -2.6304
[stage2] epoch 26/50 step 31 | loss 2.0977 | train det 0.0167 seg 0.1080 cnt 0.9837 | shared_pairs det_seg 117/288 det_cnt 106/288 seg_cnt 65/288 | scores det_seg 3.4758 det_cnt 2.3890 seg_cnt -0.6056
[stage2] epoch 26/50 step 32 | loss 1.5900 | train det 0.0107 seg 0.0978 cnt 0.6462 | shared_pairs det_seg 121/288 det_cnt 100/288 seg_cnt 67/288 | scores det_seg -0.8640 det_cnt -1.0022 seg_cnt -3.1329
[stage2] epoch 26/50 step 33 | loss 2.2324 | train det 0.0264 seg 0.0785 cnt 1.2081 | shared_pairs det_seg 111/288 det_cnt 105/288 seg_cnt 72/288 | scores det_seg 1.4072 det_cnt 2.2622 seg_cnt -3.0693
[stage2] epoch 26/50 step 34 | loss 5.2291 | train det 0.2095 seg 0.1752 cnt 0.6845 | shared_pairs det_seg 99/288 det_cnt 118/288 seg_cnt 71/288 | scores det_seg -4.3386 det_cnt -1.9492 seg_cnt -4.3915
[stage2] epoch 26/50 step 35 | loss 2.1716 | train det 0.0102 seg 0.0985 cnt 1.2300 | shared_pairs det_seg 98/288 det_cnt 123/288 seg_cnt 67/288 | scores det_seg -1.2753 det_cnt 2.9003 seg_cnt -4.4406
[stage2] epoch 26/50 step 36 | loss 3.2673 | train det 0.0488 seg 0.1756 cnt 1.1314 | shared_pairs det_seg 88/288 det_cnt 102/288 seg_cnt 98/288 | scores det_seg -3.4950 det_cnt -0.5506 seg_cnt -2.0237
[stage2] epoch 26/50 step 37 | loss 2.4972 | train det 0.0639 seg 0.0740 cnt 0.9458 | shared_pairs det_seg 98/288 det_cnt 116/288 seg_cnt 74/288 | scores det_seg -0.3372 det_cnt 1.1969 seg_cnt 0.0873
[stage2] epoch 26/50 step 38 | loss 3.3231 | train det 0.0164 seg 0.2509 cnt 1.0701 | shared_pairs det_seg 103/288 det_cnt 105/288 seg_cnt 80/288 | scores det_seg 0.0601 det_cnt 2.3657 seg_cnt 4.2552
[stage2] epoch 26/50 step 39 | loss 1.3360 | train det 0.0102 seg 0.0712 cnt 0.6140 | shared_pairs det_seg 116/288 det_cnt 86/288 seg_cnt 86/288 | scores det_seg 1.6155 det_cnt -1.9372 seg_cnt 2.8464
[stage2] epoch 26/50 step 40 | loss 5.2325 | train det 0.0077 seg 0.1146 cnt 4.1999 | shared_pairs det_seg 104/288 det_cnt 106/288 seg_cnt 78/288 | scores det_seg 1.0290 det_cnt -1.3496 seg_cnt -1.2351
[stage2] epoch 26/50 step 41 | loss 6.2280 | train det 0.2657 seg 0.0914 cnt 1.5109 | shared_pairs det_seg 117/288 det_cnt 73/288 seg_cnt 98/288 | scores det_seg -1.5936 det_cnt -6.3715 seg_cnt -0.7215
[stage2] epoch 26/50 step 42 | loss 4.6195 | train det 0.0284 seg 0.2391 cnt 2.2805 | shared_pairs det_seg 113/288 det_cnt 99/288 seg_cnt 76/288 | scores det_seg 1.2465 det_cnt -1.9000 seg_cnt 0.7215
[stage2] epoch 26/50 step 43 | loss 3.1687 | train det 0.0229 seg 0.0855 cnt 2.1407 | shared_pairs det_seg 98/288 det_cnt 100/288 seg_cnt 90/288 | scores det_seg 1.7294 det_cnt -0.7549 seg_cnt 4.4813
[stage2] epoch 26/50 | train 3.0683 | det 0.0489 seg 0.1073 cnt 1.4766 | selected_by_matrix_unit det_seg 4498 det_cnt 4499 seg_cnt 3387
[stage2] epoch 26 | val det 0.4913 seg 0.9184 miou 0.6583 cnt 3.3154 dens 8.276122e-01 mae 2.4878 total_mae 11.5542 | ap50 0.6619 | combo 1.722204
[stage2] epoch 27/50 step 1 | loss 3.2095 | train det 0.1219 seg 0.0935 cnt 0.6337 | shared_pairs det_seg 106/288 det_cnt 98/288 seg_cnt 84/288 | scores det_seg -0.5799 det_cnt -0.7187 seg_cnt 2.5924
[stage2] epoch 27/50 step 2 | loss 2.7563 | train det 0.0277 seg 0.0679 cnt 1.7977 | shared_pairs det_seg 105/288 det_cnt 96/288 seg_cnt 87/288 | scores det_seg 1.9238 det_cnt 2.3396 seg_cnt 3.7536
[stage2] epoch 27/50 step 3 | loss 3.3710 | train det 0.0215 seg 0.0813 cnt 2.3990 | shared_pairs det_seg 120/288 det_cnt 97/288 seg_cnt 71/288 | scores det_seg 4.2780 det_cnt 0.1765 seg_cnt -1.7677
[stage2] epoch 27/50 step 4 | loss 4.2626 | train det 0.0294 seg 0.0860 cnt 3.1328 | shared_pairs det_seg 107/288 det_cnt 103/288 seg_cnt 78/288 | scores det_seg 2.7082 det_cnt 0.2086 seg_cnt 2.4744
[stage2] epoch 27/50 step 5 | loss 2.1703 | train det 0.0144 seg 0.0805 cnt 1.3105 | shared_pairs det_seg 114/288 det_cnt 90/288 seg_cnt 84/288 | scores det_seg 0.0693 det_cnt -3.4636 seg_cnt -0.5919
[stage2] epoch 27/50 step 6 | loss 2.7346 | train det 0.0296 seg 0.1337 cnt 1.2207 | shared_pairs det_seg 105/288 det_cnt 106/288 seg_cnt 77/288 | scores det_seg -0.6075 det_cnt 0.6921 seg_cnt -0.2579
[stage2] epoch 27/50 step 7 | loss 2.8295 | train det 0.0458 seg 0.0839 cnt 1.4714 | shared_pairs det_seg 88/288 det_cnt 110/288 seg_cnt 90/288 | scores det_seg -3.5210 det_cnt 1.7037 seg_cnt -1.6251
[stage2] epoch 27/50 step 8 | loss 2.7515 | train det 0.0215 seg 0.0399 cnt 2.1095 | shared_pairs det_seg 123/288 det_cnt 96/288 seg_cnt 69/288 | scores det_seg 2.5863 det_cnt 2.7932 seg_cnt -3.4912
[stage2] epoch 27/50 step 9 | loss 4.0802 | train det 0.1869 seg 0.0591 cnt 0.8032 | shared_pairs det_seg 113/288 det_cnt 104/288 seg_cnt 71/288 | scores det_seg 3.9839 det_cnt 2.9570 seg_cnt -3.6072
[stage2] epoch 27/50 step 10 | loss 3.7031 | train det 0.1747 seg 0.0607 cnt 0.5976 | shared_pairs det_seg 105/288 det_cnt 115/288 seg_cnt 68/288 | scores det_seg 2.2467 det_cnt 0.2299 seg_cnt -1.3807
[stage2] epoch 27/50 step 11 | loss 5.6650 | train det 0.2344 seg 0.1517 cnt 0.9355 | shared_pairs det_seg 101/288 det_cnt 104/288 seg_cnt 83/288 | scores det_seg -1.9294 det_cnt -5.5192 seg_cnt 0.9356
[stage2] epoch 27/50 step 12 | loss 2.0949 | train det 0.0251 seg 0.0817 cnt 1.0656 | shared_pairs det_seg 96/288 det_cnt 112/288 seg_cnt 80/288 | scores det_seg -2.1509 det_cnt 0.1017 seg_cnt -2.0081
[stage2] epoch 27/50 step 13 | loss 1.2844 | train det 0.0177 seg 0.0482 cnt 0.6329 | shared_pairs det_seg 86/288 det_cnt 100/288 seg_cnt 102/288 | scores det_seg -1.2201 det_cnt -0.7238 seg_cnt 3.8374
[stage2] epoch 27/50 step 14 | loss 2.3117 | train det 0.0441 seg 0.0851 cnt 0.9700 | shared_pairs det_seg 97/288 det_cnt 100/288 seg_cnt 91/288 | scores det_seg 0.2562 det_cnt 0.4686 seg_cnt -1.4362
[stage2] epoch 27/50 step 15 | loss 2.3876 | train det 0.0099 seg 0.0970 cnt 1.4632 | shared_pairs det_seg 131/288 det_cnt 100/288 seg_cnt 57/288 | scores det_seg 6.5149 det_cnt 0.0021 seg_cnt -4.9104
[stage2] epoch 27/50 step 16 | loss 1.9006 | train det 0.0141 seg 0.1062 cnt 0.8400 | shared_pairs det_seg 97/288 det_cnt 103/288 seg_cnt 88/288 | scores det_seg -1.0064 det_cnt -1.5351 seg_cnt 2.9916
[stage2] epoch 27/50 step 17 | loss 2.9577 | train det 0.0349 seg 0.0796 cnt 1.7965 | shared_pairs det_seg 95/288 det_cnt 101/288 seg_cnt 92/288 | scores det_seg -4.6482 det_cnt -1.8724 seg_cnt -2.0988
[stage2] epoch 27/50 step 18 | loss 1.3716 | train det 0.0095 seg 0.0375 cnt 0.9291 | shared_pairs det_seg 110/288 det_cnt 89/288 seg_cnt 89/288 | scores det_seg 0.4461 det_cnt -3.7241 seg_cnt 4.9709
[stage2] epoch 27/50 step 19 | loss 4.3922 | train det 0.0804 seg 0.0630 cnt 2.6824 | shared_pairs det_seg 124/288 det_cnt 77/288 seg_cnt 87/288 | scores det_seg -1.2521 det_cnt -5.1990 seg_cnt -1.2075
[stage2] epoch 27/50 step 20 | loss 3.3781 | train det 0.0741 seg 0.0899 cnt 1.5479 | shared_pairs det_seg 113/288 det_cnt 85/288 seg_cnt 90/288 | scores det_seg -2.2486 det_cnt -2.0848 seg_cnt 2.2443
[stage2] epoch 27/50 step 21 | loss 1.9873 | train det 0.0257 seg 0.0894 cnt 0.8858 | shared_pairs det_seg 109/288 det_cnt 95/288 seg_cnt 84/288 | scores det_seg -1.3696 det_cnt -1.4794 seg_cnt 1.0035
[stage2] epoch 27/50 step 22 | loss 2.9805 | train det 0.0576 seg 0.1032 cnt 1.2914 | shared_pairs det_seg 99/288 det_cnt 113/288 seg_cnt 76/288 | scores det_seg -1.9744 det_cnt 2.1620 seg_cnt -1.7011
[stage2] epoch 27/50 step 23 | loss 1.6284 | train det 0.0222 seg 0.0680 cnt 0.7522 | shared_pairs det_seg 106/288 det_cnt 101/288 seg_cnt 81/288 | scores det_seg 1.4329 det_cnt 1.7346 seg_cnt -0.9848
[stage2] epoch 27/50 step 24 | loss 3.5104 | train det 0.0239 seg 0.0429 cnt 2.8086 | shared_pairs det_seg 98/288 det_cnt 114/288 seg_cnt 76/288 | scores det_seg -0.0759 det_cnt 1.3271 seg_cnt 1.9437
[stage2] epoch 27/50 step 25 | loss 1.6400 | train det 0.0192 seg 0.0907 cnt 0.6262 | shared_pairs det_seg 103/288 det_cnt 91/288 seg_cnt 94/288 | scores det_seg 2.0306 det_cnt 0.0209 seg_cnt 1.9886
[stage2] epoch 27/50 step 26 | loss 4.2693 | train det 0.0736 seg 0.1857 cnt 1.6792 | shared_pairs det_seg 112/288 det_cnt 98/288 seg_cnt 78/288 | scores det_seg 3.0540 det_cnt 1.3486 seg_cnt 1.0762
[stage2] epoch 27/50 step 27 | loss 5.0137 | train det 0.1090 seg 0.0881 cnt 2.6733 | shared_pairs det_seg 94/288 det_cnt 104/288 seg_cnt 90/288 | scores det_seg -2.9198 det_cnt 0.3299 seg_cnt 0.8146
[stage2] epoch 27/50 step 28 | loss 4.0728 | train det 0.0708 seg 0.0673 cnt 2.4731 | shared_pairs det_seg 110/288 det_cnt 103/288 seg_cnt 75/288 | scores det_seg -2.2399 det_cnt 3.1947 seg_cnt -6.2862
[stage2] epoch 27/50 step 29 | loss 3.1270 | train det 0.0652 seg 0.0939 cnt 1.3981 | shared_pairs det_seg 79/288 det_cnt 131/288 seg_cnt 78/288 | scores det_seg 0.1363 det_cnt 4.2984 seg_cnt 1.4735
[stage2] epoch 27/50 step 30 | loss 1.9582 | train det 0.0112 seg 0.0797 cnt 1.1534 | shared_pairs det_seg 97/288 det_cnt 107/288 seg_cnt 84/288 | scores det_seg -0.0414 det_cnt -0.1311 seg_cnt -0.2938
[stage2] epoch 27/50 step 31 | loss 4.2589 | train det 0.1362 seg 0.0966 cnt 1.4431 | shared_pairs det_seg 102/288 det_cnt 100/288 seg_cnt 86/288 | scores det_seg -0.8390 det_cnt 1.1860 seg_cnt 1.7169
[stage2] epoch 27/50 step 32 | loss 3.4178 | train det 0.0083 seg 0.1079 cnt 2.4303 | shared_pairs det_seg 140/288 det_cnt 71/288 seg_cnt 77/288 | scores det_seg 3.7145 det_cnt -7.9546 seg_cnt -1.9702
[stage2] epoch 27/50 step 33 | loss 2.1693 | train det 0.0184 seg 0.1426 cnt 0.7525 | shared_pairs det_seg 116/288 det_cnt 98/288 seg_cnt 74/288 | scores det_seg 2.1514 det_cnt -0.0434 seg_cnt -0.2697
[stage2] epoch 27/50 step 34 | loss 2.1444 | train det 0.0264 seg 0.1551 cnt 0.5073 | shared_pairs det_seg 88/288 det_cnt 126/288 seg_cnt 74/288 | scores det_seg 2.1369 det_cnt -3.1511 seg_cnt -0.6114
[stage2] epoch 27/50 step 35 | loss 2.6154 | train det 0.0900 seg 0.0648 cnt 0.7470 | shared_pairs det_seg 112/288 det_cnt 92/288 seg_cnt 84/288 | scores det_seg -1.4942 det_cnt -1.2552 seg_cnt 1.5179
[stage2] epoch 27/50 step 36 | loss 2.1730 | train det 0.0215 seg 0.1034 cnt 1.0234 | shared_pairs det_seg 110/288 det_cnt 98/288 seg_cnt 80/288 | scores det_seg 1.3658 det_cnt 0.4289 seg_cnt -3.1288
[stage2] epoch 27/50 step 37 | loss 2.7321 | train det 0.1163 seg 0.0512 cnt 0.5776 | shared_pairs det_seg 119/288 det_cnt 110/288 seg_cnt 59/288 | scores det_seg 2.1791 det_cnt 5.3116 seg_cnt -2.2717
[stage2] epoch 27/50 step 38 | loss 2.1063 | train det 0.0147 seg 0.1190 cnt 0.9338 | shared_pairs det_seg 112/288 det_cnt 100/288 seg_cnt 76/288 | scores det_seg 1.0670 det_cnt 0.7251 seg_cnt -0.8373
[stage2] epoch 27/50 step 39 | loss 2.4645 | train det 0.0170 seg 0.0704 cnt 1.6462 | shared_pairs det_seg 108/288 det_cnt 114/288 seg_cnt 66/288 | scores det_seg 0.3786 det_cnt -1.4066 seg_cnt -5.6754
[stage2] epoch 27/50 step 40 | loss 2.0796 | train det 0.0318 seg 0.1170 cnt 0.6662 | shared_pairs det_seg 120/288 det_cnt 94/288 seg_cnt 74/288 | scores det_seg 2.5775 det_cnt 2.1138 seg_cnt 1.8560
[stage2] epoch 27/50 step 41 | loss 2.2880 | train det 0.0188 seg 0.0513 cnt 1.5959 | shared_pairs det_seg 112/288 det_cnt 103/288 seg_cnt 73/288 | scores det_seg 2.0731 det_cnt 2.0628 seg_cnt -0.9784
[stage2] epoch 27/50 step 42 | loss 1.8301 | train det 0.0260 seg 0.0702 cnt 0.8790 | shared_pairs det_seg 95/288 det_cnt 112/288 seg_cnt 81/288 | scores det_seg -0.8811 det_cnt 6.2014 seg_cnt -0.9832
[stage2] epoch 27/50 step 43 | loss 5.6278 | train det 0.0270 seg 0.3436 cnt 2.4746 | shared_pairs det_seg 111/288 det_cnt 104/288 seg_cnt 73/288 | scores det_seg 2.3739 det_cnt 2.4268 seg_cnt -0.4885
[stage2] epoch 27/50 | train 2.9234 | det 0.0523 seg 0.0937 cnt 1.3897 | selected_by_matrix_unit det_seg 4588 det_cnt 4365 seg_cnt 3431
[stage2] epoch 27 | val det 0.4923 seg 0.9164 miou 0.6577 cnt 3.3289 dens 8.277891e-01 mae 2.5012 total_mae 11.5412 | ap50 0.6614 | combo 1.718922
[stage2] epoch 28/50 step 1 | loss 5.3338 | train det 0.0159 seg 0.1270 cnt 4.0795 | shared_pairs det_seg 111/288 det_cnt 104/288 seg_cnt 73/288 | scores det_seg 5.2847 det_cnt 2.4937 seg_cnt 0.2824
[stage2] epoch 28/50 step 2 | loss 2.3152 | train det 0.0342 seg 0.0613 cnt 1.3121 | shared_pairs det_seg 99/288 det_cnt 108/288 seg_cnt 81/288 | scores det_seg -0.3161 det_cnt -0.0965 seg_cnt 2.6184
[stage2] epoch 28/50 step 3 | loss 1.9871 | train det 0.0391 seg 0.0769 cnt 0.7858 | shared_pairs det_seg 125/288 det_cnt 93/288 seg_cnt 70/288 | scores det_seg 4.1904 det_cnt 2.4654 seg_cnt 2.4268
[stage2] epoch 28/50 step 4 | loss 1.5516 | train det 0.0137 seg 0.0430 cnt 1.0012 | shared_pairs det_seg 107/288 det_cnt 82/288 seg_cnt 99/288 | scores det_seg -1.1683 det_cnt -4.7697 seg_cnt 2.2920
[stage2] epoch 28/50 step 5 | loss 2.8214 | train det 0.0765 seg 0.0916 cnt 0.9408 | shared_pairs det_seg 106/288 det_cnt 94/288 seg_cnt 88/288 | scores det_seg 2.2438 det_cnt -7.2575 seg_cnt 4.0411
[stage2] epoch 28/50 step 6 | loss 4.4948 | train det 0.2008 seg 0.0487 cnt 1.0938 | shared_pairs det_seg 118/288 det_cnt 104/288 seg_cnt 66/288 | scores det_seg 4.7074 det_cnt 1.2468 seg_cnt -1.7265
[stage2] epoch 28/50 step 7 | loss 4.0438 | train det 0.1121 seg 0.0864 cnt 1.6717 | shared_pairs det_seg 104/288 det_cnt 110/288 seg_cnt 74/288 | scores det_seg 1.2145 det_cnt -0.9816 seg_cnt 2.3106
[stage2] epoch 28/50 step 8 | loss 2.4024 | train det 0.0169 seg 0.0863 cnt 1.4584 | shared_pairs det_seg 111/288 det_cnt 106/288 seg_cnt 71/288 | scores det_seg -0.2050 det_cnt 0.2664 seg_cnt -2.6607
[stage2] epoch 28/50 step 9 | loss 25.3198 | train det 0.0681 seg 0.1034 cnt 23.4711 | shared_pairs det_seg 95/288 det_cnt 112/288 seg_cnt 81/288 | scores det_seg 0.1160 det_cnt -0.1090 seg_cnt -1.0206
[stage2] epoch 28/50 step 10 | loss 3.7971 | train det 0.1073 seg 0.1115 cnt 1.2961 | shared_pairs det_seg 121/288 det_cnt 91/288 seg_cnt 76/288 | scores det_seg 0.2300 det_cnt -2.5098 seg_cnt -0.2227
[stage2] epoch 28/50 step 11 | loss 1.7577 | train det 0.0328 seg 0.0583 cnt 0.7993 | shared_pairs det_seg 100/288 det_cnt 102/288 seg_cnt 86/288 | scores det_seg 1.7609 det_cnt -3.9075 seg_cnt 2.2356
[stage2] epoch 28/50 step 12 | loss 3.2611 | train det 0.0577 seg 0.2120 cnt 0.7007 | shared_pairs det_seg 93/288 det_cnt 119/288 seg_cnt 76/288 | scores det_seg -0.7950 det_cnt 3.3076 seg_cnt -1.5158
[stage2] epoch 28/50 step 13 | loss 2.3504 | train det 0.0200 seg 0.1135 cnt 1.1425 | shared_pairs det_seg 98/288 det_cnt 115/288 seg_cnt 75/288 | scores det_seg -3.2048 det_cnt 1.5391 seg_cnt -1.2695
[stage2] epoch 28/50 step 14 | loss 2.2224 | train det 0.0217 seg 0.1209 cnt 0.9295 | shared_pairs det_seg 119/288 det_cnt 103/288 seg_cnt 66/288 | scores det_seg 3.7199 det_cnt -0.4991 seg_cnt -3.8508
[stage2] epoch 28/50 step 15 | loss 3.4598 | train det 0.1067 seg 0.0393 cnt 1.5446 | shared_pairs det_seg 98/288 det_cnt 105/288 seg_cnt 85/288 | scores det_seg -0.8528 det_cnt 3.5658 seg_cnt -1.0931
[stage2] epoch 28/50 step 16 | loss 2.8622 | train det 0.0287 seg 0.0786 cnt 1.8027 | shared_pairs det_seg 116/288 det_cnt 95/288 seg_cnt 77/288 | scores det_seg 2.5379 det_cnt -1.4572 seg_cnt -1.1129
[stage2] epoch 28/50 step 17 | loss 2.4651 | train det 0.0514 seg 0.0799 cnt 1.0549 | shared_pairs det_seg 111/288 det_cnt 98/288 seg_cnt 79/288 | scores det_seg 0.4616 det_cnt -2.8607 seg_cnt 0.1465
[stage2] epoch 28/50 step 18 | loss 5.8890 | train det 0.2088 seg 0.1059 cnt 1.9104 | shared_pairs det_seg 106/288 det_cnt 92/288 seg_cnt 90/288 | scores det_seg 0.6016 det_cnt -2.7794 seg_cnt -0.6286
[stage2] epoch 28/50 step 19 | loss 2.2127 | train det 0.0254 seg 0.0754 cnt 1.2279 | shared_pairs det_seg 98/288 det_cnt 95/288 seg_cnt 95/288 | scores det_seg -0.2176 det_cnt -4.1635 seg_cnt 1.5299
[stage2] epoch 28/50 step 20 | loss 1.1472 | train det 0.0489 seg 0.0103 cnt 0.3318 | shared_pairs det_seg 101/288 det_cnt 94/288 seg_cnt 93/288 | scores det_seg 0.3357 det_cnt -1.7780 seg_cnt -0.1358
[stage2] epoch 28/50 step 21 | loss 1.6248 | train det 0.0133 seg 0.1044 cnt 0.5891 | shared_pairs det_seg 108/288 det_cnt 104/288 seg_cnt 76/288 | scores det_seg 0.4718 det_cnt 1.5119 seg_cnt -0.4173
[stage2] epoch 28/50 step 22 | loss 2.6323 | train det 0.0363 seg 0.0896 cnt 1.3712 | shared_pairs det_seg 101/288 det_cnt 106/288 seg_cnt 81/288 | scores det_seg -1.1864 det_cnt -1.3574 seg_cnt -0.6949
[stage2] epoch 28/50 step 23 | loss 6.0751 | train det 0.0367 seg 0.1333 cnt 4.4582 | shared_pairs det_seg 110/288 det_cnt 94/288 seg_cnt 84/288 | scores det_seg -0.7924 det_cnt -3.7711 seg_cnt 0.1086
[stage2] epoch 28/50 step 24 | loss 3.8239 | train det 0.0124 seg 0.0937 cnt 2.8884 | shared_pairs det_seg 95/288 det_cnt 89/288 seg_cnt 104/288 | scores det_seg 1.1573 det_cnt 0.4202 seg_cnt 2.6621
[stage2] epoch 28/50 step 25 | loss 10.1336 | train det 0.3861 seg 0.0864 cnt 3.6511 | shared_pairs det_seg 110/288 det_cnt 90/288 seg_cnt 88/288 | scores det_seg -0.4628 det_cnt -3.3518 seg_cnt 3.2428
[stage2] epoch 28/50 step 26 | loss 2.9374 | train det 0.0101 seg 0.2002 cnt 1.1838 | shared_pairs det_seg 97/288 det_cnt 102/288 seg_cnt 89/288 | scores det_seg 0.1190 det_cnt 2.0307 seg_cnt 5.2642
[stage2] epoch 28/50 step 27 | loss 2.3659 | train det 0.0148 seg 0.1742 cnt 0.7503 | shared_pairs det_seg 122/288 det_cnt 102/288 seg_cnt 64/288 | scores det_seg 3.6704 det_cnt -1.4982 seg_cnt -4.4679
[stage2] epoch 28/50 step 28 | loss 3.6127 | train det 0.1278 seg 0.1001 cnt 0.8944 | shared_pairs det_seg 89/288 det_cnt 95/288 seg_cnt 104/288 | scores det_seg -3.5899 det_cnt -2.6549 seg_cnt 3.9723
[stage2] epoch 28/50 step 29 | loss 1.2866 | train det 0.0074 seg 0.0607 cnt 0.6896 | shared_pairs det_seg 103/288 det_cnt 111/288 seg_cnt 74/288 | scores det_seg -1.1244 det_cnt 0.1320 seg_cnt -1.0121
[stage2] epoch 28/50 step 30 | loss 2.2444 | train det 0.0118 seg 0.1371 cnt 0.9704 | shared_pairs det_seg 105/288 det_cnt 92/288 seg_cnt 91/288 | scores det_seg -0.4162 det_cnt -4.3151 seg_cnt -0.4150
[stage2] epoch 28/50 step 31 | loss 3.4066 | train det 0.0338 seg 0.1637 cnt 1.5890 | shared_pairs det_seg 112/288 det_cnt 92/288 seg_cnt 84/288 | scores det_seg -4.1435 det_cnt -0.0570 seg_cnt 3.3716
[stage2] epoch 28/50 step 32 | loss 3.8756 | train det 0.1174 seg 0.1277 cnt 1.0935 | shared_pairs det_seg 107/288 det_cnt 102/288 seg_cnt 79/288 | scores det_seg -1.5202 det_cnt 1.2820 seg_cnt -1.9150
[stage2] epoch 28/50 step 33 | loss 20.7855 | train det 0.0159 seg 0.1369 cnt 19.4527 | shared_pairs det_seg 99/288 det_cnt 107/288 seg_cnt 82/288 | scores det_seg 0.3742 det_cnt -1.0422 seg_cnt 1.2545
[stage2] epoch 28/50 step 34 | loss 1.8393 | train det 0.0068 seg 0.0640 cnt 1.2259 | shared_pairs det_seg 107/288 det_cnt 96/288 seg_cnt 85/288 | scores det_seg -0.2678 det_cnt -2.4339 seg_cnt -4.0977
[stage2] epoch 28/50 step 35 | loss 1.8584 | train det 0.0188 seg 0.1012 cnt 0.7668 | shared_pairs det_seg 99/288 det_cnt 119/288 seg_cnt 70/288 | scores det_seg 0.4694 det_cnt 2.7338 seg_cnt -1.8638
[stage2] epoch 28/50 step 36 | loss 1.5453 | train det 0.0307 seg 0.0524 cnt 0.6652 | shared_pairs det_seg 106/288 det_cnt 107/288 seg_cnt 75/288 | scores det_seg -2.1194 det_cnt 2.1771 seg_cnt -2.3700
[stage2] epoch 28/50 step 37 | loss 1.8521 | train det 0.0096 seg 0.0621 cnt 1.2120 | shared_pairs det_seg 117/288 det_cnt 98/288 seg_cnt 73/288 | scores det_seg 4.3913 det_cnt 0.1216 seg_cnt 0.3873
[stage2] epoch 28/50 step 38 | loss 2.2601 | train det 0.0347 seg 0.1031 cnt 0.9149 | shared_pairs det_seg 109/288 det_cnt 99/288 seg_cnt 80/288 | scores det_seg -2.3074 det_cnt -0.3867 seg_cnt -4.2125
[stage2] epoch 28/50 step 39 | loss 2.8896 | train det 0.0240 seg 0.1094 cnt 1.6545 | shared_pairs det_seg 100/288 det_cnt 103/288 seg_cnt 85/288 | scores det_seg 0.4807 det_cnt -0.1287 seg_cnt 2.2786
[stage2] epoch 28/50 step 40 | loss 3.3855 | train det 0.0139 seg 0.1376 cnt 2.0760 | shared_pairs det_seg 83/288 det_cnt 129/288 seg_cnt 76/288 | scores det_seg -4.3323 det_cnt 4.4089 seg_cnt 3.8288
[stage2] epoch 28/50 step 41 | loss 2.8829 | train det 0.0778 seg 0.0601 cnt 1.2348 | shared_pairs det_seg 103/288 det_cnt 105/288 seg_cnt 80/288 | scores det_seg 1.2838 det_cnt 4.7609 seg_cnt -0.8315
[stage2] epoch 28/50 step 42 | loss 5.5436 | train det 0.1958 seg 0.0819 cnt 1.9508 | shared_pairs det_seg 104/288 det_cnt 130/288 seg_cnt 54/288 | scores det_seg 0.5552 det_cnt 2.9541 seg_cnt -5.8157
[stage2] epoch 28/50 step 43 | loss 4.6167 | train det 0.1140 seg 0.2167 cnt 1.1734 | shared_pairs det_seg 111/288 det_cnt 109/288 seg_cnt 68/288 | scores det_seg 2.0160 det_cnt 1.0559 seg_cnt -5.7376
[stage2] epoch 28/50 | train 4.0738 | det 0.0613 seg 0.1006 cnt 2.3491 | selected_by_matrix_unit det_seg 4534 det_cnt 4403 seg_cnt 3447
[stage2] epoch 28 | val det 0.4935 seg 0.9145 miou 0.6576 cnt 3.3026 dens 8.279028e-01 mae 2.4747 total_mae 11.8046 | ap50 0.6649 | combo 1.726637
[stage2] epoch 29/50 step 1 | loss 3.2288 | train det 0.0349 seg 0.0608 cnt 2.2190 | shared_pairs det_seg 103/288 det_cnt 101/288 seg_cnt 84/288 | scores det_seg 1.9162 det_cnt 1.9364 seg_cnt -0.9460
[stage2] epoch 29/50 step 2 | loss 4.2727 | train det 0.1357 seg 0.1235 cnt 1.2493 | shared_pairs det_seg 98/288 det_cnt 109/288 seg_cnt 81/288 | scores det_seg 0.8840 det_cnt 1.0796 seg_cnt 3.4242
[stage2] epoch 29/50 step 3 | loss 3.2604 | train det 0.0313 seg 0.0760 cnt 2.1831 | shared_pairs det_seg 116/288 det_cnt 100/288 seg_cnt 72/288 | scores det_seg -2.5121 det_cnt -2.4542 seg_cnt -1.1321
[stage2] epoch 29/50 step 4 | loss 2.5082 | train det 0.0423 seg 0.0992 cnt 1.0804 | shared_pairs det_seg 98/288 det_cnt 96/288 seg_cnt 94/288 | scores det_seg -1.1243 det_cnt -0.5996 seg_cnt 0.3170
[stage2] epoch 29/50 step 5 | loss 2.8485 | train det 0.0148 seg 0.2343 cnt 0.7520 | shared_pairs det_seg 97/288 det_cnt 104/288 seg_cnt 87/288 | scores det_seg -1.4911 det_cnt -0.5986 seg_cnt 0.9576
[stage2] epoch 29/50 step 6 | loss 5.1466 | train det 0.0112 seg 0.1106 cnt 4.0938 | shared_pairs det_seg 108/288 det_cnt 106/288 seg_cnt 74/288 | scores det_seg -0.1234 det_cnt 0.1005 seg_cnt -1.7339
[stage2] epoch 29/50 step 7 | loss 1.5066 | train det 0.0030 seg 0.0997 cnt 0.6638 | shared_pairs det_seg 95/288 det_cnt 109/288 seg_cnt 84/288 | scores det_seg -3.9528 det_cnt 1.2692 seg_cnt -4.2986
[stage2] epoch 29/50 step 8 | loss 2.2687 | train det 0.0352 seg 0.0457 cnt 1.3747 | shared_pairs det_seg 98/288 det_cnt 94/288 seg_cnt 96/288 | scores det_seg -0.9460 det_cnt -2.7785 seg_cnt 3.7997
[stage2] epoch 29/50 step 9 | loss 1.6142 | train det 0.0568 seg 0.0364 cnt 0.4700 | shared_pairs det_seg 101/288 det_cnt 107/288 seg_cnt 80/288 | scores det_seg -1.1714 det_cnt 2.3559 seg_cnt 2.3364
[stage2] epoch 29/50 step 10 | loss 2.5979 | train det 0.0461 seg 0.1722 cnt 0.5288 | shared_pairs det_seg 103/288 det_cnt 114/288 seg_cnt 71/288 | scores det_seg 0.0626 det_cnt 3.0267 seg_cnt -3.0800
[stage2] epoch 29/50 step 11 | loss 2.9564 | train det 0.1242 seg 0.0925 cnt 0.3543 | shared_pairs det_seg 105/288 det_cnt 98/288 seg_cnt 85/288 | scores det_seg 1.4063 det_cnt -0.6885 seg_cnt -2.3848
[stage2] epoch 29/50 step 12 | loss 2.5130 | train det 0.0859 seg 0.0709 cnt 0.6572 | shared_pairs det_seg 104/288 det_cnt 94/288 seg_cnt 90/288 | scores det_seg -3.0296 det_cnt -2.8469 seg_cnt -0.1546
[stage2] epoch 29/50 step 13 | loss 4.5131 | train det 0.1261 seg 0.1006 cnt 1.8169 | shared_pairs det_seg 121/288 det_cnt 92/288 seg_cnt 75/288 | scores det_seg 1.7888 det_cnt -0.3001 seg_cnt 1.0207
[stage2] epoch 29/50 step 14 | loss 2.7280 | train det 0.0304 seg 0.0444 cnt 1.9168 | shared_pairs det_seg 95/288 det_cnt 108/288 seg_cnt 85/288 | scores det_seg 1.6177 det_cnt -0.8919 seg_cnt 0.4806
[stage2] epoch 29/50 step 15 | loss 2.7177 | train det 0.0696 seg 0.0592 cnt 1.2005 | shared_pairs det_seg 105/288 det_cnt 103/288 seg_cnt 80/288 | scores det_seg -0.0402 det_cnt -0.3932 seg_cnt -3.4651
[stage2] epoch 29/50 step 16 | loss 2.4556 | train det 0.0334 seg 0.1257 cnt 0.9481 | shared_pairs det_seg 116/288 det_cnt 87/288 seg_cnt 85/288 | scores det_seg -1.3497 det_cnt -7.2712 seg_cnt 1.3383
[stage2] epoch 29/50 step 17 | loss 2.5446 | train det 0.0971 seg 0.0857 cnt 0.4023 | shared_pairs det_seg 103/288 det_cnt 102/288 seg_cnt 83/288 | scores det_seg -1.0716 det_cnt 1.2592 seg_cnt 1.6679
[stage2] epoch 29/50 step 18 | loss 3.3817 | train det 0.0122 seg 0.1347 cnt 2.1214 | shared_pairs det_seg 120/288 det_cnt 93/288 seg_cnt 75/288 | scores det_seg -0.0648 det_cnt -3.3032 seg_cnt -5.8610
[stage2] epoch 29/50 step 19 | loss 1.6912 | train det 0.0246 seg 0.0743 cnt 0.7288 | shared_pairs det_seg 102/288 det_cnt 123/288 seg_cnt 63/288 | scores det_seg 1.7280 det_cnt 2.0364 seg_cnt -3.2935
[stage2] epoch 29/50 step 20 | loss 2.1605 | train det 0.0178 seg 0.0804 cnt 1.2497 | shared_pairs det_seg 100/288 det_cnt 113/288 seg_cnt 75/288 | scores det_seg 1.8173 det_cnt 4.8428 seg_cnt -0.0993
[stage2] epoch 29/50 step 21 | loss 4.4891 | train det 0.0137 seg 0.0767 cnt 3.6697 | shared_pairs det_seg 103/288 det_cnt 117/288 seg_cnt 68/288 | scores det_seg 1.0971 det_cnt 4.5815 seg_cnt -4.2410
[stage2] epoch 29/50 step 22 | loss 4.3847 | train det 0.0414 seg 0.1260 cnt 2.7555 | shared_pairs det_seg 119/288 det_cnt 104/288 seg_cnt 65/288 | scores det_seg -1.7147 det_cnt -0.8497 seg_cnt -6.0121
[stage2] epoch 29/50 step 23 | loss 9.8406 | train det 0.0570 seg 0.1185 cnt 8.0378 | shared_pairs det_seg 101/288 det_cnt 102/288 seg_cnt 85/288 | scores det_seg -1.0511 det_cnt 0.3196 seg_cnt 2.2209
[stage2] epoch 29/50 step 24 | loss 2.7570 | train det 0.0750 seg 0.0522 cnt 1.2142 | shared_pairs det_seg 107/288 det_cnt 104/288 seg_cnt 77/288 | scores det_seg 4.1139 det_cnt 2.3003 seg_cnt -0.4590
[stage2] epoch 29/50 step 25 | loss 3.9726 | train det 0.0921 seg 0.0609 cnt 2.1038 | shared_pairs det_seg 85/288 det_cnt 111/288 seg_cnt 92/288 | scores det_seg -1.6360 det_cnt 0.7831 seg_cnt 2.0154
[stage2] epoch 29/50 step 26 | loss 1.9537 | train det 0.0399 seg 0.0425 cnt 1.0149 | shared_pairs det_seg 111/288 det_cnt 107/288 seg_cnt 70/288 | scores det_seg 0.2784 det_cnt 0.7983 seg_cnt 0.6271
[stage2] epoch 29/50 step 27 | loss 2.2730 | train det 0.0057 seg 0.0542 cnt 1.7536 | shared_pairs det_seg 107/288 det_cnt 106/288 seg_cnt 75/288 | scores det_seg 1.1210 det_cnt 6.9567 seg_cnt -1.1279
[stage2] epoch 29/50 step 28 | loss 1.9984 | train det 0.0175 seg 0.0989 cnt 0.9448 | shared_pairs det_seg 108/288 det_cnt 96/288 seg_cnt 84/288 | scores det_seg 1.8364 det_cnt 1.2106 seg_cnt 2.2035
[stage2] epoch 29/50 step 29 | loss 1.7669 | train det 0.0214 seg 0.0895 cnt 0.7297 | shared_pairs det_seg 96/288 det_cnt 102/288 seg_cnt 90/288 | scores det_seg -0.0150 det_cnt -0.5571 seg_cnt -0.1896
[stage2] epoch 29/50 step 30 | loss 5.3438 | train det 0.0393 seg 0.1180 cnt 3.8102 | shared_pairs det_seg 117/288 det_cnt 90/288 seg_cnt 81/288 | scores det_seg 0.9241 det_cnt -4.2606 seg_cnt 1.0213
[stage2] epoch 29/50 step 31 | loss 1.8588 | train det 0.0091 seg 0.0722 cnt 1.1452 | shared_pairs det_seg 102/288 det_cnt 108/288 seg_cnt 78/288 | scores det_seg -3.1771 det_cnt 2.1840 seg_cnt 2.4638
[stage2] epoch 29/50 step 32 | loss 2.6946 | train det 0.0463 seg 0.1199 cnt 1.0407 | shared_pairs det_seg 94/288 det_cnt 112/288 seg_cnt 82/288 | scores det_seg 0.1844 det_cnt 0.4163 seg_cnt 0.9926
[stage2] epoch 29/50 step 33 | loss 1.9040 | train det 0.0544 seg 0.0636 cnt 0.5792 | shared_pairs det_seg 92/288 det_cnt 112/288 seg_cnt 84/288 | scores det_seg -3.6560 det_cnt 4.0830 seg_cnt -2.9242
[stage2] epoch 29/50 step 34 | loss 1.6334 | train det 0.0132 seg 0.1143 cnt 0.5212 | shared_pairs det_seg 107/288 det_cnt 101/288 seg_cnt 80/288 | scores det_seg -1.8091 det_cnt -1.9221 seg_cnt 2.5564
[stage2] epoch 29/50 step 35 | loss 1.8278 | train det 0.0571 seg 0.0872 cnt 0.2730 | shared_pairs det_seg 116/288 det_cnt 88/288 seg_cnt 84/288 | scores det_seg 0.8117 det_cnt 1.0817 seg_cnt 0.6623
[stage2] epoch 29/50 step 36 | loss 1.8335 | train det 0.0123 seg 0.0969 cnt 0.8744 | shared_pairs det_seg 106/288 det_cnt 104/288 seg_cnt 78/288 | scores det_seg 1.4502 det_cnt 0.4691 seg_cnt 0.7280
[stage2] epoch 29/50 step 37 | loss 2.7636 | train det 0.0330 seg 0.0631 cnt 1.7638 | shared_pairs det_seg 100/288 det_cnt 90/288 seg_cnt 98/288 | scores det_seg 2.6024 det_cnt -1.3942 seg_cnt 2.7536
[stage2] epoch 29/50 step 38 | loss 5.5940 | train det 0.1456 seg 0.1591 cnt 2.1378 | shared_pairs det_seg 95/288 det_cnt 117/288 seg_cnt 76/288 | scores det_seg -4.2067 det_cnt -0.0444 seg_cnt -1.9493
[stage2] epoch 29/50 step 39 | loss 2.5888 | train det 0.0270 seg 0.1088 cnt 1.3131 | shared_pairs det_seg 103/288 det_cnt 104/288 seg_cnt 81/288 | scores det_seg -1.5495 det_cnt -3.2562 seg_cnt 1.4454
[stage2] epoch 29/50 step 40 | loss 1.8699 | train det 0.0379 seg 0.0461 cnt 0.9333 | shared_pairs det_seg 105/288 det_cnt 94/288 seg_cnt 89/288 | scores det_seg 1.1812 det_cnt 0.0082 seg_cnt 1.1014
[stage2] epoch 29/50 step 41 | loss 1.9130 | train det 0.0237 seg 0.1057 cnt 0.7117 | shared_pairs det_seg 106/288 det_cnt 115/288 seg_cnt 67/288 | scores det_seg -1.0380 det_cnt 4.0645 seg_cnt -1.1090
[stage2] epoch 29/50 step 42 | loss 3.2916 | train det 0.0168 seg 0.0679 cnt 2.4969 | shared_pairs det_seg 95/288 det_cnt 121/288 seg_cnt 72/288 | scores det_seg -0.8601 det_cnt 1.6316 seg_cnt -5.2708
[stage2] epoch 29/50 step 43 | loss 1.4373 | train det 0.0031 seg 0.0881 cnt 0.6862 | shared_pairs det_seg 106/288 det_cnt 111/288 seg_cnt 71/288 | scores det_seg -0.6626 det_cnt 5.0584 seg_cnt 0.3485
[stage2] epoch 29/50 | train 2.9513 | det 0.0445 seg 0.0920 cnt 1.5470 | selected_by_matrix_unit det_seg 4469 det_cnt 4469 seg_cnt 3446
[stage2] epoch 29 | val det 0.4964 seg 0.9226 miou 0.6568 cnt 3.3009 dens 8.277741e-01 mae 2.4732 total_mae 11.7663 | ap50 0.6611 | combo 1.722254
[stage2] epoch 30/50 step 1 | loss 11.4726 | train det 0.4121 seg 0.1142 cnt 4.3781 | shared_pairs det_seg 112/288 det_cnt 94/288 seg_cnt 82/288 | scores det_seg 2.7064 det_cnt -0.8164 seg_cnt -2.4589
[stage2] epoch 30/50 step 2 | loss 4.1410 | train det 0.0505 seg 0.1471 cnt 2.2064 | shared_pairs det_seg 121/288 det_cnt 90/288 seg_cnt 77/288 | scores det_seg 4.2408 det_cnt -3.0128 seg_cnt -3.2003
[stage2] epoch 30/50 step 3 | loss 1.9381 | train det 0.0145 seg 0.0699 cnt 1.1614 | shared_pairs det_seg 98/288 det_cnt 105/288 seg_cnt 85/288 | scores det_seg 2.9661 det_cnt 1.7311 seg_cnt 3.5777
[stage2] epoch 30/50 step 4 | loss 3.5770 | train det 0.0441 seg 0.0995 cnt 2.1202 | shared_pairs det_seg 119/288 det_cnt 86/288 seg_cnt 83/288 | scores det_seg 0.7582 det_cnt -4.4525 seg_cnt -0.4372
[stage2] epoch 30/50 step 5 | loss 4.0631 | train det 0.0120 seg 0.1382 cnt 2.7779 | shared_pairs det_seg 111/288 det_cnt 73/288 seg_cnt 104/288 | scores det_seg 1.0811 det_cnt -7.7775 seg_cnt 2.3761
[stage2] epoch 30/50 step 6 | loss 3.9179 | train det 0.0313 seg 0.0845 cnt 2.7728 | shared_pairs det_seg 88/288 det_cnt 104/288 seg_cnt 96/288 | scores det_seg -2.3990 det_cnt 1.1914 seg_cnt 4.7303
[stage2] epoch 30/50 step 7 | loss 3.1567 | train det 0.0531 seg 0.1091 cnt 1.4881 | shared_pairs det_seg 87/288 det_cnt 103/288 seg_cnt 98/288 | scores det_seg -1.7205 det_cnt -0.0600 seg_cnt 1.8099
[stage2] epoch 30/50 step 8 | loss 3.1924 | train det 0.0349 seg 0.0931 cnt 1.9240 | shared_pairs det_seg 112/288 det_cnt 107/288 seg_cnt 69/288 | scores det_seg -0.0943 det_cnt -1.4779 seg_cnt -3.2067
[stage2] epoch 30/50 step 9 | loss 2.4610 | train det 0.0157 seg 0.0871 cnt 1.5281 | shared_pairs det_seg 100/288 det_cnt 89/288 seg_cnt 99/288 | scores det_seg -0.3773 det_cnt -4.9708 seg_cnt 2.9809
[stage2] epoch 30/50 step 10 | loss 2.3092 | train det 0.0154 seg 0.0742 cnt 1.4849 | shared_pairs det_seg 102/288 det_cnt 88/288 seg_cnt 98/288 | scores det_seg 0.8709 det_cnt -6.2040 seg_cnt 5.0560
[stage2] epoch 30/50 step 11 | loss 2.5826 | train det 0.0450 seg 0.1589 cnt 0.6369 | shared_pairs det_seg 104/288 det_cnt 108/288 seg_cnt 76/288 | scores det_seg -1.0201 det_cnt -0.5966 seg_cnt -2.2039
[stage2] epoch 30/50 step 12 | loss 2.7599 | train det 0.0375 seg 0.0475 cnt 1.8172 | shared_pairs det_seg 130/288 det_cnt 86/288 seg_cnt 72/288 | scores det_seg 3.0629 det_cnt -3.3906 seg_cnt -3.5224
[stage2] epoch 30/50 step 13 | loss 2.8199 | train det 0.0129 seg 0.1635 cnt 1.3189 | shared_pairs det_seg 103/288 det_cnt 101/288 seg_cnt 84/288 | scores det_seg 0.8667 det_cnt -1.2110 seg_cnt 2.1525
[stage2] epoch 30/50 step 14 | loss 3.2388 | train det 0.0706 seg 0.1450 cnt 1.0194 | shared_pairs det_seg 86/288 det_cnt 126/288 seg_cnt 76/288 | scores det_seg -1.7043 det_cnt 6.4242 seg_cnt -1.3525
[stage2] epoch 30/50 step 15 | loss 2.3970 | train det 0.0427 seg 0.0677 cnt 1.2148 | shared_pairs det_seg 113/288 det_cnt 101/288 seg_cnt 74/288 | scores det_seg -0.8189 det_cnt 0.8977 seg_cnt -1.9806
[stage2] epoch 30/50 step 16 | loss 1.5523 | train det 0.0367 seg 0.0475 cnt 0.6213 | shared_pairs det_seg 121/288 det_cnt 97/288 seg_cnt 70/288 | scores det_seg -0.1943 det_cnt -4.1270 seg_cnt -2.8963
[stage2] epoch 30/50 step 17 | loss 1.7280 | train det 0.0364 seg 0.0423 cnt 0.8439 | shared_pairs det_seg 135/288 det_cnt 77/288 seg_cnt 76/288 | scores det_seg 4.4218 det_cnt -4.0767 seg_cnt -0.6630
[stage2] epoch 30/50 step 18 | loss 2.7984 | train det 0.0245 seg 0.0287 cnt 2.2020 | shared_pairs det_seg 104/288 det_cnt 106/288 seg_cnt 78/288 | scores det_seg 3.6192 det_cnt -0.3284 seg_cnt 0.1831
[stage2] epoch 30/50 step 19 | loss 9.1512 | train det 0.1897 seg 0.0469 cnt 5.9305 | shared_pairs det_seg 97/288 det_cnt 108/288 seg_cnt 83/288 | scores det_seg -0.7653 det_cnt 2.8971 seg_cnt 2.9737
[stage2] epoch 30/50 step 20 | loss 4.9461 | train det 0.0141 seg 0.2291 cnt 2.9014 | shared_pairs det_seg 111/288 det_cnt 102/288 seg_cnt 75/288 | scores det_seg 3.0151 det_cnt -0.1641 seg_cnt -2.3309
[stage2] epoch 30/50 step 21 | loss 4.1563 | train det 0.0164 seg 0.0367 cnt 3.6164 | shared_pairs det_seg 101/288 det_cnt 98/288 seg_cnt 89/288 | scores det_seg -4.9211 det_cnt -1.8373 seg_cnt -2.1315
[stage2] epoch 30/50 step 22 | loss 2.9967 | train det 0.0429 seg 0.0566 cnt 1.9002 | shared_pairs det_seg 112/288 det_cnt 91/288 seg_cnt 85/288 | scores det_seg 2.2146 det_cnt 0.8005 seg_cnt 0.2310
[stage2] epoch 30/50 step 23 | loss 2.7209 | train det 0.0314 seg 0.1150 cnt 1.3307 | shared_pairs det_seg 107/288 det_cnt 92/288 seg_cnt 89/288 | scores det_seg 1.1116 det_cnt -1.2595 seg_cnt 0.0629
[stage2] epoch 30/50 step 24 | loss 2.0156 | train det 0.0116 seg 0.1506 cnt 0.6363 | shared_pairs det_seg 110/288 det_cnt 106/288 seg_cnt 72/288 | scores det_seg 3.5207 det_cnt 3.7866 seg_cnt -1.3308
[stage2] epoch 30/50 step 25 | loss 5.3751 | train det 0.0215 seg 0.1103 cnt 4.1706 | shared_pairs det_seg 106/288 det_cnt 104/288 seg_cnt 78/288 | scores det_seg 0.1010 det_cnt 2.7505 seg_cnt -1.7085
[stage2] epoch 30/50 step 26 | loss 3.9343 | train det 0.0497 seg 0.1061 cnt 2.3393 | shared_pairs det_seg 104/288 det_cnt 96/288 seg_cnt 88/288 | scores det_seg -1.9937 det_cnt -3.2460 seg_cnt -0.3304
[stage2] epoch 30/50 step 27 | loss 1.8754 | train det 0.0160 seg 0.0550 cnt 1.1959 | shared_pairs det_seg 116/288 det_cnt 116/288 seg_cnt 56/288 | scores det_seg 2.1444 det_cnt 4.2782 seg_cnt -1.8061
[stage2] epoch 30/50 step 28 | loss 3.7577 | train det 0.0396 seg 0.1596 cnt 1.8868 | shared_pairs det_seg 102/288 det_cnt 108/288 seg_cnt 78/288 | scores det_seg -1.7415 det_cnt -0.3518 seg_cnt -0.8904
[stage2] epoch 30/50 step 29 | loss 4.0007 | train det 0.0217 seg 0.0526 cnt 3.2552 | shared_pairs det_seg 103/288 det_cnt 100/288 seg_cnt 85/288 | scores det_seg 0.0196 det_cnt 1.3273 seg_cnt 1.9137
[stage2] epoch 30/50 step 30 | loss 3.5255 | train det 0.0363 seg 0.0490 cnt 2.5890 | shared_pairs det_seg 102/288 det_cnt 108/288 seg_cnt 78/288 | scores det_seg 0.9370 det_cnt -0.4103 seg_cnt 2.5418
[stage2] epoch 30/50 step 31 | loss 1.8924 | train det 0.0123 seg 0.0429 cnt 1.3645 | shared_pairs det_seg 124/288 det_cnt 101/288 seg_cnt 63/288 | scores det_seg 2.2921 det_cnt 0.9590 seg_cnt -4.9833
[stage2] epoch 30/50 step 32 | loss 2.6093 | train det 0.0257 seg 0.0162 cnt 2.0950 | shared_pairs det_seg 101/288 det_cnt 96/288 seg_cnt 91/288 | scores det_seg 1.6833 det_cnt -2.5247 seg_cnt 1.3407
[stage2] epoch 30/50 step 33 | loss 2.6208 | train det 0.0166 seg 0.0701 cnt 1.8111 | shared_pairs det_seg 89/288 det_cnt 114/288 seg_cnt 85/288 | scores det_seg 1.5397 det_cnt 5.9540 seg_cnt -1.9181
[stage2] epoch 30/50 step 34 | loss 4.1859 | train det 0.1487 seg 0.0845 cnt 1.2796 | shared_pairs det_seg 109/288 det_cnt 105/288 seg_cnt 74/288 | scores det_seg 1.1256 det_cnt 4.9541 seg_cnt -2.2205
[stage2] epoch 30/50 step 35 | loss 1.7049 | train det 0.0376 seg 0.0718 cnt 0.5669 | shared_pairs det_seg 107/288 det_cnt 99/288 seg_cnt 82/288 | scores det_seg 1.9729 det_cnt 2.2376 seg_cnt 2.7931
[stage2] epoch 30/50 step 36 | loss 2.7717 | train det 0.0021 seg 0.0893 cnt 2.0254 | shared_pairs det_seg 90/288 det_cnt 110/288 seg_cnt 88/288 | scores det_seg -2.5272 det_cnt 1.2303 seg_cnt 1.2585
[stage2] epoch 30/50 step 37 | loss 7.3625 | train det 0.3294 seg 0.1110 cnt 1.5328 | shared_pairs det_seg 92/288 det_cnt 111/288 seg_cnt 85/288 | scores det_seg 1.4739 det_cnt 4.7139 seg_cnt 0.3991
[stage2] epoch 30/50 step 38 | loss 2.6753 | train det 0.0702 seg 0.0735 cnt 1.0344 | shared_pairs det_seg 86/288 det_cnt 110/288 seg_cnt 92/288 | scores det_seg -1.0791 det_cnt 4.6740 seg_cnt 5.2362
[stage2] epoch 30/50 step 39 | loss 2.1802 | train det 0.0147 seg 0.0764 cnt 1.3493 | shared_pairs det_seg 105/288 det_cnt 103/288 seg_cnt 80/288 | scores det_seg 2.8732 det_cnt 5.1243 seg_cnt 0.9843
[stage2] epoch 30/50 step 40 | loss 1.8000 | train det 0.0474 seg 0.0480 cnt 0.7045 | shared_pairs det_seg 105/288 det_cnt 109/288 seg_cnt 74/288 | scores det_seg -0.4126 det_cnt 0.8033 seg_cnt -3.2746
[stage2] epoch 30/50 step 41 | loss 1.3506 | train det 0.0175 seg 0.0379 cnt 0.7850 | shared_pairs det_seg 108/288 det_cnt 91/288 seg_cnt 89/288 | scores det_seg -1.5292 det_cnt -2.7699 seg_cnt 3.8338
[stage2] epoch 30/50 step 42 | loss 3.1878 | train det 0.0300 seg 0.0668 cnt 2.2034 | shared_pairs det_seg 103/288 det_cnt 90/288 seg_cnt 95/288 | scores det_seg -0.0051 det_cnt -1.9928 seg_cnt 2.7020
[stage2] epoch 30/50 step 43 | loss 8.7034 | train det 0.0632 seg 0.1169 cnt 6.8202 | shared_pairs det_seg 106/288 det_cnt 107/288 seg_cnt 75/288 | scores det_seg -2.1400 det_cnt 0.5752 seg_cnt 0.6089
[stage2] epoch 30/50 | train 3.5257 | det 0.0534 seg 0.0882 cnt 2.0195 | selected_by_matrix_unit det_seg 4542 det_cnt 4316 seg_cnt 3526
[stage2] epoch 30 | val det 0.5043 seg 0.9292 miou 0.6583 cnt 3.3096 dens 8.265421e-01 mae 2.4830 total_mae 11.3989 | ap50 0.6596 | combo 1.720700
[stage2] epoch 31/50 step 1 | loss 2.2360 | train det 0.0615 seg 0.0986 cnt 0.5247 | shared_pairs det_seg 87/288 det_cnt 104/288 seg_cnt 97/288 | scores det_seg -3.1095 det_cnt 0.8378 seg_cnt 0.3035
[stage2] epoch 31/50 step 2 | loss 1.6906 | train det 0.0107 seg 0.0923 cnt 0.7910 | shared_pairs det_seg 93/288 det_cnt 108/288 seg_cnt 87/288 | scores det_seg -0.1685 det_cnt 1.6032 seg_cnt -1.2974
[stage2] epoch 31/50 step 3 | loss 3.0409 | train det 0.0990 seg 0.1457 cnt 0.3907 | shared_pairs det_seg 105/288 det_cnt 94/288 seg_cnt 89/288 | scores det_seg -0.6887 det_cnt -3.0032 seg_cnt 2.2324
[stage2] epoch 31/50 step 4 | loss 2.0899 | train det 0.0396 seg 0.0881 cnt 0.7917 | shared_pairs det_seg 104/288 det_cnt 100/288 seg_cnt 84/288 | scores det_seg -0.5725 det_cnt -3.9863 seg_cnt 2.7472
[stage2] epoch 31/50 step 5 | loss 3.3795 | train det 0.0978 seg 0.0296 cnt 1.6746 | shared_pairs det_seg 110/288 det_cnt 104/288 seg_cnt 74/288 | scores det_seg -2.6179 det_cnt 4.0366 seg_cnt 0.8017
[stage2] epoch 31/50 step 6 | loss 1.9471 | train det 0.0319 seg 0.0569 cnt 1.0141 | shared_pairs det_seg 107/288 det_cnt 108/288 seg_cnt 73/288 | scores det_seg -1.1385 det_cnt -0.2594 seg_cnt -0.5082
[stage2] epoch 31/50 step 7 | loss 2.0048 | train det 0.0193 seg 0.1262 cnt 0.7058 | shared_pairs det_seg 113/288 det_cnt 111/288 seg_cnt 64/288 | scores det_seg -0.3868 det_cnt 1.2842 seg_cnt -3.0783
[stage2] epoch 31/50 step 8 | loss 3.6239 | train det 0.0533 seg 0.0879 cnt 2.1208 | shared_pairs det_seg 95/288 det_cnt 102/288 seg_cnt 91/288 | scores det_seg -1.0718 det_cnt -2.2626 seg_cnt 5.9143
[stage2] epoch 31/50 step 9 | loss 3.8982 | train det 0.0448 seg 0.0759 cnt 2.6182 | shared_pairs det_seg 93/288 det_cnt 112/288 seg_cnt 83/288 | scores det_seg -4.1439 det_cnt 5.2108 seg_cnt 0.8106
[stage2] epoch 31/50 step 10 | loss 2.5149 | train det 0.0538 seg 0.0750 cnt 1.1085 | shared_pairs det_seg 108/288 det_cnt 102/288 seg_cnt 78/288 | scores det_seg 0.8385 det_cnt -1.6433 seg_cnt -0.8175
[stage2] epoch 31/50 step 11 | loss 2.1204 | train det 0.0139 seg 0.1360 cnt 0.8249 | shared_pairs det_seg 101/288 det_cnt 112/288 seg_cnt 75/288 | scores det_seg -4.1507 det_cnt 3.7384 seg_cnt 1.1439
[stage2] epoch 31/50 step 12 | loss 4.2785 | train det 0.0186 seg 0.1395 cnt 2.8832 | shared_pairs det_seg 131/288 det_cnt 94/288 seg_cnt 63/288 | scores det_seg 8.7076 det_cnt -2.2107 seg_cnt -3.5676
[stage2] epoch 31/50 step 13 | loss 2.3258 | train det 0.0231 seg 0.1000 cnt 1.1789 | shared_pairs det_seg 104/288 det_cnt 107/288 seg_cnt 77/288 | scores det_seg -2.0453 det_cnt 0.1260 seg_cnt -0.6633
[stage2] epoch 31/50 step 14 | loss 4.3280 | train det 0.1450 seg 0.1598 cnt 0.8743 | shared_pairs det_seg 95/288 det_cnt 124/288 seg_cnt 69/288 | scores det_seg 0.1056 det_cnt 1.0952 seg_cnt -1.8463
[stage2] epoch 31/50 step 15 | loss 3.1072 | train det 0.0261 seg 0.0624 cnt 2.2166 | shared_pairs det_seg 93/288 det_cnt 111/288 seg_cnt 84/288 | scores det_seg -0.0274 det_cnt 2.8100 seg_cnt 2.9171
[stage2] epoch 31/50 step 16 | loss 5.2540 | train det 0.1724 seg 0.1244 cnt 1.6735 | shared_pairs det_seg 98/288 det_cnt 111/288 seg_cnt 79/288 | scores det_seg -2.0218 det_cnt 3.9322 seg_cnt 1.2514
[stage2] epoch 31/50 step 17 | loss 1.6488 | train det 0.0267 seg 0.0563 cnt 0.7971 | shared_pairs det_seg 110/288 det_cnt 94/288 seg_cnt 84/288 | scores det_seg 0.6201 det_cnt -4.5221 seg_cnt 1.8495
[stage2] epoch 31/50 step 18 | loss 2.0042 | train det 0.0276 seg 0.0745 cnt 0.9953 | shared_pairs det_seg 107/288 det_cnt 86/288 seg_cnt 95/288 | scores det_seg 1.4015 det_cnt -3.6619 seg_cnt 3.4145
[stage2] epoch 31/50 step 19 | loss 7.4973 | train det 0.3394 seg 0.1159 cnt 1.4796 | shared_pairs det_seg 115/288 det_cnt 99/288 seg_cnt 74/288 | scores det_seg 1.1844 det_cnt -2.3661 seg_cnt 1.4387
[stage2] epoch 31/50 step 20 | loss 2.5479 | train det 0.0072 seg 0.0979 cnt 1.6567 | shared_pairs det_seg 118/288 det_cnt 103/288 seg_cnt 67/288 | scores det_seg 3.8163 det_cnt -2.2823 seg_cnt -3.1427
[stage2] epoch 31/50 step 21 | loss 3.0484 | train det 0.1189 seg 0.0593 cnt 0.7902 | shared_pairs det_seg 113/288 det_cnt 101/288 seg_cnt 74/288 | scores det_seg 1.3448 det_cnt -0.3089 seg_cnt -0.1211
[stage2] epoch 31/50 step 22 | loss 2.0678 | train det 0.0462 seg 0.0588 cnt 0.9051 | shared_pairs det_seg 104/288 det_cnt 97/288 seg_cnt 87/288 | scores det_seg 0.5651 det_cnt 1.9470 seg_cnt -0.3192
[stage2] epoch 31/50 step 23 | loss 1.4312 | train det 0.0096 seg 0.1039 cnt 0.4565 | shared_pairs det_seg 96/288 det_cnt 104/288 seg_cnt 88/288 | scores det_seg 1.2594 det_cnt -0.0188 seg_cnt 2.4454
[stage2] epoch 31/50 step 24 | loss 1.5684 | train det 0.0257 seg 0.1018 cnt 0.3683 | shared_pairs det_seg 101/288 det_cnt 99/288 seg_cnt 88/288 | scores det_seg 0.5055 det_cnt -2.6738 seg_cnt 4.7068
[stage2] epoch 31/50 step 25 | loss 2.0691 | train det 0.0693 seg 0.0598 cnt 0.5508 | shared_pairs det_seg 119/288 det_cnt 81/288 seg_cnt 88/288 | scores det_seg 3.4642 det_cnt -1.8805 seg_cnt -1.9975
[stage2] epoch 31/50 step 26 | loss 1.6636 | train det 0.0170 seg 0.0723 cnt 0.8298 | shared_pairs det_seg 92/288 det_cnt 101/288 seg_cnt 95/288 | scores det_seg -2.6482 det_cnt -0.8342 seg_cnt 0.3570
[stage2] epoch 31/50 step 27 | loss 3.5498 | train det 0.1118 seg 0.1754 cnt 0.4699 | shared_pairs det_seg 101/288 det_cnt 106/288 seg_cnt 81/288 | scores det_seg -0.3636 det_cnt -3.3261 seg_cnt 2.5774
[stage2] epoch 31/50 step 28 | loss 2.2418 | train det 0.0312 seg 0.0998 cnt 0.9751 | shared_pairs det_seg 115/288 det_cnt 97/288 seg_cnt 76/288 | scores det_seg 3.9005 det_cnt -1.6107 seg_cnt -2.7563
[stage2] epoch 31/50 step 29 | loss 2.6143 | train det 0.0113 seg 0.1040 cnt 1.6120 | shared_pairs det_seg 108/288 det_cnt 96/288 seg_cnt 84/288 | scores det_seg 0.7872 det_cnt -2.9668 seg_cnt 2.0952
[stage2] epoch 31/50 step 30 | loss 1.4748 | train det 0.0104 seg 0.0564 cnt 0.8684 | shared_pairs det_seg 101/288 det_cnt 114/288 seg_cnt 73/288 | scores det_seg 1.5009 det_cnt 3.1548 seg_cnt -2.0523
[stage2] epoch 31/50 step 31 | loss 1.9992 | train det 0.0349 seg 0.0850 cnt 0.7950 | shared_pairs det_seg 106/288 det_cnt 112/288 seg_cnt 70/288 | scores det_seg -2.4190 det_cnt 0.6869 seg_cnt -1.3068
[stage2] epoch 31/50 step 32 | loss 3.4910 | train det 0.0272 seg 0.1261 cnt 2.0746 | shared_pairs det_seg 110/288 det_cnt 100/288 seg_cnt 78/288 | scores det_seg -2.3249 det_cnt -0.8443 seg_cnt -0.8363
[stage2] epoch 31/50 step 33 | loss 3.9106 | train det 0.0104 seg 0.0864 cnt 3.0629 | shared_pairs det_seg 105/288 det_cnt 99/288 seg_cnt 84/288 | scores det_seg -0.4741 det_cnt -0.6812 seg_cnt -0.3775
[stage2] epoch 31/50 step 34 | loss 2.9634 | train det 0.0512 seg 0.0583 cnt 1.7289 | shared_pairs det_seg 101/288 det_cnt 107/288 seg_cnt 80/288 | scores det_seg -2.2435 det_cnt 1.5442 seg_cnt 0.5344
[stage2] epoch 31/50 step 35 | loss 1.8920 | train det 0.0336 seg 0.0356 cnt 1.1037 | shared_pairs det_seg 110/288 det_cnt 85/288 seg_cnt 93/288 | scores det_seg -3.0729 det_cnt -1.8461 seg_cnt 1.2246
[stage2] epoch 31/50 step 36 | loss 4.8244 | train det 0.0110 seg 0.0682 cnt 4.1140 | shared_pairs det_seg 108/288 det_cnt 95/288 seg_cnt 85/288 | scores det_seg -0.8522 det_cnt -3.9933 seg_cnt -0.9211
[stage2] epoch 31/50 step 37 | loss 2.7322 | train det 0.0883 seg 0.0202 cnt 1.2454 | shared_pairs det_seg 96/288 det_cnt 104/288 seg_cnt 88/288 | scores det_seg -2.9553 det_cnt -1.0302 seg_cnt -3.5350
[stage2] epoch 31/50 step 38 | loss 2.7965 | train det 0.0098 seg 0.2172 cnt 0.9124 | shared_pairs det_seg 102/288 det_cnt 111/288 seg_cnt 75/288 | scores det_seg -0.0297 det_cnt 2.4157 seg_cnt -0.3694
[stage2] epoch 31/50 step 39 | loss 4.2982 | train det 0.0713 seg 0.1571 cnt 1.9722 | shared_pairs det_seg 93/288 det_cnt 124/288 seg_cnt 71/288 | scores det_seg -0.5944 det_cnt 5.6765 seg_cnt -0.0722
[stage2] epoch 31/50 step 40 | loss 3.3066 | train det 0.0458 seg 0.0643 cnt 2.1055 | shared_pairs det_seg 118/288 det_cnt 80/288 seg_cnt 90/288 | scores det_seg 1.3362 det_cnt -5.3981 seg_cnt 0.3191
[stage2] epoch 31/50 step 41 | loss 3.9546 | train det 0.1345 seg 0.0921 cnt 1.1996 | shared_pairs det_seg 94/288 det_cnt 115/288 seg_cnt 79/288 | scores det_seg -2.1481 det_cnt 4.7581 seg_cnt 0.4026
[stage2] epoch 31/50 step 42 | loss 1.8811 | train det 0.0143 seg 0.1153 cnt 0.7443 | shared_pairs det_seg 110/288 det_cnt 87/288 seg_cnt 91/288 | scores det_seg -1.3125 det_cnt -2.9164 seg_cnt 5.4568
[stage2] epoch 31/50 step 43 | loss 2.4424 | train det 0.0184 seg 0.0909 cnt 1.4387 | shared_pairs det_seg 81/288 det_cnt 116/288 seg_cnt 91/288 | scores det_seg -2.1890 det_cnt 1.0939 seg_cnt 4.9055
[stage2] epoch 31/50 | train 2.8781 | det 0.0538 seg 0.0942 cnt 1.3173 | selected_by_matrix_unit det_seg 4471 det_cnt 4417 seg_cnt 3496
[stage2] epoch 31 | val det 0.5021 seg 0.9314 miou 0.6579 cnt 3.3135 dens 8.267683e-01 mae 2.4867 total_mae 11.5663 | ap50 0.6623 | combo 1.722342
[stage2] epoch 32/50 step 1 | loss 3.6920 | train det 0.0128 seg 0.1342 cnt 2.4261 | shared_pairs det_seg 122/288 det_cnt 89/288 seg_cnt 77/288 | scores det_seg 2.5080 det_cnt -3.6033 seg_cnt 1.0031
[stage2] epoch 32/50 step 2 | loss 3.6241 | train det 0.0178 seg 0.1711 cnt 1.9889 | shared_pairs det_seg 135/288 det_cnt 70/288 seg_cnt 83/288 | scores det_seg 1.2513 det_cnt -4.4275 seg_cnt -2.4968
[stage2] epoch 32/50 step 3 | loss 2.9793 | train det 0.0168 seg 0.0989 cnt 1.9372 | shared_pairs det_seg 100/288 det_cnt 104/288 seg_cnt 84/288 | scores det_seg 0.4156 det_cnt 5.7162 seg_cnt 0.2623
[stage2] epoch 32/50 step 4 | loss 3.4957 | train det 0.0110 seg 0.0684 cnt 2.7835 | shared_pairs det_seg 119/288 det_cnt 77/288 seg_cnt 92/288 | scores det_seg -0.6460 det_cnt -0.7388 seg_cnt 2.2503
[stage2] epoch 32/50 step 5 | loss 2.1009 | train det 0.0375 seg 0.0621 cnt 1.0419 | shared_pairs det_seg 92/288 det_cnt 114/288 seg_cnt 82/288 | scores det_seg -1.7721 det_cnt 2.9769 seg_cnt -1.1638
[stage2] epoch 32/50 step 6 | loss 1.9918 | train det 0.0267 seg 0.1196 cnt 0.6350 | shared_pairs det_seg 102/288 det_cnt 118/288 seg_cnt 68/288 | scores det_seg 1.8589 det_cnt -0.5286 seg_cnt -0.6323
[stage2] epoch 32/50 step 7 | loss 4.8753 | train det 0.1755 seg 0.1384 cnt 1.1363 | shared_pairs det_seg 95/288 det_cnt 94/288 seg_cnt 99/288 | scores det_seg -1.1841 det_cnt 1.6470 seg_cnt 5.7271
[stage2] epoch 32/50 step 8 | loss 3.3427 | train det 0.0914 seg 0.1130 cnt 1.0688 | shared_pairs det_seg 107/288 det_cnt 106/288 seg_cnt 75/288 | scores det_seg 0.7723 det_cnt 1.2149 seg_cnt -3.8396
[stage2] epoch 32/50 step 9 | loss 3.9324 | train det 0.0286 seg 0.1210 cnt 2.5345 | shared_pairs det_seg 105/288 det_cnt 91/288 seg_cnt 92/288 | scores det_seg 1.1021 det_cnt -3.4154 seg_cnt 5.2251
[stage2] epoch 32/50 step 10 | loss 3.7219 | train det 0.1074 seg 0.1157 cnt 1.1856 | shared_pairs det_seg 106/288 det_cnt 92/288 seg_cnt 90/288 | scores det_seg -0.0633 det_cnt -0.9494 seg_cnt 2.5062
[stage2] epoch 32/50 step 11 | loss 3.1664 | train det 0.0059 seg 0.2266 cnt 1.2658 | shared_pairs det_seg 91/288 det_cnt 114/288 seg_cnt 83/288 | scores det_seg -0.2299 det_cnt 2.8987 seg_cnt -3.2290
[stage2] epoch 32/50 step 12 | loss 3.6058 | train det 0.0270 seg 0.0730 cnt 2.6168 | shared_pairs det_seg 105/288 det_cnt 115/288 seg_cnt 68/288 | scores det_seg 0.3069 det_cnt -1.8618 seg_cnt -4.3418
[stage2] epoch 32/50 step 13 | loss 2.0397 | train det 0.0321 seg 0.0883 cnt 0.8523 | shared_pairs det_seg 96/288 det_cnt 107/288 seg_cnt 85/288 | scores det_seg -0.5694 det_cnt 3.7753 seg_cnt 2.9278
[stage2] epoch 32/50 step 14 | loss 1.9759 | train det 0.0172 seg 0.0704 cnt 1.1545 | shared_pairs det_seg 94/288 det_cnt 109/288 seg_cnt 85/288 | scores det_seg -3.6876 det_cnt -2.1554 seg_cnt -2.6608
[stage2] epoch 32/50 step 15 | loss 3.0209 | train det 0.0317 seg 0.0481 cnt 2.1603 | shared_pairs det_seg 119/288 det_cnt 86/288 seg_cnt 83/288 | scores det_seg 2.5728 det_cnt -4.4855 seg_cnt 1.2177
[stage2] epoch 32/50 step 16 | loss 2.5269 | train det 0.0102 seg 0.1151 cnt 1.4531 | shared_pairs det_seg 112/288 det_cnt 100/288 seg_cnt 76/288 | scores det_seg 2.4632 det_cnt 2.0681 seg_cnt 2.2694
[stage2] epoch 32/50 step 17 | loss 4.9158 | train det 0.1410 seg 0.1179 cnt 1.8578 | shared_pairs det_seg 108/288 det_cnt 113/288 seg_cnt 67/288 | scores det_seg 1.8046 det_cnt 3.1077 seg_cnt -1.7029
[stage2] epoch 32/50 step 18 | loss 43.9136 | train det 0.0110 seg 0.0973 cnt 42.9706 | shared_pairs det_seg 109/288 det_cnt 100/288 seg_cnt 79/288 | scores det_seg -1.5516 det_cnt -1.6748 seg_cnt -1.2540
[stage2] epoch 32/50 step 19 | loss 2.9082 | train det 0.0446 seg 0.0823 cnt 1.5808 | shared_pairs det_seg 124/288 det_cnt 86/288 seg_cnt 78/288 | scores det_seg 1.9646 det_cnt 0.8049 seg_cnt -3.7559
[stage2] epoch 32/50 step 20 | loss 3.0484 | train det 0.0153 seg 0.0191 cnt 2.6668 | shared_pairs det_seg 89/288 det_cnt 107/288 seg_cnt 92/288 | scores det_seg -1.4297 det_cnt -1.6080 seg_cnt 2.4974
[stage2] epoch 32/50 step 21 | loss 1.5437 | train det 0.0084 seg 0.0346 cnt 1.1402 | shared_pairs det_seg 105/288 det_cnt 99/288 seg_cnt 84/288 | scores det_seg -1.0193 det_cnt 0.8244 seg_cnt -0.6584
[stage2] epoch 32/50 step 22 | loss 3.2745 | train det 0.0899 seg 0.1175 cnt 0.9857 | shared_pairs det_seg 96/288 det_cnt 110/288 seg_cnt 82/288 | scores det_seg -3.2635 det_cnt -1.7484 seg_cnt -1.8924
[stage2] epoch 32/50 step 23 | loss 4.2178 | train det 0.0150 seg 0.0904 cnt 3.2691 | shared_pairs det_seg 105/288 det_cnt 96/288 seg_cnt 87/288 | scores det_seg -0.3982 det_cnt -0.3229 seg_cnt 0.6298
[stage2] epoch 32/50 step 24 | loss 1.4432 | train det 0.0367 seg 0.0595 cnt 0.4170 | shared_pairs det_seg 89/288 det_cnt 103/288 seg_cnt 96/288 | scores det_seg -6.9830 det_cnt 1.1320 seg_cnt 4.4088
[stage2] epoch 32/50 step 25 | loss 4.3400 | train det 0.0298 seg 0.0700 cnt 3.3324 | shared_pairs det_seg 88/288 det_cnt 108/288 seg_cnt 92/288 | scores det_seg -3.1010 det_cnt 2.7865 seg_cnt 4.1503
[stage2] epoch 32/50 step 26 | loss 2.4463 | train det 0.0176 seg 0.0531 cnt 1.7577 | shared_pairs det_seg 102/288 det_cnt 117/288 seg_cnt 69/288 | scores det_seg 0.1278 det_cnt 2.0523 seg_cnt -3.2741
[stage2] epoch 32/50 step 27 | loss 3.0435 | train det 0.0307 seg 0.0728 cnt 2.0008 | shared_pairs det_seg 103/288 det_cnt 99/288 seg_cnt 86/288 | scores det_seg -4.8209 det_cnt 1.6872 seg_cnt -5.6267
[stage2] epoch 32/50 step 28 | loss 4.2666 | train det 0.0639 seg 0.1215 cnt 2.3362 | shared_pairs det_seg 108/288 det_cnt 88/288 seg_cnt 92/288 | scores det_seg 1.3859 det_cnt -2.6748 seg_cnt 1.6159
[stage2] epoch 32/50 step 29 | loss 1.8264 | train det 0.0276 seg 0.0738 cnt 0.8223 | shared_pairs det_seg 90/288 det_cnt 99/288 seg_cnt 99/288 | scores det_seg -2.1305 det_cnt 1.4321 seg_cnt 4.6935
[stage2] epoch 32/50 step 30 | loss 1.7293 | train det 0.0211 seg 0.0842 cnt 0.7384 | shared_pairs det_seg 106/288 det_cnt 106/288 seg_cnt 76/288 | scores det_seg 0.9356 det_cnt 2.6309 seg_cnt -2.2058
[stage2] epoch 32/50 step 31 | loss 3.1022 | train det 0.0227 seg 0.1821 cnt 1.3044 | shared_pairs det_seg 135/288 det_cnt 85/288 seg_cnt 68/288 | scores det_seg 2.0440 det_cnt -3.8077 seg_cnt -3.9887
[stage2] epoch 32/50 step 32 | loss 2.7898 | train det 0.0754 seg 0.1088 cnt 0.7894 | shared_pairs det_seg 101/288 det_cnt 110/288 seg_cnt 77/288 | scores det_seg -1.7302 det_cnt 1.1785 seg_cnt 1.3067
[stage2] epoch 32/50 step 33 | loss 3.3389 | train det 0.0251 seg 0.0410 cnt 2.6340 | shared_pairs det_seg 117/288 det_cnt 91/288 seg_cnt 80/288 | scores det_seg 1.4220 det_cnt -2.6947 seg_cnt -3.0976
[stage2] epoch 32/50 step 34 | loss 2.6751 | train det 0.0356 seg 0.1672 cnt 0.8036 | shared_pairs det_seg 115/288 det_cnt 110/288 seg_cnt 63/288 | scores det_seg 2.0145 det_cnt 3.6344 seg_cnt -5.0744
[stage2] epoch 32/50 step 35 | loss 1.6009 | train det 0.0160 seg 0.0513 cnt 0.9506 | shared_pairs det_seg 103/288 det_cnt 108/288 seg_cnt 77/288 | scores det_seg -4.8245 det_cnt -2.7079 seg_cnt -3.8032
[stage2] epoch 32/50 step 36 | loss 3.8024 | train det 0.0215 seg 0.1279 cnt 2.4561 | shared_pairs det_seg 117/288 det_cnt 87/288 seg_cnt 84/288 | scores det_seg 1.6920 det_cnt 0.1341 seg_cnt -2.5233
[stage2] epoch 32/50 step 37 | loss 2.0470 | train det 0.0171 seg 0.1143 cnt 0.8765 | shared_pairs det_seg 98/288 det_cnt 109/288 seg_cnt 81/288 | scores det_seg -1.2775 det_cnt 0.0633 seg_cnt -0.9355
[stage2] epoch 32/50 step 38 | loss 2.0701 | train det 0.0148 seg 0.0764 cnt 1.2372 | shared_pairs det_seg 108/288 det_cnt 108/288 seg_cnt 72/288 | scores det_seg -0.8834 det_cnt 1.2537 seg_cnt -2.9893
[stage2] epoch 32/50 step 39 | loss 2.4491 | train det 0.0148 seg 0.0684 cnt 1.6789 | shared_pairs det_seg 104/288 det_cnt 94/288 seg_cnt 90/288 | scores det_seg 2.9942 det_cnt 1.6562 seg_cnt -0.1475
[stage2] epoch 32/50 step 40 | loss 2.4200 | train det 0.0093 seg 0.1234 cnt 1.2929 | shared_pairs det_seg 122/288 det_cnt 100/288 seg_cnt 66/288 | scores det_seg 2.4294 det_cnt -0.5782 seg_cnt -0.4659
[stage2] epoch 32/50 step 41 | loss 3.0792 | train det 0.0321 seg 0.0807 cnt 1.9522 | shared_pairs det_seg 107/288 det_cnt 91/288 seg_cnt 90/288 | scores det_seg 1.2306 det_cnt 0.2162 seg_cnt 3.0561
[stage2] epoch 32/50 step 42 | loss 24.7837 | train det 0.0183 seg 0.0763 cnt 23.8989 | shared_pairs det_seg 109/288 det_cnt 103/288 seg_cnt 76/288 | scores det_seg 2.5594 det_cnt -1.0786 seg_cnt -0.4348
[stage2] epoch 32/50 step 43 | loss 4.6222 | train det 0.1752 seg 0.0597 cnt 1.5163 | shared_pairs det_seg 114/288 det_cnt 86/288 seg_cnt 88/288 | scores det_seg -1.0420 det_cnt -0.6584 seg_cnt 0.5078
[stage2] epoch 32/50 | train 4.4602 | det 0.0391 seg 0.0962 cnt 3.1048 | selected_by_matrix_unit det_seg 4572 det_cnt 4299 seg_cnt 3513
[stage2] epoch 32 | val det 0.5038 seg 0.9315 miou 0.6575 cnt 3.3098 dens 8.275014e-01 mae 2.4823 total_mae 11.6290 | ap50 0.6596 | combo 1.720002
[stage2] epoch 33/50 step 1 | loss 2.7476 | train det 0.0375 seg 0.1022 cnt 1.3676 | shared_pairs det_seg 103/288 det_cnt 105/288 seg_cnt 80/288 | scores det_seg 3.1328 det_cnt 3.8180 seg_cnt 3.2944
[stage2] epoch 33/50 step 2 | loss 4.8284 | train det 0.1725 seg 0.0654 cnt 1.7185 | shared_pairs det_seg 93/288 det_cnt 108/288 seg_cnt 87/288 | scores det_seg 1.0501 det_cnt 1.5166 seg_cnt 2.5846
[stage2] epoch 33/50 step 3 | loss 2.5393 | train det 0.0078 seg 0.0926 cnt 1.6809 | shared_pairs det_seg 91/288 det_cnt 115/288 seg_cnt 82/288 | scores det_seg -1.1054 det_cnt 3.3737 seg_cnt 0.5297
[stage2] epoch 33/50 step 4 | loss 2.5084 | train det 0.0105 seg 0.0902 cnt 1.6300 | shared_pairs det_seg 110/288 det_cnt 96/288 seg_cnt 82/288 | scores det_seg 0.1525 det_cnt -3.1278 seg_cnt -2.9437
[stage2] epoch 33/50 step 5 | loss 2.8754 | train det 0.0235 seg 0.2022 cnt 0.9043 | shared_pairs det_seg 103/288 det_cnt 113/288 seg_cnt 72/288 | scores det_seg -1.9028 det_cnt 1.9296 seg_cnt -2.0280
[stage2] epoch 33/50 step 6 | loss 3.2588 | train det 0.0100 seg 0.0889 cnt 2.3969 | shared_pairs det_seg 113/288 det_cnt 82/288 seg_cnt 93/288 | scores det_seg 0.4445 det_cnt -4.2752 seg_cnt 4.8189
[stage2] epoch 33/50 step 7 | loss 3.0459 | train det 0.0834 seg 0.1364 cnt 0.7038 | shared_pairs det_seg 111/288 det_cnt 77/288 seg_cnt 100/288 | scores det_seg -1.6409 det_cnt -6.5474 seg_cnt 0.9073
[stage2] epoch 33/50 step 8 | loss 4.0097 | train det 0.0206 seg 0.1472 cnt 2.5240 | shared_pairs det_seg 101/288 det_cnt 99/288 seg_cnt 88/288 | scores det_seg -0.0531 det_cnt -1.4766 seg_cnt 4.8906
[stage2] epoch 33/50 step 9 | loss 6.3930 | train det 0.1515 seg 0.0849 cnt 3.4418 | shared_pairs det_seg 84/288 det_cnt 107/288 seg_cnt 97/288 | scores det_seg -2.6675 det_cnt 0.6055 seg_cnt -0.5514
[stage2] epoch 33/50 step 10 | loss 2.4748 | train det 0.0062 seg 0.0930 cnt 1.6376 | shared_pairs det_seg 101/288 det_cnt 114/288 seg_cnt 73/288 | scores det_seg 3.1925 det_cnt 1.1836 seg_cnt -1.9270
[stage2] epoch 33/50 step 11 | loss 1.3708 | train det 0.0227 seg 0.0446 cnt 0.6729 | shared_pairs det_seg 101/288 det_cnt 115/288 seg_cnt 72/288 | scores det_seg 1.0616 det_cnt 2.9861 seg_cnt -3.1410
[stage2] epoch 33/50 step 12 | loss 4.6642 | train det 0.1984 seg 0.1338 cnt 0.6177 | shared_pairs det_seg 105/288 det_cnt 117/288 seg_cnt 66/288 | scores det_seg -1.6516 det_cnt 1.9668 seg_cnt -1.6343
[stage2] epoch 33/50 step 13 | loss 1.2169 | train det 0.0148 seg 0.0699 cnt 0.4365 | shared_pairs det_seg 110/288 det_cnt 106/288 seg_cnt 72/288 | scores det_seg 3.0580 det_cnt -2.3148 seg_cnt -4.2245
[stage2] epoch 33/50 step 14 | loss 6.9266 | train det 0.0240 seg 0.0903 cnt 5.8440 | shared_pairs det_seg 110/288 det_cnt 97/288 seg_cnt 81/288 | scores det_seg 2.5574 det_cnt 2.7115 seg_cnt 1.1545
[stage2] epoch 33/50 step 15 | loss 2.1822 | train det 0.0171 seg 0.0762 cnt 1.3168 | shared_pairs det_seg 104/288 det_cnt 113/288 seg_cnt 71/288 | scores det_seg -0.9806 det_cnt 0.4686 seg_cnt -2.5816
[stage2] epoch 33/50 step 16 | loss 10.1744 | train det 0.1380 seg 0.0475 cnt 7.7246 | shared_pairs det_seg 100/288 det_cnt 97/288 seg_cnt 91/288 | scores det_seg 0.2868 det_cnt 0.1386 seg_cnt 0.0910
[stage2] epoch 33/50 step 17 | loss 2.0749 | train det 0.0355 seg 0.0974 cnt 0.7628 | shared_pairs det_seg 84/288 det_cnt 115/288 seg_cnt 89/288 | scores det_seg -1.6712 det_cnt -0.0637 seg_cnt 2.9359
[stage2] epoch 33/50 step 18 | loss 2.9726 | train det 0.0424 seg 0.0663 cnt 1.8061 | shared_pairs det_seg 117/288 det_cnt 98/288 seg_cnt 73/288 | scores det_seg 1.4347 det_cnt -2.9404 seg_cnt 0.0350
[stage2] epoch 33/50 step 19 | loss 2.0662 | train det 0.0252 seg 0.0637 cnt 1.1788 | shared_pairs det_seg 96/288 det_cnt 98/288 seg_cnt 94/288 | scores det_seg 1.7180 det_cnt 0.0392 seg_cnt 3.5472
[stage2] epoch 33/50 step 20 | loss 2.2270 | train det 0.0450 seg 0.0674 cnt 1.0130 | shared_pairs det_seg 115/288 det_cnt 84/288 seg_cnt 89/288 | scores det_seg 0.7521 det_cnt -6.9824 seg_cnt -0.8136
[stage2] epoch 33/50 step 21 | loss 2.7594 | train det 0.0554 seg 0.1094 cnt 1.0528 | shared_pairs det_seg 99/288 det_cnt 94/288 seg_cnt 95/288 | scores det_seg -1.1834 det_cnt -1.8350 seg_cnt -0.3177
[stage2] epoch 33/50 step 22 | loss 5.8524 | train det 0.1124 seg 0.0543 cnt 3.7327 | shared_pairs det_seg 92/288 det_cnt 101/288 seg_cnt 95/288 | scores det_seg -2.2920 det_cnt -2.4680 seg_cnt 0.9139
[stage2] epoch 33/50 step 23 | loss 3.0139 | train det 0.0661 seg 0.0987 cnt 1.2330 | shared_pairs det_seg 107/288 det_cnt 92/288 seg_cnt 89/288 | scores det_seg -2.5806 det_cnt -0.8120 seg_cnt 2.2987
[stage2] epoch 33/50 step 24 | loss 3.5506 | train det 0.0229 seg 0.1555 cnt 1.9630 | shared_pairs det_seg 100/288 det_cnt 101/288 seg_cnt 87/288 | scores det_seg 0.4852 det_cnt -4.1187 seg_cnt -4.0666
[stage2] epoch 33/50 step 25 | loss 2.5092 | train det 0.0237 seg 0.0776 cnt 1.5337 | shared_pairs det_seg 103/288 det_cnt 102/288 seg_cnt 83/288 | scores det_seg 0.0976 det_cnt -2.8272 seg_cnt -1.6621
[stage2] epoch 33/50 step 26 | loss 2.8701 | train det 0.0368 seg 0.0595 cnt 1.8417 | shared_pairs det_seg 110/288 det_cnt 100/288 seg_cnt 78/288 | scores det_seg 0.2527 det_cnt -4.6769 seg_cnt -0.3038
[stage2] epoch 33/50 step 27 | loss 2.4487 | train det 0.0330 seg 0.0469 cnt 1.5792 | shared_pairs det_seg 100/288 det_cnt 107/288 seg_cnt 81/288 | scores det_seg -2.4385 det_cnt -0.1881 seg_cnt -0.7062
[stage2] epoch 33/50 step 28 | loss 3.4084 | train det 0.0872 seg 0.0753 cnt 1.4984 | shared_pairs det_seg 117/288 det_cnt 92/288 seg_cnt 79/288 | scores det_seg 1.6397 det_cnt 0.1602 seg_cnt 2.0807
[stage2] epoch 33/50 step 29 | loss 2.4632 | train det 0.0490 seg 0.0977 cnt 0.9468 | shared_pairs det_seg 101/288 det_cnt 98/288 seg_cnt 89/288 | scores det_seg 0.6147 det_cnt -1.4947 seg_cnt 1.4912
[stage2] epoch 33/50 step 30 | loss 3.5962 | train det 0.0187 seg 0.0888 cnt 2.6053 | shared_pairs det_seg 108/288 det_cnt 111/288 seg_cnt 69/288 | scores det_seg 3.6967 det_cnt 2.2056 seg_cnt -2.4176
[stage2] epoch 33/50 step 31 | loss 3.4697 | train det 0.1584 seg 0.0554 cnt 0.6515 | shared_pairs det_seg 118/288 det_cnt 87/288 seg_cnt 83/288 | scores det_seg -1.0413 det_cnt -3.0233 seg_cnt -0.7314
[stage2] epoch 33/50 step 32 | loss 4.1792 | train det 0.0406 seg 0.1488 cnt 2.3800 | shared_pairs det_seg 115/288 det_cnt 80/288 seg_cnt 93/288 | scores det_seg 0.4722 det_cnt -2.5599 seg_cnt 2.7654
[stage2] epoch 33/50 step 33 | loss 4.0903 | train det 0.0227 seg 0.0673 cnt 3.2106 | shared_pairs det_seg 102/288 det_cnt 115/288 seg_cnt 71/288 | scores det_seg -2.2460 det_cnt 2.2483 seg_cnt -4.4619
[stage2] epoch 33/50 step 34 | loss 2.2802 | train det 0.0215 seg 0.0523 cnt 1.5392 | shared_pairs det_seg 91/288 det_cnt 96/288 seg_cnt 101/288 | scores det_seg -0.6608 det_cnt 2.0153 seg_cnt 4.8787
[stage2] epoch 33/50 step 35 | loss 1.9278 | train det 0.0211 seg 0.1122 cnt 0.7134 | shared_pairs det_seg 87/288 det_cnt 120/288 seg_cnt 81/288 | scores det_seg -0.6345 det_cnt 7.2986 seg_cnt 1.0780
[stage2] epoch 33/50 step 36 | loss 1.8384 | train det 0.0259 seg 0.0966 cnt 0.6771 | shared_pairs det_seg 101/288 det_cnt 89/288 seg_cnt 98/288 | scores det_seg 2.0869 det_cnt 0.1711 seg_cnt 1.8511
[stage2] epoch 33/50 step 37 | loss 1.6303 | train det 0.0413 seg 0.0676 cnt 0.4706 | shared_pairs det_seg 123/288 det_cnt 79/288 seg_cnt 86/288 | scores det_seg 4.9505 det_cnt -1.8030 seg_cnt -1.4647
[stage2] epoch 33/50 step 38 | loss 8.3243 | train det 0.1103 seg 0.1071 cnt 5.8120 | shared_pairs det_seg 100/288 det_cnt 96/288 seg_cnt 92/288 | scores det_seg -2.9611 det_cnt -7.2310 seg_cnt 2.5518
[stage2] epoch 33/50 step 39 | loss 1.8768 | train det 0.0098 seg 0.0621 cnt 1.2321 | shared_pairs det_seg 118/288 det_cnt 81/288 seg_cnt 89/288 | scores det_seg 3.2177 det_cnt -2.5587 seg_cnt -0.3925
[stage2] epoch 33/50 step 40 | loss 9.0960 | train det 0.0117 seg 0.0983 cnt 8.1343 | shared_pairs det_seg 120/288 det_cnt 84/288 seg_cnt 84/288 | scores det_seg 1.9733 det_cnt -2.8291 seg_cnt 1.5543
[stage2] epoch 33/50 step 41 | loss 1.6182 | train det 0.0200 seg 0.0698 cnt 0.7601 | shared_pairs det_seg 100/288 det_cnt 105/288 seg_cnt 83/288 | scores det_seg -3.4735 det_cnt 1.5873 seg_cnt -0.0808
[stage2] epoch 33/50 step 42 | loss 2.7654 | train det 0.0122 seg 0.0415 cnt 2.2509 | shared_pairs det_seg 115/288 det_cnt 91/288 seg_cnt 82/288 | scores det_seg -1.1477 det_cnt 3.4393 seg_cnt -0.7698
[stage2] epoch 33/50 step 43 | loss 3.2094 | train det 0.0666 seg 0.1080 cnt 1.3464 | shared_pairs det_seg 106/288 det_cnt 86/288 seg_cnt 96/288 | scores det_seg 0.2261 det_cnt -7.3085 seg_cnt 1.4455
[stage2] epoch 33/50 | train 3.4729 | det 0.0501 seg 0.0886 cnt 2.0126 | selected_by_matrix_unit det_seg 4485 det_cnt 4263 seg_cnt 3636
[stage2] epoch 33 | val det 0.5063 seg 0.9335 miou 0.6588 cnt 3.3205 dens 8.261792e-01 mae 2.4943 total_mae 11.4664 | ap50 0.6600 | combo 1.719759
[stage2] epoch 34/50 step 1 | loss 3.0688 | train det 0.0109 seg 0.0513 cnt 2.4950 | shared_pairs det_seg 103/288 det_cnt 103/288 seg_cnt 82/288 | scores det_seg -3.0994 det_cnt -4.8453 seg_cnt 0.4988
[stage2] epoch 34/50 step 2 | loss 4.1462 | train det 0.0643 seg 0.0944 cnt 2.4256 | shared_pairs det_seg 101/288 det_cnt 107/288 seg_cnt 80/288 | scores det_seg 0.3910 det_cnt -0.0911 seg_cnt -0.5096
[stage2] epoch 34/50 step 3 | loss 2.3689 | train det 0.0085 seg 0.1350 cnt 1.1610 | shared_pairs det_seg 107/288 det_cnt 98/288 seg_cnt 83/288 | scores det_seg 0.5225 det_cnt -1.8733 seg_cnt 0.6253
[stage2] epoch 34/50 step 4 | loss 1.8977 | train det 0.0081 seg 0.0699 cnt 1.2169 | shared_pairs det_seg 98/288 det_cnt 111/288 seg_cnt 79/288 | scores det_seg 1.4769 det_cnt 5.3372 seg_cnt 4.6828
[stage2] epoch 34/50 step 5 | loss 3.6232 | train det 0.0259 seg 0.1372 cnt 2.1374 | shared_pairs det_seg 95/288 det_cnt 98/288 seg_cnt 95/288 | scores det_seg -2.0577 det_cnt -1.1573 seg_cnt 2.3122
[stage2] epoch 34/50 step 6 | loss 1.1794 | train det 0.0192 seg 0.0517 cnt 0.4771 | shared_pairs det_seg 128/288 det_cnt 94/288 seg_cnt 66/288 | scores det_seg 1.3391 det_cnt -4.1466 seg_cnt -2.2748
[stage2] epoch 34/50 step 7 | loss 2.6238 | train det 0.0801 seg 0.0978 cnt 0.6406 | shared_pairs det_seg 124/288 det_cnt 87/288 seg_cnt 77/288 | scores det_seg 2.9318 det_cnt -3.6495 seg_cnt 0.7503
[stage2] epoch 34/50 step 8 | loss 4.0357 | train det 0.0224 seg 0.0960 cnt 2.9320 | shared_pairs det_seg 118/288 det_cnt 85/288 seg_cnt 85/288 | scores det_seg 0.4136 det_cnt -6.3964 seg_cnt 0.5937
[stage2] epoch 34/50 step 9 | loss 2.1959 | train det 0.0474 seg 0.0534 cnt 1.0581 | shared_pairs det_seg 123/288 det_cnt 87/288 seg_cnt 78/288 | scores det_seg 3.8726 det_cnt -3.5116 seg_cnt -0.4411
[stage2] epoch 34/50 step 10 | loss 1.3173 | train det 0.0170 seg 0.0549 cnt 0.6221 | shared_pairs det_seg 95/288 det_cnt 112/288 seg_cnt 81/288 | scores det_seg 1.1830 det_cnt 2.5018 seg_cnt 0.8717
[stage2] epoch 34/50 step 11 | loss 4.1809 | train det 0.0134 seg 0.0976 cnt 3.1988 | shared_pairs det_seg 99/288 det_cnt 98/288 seg_cnt 91/288 | scores det_seg 0.4169 det_cnt 0.3015 seg_cnt 3.3710
[stage2] epoch 34/50 step 12 | loss 1.2397 | train det 0.0150 seg 0.0364 cnt 0.7246 | shared_pairs det_seg 98/288 det_cnt 99/288 seg_cnt 91/288 | scores det_seg -2.2085 det_cnt -4.5732 seg_cnt -1.7490
[stage2] epoch 34/50 step 13 | loss 2.8560 | train det 0.0376 seg 0.0791 cnt 1.6598 | shared_pairs det_seg 94/288 det_cnt 95/288 seg_cnt 99/288 | scores det_seg -1.5896 det_cnt 0.0024 seg_cnt 6.4729
[stage2] epoch 34/50 step 14 | loss 1.5437 | train det 0.0086 seg 0.0782 cnt 0.7887 | shared_pairs det_seg 107/288 det_cnt 96/288 seg_cnt 85/288 | scores det_seg -3.9997 det_cnt -2.7563 seg_cnt 0.2605
[stage2] epoch 34/50 step 15 | loss 4.4177 | train det 0.0190 seg 0.1244 cnt 3.1368 | shared_pairs det_seg 103/288 det_cnt 93/288 seg_cnt 92/288 | scores det_seg -0.8466 det_cnt -1.7847 seg_cnt 0.8790
[stage2] epoch 34/50 step 16 | loss 2.6194 | train det 0.0095 seg 0.0469 cnt 2.1020 | shared_pairs det_seg 117/288 det_cnt 104/288 seg_cnt 67/288 | scores det_seg 2.6642 det_cnt 6.5325 seg_cnt 1.5096
[stage2] epoch 34/50 step 17 | loss 3.3811 | train det 0.0154 seg 0.2280 cnt 1.3259 | shared_pairs det_seg 106/288 det_cnt 98/288 seg_cnt 84/288 | scores det_seg -2.1003 det_cnt -6.5108 seg_cnt -0.4532
[stage2] epoch 34/50 step 18 | loss 3.6207 | train det 0.0497 seg 0.0730 cnt 2.2920 | shared_pairs det_seg 103/288 det_cnt 114/288 seg_cnt 71/288 | scores det_seg 1.6133 det_cnt 3.3332 seg_cnt -0.3785
[stage2] epoch 34/50 step 19 | loss 3.2384 | train det 0.0569 seg 0.1156 cnt 1.4593 | shared_pairs det_seg 101/288 det_cnt 90/288 seg_cnt 97/288 | scores det_seg -4.9321 det_cnt -4.1831 seg_cnt -1.0584
[stage2] epoch 34/50 step 20 | loss 3.3820 | train det 0.0259 seg 0.0217 cnt 2.8193 | shared_pairs det_seg 95/288 det_cnt 116/288 seg_cnt 77/288 | scores det_seg -0.1453 det_cnt -1.8255 seg_cnt -0.0678
[stage2] epoch 34/50 step 21 | loss 4.5926 | train det 0.0508 seg 0.1519 cnt 2.6153 | shared_pairs det_seg 115/288 det_cnt 94/288 seg_cnt 79/288 | scores det_seg 2.7779 det_cnt -3.1601 seg_cnt 2.8356
[stage2] epoch 34/50 step 22 | loss 1.8066 | train det 0.0163 seg 0.1070 cnt 0.7065 | shared_pairs det_seg 107/288 det_cnt 108/288 seg_cnt 73/288 | scores det_seg 1.2094 det_cnt -1.0697 seg_cnt -1.3937
[stage2] epoch 34/50 step 23 | loss 4.4211 | train det 0.0491 seg 0.1208 cnt 2.7189 | shared_pairs det_seg 88/288 det_cnt 116/288 seg_cnt 84/288 | scores det_seg -1.3780 det_cnt 0.1867 seg_cnt -0.3068
[stage2] epoch 34/50 step 24 | loss 2.1686 | train det 0.0900 seg 0.0663 cnt 0.2889 | shared_pairs det_seg 106/288 det_cnt 83/288 seg_cnt 99/288 | scores det_seg 1.2074 det_cnt -2.2999 seg_cnt 5.0218
[stage2] epoch 34/50 step 25 | loss 3.0911 | train det 0.0216 seg 0.1290 cnt 1.7348 | shared_pairs det_seg 90/288 det_cnt 118/288 seg_cnt 80/288 | scores det_seg -2.9925 det_cnt 5.6772 seg_cnt 0.7551
[stage2] epoch 34/50 step 26 | loss 3.1168 | train det 0.0172 seg 0.0862 cnt 2.1694 | shared_pairs det_seg 117/288 det_cnt 101/288 seg_cnt 70/288 | scores det_seg -0.4735 det_cnt -6.2636 seg_cnt 0.1147
[stage2] epoch 34/50 step 27 | loss 2.1836 | train det 0.0234 seg 0.0617 cnt 1.3395 | shared_pairs det_seg 102/288 det_cnt 99/288 seg_cnt 87/288 | scores det_seg -1.5473 det_cnt 2.4566 seg_cnt 3.7790
[stage2] epoch 34/50 step 28 | loss 7.4400 | train det 0.3526 seg 0.1095 cnt 1.2751 | shared_pairs det_seg 110/288 det_cnt 98/288 seg_cnt 80/288 | scores det_seg 3.6982 det_cnt -1.7853 seg_cnt -3.0801
[stage2] epoch 34/50 step 29 | loss 2.6845 | train det 0.0192 seg 0.0516 cnt 1.9838 | shared_pairs det_seg 114/288 det_cnt 101/288 seg_cnt 73/288 | scores det_seg 4.4522 det_cnt 2.5859 seg_cnt 0.5156
[stage2] epoch 34/50 step 30 | loss 2.3856 | train det 0.0805 seg 0.1002 cnt 0.3766 | shared_pairs det_seg 105/288 det_cnt 107/288 seg_cnt 76/288 | scores det_seg 1.9500 det_cnt -0.8220 seg_cnt 0.5835
[stage2] epoch 34/50 step 31 | loss 1.6528 | train det 0.0233 seg 0.0923 cnt 0.5656 | shared_pairs det_seg 134/288 det_cnt 77/288 seg_cnt 77/288 | scores det_seg 3.4932 det_cnt -2.9446 seg_cnt -1.3008
[stage2] epoch 34/50 step 32 | loss 4.3939 | train det 0.0191 seg 0.0618 cnt 3.6119 | shared_pairs det_seg 119/288 det_cnt 84/288 seg_cnt 85/288 | scores det_seg 2.4548 det_cnt 0.2624 seg_cnt 0.6657
[stage2] epoch 34/50 step 33 | loss 2.4685 | train det 0.0703 seg 0.0373 cnt 1.1147 | shared_pairs det_seg 137/288 det_cnt 84/288 seg_cnt 67/288 | scores det_seg 3.9117 det_cnt -2.5678 seg_cnt -0.2978
[stage2] epoch 34/50 step 34 | loss 0.9166 | train det 0.0069 seg 0.0394 cnt 0.4983 | shared_pairs det_seg 99/288 det_cnt 107/288 seg_cnt 82/288 | scores det_seg -3.2757 det_cnt 2.0684 seg_cnt -1.2755
[stage2] epoch 34/50 step 35 | loss 4.5988 | train det 0.0673 seg 0.0880 cnt 2.8857 | shared_pairs det_seg 115/288 det_cnt 107/288 seg_cnt 66/288 | scores det_seg 4.3720 det_cnt 0.0777 seg_cnt 0.4114
[stage2] epoch 34/50 step 36 | loss 2.0770 | train det 0.0219 seg 0.1142 cnt 0.8346 | shared_pairs det_seg 88/288 det_cnt 112/288 seg_cnt 88/288 | scores det_seg -4.2050 det_cnt 1.5332 seg_cnt 1.8580
[stage2] epoch 34/50 step 37 | loss 3.1352 | train det 0.0158 seg 0.1594 cnt 1.6235 | shared_pairs det_seg 100/288 det_cnt 110/288 seg_cnt 78/288 | scores det_seg -1.2002 det_cnt 4.8909 seg_cnt -0.5065
[stage2] epoch 34/50 step 38 | loss 3.1995 | train det 0.0539 seg 0.2173 cnt 0.6530 | shared_pairs det_seg 111/288 det_cnt 103/288 seg_cnt 74/288 | scores det_seg -2.5786 det_cnt 1.6099 seg_cnt -1.5228
[stage2] epoch 34/50 step 39 | loss 4.0929 | train det 0.0097 seg 0.0827 cnt 3.2855 | shared_pairs det_seg 100/288 det_cnt 101/288 seg_cnt 87/288 | scores det_seg -2.4446 det_cnt 1.0077 seg_cnt -0.1070
[stage2] epoch 34/50 step 40 | loss 2.7518 | train det 0.0122 seg 0.0883 cnt 1.8628 | shared_pairs det_seg 99/288 det_cnt 98/288 seg_cnt 91/288 | scores det_seg -0.4521 det_cnt -3.2518 seg_cnt 1.4004
[stage2] epoch 34/50 step 41 | loss 2.5240 | train det 0.0256 seg 0.0974 cnt 1.3598 | shared_pairs det_seg 102/288 det_cnt 101/288 seg_cnt 85/288 | scores det_seg 1.2701 det_cnt -2.0234 seg_cnt 0.5767
[stage2] epoch 34/50 step 42 | loss 2.6244 | train det 0.0114 seg 0.0611 cnt 1.9640 | shared_pairs det_seg 94/288 det_cnt 96/288 seg_cnt 98/288 | scores det_seg 0.9249 det_cnt -0.0633 seg_cnt 4.2881
[stage2] epoch 34/50 step 43 | loss 3.0687 | train det 0.0757 seg 0.1087 cnt 1.0640 | shared_pairs det_seg 104/288 det_cnt 107/288 seg_cnt 77/288 | scores det_seg -0.0931 det_cnt 1.8017 seg_cnt 2.7639
[stage2] epoch 34/50 | train 2.9844 | det 0.0393 seg 0.0924 cnt 1.6559 | selected_by_matrix_unit det_seg 4571 det_cnt 4297 seg_cnt 3516
[stage2] epoch 34 | val det 0.4996 seg 0.9378 miou 0.6569 cnt 3.3214 dens 8.276839e-01 mae 2.4937 total_mae 11.5789 | ap50 0.6614 | combo 1.719308
[stage2] epoch 35/50 step 1 | loss 2.5329 | train det 0.0258 seg 0.0676 cnt 1.6053 | shared_pairs det_seg 101/288 det_cnt 111/288 seg_cnt 76/288 | scores det_seg -1.8461 det_cnt 2.3086 seg_cnt -3.0284
[stage2] epoch 35/50 step 2 | loss 2.5004 | train det 0.0690 seg 0.1187 cnt 0.5149 | shared_pairs det_seg 107/288 det_cnt 94/288 seg_cnt 87/288 | scores det_seg -1.7388 det_cnt -1.3821 seg_cnt 1.7729
[stage2] epoch 35/50 step 3 | loss 2.6556 | train det 0.0081 seg 0.1737 cnt 1.1441 | shared_pairs det_seg 99/288 det_cnt 108/288 seg_cnt 81/288 | scores det_seg -0.2006 det_cnt -2.9877 seg_cnt -1.2523
[stage2] epoch 35/50 step 4 | loss 2.6298 | train det 0.0348 seg 0.0442 cnt 1.7548 | shared_pairs det_seg 107/288 det_cnt 97/288 seg_cnt 84/288 | scores det_seg -0.3567 det_cnt 0.8567 seg_cnt 1.9256
[stage2] epoch 35/50 step 5 | loss 4.1922 | train det 0.0425 seg 0.0980 cnt 2.7706 | shared_pairs det_seg 101/288 det_cnt 108/288 seg_cnt 79/288 | scores det_seg 0.2806 det_cnt 3.6021 seg_cnt -0.7956
[stage2] epoch 35/50 step 6 | loss 4.2213 | train det 0.0739 seg 0.0726 cnt 2.5324 | shared_pairs det_seg 92/288 det_cnt 97/288 seg_cnt 99/288 | scores det_seg -2.5322 det_cnt -0.0110 seg_cnt 2.9288
[stage2] epoch 35/50 step 7 | loss 1.9860 | train det 0.0343 seg 0.0988 cnt 0.6811 | shared_pairs det_seg 116/288 det_cnt 93/288 seg_cnt 79/288 | scores det_seg 1.5718 det_cnt -7.6065 seg_cnt 1.3356
[stage2] epoch 35/50 step 8 | loss 5.2092 | train det 0.0268 seg 0.0720 cnt 4.2311 | shared_pairs det_seg 109/288 det_cnt 108/288 seg_cnt 71/288 | scores det_seg -0.8975 det_cnt -0.2109 seg_cnt -2.9071
[stage2] epoch 35/50 step 9 | loss 3.3332 | train det 0.0384 seg 0.0975 cnt 1.9768 | shared_pairs det_seg 103/288 det_cnt 113/288 seg_cnt 72/288 | scores det_seg 3.1071 det_cnt 3.7967 seg_cnt 0.1306
[stage2] epoch 35/50 step 10 | loss 2.4570 | train det 0.0454 seg 0.1009 cnt 0.9691 | shared_pairs det_seg 104/288 det_cnt 94/288 seg_cnt 90/288 | scores det_seg -2.5595 det_cnt -0.6659 seg_cnt -2.7557
[stage2] epoch 35/50 step 11 | loss 2.7121 | train det 0.0865 seg 0.1109 cnt 0.5272 | shared_pairs det_seg 98/288 det_cnt 109/288 seg_cnt 81/288 | scores det_seg -2.2849 det_cnt -0.9094 seg_cnt 0.2755
[stage2] epoch 35/50 step 12 | loss 5.0545 | train det 0.0303 seg 0.1118 cnt 3.7056 | shared_pairs det_seg 100/288 det_cnt 108/288 seg_cnt 80/288 | scores det_seg -1.6539 det_cnt 1.4490 seg_cnt -2.6448
[stage2] epoch 35/50 step 13 | loss 1.7435 | train det 0.0203 seg 0.0548 cnt 0.9997 | shared_pairs det_seg 107/288 det_cnt 78/288 seg_cnt 103/288 | scores det_seg -1.1052 det_cnt -6.1031 seg_cnt 2.1374
[stage2] epoch 35/50 step 14 | loss 3.6025 | train det 0.1312 seg 0.0909 cnt 0.9072 | shared_pairs det_seg 108/288 det_cnt 104/288 seg_cnt 76/288 | scores det_seg -0.4853 det_cnt -0.1340 seg_cnt 0.4784
[stage2] epoch 35/50 step 15 | loss 3.0453 | train det 0.0798 seg 0.1230 cnt 0.8649 | shared_pairs det_seg 98/288 det_cnt 101/288 seg_cnt 89/288 | scores det_seg -1.5602 det_cnt 2.5327 seg_cnt 3.9935
[stage2] epoch 35/50 step 16 | loss 7.1135 | train det 0.0195 seg 0.1077 cnt 5.9591 | shared_pairs det_seg 95/288 det_cnt 109/288 seg_cnt 84/288 | scores det_seg -3.3427 det_cnt 0.0199 seg_cnt 3.3765
[stage2] epoch 35/50 step 17 | loss 3.2287 | train det 0.0270 seg 0.1193 cnt 1.8695 | shared_pairs det_seg 105/288 det_cnt 90/288 seg_cnt 93/288 | scores det_seg 0.7563 det_cnt -0.1559 seg_cnt 0.2160
[stage2] epoch 35/50 step 18 | loss 3.1987 | train det 0.0201 seg 0.1022 cnt 2.0789 | shared_pairs det_seg 102/288 det_cnt 101/288 seg_cnt 85/288 | scores det_seg 0.5716 det_cnt 1.9896 seg_cnt 1.9969
[stage2] epoch 35/50 step 19 | loss 1.7599 | train det 0.0110 seg 0.1295 cnt 0.5588 | shared_pairs det_seg 112/288 det_cnt 106/288 seg_cnt 70/288 | scores det_seg -0.0044 det_cnt 2.8724 seg_cnt -3.2716
[stage2] epoch 35/50 step 20 | loss 2.7602 | train det 0.0303 seg 0.0727 cnt 1.7244 | shared_pairs det_seg 113/288 det_cnt 106/288 seg_cnt 69/288 | scores det_seg -0.4187 det_cnt 0.1507 seg_cnt -3.5093
[stage2] epoch 35/50 step 21 | loss 2.7198 | train det 0.0571 seg 0.0965 cnt 1.0918 | shared_pairs det_seg 102/288 det_cnt 90/288 seg_cnt 96/288 | scores det_seg 0.2148 det_cnt -4.2799 seg_cnt 2.2900
[stage2] epoch 35/50 step 22 | loss 2.1217 | train det 0.0208 seg 0.1162 cnt 0.8800 | shared_pairs det_seg 111/288 det_cnt 93/288 seg_cnt 84/288 | scores det_seg -3.0349 det_cnt 1.8695 seg_cnt -0.5907
[stage2] epoch 35/50 step 23 | loss 2.1854 | train det 0.0074 seg 0.0562 cnt 1.6245 | shared_pairs det_seg 108/288 det_cnt 95/288 seg_cnt 85/288 | scores det_seg -2.6071 det_cnt -2.0756 seg_cnt -0.5825
[stage2] epoch 35/50 step 24 | loss 1.8969 | train det 0.0301 seg 0.0630 cnt 0.9416 | shared_pairs det_seg 98/288 det_cnt 102/288 seg_cnt 88/288 | scores det_seg 1.3104 det_cnt 2.3525 seg_cnt 5.0518
[stage2] epoch 35/50 step 25 | loss 2.7074 | train det 0.0214 seg 0.0758 cnt 1.7805 | shared_pairs det_seg 98/288 det_cnt 114/288 seg_cnt 76/288 | scores det_seg 1.1773 det_cnt 0.8092 seg_cnt 3.4412
[stage2] epoch 35/50 step 26 | loss 4.4302 | train det 0.1964 seg 0.1197 cnt 0.5275 | shared_pairs det_seg 97/288 det_cnt 111/288 seg_cnt 80/288 | scores det_seg -1.7262 det_cnt -0.8252 seg_cnt -0.9069
[stage2] epoch 35/50 step 27 | loss 2.2511 | train det 0.0192 seg 0.1052 cnt 1.1211 | shared_pairs det_seg 112/288 det_cnt 95/288 seg_cnt 81/288 | scores det_seg -2.3436 det_cnt -5.8917 seg_cnt 1.5194
[stage2] epoch 35/50 step 28 | loss 3.1301 | train det 0.0318 seg 0.1205 cnt 1.6885 | shared_pairs det_seg 103/288 det_cnt 98/288 seg_cnt 87/288 | scores det_seg -0.4955 det_cnt -0.8213 seg_cnt 1.5736
[stage2] epoch 35/50 step 29 | loss 5.1690 | train det 0.1235 seg 0.0725 cnt 2.7363 | shared_pairs det_seg 90/288 det_cnt 120/288 seg_cnt 78/288 | scores det_seg -2.6945 det_cnt -0.0424 seg_cnt -5.6240
[stage2] epoch 35/50 step 30 | loss 5.3220 | train det 0.1440 seg 0.0694 cnt 2.6061 | shared_pairs det_seg 99/288 det_cnt 110/288 seg_cnt 79/288 | scores det_seg -1.6426 det_cnt 1.0000 seg_cnt 1.2975
[stage2] epoch 35/50 step 31 | loss 2.1189 | train det 0.0230 seg 0.1411 cnt 0.6461 | shared_pairs det_seg 94/288 det_cnt 102/288 seg_cnt 92/288 | scores det_seg -4.7391 det_cnt 3.0111 seg_cnt 1.8682
[stage2] epoch 35/50 step 32 | loss 5.2976 | train det 0.0579 seg 0.0769 cnt 3.8133 | shared_pairs det_seg 132/288 det_cnt 95/288 seg_cnt 61/288 | scores det_seg 4.1886 det_cnt -6.1181 seg_cnt -2.3662
[stage2] epoch 35/50 step 33 | loss 3.0877 | train det 0.0280 seg 0.0741 cnt 2.0748 | shared_pairs det_seg 107/288 det_cnt 111/288 seg_cnt 70/288 | scores det_seg -2.7790 det_cnt -2.7420 seg_cnt -3.2769
[stage2] epoch 35/50 step 34 | loss 1.7093 | train det 0.0242 seg 0.0391 cnt 1.0335 | shared_pairs det_seg 104/288 det_cnt 90/288 seg_cnt 94/288 | scores det_seg -1.4771 det_cnt -0.6303 seg_cnt 2.7751
[stage2] epoch 35/50 step 35 | loss 1.9030 | train det 0.0384 seg 0.0940 cnt 0.5749 | shared_pairs det_seg 92/288 det_cnt 110/288 seg_cnt 86/288 | scores det_seg -0.7116 det_cnt -1.4781 seg_cnt -0.6643
[stage2] epoch 35/50 step 36 | loss 5.2501 | train det 0.1150 seg 0.1237 cnt 2.5347 | shared_pairs det_seg 108/288 det_cnt 108/288 seg_cnt 72/288 | scores det_seg 3.5938 det_cnt 4.2940 seg_cnt 2.3863
[stage2] epoch 35/50 step 37 | loss 1.9702 | train det 0.0238 seg 0.0962 cnt 0.8440 | shared_pairs det_seg 94/288 det_cnt 101/288 seg_cnt 93/288 | scores det_seg -0.3765 det_cnt -1.9972 seg_cnt 2.9373
[stage2] epoch 35/50 step 38 | loss 2.3786 | train det 0.0657 seg 0.0684 cnt 0.8457 | shared_pairs det_seg 108/288 det_cnt 88/288 seg_cnt 92/288 | scores det_seg 1.0984 det_cnt -0.0229 seg_cnt 4.5481
[stage2] epoch 35/50 step 39 | loss 1.1968 | train det 0.0101 seg 0.0633 cnt 0.5393 | shared_pairs det_seg 112/288 det_cnt 101/288 seg_cnt 75/288 | scores det_seg 1.1017 det_cnt -0.3953 seg_cnt -3.0430
[stage2] epoch 35/50 step 40 | loss 6.4745 | train det 0.0350 seg 0.1426 cnt 4.8077 | shared_pairs det_seg 105/288 det_cnt 102/288 seg_cnt 81/288 | scores det_seg 0.5345 det_cnt 1.8264 seg_cnt 0.8258
[stage2] epoch 35/50 step 41 | loss 2.8382 | train det 0.0445 seg 0.0486 cnt 1.7821 | shared_pairs det_seg 108/288 det_cnt 97/288 seg_cnt 83/288 | scores det_seg 1.0666 det_cnt 1.1298 seg_cnt -1.8901
[stage2] epoch 35/50 step 42 | loss 3.3631 | train det 0.0533 seg 0.0785 cnt 1.9350 | shared_pairs det_seg 105/288 det_cnt 100/288 seg_cnt 83/288 | scores det_seg -0.7358 det_cnt 1.3297 seg_cnt 2.7146
[stage2] epoch 35/50 step 43 | loss 1.6182 | train det 0.0243 seg 0.0936 cnt 0.5047 | shared_pairs det_seg 94/288 det_cnt 123/288 seg_cnt 71/288 | scores det_seg 1.7855 det_cnt 2.6619 seg_cnt 1.8114
[stage2] epoch 35/50 | train 3.1878 | det 0.0477 seg 0.0931 cnt 1.7281 | selected_by_matrix_unit det_seg 4458 det_cnt 4391 seg_cnt 3535
[stage2] epoch 35 | val det 0.5056 seg 0.9409 miou 0.6556 cnt 3.3261 dens 8.265905e-01 mae 2.4995 total_mae 11.4841 | ap50 0.6601 | combo 1.715790
[stage2] epoch 36/50 step 1 | loss 2.3481 | train det 0.0351 seg 0.1170 cnt 0.8858 | shared_pairs det_seg 124/288 det_cnt 97/288 seg_cnt 67/288 | scores det_seg 1.3412 det_cnt 0.5794 seg_cnt 0.8902
[stage2] epoch 36/50 step 2 | loss 1.8409 | train det 0.0282 seg 0.0654 cnt 0.8948 | shared_pairs det_seg 98/288 det_cnt 116/288 seg_cnt 74/288 | scores det_seg 2.7309 det_cnt 3.9761 seg_cnt -2.8034
[stage2] epoch 36/50 step 3 | loss 2.1315 | train det 0.0461 seg 0.1244 cnt 0.4447 | shared_pairs det_seg 120/288 det_cnt 84/288 seg_cnt 84/288 | scores det_seg 1.4279 det_cnt -5.7280 seg_cnt -4.0629
[stage2] epoch 36/50 step 4 | loss 2.8840 | train det 0.0089 seg 0.1186 cnt 1.8017 | shared_pairs det_seg 97/288 det_cnt 116/288 seg_cnt 75/288 | scores det_seg -1.9828 det_cnt 1.5596 seg_cnt -1.3103
[stage2] epoch 36/50 step 5 | loss 1.6449 | train det 0.0120 seg 0.0624 cnt 0.9657 | shared_pairs det_seg 103/288 det_cnt 88/288 seg_cnt 97/288 | scores det_seg 0.3679 det_cnt -7.5000 seg_cnt 2.7907
[stage2] epoch 36/50 step 6 | loss 5.2732 | train det 0.1122 seg 0.1042 cnt 2.7560 | shared_pairs det_seg 116/288 det_cnt 103/288 seg_cnt 69/288 | scores det_seg -1.0145 det_cnt 0.1140 seg_cnt -5.2028
[stage2] epoch 36/50 step 7 | loss 4.0910 | train det 0.0702 seg 0.0682 cnt 2.4931 | shared_pairs det_seg 100/288 det_cnt 119/288 seg_cnt 69/288 | scores det_seg 2.3807 det_cnt 3.6923 seg_cnt 1.8735
[stage2] epoch 36/50 step 8 | loss 3.6062 | train det 0.0493 seg 0.1591 cnt 1.5945 | shared_pairs det_seg 116/288 det_cnt 93/288 seg_cnt 79/288 | scores det_seg 2.7727 det_cnt -0.9686 seg_cnt 1.4515
[stage2] epoch 36/50 step 9 | loss 4.4885 | train det 0.1633 seg 0.1035 cnt 1.2113 | shared_pairs det_seg 94/288 det_cnt 81/288 seg_cnt 113/288 | scores det_seg 0.6426 det_cnt -0.5099 seg_cnt 7.4046
[stage2] epoch 36/50 step 10 | loss 4.5783 | train det 0.0045 seg 0.0621 cnt 4.0135 | shared_pairs det_seg 113/288 det_cnt 103/288 seg_cnt 72/288 | scores det_seg 1.9988 det_cnt -1.3004 seg_cnt -5.4533
[stage2] epoch 36/50 step 11 | loss 2.3179 | train det 0.0329 seg 0.0763 cnt 1.2143 | shared_pairs det_seg 110/288 det_cnt 91/288 seg_cnt 87/288 | scores det_seg -4.0747 det_cnt -3.1270 seg_cnt -1.1120
[stage2] epoch 36/50 step 12 | loss 3.3159 | train det 0.0627 seg 0.1312 cnt 1.3251 | shared_pairs det_seg 104/288 det_cnt 103/288 seg_cnt 81/288 | scores det_seg -0.0444 det_cnt -4.3212 seg_cnt 2.5886
[stage2] epoch 36/50 step 13 | loss 1.5056 | train det 0.0173 seg 0.0625 cnt 0.7463 | shared_pairs det_seg 113/288 det_cnt 104/288 seg_cnt 71/288 | scores det_seg 0.0603 det_cnt 0.9212 seg_cnt 0.5384
[stage2] epoch 36/50 step 14 | loss 1.4430 | train det 0.0261 seg 0.0405 cnt 0.7273 | shared_pairs det_seg 106/288 det_cnt 104/288 seg_cnt 78/288 | scores det_seg 0.4644 det_cnt 1.6788 seg_cnt -0.3203
[stage2] epoch 36/50 step 15 | loss 4.2640 | train det 0.1743 seg 0.1087 cnt 0.7803 | shared_pairs det_seg 108/288 det_cnt 113/288 seg_cnt 67/288 | scores det_seg 1.5922 det_cnt 1.8529 seg_cnt 0.4814
[stage2] epoch 36/50 step 16 | loss 1.8582 | train det 0.0197 seg 0.0802 cnt 0.9215 | shared_pairs det_seg 98/288 det_cnt 103/288 seg_cnt 87/288 | scores det_seg -1.2703 det_cnt -3.0875 seg_cnt 4.3374
[stage2] epoch 36/50 step 17 | loss 2.7243 | train det 0.0175 seg 0.1019 cnt 1.6472 | shared_pairs det_seg 104/288 det_cnt 108/288 seg_cnt 76/288 | scores det_seg -1.5955 det_cnt 5.0903 seg_cnt 1.0363
[stage2] epoch 36/50 step 18 | loss 2.3061 | train det 0.0349 seg 0.1201 cnt 0.8216 | shared_pairs det_seg 100/288 det_cnt 112/288 seg_cnt 76/288 | scores det_seg -0.3515 det_cnt 0.6066 seg_cnt -1.4230
[stage2] epoch 36/50 step 19 | loss 3.2277 | train det 0.0564 seg 0.1252 cnt 1.3797 | shared_pairs det_seg 105/288 det_cnt 99/288 seg_cnt 84/288 | scores det_seg 3.7936 det_cnt -1.6448 seg_cnt 0.3577
[stage2] epoch 36/50 step 20 | loss 1.7275 | train det 0.0066 seg 0.0663 cnt 1.0987 | shared_pairs det_seg 93/288 det_cnt 92/288 seg_cnt 103/288 | scores det_seg 2.8776 det_cnt -2.0232 seg_cnt 3.5716
[stage2] epoch 36/50 step 21 | loss 3.4240 | train det 0.0243 seg 0.1473 cnt 1.8812 | shared_pairs det_seg 92/288 det_cnt 121/288 seg_cnt 75/288 | scores det_seg -1.6368 det_cnt 5.3613 seg_cnt 0.7873
[stage2] epoch 36/50 step 22 | loss 1.6602 | train det 0.0271 seg 0.0866 cnt 0.5618 | shared_pairs det_seg 116/288 det_cnt 102/288 seg_cnt 70/288 | scores det_seg 3.0712 det_cnt -1.5043 seg_cnt -3.1604
[stage2] epoch 36/50 step 23 | loss 5.5958 | train det 0.0887 seg 0.0393 cnt 3.9508 | shared_pairs det_seg 105/288 det_cnt 106/288 seg_cnt 77/288 | scores det_seg -3.9421 det_cnt 2.0506 seg_cnt -1.1116
[stage2] epoch 36/50 step 24 | loss 5.4009 | train det 0.0581 seg 0.1181 cnt 3.5854 | shared_pairs det_seg 133/288 det_cnt 91/288 seg_cnt 64/288 | scores det_seg 1.1100 det_cnt -2.2630 seg_cnt -5.3190
[stage2] epoch 36/50 step 25 | loss 2.0140 | train det 0.0439 seg 0.0623 cnt 0.8576 | shared_pairs det_seg 102/288 det_cnt 98/288 seg_cnt 88/288 | scores det_seg -2.7513 det_cnt -1.9819 seg_cnt 1.7933
[stage2] epoch 36/50 step 26 | loss 2.2442 | train det 0.0214 seg 0.1071 cnt 1.0653 | shared_pairs det_seg 96/288 det_cnt 126/288 seg_cnt 66/288 | scores det_seg 1.8397 det_cnt 5.4780 seg_cnt -0.9661
[stage2] epoch 36/50 step 27 | loss 1.4668 | train det 0.0191 seg 0.0935 cnt 0.4318 | shared_pairs det_seg 96/288 det_cnt 91/288 seg_cnt 101/288 | scores det_seg -2.3668 det_cnt -3.2781 seg_cnt 4.6288
[stage2] epoch 36/50 step 28 | loss 3.3619 | train det 0.0125 seg 0.1145 cnt 2.2587 | shared_pairs det_seg 117/288 det_cnt 93/288 seg_cnt 78/288 | scores det_seg 3.2482 det_cnt -3.8243 seg_cnt 0.0545
[stage2] epoch 36/50 step 29 | loss 1.8863 | train det 0.0110 seg 0.0822 cnt 1.0639 | shared_pairs det_seg 91/288 det_cnt 103/288 seg_cnt 94/288 | scores det_seg -2.9443 det_cnt -2.4379 seg_cnt 0.2202
[stage2] epoch 36/50 step 30 | loss 4.2684 | train det 0.0205 seg 0.0713 cnt 3.3901 | shared_pairs det_seg 107/288 det_cnt 95/288 seg_cnt 86/288 | scores det_seg -1.7026 det_cnt -3.1326 seg_cnt 2.5007
[stage2] epoch 36/50 step 31 | loss 3.6455 | train det 0.0236 seg 0.1173 cnt 2.3540 | shared_pairs det_seg 121/288 det_cnt 92/288 seg_cnt 75/288 | scores det_seg 1.8095 det_cnt -0.6138 seg_cnt 0.2957
[stage2] epoch 36/50 step 32 | loss 3.5742 | train det 0.0949 seg 0.0944 cnt 1.3952 | shared_pairs det_seg 102/288 det_cnt 98/288 seg_cnt 88/288 | scores det_seg 0.7125 det_cnt -1.4476 seg_cnt 0.0227
[stage2] epoch 36/50 step 33 | loss 3.8172 | train det 0.1632 seg 0.0288 cnt 1.1391 | shared_pairs det_seg 107/288 det_cnt 89/288 seg_cnt 92/288 | scores det_seg 0.5165 det_cnt -1.1381 seg_cnt 4.6636
[stage2] epoch 36/50 step 34 | loss 4.5484 | train det 0.0189 seg 0.0791 cnt 3.6317 | shared_pairs det_seg 124/288 det_cnt 84/288 seg_cnt 80/288 | scores det_seg 0.2730 det_cnt -3.2661 seg_cnt -1.0220
[stage2] epoch 36/50 step 35 | loss 1.8343 | train det 0.0195 seg 0.0564 cnt 1.0905 | shared_pairs det_seg 95/288 det_cnt 101/288 seg_cnt 92/288 | scores det_seg -2.2840 det_cnt -1.3414 seg_cnt 3.3358
[stage2] epoch 36/50 step 36 | loss 2.1823 | train det 0.0175 seg 0.0658 cnt 1.3933 | shared_pairs det_seg 107/288 det_cnt 101/288 seg_cnt 80/288 | scores det_seg -3.0536 det_cnt -1.8263 seg_cnt -0.9626
[stage2] epoch 36/50 step 37 | loss 1.8493 | train det 0.0278 seg 0.0971 cnt 0.6562 | shared_pairs det_seg 117/288 det_cnt 96/288 seg_cnt 75/288 | scores det_seg 1.1968 det_cnt 2.6991 seg_cnt 2.4201
[stage2] epoch 36/50 step 38 | loss 1.5382 | train det 0.0205 seg 0.0750 cnt 0.6303 | shared_pairs det_seg 106/288 det_cnt 84/288 seg_cnt 98/288 | scores det_seg -2.7109 det_cnt -1.1773 seg_cnt 4.1802
[stage2] epoch 36/50 step 39 | loss 2.1066 | train det 0.0431 seg 0.0652 cnt 0.9380 | shared_pairs det_seg 108/288 det_cnt 111/288 seg_cnt 69/288 | scores det_seg 0.2581 det_cnt 1.9904 seg_cnt 0.6135
[stage2] epoch 36/50 step 40 | loss 1.8113 | train det 0.0077 seg 0.0960 cnt 0.9274 | shared_pairs det_seg 119/288 det_cnt 90/288 seg_cnt 79/288 | scores det_seg -0.2276 det_cnt -4.0264 seg_cnt -0.5984
[stage2] epoch 36/50 step 41 | loss 2.9601 | train det 0.0116 seg 0.1381 cnt 1.6822 | shared_pairs det_seg 106/288 det_cnt 93/288 seg_cnt 89/288 | scores det_seg 1.1034 det_cnt -4.6856 seg_cnt 0.4080
[stage2] epoch 36/50 step 42 | loss 3.5460 | train det 0.1184 seg 0.1151 cnt 0.8498 | shared_pairs det_seg 103/288 det_cnt 97/288 seg_cnt 88/288 | scores det_seg 0.0194 det_cnt -0.4570 seg_cnt 1.9796
[stage2] epoch 36/50 step 43 | loss 2.7069 | train det 0.0651 seg 0.0483 cnt 1.3448 | shared_pairs det_seg 125/288 det_cnt 88/288 seg_cnt 75/288 | scores det_seg 1.7680 det_cnt 0.2460 seg_cnt 0.7719
[stage2] epoch 36/50 | train 2.9074 | det 0.0450 seg 0.0906 cnt 1.5070 | selected_by_matrix_unit det_seg 4617 det_cnt 4279 seg_cnt 3488
[stage2] epoch 36 | val det 0.5065 seg 0.9420 miou 0.6575 cnt 3.3230 dens 8.276987e-01 mae 2.4953 total_mae 11.5293 | ap50 0.6599 | combo 1.718200
[stage2] epoch 37/50 step 1 | loss 1.4444 | train det 0.0341 seg 0.0639 cnt 0.4227 | shared_pairs det_seg 92/288 det_cnt 122/288 seg_cnt 74/288 | scores det_seg 0.5235 det_cnt 8.7076 seg_cnt -0.4980
[stage2] epoch 37/50 step 2 | loss 1.1157 | train det 0.0110 seg 0.0551 cnt 0.5103 | shared_pairs det_seg 103/288 det_cnt 105/288 seg_cnt 80/288 | scores det_seg -2.2448 det_cnt -2.1421 seg_cnt -1.5950
[stage2] epoch 37/50 step 3 | loss 1.9885 | train det 0.0266 seg 0.0730 cnt 1.0055 | shared_pairs det_seg 104/288 det_cnt 97/288 seg_cnt 87/288 | scores det_seg 3.0567 det_cnt -0.3561 seg_cnt 3.3138
[stage2] epoch 37/50 step 4 | loss 1.1915 | train det 0.0235 seg 0.0625 cnt 0.3384 | shared_pairs det_seg 88/288 det_cnt 109/288 seg_cnt 91/288 | scores det_seg -1.9278 det_cnt 3.4560 seg_cnt 1.9968
[stage2] epoch 37/50 step 5 | loss 5.1736 | train det 0.0150 seg 0.0660 cnt 4.4205 | shared_pairs det_seg 108/288 det_cnt 99/288 seg_cnt 81/288 | scores det_seg 1.5856 det_cnt -2.5848 seg_cnt -1.5763
[stage2] epoch 37/50 step 6 | loss 1.7965 | train det 0.0248 seg 0.1263 cnt 0.4136 | shared_pairs det_seg 124/288 det_cnt 79/288 seg_cnt 85/288 | scores det_seg 2.5292 det_cnt -4.4572 seg_cnt 2.4296
[stage2] epoch 37/50 step 7 | loss 2.3618 | train det 0.0240 seg 0.1439 cnt 0.8511 | shared_pairs det_seg 120/288 det_cnt 98/288 seg_cnt 70/288 | scores det_seg 0.6994 det_cnt -3.5366 seg_cnt -3.7998
[stage2] epoch 37/50 step 8 | loss 4.8634 | train det 0.0251 seg 0.1187 cnt 3.5378 | shared_pairs det_seg 94/288 det_cnt 99/288 seg_cnt 95/288 | scores det_seg 0.3189 det_cnt -0.3358 seg_cnt 4.2122
[stage2] epoch 37/50 step 9 | loss 1.8216 | train det 0.0290 seg 0.0716 cnt 0.8146 | shared_pairs det_seg 116/288 det_cnt 89/288 seg_cnt 83/288 | scores det_seg 1.5299 det_cnt -2.3820 seg_cnt -0.0017
[stage2] epoch 37/50 step 10 | loss 2.2239 | train det 0.0612 seg 0.0465 cnt 0.9331 | shared_pairs det_seg 107/288 det_cnt 89/288 seg_cnt 92/288 | scores det_seg 1.3389 det_cnt -3.5670 seg_cnt -0.2634
[stage2] epoch 37/50 step 11 | loss 4.0303 | train det 0.1398 seg 0.0688 cnt 1.3834 | shared_pairs det_seg 110/288 det_cnt 102/288 seg_cnt 76/288 | scores det_seg 0.2400 det_cnt -0.9634 seg_cnt -2.2797
[stage2] epoch 37/50 step 12 | loss 1.9308 | train det 0.0153 seg 0.0646 cnt 1.1842 | shared_pairs det_seg 94/288 det_cnt 104/288 seg_cnt 90/288 | scores det_seg 3.0348 det_cnt -0.9810 seg_cnt 2.0312
[stage2] epoch 37/50 step 13 | loss 3.8319 | train det 0.0157 seg 0.0891 cnt 2.8846 | shared_pairs det_seg 126/288 det_cnt 85/288 seg_cnt 77/288 | scores det_seg 3.6079 det_cnt -5.5709 seg_cnt -1.4759
[stage2] epoch 37/50 step 14 | loss 4.5594 | train det 0.0886 seg 0.1693 cnt 1.8754 | shared_pairs det_seg 102/288 det_cnt 116/288 seg_cnt 70/288 | scores det_seg 3.4516 det_cnt 3.2298 seg_cnt -2.2341
[stage2] epoch 37/50 step 15 | loss 3.6571 | train det 0.1107 seg 0.0590 cnt 1.5249 | shared_pairs det_seg 120/288 det_cnt 103/288 seg_cnt 65/288 | scores det_seg 2.2116 det_cnt -0.2670 seg_cnt -1.3449
[stage2] epoch 37/50 step 16 | loss 2.8550 | train det 0.0200 seg 0.2052 cnt 0.9131 | shared_pairs det_seg 100/288 det_cnt 95/288 seg_cnt 93/288 | scores det_seg -0.8768 det_cnt 0.9284 seg_cnt 3.5190
[stage2] epoch 37/50 step 17 | loss 2.8816 | train det 0.0164 seg 0.1031 cnt 1.8109 | shared_pairs det_seg 111/288 det_cnt 96/288 seg_cnt 81/288 | scores det_seg 1.2436 det_cnt -1.9221 seg_cnt 0.2116
[stage2] epoch 37/50 step 18 | loss 2.5511 | train det 0.0178 seg 0.1472 cnt 1.1060 | shared_pairs det_seg 117/288 det_cnt 79/288 seg_cnt 92/288 | scores det_seg -0.6624 det_cnt -1.8765 seg_cnt 2.2571
[stage2] epoch 37/50 step 19 | loss 2.9021 | train det 0.0329 seg 0.0763 cnt 1.7975 | shared_pairs det_seg 98/288 det_cnt 110/288 seg_cnt 80/288 | scores det_seg 2.2902 det_cnt 4.0635 seg_cnt 3.2604
[stage2] epoch 37/50 step 20 | loss 1.2851 | train det 0.0091 seg 0.0818 cnt 0.4943 | shared_pairs det_seg 105/288 det_cnt 111/288 seg_cnt 72/288 | scores det_seg 0.1996 det_cnt 2.9259 seg_cnt -0.6561
[stage2] epoch 37/50 step 21 | loss 2.6548 | train det 0.0105 seg 0.0781 cnt 1.8729 | shared_pairs det_seg 121/288 det_cnt 86/288 seg_cnt 81/288 | scores det_seg 1.9093 det_cnt -2.0854 seg_cnt -0.2688
[stage2] epoch 37/50 step 22 | loss 4.6103 | train det 0.1335 seg 0.0616 cnt 2.1151 | shared_pairs det_seg 99/288 det_cnt 109/288 seg_cnt 80/288 | scores det_seg -1.7312 det_cnt 4.1886 seg_cnt 3.1858
[stage2] epoch 37/50 step 23 | loss 2.6100 | train det 0.0486 seg 0.0763 cnt 1.2712 | shared_pairs det_seg 99/288 det_cnt 119/288 seg_cnt 70/288 | scores det_seg 0.7961 det_cnt 2.5921 seg_cnt -4.0495
[stage2] epoch 37/50 step 24 | loss 2.3675 | train det 0.0623 seg 0.0514 cnt 1.0210 | shared_pairs det_seg 107/288 det_cnt 112/288 seg_cnt 69/288 | scores det_seg 1.8034 det_cnt 2.0537 seg_cnt -3.3599
[stage2] epoch 37/50 step 25 | loss 5.7772 | train det 0.2953 seg 0.1082 cnt 0.4822 | shared_pairs det_seg 99/288 det_cnt 115/288 seg_cnt 74/288 | scores det_seg 1.7600 det_cnt 5.5968 seg_cnt -1.9737
[stage2] epoch 37/50 step 26 | loss 2.1049 | train det 0.0395 seg 0.1296 cnt 0.4761 | shared_pairs det_seg 100/288 det_cnt 114/288 seg_cnt 74/288 | scores det_seg -1.3961 det_cnt -0.1943 seg_cnt -2.6209
[stage2] epoch 37/50 step 27 | loss 2.3874 | train det 0.0161 seg 0.0999 cnt 1.3475 | shared_pairs det_seg 80/288 det_cnt 106/288 seg_cnt 102/288 | scores det_seg -3.4939 det_cnt -1.4970 seg_cnt 6.8175
[stage2] epoch 37/50 step 28 | loss 1.1087 | train det 0.0101 seg 0.0842 cnt 0.2830 | shared_pairs det_seg 97/288 det_cnt 107/288 seg_cnt 84/288 | scores det_seg 1.4663 det_cnt -4.2546 seg_cnt -2.1347
[stage2] epoch 37/50 step 29 | loss 7.6859 | train det 0.1810 seg 0.0623 cnt 4.4729 | shared_pairs det_seg 98/288 det_cnt 103/288 seg_cnt 87/288 | scores det_seg 0.8070 det_cnt -0.6892 seg_cnt -0.1335
[stage2] epoch 37/50 step 30 | loss 1.8990 | train det 0.0368 seg 0.0925 cnt 0.6075 | shared_pairs det_seg 105/288 det_cnt 96/288 seg_cnt 87/288 | scores det_seg 0.9940 det_cnt -0.8112 seg_cnt -0.5628
[stage2] epoch 37/50 step 31 | loss 2.0106 | train det 0.0354 seg 0.0857 cnt 0.7940 | shared_pairs det_seg 103/288 det_cnt 96/288 seg_cnt 89/288 | scores det_seg -2.0353 det_cnt 2.7652 seg_cnt -0.4686
[stage2] epoch 37/50 step 32 | loss 4.4789 | train det 0.0202 seg 0.1211 cnt 3.2070 | shared_pairs det_seg 104/288 det_cnt 97/288 seg_cnt 87/288 | scores det_seg 3.5431 det_cnt 2.1462 seg_cnt 3.0199
[stage2] epoch 37/50 step 33 | loss 1.7917 | train det 0.0157 seg 0.1084 cnt 0.6882 | shared_pairs det_seg 100/288 det_cnt 97/288 seg_cnt 91/288 | scores det_seg -0.0011 det_cnt 0.4123 seg_cnt 2.5727
[stage2] epoch 37/50 step 34 | loss 1.9958 | train det 0.0218 seg 0.0576 cnt 1.2085 | shared_pairs det_seg 97/288 det_cnt 94/288 seg_cnt 97/288 | scores det_seg -3.3010 det_cnt -6.3247 seg_cnt 0.6647
[stage2] epoch 37/50 step 35 | loss 2.0252 | train det 0.0117 seg 0.1176 cnt 0.9083 | shared_pairs det_seg 111/288 det_cnt 99/288 seg_cnt 78/288 | scores det_seg -1.3692 det_cnt -0.5263 seg_cnt 3.7086
[stage2] epoch 37/50 step 36 | loss 2.2092 | train det 0.0426 seg 0.0529 cnt 1.1466 | shared_pairs det_seg 102/288 det_cnt 111/288 seg_cnt 75/288 | scores det_seg -0.5045 det_cnt 0.1178 seg_cnt -0.3003
[stage2] epoch 37/50 step 37 | loss 4.4838 | train det 0.0693 seg 0.1001 cnt 2.6438 | shared_pairs det_seg 107/288 det_cnt 90/288 seg_cnt 91/288 | scores det_seg -0.6301 det_cnt -4.5630 seg_cnt -1.5199
[stage2] epoch 37/50 step 38 | loss 2.6789 | train det 0.0138 seg 0.0611 cnt 1.9829 | shared_pairs det_seg 99/288 det_cnt 103/288 seg_cnt 86/288 | scores det_seg -1.0309 det_cnt -1.7207 seg_cnt 4.1215
[stage2] epoch 37/50 step 39 | loss 2.6451 | train det 0.0352 seg 0.0678 cnt 1.5754 | shared_pairs det_seg 115/288 det_cnt 95/288 seg_cnt 78/288 | scores det_seg 1.7618 det_cnt -0.2406 seg_cnt 2.9094
[stage2] epoch 37/50 step 40 | loss 2.4022 | train det 0.0155 seg 0.1477 cnt 0.9873 | shared_pairs det_seg 98/288 det_cnt 113/288 seg_cnt 77/288 | scores det_seg -1.6096 det_cnt 3.2678 seg_cnt -1.5275
[stage2] epoch 37/50 step 41 | loss 2.6749 | train det 0.0168 seg 0.0845 cnt 1.7471 | shared_pairs det_seg 109/288 det_cnt 101/288 seg_cnt 78/288 | scores det_seg 0.3192 det_cnt -1.4347 seg_cnt 1.2621
[stage2] epoch 37/50 step 42 | loss 2.5804 | train det 0.0206 seg 0.1691 cnt 0.9189 | shared_pairs det_seg 99/288 det_cnt 102/288 seg_cnt 87/288 | scores det_seg 0.1364 det_cnt -0.6061 seg_cnt 3.9291
[stage2] epoch 37/50 step 43 | loss 2.9979 | train det 0.0238 seg 0.1100 cnt 1.7606 | shared_pairs det_seg 111/288 det_cnt 100/288 seg_cnt 77/288 | scores det_seg 3.1335 det_cnt -0.9522 seg_cnt -2.2555
[stage2] epoch 37/50 | train 2.8522 | det 0.0446 seg 0.0935 cnt 1.4358 | selected_by_matrix_unit det_seg 4499 det_cnt 4352 seg_cnt 3533
[stage2] epoch 37 | val det 0.5032 seg 0.9522 miou 0.6579 cnt 3.3161 dens 8.277324e-01 mae 2.4884 total_mae 11.5170 | ap50 0.6592 | combo 1.718933
[stage2] epoch 38/50 step 1 | loss 3.2251 | train det 0.1280 seg 0.0406 cnt 0.9805 | shared_pairs det_seg 109/288 det_cnt 112/288 seg_cnt 67/288 | scores det_seg 3.1600 det_cnt 0.8790 seg_cnt -3.1275
[stage2] epoch 38/50 step 2 | loss 2.8621 | train det 0.0217 seg 0.0998 cnt 1.7375 | shared_pairs det_seg 123/288 det_cnt 89/288 seg_cnt 76/288 | scores det_seg 1.8768 det_cnt -2.3775 seg_cnt 0.7463
[stage2] epoch 38/50 step 3 | loss 1.9048 | train det 0.0178 seg 0.0833 cnt 0.9716 | shared_pairs det_seg 112/288 det_cnt 107/288 seg_cnt 69/288 | scores det_seg -0.3187 det_cnt 1.8794 seg_cnt -4.0284
[stage2] epoch 38/50 step 4 | loss 1.5784 | train det 0.0445 seg 0.0399 cnt 0.5913 | shared_pairs det_seg 108/288 det_cnt 104/288 seg_cnt 76/288 | scores det_seg 0.4513 det_cnt 1.2934 seg_cnt -2.1754
[stage2] epoch 38/50 step 5 | loss 4.0363 | train det 0.0287 seg 0.0861 cnt 2.9167 | shared_pairs det_seg 97/288 det_cnt 116/288 seg_cnt 75/288 | scores det_seg -0.3059 det_cnt 1.5465 seg_cnt -1.4022
[stage2] epoch 38/50 step 6 | loss 5.3655 | train det 0.1153 seg 0.0383 cnt 3.3292 | shared_pairs det_seg 97/288 det_cnt 99/288 seg_cnt 92/288 | scores det_seg -1.1337 det_cnt 3.8899 seg_cnt 2.7581
[stage2] epoch 38/50 step 7 | loss 1.3229 | train det 0.0177 seg 0.0671 cnt 0.5206 | shared_pairs det_seg 87/288 det_cnt 129/288 seg_cnt 72/288 | scores det_seg -2.3643 det_cnt 2.0649 seg_cnt -3.7217
[stage2] epoch 38/50 step 8 | loss 2.0525 | train det 0.0152 seg 0.1276 cnt 0.8033 | shared_pairs det_seg 115/288 det_cnt 92/288 seg_cnt 81/288 | scores det_seg 1.7635 det_cnt -0.1067 seg_cnt -0.8862
[stage2] epoch 38/50 step 9 | loss 2.8755 | train det 0.0547 seg 0.0931 cnt 1.3100 | shared_pairs det_seg 119/288 det_cnt 100/288 seg_cnt 69/288 | scores det_seg 1.4421 det_cnt -2.6736 seg_cnt -0.9399
[stage2] epoch 38/50 step 10 | loss 3.8954 | train det 0.0496 seg 0.0620 cnt 2.6547 | shared_pairs det_seg 96/288 det_cnt 108/288 seg_cnt 84/288 | scores det_seg -1.4606 det_cnt 5.9348 seg_cnt -0.2904
[stage2] epoch 38/50 step 11 | loss 2.5167 | train det 0.0436 seg 0.0523 cnt 1.4447 | shared_pairs det_seg 104/288 det_cnt 111/288 seg_cnt 73/288 | scores det_seg 2.5530 det_cnt 3.2516 seg_cnt 0.2641
[stage2] epoch 38/50 step 12 | loss 2.1901 | train det 0.0080 seg 0.1154 cnt 1.1474 | shared_pairs det_seg 96/288 det_cnt 120/288 seg_cnt 72/288 | scores det_seg -0.3202 det_cnt 5.8544 seg_cnt 1.9783
[stage2] epoch 38/50 step 13 | loss 2.8936 | train det 0.0322 seg 0.0463 cnt 2.0402 | shared_pairs det_seg 107/288 det_cnt 110/288 seg_cnt 71/288 | scores det_seg -0.7236 det_cnt 4.6101 seg_cnt 2.4489
[stage2] epoch 38/50 step 14 | loss 1.1336 | train det 0.0141 seg 0.0367 cnt 0.6292 | shared_pairs det_seg 98/288 det_cnt 97/288 seg_cnt 93/288 | scores det_seg -2.2725 det_cnt 1.1319 seg_cnt 3.1558
[stage2] epoch 38/50 step 15 | loss 4.7245 | train det 0.0301 seg 0.0862 cnt 3.5839 | shared_pairs det_seg 98/288 det_cnt 112/288 seg_cnt 78/288 | scores det_seg 0.1202 det_cnt 2.2728 seg_cnt 2.6252
[stage2] epoch 38/50 step 16 | loss 3.3306 | train det 0.0089 seg 0.1516 cnt 1.9845 | shared_pairs det_seg 110/288 det_cnt 108/288 seg_cnt 70/288 | scores det_seg 1.6297 det_cnt 1.7584 seg_cnt -4.7994
[stage2] epoch 38/50 step 17 | loss 4.7790 | train det 0.1359 seg 0.1018 cnt 1.9260 | shared_pairs det_seg 87/288 det_cnt 112/288 seg_cnt 89/288 | scores det_seg -0.7757 det_cnt 4.0695 seg_cnt 2.5404
[stage2] epoch 38/50 step 18 | loss 1.8794 | train det 0.0126 seg 0.0803 cnt 1.0474 | shared_pairs det_seg 115/288 det_cnt 95/288 seg_cnt 78/288 | scores det_seg 1.9556 det_cnt -5.9187 seg_cnt -4.7634
[stage2] epoch 38/50 step 19 | loss 1.7971 | train det 0.0128 seg 0.0989 cnt 0.8135 | shared_pairs det_seg 109/288 det_cnt 89/288 seg_cnt 90/288 | scores det_seg 3.0967 det_cnt -0.4274 seg_cnt 1.9552
[stage2] epoch 38/50 step 20 | loss 4.4242 | train det 0.1193 seg 0.0842 cnt 1.9608 | shared_pairs det_seg 122/288 det_cnt 95/288 seg_cnt 71/288 | scores det_seg 0.7504 det_cnt -0.2983 seg_cnt 0.1380
[stage2] epoch 38/50 step 21 | loss 3.1933 | train det 0.0756 seg 0.0242 cnt 1.8658 | shared_pairs det_seg 109/288 det_cnt 100/288 seg_cnt 79/288 | scores det_seg -0.8956 det_cnt -2.0049 seg_cnt -4.5888
[stage2] epoch 38/50 step 22 | loss 1.9212 | train det 0.0184 seg 0.0790 cnt 1.0129 | shared_pairs det_seg 105/288 det_cnt 91/288 seg_cnt 92/288 | scores det_seg -2.3608 det_cnt -5.4353 seg_cnt 2.6113
[stage2] epoch 38/50 step 23 | loss 3.2885 | train det 0.0634 seg 0.0950 cnt 1.5777 | shared_pairs det_seg 93/288 det_cnt 105/288 seg_cnt 90/288 | scores det_seg -5.6613 det_cnt -1.2425 seg_cnt 2.7495
[stage2] epoch 38/50 step 24 | loss 2.9762 | train det 0.0535 seg 0.1003 cnt 1.3705 | shared_pairs det_seg 104/288 det_cnt 97/288 seg_cnt 87/288 | scores det_seg 0.2599 det_cnt -2.2890 seg_cnt 0.9595
[stage2] epoch 38/50 step 25 | loss 2.2052 | train det 0.0077 seg 0.1534 cnt 0.8630 | shared_pairs det_seg 122/288 det_cnt 81/288 seg_cnt 85/288 | scores det_seg 2.3931 det_cnt -3.4311 seg_cnt 0.7797
[stage2] epoch 38/50 step 26 | loss 3.7314 | train det 0.0645 seg 0.1108 cnt 1.8771 | shared_pairs det_seg 101/288 det_cnt 102/288 seg_cnt 85/288 | scores det_seg -0.9502 det_cnt 1.7737 seg_cnt 4.1485
[stage2] epoch 38/50 step 27 | loss 1.7445 | train det 0.0077 seg 0.0973 cnt 0.8514 | shared_pairs det_seg 88/288 det_cnt 115/288 seg_cnt 85/288 | scores det_seg -0.3587 det_cnt 4.7215 seg_cnt 2.2094
[stage2] epoch 38/50 step 28 | loss 1.9000 | train det 0.0633 seg 0.0535 cnt 0.5222 | shared_pairs det_seg 102/288 det_cnt 94/288 seg_cnt 92/288 | scores det_seg -0.1142 det_cnt -0.2454 seg_cnt 2.1870
[stage2] epoch 38/50 step 29 | loss 4.3648 | train det 0.0320 seg 0.1033 cnt 3.0577 | shared_pairs det_seg 110/288 det_cnt 96/288 seg_cnt 82/288 | scores det_seg -1.1242 det_cnt -0.5755 seg_cnt 2.7133
[stage2] epoch 38/50 step 30 | loss 3.9469 | train det 0.0161 seg 0.0549 cnt 3.2656 | shared_pairs det_seg 95/288 det_cnt 102/288 seg_cnt 91/288 | scores det_seg -0.4756 det_cnt -2.9090 seg_cnt 4.3306
[stage2] epoch 38/50 step 31 | loss 2.4992 | train det 0.0301 seg 0.1918 cnt 0.5133 | shared_pairs det_seg 117/288 det_cnt 98/288 seg_cnt 73/288 | scores det_seg 3.8497 det_cnt 0.9464 seg_cnt -3.9294
[stage2] epoch 38/50 step 32 | loss 1.7197 | train det 0.0257 seg 0.0566 cnt 0.8810 | shared_pairs det_seg 109/288 det_cnt 97/288 seg_cnt 82/288 | scores det_seg 2.0630 det_cnt -1.4489 seg_cnt 2.0396
[stage2] epoch 38/50 step 33 | loss 2.0686 | train det 0.0071 seg 0.0725 cnt 1.3820 | shared_pairs det_seg 96/288 det_cnt 89/288 seg_cnt 103/288 | scores det_seg -0.6556 det_cnt -3.0795 seg_cnt 3.5488
[stage2] epoch 38/50 step 34 | loss 4.5199 | train det 0.0398 seg 0.1814 cnt 2.4719 | shared_pairs det_seg 99/288 det_cnt 104/288 seg_cnt 85/288 | scores det_seg -1.6294 det_cnt -0.0024 seg_cnt 2.2219
[stage2] epoch 38/50 step 35 | loss 2.9369 | train det 0.0301 seg 0.1346 cnt 1.4085 | shared_pairs det_seg 111/288 det_cnt 88/288 seg_cnt 89/288 | scores det_seg 1.7977 det_cnt -0.2294 seg_cnt 3.1771
[stage2] epoch 38/50 step 36 | loss 1.9690 | train det 0.0072 seg 0.1090 cnt 0.9888 | shared_pairs det_seg 86/288 det_cnt 106/288 seg_cnt 96/288 | scores det_seg -6.0580 det_cnt 1.6015 seg_cnt 1.4678
[stage2] epoch 38/50 step 37 | loss 4.0344 | train det 0.1065 seg 0.0455 cnt 2.0724 | shared_pairs det_seg 108/288 det_cnt 107/288 seg_cnt 73/288 | scores det_seg -1.0345 det_cnt 4.0113 seg_cnt -4.9176
[stage2] epoch 38/50 step 38 | loss 2.0499 | train det 0.0213 seg 0.1203 cnt 0.7679 | shared_pairs det_seg 112/288 det_cnt 93/288 seg_cnt 83/288 | scores det_seg -3.9911 det_cnt 0.9141 seg_cnt -2.7024
[stage2] epoch 38/50 step 39 | loss 4.6946 | train det 0.0246 seg 0.0898 cnt 3.6063 | shared_pairs det_seg 90/288 det_cnt 107/288 seg_cnt 91/288 | scores det_seg -0.9159 det_cnt 0.4621 seg_cnt 5.5450
[stage2] epoch 38/50 step 40 | loss 4.1648 | train det 0.0583 seg 0.1532 cnt 2.0651 | shared_pairs det_seg 93/288 det_cnt 118/288 seg_cnt 77/288 | scores det_seg -0.5053 det_cnt 0.3733 seg_cnt 0.3318
[stage2] epoch 38/50 step 41 | loss 3.0640 | train det 0.0213 seg 0.1147 cnt 1.8273 | shared_pairs det_seg 109/288 det_cnt 110/288 seg_cnt 69/288 | scores det_seg 4.9513 det_cnt 7.7263 seg_cnt -0.8567
[stage2] epoch 38/50 step 42 | loss 3.3816 | train det 0.1174 seg 0.0686 cnt 1.0723 | shared_pairs det_seg 107/288 det_cnt 99/288 seg_cnt 82/288 | scores det_seg -1.6215 det_cnt -5.2946 seg_cnt -2.4112
[stage2] epoch 38/50 step 43 | loss 1.7793 | train det 0.0197 seg 0.0819 cnt 0.8296 | shared_pairs det_seg 104/288 det_cnt 102/288 seg_cnt 82/288 | scores det_seg -0.2295 det_cnt -1.1740 seg_cnt 2.6703
[stage2] epoch 38/50 | train 2.9521 | det 0.0424 seg 0.0903 cnt 1.5940 | selected_by_matrix_unit det_seg 4479 det_cnt 4406 seg_cnt 3499
[stage2] epoch 38 | val det 0.4962 seg 0.9518 miou 0.6578 cnt 3.3168 dens 8.268607e-01 mae 2.4899 total_mae 11.5134 | ap50 0.6606 | combo 1.720043
[stage2] epoch 39/50 step 1 | loss 4.0378 | train det 0.1308 seg 0.1321 cnt 1.0192 | shared_pairs det_seg 109/288 det_cnt 95/288 seg_cnt 84/288 | scores det_seg 0.7680 det_cnt 1.8287 seg_cnt -0.3917
[stage2] epoch 39/50 step 2 | loss 2.1737 | train det 0.0760 seg 0.0234 cnt 0.8467 | shared_pairs det_seg 120/288 det_cnt 90/288 seg_cnt 78/288 | scores det_seg 4.6014 det_cnt 2.8866 seg_cnt 1.2830
[stage2] epoch 39/50 step 3 | loss 4.5905 | train det 0.0464 seg 0.0897 cnt 3.1765 | shared_pairs det_seg 99/288 det_cnt 108/288 seg_cnt 81/288 | scores det_seg -2.8063 det_cnt -0.5272 seg_cnt -2.1830
[stage2] epoch 39/50 step 4 | loss 2.9441 | train det 0.0051 seg 0.1189 cnt 1.9163 | shared_pairs det_seg 101/288 det_cnt 110/288 seg_cnt 77/288 | scores det_seg -1.4205 det_cnt 0.1592 seg_cnt -0.5176
[stage2] epoch 39/50 step 5 | loss 3.4419 | train det 0.0441 seg 0.0514 cnt 2.3685 | shared_pairs det_seg 103/288 det_cnt 83/288 seg_cnt 102/288 | scores det_seg -1.3856 det_cnt -5.2626 seg_cnt 0.7152
[stage2] epoch 39/50 step 6 | loss 2.3109 | train det 0.0186 seg 0.0682 cnt 1.4857 | shared_pairs det_seg 95/288 det_cnt 103/288 seg_cnt 90/288 | scores det_seg -3.2338 det_cnt 0.3756 seg_cnt 3.1958
[stage2] epoch 39/50 step 7 | loss 4.7391 | train det 0.0149 seg 0.0625 cnt 4.0160 | shared_pairs det_seg 115/288 det_cnt 88/288 seg_cnt 85/288 | scores det_seg 3.9455 det_cnt -0.8827 seg_cnt 3.8748
[stage2] epoch 39/50 step 8 | loss 1.4405 | train det 0.0169 seg 0.0561 cnt 0.7377 | shared_pairs det_seg 117/288 det_cnt 78/288 seg_cnt 93/288 | scores det_seg 1.2024 det_cnt -1.3620 seg_cnt 4.6495
[stage2] epoch 39/50 step 9 | loss 3.8320 | train det 0.0732 seg 0.0354 cnt 2.4504 | shared_pairs det_seg 109/288 det_cnt 112/288 seg_cnt 67/288 | scores det_seg 1.7150 det_cnt 3.9037 seg_cnt -1.9846
[stage2] epoch 39/50 step 10 | loss 3.3384 | train det 0.0430 seg 0.0483 cnt 2.3075 | shared_pairs det_seg 97/288 det_cnt 102/288 seg_cnt 89/288 | scores det_seg -1.9160 det_cnt -3.7527 seg_cnt 0.4855
[stage2] epoch 39/50 step 11 | loss 6.4487 | train det 0.0184 seg 0.0987 cnt 5.3832 | shared_pairs det_seg 109/288 det_cnt 98/288 seg_cnt 81/288 | scores det_seg 0.7071 det_cnt -7.0612 seg_cnt -1.7880
[stage2] epoch 39/50 step 12 | loss 2.3215 | train det 0.0449 seg 0.0573 cnt 1.1897 | shared_pairs det_seg 96/288 det_cnt 97/288 seg_cnt 95/288 | scores det_seg 0.0632 det_cnt 2.1474 seg_cnt 1.5563
[stage2] epoch 39/50 step 13 | loss 3.1138 | train det 0.0544 seg 0.0993 cnt 1.5039 | shared_pairs det_seg 94/288 det_cnt 95/288 seg_cnt 99/288 | scores det_seg -1.0156 det_cnt -0.8926 seg_cnt 4.7136
[stage2] epoch 39/50 step 14 | loss 2.2161 | train det 0.0486 seg 0.0267 cnt 1.2731 | shared_pairs det_seg 113/288 det_cnt 99/288 seg_cnt 76/288 | scores det_seg 3.3510 det_cnt 2.1233 seg_cnt 2.9807
[stage2] epoch 39/50 step 15 | loss 3.5245 | train det 0.0054 seg 0.0525 cnt 3.0239 | shared_pairs det_seg 108/288 det_cnt 101/288 seg_cnt 79/288 | scores det_seg -3.2667 det_cnt 2.9898 seg_cnt -3.2297
[stage2] epoch 39/50 step 16 | loss 4.6980 | train det 0.1004 seg 0.0648 cnt 2.6736 | shared_pairs det_seg 98/288 det_cnt 95/288 seg_cnt 95/288 | scores det_seg 1.1749 det_cnt 0.3528 seg_cnt 3.3333
[stage2] epoch 39/50 step 17 | loss 2.8860 | train det 0.0535 seg 0.1082 cnt 1.2174 | shared_pairs det_seg 90/288 det_cnt 128/288 seg_cnt 70/288 | scores det_seg -1.5798 det_cnt 7.2941 seg_cnt -3.0351
[stage2] epoch 39/50 step 18 | loss 3.9767 | train det 0.0214 seg 0.0598 cnt 3.1774 | shared_pairs det_seg 92/288 det_cnt 119/288 seg_cnt 77/288 | scores det_seg -0.9144 det_cnt 4.5076 seg_cnt -1.0169
[stage2] epoch 39/50 step 19 | loss 2.1821 | train det 0.0223 seg 0.0514 cnt 1.4361 | shared_pairs det_seg 111/288 det_cnt 89/288 seg_cnt 88/288 | scores det_seg 1.0301 det_cnt -1.0710 seg_cnt 3.2497
[stage2] epoch 39/50 step 20 | loss 2.1565 | train det 0.0106 seg 0.0524 cnt 1.5785 | shared_pairs det_seg 116/288 det_cnt 87/288 seg_cnt 85/288 | scores det_seg 0.8188 det_cnt -3.5516 seg_cnt -1.4160
[stage2] epoch 39/50 step 21 | loss 6.7800 | train det 0.1863 seg 0.0508 cnt 3.5799 | shared_pairs det_seg 115/288 det_cnt 93/288 seg_cnt 80/288 | scores det_seg 5.7649 det_cnt -2.2229 seg_cnt 2.4067
[stage2] epoch 39/50 step 22 | loss 3.6157 | train det 0.0901 seg 0.0514 cnt 1.8538 | shared_pairs det_seg 91/288 det_cnt 107/288 seg_cnt 90/288 | scores det_seg -1.7112 det_cnt 0.6764 seg_cnt 1.6689
[stage2] epoch 39/50 step 23 | loss 2.8031 | train det 0.0222 seg 0.1405 cnt 1.3465 | shared_pairs det_seg 109/288 det_cnt 108/288 seg_cnt 71/288 | scores det_seg -1.9757 det_cnt 3.5520 seg_cnt 1.9681
[stage2] epoch 39/50 step 24 | loss 1.5638 | train det 0.0471 seg 0.0295 cnt 0.6213 | shared_pairs det_seg 99/288 det_cnt 129/288 seg_cnt 60/288 | scores det_seg 0.2563 det_cnt 5.9803 seg_cnt -2.7909
[stage2] epoch 39/50 step 25 | loss 2.3482 | train det 0.0299 seg 0.1355 cnt 0.8151 | shared_pairs det_seg 85/288 det_cnt 122/288 seg_cnt 81/288 | scores det_seg -0.8126 det_cnt 6.5213 seg_cnt 0.4277
[stage2] epoch 39/50 step 26 | loss 1.7089 | train det 0.0134 seg 0.0732 cnt 0.9225 | shared_pairs det_seg 130/288 det_cnt 94/288 seg_cnt 64/288 | scores det_seg 6.5426 det_cnt -1.6980 seg_cnt -0.2794
[stage2] epoch 39/50 step 27 | loss 9.7928 | train det 0.3737 seg 0.1166 cnt 3.2545 | shared_pairs det_seg 108/288 det_cnt 113/288 seg_cnt 67/288 | scores det_seg 1.1858 det_cnt 1.8767 seg_cnt -5.0448
[stage2] epoch 39/50 step 28 | loss 3.3206 | train det 0.0248 seg 0.0925 cnt 2.2080 | shared_pairs det_seg 103/288 det_cnt 97/288 seg_cnt 88/288 | scores det_seg 2.2488 det_cnt 0.4725 seg_cnt -0.6719
[stage2] epoch 39/50 step 29 | loss 4.4299 | train det 0.0511 seg 0.1636 cnt 2.3537 | shared_pairs det_seg 101/288 det_cnt 104/288 seg_cnt 83/288 | scores det_seg -3.7511 det_cnt -1.6701 seg_cnt -0.8692
[stage2] epoch 39/50 step 30 | loss 2.4988 | train det 0.0601 seg 0.0414 cnt 1.2661 | shared_pairs det_seg 88/288 det_cnt 116/288 seg_cnt 84/288 | scores det_seg -2.3022 det_cnt 4.9620 seg_cnt 1.8077
[stage2] epoch 39/50 step 31 | loss 4.8501 | train det 0.0219 seg 0.0512 cnt 4.1111 | shared_pairs det_seg 106/288 det_cnt 112/288 seg_cnt 70/288 | scores det_seg -2.1662 det_cnt 5.4353 seg_cnt 0.2145
[stage2] epoch 39/50 step 32 | loss 2.4247 | train det 0.0503 seg 0.1138 cnt 0.7596 | shared_pairs det_seg 120/288 det_cnt 73/288 seg_cnt 95/288 | scores det_seg 0.9598 det_cnt -2.8404 seg_cnt 1.8790
[stage2] epoch 39/50 step 33 | loss 3.8268 | train det 0.0154 seg 0.0723 cnt 3.0174 | shared_pairs det_seg 119/288 det_cnt 100/288 seg_cnt 69/288 | scores det_seg 3.2470 det_cnt -1.2906 seg_cnt -2.7297
[stage2] epoch 39/50 step 34 | loss 4.5326 | train det 0.0630 seg 0.0496 cnt 3.1908 | shared_pairs det_seg 101/288 det_cnt 101/288 seg_cnt 86/288 | scores det_seg -1.4784 det_cnt 0.7603 seg_cnt 0.5701
[stage2] epoch 39/50 step 35 | loss 5.3685 | train det 0.0162 seg 0.0562 cnt 4.6757 | shared_pairs det_seg 97/288 det_cnt 114/288 seg_cnt 77/288 | scores det_seg -0.4288 det_cnt 1.9356 seg_cnt -0.2010
[stage2] epoch 39/50 step 36 | loss 2.1283 | train det 0.0125 seg 0.1004 cnt 1.1374 | shared_pairs det_seg 102/288 det_cnt 108/288 seg_cnt 78/288 | scores det_seg -0.2649 det_cnt 3.0491 seg_cnt -0.6102
[stage2] epoch 39/50 step 37 | loss 4.6206 | train det 0.1471 seg 0.1171 cnt 1.4763 | shared_pairs det_seg 103/288 det_cnt 108/288 seg_cnt 77/288 | scores det_seg 1.8724 det_cnt -2.9872 seg_cnt 0.8678
[stage2] epoch 39/50 step 38 | loss 4.1675 | train det 0.0823 seg 0.2079 cnt 1.2702 | shared_pairs det_seg 99/288 det_cnt 90/288 seg_cnt 99/288 | scores det_seg -1.5055 det_cnt -4.0555 seg_cnt 0.6825
[stage2] epoch 39/50 step 39 | loss 4.9297 | train det 0.0472 seg 0.0625 cnt 3.7222 | shared_pairs det_seg 109/288 det_cnt 101/288 seg_cnt 78/288 | scores det_seg -0.7733 det_cnt -1.6603 seg_cnt -2.8518
[stage2] epoch 39/50 step 40 | loss 3.5764 | train det 0.0039 seg 0.0669 cnt 2.9836 | shared_pairs det_seg 123/288 det_cnt 82/288 seg_cnt 83/288 | scores det_seg 2.5422 det_cnt 0.6550 seg_cnt 7.0941
[stage2] epoch 39/50 step 41 | loss 2.8171 | train det 0.0436 seg 0.1189 cnt 1.2125 | shared_pairs det_seg 104/288 det_cnt 100/288 seg_cnt 84/288 | scores det_seg -2.0866 det_cnt -1.8214 seg_cnt 3.7244
[stage2] epoch 39/50 step 42 | loss 3.7854 | train det 0.0274 seg 0.0796 cnt 2.7380 | shared_pairs det_seg 99/288 det_cnt 119/288 seg_cnt 70/288 | scores det_seg -0.8707 det_cnt 5.1960 seg_cnt 1.2376
[stage2] epoch 39/50 step 43 | loss 1.9721 | train det 0.0227 seg 0.0590 cnt 1.1601 | shared_pairs det_seg 112/288 det_cnt 105/288 seg_cnt 71/288 | scores det_seg 1.4587 det_cnt 0.0423 seg_cnt 0.0711
[stage2] epoch 39/50 | train 3.5868 | det 0.0535 seg 0.0792 cnt 2.1502 | selected_by_matrix_unit det_seg 4515 det_cnt 4373 seg_cnt 3496
[stage2] epoch 39 | val det 0.4984 seg 0.9538 miou 0.6552 cnt 3.3407 dens 8.281324e-01 mae 2.5126 total_mae 11.5089 | ap50 0.6588 | combo 1.712004
[stage2] epoch 40/50 step 1 | loss 2.5192 | train det 0.0131 seg 0.0467 cnt 1.9484 | shared_pairs det_seg 107/288 det_cnt 110/288 seg_cnt 71/288 | scores det_seg 4.0047 det_cnt -0.9997 seg_cnt -3.5602
[stage2] epoch 40/50 step 2 | loss 3.0700 | train det 0.1094 seg 0.1074 cnt 0.5698 | shared_pairs det_seg 121/288 det_cnt 96/288 seg_cnt 71/288 | scores det_seg -0.0142 det_cnt -3.3871 seg_cnt -3.0184
[stage2] epoch 40/50 step 3 | loss 3.6661 | train det 0.0270 seg 0.0937 cnt 2.5111 | shared_pairs det_seg 126/288 det_cnt 89/288 seg_cnt 73/288 | scores det_seg 3.6097 det_cnt -3.4299 seg_cnt -4.6914
[stage2] epoch 40/50 step 4 | loss 3.4559 | train det 0.0637 seg 0.0631 cnt 1.9960 | shared_pairs det_seg 125/288 det_cnt 96/288 seg_cnt 67/288 | scores det_seg 7.0374 det_cnt 1.6702 seg_cnt -6.1789
[stage2] epoch 40/50 step 5 | loss 4.2371 | train det 0.1933 seg 0.0804 cnt 0.6953 | shared_pairs det_seg 95/288 det_cnt 113/288 seg_cnt 80/288 | scores det_seg -0.2991 det_cnt 2.6174 seg_cnt 0.0912
[stage2] epoch 40/50 step 6 | loss 4.4336 | train det 0.0135 seg 0.1343 cnt 3.1557 | shared_pairs det_seg 104/288 det_cnt 111/288 seg_cnt 73/288 | scores det_seg 2.8325 det_cnt 2.8361 seg_cnt 0.7677
[stage2] epoch 40/50 step 7 | loss 3.9170 | train det 0.1204 seg 0.1149 cnt 1.1908 | shared_pairs det_seg 115/288 det_cnt 103/288 seg_cnt 70/288 | scores det_seg 3.0987 det_cnt 5.1161 seg_cnt 0.9567
[stage2] epoch 40/50 step 8 | loss 1.9390 | train det 0.0197 seg 0.0380 cnt 1.3397 | shared_pairs det_seg 109/288 det_cnt 98/288 seg_cnt 81/288 | scores det_seg -2.0611 det_cnt 0.7373 seg_cnt 1.0390
[stage2] epoch 40/50 step 9 | loss 2.2726 | train det 0.0302 seg 0.0912 cnt 1.0902 | shared_pairs det_seg 104/288 det_cnt 111/288 seg_cnt 73/288 | scores det_seg 1.0491 det_cnt 1.1918 seg_cnt -2.1685
[stage2] epoch 40/50 step 10 | loss 3.2155 | train det 0.0356 seg 0.0370 cnt 2.3855 | shared_pairs det_seg 101/288 det_cnt 98/288 seg_cnt 89/288 | scores det_seg 1.3676 det_cnt -1.5425 seg_cnt -2.3122
[stage2] epoch 40/50 step 11 | loss 3.4189 | train det 0.0059 seg 0.0937 cnt 2.5798 | shared_pairs det_seg 110/288 det_cnt 102/288 seg_cnt 76/288 | scores det_seg 1.0816 det_cnt -2.3816 seg_cnt -0.1252
[stage2] epoch 40/50 step 12 | loss 2.7210 | train det 0.0150 seg 0.1044 cnt 1.6610 | shared_pairs det_seg 124/288 det_cnt 92/288 seg_cnt 72/288 | scores det_seg 4.6865 det_cnt -1.0241 seg_cnt -1.9726
[stage2] epoch 40/50 step 13 | loss 2.8136 | train det 0.0255 seg 0.1112 cnt 1.5416 | shared_pairs det_seg 96/288 det_cnt 119/288 seg_cnt 73/288 | scores det_seg -2.3814 det_cnt 5.1577 seg_cnt -2.5080
[stage2] epoch 40/50 step 14 | loss 3.7932 | train det 0.0511 seg 0.0722 cnt 2.4489 | shared_pairs det_seg 104/288 det_cnt 109/288 seg_cnt 75/288 | scores det_seg 0.0341 det_cnt 4.8976 seg_cnt 2.3357
[stage2] epoch 40/50 step 15 | loss 1.1974 | train det 0.0115 seg 0.0786 cnt 0.3960 | shared_pairs det_seg 115/288 det_cnt 100/288 seg_cnt 73/288 | scores det_seg -2.9252 det_cnt -0.5417 seg_cnt -3.4594
[stage2] epoch 40/50 step 16 | loss 5.0416 | train det 0.0411 seg 0.0908 cnt 3.6976 | shared_pairs det_seg 108/288 det_cnt 95/288 seg_cnt 85/288 | scores det_seg 1.9639 det_cnt 1.5816 seg_cnt -0.5613
[stage2] epoch 40/50 step 17 | loss 2.4866 | train det 0.0140 seg 0.0707 cnt 1.7107 | shared_pairs det_seg 110/288 det_cnt 98/288 seg_cnt 80/288 | scores det_seg -0.4173 det_cnt 3.0140 seg_cnt -2.4826
[stage2] epoch 40/50 step 18 | loss 4.0225 | train det 0.0411 seg 0.0902 cnt 2.6848 | shared_pairs det_seg 108/288 det_cnt 89/288 seg_cnt 91/288 | scores det_seg 3.5529 det_cnt -1.0290 seg_cnt 3.4119
[stage2] epoch 40/50 step 19 | loss 4.5229 | train det 0.0469 seg 0.1564 cnt 2.5691 | shared_pairs det_seg 100/288 det_cnt 100/288 seg_cnt 88/288 | scores det_seg -1.8326 det_cnt -3.0928 seg_cnt 0.7845
[stage2] epoch 40/50 step 20 | loss 1.8633 | train det 0.0131 seg 0.1345 cnt 0.5913 | shared_pairs det_seg 89/288 det_cnt 103/288 seg_cnt 96/288 | scores det_seg -2.6853 det_cnt -0.6908 seg_cnt 2.7293
[stage2] epoch 40/50 step 21 | loss 1.4615 | train det 0.0207 seg 0.0846 cnt 0.4746 | shared_pairs det_seg 88/288 det_cnt 116/288 seg_cnt 84/288 | scores det_seg -2.4012 det_cnt 3.8488 seg_cnt -0.5031
[stage2] epoch 40/50 step 22 | loss 1.5907 | train det 0.0175 seg 0.0435 cnt 0.9794 | shared_pairs det_seg 95/288 det_cnt 110/288 seg_cnt 83/288 | scores det_seg -1.4058 det_cnt 4.0526 seg_cnt 2.3373
[stage2] epoch 40/50 step 23 | loss 3.8624 | train det 0.0219 seg 0.0644 cnt 3.0183 | shared_pairs det_seg 129/288 det_cnt 96/288 seg_cnt 63/288 | scores det_seg 2.5252 det_cnt -2.2345 seg_cnt -5.1587
[stage2] epoch 40/50 step 24 | loss 1.1388 | train det 0.0073 seg 0.0387 cnt 0.7194 | shared_pairs det_seg 103/288 det_cnt 110/288 seg_cnt 75/288 | scores det_seg 0.9839 det_cnt 3.1802 seg_cnt -3.1556
[stage2] epoch 40/50 step 25 | loss 3.7852 | train det 0.0250 seg 0.1850 cnt 1.9307 | shared_pairs det_seg 125/288 det_cnt 97/288 seg_cnt 66/288 | scores det_seg 2.8337 det_cnt -2.7250 seg_cnt -3.6368
[stage2] epoch 40/50 step 26 | loss 1.3360 | train det 0.0220 seg 0.0550 cnt 0.5667 | shared_pairs det_seg 111/288 det_cnt 91/288 seg_cnt 86/288 | scores det_seg 3.2615 det_cnt 1.5062 seg_cnt -0.1850
[stage2] epoch 40/50 step 27 | loss 4.2678 | train det 0.0149 seg 0.2040 cnt 2.4120 | shared_pairs det_seg 109/288 det_cnt 89/288 seg_cnt 90/288 | scores det_seg -0.0151 det_cnt -2.7184 seg_cnt 5.6785
[stage2] epoch 40/50 step 28 | loss 3.4267 | train det 0.0420 seg 0.1727 cnt 1.4149 | shared_pairs det_seg 115/288 det_cnt 95/288 seg_cnt 78/288 | scores det_seg -0.9113 det_cnt -3.6505 seg_cnt -2.1847
[stage2] epoch 40/50 step 29 | loss 3.2026 | train det 0.1143 seg 0.0981 cnt 0.7034 | shared_pairs det_seg 103/288 det_cnt 122/288 seg_cnt 63/288 | scores det_seg -1.4952 det_cnt 3.9996 seg_cnt -0.1940
[stage2] epoch 40/50 step 30 | loss 3.3833 | train det 0.0075 seg 0.0413 cnt 2.9408 | shared_pairs det_seg 92/288 det_cnt 120/288 seg_cnt 76/288 | scores det_seg 1.4252 det_cnt 6.5303 seg_cnt 0.4388
[stage2] epoch 40/50 step 31 | loss 2.3716 | train det 0.0234 seg 0.0917 cnt 1.2864 | shared_pairs det_seg 91/288 det_cnt 96/288 seg_cnt 101/288 | scores det_seg -3.8622 det_cnt -4.3673 seg_cnt 3.6055
[stage2] epoch 40/50 step 32 | loss 2.1242 | train det 0.0067 seg 0.0899 cnt 1.3045 | shared_pairs det_seg 110/288 det_cnt 102/288 seg_cnt 76/288 | scores det_seg 2.5511 det_cnt -1.3456 seg_cnt -0.0041
[stage2] epoch 40/50 step 33 | loss 1.9226 | train det 0.0179 seg 0.0710 cnt 1.0869 | shared_pairs det_seg 111/288 det_cnt 95/288 seg_cnt 82/288 | scores det_seg -0.0977 det_cnt -1.8302 seg_cnt 2.5420
[stage2] epoch 40/50 step 34 | loss 3.6300 | train det 0.0319 seg 0.1015 cnt 2.3398 | shared_pairs det_seg 101/288 det_cnt 107/288 seg_cnt 80/288 | scores det_seg -3.3826 det_cnt 1.2435 seg_cnt -2.2555
[stage2] epoch 40/50 step 35 | loss 3.8849 | train det 0.0155 seg 0.1229 cnt 2.6687 | shared_pairs det_seg 95/288 det_cnt 113/288 seg_cnt 80/288 | scores det_seg -1.7565 det_cnt 3.1778 seg_cnt -2.3585
[stage2] epoch 40/50 step 36 | loss 2.2181 | train det 0.0137 seg 0.0368 cnt 1.7175 | shared_pairs det_seg 87/288 det_cnt 123/288 seg_cnt 78/288 | scores det_seg -3.2981 det_cnt 4.1740 seg_cnt -2.8880
[stage2] epoch 40/50 step 37 | loss 1.8682 | train det 0.0102 seg 0.0479 cnt 1.3325 | shared_pairs det_seg 99/288 det_cnt 102/288 seg_cnt 87/288 | scores det_seg -1.3462 det_cnt -1.0752 seg_cnt 1.4784
[stage2] epoch 40/50 step 38 | loss 5.0075 | train det 0.1402 seg 0.0997 cnt 2.1071 | shared_pairs det_seg 113/288 det_cnt 105/288 seg_cnt 70/288 | scores det_seg 0.2105 det_cnt -0.2105 seg_cnt -2.7777
[stage2] epoch 40/50 step 39 | loss 2.3977 | train det 0.0225 seg 0.2107 cnt 0.3750 | shared_pairs det_seg 111/288 det_cnt 95/288 seg_cnt 82/288 | scores det_seg -0.0314 det_cnt 0.0199 seg_cnt 0.9067
[stage2] epoch 40/50 step 40 | loss 4.2081 | train det 0.0522 seg 0.0580 cnt 2.9613 | shared_pairs det_seg 98/288 det_cnt 100/288 seg_cnt 90/288 | scores det_seg -1.4614 det_cnt 2.0923 seg_cnt 1.0561
[stage2] epoch 40/50 step 41 | loss 5.0165 | train det 0.1984 seg 0.0632 cnt 1.5347 | shared_pairs det_seg 113/288 det_cnt 96/288 seg_cnt 79/288 | scores det_seg 1.1230 det_cnt -4.1898 seg_cnt -2.1974
[stage2] epoch 40/50 step 42 | loss 3.3854 | train det 0.0195 seg 0.0756 cnt 2.4882 | shared_pairs det_seg 106/288 det_cnt 79/288 seg_cnt 103/288 | scores det_seg 0.6441 det_cnt -2.4787 seg_cnt 3.7317
[stage2] epoch 40/50 step 43 | loss 4.7533 | train det 0.1271 seg 0.0760 cnt 2.2387 | shared_pairs det_seg 113/288 det_cnt 95/288 seg_cnt 80/288 | scores det_seg 0.7265 det_cnt 1.1587 seg_cnt 1.4936
[stage2] epoch 40/50 | train 3.1360 | det 0.0433 seg 0.0917 cnt 1.7527 | selected_by_matrix_unit det_seg 4589 det_cnt 4386 seg_cnt 3409
[stage2] epoch 40 | val det 0.5030 seg 0.9544 miou 0.6557 cnt 3.3059 dens 8.273777e-01 mae 2.4785 total_mae 11.7031 | ap50 0.6577 | combo 1.716872
[stage2] epoch 41/50 step 1 | loss 2.3509 | train det 0.0634 seg 0.1126 cnt 0.4984 | shared_pairs det_seg 116/288 det_cnt 93/288 seg_cnt 79/288 | scores det_seg -0.3808 det_cnt 4.4286 seg_cnt -1.0572
[stage2] epoch 41/50 step 2 | loss 1.8549 | train det 0.0191 seg 0.0659 cnt 1.0414 | shared_pairs det_seg 113/288 det_cnt 116/288 seg_cnt 59/288 | scores det_seg 2.1032 det_cnt 0.7252 seg_cnt -2.2719
[stage2] epoch 41/50 step 3 | loss 2.3642 | train det 0.0379 seg 0.0829 cnt 1.1318 | shared_pairs det_seg 102/288 det_cnt 108/288 seg_cnt 78/288 | scores det_seg -3.1830 det_cnt -0.3531 seg_cnt 0.2591
[stage2] epoch 41/50 step 4 | loss 3.2219 | train det 0.0453 seg 0.1379 cnt 1.4402 | shared_pairs det_seg 92/288 det_cnt 98/288 seg_cnt 98/288 | scores det_seg -2.4302 det_cnt 1.8569 seg_cnt 1.9780
[stage2] epoch 41/50 step 5 | loss 2.5580 | train det 0.0509 seg 0.0862 cnt 1.1058 | shared_pairs det_seg 88/288 det_cnt 116/288 seg_cnt 84/288 | scores det_seg -2.8165 det_cnt 1.9468 seg_cnt 4.1671
[stage2] epoch 41/50 step 6 | loss 4.0702 | train det 0.0344 seg 0.0888 cnt 2.8430 | shared_pairs det_seg 99/288 det_cnt 98/288 seg_cnt 91/288 | scores det_seg -0.5026 det_cnt -2.0802 seg_cnt 3.1967
[stage2] epoch 41/50 step 7 | loss 1.0368 | train det 0.0135 seg 0.0484 cnt 0.4461 | shared_pairs det_seg 108/288 det_cnt 109/288 seg_cnt 71/288 | scores det_seg 0.4164 det_cnt 4.7229 seg_cnt -2.4265
[stage2] epoch 41/50 step 8 | loss 2.0997 | train det 0.0712 seg 0.0087 cnt 0.9625 | shared_pairs det_seg 107/288 det_cnt 104/288 seg_cnt 77/288 | scores det_seg -0.3008 det_cnt 3.0174 seg_cnt -0.8003
[stage2] epoch 41/50 step 9 | loss 4.0419 | train det 0.0213 seg 0.1916 cnt 2.1889 | shared_pairs det_seg 99/288 det_cnt 96/288 seg_cnt 93/288 | scores det_seg -3.6740 det_cnt -1.7029 seg_cnt 1.9601
[stage2] epoch 41/50 step 10 | loss 3.1543 | train det 0.0195 seg 0.1264 cnt 1.8500 | shared_pairs det_seg 85/288 det_cnt 130/288 seg_cnt 73/288 | scores det_seg -2.0057 det_cnt 6.4986 seg_cnt 1.0781
[stage2] epoch 41/50 step 11 | loss 2.5912 | train det 0.0067 seg 0.0827 cnt 1.8289 | shared_pairs det_seg 87/288 det_cnt 135/288 seg_cnt 66/288 | scores det_seg -1.5502 det_cnt 1.8239 seg_cnt -4.0581
[stage2] epoch 41/50 step 12 | loss 3.8794 | train det 0.1272 seg 0.0808 cnt 1.3244 | shared_pairs det_seg 95/288 det_cnt 106/288 seg_cnt 87/288 | scores det_seg -0.7415 det_cnt 0.4295 seg_cnt 1.5492
[stage2] epoch 41/50 step 13 | loss 3.6946 | train det 0.0396 seg 0.1884 cnt 1.5931 | shared_pairs det_seg 89/288 det_cnt 113/288 seg_cnt 86/288 | scores det_seg -0.2240 det_cnt 2.3969 seg_cnt -0.1168
[stage2] epoch 41/50 step 14 | loss 3.5623 | train det 0.0495 seg 0.0707 cnt 2.2542 | shared_pairs det_seg 90/288 det_cnt 115/288 seg_cnt 83/288 | scores det_seg -2.0212 det_cnt 0.6160 seg_cnt 1.6133
[stage2] epoch 41/50 step 15 | loss 2.0079 | train det 0.0400 seg 0.0541 cnt 0.9745 | shared_pairs det_seg 113/288 det_cnt 100/288 seg_cnt 75/288 | scores det_seg 0.1066 det_cnt -0.6809 seg_cnt -1.0872
[stage2] epoch 41/50 step 16 | loss 2.9888 | train det 0.1070 seg 0.0531 cnt 0.9588 | shared_pairs det_seg 100/288 det_cnt 113/288 seg_cnt 75/288 | scores det_seg -1.7018 det_cnt 0.1856 seg_cnt -2.7580
[stage2] epoch 41/50 step 17 | loss 3.3317 | train det 0.1066 seg 0.0401 cnt 1.4118 | shared_pairs det_seg 103/288 det_cnt 100/288 seg_cnt 85/288 | scores det_seg -0.9370 det_cnt -1.4551 seg_cnt 2.1041
[stage2] epoch 41/50 step 18 | loss 2.2778 | train det 0.0288 seg 0.1056 cnt 1.0006 | shared_pairs det_seg 98/288 det_cnt 115/288 seg_cnt 75/288 | scores det_seg -0.3988 det_cnt 6.9720 seg_cnt -2.9288
[stage2] epoch 41/50 step 19 | loss 3.6219 | train det 0.0807 seg 0.0738 cnt 1.8206 | shared_pairs det_seg 104/288 det_cnt 92/288 seg_cnt 92/288 | scores det_seg 0.9176 det_cnt -0.8758 seg_cnt 1.8346
[stage2] epoch 41/50 step 20 | loss 2.3738 | train det 0.0313 seg 0.0526 cnt 1.4828 | shared_pairs det_seg 96/288 det_cnt 121/288 seg_cnt 71/288 | scores det_seg -4.4273 det_cnt 2.5989 seg_cnt -1.3107
[stage2] epoch 41/50 step 21 | loss 4.0258 | train det 0.1870 seg 0.0316 cnt 0.9677 | shared_pairs det_seg 105/288 det_cnt 107/288 seg_cnt 76/288 | scores det_seg -0.9147 det_cnt 0.8914 seg_cnt 2.2276
[stage2] epoch 41/50 step 22 | loss 2.9427 | train det 0.1400 seg 0.0577 cnt 0.3817 | shared_pairs det_seg 106/288 det_cnt 90/288 seg_cnt 92/288 | scores det_seg 0.2181 det_cnt -1.6418 seg_cnt 0.6351
[stage2] epoch 41/50 step 23 | loss 2.9313 | train det 0.0168 seg 0.1245 cnt 1.6836 | shared_pairs det_seg 120/288 det_cnt 90/288 seg_cnt 78/288 | scores det_seg 1.0335 det_cnt 1.7428 seg_cnt -1.3706
[stage2] epoch 41/50 step 24 | loss 1.1947 | train det 0.0088 seg 0.0533 cnt 0.6372 | shared_pairs det_seg 127/288 det_cnt 92/288 seg_cnt 69/288 | scores det_seg 3.9899 det_cnt 0.5172 seg_cnt -1.2330
[stage2] epoch 41/50 step 25 | loss 1.8461 | train det 0.0333 seg 0.1058 cnt 0.4995 | shared_pairs det_seg 112/288 det_cnt 114/288 seg_cnt 62/288 | scores det_seg 0.6940 det_cnt -0.1199 seg_cnt -2.4033
[stage2] epoch 41/50 step 26 | loss 2.3952 | train det 0.0475 seg 0.0776 cnt 1.0618 | shared_pairs det_seg 93/288 det_cnt 114/288 seg_cnt 81/288 | scores det_seg -0.5789 det_cnt 2.4900 seg_cnt 0.6867
[stage2] epoch 41/50 step 27 | loss 2.1940 | train det 0.0273 seg 0.0974 cnt 1.0053 | shared_pairs det_seg 109/288 det_cnt 97/288 seg_cnt 82/288 | scores det_seg 0.6572 det_cnt -2.1918 seg_cnt 2.5319
[stage2] epoch 41/50 step 28 | loss 2.5502 | train det 0.0167 seg 0.0646 cnt 1.7831 | shared_pairs det_seg 112/288 det_cnt 98/288 seg_cnt 78/288 | scores det_seg 2.9701 det_cnt 1.9905 seg_cnt -1.9054
[stage2] epoch 41/50 step 29 | loss 2.1702 | train det 0.0173 seg 0.0691 cnt 1.3574 | shared_pairs det_seg 113/288 det_cnt 108/288 seg_cnt 67/288 | scores det_seg 1.4535 det_cnt 0.8206 seg_cnt -1.2381
[stage2] epoch 41/50 step 30 | loss 3.1128 | train det 0.0093 seg 0.0434 cnt 2.6261 | shared_pairs det_seg 103/288 det_cnt 110/288 seg_cnt 75/288 | scores det_seg 0.4206 det_cnt 2.5531 seg_cnt -1.9108
[stage2] epoch 41/50 step 31 | loss 1.5973 | train det 0.0275 seg 0.0992 cnt 0.3920 | shared_pairs det_seg 111/288 det_cnt 106/288 seg_cnt 71/288 | scores det_seg -0.7609 det_cnt 0.3041 seg_cnt 0.4647
[stage2] epoch 41/50 step 32 | loss 2.0382 | train det 0.0151 seg 0.1044 cnt 0.9759 | shared_pairs det_seg 101/288 det_cnt 92/288 seg_cnt 95/288 | scores det_seg 0.3625 det_cnt -0.7170 seg_cnt 1.0253
[stage2] epoch 41/50 step 33 | loss 3.1470 | train det 0.0231 seg 0.1073 cnt 1.9424 | shared_pairs det_seg 105/288 det_cnt 99/288 seg_cnt 84/288 | scores det_seg 0.0839 det_cnt -1.5593 seg_cnt 0.7508
[stage2] epoch 41/50 step 34 | loss 2.9109 | train det 0.0226 seg 0.0957 cnt 1.8070 | shared_pairs det_seg 123/288 det_cnt 84/288 seg_cnt 81/288 | scores det_seg 3.2209 det_cnt -4.4101 seg_cnt -4.3883
[stage2] epoch 41/50 step 35 | loss 2.8730 | train det 0.0265 seg 0.0841 cnt 1.8026 | shared_pairs det_seg 100/288 det_cnt 97/288 seg_cnt 91/288 | scores det_seg -2.5769 det_cnt -0.6703 seg_cnt 2.3105
[stage2] epoch 41/50 step 36 | loss 3.7692 | train det 0.1036 seg 0.1029 cnt 1.3924 | shared_pairs det_seg 104/288 det_cnt 105/288 seg_cnt 79/288 | scores det_seg 0.5915 det_cnt -3.9942 seg_cnt -4.9042
[stage2] epoch 41/50 step 37 | loss 2.8241 | train det 0.0520 seg 0.0656 cnt 1.5187 | shared_pairs det_seg 101/288 det_cnt 104/288 seg_cnt 83/288 | scores det_seg 0.0067 det_cnt -0.9973 seg_cnt 0.1989
[stage2] epoch 41/50 step 38 | loss 3.4976 | train det 0.0369 seg 0.0820 cnt 2.2884 | shared_pairs det_seg 96/288 det_cnt 115/288 seg_cnt 77/288 | scores det_seg -0.4694 det_cnt 0.9514 seg_cnt 0.5747
[stage2] epoch 41/50 step 39 | loss 2.0114 | train det 0.0452 seg 0.0619 cnt 0.8383 | shared_pairs det_seg 107/288 det_cnt 116/288 seg_cnt 65/288 | scores det_seg -2.7319 det_cnt 0.9864 seg_cnt -6.4282
[stage2] epoch 41/50 step 40 | loss 2.0685 | train det 0.0440 seg 0.0633 cnt 0.9017 | shared_pairs det_seg 100/288 det_cnt 102/288 seg_cnt 86/288 | scores det_seg -3.1143 det_cnt 4.4010 seg_cnt -1.6790
[stage2] epoch 41/50 step 41 | loss 2.4977 | train det 0.0359 seg 0.0645 cnt 1.4431 | shared_pairs det_seg 86/288 det_cnt 129/288 seg_cnt 73/288 | scores det_seg -1.4577 det_cnt 6.0305 seg_cnt -1.3755
[stage2] epoch 41/50 step 42 | loss 1.9157 | train det 0.0373 seg 0.0483 cnt 0.9705 | shared_pairs det_seg 101/288 det_cnt 110/288 seg_cnt 77/288 | scores det_seg 0.2617 det_cnt 2.3426 seg_cnt 1.5051
[stage2] epoch 41/50 step 43 | loss 2.8267 | train det 0.0295 seg 0.0588 cnt 1.9146 | shared_pairs det_seg 126/288 det_cnt 67/288 seg_cnt 95/288 | scores det_seg 2.1583 det_cnt -8.7845 seg_cnt 1.7654
[stage2] epoch 41/50 | train 2.7075 | det 0.0464 seg 0.0817 cnt 1.3570 | selected_by_matrix_unit det_seg 4445 det_cnt 4524 seg_cnt 3415
[stage2] epoch 41 | val det 0.5170 seg 0.9568 miou 0.6568 cnt 3.2982 dens 8.264332e-01 mae 2.4717 total_mae 11.4871 | ap50 0.6621 | combo 1.723409
[stage2] epoch 42/50 step 1 | loss 2.7641 | train det 0.0671 seg 0.0608 cnt 1.2705 | shared_pairs det_seg 95/288 det_cnt 111/288 seg_cnt 82/288 | scores det_seg -0.5199 det_cnt -0.7023 seg_cnt 0.1175
[stage2] epoch 42/50 step 2 | loss 2.8881 | train det 0.0681 seg 0.0900 cnt 1.1474 | shared_pairs det_seg 113/288 det_cnt 104/288 seg_cnt 71/288 | scores det_seg 0.3772 det_cnt -0.3911 seg_cnt -3.7570
[stage2] epoch 42/50 step 3 | loss 2.8589 | train det 0.1081 seg 0.0648 cnt 0.7185 | shared_pairs det_seg 109/288 det_cnt 95/288 seg_cnt 84/288 | scores det_seg -1.2784 det_cnt -0.7422 seg_cnt -1.4241
[stage2] epoch 42/50 step 4 | loss 6.2688 | train det 0.3184 seg 0.1079 cnt 0.6296 | shared_pairs det_seg 111/288 det_cnt 87/288 seg_cnt 90/288 | scores det_seg -0.8017 det_cnt -2.3987 seg_cnt 0.6356
[stage2] epoch 42/50 step 5 | loss 1.7393 | train det 0.0321 seg 0.0719 cnt 0.6820 | shared_pairs det_seg 109/288 det_cnt 114/288 seg_cnt 65/288 | scores det_seg 0.1760 det_cnt 1.4325 seg_cnt -1.9674
[stage2] epoch 42/50 step 6 | loss 1.4857 | train det 0.0553 seg 0.0423 cnt 0.3176 | shared_pairs det_seg 107/288 det_cnt 100/288 seg_cnt 81/288 | scores det_seg 3.4745 det_cnt -3.8514 seg_cnt -0.3866
[stage2] epoch 42/50 step 7 | loss 2.1249 | train det 0.0047 seg 0.0590 cnt 1.5822 | shared_pairs det_seg 107/288 det_cnt 108/288 seg_cnt 73/288 | scores det_seg 2.0029 det_cnt -0.8333 seg_cnt 1.3162
[stage2] epoch 42/50 step 8 | loss 3.7005 | train det 0.0399 seg 0.0328 cnt 2.8395 | shared_pairs det_seg 95/288 det_cnt 109/288 seg_cnt 84/288 | scores det_seg -0.6853 det_cnt 3.9380 seg_cnt 2.1724
[stage2] epoch 42/50 step 9 | loss 2.6231 | train det 0.0165 seg 0.0958 cnt 1.6081 | shared_pairs det_seg 106/288 det_cnt 101/288 seg_cnt 81/288 | scores det_seg 0.2269 det_cnt 3.1978 seg_cnt 1.9467
[stage2] epoch 42/50 step 10 | loss 3.6338 | train det 0.0897 seg 0.0576 cnt 1.8280 | shared_pairs det_seg 100/288 det_cnt 126/288 seg_cnt 62/288 | scores det_seg -1.3836 det_cnt 6.3714 seg_cnt -10.3561
[stage2] epoch 42/50 step 11 | loss 4.4077 | train det 0.0143 seg 0.1282 cnt 3.1667 | shared_pairs det_seg 107/288 det_cnt 105/288 seg_cnt 76/288 | scores det_seg 0.2474 det_cnt -1.0393 seg_cnt -1.1520
[stage2] epoch 42/50 step 12 | loss 2.0606 | train det 0.0117 seg 0.0734 cnt 1.2983 | shared_pairs det_seg 97/288 det_cnt 101/288 seg_cnt 90/288 | scores det_seg -2.2444 det_cnt -2.5732 seg_cnt -1.9674
[stage2] epoch 42/50 step 13 | loss 2.3088 | train det 0.0453 seg 0.0739 cnt 1.0381 | shared_pairs det_seg 99/288 det_cnt 107/288 seg_cnt 82/288 | scores det_seg 0.5063 det_cnt 3.7412 seg_cnt 2.4913
[stage2] epoch 42/50 step 14 | loss 4.2640 | train det 0.0957 seg 0.0284 cnt 2.6018 | shared_pairs det_seg 98/288 det_cnt 110/288 seg_cnt 80/288 | scores det_seg -0.0528 det_cnt -0.6054 seg_cnt -1.7774
[stage2] epoch 42/50 step 15 | loss 2.9110 | train det 0.0389 seg 0.2631 cnt 0.2236 | shared_pairs det_seg 81/288 det_cnt 108/288 seg_cnt 99/288 | scores det_seg -4.7426 det_cnt 3.3182 seg_cnt 1.6124
[stage2] epoch 42/50 step 16 | loss 1.3658 | train det 0.0077 seg 0.0388 cnt 0.9401 | shared_pairs det_seg 87/288 det_cnt 110/288 seg_cnt 91/288 | scores det_seg 1.2441 det_cnt 5.6215 seg_cnt 1.7324
[stage2] epoch 42/50 step 17 | loss 3.6921 | train det 0.0134 seg 0.0525 cnt 3.0710 | shared_pairs det_seg 99/288 det_cnt 99/288 seg_cnt 90/288 | scores det_seg -1.0098 det_cnt 0.4162 seg_cnt 4.9013
[stage2] epoch 42/50 step 18 | loss 2.7645 | train det 0.0445 seg 0.1195 cnt 1.1406 | shared_pairs det_seg 99/288 det_cnt 97/288 seg_cnt 92/288 | scores det_seg -1.1174 det_cnt -1.9398 seg_cnt 1.4341
[stage2] epoch 42/50 step 19 | loss 1.8247 | train det 0.0207 seg 0.0674 cnt 0.9750 | shared_pairs det_seg 93/288 det_cnt 106/288 seg_cnt 89/288 | scores det_seg -4.8518 det_cnt -0.6577 seg_cnt -3.5355
[stage2] epoch 42/50 step 20 | loss 4.5890 | train det 0.0282 seg 0.1112 cnt 3.2758 | shared_pairs det_seg 101/288 det_cnt 106/288 seg_cnt 81/288 | scores det_seg -2.9166 det_cnt 0.2464 seg_cnt -0.3116
[stage2] epoch 42/50 step 21 | loss 2.9153 | train det 0.0365 seg 0.0913 cnt 1.6376 | shared_pairs det_seg 102/288 det_cnt 88/288 seg_cnt 98/288 | scores det_seg 1.1697 det_cnt 1.4369 seg_cnt 5.7931
[stage2] epoch 42/50 step 22 | loss 2.0151 | train det 0.0160 seg 0.0939 cnt 1.0230 | shared_pairs det_seg 88/288 det_cnt 103/288 seg_cnt 97/288 | scores det_seg -1.0854 det_cnt 6.0056 seg_cnt 2.7451
[stage2] epoch 42/50 step 23 | loss 4.1309 | train det 0.0205 seg 0.0840 cnt 3.1519 | shared_pairs det_seg 103/288 det_cnt 93/288 seg_cnt 92/288 | scores det_seg 2.1931 det_cnt -0.1600 seg_cnt 4.5103
[stage2] epoch 42/50 step 24 | loss 2.2435 | train det 0.0188 seg 0.0706 cnt 1.3976 | shared_pairs det_seg 113/288 det_cnt 94/288 seg_cnt 81/288 | scores det_seg -0.5560 det_cnt 1.3144 seg_cnt 1.2315
[stage2] epoch 42/50 step 25 | loss 2.3405 | train det 0.0106 seg 0.1093 cnt 1.3064 | shared_pairs det_seg 105/288 det_cnt 101/288 seg_cnt 82/288 | scores det_seg -0.5260 det_cnt 4.4718 seg_cnt 1.0012
[stage2] epoch 42/50 step 26 | loss 2.0708 | train det 0.0271 seg 0.0662 cnt 1.1344 | shared_pairs det_seg 104/288 det_cnt 113/288 seg_cnt 71/288 | scores det_seg -3.1312 det_cnt 3.3253 seg_cnt -4.5159
[stage2] epoch 42/50 step 27 | loss 2.1362 | train det 0.0397 seg 0.1073 cnt 0.6822 | shared_pairs det_seg 97/288 det_cnt 101/288 seg_cnt 90/288 | scores det_seg 3.2882 det_cnt 3.9142 seg_cnt 4.1053
[stage2] epoch 42/50 step 28 | loss 1.5602 | train det 0.0591 seg 0.0271 cnt 0.4577 | shared_pairs det_seg 120/288 det_cnt 89/288 seg_cnt 79/288 | scores det_seg 0.5214 det_cnt -2.6606 seg_cnt 2.4863
[stage2] epoch 42/50 step 29 | loss 2.0159 | train det 0.0168 seg 0.1513 cnt 0.5530 | shared_pairs det_seg 92/288 det_cnt 101/288 seg_cnt 95/288 | scores det_seg -1.9851 det_cnt 0.3378 seg_cnt 2.8898
[stage2] epoch 42/50 step 30 | loss 1.8406 | train det 0.0199 seg 0.1633 cnt 0.2354 | shared_pairs det_seg 114/288 det_cnt 87/288 seg_cnt 87/288 | scores det_seg 2.1222 det_cnt -5.8325 seg_cnt 2.1837
[stage2] epoch 42/50 step 31 | loss 2.6285 | train det 0.0146 seg 0.1109 cnt 1.5234 | shared_pairs det_seg 109/288 det_cnt 74/288 seg_cnt 105/288 | scores det_seg 0.1242 det_cnt -2.7840 seg_cnt 6.1065
[stage2] epoch 42/50 step 32 | loss 3.1462 | train det 0.0189 seg 0.0410 cnt 2.5351 | shared_pairs det_seg 102/288 det_cnt 102/288 seg_cnt 84/288 | scores det_seg -1.9239 det_cnt -2.0707 seg_cnt -0.0464
[stage2] epoch 42/50 step 33 | loss 2.4553 | train det 0.0168 seg 0.0734 cnt 1.6154 | shared_pairs det_seg 98/288 det_cnt 113/288 seg_cnt 77/288 | scores det_seg -3.0891 det_cnt 1.7694 seg_cnt -1.0465
[stage2] epoch 42/50 step 34 | loss 2.6630 | train det 0.0338 seg 0.0672 cnt 1.6190 | shared_pairs det_seg 103/288 det_cnt 103/288 seg_cnt 82/288 | scores det_seg -1.5403 det_cnt 1.5395 seg_cnt -1.8952
[stage2] epoch 42/50 step 35 | loss 4.3816 | train det 0.0993 seg 0.0807 cnt 2.2464 | shared_pairs det_seg 119/288 det_cnt 97/288 seg_cnt 72/288 | scores det_seg 1.5669 det_cnt -3.9316 seg_cnt -2.9409
[stage2] epoch 42/50 step 36 | loss 2.5009 | train det 0.0788 seg 0.0315 cnt 1.0670 | shared_pairs det_seg 99/288 det_cnt 97/288 seg_cnt 92/288 | scores det_seg -2.8770 det_cnt -2.4899 seg_cnt 3.0973
[stage2] epoch 42/50 step 37 | loss 2.8120 | train det 0.0509 seg 0.0745 cnt 1.4519 | shared_pairs det_seg 99/288 det_cnt 117/288 seg_cnt 72/288 | scores det_seg 0.5849 det_cnt 7.2816 seg_cnt 0.2601
[stage2] epoch 42/50 step 38 | loss 4.3343 | train det 0.0857 seg 0.0965 cnt 2.2760 | shared_pairs det_seg 92/288 det_cnt 116/288 seg_cnt 80/288 | scores det_seg 0.0830 det_cnt 2.0969 seg_cnt 2.2569
[stage2] epoch 42/50 step 39 | loss 2.6421 | train det 0.1171 seg 0.0889 cnt 0.1738 | shared_pairs det_seg 92/288 det_cnt 119/288 seg_cnt 77/288 | scores det_seg 0.2792 det_cnt 3.2816 seg_cnt -1.5545
[stage2] epoch 42/50 step 40 | loss 5.7860 | train det 0.3067 seg 0.0299 cnt 0.9461 | shared_pairs det_seg 104/288 det_cnt 116/288 seg_cnt 68/288 | scores det_seg -1.4021 det_cnt 0.4987 seg_cnt -2.3048
[stage2] epoch 42/50 step 41 | loss 4.2892 | train det 0.0252 seg 0.0894 cnt 3.1965 | shared_pairs det_seg 104/288 det_cnt 98/288 seg_cnt 86/288 | scores det_seg -1.6107 det_cnt -0.9862 seg_cnt 1.6782
[stage2] epoch 42/50 step 42 | loss 2.4586 | train det 0.0527 seg 0.0660 cnt 1.1400 | shared_pairs det_seg 103/288 det_cnt 89/288 seg_cnt 96/288 | scores det_seg -3.5320 det_cnt -3.2006 seg_cnt 1.1136
[stage2] epoch 42/50 step 43 | loss 1.9414 | train det 0.0080 seg 0.1252 cnt 0.8201 | shared_pairs det_seg 100/288 det_cnt 102/288 seg_cnt 86/288 | scores det_seg 1.7919 det_cnt 5.1853 seg_cnt 6.6890
[stage2] epoch 42/50 | train 2.9206 | det 0.0533 seg 0.0832 cnt 1.4545 | selected_by_matrix_unit det_seg 4375 det_cnt 4417 seg_cnt 3592
[stage2] epoch 42 | val det 0.5233 seg 0.9487 miou 0.6565 cnt 3.2947 dens 8.265540e-01 mae 2.4682 total_mae 11.5370 | ap50 0.6571 | combo 1.718748
[stage2] epoch 43/50 step 1 | loss 2.4471 | train det 0.0500 seg 0.0787 cnt 1.0672 | shared_pairs det_seg 111/288 det_cnt 99/288 seg_cnt 78/288 | scores det_seg 1.8150 det_cnt -2.1986 seg_cnt -0.1607
[stage2] epoch 43/50 step 2 | loss 1.9612 | train det 0.0117 seg 0.0548 cnt 1.3479 | shared_pairs det_seg 116/288 det_cnt 81/288 seg_cnt 91/288 | scores det_seg 0.0335 det_cnt -1.5614 seg_cnt 4.1581
[stage2] epoch 43/50 step 3 | loss 2.7554 | train det 0.0068 seg 0.0558 cnt 2.2073 | shared_pairs det_seg 94/288 det_cnt 117/288 seg_cnt 77/288 | scores det_seg 3.7739 det_cnt 5.7956 seg_cnt -3.3279
[stage2] epoch 43/50 step 4 | loss 2.1325 | train det 0.0124 seg 0.1602 cnt 0.6646 | shared_pairs det_seg 89/288 det_cnt 105/288 seg_cnt 94/288 | scores det_seg -1.6474 det_cnt -1.5365 seg_cnt 2.6117
[stage2] epoch 43/50 step 5 | loss 2.4356 | train det 0.0864 seg 0.0898 cnt 0.4217 | shared_pairs det_seg 99/288 det_cnt 109/288 seg_cnt 80/288 | scores det_seg 3.4780 det_cnt 2.2384 seg_cnt -1.8192
[stage2] epoch 43/50 step 6 | loss 2.5663 | train det 0.0201 seg 0.0667 cnt 1.7320 | shared_pairs det_seg 115/288 det_cnt 104/288 seg_cnt 69/288 | scores det_seg 1.7650 det_cnt -1.8739 seg_cnt 0.1254
[stage2] epoch 43/50 step 7 | loss 2.1595 | train det 0.0650 seg 0.0931 cnt 0.4402 | shared_pairs det_seg 97/288 det_cnt 99/288 seg_cnt 92/288 | scores det_seg -1.7392 det_cnt -1.0464 seg_cnt 2.8447
[stage2] epoch 43/50 step 8 | loss 5.2928 | train det 0.0870 seg 0.1033 cnt 3.1610 | shared_pairs det_seg 109/288 det_cnt 107/288 seg_cnt 72/288 | scores det_seg 0.7020 det_cnt -0.1907 seg_cnt -2.0937
[stage2] epoch 43/50 step 9 | loss 3.0801 | train det 0.0948 seg 0.0689 cnt 1.1072 | shared_pairs det_seg 103/288 det_cnt 98/288 seg_cnt 87/288 | scores det_seg 0.3613 det_cnt -3.4389 seg_cnt 4.0607
[stage2] epoch 43/50 step 10 | loss 2.0189 | train det 0.0194 seg 0.0278 cnt 1.5060 | shared_pairs det_seg 105/288 det_cnt 117/288 seg_cnt 66/288 | scores det_seg -0.6194 det_cnt 6.2349 seg_cnt -1.2319
[stage2] epoch 43/50 step 11 | loss 1.8338 | train det 0.0054 seg 0.0580 cnt 1.2893 | shared_pairs det_seg 108/288 det_cnt 107/288 seg_cnt 73/288 | scores det_seg 2.8159 det_cnt 2.7990 seg_cnt 2.0531
[stage2] epoch 43/50 step 12 | loss 1.5221 | train det 0.0075 seg 0.0650 cnt 0.8894 | shared_pairs det_seg 117/288 det_cnt 109/288 seg_cnt 62/288 | scores det_seg 1.7729 det_cnt 3.6662 seg_cnt -5.3371
[stage2] epoch 43/50 step 13 | loss 2.4915 | train det 0.0032 seg 0.1941 cnt 0.8906 | shared_pairs det_seg 120/288 det_cnt 87/288 seg_cnt 81/288 | scores det_seg 1.5522 det_cnt -6.4780 seg_cnt 0.2403
[stage2] epoch 43/50 step 14 | loss 3.1544 | train det 0.0308 seg 0.0635 cnt 2.1848 | shared_pairs det_seg 109/288 det_cnt 115/288 seg_cnt 64/288 | scores det_seg 1.0912 det_cnt 2.2425 seg_cnt -7.9334
[stage2] epoch 43/50 step 15 | loss 3.3517 | train det 0.0169 seg 0.0934 cnt 2.3507 | shared_pairs det_seg 93/288 det_cnt 124/288 seg_cnt 71/288 | scores det_seg -4.6784 det_cnt 3.8588 seg_cnt -3.6125
[stage2] epoch 43/50 step 16 | loss 3.3775 | train det 0.0202 seg 0.1306 cnt 2.0296 | shared_pairs det_seg 84/288 det_cnt 111/288 seg_cnt 93/288 | scores det_seg -0.9848 det_cnt 0.5998 seg_cnt 2.2527
[stage2] epoch 43/50 step 17 | loss 3.1651 | train det 0.0229 seg 0.1136 cnt 1.9122 | shared_pairs det_seg 112/288 det_cnt 99/288 seg_cnt 77/288 | scores det_seg 1.0100 det_cnt -0.9768 seg_cnt 0.8030
[stage2] epoch 43/50 step 18 | loss 3.2442 | train det 0.0371 seg 0.0699 cnt 2.1292 | shared_pairs det_seg 101/288 det_cnt 98/288 seg_cnt 89/288 | scores det_seg -2.5513 det_cnt -5.4941 seg_cnt 0.8849
[stage2] epoch 43/50 step 19 | loss 2.0384 | train det 0.0120 seg 0.1265 cnt 0.8472 | shared_pairs det_seg 100/288 det_cnt 107/288 seg_cnt 81/288 | scores det_seg 1.3129 det_cnt 1.9835 seg_cnt -3.1212
[stage2] epoch 43/50 step 20 | loss 6.9292 | train det 0.3396 seg 0.0690 cnt 1.2823 | shared_pairs det_seg 103/288 det_cnt 94/288 seg_cnt 91/288 | scores det_seg 0.0150 det_cnt 2.7646 seg_cnt 3.1744
[stage2] epoch 43/50 step 21 | loss 4.0288 | train det 0.0406 seg 0.0781 cnt 2.7945 | shared_pairs det_seg 100/288 det_cnt 99/288 seg_cnt 89/288 | scores det_seg 0.5215 det_cnt -1.5242 seg_cnt -0.7634
[stage2] epoch 43/50 step 22 | loss 3.8377 | train det 0.0164 seg 0.0929 cnt 2.8477 | shared_pairs det_seg 108/288 det_cnt 109/288 seg_cnt 71/288 | scores det_seg 0.8244 det_cnt 0.8726 seg_cnt 0.7464
[stage2] epoch 43/50 step 23 | loss 1.0650 | train det 0.0183 seg 0.0754 cnt 0.1876 | shared_pairs det_seg 118/288 det_cnt 92/288 seg_cnt 78/288 | scores det_seg 1.2956 det_cnt -1.6029 seg_cnt 1.3180
[stage2] epoch 43/50 step 24 | loss 2.4737 | train det 0.0446 seg 0.0789 cnt 1.1727 | shared_pairs det_seg 111/288 det_cnt 98/288 seg_cnt 79/288 | scores det_seg 1.6465 det_cnt -4.3068 seg_cnt -1.4973
[stage2] epoch 43/50 step 25 | loss 1.8260 | train det 0.0175 seg 0.0714 cnt 0.9915 | shared_pairs det_seg 92/288 det_cnt 108/288 seg_cnt 88/288 | scores det_seg -1.9360 det_cnt -1.4898 seg_cnt 4.6776
[stage2] epoch 43/50 step 26 | loss 2.4387 | train det 0.0269 seg 0.1040 cnt 1.2024 | shared_pairs det_seg 105/288 det_cnt 105/288 seg_cnt 78/288 | scores det_seg 3.6617 det_cnt 1.1207 seg_cnt -0.8081
[stage2] epoch 43/50 step 27 | loss 2.9280 | train det 0.0087 seg 0.0681 cnt 2.2519 | shared_pairs det_seg 104/288 det_cnt 97/288 seg_cnt 87/288 | scores det_seg 1.4289 det_cnt -0.2868 seg_cnt -1.3725
[stage2] epoch 43/50 step 28 | loss 1.4247 | train det 0.0162 seg 0.0623 cnt 0.6830 | shared_pairs det_seg 112/288 det_cnt 111/288 seg_cnt 65/288 | scores det_seg 2.6129 det_cnt 0.7195 seg_cnt -2.4407
[stage2] epoch 43/50 step 29 | loss 1.0934 | train det 0.0125 seg 0.0546 cnt 0.4691 | shared_pairs det_seg 108/288 det_cnt 113/288 seg_cnt 67/288 | scores det_seg -0.4291 det_cnt 2.1056 seg_cnt -4.2462
[stage2] epoch 43/50 step 30 | loss 3.1983 | train det 0.0452 seg 0.0692 cnt 1.9676 | shared_pairs det_seg 112/288 det_cnt 103/288 seg_cnt 73/288 | scores det_seg -1.3640 det_cnt 2.6858 seg_cnt 1.0312
[stage2] epoch 43/50 step 31 | loss 1.3835 | train det 0.0247 seg 0.0770 cnt 0.3971 | shared_pairs det_seg 110/288 det_cnt 102/288 seg_cnt 76/288 | scores det_seg -1.2296 det_cnt 2.4793 seg_cnt -0.1548
[stage2] epoch 43/50 step 32 | loss 2.9946 | train det 0.0106 seg 0.0914 cnt 2.1042 | shared_pairs det_seg 110/288 det_cnt 103/288 seg_cnt 75/288 | scores det_seg 1.3569 det_cnt 0.6385 seg_cnt -2.4817
[stage2] epoch 43/50 step 33 | loss 1.7627 | train det 0.0181 seg 0.0952 cnt 0.7291 | shared_pairs det_seg 122/288 det_cnt 92/288 seg_cnt 74/288 | scores det_seg 0.6255 det_cnt -1.1287 seg_cnt -3.6001
[stage2] epoch 43/50 step 34 | loss 3.2884 | train det 0.0807 seg 0.0673 cnt 1.5397 | shared_pairs det_seg 129/288 det_cnt 90/288 seg_cnt 69/288 | scores det_seg 0.8685 det_cnt -3.4736 seg_cnt -1.5650
[stage2] epoch 43/50 step 35 | loss 7.0926 | train det 0.3541 seg 0.0550 cnt 1.3411 | shared_pairs det_seg 107/288 det_cnt 106/288 seg_cnt 75/288 | scores det_seg 0.3335 det_cnt 3.6454 seg_cnt -0.1009
[stage2] epoch 43/50 step 36 | loss 6.7662 | train det 0.3433 seg 0.1010 cnt 0.8079 | shared_pairs det_seg 101/288 det_cnt 113/288 seg_cnt 74/288 | scores det_seg 3.1130 det_cnt 1.0311 seg_cnt 2.9177
[stage2] epoch 43/50 step 37 | loss 2.3131 | train det 0.0313 seg 0.1125 cnt 0.9439 | shared_pairs det_seg 121/288 det_cnt 92/288 seg_cnt 75/288 | scores det_seg -0.2705 det_cnt -6.3339 seg_cnt -3.7644
[stage2] epoch 43/50 step 38 | loss 3.2032 | train det 0.0276 seg 0.0796 cnt 2.1524 | shared_pairs det_seg 100/288 det_cnt 96/288 seg_cnt 92/288 | scores det_seg -1.8264 det_cnt -2.0004 seg_cnt 0.0508
[stage2] epoch 43/50 step 39 | loss 2.4954 | train det 0.0099 seg 0.0429 cnt 2.0039 | shared_pairs det_seg 97/288 det_cnt 97/288 seg_cnt 94/288 | scores det_seg -1.6558 det_cnt -0.6538 seg_cnt 2.2101
[stage2] epoch 43/50 step 40 | loss 2.3734 | train det 0.0124 seg 0.0720 cnt 1.6113 | shared_pairs det_seg 89/288 det_cnt 109/288 seg_cnt 90/288 | scores det_seg 0.6249 det_cnt 4.5025 seg_cnt 5.0884
[stage2] epoch 43/50 step 41 | loss 3.7053 | train det 0.0654 seg 0.1104 cnt 1.8415 | shared_pairs det_seg 96/288 det_cnt 109/288 seg_cnt 83/288 | scores det_seg -1.9699 det_cnt -1.0386 seg_cnt -0.0119
[stage2] epoch 43/50 step 42 | loss 2.3891 | train det 0.0182 seg 0.0666 cnt 1.5826 | shared_pairs det_seg 104/288 det_cnt 100/288 seg_cnt 84/288 | scores det_seg -0.1958 det_cnt 3.7269 seg_cnt 0.5760
[stage2] epoch 43/50 step 43 | loss 2.7822 | train det 0.0470 seg 0.1365 cnt 0.9845 | shared_pairs det_seg 112/288 det_cnt 92/288 seg_cnt 84/288 | scores det_seg 1.3099 det_cnt -4.7714 seg_cnt -0.0524
[stage2] epoch 43/50 | train 2.9028 | det 0.0521 seg 0.0848 cnt 1.4434 | selected_by_matrix_unit det_seg 4553 det_cnt 4423 seg_cnt 3408
[stage2] epoch 43 | val det 0.5100 seg 0.9528 miou 0.6590 cnt 3.3064 dens 8.269958e-01 mae 2.4794 total_mae 11.4976 | ap50 0.6607 | combo 1.723085
[stage2] epoch 44/50 step 1 | loss 1.9180 | train det 0.0175 seg 0.0871 cnt 0.9580 | shared_pairs det_seg 104/288 det_cnt 104/288 seg_cnt 80/288 | scores det_seg 1.5584 det_cnt 0.2835 seg_cnt -1.5661
[stage2] epoch 44/50 step 2 | loss 1.9580 | train det 0.0352 seg 0.0953 cnt 0.6672 | shared_pairs det_seg 94/288 det_cnt 108/288 seg_cnt 86/288 | scores det_seg -3.1311 det_cnt -0.0401 seg_cnt 0.3457
[stage2] epoch 44/50 step 3 | loss 1.7821 | train det 0.0313 seg 0.0986 cnt 0.5238 | shared_pairs det_seg 113/288 det_cnt 79/288 seg_cnt 96/288 | scores det_seg 1.2890 det_cnt -3.8255 seg_cnt 0.1610
[stage2] epoch 44/50 step 4 | loss 4.3193 | train det 0.0224 seg 0.2003 cnt 2.3806 | shared_pairs det_seg 82/288 det_cnt 105/288 seg_cnt 101/288 | scores det_seg -4.7853 det_cnt 1.1985 seg_cnt 3.5739
[stage2] epoch 44/50 step 5 | loss 2.7117 | train det 0.0106 seg 0.1249 cnt 1.5537 | shared_pairs det_seg 103/288 det_cnt 100/288 seg_cnt 85/288 | scores det_seg -0.6010 det_cnt -0.2622 seg_cnt 1.8619
[stage2] epoch 44/50 step 6 | loss 1.4527 | train det 0.0170 seg 0.0487 cnt 0.8083 | shared_pairs det_seg 88/288 det_cnt 132/288 seg_cnt 68/288 | scores det_seg -2.1810 det_cnt 7.6904 seg_cnt -1.6899
[stage2] epoch 44/50 step 7 | loss 5.2120 | train det 0.0828 seg 0.0954 cnt 3.2060 | shared_pairs det_seg 102/288 det_cnt 100/288 seg_cnt 86/288 | scores det_seg 2.4321 det_cnt -0.1890 seg_cnt 0.6452
[stage2] epoch 44/50 step 8 | loss 1.3416 | train det 0.0159 seg 0.1033 cnt 0.2765 | shared_pairs det_seg 102/288 det_cnt 102/288 seg_cnt 84/288 | scores det_seg -3.9087 det_cnt -3.6539 seg_cnt -2.6174
[stage2] epoch 44/50 step 9 | loss 2.8241 | train det 0.0785 seg 0.0749 cnt 1.0469 | shared_pairs det_seg 112/288 det_cnt 100/288 seg_cnt 76/288 | scores det_seg -3.2395 det_cnt -6.1453 seg_cnt -4.1350
[stage2] epoch 44/50 step 10 | loss 3.8481 | train det 0.0452 seg 0.0729 cnt 2.5866 | shared_pairs det_seg 127/288 det_cnt 84/288 seg_cnt 77/288 | scores det_seg 4.3178 det_cnt -1.6864 seg_cnt 1.5936
[stage2] epoch 44/50 step 11 | loss 3.9259 | train det 0.0214 seg 0.0766 cnt 2.9915 | shared_pairs det_seg 104/288 det_cnt 120/288 seg_cnt 64/288 | scores det_seg -3.8996 det_cnt 1.6118 seg_cnt -6.2045
[stage2] epoch 44/50 step 12 | loss 2.6570 | train det 0.0070 seg 0.0759 cnt 1.9442 | shared_pairs det_seg 102/288 det_cnt 90/288 seg_cnt 96/288 | scores det_seg -2.7283 det_cnt -2.0332 seg_cnt 3.6094
[stage2] epoch 44/50 step 13 | loss 3.2873 | train det 0.0147 seg 0.1501 cnt 1.8660 | shared_pairs det_seg 114/288 det_cnt 75/288 seg_cnt 99/288 | scores det_seg 3.5965 det_cnt -5.3655 seg_cnt 3.8474
[stage2] epoch 44/50 step 14 | loss 2.2874 | train det 0.0198 seg 0.1349 cnt 0.9108 | shared_pairs det_seg 84/288 det_cnt 112/288 seg_cnt 92/288 | scores det_seg -2.4249 det_cnt 1.3840 seg_cnt 0.6879
[stage2] epoch 44/50 step 15 | loss 5.0488 | train det 0.1489 seg 0.0854 cnt 2.1324 | shared_pairs det_seg 96/288 det_cnt 126/288 seg_cnt 66/288 | scores det_seg -1.2556 det_cnt 5.6236 seg_cnt -4.1840
[stage2] epoch 44/50 step 16 | loss 1.9975 | train det 0.0250 seg 0.0991 cnt 0.8292 | shared_pairs det_seg 104/288 det_cnt 114/288 seg_cnt 70/288 | scores det_seg -1.9091 det_cnt 0.9726 seg_cnt -2.5254
[stage2] epoch 44/50 step 17 | loss 3.1555 | train det 0.1263 seg 0.0102 cnt 1.1797 | shared_pairs det_seg 115/288 det_cnt 93/288 seg_cnt 80/288 | scores det_seg -2.7395 det_cnt -1.1005 seg_cnt 0.9410
[stage2] epoch 44/50 step 18 | loss 5.9665 | train det 0.1845 seg 0.0898 cnt 2.4807 | shared_pairs det_seg 113/288 det_cnt 100/288 seg_cnt 75/288 | scores det_seg -1.1048 det_cnt -0.8887 seg_cnt 0.0104
[stage2] epoch 44/50 step 19 | loss 3.3051 | train det 0.0643 seg 0.0571 cnt 1.8831 | shared_pairs det_seg 96/288 det_cnt 120/288 seg_cnt 72/288 | scores det_seg -2.9506 det_cnt 3.5222 seg_cnt -2.4632
[stage2] epoch 44/50 step 20 | loss 2.2913 | train det 0.0472 seg 0.0566 cnt 1.1298 | shared_pairs det_seg 110/288 det_cnt 92/288 seg_cnt 86/288 | scores det_seg 0.1557 det_cnt 2.1742 seg_cnt 1.4940
[stage2] epoch 44/50 step 21 | loss 1.3253 | train det 0.0224 seg 0.0922 cnt 0.2523 | shared_pairs det_seg 104/288 det_cnt 99/288 seg_cnt 85/288 | scores det_seg 1.4933 det_cnt 0.5679 seg_cnt 2.2438
[stage2] epoch 44/50 step 22 | loss 2.5664 | train det 0.0200 seg 0.1282 cnt 1.2415 | shared_pairs det_seg 103/288 det_cnt 101/288 seg_cnt 84/288 | scores det_seg -0.7786 det_cnt -2.1065 seg_cnt 0.1106
[stage2] epoch 44/50 step 23 | loss 3.2990 | train det 0.0232 seg 0.0992 cnt 2.1577 | shared_pairs det_seg 112/288 det_cnt 91/288 seg_cnt 85/288 | scores det_seg 2.3308 det_cnt 0.5433 seg_cnt 0.5454
[stage2] epoch 44/50 step 24 | loss 3.3273 | train det 0.0098 seg 0.1834 cnt 1.7132 | shared_pairs det_seg 110/288 det_cnt 97/288 seg_cnt 81/288 | scores det_seg 3.5355 det_cnt -2.4588 seg_cnt -0.9621
[stage2] epoch 44/50 step 25 | loss 1.9464 | train det 0.0371 seg 0.0333 cnt 1.1237 | shared_pairs det_seg 103/288 det_cnt 100/288 seg_cnt 85/288 | scores det_seg -1.7261 det_cnt 1.3194 seg_cnt 1.4894
[stage2] epoch 44/50 step 26 | loss 2.9475 | train det 0.0561 seg 0.2045 cnt 0.4697 | shared_pairs det_seg 100/288 det_cnt 102/288 seg_cnt 86/288 | scores det_seg -1.5944 det_cnt 0.3119 seg_cnt 1.6517
[stage2] epoch 44/50 step 27 | loss 1.1934 | train det 0.0096 seg 0.0709 cnt 0.4817 | shared_pairs det_seg 118/288 det_cnt 113/288 seg_cnt 57/288 | scores det_seg -0.7756 det_cnt 1.2962 seg_cnt -1.6151
[stage2] epoch 44/50 step 28 | loss 2.7923 | train det 0.0213 seg 0.0635 cnt 1.9643 | shared_pairs det_seg 109/288 det_cnt 105/288 seg_cnt 74/288 | scores det_seg -0.7935 det_cnt 0.5584 seg_cnt -2.2618
[stage2] epoch 44/50 step 29 | loss 2.9971 | train det 0.0507 seg 0.0904 cnt 1.5142 | shared_pairs det_seg 115/288 det_cnt 97/288 seg_cnt 76/288 | scores det_seg -1.4532 det_cnt 2.8063 seg_cnt 0.0016
[stage2] epoch 44/50 step 30 | loss 1.6560 | train det 0.0143 seg 0.0932 cnt 0.6961 | shared_pairs det_seg 110/288 det_cnt 102/288 seg_cnt 76/288 | scores det_seg -1.9509 det_cnt -3.6544 seg_cnt 1.6230
[stage2] epoch 44/50 step 31 | loss 4.0943 | train det 0.0153 seg 0.0687 cnt 3.3148 | shared_pairs det_seg 114/288 det_cnt 107/288 seg_cnt 67/288 | scores det_seg 0.4627 det_cnt 2.6911 seg_cnt -2.6159
[stage2] epoch 44/50 step 32 | loss 1.2726 | train det 0.0240 seg 0.0770 cnt 0.2963 | shared_pairs det_seg 100/288 det_cnt 106/288 seg_cnt 82/288 | scores det_seg -1.4325 det_cnt 0.5650 seg_cnt -0.7468
[stage2] epoch 44/50 step 33 | loss 1.5533 | train det 0.0144 seg 0.0388 cnt 1.0263 | shared_pairs det_seg 105/288 det_cnt 115/288 seg_cnt 68/288 | scores det_seg -0.7623 det_cnt 2.3435 seg_cnt -2.3766
[stage2] epoch 44/50 step 34 | loss 3.8834 | train det 0.0188 seg 0.0955 cnt 2.8380 | shared_pairs det_seg 101/288 det_cnt 108/288 seg_cnt 79/288 | scores det_seg -0.9878 det_cnt -3.2223 seg_cnt -3.2815
[stage2] epoch 44/50 step 35 | loss 4.9679 | train det 0.0786 seg 0.1081 cnt 2.9235 | shared_pairs det_seg 115/288 det_cnt 101/288 seg_cnt 72/288 | scores det_seg 4.8469 det_cnt -0.8044 seg_cnt -3.5791
[stage2] epoch 44/50 step 36 | loss 3.6514 | train det 0.0303 seg 0.1597 cnt 1.9201 | shared_pairs det_seg 110/288 det_cnt 89/288 seg_cnt 89/288 | scores det_seg -0.9274 det_cnt -1.3234 seg_cnt 2.6150
[stage2] epoch 44/50 step 37 | loss 3.1424 | train det 0.0248 seg 0.1115 cnt 1.8785 | shared_pairs det_seg 108/288 det_cnt 100/288 seg_cnt 80/288 | scores det_seg 0.5775 det_cnt 2.7238 seg_cnt -3.2072
[stage2] epoch 44/50 step 38 | loss 2.4835 | train det 0.0451 seg 0.0979 cnt 1.0244 | shared_pairs det_seg 104/288 det_cnt 113/288 seg_cnt 71/288 | scores det_seg 1.7593 det_cnt -2.7242 seg_cnt -4.0382
[stage2] epoch 44/50 step 39 | loss 4.0120 | train det 0.0229 seg 0.1748 cnt 2.2703 | shared_pairs det_seg 113/288 det_cnt 102/288 seg_cnt 73/288 | scores det_seg -0.3442 det_cnt -1.8867 seg_cnt -2.1915
[stage2] epoch 44/50 step 40 | loss 1.3705 | train det 0.0196 seg 0.0303 cnt 0.8344 | shared_pairs det_seg 96/288 det_cnt 93/288 seg_cnt 99/288 | scores det_seg -4.9841 det_cnt -5.7112 seg_cnt -0.3467
[stage2] epoch 44/50 step 41 | loss 2.0563 | train det 0.0118 seg 0.0858 cnt 1.1934 | shared_pairs det_seg 97/288 det_cnt 93/288 seg_cnt 98/288 | scores det_seg -2.5021 det_cnt 0.5732 seg_cnt 5.5471
[stage2] epoch 44/50 step 42 | loss 3.0559 | train det 0.0130 seg 0.0758 cnt 2.2541 | shared_pairs det_seg 107/288 det_cnt 100/288 seg_cnt 81/288 | scores det_seg -1.5706 det_cnt -2.6369 seg_cnt 0.9466
[stage2] epoch 44/50 step 43 | loss 4.6195 | train det 0.1129 seg 0.0890 cnt 2.2135 | shared_pairs det_seg 120/288 det_cnt 88/288 seg_cnt 80/288 | scores det_seg 5.7869 det_cnt -2.8001 seg_cnt -0.6939
[stage2] epoch 44/50 | train 2.9187 | det 0.0398 seg 0.0956 cnt 1.5571 | selected_by_matrix_unit det_seg 4539 det_cnt 4378 seg_cnt 3467
[stage2] epoch 44 | val det 0.5331 seg 0.9644 miou 0.6584 cnt 3.3147 dens 8.261441e-01 mae 2.4885 total_mae 11.4123 | ap50 0.6543 | combo 1.714553
[stage2] epoch 45/50 step 1 | loss 1.9642 | train det 0.0129 seg 0.1155 cnt 0.8463 | shared_pairs det_seg 111/288 det_cnt 78/288 seg_cnt 99/288 | scores det_seg -0.2280 det_cnt -5.9557 seg_cnt 3.6999
[stage2] epoch 45/50 step 2 | loss 2.9438 | train det 0.1087 seg 0.0765 cnt 0.7012 | shared_pairs det_seg 124/288 det_cnt 85/288 seg_cnt 79/288 | scores det_seg 0.8060 det_cnt -7.0358 seg_cnt -2.4375
[stage2] epoch 45/50 step 3 | loss 2.7547 | train det 0.0278 seg 0.0706 cnt 1.7724 | shared_pairs det_seg 103/288 det_cnt 88/288 seg_cnt 97/288 | scores det_seg 0.6398 det_cnt -4.0728 seg_cnt -1.1143
[stage2] epoch 45/50 step 4 | loss 2.3005 | train det 0.0307 seg 0.0943 cnt 1.0857 | shared_pairs det_seg 108/288 det_cnt 99/288 seg_cnt 81/288 | scores det_seg 0.4064 det_cnt -0.8815 seg_cnt 0.3206
[stage2] epoch 45/50 step 5 | loss 1.5638 | train det 0.0187 seg 0.0422 cnt 0.9450 | shared_pairs det_seg 107/288 det_cnt 117/288 seg_cnt 64/288 | scores det_seg 0.8726 det_cnt 2.0955 seg_cnt -3.4182
[stage2] epoch 45/50 step 6 | loss 2.0292 | train det 0.0201 seg 0.0728 cnt 1.1458 | shared_pairs det_seg 110/288 det_cnt 93/288 seg_cnt 85/288 | scores det_seg 1.4561 det_cnt 0.1824 seg_cnt -0.5086
[stage2] epoch 45/50 step 7 | loss 4.4153 | train det 0.1248 seg 0.0608 cnt 2.0577 | shared_pairs det_seg 122/288 det_cnt 91/288 seg_cnt 75/288 | scores det_seg 0.5618 det_cnt -1.1151 seg_cnt 1.3785
[stage2] epoch 45/50 step 8 | loss 2.4684 | train det 0.0233 seg 0.0824 cnt 1.4601 | shared_pairs det_seg 108/288 det_cnt 97/288 seg_cnt 83/288 | scores det_seg 0.7692 det_cnt -3.6583 seg_cnt -1.7899
[stage2] epoch 45/50 step 9 | loss 2.5249 | train det 0.0249 seg 0.0875 cnt 1.4510 | shared_pairs det_seg 110/288 det_cnt 107/288 seg_cnt 71/288 | scores det_seg 0.6177 det_cnt -0.6691 seg_cnt 0.4751
[stage2] epoch 45/50 step 10 | loss 1.6655 | train det 0.0160 seg 0.0811 cnt 0.7775 | shared_pairs det_seg 83/288 det_cnt 131/288 seg_cnt 74/288 | scores det_seg -4.9587 det_cnt 3.4840 seg_cnt -3.5919
[stage2] epoch 45/50 step 11 | loss 2.0733 | train det 0.0552 seg 0.0288 cnt 1.0155 | shared_pairs det_seg 115/288 det_cnt 81/288 seg_cnt 92/288 | scores det_seg 1.4968 det_cnt -1.4836 seg_cnt 2.8814
[stage2] epoch 45/50 step 12 | loss 3.2888 | train det 0.0077 seg 0.1120 cnt 2.2781 | shared_pairs det_seg 105/288 det_cnt 100/288 seg_cnt 83/288 | scores det_seg -2.0148 det_cnt 0.5628 seg_cnt 2.0080
[stage2] epoch 45/50 step 13 | loss 2.8313 | train det 0.0478 seg 0.1626 cnt 0.8141 | shared_pairs det_seg 98/288 det_cnt 113/288 seg_cnt 77/288 | scores det_seg 1.0579 det_cnt 4.4258 seg_cnt 3.4643
[stage2] epoch 45/50 step 14 | loss 1.6422 | train det 0.0064 seg 0.0790 cnt 0.9143 | shared_pairs det_seg 106/288 det_cnt 94/288 seg_cnt 88/288 | scores det_seg 1.0311 det_cnt -2.5922 seg_cnt 2.4734
[stage2] epoch 45/50 step 15 | loss 2.1845 | train det 0.0249 seg 0.0558 cnt 1.3636 | shared_pairs det_seg 104/288 det_cnt 114/288 seg_cnt 70/288 | scores det_seg 0.1999 det_cnt 1.3700 seg_cnt -4.6634
[stage2] epoch 45/50 step 16 | loss 2.1775 | train det 0.0211 seg 0.0830 cnt 1.1968 | shared_pairs det_seg 91/288 det_cnt 128/288 seg_cnt 69/288 | scores det_seg -4.5279 det_cnt 1.1814 seg_cnt -7.8420
[stage2] epoch 45/50 step 17 | loss 1.9568 | train det 0.0110 seg 0.0591 cnt 1.3188 | shared_pairs det_seg 96/288 det_cnt 115/288 seg_cnt 77/288 | scores det_seg 0.0521 det_cnt 2.1424 seg_cnt -2.7760
[stage2] epoch 45/50 step 18 | loss 2.4596 | train det 0.0074 seg 0.0490 cnt 1.9568 | shared_pairs det_seg 105/288 det_cnt 97/288 seg_cnt 86/288 | scores det_seg -0.0941 det_cnt -4.9826 seg_cnt 1.7219
[stage2] epoch 45/50 step 19 | loss 1.4411 | train det 0.0144 seg 0.0303 cnt 0.9830 | shared_pairs det_seg 104/288 det_cnt 101/288 seg_cnt 83/288 | scores det_seg 1.0984 det_cnt 1.1903 seg_cnt 1.2868
[stage2] epoch 45/50 step 20 | loss 2.4642 | train det 0.0634 seg 0.0600 cnt 1.0326 | shared_pairs det_seg 117/288 det_cnt 97/288 seg_cnt 74/288 | scores det_seg 3.4052 det_cnt -2.7300 seg_cnt -1.1773
[stage2] epoch 45/50 step 21 | loss 2.7360 | train det 0.0157 seg 0.0890 cnt 1.7888 | shared_pairs det_seg 110/288 det_cnt 104/288 seg_cnt 74/288 | scores det_seg 0.6493 det_cnt -0.4007 seg_cnt -3.1656
[stage2] epoch 45/50 step 22 | loss 2.3820 | train det 0.0220 seg 0.0809 cnt 1.4053 | shared_pairs det_seg 108/288 det_cnt 96/288 seg_cnt 84/288 | scores det_seg 1.2560 det_cnt -2.2488 seg_cnt 2.1706
[stage2] epoch 45/50 step 23 | loss 5.5368 | train det 0.0220 seg 0.1208 cnt 4.2401 | shared_pairs det_seg 110/288 det_cnt 99/288 seg_cnt 79/288 | scores det_seg 1.6994 det_cnt 1.4884 seg_cnt 2.5220
[stage2] epoch 45/50 step 24 | loss 2.0773 | train det 0.0084 seg 0.1150 cnt 1.0305 | shared_pairs det_seg 109/288 det_cnt 100/288 seg_cnt 79/288 | scores det_seg -0.6874 det_cnt -0.6906 seg_cnt -1.1928
[stage2] epoch 45/50 step 25 | loss 6.9869 | train det 0.3849 seg 0.0541 cnt 0.7800 | shared_pairs det_seg 105/288 det_cnt 104/288 seg_cnt 79/288 | scores det_seg 1.5820 det_cnt -0.6998 seg_cnt 1.8566
[stage2] epoch 45/50 step 26 | loss 1.7263 | train det 0.0287 seg 0.0712 cnt 0.7255 | shared_pairs det_seg 115/288 det_cnt 93/288 seg_cnt 80/288 | scores det_seg -0.3520 det_cnt -2.5952 seg_cnt -2.1282
[stage2] epoch 45/50 step 27 | loss 2.5661 | train det 0.0081 seg 0.1099 cnt 1.5651 | shared_pairs det_seg 112/288 det_cnt 100/288 seg_cnt 76/288 | scores det_seg -1.5795 det_cnt -1.2615 seg_cnt -2.6991
[stage2] epoch 45/50 step 28 | loss 2.0443 | train det 0.0242 seg 0.0619 cnt 1.1862 | shared_pairs det_seg 104/288 det_cnt 102/288 seg_cnt 82/288 | scores det_seg -1.4379 det_cnt 0.9210 seg_cnt -0.2104
[stage2] epoch 45/50 step 29 | loss 2.3559 | train det 0.0139 seg 0.1026 cnt 1.3260 | shared_pairs det_seg 95/288 det_cnt 97/288 seg_cnt 96/288 | scores det_seg -0.8099 det_cnt -3.6734 seg_cnt 0.0969
[stage2] epoch 45/50 step 30 | loss 2.3643 | train det 0.0166 seg 0.1429 cnt 0.9717 | shared_pairs det_seg 101/288 det_cnt 95/288 seg_cnt 92/288 | scores det_seg 1.3881 det_cnt -1.8583 seg_cnt -0.0234
[stage2] epoch 45/50 step 31 | loss 2.8863 | train det 0.0165 seg 0.0689 cnt 2.0869 | shared_pairs det_seg 108/288 det_cnt 99/288 seg_cnt 81/288 | scores det_seg 0.7036 det_cnt 0.2384 seg_cnt 0.4554
[stage2] epoch 45/50 step 32 | loss 3.0301 | train det 0.0328 seg 0.1262 cnt 1.5294 | shared_pairs det_seg 90/288 det_cnt 103/288 seg_cnt 95/288 | scores det_seg 0.1450 det_cnt 3.8472 seg_cnt 3.4123
[stage2] epoch 45/50 step 33 | loss 3.3166 | train det 0.0445 seg 0.1392 cnt 1.5355 | shared_pairs det_seg 146/288 det_cnt 71/288 seg_cnt 71/288 | scores det_seg 2.9264 det_cnt -6.2526 seg_cnt -1.5767
[stage2] epoch 45/50 step 34 | loss 1.5566 | train det 0.0172 seg 0.0431 cnt 0.9538 | shared_pairs det_seg 117/288 det_cnt 95/288 seg_cnt 76/288 | scores det_seg 1.2934 det_cnt 0.2008 seg_cnt -1.8263
[stage2] epoch 45/50 step 35 | loss 2.4382 | train det 0.0417 seg 0.0818 cnt 1.1583 | shared_pairs det_seg 98/288 det_cnt 100/288 seg_cnt 90/288 | scores det_seg -3.1878 det_cnt -1.9198 seg_cnt 1.5674
[stage2] epoch 45/50 step 36 | loss 3.3993 | train det 0.0046 seg 0.1616 cnt 2.0374 | shared_pairs det_seg 106/288 det_cnt 101/288 seg_cnt 81/288 | scores det_seg 3.2804 det_cnt -0.8609 seg_cnt 2.8099
[stage2] epoch 45/50 step 37 | loss 1.6480 | train det 0.0097 seg 0.0742 cnt 0.9084 | shared_pairs det_seg 88/288 det_cnt 118/288 seg_cnt 82/288 | scores det_seg -0.2830 det_cnt 6.2794 seg_cnt 2.6825
[stage2] epoch 45/50 step 38 | loss 3.1248 | train det 0.1001 seg 0.0887 cnt 0.9145 | shared_pairs det_seg 91/288 det_cnt 117/288 seg_cnt 80/288 | scores det_seg -0.2154 det_cnt 4.8490 seg_cnt -1.7295
[stage2] epoch 45/50 step 39 | loss 2.5638 | train det 0.0263 seg 0.1028 cnt 1.3469 | shared_pairs det_seg 102/288 det_cnt 101/288 seg_cnt 85/288 | scores det_seg 0.2874 det_cnt -0.9412 seg_cnt 1.4996
[stage2] epoch 45/50 step 40 | loss 1.6638 | train det 0.0201 seg 0.0259 cnt 1.1550 | shared_pairs det_seg 117/288 det_cnt 88/288 seg_cnt 83/288 | scores det_seg 2.7238 det_cnt 0.0653 seg_cnt 0.8584
[stage2] epoch 45/50 step 41 | loss 2.4168 | train det 0.0150 seg 0.1109 cnt 1.3044 | shared_pairs det_seg 110/288 det_cnt 103/288 seg_cnt 75/288 | scores det_seg 3.9531 det_cnt 1.0384 seg_cnt 0.0029
[stage2] epoch 45/50 step 42 | loss 2.7407 | train det 0.0250 seg 0.0784 cnt 1.7384 | shared_pairs det_seg 88/288 det_cnt 120/288 seg_cnt 80/288 | scores det_seg -2.1588 det_cnt 3.1574 seg_cnt 1.4098
[stage2] epoch 45/50 step 43 | loss 4.0898 | train det 0.1617 seg 0.1061 cnt 0.8145 | shared_pairs det_seg 96/288 det_cnt 115/288 seg_cnt 77/288 | scores det_seg 5.3424 det_cnt 8.1082 seg_cnt 1.4999
[stage2] epoch 45/50 | train 2.6233 | det 0.0402 seg 0.0851 cnt 1.3400 | selected_by_matrix_unit det_seg 4553 det_cnt 4347 seg_cnt 3484
[stage2] epoch 45 | val det 0.5354 seg 0.9550 miou 0.6564 cnt 3.2949 dens 8.263011e-01 mae 2.4686 total_mae 11.4136 | ap50 0.6582 | combo 1.719659
[stage2] epoch 46/50 step 1 | loss 1.4852 | train det 0.0245 seg 0.0631 cnt 0.6136 | shared_pairs det_seg 102/288 det_cnt 103/288 seg_cnt 83/288 | scores det_seg 2.2934 det_cnt 4.1839 seg_cnt 4.1218
[stage2] epoch 46/50 step 2 | loss 3.0714 | train det 0.0435 seg 0.0892 cnt 1.7051 | shared_pairs det_seg 102/288 det_cnt 99/288 seg_cnt 87/288 | scores det_seg 1.2902 det_cnt 2.6570 seg_cnt 1.7969
[stage2] epoch 46/50 step 3 | loss 3.9241 | train det 0.0623 seg 0.0748 cnt 2.3911 | shared_pairs det_seg 108/288 det_cnt 97/288 seg_cnt 83/288 | scores det_seg -4.3417 det_cnt -4.6482 seg_cnt 0.2933
[stage2] epoch 46/50 step 4 | loss 6.4564 | train det 0.3273 seg 0.0209 cnt 1.3804 | shared_pairs det_seg 105/288 det_cnt 100/288 seg_cnt 83/288 | scores det_seg 1.3574 det_cnt 1.8585 seg_cnt -0.5423
[stage2] epoch 46/50 step 5 | loss 2.9430 | train det 0.0142 seg 0.0874 cnt 2.0304 | shared_pairs det_seg 107/288 det_cnt 103/288 seg_cnt 78/288 | scores det_seg 0.7824 det_cnt 2.1706 seg_cnt -1.5250
[stage2] epoch 46/50 step 6 | loss 3.5295 | train det 0.1209 seg 0.0970 cnt 0.9399 | shared_pairs det_seg 99/288 det_cnt 102/288 seg_cnt 87/288 | scores det_seg 0.1379 det_cnt -0.8447 seg_cnt 3.7551
[stage2] epoch 46/50 step 7 | loss 3.5003 | train det 0.0276 seg 0.0583 cnt 2.6196 | shared_pairs det_seg 110/288 det_cnt 88/288 seg_cnt 90/288 | scores det_seg 2.0170 det_cnt -3.2496 seg_cnt -1.5725
[stage2] epoch 46/50 step 8 | loss 1.9339 | train det 0.0166 seg 0.0718 cnt 1.1113 | shared_pairs det_seg 90/288 det_cnt 104/288 seg_cnt 94/288 | scores det_seg -4.2637 det_cnt 0.3703 seg_cnt -1.9864
[stage2] epoch 46/50 step 9 | loss 2.6943 | train det 0.0096 seg 0.0640 cnt 2.0382 | shared_pairs det_seg 108/288 det_cnt 95/288 seg_cnt 85/288 | scores det_seg 3.0944 det_cnt -6.7572 seg_cnt -1.6344
[stage2] epoch 46/50 step 10 | loss 2.8870 | train det 0.0111 seg 0.1206 cnt 1.7556 | shared_pairs det_seg 106/288 det_cnt 92/288 seg_cnt 90/288 | scores det_seg 1.0053 det_cnt 2.7417 seg_cnt 2.3229
[stage2] epoch 46/50 step 11 | loss 3.1079 | train det 0.0871 seg 0.0977 cnt 1.0199 | shared_pairs det_seg 109/288 det_cnt 98/288 seg_cnt 81/288 | scores det_seg -0.7770 det_cnt 5.6343 seg_cnt -1.6163
[stage2] epoch 46/50 step 12 | loss 2.8506 | train det 0.0312 seg 0.1474 cnt 1.2032 | shared_pairs det_seg 104/288 det_cnt 94/288 seg_cnt 90/288 | scores det_seg -1.9853 det_cnt -1.5320 seg_cnt 1.7166
[stage2] epoch 46/50 step 13 | loss 2.9614 | train det 0.0269 seg 0.0386 cnt 2.2487 | shared_pairs det_seg 116/288 det_cnt 89/288 seg_cnt 83/288 | scores det_seg 2.4218 det_cnt -3.4915 seg_cnt -0.9843
[stage2] epoch 46/50 step 14 | loss 2.2644 | train det 0.0112 seg 0.1808 cnt 0.6508 | shared_pairs det_seg 105/288 det_cnt 111/288 seg_cnt 72/288 | scores det_seg 0.7533 det_cnt 1.2417 seg_cnt -1.3829
[stage2] epoch 46/50 step 15 | loss 3.3604 | train det 0.0273 seg 0.1404 cnt 1.8271 | shared_pairs det_seg 86/288 det_cnt 116/288 seg_cnt 86/288 | scores det_seg -0.8406 det_cnt 4.5096 seg_cnt -0.0760
[stage2] epoch 46/50 step 16 | loss 2.5465 | train det 0.0861 seg 0.0760 cnt 0.6479 | shared_pairs det_seg 93/288 det_cnt 104/288 seg_cnt 91/288 | scores det_seg -2.1419 det_cnt -1.1704 seg_cnt 2.9208
[stage2] epoch 46/50 step 17 | loss 2.7794 | train det 0.0787 seg 0.0872 cnt 0.9009 | shared_pairs det_seg 91/288 det_cnt 107/288 seg_cnt 90/288 | scores det_seg 0.9552 det_cnt 1.4735 seg_cnt 4.1849
[stage2] epoch 46/50 step 18 | loss 1.9611 | train det 0.0635 seg 0.0489 cnt 0.6174 | shared_pairs det_seg 110/288 det_cnt 92/288 seg_cnt 86/288 | scores det_seg -2.2987 det_cnt -3.7652 seg_cnt 0.2856
[stage2] epoch 46/50 step 19 | loss 2.6356 | train det 0.0473 seg 0.0687 cnt 1.3772 | shared_pairs det_seg 123/288 det_cnt 86/288 seg_cnt 79/288 | scores det_seg 0.1056 det_cnt -4.8115 seg_cnt 0.3427
[stage2] epoch 46/50 step 20 | loss 9.2846 | train det 0.3813 seg 0.0855 cnt 2.8804 | shared_pairs det_seg 107/288 det_cnt 92/288 seg_cnt 89/288 | scores det_seg 4.1992 det_cnt -2.3798 seg_cnt 3.0419
[stage2] epoch 46/50 step 21 | loss 1.9018 | train det 0.0239 seg 0.0783 cnt 0.9163 | shared_pairs det_seg 106/288 det_cnt 105/288 seg_cnt 77/288 | scores det_seg -0.9798 det_cnt -0.8490 seg_cnt -1.5404
[stage2] epoch 46/50 step 22 | loss 2.3748 | train det 0.0505 seg 0.0846 cnt 0.9408 | shared_pairs det_seg 116/288 det_cnt 112/288 seg_cnt 60/288 | scores det_seg 0.7231 det_cnt 2.2519 seg_cnt -2.6112
[stage2] epoch 46/50 step 23 | loss 2.3695 | train det 0.0298 seg 0.0483 cnt 1.5361 | shared_pairs det_seg 113/288 det_cnt 91/288 seg_cnt 84/288 | scores det_seg 2.7466 det_cnt -2.4412 seg_cnt 0.6364
[stage2] epoch 46/50 step 24 | loss 2.0053 | train det 0.0237 seg 0.0650 cnt 1.1293 | shared_pairs det_seg 97/288 det_cnt 101/288 seg_cnt 90/288 | scores det_seg -2.8995 det_cnt -1.0511 seg_cnt -2.2852
[stage2] epoch 46/50 step 25 | loss 3.2335 | train det 0.1330 seg 0.0698 cnt 0.6804 | shared_pairs det_seg 125/288 det_cnt 104/288 seg_cnt 59/288 | scores det_seg 3.8578 det_cnt -1.7319 seg_cnt -2.4817
[stage2] epoch 46/50 step 26 | loss 3.6718 | train det 0.0184 seg 0.2242 cnt 1.6019 | shared_pairs det_seg 108/288 det_cnt 113/288 seg_cnt 67/288 | scores det_seg 2.9800 det_cnt 3.3501 seg_cnt 1.2451
[stage2] epoch 46/50 step 27 | loss 3.6274 | train det 0.0228 seg 0.1417 cnt 2.1515 | shared_pairs det_seg 110/288 det_cnt 98/288 seg_cnt 80/288 | scores det_seg -1.1556 det_cnt 2.5825 seg_cnt -0.7466
[stage2] epoch 46/50 step 28 | loss 2.1981 | train det 0.0175 seg 0.0588 cnt 1.4657 | shared_pairs det_seg 102/288 det_cnt 86/288 seg_cnt 100/288 | scores det_seg 0.5175 det_cnt -5.1354 seg_cnt 5.2175
[stage2] epoch 46/50 step 29 | loss 3.6623 | train det 0.0670 seg 0.1122 cnt 1.7593 | shared_pairs det_seg 113/288 det_cnt 101/288 seg_cnt 74/288 | scores det_seg 0.9110 det_cnt -1.5925 seg_cnt 0.9967
[stage2] epoch 46/50 step 30 | loss 2.4203 | train det 0.0133 seg 0.1581 cnt 0.9559 | shared_pairs det_seg 121/288 det_cnt 92/288 seg_cnt 75/288 | scores det_seg -0.6851 det_cnt -4.3077 seg_cnt -1.6330
[stage2] epoch 46/50 step 31 | loss 4.3049 | train det 0.0098 seg 0.0640 cnt 3.6454 | shared_pairs det_seg 119/288 det_cnt 76/288 seg_cnt 93/288 | scores det_seg -0.2409 det_cnt -5.6598 seg_cnt 1.3985
[stage2] epoch 46/50 step 32 | loss 4.1311 | train det 0.1303 seg 0.1239 cnt 1.1846 | shared_pairs det_seg 114/288 det_cnt 86/288 seg_cnt 88/288 | scores det_seg 2.2365 det_cnt -5.7429 seg_cnt 0.2408
[stage2] epoch 46/50 step 33 | loss 3.3681 | train det 0.0369 seg 0.0792 cnt 2.1806 | shared_pairs det_seg 110/288 det_cnt 94/288 seg_cnt 84/288 | scores det_seg -3.0070 det_cnt 0.4042 seg_cnt -2.2508
[stage2] epoch 46/50 step 34 | loss 3.1233 | train det 0.0105 seg 0.1151 cnt 2.0452 | shared_pairs det_seg 115/288 det_cnt 89/288 seg_cnt 84/288 | scores det_seg 1.1422 det_cnt -0.8509 seg_cnt 1.6190
[stage2] epoch 46/50 step 35 | loss 2.0755 | train det 0.0259 seg 0.1035 cnt 0.8592 | shared_pairs det_seg 103/288 det_cnt 100/288 seg_cnt 85/288 | scores det_seg -0.7439 det_cnt -1.6966 seg_cnt 1.5282
[stage2] epoch 46/50 step 36 | loss 2.2511 | train det 0.0252 seg 0.0787 cnt 1.2432 | shared_pairs det_seg 107/288 det_cnt 95/288 seg_cnt 86/288 | scores det_seg 2.6203 det_cnt -2.4971 seg_cnt -1.0143
[stage2] epoch 46/50 step 37 | loss 2.7650 | train det 0.0203 seg 0.0179 cnt 2.3178 | shared_pairs det_seg 117/288 det_cnt 90/288 seg_cnt 81/288 | scores det_seg 0.7275 det_cnt -7.0372 seg_cnt 2.6180
[stage2] epoch 46/50 step 38 | loss 2.6355 | train det 0.0398 seg 0.1779 cnt 0.6150 | shared_pairs det_seg 100/288 det_cnt 110/288 seg_cnt 78/288 | scores det_seg -3.9866 det_cnt 1.7528 seg_cnt -0.8816
[stage2] epoch 46/50 step 39 | loss 4.0581 | train det 0.0814 seg 0.0645 cnt 2.3213 | shared_pairs det_seg 113/288 det_cnt 102/288 seg_cnt 73/288 | scores det_seg 1.4897 det_cnt 0.5536 seg_cnt -0.0772
[stage2] epoch 46/50 step 40 | loss 6.0027 | train det 0.3248 seg 0.0482 cnt 0.7445 | shared_pairs det_seg 101/288 det_cnt 111/288 seg_cnt 76/288 | scores det_seg -0.7676 det_cnt -1.3569 seg_cnt -0.4094
[stage2] epoch 46/50 step 41 | loss 1.7023 | train det 0.0130 seg 0.0888 cnt 0.7971 | shared_pairs det_seg 100/288 det_cnt 108/288 seg_cnt 80/288 | scores det_seg -0.9020 det_cnt -1.2921 seg_cnt -4.0385
[stage2] epoch 46/50 step 42 | loss 2.4289 | train det 0.1047 seg 0.0327 cnt 0.5970 | shared_pairs det_seg 124/288 det_cnt 89/288 seg_cnt 75/288 | scores det_seg 3.4757 det_cnt -4.0105 seg_cnt 0.2587
[stage2] epoch 46/50 step 43 | loss 2.2091 | train det 0.0237 seg 0.0733 cnt 1.2669 | shared_pairs det_seg 92/288 det_cnt 104/288 seg_cnt 92/288 | scores det_seg -0.7905 det_cnt -0.8853 seg_cnt 2.5374
[stage2] epoch 46/50 | train 3.1325 | det 0.0638 seg 0.0890 cnt 1.4631 | selected_by_matrix_unit det_seg 4607 det_cnt 4229 seg_cnt 3548
[stage2] epoch 46 | val det 0.5021 seg 0.9586 miou 0.6560 cnt 3.3128 dens 8.266795e-01 mae 2.4861 total_mae 11.4655 | ap50 0.6561 | combo 1.714285
[stage2] epoch 47/50 step 1 | loss 19.6835 | train det 0.0032 seg 0.0744 cnt 19.0400 | shared_pairs det_seg 110/288 det_cnt 104/288 seg_cnt 74/288 | scores det_seg 2.7127 det_cnt 3.1915 seg_cnt -1.6985
[stage2] epoch 47/50 step 2 | loss 3.4158 | train det 0.0154 seg 0.1162 cnt 2.2562 | shared_pairs det_seg 86/288 det_cnt 109/288 seg_cnt 93/288 | scores det_seg -0.1506 det_cnt 5.1172 seg_cnt 3.8863
[stage2] epoch 47/50 step 3 | loss 2.2781 | train det 0.0167 seg 0.1027 cnt 1.2058 | shared_pairs det_seg 105/288 det_cnt 111/288 seg_cnt 72/288 | scores det_seg -0.9064 det_cnt 2.5553 seg_cnt -0.0950
[stage2] epoch 47/50 step 4 | loss 6.5374 | train det 0.0407 seg 0.0806 cnt 5.2821 | shared_pairs det_seg 107/288 det_cnt 109/288 seg_cnt 72/288 | scores det_seg 0.4331 det_cnt 1.7857 seg_cnt -1.4382
[stage2] epoch 47/50 step 5 | loss 1.4938 | train det 0.0147 seg 0.0705 cnt 0.7092 | shared_pairs det_seg 99/288 det_cnt 95/288 seg_cnt 94/288 | scores det_seg -2.4703 det_cnt 2.8323 seg_cnt 3.6103
[stage2] epoch 47/50 step 6 | loss 3.6816 | train det 0.0642 seg 0.0800 cnt 2.0784 | shared_pairs det_seg 117/288 det_cnt 102/288 seg_cnt 69/288 | scores det_seg -0.1890 det_cnt -2.6610 seg_cnt -1.2449
[stage2] epoch 47/50 step 7 | loss 1.9273 | train det 0.0189 seg 0.0721 cnt 1.0670 | shared_pairs det_seg 98/288 det_cnt 105/288 seg_cnt 85/288 | scores det_seg -1.2324 det_cnt -1.1558 seg_cnt -1.5340
[stage2] epoch 47/50 step 8 | loss 2.7056 | train det 0.0617 seg 0.1787 cnt 0.3504 | shared_pairs det_seg 99/288 det_cnt 95/288 seg_cnt 94/288 | scores det_seg 2.1794 det_cnt -3.0000 seg_cnt 4.1000
[stage2] epoch 47/50 step 9 | loss 1.6578 | train det 0.0205 seg 0.0820 cnt 0.6944 | shared_pairs det_seg 98/288 det_cnt 118/288 seg_cnt 72/288 | scores det_seg 2.0189 det_cnt 5.2996 seg_cnt -3.2736
[stage2] epoch 47/50 step 10 | loss 2.8310 | train det 0.0565 seg 0.0848 cnt 1.3058 | shared_pairs det_seg 94/288 det_cnt 93/288 seg_cnt 101/288 | scores det_seg -2.5043 det_cnt 2.2396 seg_cnt 5.2655
[stage2] epoch 47/50 step 11 | loss 1.1836 | train det 0.0329 seg 0.0431 cnt 0.3454 | shared_pairs det_seg 124/288 det_cnt 93/288 seg_cnt 71/288 | scores det_seg 6.0662 det_cnt -1.5261 seg_cnt -1.7275
[stage2] epoch 47/50 step 12 | loss 2.5011 | train det 0.0190 seg 0.1169 cnt 1.2810 | shared_pairs det_seg 98/288 det_cnt 101/288 seg_cnt 89/288 | scores det_seg -0.3213 det_cnt 0.1617 seg_cnt 2.9285
[stage2] epoch 47/50 step 13 | loss 2.5731 | train det 0.0223 seg 0.1019 cnt 1.4238 | shared_pairs det_seg 99/288 det_cnt 90/288 seg_cnt 99/288 | scores det_seg -2.0853 det_cnt -3.1249 seg_cnt -1.1508
[stage2] epoch 47/50 step 14 | loss 1.9643 | train det 0.0410 seg 0.0329 cnt 1.0861 | shared_pairs det_seg 99/288 det_cnt 108/288 seg_cnt 81/288 | scores det_seg -1.5506 det_cnt -0.8122 seg_cnt 0.2375
[stage2] epoch 47/50 step 15 | loss 6.7473 | train det 0.3246 seg 0.0886 cnt 1.1696 | shared_pairs det_seg 122/288 det_cnt 84/288 seg_cnt 82/288 | scores det_seg -0.3523 det_cnt -6.1053 seg_cnt -4.4393
[stage2] epoch 47/50 step 16 | loss 2.2397 | train det 0.0222 seg 0.0767 cnt 1.2937 | shared_pairs det_seg 104/288 det_cnt 107/288 seg_cnt 77/288 | scores det_seg -0.5656 det_cnt 5.5600 seg_cnt 2.7693
[stage2] epoch 47/50 step 17 | loss 6.1065 | train det 0.1594 seg 0.0488 cnt 3.3247 | shared_pairs det_seg 111/288 det_cnt 93/288 seg_cnt 84/288 | scores det_seg -3.1237 det_cnt -2.6961 seg_cnt -0.0868
[stage2] epoch 47/50 step 18 | loss 2.9488 | train det 0.0146 seg 0.0774 cnt 2.1108 | shared_pairs det_seg 98/288 det_cnt 107/288 seg_cnt 83/288 | scores det_seg -1.7175 det_cnt 0.2396 seg_cnt -0.9098
[stage2] epoch 47/50 step 19 | loss 3.3489 | train det 0.0139 seg 0.0685 cnt 2.5920 | shared_pairs det_seg 101/288 det_cnt 108/288 seg_cnt 79/288 | scores det_seg 1.9773 det_cnt 3.2104 seg_cnt -2.5752
[stage2] epoch 47/50 step 20 | loss 0.9658 | train det 0.0175 seg 0.0503 cnt 0.3010 | shared_pairs det_seg 100/288 det_cnt 102/288 seg_cnt 86/288 | scores det_seg 1.4680 det_cnt 0.0662 seg_cnt 1.7747
[stage2] epoch 47/50 step 21 | loss 1.6661 | train det 0.0105 seg 0.0485 cnt 1.1210 | shared_pairs det_seg 96/288 det_cnt 111/288 seg_cnt 81/288 | scores det_seg -1.0474 det_cnt 2.4088 seg_cnt 1.3170
[stage2] epoch 47/50 step 22 | loss 2.0181 | train det 0.0289 seg 0.0471 cnt 1.2072 | shared_pairs det_seg 107/288 det_cnt 121/288 seg_cnt 60/288 | scores det_seg 1.5267 det_cnt 4.0335 seg_cnt -1.4038
[stage2] epoch 47/50 step 23 | loss 1.7244 | train det 0.0177 seg 0.0530 cnt 1.0357 | shared_pairs det_seg 104/288 det_cnt 98/288 seg_cnt 86/288 | scores det_seg 1.0019 det_cnt 3.2334 seg_cnt -1.6407
[stage2] epoch 47/50 step 24 | loss 1.0928 | train det 0.0114 seg 0.0441 cnt 0.5693 | shared_pairs det_seg 116/288 det_cnt 101/288 seg_cnt 71/288 | scores det_seg 1.0437 det_cnt 2.2583 seg_cnt -2.4039
[stage2] epoch 47/50 step 25 | loss 28.8145 | train det 0.1084 seg 0.0553 cnt 26.7455 | shared_pairs det_seg 91/288 det_cnt 106/288 seg_cnt 91/288 | scores det_seg -1.3571 det_cnt 0.2216 seg_cnt 1.0265
[stage2] epoch 47/50 step 26 | loss 2.5820 | train det 0.0128 seg 0.0574 cnt 1.9317 | shared_pairs det_seg 115/288 det_cnt 109/288 seg_cnt 64/288 | scores det_seg 2.9528 det_cnt 0.7797 seg_cnt -2.6971
[stage2] epoch 47/50 step 27 | loss 3.1939 | train det 0.0379 seg 0.1999 cnt 1.0262 | shared_pairs det_seg 103/288 det_cnt 122/288 seg_cnt 63/288 | scores det_seg -0.3842 det_cnt 5.0925 seg_cnt -1.3445
[stage2] epoch 47/50 step 28 | loss 6.7905 | train det 0.0618 seg 0.1000 cnt 5.0629 | shared_pairs det_seg 110/288 det_cnt 96/288 seg_cnt 82/288 | scores det_seg 3.8842 det_cnt 0.8070 seg_cnt 1.7750
[stage2] epoch 47/50 step 29 | loss 1.2347 | train det 0.0271 seg 0.0207 cnt 0.6627 | shared_pairs det_seg 97/288 det_cnt 99/288 seg_cnt 92/288 | scores det_seg -0.4872 det_cnt 3.1310 seg_cnt 3.1052
[stage2] epoch 47/50 step 30 | loss 3.3375 | train det 0.0410 seg 0.1109 cnt 1.8359 | shared_pairs det_seg 104/288 det_cnt 109/288 seg_cnt 75/288 | scores det_seg 2.8682 det_cnt 1.2716 seg_cnt -2.3577
[stage2] epoch 47/50 step 31 | loss 2.8069 | train det 0.0240 seg 0.1088 cnt 1.5769 | shared_pairs det_seg 112/288 det_cnt 92/288 seg_cnt 84/288 | scores det_seg 2.3691 det_cnt 1.0982 seg_cnt 3.0374
[stage2] epoch 47/50 step 32 | loss 1.5451 | train det 0.0286 seg 0.0949 cnt 0.3571 | shared_pairs det_seg 99/288 det_cnt 106/288 seg_cnt 83/288 | scores det_seg 0.0747 det_cnt 1.4504 seg_cnt -1.3707
[stage2] epoch 47/50 step 33 | loss 1.9323 | train det 0.0512 seg 0.0747 cnt 0.5669 | shared_pairs det_seg 103/288 det_cnt 110/288 seg_cnt 75/288 | scores det_seg -3.7912 det_cnt 2.4643 seg_cnt -2.3837
[stage2] epoch 47/50 step 34 | loss 2.2288 | train det 0.0314 seg 0.0492 cnt 1.3644 | shared_pairs det_seg 125/288 det_cnt 97/288 seg_cnt 66/288 | scores det_seg 1.0294 det_cnt 1.9253 seg_cnt -5.2447
[stage2] epoch 47/50 step 35 | loss 1.2962 | train det 0.0182 seg 0.0826 cnt 0.3618 | shared_pairs det_seg 94/288 det_cnt 103/288 seg_cnt 91/288 | scores det_seg -1.1460 det_cnt -2.6592 seg_cnt -0.9075
[stage2] epoch 47/50 step 36 | loss 1.7382 | train det 0.0093 seg 0.0348 cnt 1.3201 | shared_pairs det_seg 93/288 det_cnt 95/288 seg_cnt 100/288 | scores det_seg -2.1103 det_cnt -1.6534 seg_cnt 4.9753
[stage2] epoch 47/50 step 37 | loss 2.3178 | train det 0.0071 seg 0.1138 cnt 1.3007 | shared_pairs det_seg 110/288 det_cnt 105/288 seg_cnt 73/288 | scores det_seg 0.5585 det_cnt 2.0900 seg_cnt -0.5503
[stage2] epoch 47/50 step 38 | loss 1.8469 | train det 0.0141 seg 0.0880 cnt 0.9323 | shared_pairs det_seg 131/288 det_cnt 87/288 seg_cnt 70/288 | scores det_seg 6.4441 det_cnt -4.5476 seg_cnt -2.9233
[stage2] epoch 47/50 step 39 | loss 2.0165 | train det 0.0283 seg 0.0707 cnt 1.0258 | shared_pairs det_seg 110/288 det_cnt 96/288 seg_cnt 82/288 | scores det_seg -1.1300 det_cnt -1.5637 seg_cnt -1.0602
[stage2] epoch 47/50 step 40 | loss 3.5372 | train det 0.0302 seg 0.2199 cnt 1.3253 | shared_pairs det_seg 110/288 det_cnt 103/288 seg_cnt 75/288 | scores det_seg -0.4403 det_cnt 3.7346 seg_cnt 3.4748
[stage2] epoch 47/50 step 41 | loss 4.4700 | train det 0.0191 seg 0.0647 cnt 3.6663 | shared_pairs det_seg 105/288 det_cnt 102/288 seg_cnt 81/288 | scores det_seg 0.3615 det_cnt -0.7996 seg_cnt -1.3666
[stage2] epoch 47/50 step 42 | loss 3.6639 | train det 0.0621 seg 0.0924 cnt 1.9940 | shared_pairs det_seg 115/288 det_cnt 110/288 seg_cnt 63/288 | scores det_seg 4.4774 det_cnt 1.5766 seg_cnt -1.9669
[stage2] epoch 47/50 step 43 | loss 3.0865 | train det 0.0204 seg 0.0336 cnt 2.5121 | shared_pairs det_seg 101/288 det_cnt 116/288 seg_cnt 71/288 | scores det_seg -4.7004 det_cnt 0.5817 seg_cnt -2.1755
[stage2] epoch 47/50 | train 3.7612 | det 0.0391 seg 0.0817 cnt 2.5214 | selected_by_matrix_unit det_seg 4520 det_cnt 4428 seg_cnt 3436
[stage2] epoch 47 | val det 0.5139 seg 0.9748 miou 0.6567 cnt 3.3126 dens 8.269431e-01 mae 2.4857 total_mae 11.6312 | ap50 0.6585 | combo 1.717525
[stage2] epoch 48/50 step 1 | loss 3.1961 | train det 0.1029 seg 0.1125 cnt 0.7520 | shared_pairs det_seg 98/288 det_cnt 111/288 seg_cnt 79/288 | scores det_seg 0.1343 det_cnt 4.9286 seg_cnt 6.0137
[stage2] epoch 48/50 step 2 | loss 26.5706 | train det 0.0298 seg 0.1070 cnt 25.2675 | shared_pairs det_seg 103/288 det_cnt 104/288 seg_cnt 81/288 | scores det_seg 0.9864 det_cnt -2.4142 seg_cnt -2.5947
[stage2] epoch 48/50 step 3 | loss 1.6423 | train det 0.0555 seg 0.0307 cnt 0.5640 | shared_pairs det_seg 117/288 det_cnt 89/288 seg_cnt 82/288 | scores det_seg 2.0261 det_cnt -0.5883 seg_cnt 2.2483
[stage2] epoch 48/50 step 4 | loss 1.7623 | train det 0.0123 seg 0.0636 cnt 1.0699 | shared_pairs det_seg 107/288 det_cnt 106/288 seg_cnt 75/288 | scores det_seg 1.8419 det_cnt 2.5436 seg_cnt 1.1714
[stage2] epoch 48/50 step 5 | loss 2.8411 | train det 0.0787 seg 0.1266 cnt 0.6477 | shared_pairs det_seg 105/288 det_cnt 98/288 seg_cnt 85/288 | scores det_seg -0.5210 det_cnt 0.0065 seg_cnt 2.7952
[stage2] epoch 48/50 step 6 | loss 1.5764 | train det 0.0284 seg 0.0240 cnt 0.9583 | shared_pairs det_seg 112/288 det_cnt 80/288 seg_cnt 96/288 | scores det_seg -0.9615 det_cnt -4.9330 seg_cnt 3.8055
[stage2] epoch 48/50 step 7 | loss 2.6869 | train det 0.0139 seg 0.0999 cnt 1.6797 | shared_pairs det_seg 99/288 det_cnt 109/288 seg_cnt 80/288 | scores det_seg -0.6293 det_cnt -0.3544 seg_cnt -2.5531
[stage2] epoch 48/50 step 8 | loss 2.8683 | train det 0.0581 seg 0.0925 cnt 1.2570 | shared_pairs det_seg 101/288 det_cnt 109/288 seg_cnt 78/288 | scores det_seg 1.7839 det_cnt -0.6549 seg_cnt 0.6488
[stage2] epoch 48/50 step 9 | loss 2.4937 | train det 0.0181 seg 0.0917 cnt 1.4890 | shared_pairs det_seg 88/288 det_cnt 105/288 seg_cnt 95/288 | scores det_seg -1.0167 det_cnt -0.3627 seg_cnt 2.5528
[stage2] epoch 48/50 step 10 | loss 2.2831 | train det 0.0153 seg 0.2117 cnt 0.3607 | shared_pairs det_seg 102/288 det_cnt 108/288 seg_cnt 78/288 | scores det_seg 0.1757 det_cnt 4.8922 seg_cnt 2.0396
[stage2] epoch 48/50 step 11 | loss 1.3562 | train det 0.0287 seg 0.0529 cnt 0.5026 | shared_pairs det_seg 118/288 det_cnt 98/288 seg_cnt 72/288 | scores det_seg 4.3482 det_cnt -1.3886 seg_cnt -0.8109
[stage2] epoch 48/50 step 12 | loss 2.3248 | train det 0.0649 seg 0.0689 cnt 0.7994 | shared_pairs det_seg 95/288 det_cnt 114/288 seg_cnt 79/288 | scores det_seg -0.4753 det_cnt -1.2282 seg_cnt 2.9798
[stage2] epoch 48/50 step 13 | loss 3.0123 | train det 0.0246 seg 0.0622 cnt 2.1456 | shared_pairs det_seg 114/288 det_cnt 97/288 seg_cnt 77/288 | scores det_seg -2.7323 det_cnt -0.9089 seg_cnt 1.3945
[stage2] epoch 48/50 step 14 | loss 1.4954 | train det 0.0207 seg 0.0494 cnt 0.7905 | shared_pairs det_seg 115/288 det_cnt 88/288 seg_cnt 85/288 | scores det_seg -0.4074 det_cnt -1.2942 seg_cnt -0.3660
[stage2] epoch 48/50 step 15 | loss 2.4632 | train det 0.0383 seg 0.0744 cnt 1.2933 | shared_pairs det_seg 91/288 det_cnt 114/288 seg_cnt 83/288 | scores det_seg -0.7618 det_cnt 1.0434 seg_cnt -0.3472
[stage2] epoch 48/50 step 16 | loss 2.1239 | train det 0.0161 seg 0.0716 cnt 1.3102 | shared_pairs det_seg 103/288 det_cnt 103/288 seg_cnt 82/288 | scores det_seg 1.1329 det_cnt 1.4202 seg_cnt 0.3380
[stage2] epoch 48/50 step 17 | loss 1.4860 | train det 0.0295 seg 0.0593 cnt 0.5693 | shared_pairs det_seg 105/288 det_cnt 107/288 seg_cnt 76/288 | scores det_seg 0.1456 det_cnt 1.6534 seg_cnt -0.9408
[stage2] epoch 48/50 step 18 | loss 4.9014 | train det 0.0800 seg 0.1068 cnt 2.8478 | shared_pairs det_seg 107/288 det_cnt 100/288 seg_cnt 81/288 | scores det_seg 0.1509 det_cnt -2.1688 seg_cnt -4.6654
[stage2] epoch 48/50 step 19 | loss 2.7054 | train det 0.0185 seg 0.0929 cnt 1.6846 | shared_pairs det_seg 96/288 det_cnt 113/288 seg_cnt 79/288 | scores det_seg -3.7470 det_cnt 0.4709 seg_cnt -4.7536
[stage2] epoch 48/50 step 20 | loss 11.4990 | train det 0.1285 seg 0.0913 cnt 8.8419 | shared_pairs det_seg 98/288 det_cnt 104/288 seg_cnt 86/288 | scores det_seg 2.5560 det_cnt 0.5317 seg_cnt 1.4186
[stage2] epoch 48/50 step 21 | loss 2.5600 | train det 0.0292 seg 0.0657 cnt 1.5972 | shared_pairs det_seg 124/288 det_cnt 94/288 seg_cnt 70/288 | scores det_seg 2.7104 det_cnt -3.4868 seg_cnt -4.8214
[stage2] epoch 48/50 step 22 | loss 1.7899 | train det 0.0653 seg 0.0377 cnt 0.5096 | shared_pairs det_seg 94/288 det_cnt 100/288 seg_cnt 94/288 | scores det_seg -0.1222 det_cnt -2.4262 seg_cnt 3.1830
[stage2] epoch 48/50 step 23 | loss 2.0490 | train det 0.0135 seg 0.0635 cnt 1.3378 | shared_pairs det_seg 105/288 det_cnt 94/288 seg_cnt 89/288 | scores det_seg -4.5472 det_cnt -1.8530 seg_cnt -2.3917
[stage2] epoch 48/50 step 24 | loss 1.5182 | train det 0.0250 seg 0.0364 cnt 0.8522 | shared_pairs det_seg 126/288 det_cnt 93/288 seg_cnt 69/288 | scores det_seg 2.2553 det_cnt -3.7520 seg_cnt -4.9569
[stage2] epoch 48/50 step 25 | loss 1.4606 | train det 0.0225 seg 0.0505 cnt 0.7197 | shared_pairs det_seg 96/288 det_cnt 107/288 seg_cnt 85/288 | scores det_seg -2.4750 det_cnt -0.9990 seg_cnt 0.6765
[stage2] epoch 48/50 step 26 | loss 21.3992 | train det 0.0211 seg 0.0911 cnt 20.3534 | shared_pairs det_seg 107/288 det_cnt 110/288 seg_cnt 71/288 | scores det_seg 2.4349 det_cnt 5.7918 seg_cnt 0.5845
[stage2] epoch 48/50 step 27 | loss 1.3215 | train det 0.0051 seg 0.0886 cnt 0.5359 | shared_pairs det_seg 114/288 det_cnt 95/288 seg_cnt 79/288 | scores det_seg -0.9583 det_cnt -0.6664 seg_cnt -2.5646
[stage2] epoch 48/50 step 28 | loss 2.3733 | train det 0.0520 seg 0.0598 cnt 1.1155 | shared_pairs det_seg 102/288 det_cnt 106/288 seg_cnt 80/288 | scores det_seg -0.6202 det_cnt -0.8153 seg_cnt -3.7492
[stage2] epoch 48/50 step 29 | loss 1.8387 | train det 0.0508 seg 0.0650 cnt 0.5557 | shared_pairs det_seg 108/288 det_cnt 99/288 seg_cnt 81/288 | scores det_seg -0.8254 det_cnt 4.1199 seg_cnt 0.7638
[stage2] epoch 48/50 step 30 | loss 1.4950 | train det 0.0122 seg 0.0246 cnt 1.1155 | shared_pairs det_seg 93/288 det_cnt 107/288 seg_cnt 88/288 | scores det_seg -0.6311 det_cnt -0.5047 seg_cnt -0.2544
[stage2] epoch 48/50 step 31 | loss 7.7706 | train det 0.3354 seg 0.1438 cnt 1.5891 | shared_pairs det_seg 109/288 det_cnt 84/288 seg_cnt 95/288 | scores det_seg 0.7151 det_cnt -4.3376 seg_cnt -1.5757
[stage2] epoch 48/50 step 32 | loss 2.7382 | train det 0.0731 seg 0.0636 cnt 1.1320 | shared_pairs det_seg 107/288 det_cnt 103/288 seg_cnt 78/288 | scores det_seg -0.2953 det_cnt 3.2947 seg_cnt 0.8182
[stage2] epoch 48/50 step 33 | loss 2.1650 | train det 0.0096 seg 0.0642 cnt 1.5075 | shared_pairs det_seg 109/288 det_cnt 98/288 seg_cnt 81/288 | scores det_seg 1.9980 det_cnt 3.1145 seg_cnt 1.1143
[stage2] epoch 48/50 step 34 | loss 1.8665 | train det 0.0305 seg 0.1299 cnt 0.3699 | shared_pairs det_seg 113/288 det_cnt 96/288 seg_cnt 79/288 | scores det_seg -1.0820 det_cnt -3.0540 seg_cnt -0.9351
[stage2] epoch 48/50 step 35 | loss 2.8942 | train det 0.0964 seg 0.1069 cnt 0.5922 | shared_pairs det_seg 123/288 det_cnt 94/288 seg_cnt 71/288 | scores det_seg 3.0657 det_cnt 0.3229 seg_cnt -4.1986
[stage2] epoch 48/50 step 36 | loss 1.7217 | train det 0.0132 seg 0.0738 cnt 0.9329 | shared_pairs det_seg 94/288 det_cnt 97/288 seg_cnt 97/288 | scores det_seg -2.2774 det_cnt -2.1100 seg_cnt 0.1562
[stage2] epoch 48/50 step 37 | loss 4.6279 | train det 0.0918 seg 0.1185 cnt 2.3029 | shared_pairs det_seg 103/288 det_cnt 106/288 seg_cnt 79/288 | scores det_seg -2.5164 det_cnt -1.5240 seg_cnt 0.6354
[stage2] epoch 48/50 step 38 | loss 1.7834 | train det 0.0249 seg 0.0721 cnt 0.8335 | shared_pairs det_seg 102/288 det_cnt 113/288 seg_cnt 73/288 | scores det_seg -1.5268 det_cnt 1.0555 seg_cnt -3.6804
[stage2] epoch 48/50 step 39 | loss 2.5065 | train det 0.0476 seg 0.0509 cnt 1.3855 | shared_pairs det_seg 112/288 det_cnt 73/288 seg_cnt 103/288 | scores det_seg -2.6580 det_cnt -6.2055 seg_cnt 1.6038
[stage2] epoch 48/50 step 40 | loss 1.9616 | train det 0.0153 seg 0.0637 cnt 1.2233 | shared_pairs det_seg 101/288 det_cnt 108/288 seg_cnt 79/288 | scores det_seg -1.9191 det_cnt 4.3038 seg_cnt -0.0322
[stage2] epoch 48/50 step 41 | loss 2.5422 | train det 0.0829 seg 0.0777 cnt 0.6774 | shared_pairs det_seg 99/288 det_cnt 111/288 seg_cnt 78/288 | scores det_seg 2.8268 det_cnt 3.3561 seg_cnt 2.8865
[stage2] epoch 48/50 step 42 | loss 4.2091 | train det 0.0294 seg 0.0520 cnt 3.3525 | shared_pairs det_seg 111/288 det_cnt 97/288 seg_cnt 80/288 | scores det_seg -2.0087 det_cnt 0.4407 seg_cnt -2.4244
[stage2] epoch 48/50 step 43 | loss 3.9204 | train det 0.0170 seg 0.2021 cnt 2.0490 | shared_pairs det_seg 96/288 det_cnt 114/288 seg_cnt 78/288 | scores det_seg 0.4964 det_cnt 2.8261 seg_cnt -1.0594
[stage2] epoch 48/50 | train 3.7163 | det 0.0471 seg 0.0812 cnt 2.3598 | selected_by_matrix_unit det_seg 4522 det_cnt 4356 seg_cnt 3506
[stage2] epoch 48 | val det 0.5168 seg 0.9650 miou 0.6579 cnt 3.3098 dens 8.263128e-01 mae 2.4834 total_mae 11.6248 | ap50 0.6588 | combo 1.719313
[stage2] epoch 49/50 step 1 | loss 5.4054 | train det 0.0584 seg 0.1726 cnt 3.1482 | shared_pairs det_seg 111/288 det_cnt 101/288 seg_cnt 76/288 | scores det_seg 2.2975 det_cnt 2.2428 seg_cnt 2.2263
[stage2] epoch 49/50 step 2 | loss 4.5805 | train det 0.0244 seg 0.1067 cnt 3.3607 | shared_pairs det_seg 111/288 det_cnt 102/288 seg_cnt 75/288 | scores det_seg -2.1273 det_cnt -0.9819 seg_cnt -1.0175
[stage2] epoch 49/50 step 3 | loss 6.0113 | train det 0.2899 seg 0.0790 cnt 1.0314 | shared_pairs det_seg 97/288 det_cnt 96/288 seg_cnt 95/288 | scores det_seg -0.7625 det_cnt 1.2708 seg_cnt 2.8670
[stage2] epoch 49/50 step 4 | loss 1.5680 | train det 0.0071 seg 0.0869 cnt 0.7665 | shared_pairs det_seg 117/288 det_cnt 106/288 seg_cnt 65/288 | scores det_seg -0.5722 det_cnt -0.3940 seg_cnt -4.1688
[stage2] epoch 49/50 step 5 | loss 1.4698 | train det 0.0182 seg 0.0681 cnt 0.6519 | shared_pairs det_seg 115/288 det_cnt 89/288 seg_cnt 84/288 | scores det_seg 0.4494 det_cnt -1.4887 seg_cnt 2.6069
[stage2] epoch 49/50 step 6 | loss 2.3146 | train det 0.0078 seg 0.0420 cnt 1.8606 | shared_pairs det_seg 101/288 det_cnt 103/288 seg_cnt 84/288 | scores det_seg -1.0022 det_cnt -0.2756 seg_cnt 1.9181
[stage2] epoch 49/50 step 7 | loss 1.8572 | train det 0.0106 seg 0.0981 cnt 0.9139 | shared_pairs det_seg 92/288 det_cnt 104/288 seg_cnt 92/288 | scores det_seg -1.7096 det_cnt 2.0495 seg_cnt 3.2396
[stage2] epoch 49/50 step 8 | loss 3.3627 | train det 0.0937 seg 0.0484 cnt 1.5708 | shared_pairs det_seg 95/288 det_cnt 111/288 seg_cnt 82/288 | scores det_seg 0.1672 det_cnt 3.5026 seg_cnt 0.3213
[stage2] epoch 49/50 step 9 | loss 3.5792 | train det 0.0348 seg 0.0262 cnt 2.8474 | shared_pairs det_seg 102/288 det_cnt 97/288 seg_cnt 89/288 | scores det_seg -1.4667 det_cnt 0.3472 seg_cnt 0.4188
[stage2] epoch 49/50 step 10 | loss 2.0437 | train det 0.0521 seg 0.0257 cnt 1.0573 | shared_pairs det_seg 98/288 det_cnt 108/288 seg_cnt 82/288 | scores det_seg -0.3803 det_cnt 1.1183 seg_cnt -1.7344
[stage2] epoch 49/50 step 11 | loss 5.2856 | train det 0.0605 seg 0.0364 cnt 4.0867 | shared_pairs det_seg 97/288 det_cnt 125/288 seg_cnt 66/288 | scores det_seg -2.5031 det_cnt 7.4264 seg_cnt -1.9303
[stage2] epoch 49/50 step 12 | loss 6.6822 | train det 0.0241 seg 0.0901 cnt 5.5993 | shared_pairs det_seg 103/288 det_cnt 89/288 seg_cnt 96/288 | scores det_seg -1.4708 det_cnt 0.1253 seg_cnt 1.8066
[stage2] epoch 49/50 step 13 | loss 2.4958 | train det 0.0215 seg 0.0263 cnt 1.9623 | shared_pairs det_seg 110/288 det_cnt 103/288 seg_cnt 75/288 | scores det_seg 2.7722 det_cnt 1.4525 seg_cnt -1.7329
[stage2] epoch 49/50 step 14 | loss 3.5740 | train det 0.0552 seg 0.1711 cnt 1.3762 | shared_pairs det_seg 104/288 det_cnt 104/288 seg_cnt 80/288 | scores det_seg 1.0145 det_cnt -1.1909 seg_cnt 0.3462
[stage2] epoch 49/50 step 15 | loss 1.2787 | train det 0.0121 seg 0.0568 cnt 0.6429 | shared_pairs det_seg 86/288 det_cnt 139/288 seg_cnt 63/288 | scores det_seg 0.5259 det_cnt 9.5999 seg_cnt -5.6135
[stage2] epoch 49/50 step 16 | loss 2.1569 | train det 0.0227 seg 0.1159 cnt 0.8889 | shared_pairs det_seg 97/288 det_cnt 113/288 seg_cnt 78/288 | scores det_seg 1.2959 det_cnt 5.0937 seg_cnt 0.3984
[stage2] epoch 49/50 step 17 | loss 2.6954 | train det 0.0243 seg 0.0754 cnt 1.7282 | shared_pairs det_seg 98/288 det_cnt 121/288 seg_cnt 69/288 | scores det_seg -0.9331 det_cnt 2.5013 seg_cnt -1.0886
[stage2] epoch 49/50 step 18 | loss 2.8209 | train det 0.0394 seg 0.0768 cnt 1.6161 | shared_pairs det_seg 102/288 det_cnt 96/288 seg_cnt 90/288 | scores det_seg -1.9530 det_cnt -1.7417 seg_cnt -0.0911
[stage2] epoch 49/50 step 19 | loss 2.1510 | train det 0.0191 seg 0.0744 cnt 1.2691 | shared_pairs det_seg 101/288 det_cnt 116/288 seg_cnt 71/288 | scores det_seg -1.5742 det_cnt 2.3107 seg_cnt -0.4601
[stage2] epoch 49/50 step 20 | loss 2.9209 | train det 0.0365 seg 0.0870 cnt 1.6777 | shared_pairs det_seg 121/288 det_cnt 99/288 seg_cnt 68/288 | scores det_seg 8.4792 det_cnt 2.7289 seg_cnt 0.3134
[stage2] epoch 49/50 step 21 | loss 3.4407 | train det 0.0274 seg 0.0222 cnt 2.8519 | shared_pairs det_seg 105/288 det_cnt 105/288 seg_cnt 78/288 | scores det_seg 2.5550 det_cnt 1.9316 seg_cnt -0.7135
[stage2] epoch 49/50 step 22 | loss 7.9229 | train det 0.3089 seg 0.1203 cnt 2.3264 | shared_pairs det_seg 105/288 det_cnt 117/288 seg_cnt 66/288 | scores det_seg -0.4995 det_cnt 5.8252 seg_cnt -4.1634
[stage2] epoch 49/50 step 23 | loss 2.0456 | train det 0.0319 seg 0.0778 cnt 0.9448 | shared_pairs det_seg 100/288 det_cnt 101/288 seg_cnt 87/288 | scores det_seg -5.0502 det_cnt -2.2692 seg_cnt 0.4252
[stage2] epoch 49/50 step 24 | loss 1.7113 | train det 0.0230 seg 0.0576 cnt 0.9055 | shared_pairs det_seg 106/288 det_cnt 97/288 seg_cnt 85/288 | scores det_seg -1.8003 det_cnt -3.1583 seg_cnt 1.0333
[stage2] epoch 49/50 step 25 | loss 5.8679 | train det 0.1140 seg 0.0617 cnt 3.6648 | shared_pairs det_seg 118/288 det_cnt 97/288 seg_cnt 73/288 | scores det_seg -0.1733 det_cnt -0.7960 seg_cnt -1.6842
[stage2] epoch 49/50 step 26 | loss 4.1254 | train det 0.0049 seg 0.0543 cnt 3.6174 | shared_pairs det_seg 93/288 det_cnt 99/288 seg_cnt 96/288 | scores det_seg 0.4093 det_cnt 0.9023 seg_cnt 0.5313
[stage2] epoch 49/50 step 27 | loss 2.5980 | train det 0.0557 seg 0.1020 cnt 0.9468 | shared_pairs det_seg 101/288 det_cnt 78/288 seg_cnt 109/288 | scores det_seg -1.6082 det_cnt -3.4070 seg_cnt 2.8187
[stage2] epoch 49/50 step 28 | loss 1.8566 | train det 0.0279 seg 0.0911 cnt 0.7091 | shared_pairs det_seg 110/288 det_cnt 95/288 seg_cnt 83/288 | scores det_seg 1.3522 det_cnt -1.5690 seg_cnt -2.0855
[stage2] epoch 49/50 step 29 | loss 1.4762 | train det 0.0222 seg 0.0655 cnt 0.6193 | shared_pairs det_seg 104/288 det_cnt 100/288 seg_cnt 84/288 | scores det_seg -0.5258 det_cnt -3.7720 seg_cnt 0.8949
[stage2] epoch 49/50 step 30 | loss 3.5170 | train det 0.0837 seg 0.0359 cnt 1.9747 | shared_pairs det_seg 97/288 det_cnt 109/288 seg_cnt 82/288 | scores det_seg -2.2718 det_cnt -0.8355 seg_cnt -1.2485
[stage2] epoch 49/50 step 31 | loss 2.2297 | train det 0.0195 seg 0.1270 cnt 0.9213 | shared_pairs det_seg 90/288 det_cnt 122/288 seg_cnt 76/288 | scores det_seg 0.5888 det_cnt 3.6754 seg_cnt 2.6102
[stage2] epoch 49/50 step 32 | loss 2.8510 | train det 0.0296 seg 0.1122 cnt 1.5090 | shared_pairs det_seg 110/288 det_cnt 107/288 seg_cnt 71/288 | scores det_seg 1.2082 det_cnt 0.2489 seg_cnt -0.5995
[stage2] epoch 49/50 step 33 | loss 3.2391 | train det 0.0148 seg 0.0295 cnt 2.7811 | shared_pairs det_seg 108/288 det_cnt 93/288 seg_cnt 87/288 | scores det_seg -1.5166 det_cnt -3.9346 seg_cnt 0.5084
[stage2] epoch 49/50 step 34 | loss 2.9859 | train det 0.0876 seg 0.0642 cnt 1.1581 | shared_pairs det_seg 98/288 det_cnt 106/288 seg_cnt 84/288 | scores det_seg -0.7356 det_cnt 1.6153 seg_cnt 3.3368
[stage2] epoch 49/50 step 35 | loss 5.5120 | train det 0.0238 seg 0.0794 cnt 4.5193 | shared_pairs det_seg 110/288 det_cnt 99/288 seg_cnt 79/288 | scores det_seg 2.4108 det_cnt 0.4335 seg_cnt 2.4119
[stage2] epoch 49/50 step 36 | loss 7.0907 | train det 0.0079 seg 0.1892 cnt 5.4591 | shared_pairs det_seg 100/288 det_cnt 93/288 seg_cnt 95/288 | scores det_seg -0.4059 det_cnt -4.8926 seg_cnt 2.5887
[stage2] epoch 49/50 step 37 | loss 2.7026 | train det 0.0429 seg 0.0537 cnt 1.6293 | shared_pairs det_seg 99/288 det_cnt 98/288 seg_cnt 91/288 | scores det_seg -1.1294 det_cnt -3.4997 seg_cnt -0.4565
[stage2] epoch 49/50 step 38 | loss 2.4777 | train det 0.0225 seg 0.1006 cnt 1.3354 | shared_pairs det_seg 101/288 det_cnt 97/288 seg_cnt 90/288 | scores det_seg -4.0696 det_cnt 0.6622 seg_cnt 2.8959
[stage2] epoch 49/50 step 39 | loss 6.1387 | train det 0.3133 seg 0.1057 cnt 0.5935 | shared_pairs det_seg 121/288 det_cnt 94/288 seg_cnt 73/288 | scores det_seg 3.9037 det_cnt -0.1989 seg_cnt -0.4184
[stage2] epoch 49/50 step 40 | loss 2.2584 | train det 0.0088 seg 0.1652 cnt 0.8048 | shared_pairs det_seg 102/288 det_cnt 91/288 seg_cnt 95/288 | scores det_seg -0.6537 det_cnt -1.8057 seg_cnt -0.4889
[stage2] epoch 49/50 step 41 | loss 2.9255 | train det 0.0202 seg 0.1407 cnt 1.4967 | shared_pairs det_seg 101/288 det_cnt 97/288 seg_cnt 90/288 | scores det_seg 1.3194 det_cnt 1.3755 seg_cnt 5.8998
[stage2] epoch 49/50 step 42 | loss 2.5356 | train det 0.0100 seg 0.0964 cnt 1.6147 | shared_pairs det_seg 117/288 det_cnt 95/288 seg_cnt 76/288 | scores det_seg -2.5421 det_cnt -2.6916 seg_cnt -4.2197
[stage2] epoch 49/50 step 43 | loss 2.2312 | train det 0.0151 seg 0.0986 cnt 1.2168 | shared_pairs det_seg 99/288 det_cnt 114/288 seg_cnt 75/288 | scores det_seg -2.0563 det_cnt 4.2551 seg_cnt -2.4260
[stage2] epoch 49/50 | train 3.3487 | det 0.0518 seg 0.0841 cnt 1.8990 | selected_by_matrix_unit det_seg 4453 det_cnt 4426 seg_cnt 3505
[stage2] epoch 49 | val det 0.5295 seg 0.9749 miou 0.6567 cnt 3.3199 dens 8.269596e-01 mae 2.4929 total_mae 11.5435 | ap50 0.6596 | combo 1.717472
[stage2] epoch 50/50 step 1 | loss 3.1564 | train det 0.0239 seg 0.1774 cnt 1.3780 | shared_pairs det_seg 108/288 det_cnt 93/288 seg_cnt 87/288 | scores det_seg -0.9200 det_cnt -3.4192 seg_cnt 1.3585
[stage2] epoch 50/50 step 2 | loss 1.8446 | train det 0.0185 seg 0.1089 cnt 0.6963 | shared_pairs det_seg 110/288 det_cnt 91/288 seg_cnt 87/288 | scores det_seg 0.7674 det_cnt -6.0318 seg_cnt 0.0334
[stage2] epoch 50/50 step 3 | loss 2.4842 | train det 0.0260 seg 0.1919 cnt 0.5590 | shared_pairs det_seg 97/288 det_cnt 120/288 seg_cnt 71/288 | scores det_seg 2.0791 det_cnt 6.0320 seg_cnt 1.8806
[stage2] epoch 50/50 step 4 | loss 3.7575 | train det 0.1146 seg 0.0906 cnt 1.3143 | shared_pairs det_seg 101/288 det_cnt 109/288 seg_cnt 78/288 | scores det_seg 3.2299 det_cnt 1.4615 seg_cnt 0.1325
[stage2] epoch 50/50 step 5 | loss 1.5983 | train det 0.0119 seg 0.0883 cnt 0.7131 | shared_pairs det_seg 111/288 det_cnt 97/288 seg_cnt 80/288 | scores det_seg 0.3965 det_cnt 0.5846 seg_cnt -0.2009
[stage2] epoch 50/50 step 6 | loss 0.9178 | train det 0.0099 seg 0.0634 cnt 0.2622 | shared_pairs det_seg 98/288 det_cnt 113/288 seg_cnt 77/288 | scores det_seg -0.4016 det_cnt 5.4925 seg_cnt 0.4601
[stage2] epoch 50/50 step 7 | loss 1.6124 | train det 0.0127 seg 0.1074 cnt 0.5624 | shared_pairs det_seg 113/288 det_cnt 91/288 seg_cnt 84/288 | scores det_seg -0.5351 det_cnt -2.3322 seg_cnt 3.5271
[stage2] epoch 50/50 step 8 | loss 2.3778 | train det 0.0187 seg 0.0734 cnt 1.5098 | shared_pairs det_seg 107/288 det_cnt 102/288 seg_cnt 79/288 | scores det_seg 1.5202 det_cnt 0.3354 seg_cnt 0.9686
[stage2] epoch 50/50 step 9 | loss 4.4087 | train det 0.0365 seg 0.0681 cnt 3.3155 | shared_pairs det_seg 105/288 det_cnt 109/288 seg_cnt 74/288 | scores det_seg 0.6634 det_cnt 1.5105 seg_cnt -0.5957
[stage2] epoch 50/50 step 10 | loss 7.4114 | train det 0.3058 seg 0.0542 cnt 2.3901 | shared_pairs det_seg 110/288 det_cnt 90/288 seg_cnt 88/288 | scores det_seg 3.3084 det_cnt -2.8129 seg_cnt -0.7561
[stage2] epoch 50/50 step 11 | loss 2.8335 | train det 0.0253 seg 0.0766 cnt 1.8413 | shared_pairs det_seg 110/288 det_cnt 98/288 seg_cnt 80/288 | scores det_seg 1.4840 det_cnt 1.0464 seg_cnt 1.0702
[stage2] epoch 50/50 step 12 | loss 2.4560 | train det 0.0268 seg 0.1069 cnt 1.1989 | shared_pairs det_seg 103/288 det_cnt 92/288 seg_cnt 93/288 | scores det_seg -0.2966 det_cnt 0.0567 seg_cnt -0.0486
[stage2] epoch 50/50 step 13 | loss 2.2813 | train det 0.0116 seg 0.0675 cnt 1.5670 | shared_pairs det_seg 98/288 det_cnt 110/288 seg_cnt 80/288 | scores det_seg 0.5082 det_cnt 2.5835 seg_cnt -1.7151
[stage2] epoch 50/50 step 14 | loss 1.3340 | train det 0.0055 seg 0.0948 cnt 0.4926 | shared_pairs det_seg 87/288 det_cnt 100/288 seg_cnt 101/288 | scores det_seg -3.3082 det_cnt -1.5280 seg_cnt 2.9418
[stage2] epoch 50/50 step 15 | loss 2.1796 | train det 0.0377 seg 0.0830 cnt 0.9502 | shared_pairs det_seg 121/288 det_cnt 90/288 seg_cnt 77/288 | scores det_seg 0.4502 det_cnt -5.4911 seg_cnt -1.7819
[stage2] epoch 50/50 step 16 | loss 3.4608 | train det 0.0683 seg 0.0343 cnt 2.1626 | shared_pairs det_seg 115/288 det_cnt 101/288 seg_cnt 72/288 | scores det_seg 2.1855 det_cnt -0.9263 seg_cnt -0.3841
[stage2] epoch 50/50 step 17 | loss 2.4589 | train det 0.0665 seg 0.0656 cnt 0.9361 | shared_pairs det_seg 99/288 det_cnt 101/288 seg_cnt 88/288 | scores det_seg -3.8340 det_cnt 1.6348 seg_cnt 0.3246
[stage2] epoch 50/50 step 18 | loss 1.3269 | train det 0.0111 seg 0.0691 cnt 0.6083 | shared_pairs det_seg 102/288 det_cnt 96/288 seg_cnt 90/288 | scores det_seg -0.3962 det_cnt 0.1406 seg_cnt 0.9661
[stage2] epoch 50/50 step 19 | loss 4.1440 | train det 0.0904 seg 0.1055 cnt 1.9447 | shared_pairs det_seg 99/288 det_cnt 117/288 seg_cnt 72/288 | scores det_seg -0.7770 det_cnt 2.6743 seg_cnt 3.8814
[stage2] epoch 50/50 step 20 | loss 3.7663 | train det 0.0296 seg 0.0715 cnt 2.7510 | shared_pairs det_seg 99/288 det_cnt 110/288 seg_cnt 79/288 | scores det_seg -2.7351 det_cnt 0.6269 seg_cnt 2.8369
[stage2] epoch 50/50 step 21 | loss 3.0826 | train det 0.0505 seg 0.1333 cnt 1.2586 | shared_pairs det_seg 117/288 det_cnt 86/288 seg_cnt 85/288 | scores det_seg 0.7004 det_cnt -4.6352 seg_cnt 1.7650
[stage2] epoch 50/50 step 22 | loss 2.4078 | train det 0.0302 seg 0.0504 cnt 1.5517 | shared_pairs det_seg 98/288 det_cnt 111/288 seg_cnt 79/288 | scores det_seg -3.6028 det_cnt 0.4570 seg_cnt -1.3383
[stage2] epoch 50/50 step 23 | loss 2.7716 | train det 0.0238 seg 0.0650 cnt 1.8950 | shared_pairs det_seg 103/288 det_cnt 99/288 seg_cnt 86/288 | scores det_seg -3.0526 det_cnt -0.1514 seg_cnt -1.8927
[stage2] epoch 50/50 step 24 | loss 2.2650 | train det 0.0309 seg 0.1318 cnt 0.7473 | shared_pairs det_seg 104/288 det_cnt 109/288 seg_cnt 75/288 | scores det_seg 1.6551 det_cnt 0.0790 seg_cnt 0.7109
[stage2] epoch 50/50 step 25 | loss 2.7941 | train det 0.0174 seg 0.1360 cnt 1.4456 | shared_pairs det_seg 107/288 det_cnt 104/288 seg_cnt 77/288 | scores det_seg 0.8539 det_cnt 1.9846 seg_cnt -0.7684
[stage2] epoch 50/50 step 26 | loss 1.7469 | train det 0.0027 seg 0.1251 cnt 0.7062 | shared_pairs det_seg 78/288 det_cnt 128/288 seg_cnt 82/288 | scores det_seg -2.9474 det_cnt 5.0612 seg_cnt 0.3601
[stage2] epoch 50/50 step 27 | loss 1.3948 | train det 0.0087 seg 0.0824 cnt 0.6059 | shared_pairs det_seg 115/288 det_cnt 94/288 seg_cnt 79/288 | scores det_seg 4.3270 det_cnt 2.6703 seg_cnt -0.4954
[stage2] epoch 50/50 step 28 | loss 2.4210 | train det 0.0283 seg 0.0866 cnt 1.3032 | shared_pairs det_seg 91/288 det_cnt 113/288 seg_cnt 84/288 | scores det_seg -3.6288 det_cnt 2.2347 seg_cnt -0.4901
[stage2] epoch 50/50 step 29 | loss 5.2781 | train det 0.2803 seg 0.0593 cnt 0.5983 | shared_pairs det_seg 101/288 det_cnt 93/288 seg_cnt 94/288 | scores det_seg -0.2083 det_cnt -3.2081 seg_cnt 0.2619
[stage2] epoch 50/50 step 30 | loss 0.8106 | train det 0.0068 seg 0.0541 cnt 0.2755 | shared_pairs det_seg 95/288 det_cnt 112/288 seg_cnt 81/288 | scores det_seg -1.1851 det_cnt 2.8894 seg_cnt -2.7355
[stage2] epoch 50/50 step 31 | loss 1.5089 | train det 0.0152 seg 0.0906 cnt 0.5557 | shared_pairs det_seg 126/288 det_cnt 86/288 seg_cnt 76/288 | scores det_seg 3.4794 det_cnt -3.6140 seg_cnt -3.3324
[stage2] epoch 50/50 step 32 | loss 3.3782 | train det 0.0515 seg 0.1305 cnt 1.5612 | shared_pairs det_seg 106/288 det_cnt 84/288 seg_cnt 98/288 | scores det_seg 0.2683 det_cnt 2.4604 seg_cnt 4.0062
[stage2] epoch 50/50 step 33 | loss 3.5939 | train det 0.0192 seg 0.0236 cnt 3.1169 | shared_pairs det_seg 111/288 det_cnt 102/288 seg_cnt 75/288 | scores det_seg 0.3617 det_cnt -0.2703 seg_cnt -1.5319
[stage2] epoch 50/50 step 34 | loss 3.7785 | train det 0.0129 seg 0.0686 cnt 3.0364 | shared_pairs det_seg 105/288 det_cnt 100/288 seg_cnt 83/288 | scores det_seg 0.4078 det_cnt 0.9071 seg_cnt -0.5663
[stage2] epoch 50/50 step 35 | loss 2.5276 | train det 0.0175 seg 0.0668 cnt 1.7303 | shared_pairs det_seg 111/288 det_cnt 89/288 seg_cnt 88/288 | scores det_seg -1.7848 det_cnt -3.8784 seg_cnt -0.2843
[stage2] epoch 50/50 step 36 | loss 2.3612 | train det 0.0147 seg 0.1114 cnt 1.2498 | shared_pairs det_seg 122/288 det_cnt 99/288 seg_cnt 67/288 | scores det_seg 0.7927 det_cnt -2.1797 seg_cnt -4.1016
[stage2] epoch 50/50 step 37 | loss 3.0086 | train det 0.0198 seg 0.1720 cnt 1.3352 | shared_pairs det_seg 92/288 det_cnt 109/288 seg_cnt 87/288 | scores det_seg -3.7437 det_cnt -3.0061 seg_cnt 0.2354
[stage2] epoch 50/50 step 38 | loss 0.9141 | train det 0.0167 seg 0.0260 cnt 0.4558 | shared_pairs det_seg 117/288 det_cnt 87/288 seg_cnt 84/288 | scores det_seg 0.9331 det_cnt -1.4479 seg_cnt 0.9122
[stage2] epoch 50/50 step 39 | loss 1.9850 | train det 0.0296 seg 0.0742 cnt 0.9482 | shared_pairs det_seg 102/288 det_cnt 98/288 seg_cnt 88/288 | scores det_seg -0.3451 det_cnt -1.7238 seg_cnt 2.6947
[stage2] epoch 50/50 step 40 | loss 5.0279 | train det 0.1403 seg 0.0722 cnt 2.3464 | shared_pairs det_seg 104/288 det_cnt 109/288 seg_cnt 75/288 | scores det_seg -2.2645 det_cnt 3.3696 seg_cnt -2.0190
[stage2] epoch 50/50 step 41 | loss 1.3997 | train det 0.0150 seg 0.0154 cnt 1.0518 | shared_pairs det_seg 114/288 det_cnt 95/288 seg_cnt 79/288 | scores det_seg 1.0188 det_cnt -5.0848 seg_cnt -3.5705
[stage2] epoch 50/50 step 42 | loss 2.4169 | train det 0.0130 seg 0.2023 cnt 0.6036 | shared_pairs det_seg 86/288 det_cnt 110/288 seg_cnt 92/288 | scores det_seg -1.8384 det_cnt 0.7999 seg_cnt 3.2476
[stage2] epoch 50/50 step 43 | loss 3.2907 | train det 0.0182 seg 0.1505 cnt 1.8136 | shared_pairs det_seg 109/288 det_cnt 88/288 seg_cnt 91/288 | scores det_seg -2.7472 det_cnt -0.1932 seg_cnt 0.2318
[stage2] epoch 50/50 | train 2.6971 | det 0.0422 seg 0.0913 cnt 1.3336 | selected_by_matrix_unit det_seg 4507 det_cnt 4335 seg_cnt 3542
[stage2] epoch 50 | val det 0.5300 seg 0.9756 miou 0.6570 cnt 3.2870 dens 8.254345e-01 mae 2.4616 total_mae 11.3125 | ap50 0.6582 | combo 1.721523
[ckpt] saved stage2 best -> runs/115_mainonly_1_10per/best_combo.pt (combo 1.730379)
swanlab: 🏠 View project at https://swanlab.cn/@blacknwhit/115_grpo_mainonly_1
swanlab: 🚀 View run at 
https://swanlab.cn/@blacknwhit/115_grpo_mainonly_1/runs/uwuzwojrrzqfpfk4c4opm
