WARNING:__main__:
*****************************************
Setting OMP_NUM_THREADS environment variable for each process to be 1 in default, to avoid your system being overloaded, please further tune the variable for optimal performance in your application as needed. 
*****************************************
[rank0]:[W415 11:46:27.141846403 ProcessGroupNCCL.cpp:4115] [PG ID 0 PG GUID 0 Rank 0]  using GPU 0 to perform barrier as devices used by this process are currently unknown. This can potentially cause a hang if this rank to GPU mapping is incorrect.Specify device_ids in barrier() to force use of a particular device,or call init_process_group() with a device_id.
[rank2]:[W415 11:46:27.616661872 ProcessGroupNCCL.cpp:4115] [PG ID 0 PG GUID 0 Rank 2]  using GPU 2 to perform barrier as devices used by this process are currently unknown. This can potentially cause a hang if this rank to GPU mapping is incorrect.Specify device_ids in barrier() to force use of a particular device,or call init_process_group() with a device_id.
[rank1]:[W415 11:46:27.691525935 ProcessGroupNCCL.cpp:4115] [PG ID 0 PG GUID 0 Rank 1]  using GPU 1 to perform barrier as devices used by this process are currently unknown. This can potentially cause a hang if this rank to GPU mapping is incorrect.Specify device_ids in barrier() to force use of a particular device,or call init_process_group() with a device_id.
[rank4]:[W415 11:46:28.041617790 ProcessGroupNCCL.cpp:4115] [PG ID 0 PG GUID 0 Rank 4]  using GPU 4 to perform barrier as devices used by this process are currently unknown. This can potentially cause a hang if this rank to GPU mapping is incorrect.Specify device_ids in barrier() to force use of a particular device,or call init_process_group() with a device_id.
[rank5]:[W415 11:46:28.041760213 ProcessGroupNCCL.cpp:4115] [PG ID 0 PG GUID 0 Rank 5]  using GPU 5 to perform barrier as devices used by this process are currently unknown. This can potentially cause a hang if this rank to GPU mapping is incorrect.Specify device_ids in barrier() to force use of a particular device,or call init_process_group() with a device_id.
[rank6]:[W415 11:46:28.099657660 ProcessGroupNCCL.cpp:4115] [PG ID 0 PG GUID 0 Rank 6]  using GPU 6 to perform barrier as devices used by this process are currently unknown. This can potentially cause a hang if this rank to GPU mapping is incorrect.Specify device_ids in barrier() to force use of a particular device,or call init_process_group() with a device_id.
[rank7]:[W415 11:46:28.099936286 ProcessGroupNCCL.cpp:4115] [PG ID 0 PG GUID 0 Rank 7]  using GPU 7 to perform barrier as devices used by this process are currently unknown. This can potentially cause a hang if this rank to GPU mapping is incorrect.Specify device_ids in barrier() to force use of a particular device,or call init_process_group() with a device_id.
[rank3]:[W415 11:46:28.133544696 ProcessGroupNCCL.cpp:4115] [PG ID 0 PG GUID 0 Rank 3]  using GPU 3 to perform barrier as devices used by this process are currently unknown. This can potentially cause a hang if this rank to GPU mapping is incorrect.Specify device_ids in barrier() to force use of a particular device,or call init_process_group() with a device_id.
swanlab: swanlab version 0.7.15 is available!  Upgrade: `pip install -U swanlab`
swanlab: Tracking run with swanlab version 0.7.14
swanlab: Run data will be saved locally in 
/data/xiangyuyue/ULLM-zf/fsl-20260209/runs/415_10per/swanlog/run-20260415_114643
-sa38el0e0jdvcoojlc4pq
swanlab: 👋 Hi blacknwhit,welcome to swanlab!
swanlab: Syncing run 415_10per to the cloud
swanlab: 🏠 View project at https://swanlab.cn/@blacknwhit/115_grpo_mainonly
swanlab: 🚀 View run at 
https://swanlab.cn/@blacknwhit/115_grpo_mainonly/runs/sa38el0e0jdvcoojlc4pq
[train] Backbone params: 0
[train] LoRA-MoE params: 6561792
[train] Det head params: 14875060
[train] Seg head params: 9451531
[train] Cnt head params: 9448456
[stage1] skipped; initialize stage2 from checkpoint: /data/xiangyuyue/ULLM-zf/fsl-20260209/best_combo.pt
/data/xiangyuyue/ULLM-zf/fsl-20260209/115_grpo_mainonly/utils.py:95: FutureWarning: You are using `torch.load` with `weights_only=False` (the current default value), which uses the default pickle module implicitly. It is possible to construct malicious pickle data which will execute arbitrary code during unpickling (See https://github.com/pytorch/pytorch/blob/main/SECURITY.md#untrusted-models for more details). In a future release, the default value for `weights_only` will be flipped to `True`. This limits the functions that could be executed during unpickling. Arbitrary objects will no longer be allowed to be loaded via this mode unless they are explicitly allowlisted by the user via `torch.serialization.add_safe_globals`. We recommend you start setting `weights_only=True` for any use case where you don't have full control of the loaded file. Please open an issue on GitHub for any issues related to this experimental feature.
  ckpt = torch.load(p, map_location=map_location)
[ckpt] load complete: /data/xiangyuyue/ULLM-zf/fsl-20260209/best_combo.pt
[ckpt]   shared: complete=1 missing=0 unexpected=0
[ckpt]   detector: complete=1 missing=0 unexpected=0
[ckpt]   seg_head: complete=1 missing=0 unexpected=0
[ckpt]   cnt_head: complete=1 missing=0 unexpected=0
[stage2_init] epoch 0 | val det 0.3644 seg 0.9209 miou 0.6500 cnt 3.3191 dens 8.306278e-01 mae 2.4885 total_mae 12.2360 | ap50 0.6698 | combo 1.721640
[ckpt] cached loaded checkpoint as initial stage2 best (epoch 0, combo 1.721640)
[stage2] epoch 1/50 step 1 | loss 5.8319 | train det 0.2663 seg 0.1091 cnt 0.9640 | shared_pairs det_seg 94/288 det_cnt 81/288 seg_cnt 82/288 | scores det_seg 2.0473 det_cnt -1.1219 seg_cnt 1.7781
[stage2] epoch 1/50 step 2 | loss 4.7430 | train det 0.0768 seg 0.1382 cnt 2.4855 | shared_pairs det_seg 108/288 det_cnt 85/288 seg_cnt 79/288 | scores det_seg 2.6186 det_cnt 1.0126 seg_cnt -1.2803
[stage2] epoch 1/50 step 3 | loss 3.6794 | train det 0.0440 seg 0.1636 cnt 1.7109 | shared_pairs det_seg 82/288 det_cnt 89/288 seg_cnt 91/288 | scores det_seg -2.8631 det_cnt 0.8488 seg_cnt 0.7786
[stage2] epoch 1/50 step 4 | loss 4.7970 | train det 0.0911 seg 0.1840 cnt 1.9580 | shared_pairs det_seg 97/288 det_cnt 82/288 seg_cnt 84/288 | scores det_seg 0.3642 det_cnt -0.8854 seg_cnt 0.8134
[stage2] epoch 1/50 step 5 | loss 6.8524 | train det 0.2769 seg 0.1442 cnt 1.5446 | shared_pairs det_seg 99/288 det_cnt 89/288 seg_cnt 76/288 | scores det_seg -0.9408 det_cnt 1.3021 seg_cnt 1.6210
[stage2] epoch 1/50 step 6 | loss 3.0183 | train det 0.0485 seg 0.1113 cnt 1.3999 | shared_pairs det_seg 98/288 det_cnt 80/288 seg_cnt 82/288 | scores det_seg 2.4185 det_cnt -3.4456 seg_cnt 4.9490
[stage2] epoch 1/50 step 7 | loss 3.7921 | train det 0.0635 seg 0.0899 cnt 2.1209 | shared_pairs det_seg 88/288 det_cnt 90/288 seg_cnt 82/288 | scores det_seg -1.5238 det_cnt -4.7557 seg_cnt 2.6255
[stage2] epoch 1/50 step 8 | loss 3.6677 | train det 0.0800 seg 0.0989 cnt 1.6757 | shared_pairs det_seg 96/288 det_cnt 90/288 seg_cnt 81/288 | scores det_seg -0.7782 det_cnt -1.4822 seg_cnt -0.5712
[stage2] epoch 1/50 step 9 | loss 3.8705 | train det 0.0643 seg 0.2018 cnt 1.2914 | shared_pairs det_seg 106/288 det_cnt 77/288 seg_cnt 87/288 | scores det_seg 3.8407 det_cnt -2.8482 seg_cnt 1.5152
[stage2] epoch 1/50 step 10 | loss 3.8502 | train det 0.0478 seg 0.1327 cnt 2.0722 | shared_pairs det_seg 92/288 det_cnt 93/288 seg_cnt 83/288 | scores det_seg 1.6520 det_cnt -2.7400 seg_cnt 0.1378
[stage2] epoch 1/50 step 11 | loss 6.5960 | train det 0.1118 seg 0.3250 cnt 2.3186 | shared_pairs det_seg 94/288 det_cnt 92/288 seg_cnt 82/288 | scores det_seg -1.0885 det_cnt 2.3379 seg_cnt 0.7176
[stage2] epoch 1/50 step 12 | loss 2.8562 | train det 0.0336 seg 0.0791 cnt 1.7199 | shared_pairs det_seg 116/288 det_cnt 95/288 seg_cnt 56/288 | scores det_seg 2.6549 det_cnt 1.1665 seg_cnt -5.3174
[stage2] epoch 1/50 step 13 | loss 2.0591 | train det 0.0219 seg 0.1213 cnt 0.7604 | shared_pairs det_seg 96/288 det_cnt 105/288 seg_cnt 65/288 | scores det_seg 2.2771 det_cnt -0.6067 seg_cnt -0.1443
[stage2] epoch 1/50 step 14 | loss 4.7547 | train det 0.0564 seg 0.0746 cnt 3.3115 | shared_pairs det_seg 88/288 det_cnt 100/288 seg_cnt 76/288 | scores det_seg 0.1988 det_cnt 0.3386 seg_cnt -0.8326
[stage2] epoch 1/50 step 15 | loss 2.5343 | train det 0.0447 seg 0.0552 cnt 1.4215 | shared_pairs det_seg 96/288 det_cnt 89/288 seg_cnt 72/288 | scores det_seg -1.2271 det_cnt 0.2360 seg_cnt -1.5835
[stage2] epoch 1/50 step 16 | loss 4.3358 | train det 0.0477 seg 0.2106 cnt 1.9363 | shared_pairs det_seg 101/288 det_cnt 97/288 seg_cnt 58/288 | scores det_seg 0.9918 det_cnt 0.1338 seg_cnt -4.4660
[stage2] epoch 1/50 step 17 | loss 2.9588 | train det 0.0381 seg 0.1265 cnt 1.3762 | shared_pairs det_seg 87/288 det_cnt 89/288 seg_cnt 86/288 | scores det_seg 1.4120 det_cnt 0.3000 seg_cnt -1.1265
[stage2] epoch 1/50 step 18 | loss 3.5901 | train det 0.0890 seg 0.1473 cnt 1.0768 | shared_pairs det_seg 112/288 det_cnt 77/288 seg_cnt 68/288 | scores det_seg 3.5955 det_cnt -3.3171 seg_cnt -1.1316
[stage2] epoch 1/50 step 19 | loss 7.3052 | train det 0.2455 seg 0.1777 cnt 2.2006 | shared_pairs det_seg 99/288 det_cnt 97/288 seg_cnt 68/288 | scores det_seg 0.3868 det_cnt 0.3325 seg_cnt 0.4025
[stage2] epoch 1/50 step 20 | loss 3.6448 | train det 0.0685 seg 0.1274 cnt 1.5973 | shared_pairs det_seg 100/288 det_cnt 88/288 seg_cnt 76/288 | scores det_seg -2.0272 det_cnt 0.4256 seg_cnt -0.6710
[stage2] epoch 1/50 step 21 | loss 2.8742 | train det 0.0271 seg 0.1480 cnt 1.2834 | shared_pairs det_seg 86/288 det_cnt 107/288 seg_cnt 74/288 | scores det_seg 1.3590 det_cnt 4.6002 seg_cnt 1.6786
[stage2] epoch 1/50 step 22 | loss 3.0196 | train det 0.0689 seg 0.0249 cnt 1.7873 | shared_pairs det_seg 91/288 det_cnt 97/288 seg_cnt 69/288 | scores det_seg -1.8288 det_cnt 3.6883 seg_cnt -2.7404
[stage2] epoch 1/50 | train 4.1196 | det 0.0869 seg 0.1360 cnt 1.7279 | selected_by_matrix_unit det_seg 2126 det_cnt 1989 seg_cnt 1677
[stage2] epoch 1 | val det 0.3904 seg 0.8540 miou 0.6517 cnt 3.3227 dens 8.310756e-01 mae 2.4916 total_mae 11.8299 | ap50 0.6692 | combo 1.722181
[ckpt] new best cached (stage2 epoch 1, combo 1.722181)
[stage2] epoch 2/50 step 1 | loss 4.1154 | train det 0.0487 seg 0.2049 cnt 1.7450 | shared_pairs det_seg 95/288 det_cnt 102/288 seg_cnt 59/288 | scores det_seg -1.3221 det_cnt 1.6483 seg_cnt -3.1638
[stage2] epoch 2/50 step 2 | loss 5.6754 | train det 0.2072 seg 0.0805 cnt 1.9230 | shared_pairs det_seg 89/288 det_cnt 96/288 seg_cnt 80/288 | scores det_seg -1.8269 det_cnt -0.5263 seg_cnt -1.0759
[stage2] epoch 2/50 step 3 | loss 4.5179 | train det 0.0596 seg 0.1479 cnt 2.4408 | shared_pairs det_seg 98/288 det_cnt 94/288 seg_cnt 69/288 | scores det_seg 1.8520 det_cnt 0.4462 seg_cnt -1.3023
[stage2] epoch 2/50 step 4 | loss 3.5901 | train det 0.0632 seg 0.0605 cnt 2.1580 | shared_pairs det_seg 98/288 det_cnt 85/288 seg_cnt 79/288 | scores det_seg -4.0996 det_cnt 1.3403 seg_cnt 2.5856
[stage2] epoch 2/50 step 5 | loss 5.1006 | train det 0.1820 seg 0.1389 cnt 1.2598 | shared_pairs det_seg 105/288 det_cnt 90/288 seg_cnt 73/288 | scores det_seg 3.8828 det_cnt 1.5276 seg_cnt 1.7633
[stage2] epoch 2/50 step 6 | loss 5.8477 | train det 0.0779 seg 0.2034 cnt 3.0520 | shared_pairs det_seg 95/288 det_cnt 91/288 seg_cnt 82/288 | scores det_seg -0.6927 det_cnt 1.3993 seg_cnt 0.4933
[stage2] epoch 2/50 step 7 | loss 4.9125 | train det 0.1422 seg 0.1087 cnt 1.9097 | shared_pairs det_seg 88/288 det_cnt 91/288 seg_cnt 80/288 | scores det_seg 1.9694 det_cnt 0.0808 seg_cnt 0.4275
[stage2] epoch 2/50 step 8 | loss 4.2700 | train det 0.0891 seg 0.0941 cnt 2.1815 | shared_pairs det_seg 107/288 det_cnt 101/288 seg_cnt 68/288 | scores det_seg 2.4392 det_cnt 2.5247 seg_cnt -1.2848
[stage2] epoch 2/50 step 9 | loss 4.1586 | train det 0.0517 seg 0.2441 cnt 1.4302 | shared_pairs det_seg 82/288 det_cnt 110/288 seg_cnt 63/288 | scores det_seg 0.3530 det_cnt 2.7626 seg_cnt -4.6432
[stage2] epoch 2/50 step 10 | loss 3.4569 | train det 0.0514 seg 0.1712 cnt 1.3170 | shared_pairs det_seg 83/288 det_cnt 90/288 seg_cnt 86/288 | scores det_seg -4.3317 det_cnt 2.4729 seg_cnt -3.3575
[stage2] epoch 2/50 step 11 | loss 2.9472 | train det 0.0291 seg 0.0893 cnt 1.7960 | shared_pairs det_seg 92/288 det_cnt 91/288 seg_cnt 81/288 | scores det_seg -1.7465 det_cnt 3.2446 seg_cnt 2.4272
[stage2] epoch 2/50 step 12 | loss 4.6633 | train det 0.0435 seg 0.1344 cnt 2.9352 | shared_pairs det_seg 82/288 det_cnt 91/288 seg_cnt 90/288 | scores det_seg -0.9620 det_cnt 1.9594 seg_cnt 5.6563
[stage2] epoch 2/50 step 13 | loss 3.9174 | train det 0.0521 seg 0.1537 cnt 1.9061 | shared_pairs det_seg 90/288 det_cnt 90/288 seg_cnt 90/288 | scores det_seg -3.3229 det_cnt 3.5532 seg_cnt 4.3348
[stage2] epoch 2/50 step 14 | loss 4.1474 | train det 0.0763 seg 0.1116 cnt 2.1092 | shared_pairs det_seg 90/288 det_cnt 87/288 seg_cnt 82/288 | scores det_seg -5.7515 det_cnt -0.3453 seg_cnt 1.6235
[stage2] epoch 2/50 step 15 | loss 5.8316 | train det 0.1724 seg 0.1237 cnt 2.2561 | shared_pairs det_seg 99/288 det_cnt 78/288 seg_cnt 88/288 | scores det_seg 0.5246 det_cnt 0.4191 seg_cnt 2.5202
[stage2] epoch 2/50 step 16 | loss 3.2481 | train det 0.0195 seg 0.1196 cnt 1.9992 | shared_pairs det_seg 81/288 det_cnt 108/288 seg_cnt 81/288 | scores det_seg -0.9379 det_cnt 4.1188 seg_cnt 3.8023
[stage2] epoch 2/50 step 17 | loss 4.0155 | train det 0.1015 seg 0.1414 cnt 1.3616 | shared_pairs det_seg 90/288 det_cnt 113/288 seg_cnt 70/288 | scores det_seg -1.6626 det_cnt 1.3243 seg_cnt 1.2129
[stage2] epoch 2/50 step 18 | loss 4.0184 | train det 0.0282 seg 0.1005 cnt 2.7917 | shared_pairs det_seg 86/288 det_cnt 106/288 seg_cnt 77/288 | scores det_seg -2.2258 det_cnt 3.2754 seg_cnt -1.2989
[stage2] epoch 2/50 step 19 | loss 3.2670 | train det 0.0579 seg 0.1169 cnt 1.4629 | shared_pairs det_seg 85/288 det_cnt 93/288 seg_cnt 94/288 | scores det_seg 1.2436 det_cnt -0.9105 seg_cnt 1.0493
[stage2] epoch 2/50 step 20 | loss 5.7230 | train det 0.2011 seg 0.1013 cnt 1.8965 | shared_pairs det_seg 99/288 det_cnt 89/288 seg_cnt 79/288 | scores det_seg -0.0554 det_cnt -2.0813 seg_cnt 1.6001
[stage2] epoch 2/50 step 21 | loss 3.1165 | train det 0.0589 seg 0.1029 cnt 1.4098 | shared_pairs det_seg 102/288 det_cnt 73/288 seg_cnt 87/288 | scores det_seg 1.3856 det_cnt -4.5593 seg_cnt 0.6574
[stage2] epoch 2/50 step 22 | loss 3.8976 | train det 0.0654 seg 0.2235 cnt 1.1280 | shared_pairs det_seg 99/288 det_cnt 96/288 seg_cnt 77/288 | scores det_seg 1.6623 det_cnt 0.5986 seg_cnt 2.3294
[stage2] epoch 2/50 | train 4.2926 | det 0.0854 seg 0.1351 cnt 1.9304 | selected_by_matrix_unit det_seg 2035 det_cnt 2065 seg_cnt 1735
[stage2] epoch 2 | val det 0.3990 seg 0.8527 miou 0.6538 cnt 3.3165 dens 8.299537e-01 mae 2.4866 total_mae 11.5174 | ap50 0.6692 | combo 1.725160
[ckpt] new best cached (stage2 epoch 2, combo 1.725160)
[stage2] epoch 3/50 step 1 | loss 3.3714 | train det 0.0580 seg 0.1050 cnt 1.6624 | shared_pairs det_seg 120/288 det_cnt 65/288 seg_cnt 73/288 | scores det_seg 2.7294 det_cnt -4.3609 seg_cnt 2.3070
[stage2] epoch 3/50 step 2 | loss 3.1863 | train det 0.0494 seg 0.0839 cnt 1.7730 | shared_pairs det_seg 88/288 det_cnt 95/288 seg_cnt 85/288 | scores det_seg 1.1464 det_cnt -0.3532 seg_cnt 0.7218
[stage2] epoch 3/50 step 3 | loss 3.7164 | train det 0.0506 seg 0.1458 cnt 1.7915 | shared_pairs det_seg 108/288 det_cnt 93/288 seg_cnt 63/288 | scores det_seg 3.6030 det_cnt 1.1440 seg_cnt 0.8745
[stage2] epoch 3/50 step 4 | loss 2.3498 | train det 0.0390 seg 0.1004 cnt 0.9622 | shared_pairs det_seg 87/288 det_cnt 87/288 seg_cnt 94/288 | scores det_seg 2.3523 det_cnt -0.3804 seg_cnt 1.9984
[stage2] epoch 3/50 step 5 | loss 5.1302 | train det 0.1313 seg 0.1143 cnt 2.2466 | shared_pairs det_seg 108/288 det_cnt 88/288 seg_cnt 60/288 | scores det_seg 0.2739 det_cnt -1.0838 seg_cnt -3.3319
[stage2] epoch 3/50 step 6 | loss 6.2391 | train det 0.0298 seg 0.0983 cnt 5.0057 | shared_pairs det_seg 107/288 det_cnt 86/288 seg_cnt 67/288 | scores det_seg 1.1646 det_cnt -2.2010 seg_cnt -4.0916
[stage2] epoch 3/50 step 7 | loss 3.4486 | train det 0.0279 seg 0.1755 cnt 1.6259 | shared_pairs det_seg 97/288 det_cnt 82/288 seg_cnt 78/288 | scores det_seg -1.2855 det_cnt -2.1202 seg_cnt -2.1750
[stage2] epoch 3/50 step 8 | loss 3.3721 | train det 0.1067 seg 0.1385 cnt 0.6640 | shared_pairs det_seg 94/288 det_cnt 85/288 seg_cnt 81/288 | scores det_seg 0.0838 det_cnt -1.3378 seg_cnt -0.7027
[stage2] epoch 3/50 step 9 | loss 2.9350 | train det 0.0414 seg 0.1047 cnt 1.4761 | shared_pairs det_seg 76/288 det_cnt 111/288 seg_cnt 76/288 | scores det_seg -3.0813 det_cnt 2.0283 seg_cnt -1.8428
[stage2] epoch 3/50 step 10 | loss 4.5097 | train det 0.0213 seg 0.1757 cnt 2.7848 | shared_pairs det_seg 81/288 det_cnt 108/288 seg_cnt 77/288 | scores det_seg -3.6112 det_cnt 1.0090 seg_cnt -1.2219
[stage2] epoch 3/50 step 11 | loss 4.5557 | train det 0.0355 seg 0.1541 cnt 2.7903 | shared_pairs det_seg 88/288 det_cnt 107/288 seg_cnt 71/288 | scores det_seg -1.5225 det_cnt 1.1694 seg_cnt 0.0841
[stage2] epoch 3/50 step 12 | loss 3.6313 | train det 0.0993 seg 0.1220 cnt 1.1655 | shared_pairs det_seg 90/288 det_cnt 88/288 seg_cnt 89/288 | scores det_seg -3.8506 det_cnt -1.6484 seg_cnt 1.8935
[stage2] epoch 3/50 step 13 | loss 3.2010 | train det 0.0242 seg 0.1361 cnt 1.7489 | shared_pairs det_seg 98/288 det_cnt 90/288 seg_cnt 72/288 | scores det_seg 0.7873 det_cnt -2.3075 seg_cnt -2.9995
[stage2] epoch 3/50 step 14 | loss 3.2400 | train det 0.0327 seg 0.1228 cnt 1.7675 | shared_pairs det_seg 80/288 det_cnt 105/288 seg_cnt 83/288 | scores det_seg -2.7829 det_cnt 2.5997 seg_cnt 3.2430
[stage2] epoch 3/50 step 15 | loss 3.3469 | train det 0.0183 seg 0.1533 cnt 1.8456 | shared_pairs det_seg 91/288 det_cnt 102/288 seg_cnt 75/288 | scores det_seg -4.0293 det_cnt 2.4070 seg_cnt -1.4323
[stage2] epoch 3/50 step 16 | loss 2.6789 | train det 0.0643 seg 0.1002 cnt 0.9122 | shared_pairs det_seg 101/288 det_cnt 92/288 seg_cnt 73/288 | scores det_seg 0.2468 det_cnt -0.5974 seg_cnt 2.3233
[stage2] epoch 3/50 step 17 | loss 5.2515 | train det 0.1002 seg 0.1812 cnt 2.2988 | shared_pairs det_seg 99/288 det_cnt 81/288 seg_cnt 87/288 | scores det_seg 0.6475 det_cnt -3.4322 seg_cnt 1.1265
[stage2] epoch 3/50 step 18 | loss 6.6070 | train det 0.0453 seg 0.0979 cnt 5.1442 | shared_pairs det_seg 98/288 det_cnt 98/288 seg_cnt 76/288 | scores det_seg 1.6986 det_cnt 0.3599 seg_cnt -1.0917
[stage2] epoch 3/50 step 19 | loss 3.7515 | train det 0.0639 seg 0.1874 cnt 1.2937 | shared_pairs det_seg 84/288 det_cnt 89/288 seg_cnt 86/288 | scores det_seg 0.5756 det_cnt -0.2052 seg_cnt 1.0783
[stage2] epoch 3/50 step 20 | loss 2.2959 | train det 0.0505 seg 0.0967 cnt 0.7649 | shared_pairs det_seg 112/288 det_cnt 75/288 seg_cnt 72/288 | scores det_seg 4.2559 det_cnt -3.2014 seg_cnt -0.1867
[stage2] epoch 3/50 step 21 | loss 2.9663 | train det 0.0421 seg 0.0973 cnt 1.5569 | shared_pairs det_seg 92/288 det_cnt 97/288 seg_cnt 84/288 | scores det_seg 1.2550 det_cnt 0.9223 seg_cnt 0.6457
[stage2] epoch 3/50 step 22 | loss 5.7639 | train det 0.0401 seg 0.3129 cnt 2.6598 | shared_pairs det_seg 97/288 det_cnt 104/288 seg_cnt 59/288 | scores det_seg -0.9959 det_cnt 0.1748 seg_cnt -0.8378
[stage2] epoch 3/50 | train 3.8886 | det 0.0533 seg 0.1365 cnt 1.9973 | selected_by_matrix_unit det_seg 2096 det_cnt 2028 seg_cnt 1681
[stage2] epoch 3 | val det 0.4146 seg 0.8420 miou 0.6557 cnt 3.3304 dens 8.295174e-01 mae 2.5008 total_mae 11.5016 | ap50 0.6695 | combo 1.725099
[stage2] epoch 4/50 step 1 | loss 3.8676 | train det 0.1110 seg 0.1064 cnt 1.3513 | shared_pairs det_seg 100/288 det_cnt 97/288 seg_cnt 67/288 | scores det_seg 2.0744 det_cnt -1.0599 seg_cnt -0.5757
[stage2] epoch 4/50 step 2 | loss 2.3248 | train det 0.0404 seg 0.0926 cnt 0.9789 | shared_pairs det_seg 102/288 det_cnt 90/288 seg_cnt 69/288 | scores det_seg 1.6592 det_cnt -2.0949 seg_cnt 1.3417
[stage2] epoch 4/50 step 3 | loss 2.8715 | train det 0.0268 seg 0.0948 cnt 1.7111 | shared_pairs det_seg 99/288 det_cnt 81/288 seg_cnt 81/288 | scores det_seg 1.8805 det_cnt 1.2658 seg_cnt 0.4704
[stage2] epoch 4/50 step 4 | loss 3.8919 | train det 0.0274 seg 0.1301 cnt 2.4402 | shared_pairs det_seg 80/288 det_cnt 98/288 seg_cnt 81/288 | scores det_seg -1.2423 det_cnt -0.9929 seg_cnt 0.8242
[stage2] epoch 4/50 step 5 | loss 3.3638 | train det 0.0270 seg 0.0971 cnt 2.1816 | shared_pairs det_seg 105/288 det_cnt 104/288 seg_cnt 67/288 | scores det_seg 4.5797 det_cnt 2.7178 seg_cnt 0.3297
[stage2] epoch 4/50 step 6 | loss 2.9536 | train det 0.0239 seg 0.1458 cnt 1.4288 | shared_pairs det_seg 91/288 det_cnt 75/288 seg_cnt 88/288 | scores det_seg 0.5128 det_cnt 0.3256 seg_cnt 5.1225
[stage2] epoch 4/50 step 7 | loss 4.2188 | train det 0.1349 seg 0.1233 cnt 1.2088 | shared_pairs det_seg 88/288 det_cnt 86/288 seg_cnt 91/288 | scores det_seg 1.2081 det_cnt -0.5636 seg_cnt 3.3811
[stage2] epoch 4/50 step 8 | loss 3.0744 | train det 0.0525 seg 0.1141 cnt 1.3746 | shared_pairs det_seg 93/288 det_cnt 83/288 seg_cnt 81/288 | scores det_seg 0.0661 det_cnt -1.8816 seg_cnt -2.5576
[stage2] epoch 4/50 step 9 | loss 5.5113 | train det 0.2042 seg 0.0914 cnt 1.7175 | shared_pairs det_seg 97/288 det_cnt 95/288 seg_cnt 72/288 | scores det_seg -0.9347 det_cnt -0.0967 seg_cnt -2.7276
[stage2] epoch 4/50 step 10 | loss 2.5949 | train det 0.0342 seg 0.0895 cnt 1.3663 | shared_pairs det_seg 94/288 det_cnt 97/288 seg_cnt 76/288 | scores det_seg 3.3052 det_cnt -2.0201 seg_cnt 1.9608
[stage2] epoch 4/50 step 11 | loss 5.0243 | train det 0.1990 seg 0.1091 cnt 1.1669 | shared_pairs det_seg 110/288 det_cnt 89/288 seg_cnt 62/288 | scores det_seg 2.2675 det_cnt -1.6911 seg_cnt -2.9775
[stage2] epoch 4/50 step 12 | loss 5.8313 | train det 0.1794 seg 0.1132 cnt 2.2351 | shared_pairs det_seg 97/288 det_cnt 79/288 seg_cnt 82/288 | scores det_seg -5.0140 det_cnt -4.0052 seg_cnt -1.1326
[stage2] epoch 4/50 step 13 | loss 2.7934 | train det 0.0374 seg 0.1386 cnt 1.1245 | shared_pairs det_seg 72/288 det_cnt 96/288 seg_cnt 95/288 | scores det_seg -1.7896 det_cnt -0.3694 seg_cnt 2.2448
[stage2] epoch 4/50 step 14 | loss 1.8337 | train det 0.0287 seg 0.0541 cnt 0.9705 | shared_pairs det_seg 89/288 det_cnt 95/288 seg_cnt 79/288 | scores det_seg -0.8663 det_cnt -2.6285 seg_cnt 1.5542
[stage2] epoch 4/50 step 15 | loss 3.1950 | train det 0.0565 seg 0.0665 cnt 1.8147 | shared_pairs det_seg 113/288 det_cnt 65/288 seg_cnt 83/288 | scores det_seg 4.5703 det_cnt -4.5220 seg_cnt 2.9366
[stage2] epoch 4/50 step 16 | loss 4.5054 | train det 0.0904 seg 0.1147 cnt 2.2321 | shared_pairs det_seg 116/288 det_cnt 89/288 seg_cnt 65/288 | scores det_seg 3.0872 det_cnt -0.9826 seg_cnt -0.5425
[stage2] epoch 4/50 step 17 | loss 2.7332 | train det 0.0181 seg 0.0999 cnt 1.6622 | shared_pairs det_seg 79/288 det_cnt 114/288 seg_cnt 73/288 | scores det_seg -1.3065 det_cnt 2.0877 seg_cnt 3.1044
[stage2] epoch 4/50 step 18 | loss 2.1129 | train det 0.0202 seg 0.0750 cnt 1.2094 | shared_pairs det_seg 89/288 det_cnt 110/288 seg_cnt 71/288 | scores det_seg 0.8782 det_cnt -0.3846 seg_cnt -1.7817
[stage2] epoch 4/50 step 19 | loss 3.2512 | train det 0.1061 seg 0.0847 cnt 0.9822 | shared_pairs det_seg 98/288 det_cnt 84/288 seg_cnt 80/288 | scores det_seg -0.3746 det_cnt -2.8853 seg_cnt -1.3373
[stage2] epoch 4/50 step 20 | loss 2.8987 | train det 0.0552 seg 0.1128 cnt 1.1675 | shared_pairs det_seg 95/288 det_cnt 91/288 seg_cnt 77/288 | scores det_seg -2.1842 det_cnt 2.4320 seg_cnt -1.4569
[stage2] epoch 4/50 step 21 | loss 2.8608 | train det 0.0210 seg 0.1043 cnt 1.7116 | shared_pairs det_seg 90/288 det_cnt 88/288 seg_cnt 88/288 | scores det_seg -1.0150 det_cnt -0.6548 seg_cnt 3.4619
[stage2] epoch 4/50 step 22 | loss 2.2766 | train det 0.0251 seg 0.0581 cnt 1.4351 | shared_pairs det_seg 102/288 det_cnt 98/288 seg_cnt 62/288 | scores det_seg 2.7503 det_cnt -1.5381 seg_cnt -2.7258
[stage2] epoch 4/50 | train 3.3631 | det 0.0691 seg 0.1007 cnt 1.5214 | selected_by_matrix_unit det_seg 2099 det_cnt 2004 seg_cnt 1690
[stage2] epoch 4 | val det 0.4294 seg 0.8426 miou 0.6560 cnt 3.2982 dens 8.287068e-01 mae 2.4695 total_mae 11.4125 | ap50 0.6658 | combo 1.726743
[ckpt] new best cached (stage2 epoch 4, combo 1.726743)
[stage2] epoch 5/50 step 1 | loss 1.9300 | train det 0.0262 seg 0.0728 cnt 0.9549 | shared_pairs det_seg 82/288 det_cnt 86/288 seg_cnt 102/288 | scores det_seg -4.6581 det_cnt -5.5921 seg_cnt 5.8878
[stage2] epoch 5/50 step 2 | loss 4.5526 | train det 0.0413 seg 0.1121 cnt 3.0366 | shared_pairs det_seg 87/288 det_cnt 96/288 seg_cnt 85/288 | scores det_seg -2.4309 det_cnt 0.5368 seg_cnt -1.5090
[stage2] epoch 5/50 step 3 | loss 7.1350 | train det 0.1759 seg 0.2744 cnt 2.3008 | shared_pairs det_seg 99/288 det_cnt 80/288 seg_cnt 82/288 | scores det_seg 1.8880 det_cnt -3.6529 seg_cnt 1.7158
[stage2] epoch 5/50 step 4 | loss 2.5317 | train det 0.0616 seg 0.0888 cnt 0.8972 | shared_pairs det_seg 103/288 det_cnt 96/288 seg_cnt 62/288 | scores det_seg 1.5978 det_cnt -1.0267 seg_cnt -5.8296
[stage2] epoch 5/50 step 5 | loss 4.0801 | train det 0.0186 seg 0.1063 cnt 2.9509 | shared_pairs det_seg 103/288 det_cnt 91/288 seg_cnt 68/288 | scores det_seg -0.2539 det_cnt -1.5759 seg_cnt -3.4058
[stage2] epoch 5/50 step 6 | loss 4.2010 | train det 0.0849 seg 0.1228 cnt 1.9453 | shared_pairs det_seg 94/288 det_cnt 99/288 seg_cnt 65/288 | scores det_seg -0.3138 det_cnt 3.1165 seg_cnt -0.7159
[stage2] epoch 5/50 step 7 | loss 3.3872 | train det 0.0259 seg 0.1476 cnt 1.8188 | shared_pairs det_seg 105/288 det_cnt 72/288 seg_cnt 85/288 | scores det_seg 1.1065 det_cnt -4.7197 seg_cnt -0.0605
[stage2] epoch 5/50 step 8 | loss 12.4605 | train det 0.0308 seg 0.0998 cnt 11.2007 | shared_pairs det_seg 85/288 det_cnt 95/288 seg_cnt 84/288 | scores det_seg -2.2373 det_cnt 0.9784 seg_cnt 1.0225
[stage2] epoch 5/50 step 9 | loss 5.9795 | train det 0.2197 seg 0.0995 cnt 1.8880 | shared_pairs det_seg 95/288 det_cnt 98/288 seg_cnt 78/288 | scores det_seg -1.6141 det_cnt 2.3352 seg_cnt -2.8232
[stage2] epoch 5/50 step 10 | loss 2.6547 | train det 0.0633 seg 0.1007 cnt 0.9003 | shared_pairs det_seg 104/288 det_cnt 96/288 seg_cnt 67/288 | scores det_seg 3.1176 det_cnt 4.8576 seg_cnt -0.6150
[stage2] epoch 5/50 step 11 | loss 1.9146 | train det 0.0574 seg 0.0635 cnt 0.5449 | shared_pairs det_seg 84/288 det_cnt 96/288 seg_cnt 86/288 | scores det_seg -1.3654 det_cnt 1.5757 seg_cnt 1.6173
[stage2] epoch 5/50 step 12 | loss 2.4793 | train det 0.0383 seg 0.1066 cnt 1.0517 | shared_pairs det_seg 80/288 det_cnt 111/288 seg_cnt 78/288 | scores det_seg -0.8088 det_cnt 2.3796 seg_cnt -0.0883
[stage2] epoch 5/50 step 13 | loss 2.4534 | train det 0.0662 seg 0.0689 cnt 0.9096 | shared_pairs det_seg 92/288 det_cnt 88/288 seg_cnt 94/288 | scores det_seg -2.0635 det_cnt -1.3026 seg_cnt 2.2638
[stage2] epoch 5/50 step 14 | loss 5.0917 | train det 0.0652 seg 0.1759 cnt 2.7073 | shared_pairs det_seg 93/288 det_cnt 104/288 seg_cnt 67/288 | scores det_seg -0.0220 det_cnt -1.2068 seg_cnt -0.5872
[stage2] epoch 5/50 step 15 | loss 3.5025 | train det 0.0390 seg 0.0909 cnt 2.1895 | shared_pairs det_seg 104/288 det_cnt 78/288 seg_cnt 79/288 | scores det_seg 1.5456 det_cnt -4.8455 seg_cnt 1.1420
[stage2] epoch 5/50 step 16 | loss 2.3146 | train det 0.0269 seg 0.1229 cnt 0.9274 | shared_pairs det_seg 93/288 det_cnt 99/288 seg_cnt 76/288 | scores det_seg -3.1880 det_cnt 0.0166 seg_cnt 1.5279
[stage2] epoch 5/50 step 17 | loss 4.0394 | train det 0.0649 seg 0.0556 cnt 2.6218 | shared_pairs det_seg 100/288 det_cnt 81/288 seg_cnt 84/288 | scores det_seg 0.4238 det_cnt -1.4549 seg_cnt -4.6162
[stage2] epoch 5/50 step 18 | loss 2.3759 | train det 0.0132 seg 0.0560 cnt 1.7292 | shared_pairs det_seg 87/288 det_cnt 91/288 seg_cnt 84/288 | scores det_seg -1.7879 det_cnt -0.0280 seg_cnt -0.8458
[stage2] epoch 5/50 step 19 | loss 2.8650 | train det 0.0220 seg 0.1107 cnt 1.6498 | shared_pairs det_seg 100/288 det_cnt 95/288 seg_cnt 71/288 | scores det_seg -2.1056 det_cnt -0.1328 seg_cnt 0.1178
[stage2] epoch 5/50 step 20 | loss 24.8213 | train det 0.0473 seg 0.0929 cnt 23.3679 | shared_pairs det_seg 108/288 det_cnt 80/288 seg_cnt 83/288 | scores det_seg 0.5033 det_cnt 0.8309 seg_cnt 1.6864
[stage2] epoch 5/50 step 21 | loss 5.3960 | train det 0.1777 seg 0.1056 cnt 1.8859 | shared_pairs det_seg 97/288 det_cnt 77/288 seg_cnt 88/288 | scores det_seg 1.0629 det_cnt 1.8208 seg_cnt 0.5241
[stage2] epoch 5/50 step 22 | loss 2.0490 | train det 0.0644 seg 0.0206 cnt 0.9179 | shared_pairs det_seg 100/288 det_cnt 91/288 seg_cnt 72/288 | scores det_seg 0.5021 det_cnt -3.1733 seg_cnt -0.7939
[stage2] epoch 5/50 | train 4.9189 | det 0.0650 seg 0.1043 cnt 3.1089 | selected_by_matrix_unit det_seg 2095 det_cnt 2000 seg_cnt 1740
[stage2] epoch 5 | val det 0.4355 seg 0.8487 miou 0.6573 cnt 3.3163 dens 8.295571e-01 mae 2.4868 total_mae 11.5918 | ap50 0.6680 | combo 1.727414
[ckpt] new best cached (stage2 epoch 5, combo 1.727414)
[stage2] epoch 6/50 step 1 | loss 3.6362 | train det 0.0903 seg 0.1080 cnt 1.4183 | shared_pairs det_seg 96/288 det_cnt 89/288 seg_cnt 83/288 | scores det_seg -2.2329 det_cnt -3.8616 seg_cnt 1.0664
[stage2] epoch 6/50 step 2 | loss 3.8320 | train det 0.0570 seg 0.1748 cnt 1.5793 | shared_pairs det_seg 90/288 det_cnt 101/288 seg_cnt 66/288 | scores det_seg -3.0148 det_cnt 2.0820 seg_cnt 0.5247
[stage2] epoch 6/50 step 3 | loss 1.5597 | train det 0.0104 seg 0.0697 cnt 0.8462 | shared_pairs det_seg 93/288 det_cnt 83/288 seg_cnt 83/288 | scores det_seg 0.8489 det_cnt -2.1665 seg_cnt -0.2031
[stage2] epoch 6/50 step 4 | loss 4.6186 | train det 0.1568 seg 0.1280 cnt 1.2430 | shared_pairs det_seg 104/288 det_cnt 85/288 seg_cnt 68/288 | scores det_seg -0.3508 det_cnt 3.8385 seg_cnt -1.5269
[stage2] epoch 6/50 step 5 | loss 2.3205 | train det 0.0393 seg 0.1159 cnt 0.8035 | shared_pairs det_seg 79/288 det_cnt 101/288 seg_cnt 82/288 | scores det_seg -2.8593 det_cnt 1.6071 seg_cnt 4.0279
[stage2] epoch 6/50 step 6 | loss 4.7569 | train det 0.1635 seg 0.0806 cnt 1.6592 | shared_pairs det_seg 91/288 det_cnt 116/288 seg_cnt 60/288 | scores det_seg 0.3818 det_cnt 6.3002 seg_cnt -1.3454
[stage2] epoch 6/50 step 7 | loss 7.4986 | train det 0.2823 seg 0.1646 cnt 1.9473 | shared_pairs det_seg 92/288 det_cnt 95/288 seg_cnt 80/288 | scores det_seg -0.0568 det_cnt -0.9201 seg_cnt 0.5745
[stage2] epoch 6/50 step 8 | loss 5.6788 | train det 0.0913 seg 0.1000 cnt 3.5097 | shared_pairs det_seg 90/288 det_cnt 84/288 seg_cnt 90/288 | scores det_seg 1.7944 det_cnt -2.0106 seg_cnt 0.1334
[stage2] epoch 6/50 step 9 | loss 2.0370 | train det 0.0268 seg 0.0976 cnt 0.8551 | shared_pairs det_seg 88/288 det_cnt 102/288 seg_cnt 78/288 | scores det_seg -1.3865 det_cnt 2.7988 seg_cnt -1.0022
[stage2] epoch 6/50 step 10 | loss 4.8759 | train det 0.0169 seg 0.1107 cnt 3.7368 | shared_pairs det_seg 89/288 det_cnt 102/288 seg_cnt 84/288 | scores det_seg -0.9775 det_cnt 1.9617 seg_cnt 2.2806
[stage2] epoch 6/50 step 11 | loss 2.5674 | train det 0.0417 seg 0.0927 cnt 1.1999 | shared_pairs det_seg 88/288 det_cnt 100/288 seg_cnt 74/288 | scores det_seg 0.7233 det_cnt -1.3842 seg_cnt -1.5019
[stage2] epoch 6/50 step 12 | loss 2.2622 | train det 0.0212 seg 0.0856 cnt 1.2589 | shared_pairs det_seg 84/288 det_cnt 106/288 seg_cnt 70/288 | scores det_seg -4.6662 det_cnt 0.4808 seg_cnt -4.3347
[stage2] epoch 6/50 step 13 | loss 2.5196 | train det 0.0465 seg 0.1014 cnt 1.0110 | shared_pairs det_seg 102/288 det_cnt 96/288 seg_cnt 65/288 | scores det_seg -0.1660 det_cnt -1.3316 seg_cnt -0.3207
[stage2] epoch 6/50 step 14 | loss 2.5889 | train det 0.0399 seg 0.0532 cnt 1.5638 | shared_pairs det_seg 92/288 det_cnt 107/288 seg_cnt 71/288 | scores det_seg 0.1776 det_cnt 4.7741 seg_cnt -0.3824
[stage2] epoch 6/50 step 15 | loss 2.4752 | train det 0.0381 seg 0.1099 cnt 1.0237 | shared_pairs det_seg 100/288 det_cnt 93/288 seg_cnt 75/288 | scores det_seg 1.3084 det_cnt 0.1867 seg_cnt -0.1236
[stage2] epoch 6/50 step 16 | loss 3.0012 | train det 0.0557 seg 0.0999 cnt 1.3673 | shared_pairs det_seg 92/288 det_cnt 87/288 seg_cnt 76/288 | scores det_seg -0.7794 det_cnt -1.1851 seg_cnt 1.4114
[stage2] epoch 6/50 step 17 | loss 2.7305 | train det 0.0881 seg 0.0709 cnt 0.8409 | shared_pairs det_seg 81/288 det_cnt 89/288 seg_cnt 86/288 | scores det_seg -4.2171 det_cnt 0.4109 seg_cnt -0.7670
[stage2] epoch 6/50 step 18 | loss 2.5046 | train det 0.0199 seg 0.0659 cnt 1.6787 | shared_pairs det_seg 90/288 det_cnt 98/288 seg_cnt 74/288 | scores det_seg -0.2240 det_cnt 1.0317 seg_cnt 0.0768
[stage2] epoch 6/50 step 19 | loss 4.2062 | train det 0.0934 seg 0.0834 cnt 2.1386 | shared_pairs det_seg 112/288 det_cnt 87/288 seg_cnt 71/288 | scores det_seg 5.6138 det_cnt -0.9312 seg_cnt 0.6612
[stage2] epoch 6/50 step 20 | loss 4.7569 | train det 0.0594 seg 0.0555 cnt 3.4210 | shared_pairs det_seg 93/288 det_cnt 80/288 seg_cnt 87/288 | scores det_seg -1.3605 det_cnt -4.4338 seg_cnt -0.3779
[stage2] epoch 6/50 step 21 | loss 1.8481 | train det 0.0121 seg 0.0926 cnt 0.9252 | shared_pairs det_seg 92/288 det_cnt 99/288 seg_cnt 76/288 | scores det_seg -0.8396 det_cnt 3.6353 seg_cnt -1.1983
[stage2] epoch 6/50 step 22 | loss 5.7751 | train det 0.1253 seg 0.0795 cnt 3.2594 | shared_pairs det_seg 99/288 det_cnt 110/288 seg_cnt 53/288 | scores det_seg 1.3411 det_cnt 2.4381 seg_cnt -1.7442
[stage2] epoch 6/50 | train 3.5477 | det 0.0716 seg 0.0973 cnt 1.6949 | selected_by_matrix_unit det_seg 2037 det_cnt 2110 seg_cnt 1652
[stage2] epoch 6 | val det 0.4398 seg 0.8416 miou 0.6567 cnt 3.3133 dens 8.292000e-01 mae 2.4841 total_mae 11.5537 | ap50 0.6683 | combo 1.727524
[ckpt] new best cached (stage2 epoch 6, combo 1.727524)
[stage2] epoch 7/50 step 1 | loss 3.6731 | train det 0.1729 seg 0.0754 cnt 0.4768 | shared_pairs det_seg 107/288 det_cnt 101/288 seg_cnt 62/288 | scores det_seg 2.9120 det_cnt 3.1837 seg_cnt -2.6577
[stage2] epoch 7/50 step 2 | loss 2.7208 | train det 0.0149 seg 0.0972 cnt 1.7203 | shared_pairs det_seg 101/288 det_cnt 84/288 seg_cnt 86/288 | scores det_seg 2.4320 det_cnt 0.0178 seg_cnt 2.1013
[stage2] epoch 7/50 step 3 | loss 2.7835 | train det 0.0763 seg 0.0578 cnt 1.1774 | shared_pairs det_seg 103/288 det_cnt 89/288 seg_cnt 80/288 | scores det_seg 2.0222 det_cnt 2.1196 seg_cnt -0.3633
[stage2] epoch 7/50 step 4 | loss 3.5100 | train det 0.0559 seg 0.1032 cnt 1.8457 | shared_pairs det_seg 82/288 det_cnt 93/288 seg_cnt 85/288 | scores det_seg 0.7754 det_cnt 0.7030 seg_cnt -2.2676
[stage2] epoch 7/50 step 5 | loss 2.4495 | train det 0.0201 seg 0.0880 cnt 1.4449 | shared_pairs det_seg 75/288 det_cnt 107/288 seg_cnt 85/288 | scores det_seg -3.5348 det_cnt 2.6768 seg_cnt 1.9948
[stage2] epoch 7/50 step 6 | loss 2.6174 | train det 0.0187 seg 0.1111 cnt 1.4478 | shared_pairs det_seg 108/288 det_cnt 91/288 seg_cnt 75/288 | scores det_seg -0.3351 det_cnt 1.8580 seg_cnt -0.5846
[stage2] epoch 7/50 step 7 | loss 1.7470 | train det 0.0174 seg 0.0686 cnt 0.9367 | shared_pairs det_seg 83/288 det_cnt 87/288 seg_cnt 96/288 | scores det_seg -4.6244 det_cnt -0.6851 seg_cnt 1.2419
[stage2] epoch 7/50 step 8 | loss 2.9158 | train det 0.0172 seg 0.1538 cnt 1.4274 | shared_pairs det_seg 95/288 det_cnt 101/288 seg_cnt 67/288 | scores det_seg 2.3656 det_cnt 0.4472 seg_cnt 1.4857
[stage2] epoch 7/50 step 9 | loss 2.3460 | train det 0.0176 seg 0.1332 cnt 1.0158 | shared_pairs det_seg 105/288 det_cnt 76/288 seg_cnt 87/288 | scores det_seg 0.7383 det_cnt -0.7062 seg_cnt -0.1486
[stage2] epoch 7/50 step 10 | loss 2.7936 | train det 0.0502 seg 0.1509 cnt 0.8328 | shared_pairs det_seg 105/288 det_cnt 83/288 seg_cnt 80/288 | scores det_seg 3.0483 det_cnt -4.2132 seg_cnt 0.0474
[stage2] epoch 7/50 step 11 | loss 2.4412 | train det 0.0233 seg 0.1152 cnt 1.1700 | shared_pairs det_seg 71/288 det_cnt 91/288 seg_cnt 98/288 | scores det_seg -6.8080 det_cnt -3.7832 seg_cnt -2.0894
[stage2] epoch 7/50 step 12 | loss 4.6928 | train det 0.0331 seg 0.1030 cnt 3.3719 | shared_pairs det_seg 98/288 det_cnt 88/288 seg_cnt 72/288 | scores det_seg 0.2068 det_cnt -0.1425 seg_cnt -4.3871
[stage2] epoch 7/50 step 13 | loss 1.6680 | train det 0.0342 seg 0.0829 cnt 0.4915 | shared_pairs det_seg 80/288 det_cnt 93/288 seg_cnt 90/288 | scores det_seg -0.3230 det_cnt 2.4998 seg_cnt 1.6102
[stage2] epoch 7/50 step 14 | loss 2.7696 | train det 0.0244 seg 0.0715 cnt 1.8317 | shared_pairs det_seg 111/288 det_cnt 76/288 seg_cnt 74/288 | scores det_seg 4.4566 det_cnt -2.4905 seg_cnt -0.4394
[stage2] epoch 7/50 step 15 | loss 4.5534 | train det 0.1812 seg 0.0882 cnt 1.1307 | shared_pairs det_seg 80/288 det_cnt 100/288 seg_cnt 84/288 | scores det_seg -0.0925 det_cnt -0.5364 seg_cnt 1.1508
[stage2] epoch 7/50 step 16 | loss 3.2963 | train det 0.0456 seg 0.1050 cnt 1.7715 | shared_pairs det_seg 89/288 det_cnt 109/288 seg_cnt 79/288 | scores det_seg 1.0653 det_cnt 2.5211 seg_cnt 0.7964
[stage2] epoch 7/50 step 17 | loss 2.1624 | train det 0.0113 seg 0.0884 cnt 1.2858 | shared_pairs det_seg 96/288 det_cnt 100/288 seg_cnt 71/288 | scores det_seg -1.4370 det_cnt -1.3657 seg_cnt -1.1169
[stage2] epoch 7/50 step 18 | loss 2.8195 | train det 0.0188 seg 0.1283 cnt 1.5105 | shared_pairs det_seg 85/288 det_cnt 124/288 seg_cnt 52/288 | scores det_seg -3.5013 det_cnt 7.4046 seg_cnt 1.2375
[stage2] epoch 7/50 step 19 | loss 4.1711 | train det 0.1548 seg 0.0928 cnt 1.1073 | shared_pairs det_seg 103/288 det_cnt 107/288 seg_cnt 62/288 | scores det_seg 5.0630 det_cnt 6.3306 seg_cnt 1.9645
[stage2] epoch 7/50 step 20 | loss 2.7658 | train det 0.0187 seg 0.1053 cnt 1.6428 | shared_pairs det_seg 101/288 det_cnt 102/288 seg_cnt 60/288 | scores det_seg -1.7381 det_cnt -0.3177 seg_cnt -2.5315
[stage2] epoch 7/50 step 21 | loss 3.5554 | train det 0.0862 seg 0.1518 cnt 1.0475 | shared_pairs det_seg 89/288 det_cnt 90/288 seg_cnt 88/288 | scores det_seg -3.7547 det_cnt 0.3747 seg_cnt 3.0565
[stage2] epoch 7/50 step 22 | loss 2.5126 | train det 0.0550 seg 0.0784 cnt 1.0600 | shared_pairs det_seg 99/288 det_cnt 90/288 seg_cnt 79/288 | scores det_seg -1.7325 det_cnt -1.5454 seg_cnt -1.7388
[stage2] epoch 7/50 | train 2.9530 | det 0.0522 seg 0.1023 cnt 1.3521 | selected_by_matrix_unit det_seg 2066 det_cnt 2082 seg_cnt 1712
[stage2] epoch 7 | val det 0.4447 seg 0.8575 miou 0.6584 cnt 3.3264 dens 8.296566e-01 mae 2.4968 total_mae 11.5726 | ap50 0.6668 | combo 1.725707
[stage2] epoch 8/50 step 1 | loss 3.4086 | train det 0.0190 seg 0.0909 cnt 2.3966 | shared_pairs det_seg 98/288 det_cnt 85/288 seg_cnt 85/288 | scores det_seg 0.3271 det_cnt -1.7375 seg_cnt 1.1432
[stage2] epoch 8/50 step 2 | loss 2.6053 | train det 0.0411 seg 0.1014 cnt 1.1780 | shared_pairs det_seg 87/288 det_cnt 88/288 seg_cnt 87/288 | scores det_seg -1.0694 det_cnt -0.5460 seg_cnt -0.4352
[stage2] epoch 8/50 step 3 | loss 3.5957 | train det 0.0295 seg 0.1759 cnt 1.7457 | shared_pairs det_seg 97/288 det_cnt 91/288 seg_cnt 70/288 | scores det_seg -4.4291 det_cnt 0.4380 seg_cnt -3.1146
[stage2] epoch 8/50 step 4 | loss 2.8945 | train det 0.0314 seg 0.1679 cnt 1.0801 | shared_pairs det_seg 101/288 det_cnt 87/288 seg_cnt 79/288 | scores det_seg 0.3873 det_cnt -0.5477 seg_cnt 1.1688
[stage2] epoch 8/50 step 5 | loss 5.4605 | train det 0.1718 seg 0.1152 cnt 1.9613 | shared_pairs det_seg 98/288 det_cnt 78/288 seg_cnt 86/288 | scores det_seg 1.1158 det_cnt -2.3107 seg_cnt -3.6525
[stage2] epoch 8/50 step 6 | loss 3.7981 | train det 0.0450 seg 0.1606 cnt 1.8391 | shared_pairs det_seg 89/288 det_cnt 113/288 seg_cnt 65/288 | scores det_seg -3.0203 det_cnt 5.1140 seg_cnt -5.2361
[stage2] epoch 8/50 step 7 | loss 5.3899 | train det 0.0336 seg 0.1142 cnt 3.9717 | shared_pairs det_seg 100/288 det_cnt 112/288 seg_cnt 59/288 | scores det_seg 4.2789 det_cnt 7.0985 seg_cnt 1.0970
[stage2] epoch 8/50 step 8 | loss 4.5907 | train det 0.1222 seg 0.0894 cnt 2.0429 | shared_pairs det_seg 72/288 det_cnt 106/288 seg_cnt 85/288 | scores det_seg -1.5166 det_cnt 1.0140 seg_cnt -1.0142
[stage2] epoch 8/50 step 9 | loss 2.2766 | train det 0.0237 seg 0.0925 cnt 1.1803 | shared_pairs det_seg 96/288 det_cnt 99/288 seg_cnt 68/288 | scores det_seg 1.8735 det_cnt 0.7500 seg_cnt 1.0107
[stage2] epoch 8/50 step 10 | loss 3.3244 | train det 0.0548 seg 0.0916 cnt 1.7705 | shared_pairs det_seg 104/288 det_cnt 94/288 seg_cnt 66/288 | scores det_seg 1.3611 det_cnt 1.6177 seg_cnt -1.5058
[stage2] epoch 8/50 step 11 | loss 2.9763 | train det 0.0437 seg 0.1026 cnt 1.5004 | shared_pairs det_seg 75/288 det_cnt 110/288 seg_cnt 72/288 | scores det_seg -3.1105 det_cnt 4.0587 seg_cnt -2.5900
[stage2] epoch 8/50 step 12 | loss 4.3722 | train det 0.0403 seg 0.1083 cnt 2.9020 | shared_pairs det_seg 87/288 det_cnt 114/288 seg_cnt 62/288 | scores det_seg -2.5205 det_cnt 3.1765 seg_cnt -3.3333
[stage2] epoch 8/50 step 13 | loss 4.4691 | train det 0.0755 seg 0.1181 cnt 2.3920 | shared_pairs det_seg 106/288 det_cnt 95/288 seg_cnt 62/288 | scores det_seg 2.2841 det_cnt 3.5309 seg_cnt 0.1137
[stage2] epoch 8/50 step 14 | loss 3.2097 | train det 0.0211 seg 0.1954 cnt 1.3297 | shared_pairs det_seg 107/288 det_cnt 82/288 seg_cnt 62/288 | scores det_seg 1.1715 det_cnt -0.8303 seg_cnt -0.6219
[stage2] epoch 8/50 step 15 | loss 2.9385 | train det 0.0305 seg 0.0782 cnt 1.8559 | shared_pairs det_seg 98/288 det_cnt 94/288 seg_cnt 72/288 | scores det_seg 2.9620 det_cnt 3.0454 seg_cnt 1.9379
[stage2] epoch 8/50 step 16 | loss 2.3773 | train det 0.0569 seg 0.0527 cnt 1.1018 | shared_pairs det_seg 88/288 det_cnt 95/288 seg_cnt 76/288 | scores det_seg 1.5817 det_cnt 0.9412 seg_cnt 0.0532
[stage2] epoch 8/50 step 17 | loss 3.4617 | train det 0.0607 seg 0.0994 cnt 1.7561 | shared_pairs det_seg 90/288 det_cnt 99/288 seg_cnt 68/288 | scores det_seg -0.2428 det_cnt 1.7684 seg_cnt -2.3062
[stage2] epoch 8/50 step 18 | loss 3.5364 | train det 0.0248 seg 0.1244 cnt 2.1697 | shared_pairs det_seg 78/288 det_cnt 111/288 seg_cnt 80/288 | scores det_seg -0.7930 det_cnt 3.1561 seg_cnt 2.5007
[stage2] epoch 8/50 step 19 | loss 6.2559 | train det 0.0139 seg 0.1135 cnt 5.1396 | shared_pairs det_seg 96/288 det_cnt 85/288 seg_cnt 78/288 | scores det_seg -0.8606 det_cnt -0.1649 seg_cnt -2.5112
[stage2] epoch 8/50 step 20 | loss 3.2081 | train det 0.0391 seg 0.0979 cnt 1.8382 | shared_pairs det_seg 108/288 det_cnt 85/288 seg_cnt 70/288 | scores det_seg 2.6023 det_cnt -2.7107 seg_cnt 1.3668
[stage2] epoch 8/50 step 21 | loss 3.0253 | train det 0.0337 seg 0.1636 cnt 1.2101 | shared_pairs det_seg 96/288 det_cnt 103/288 seg_cnt 69/288 | scores det_seg -0.9264 det_cnt 2.6851 seg_cnt 3.2598
[stage2] epoch 8/50 step 22 | loss 2.8876 | train det 0.0321 seg 0.0798 cnt 1.7670 | shared_pairs det_seg 89/288 det_cnt 105/288 seg_cnt 58/288 | scores det_seg -2.8259 det_cnt 2.4088 seg_cnt -5.3902
[stage2] epoch 8/50 | train 3.6392 | det 0.0475 seg 0.1151 cnt 2.0059 | selected_by_matrix_unit det_seg 2060 det_cnt 2131 seg_cnt 1579
[stage2] epoch 8 | val det 0.4476 seg 0.8545 miou 0.6583 cnt 3.3025 dens 8.292311e-01 mae 2.4733 total_mae 11.8115 | ap50 0.6657 | combo 1.728260
[ckpt] new best cached (stage2 epoch 8, combo 1.728260)
[stage2] epoch 9/50 step 1 | loss 1.8635 | train det 0.0229 seg 0.0956 cnt 0.7553 | shared_pairs det_seg 98/288 det_cnt 84/288 seg_cnt 82/288 | scores det_seg 4.0874 det_cnt 1.7265 seg_cnt 0.8102
[stage2] epoch 9/50 step 2 | loss 2.2442 | train det 0.0177 seg 0.0758 cnt 1.3723 | shared_pairs det_seg 96/288 det_cnt 83/288 seg_cnt 72/288 | scores det_seg -0.0649 det_cnt -1.6307 seg_cnt -1.3506
[stage2] epoch 9/50 step 3 | loss 3.2316 | train det 0.0216 seg 0.0717 cnt 2.3334 | shared_pairs det_seg 90/288 det_cnt 95/288 seg_cnt 79/288 | scores det_seg 0.8303 det_cnt -1.1553 seg_cnt -0.3550
[stage2] epoch 9/50 step 4 | loss 2.5949 | train det 0.0162 seg 0.0533 cnt 1.9251 | shared_pairs det_seg 95/288 det_cnt 105/288 seg_cnt 63/288 | scores det_seg 1.5974 det_cnt 3.1155 seg_cnt -5.4456
[stage2] epoch 9/50 step 5 | loss 3.9082 | train det 0.0440 seg 0.1207 cnt 2.2832 | shared_pairs det_seg 103/288 det_cnt 81/288 seg_cnt 71/288 | scores det_seg 3.2674 det_cnt -1.7325 seg_cnt -2.0774
[stage2] epoch 9/50 step 6 | loss 2.7400 | train det 0.0357 seg 0.0637 cnt 1.6959 | shared_pairs det_seg 93/288 det_cnt 103/288 seg_cnt 61/288 | scores det_seg 2.7766 det_cnt 1.9067 seg_cnt -0.4034
[stage2] epoch 9/50 step 7 | loss 2.5310 | train det 0.0374 seg 0.0877 cnt 1.2682 | shared_pairs det_seg 82/288 det_cnt 99/288 seg_cnt 87/288 | scores det_seg -0.7332 det_cnt 5.7680 seg_cnt -0.0152
[stage2] epoch 9/50 step 8 | loss 2.5607 | train det 0.0247 seg 0.1281 cnt 1.1660 | shared_pairs det_seg 94/288 det_cnt 84/288 seg_cnt 84/288 | scores det_seg 2.7973 det_cnt -0.8240 seg_cnt 3.8109
[stage2] epoch 9/50 step 9 | loss 2.9466 | train det 0.0353 seg 0.1755 cnt 1.0131 | shared_pairs det_seg 79/288 det_cnt 94/288 seg_cnt 82/288 | scores det_seg -1.0545 det_cnt -2.5450 seg_cnt -1.3474
[stage2] epoch 9/50 step 10 | loss 4.1627 | train det 0.0588 seg 0.0640 cnt 2.7680 | shared_pairs det_seg 92/288 det_cnt 91/288 seg_cnt 79/288 | scores det_seg 3.2284 det_cnt 1.6140 seg_cnt 2.6323
[stage2] epoch 9/50 step 11 | loss 2.8936 | train det 0.0299 seg 0.1055 cnt 1.6013 | shared_pairs det_seg 95/288 det_cnt 92/288 seg_cnt 77/288 | scores det_seg -1.6478 det_cnt -2.7034 seg_cnt -1.8064
[stage2] epoch 9/50 step 12 | loss 3.6337 | train det 0.0625 seg 0.2041 cnt 1.0627 | shared_pairs det_seg 98/288 det_cnt 97/288 seg_cnt 69/288 | scores det_seg -0.0948 det_cnt 0.4454 seg_cnt 1.7760
[stage2] epoch 9/50 step 13 | loss 2.7912 | train det 0.1129 seg 0.0521 cnt 0.6810 | shared_pairs det_seg 75/288 det_cnt 92/288 seg_cnt 93/288 | scores det_seg -2.8422 det_cnt 2.7310 seg_cnt 1.8666
[stage2] epoch 9/50 step 14 | loss 2.0920 | train det 0.0433 seg 0.0486 cnt 1.0541 | shared_pairs det_seg 92/288 det_cnt 106/288 seg_cnt 64/288 | scores det_seg 4.1564 det_cnt 1.9587 seg_cnt -1.5469
[stage2] epoch 9/50 step 15 | loss 2.6753 | train det 0.0232 seg 0.0714 cnt 1.7550 | shared_pairs det_seg 86/288 det_cnt 98/288 seg_cnt 78/288 | scores det_seg 0.0944 det_cnt -0.7183 seg_cnt 1.3904
[stage2] epoch 9/50 step 16 | loss 4.4469 | train det 0.1273 seg 0.0828 cnt 1.8758 | shared_pairs det_seg 85/288 det_cnt 100/288 seg_cnt 74/288 | scores det_seg -1.8991 det_cnt 4.3061 seg_cnt -0.7552
[stage2] epoch 9/50 step 17 | loss 3.4314 | train det 0.0435 seg 0.0726 cnt 2.1985 | shared_pairs det_seg 87/288 det_cnt 102/288 seg_cnt 81/288 | scores det_seg 1.6815 det_cnt 3.6639 seg_cnt 2.4096
[stage2] epoch 9/50 step 18 | loss 2.6309 | train det 0.0282 seg 0.0896 cnt 1.4901 | shared_pairs det_seg 95/288 det_cnt 101/288 seg_cnt 76/288 | scores det_seg -0.2574 det_cnt 0.1441 seg_cnt 0.1912
[stage2] epoch 9/50 step 19 | loss 2.1037 | train det 0.0163 seg 0.1032 cnt 1.0343 | shared_pairs det_seg 97/288 det_cnt 101/288 seg_cnt 63/288 | scores det_seg -1.6993 det_cnt 1.8596 seg_cnt 0.5658
[stage2] epoch 9/50 step 20 | loss 2.2977 | train det 0.0243 seg 0.1052 cnt 1.0910 | shared_pairs det_seg 96/288 det_cnt 91/288 seg_cnt 72/288 | scores det_seg 2.9476 det_cnt -0.8859 seg_cnt 0.1507
[stage2] epoch 9/50 step 21 | loss 2.2584 | train det 0.0230 seg 0.0996 cnt 1.1163 | shared_pairs det_seg 108/288 det_cnt 87/288 seg_cnt 77/288 | scores det_seg 1.4213 det_cnt -0.8583 seg_cnt -1.0059
[stage2] epoch 9/50 step 22 | loss 4.2821 | train det 0.0148 seg 0.1339 cnt 2.9889 | shared_pairs det_seg 91/288 det_cnt 92/288 seg_cnt 75/288 | scores det_seg -0.7089 det_cnt 0.7865 seg_cnt 0.2040
[stage2] epoch 9/50 | train 2.9236 | det 0.0392 seg 0.0957 cnt 1.5695 | selected_by_matrix_unit det_seg 2027 det_cnt 2078 seg_cnt 1659
[stage2] epoch 9 | val det 0.4488 seg 0.8664 miou 0.6565 cnt 3.3382 dens 8.293189e-01 mae 2.5088 total_mae 11.4958 | ap50 0.6650 | combo 1.720125
[stage2] epoch 10/50 step 1 | loss 3.0200 | train det 0.0123 seg 0.1057 cnt 1.9893 | shared_pairs det_seg 84/288 det_cnt 94/288 seg_cnt 85/288 | scores det_seg -0.7929 det_cnt -0.3873 seg_cnt 1.9549
[stage2] epoch 10/50 step 2 | loss 1.7491 | train det 0.0177 seg 0.0362 cnt 1.1945 | shared_pairs det_seg 86/288 det_cnt 100/288 seg_cnt 70/288 | scores det_seg 0.9921 det_cnt 1.2621 seg_cnt -0.2011
[stage2] epoch 10/50 step 3 | loss 2.2623 | train det 0.0105 seg 0.0916 cnt 1.3720 | shared_pairs det_seg 90/288 det_cnt 90/288 seg_cnt 83/288 | scores det_seg 3.2217 det_cnt 3.7957 seg_cnt 1.9670
[stage2] epoch 10/50 step 4 | loss 4.2015 | train det 0.0584 seg 0.1660 cnt 1.9980 | shared_pairs det_seg 101/288 det_cnt 83/288 seg_cnt 84/288 | scores det_seg 5.0128 det_cnt -1.1460 seg_cnt 1.3102
[stage2] epoch 10/50 step 5 | loss 5.0084 | train det 0.0395 seg 0.1730 cnt 3.0321 | shared_pairs det_seg 107/288 det_cnt 85/288 seg_cnt 67/288 | scores det_seg 1.6203 det_cnt -1.0010 seg_cnt -3.7174
[stage2] epoch 10/50 step 6 | loss 4.3980 | train det 0.0386 seg 0.1097 cnt 2.9406 | shared_pairs det_seg 99/288 det_cnt 89/288 seg_cnt 74/288 | scores det_seg -1.1679 det_cnt -4.8904 seg_cnt -4.2199
[stage2] epoch 10/50 step 7 | loss 2.8396 | train det 0.0422 seg 0.0833 cnt 1.5400 | shared_pairs det_seg 93/288 det_cnt 99/288 seg_cnt 72/288 | scores det_seg -1.4683 det_cnt 2.3546 seg_cnt -0.7603
[stage2] epoch 10/50 step 8 | loss 2.5052 | train det 0.0293 seg 0.1099 cnt 1.1867 | shared_pairs det_seg 105/288 det_cnt 87/288 seg_cnt 72/288 | scores det_seg -1.6665 det_cnt 0.7287 seg_cnt -2.4177
[stage2] epoch 10/50 step 9 | loss 3.4939 | train det 0.0862 seg 0.1373 cnt 1.1023 | shared_pairs det_seg 85/288 det_cnt 106/288 seg_cnt 75/288 | scores det_seg -3.8260 det_cnt -0.7726 seg_cnt -0.3137
[stage2] epoch 10/50 step 10 | loss 3.4161 | train det 0.0427 seg 0.1763 cnt 1.3654 | shared_pairs det_seg 84/288 det_cnt 100/288 seg_cnt 74/288 | scores det_seg -1.8603 det_cnt 1.4253 seg_cnt 2.7041
[stage2] epoch 10/50 step 11 | loss 2.6299 | train det 0.0538 seg 0.1178 cnt 0.8815 | shared_pairs det_seg 97/288 det_cnt 80/288 seg_cnt 91/288 | scores det_seg -0.3776 det_cnt -4.7446 seg_cnt 1.8513
[stage2] epoch 10/50 step 12 | loss 3.5148 | train det 0.0159 seg 0.1304 cnt 2.2322 | shared_pairs det_seg 89/288 det_cnt 95/288 seg_cnt 85/288 | scores det_seg 0.9877 det_cnt 0.3408 seg_cnt 1.1886
[stage2] epoch 10/50 step 13 | loss 2.7715 | train det 0.0303 seg 0.1070 cnt 1.4615 | shared_pairs det_seg 105/288 det_cnt 87/288 seg_cnt 73/288 | scores det_seg -0.7505 det_cnt -2.1424 seg_cnt 0.2178
[stage2] epoch 10/50 step 14 | loss 2.3701 | train det 0.0301 seg 0.0779 cnt 1.2958 | shared_pairs det_seg 100/288 det_cnt 86/288 seg_cnt 79/288 | scores det_seg -1.8526 det_cnt -0.6221 seg_cnt 1.4634
[stage2] epoch 10/50 step 15 | loss 2.5839 | train det 0.0287 seg 0.0741 cnt 1.5600 | shared_pairs det_seg 73/288 det_cnt 109/288 seg_cnt 75/288 | scores det_seg -4.3169 det_cnt 2.1116 seg_cnt -2.0816
[stage2] epoch 10/50 step 16 | loss 3.1906 | train det 0.0183 seg 0.1114 cnt 2.0243 | shared_pairs det_seg 95/288 det_cnt 95/288 seg_cnt 77/288 | scores det_seg -1.7862 det_cnt 1.1488 seg_cnt -1.7037
[stage2] epoch 10/50 step 17 | loss 4.5761 | train det 0.0477 seg 0.0987 cnt 3.0705 | shared_pairs det_seg 96/288 det_cnt 83/288 seg_cnt 83/288 | scores det_seg 0.4242 det_cnt -4.1599 seg_cnt -0.7258
[stage2] epoch 10/50 step 18 | loss 3.6601 | train det 0.0156 seg 0.0723 cnt 2.8474 | shared_pairs det_seg 94/288 det_cnt 97/288 seg_cnt 76/288 | scores det_seg 2.8321 det_cnt 0.9355 seg_cnt 0.2550
[stage2] epoch 10/50 step 19 | loss 2.5524 | train det 0.0110 seg 0.1065 cnt 1.5360 | shared_pairs det_seg 83/288 det_cnt 97/288 seg_cnt 85/288 | scores det_seg 0.1531 det_cnt -3.3718 seg_cnt 0.8184
[stage2] epoch 10/50 step 20 | loss 2.6314 | train det 0.0184 seg 0.1307 cnt 1.3096 | shared_pairs det_seg 92/288 det_cnt 92/288 seg_cnt 78/288 | scores det_seg -1.6422 det_cnt -0.6288 seg_cnt -0.9256
[stage2] epoch 10/50 step 21 | loss 2.0367 | train det 0.0122 seg 0.0983 cnt 1.0675 | shared_pairs det_seg 94/288 det_cnt 100/288 seg_cnt 73/288 | scores det_seg -0.8787 det_cnt 1.0305 seg_cnt 1.0562
[stage2] epoch 10/50 step 22 | loss 3.2365 | train det 0.0571 seg 0.1179 cnt 1.4371 | shared_pairs det_seg 110/288 det_cnt 93/288 seg_cnt 63/288 | scores det_seg 2.4287 det_cnt -1.1406 seg_cnt -1.6848
[stage2] epoch 10/50 | train 3.1204 | det 0.0326 seg 0.1105 cnt 1.7475 | selected_by_matrix_unit det_seg 2062 det_cnt 2047 seg_cnt 1694
[stage2] epoch 10 | val det 0.4569 seg 0.8671 miou 0.6575 cnt 3.3039 dens 8.284643e-01 mae 2.4755 total_mae 11.4746 | ap50 0.6647 | combo 1.726208
[stage2] epoch 11/50 step 1 | loss 3.0906 | train det 0.0321 seg 0.1281 cnt 1.5846 | shared_pairs det_seg 82/288 det_cnt 104/288 seg_cnt 76/288 | scores det_seg -0.5715 det_cnt 1.1179 seg_cnt -2.7805
[stage2] epoch 11/50 step 2 | loss 3.6075 | train det 0.0692 seg 0.0974 cnt 1.7899 | shared_pairs det_seg 99/288 det_cnt 90/288 seg_cnt 72/288 | scores det_seg 2.1689 det_cnt 1.2247 seg_cnt -0.3074
[stage2] epoch 11/50 step 3 | loss 4.4732 | train det 0.1217 seg 0.2061 cnt 0.9988 | shared_pairs det_seg 79/288 det_cnt 105/288 seg_cnt 88/288 | scores det_seg 1.1678 det_cnt 6.7424 seg_cnt 3.2351
[stage2] epoch 11/50 step 4 | loss 3.5782 | train det 0.0896 seg 0.1258 cnt 1.2269 | shared_pairs det_seg 86/288 det_cnt 94/288 seg_cnt 88/288 | scores det_seg -3.2308 det_cnt 2.4481 seg_cnt 5.7207
[stage2] epoch 11/50 step 5 | loss 5.8914 | train det 0.1737 seg 0.1281 cnt 2.2604 | shared_pairs det_seg 92/288 det_cnt 98/288 seg_cnt 76/288 | scores det_seg 1.7938 det_cnt -1.6007 seg_cnt -0.5371
[stage2] epoch 11/50 step 6 | loss 3.1265 | train det 0.0532 seg 0.1347 cnt 1.2504 | shared_pairs det_seg 98/288 det_cnt 108/288 seg_cnt 70/288 | scores det_seg 2.9711 det_cnt 3.1499 seg_cnt 0.8560
[stage2] epoch 11/50 step 7 | loss 2.1822 | train det 0.0280 seg 0.0882 cnt 1.0562 | shared_pairs det_seg 81/288 det_cnt 108/288 seg_cnt 75/288 | scores det_seg -2.1231 det_cnt 2.4785 seg_cnt -0.9480
[stage2] epoch 11/50 step 8 | loss 3.0239 | train det 0.0508 seg 0.1049 cnt 1.4231 | shared_pairs det_seg 100/288 det_cnt 77/288 seg_cnt 88/288 | scores det_seg -4.5223 det_cnt -1.0100 seg_cnt 1.9187
[stage2] epoch 11/50 step 9 | loss 4.3556 | train det 0.0260 seg 0.0827 cnt 3.3040 | shared_pairs det_seg 99/288 det_cnt 105/288 seg_cnt 57/288 | scores det_seg 0.4919 det_cnt 4.2598 seg_cnt 0.1960
[stage2] epoch 11/50 step 10 | loss 2.0345 | train det 0.0326 seg 0.0513 cnt 1.1356 | shared_pairs det_seg 84/288 det_cnt 94/288 seg_cnt 88/288 | scores det_seg -1.2625 det_cnt 5.2076 seg_cnt 1.5553
[stage2] epoch 11/50 step 11 | loss 4.8563 | train det 0.1493 seg 0.1581 cnt 1.3518 | shared_pairs det_seg 101/288 det_cnt 103/288 seg_cnt 54/288 | scores det_seg 2.3408 det_cnt 4.0568 seg_cnt -0.2188
[stage2] epoch 11/50 step 12 | loss 2.8434 | train det 0.0183 seg 0.1349 cnt 1.4889 | shared_pairs det_seg 97/288 det_cnt 93/288 seg_cnt 76/288 | scores det_seg 2.8366 det_cnt 0.6103 seg_cnt 1.0589
[stage2] epoch 11/50 step 13 | loss 3.3698 | train det 0.0418 seg 0.1422 cnt 1.6062 | shared_pairs det_seg 99/288 det_cnt 85/288 seg_cnt 87/288 | scores det_seg -1.8879 det_cnt -0.6389 seg_cnt 2.1875
[stage2] epoch 11/50 step 14 | loss 3.3628 | train det 0.0451 seg 0.1089 cnt 1.8157 | shared_pairs det_seg 85/288 det_cnt 125/288 seg_cnt 61/288 | scores det_seg -1.6547 det_cnt 5.2992 seg_cnt -1.8154
[stage2] epoch 11/50 step 15 | loss 3.3114 | train det 0.0708 seg 0.1449 cnt 1.0907 | shared_pairs det_seg 79/288 det_cnt 115/288 seg_cnt 67/288 | scores det_seg -0.7922 det_cnt 6.3226 seg_cnt -1.6168
[stage2] epoch 11/50 step 16 | loss 3.5749 | train det 0.0506 seg 0.1981 cnt 1.2313 | shared_pairs det_seg 84/288 det_cnt 108/288 seg_cnt 59/288 | scores det_seg -2.3529 det_cnt 1.4098 seg_cnt -0.8011
[stage2] epoch 11/50 step 17 | loss 3.7663 | train det 0.0362 seg 0.1317 cnt 2.1701 | shared_pairs det_seg 87/288 det_cnt 102/288 seg_cnt 84/288 | scores det_seg 1.7570 det_cnt 3.1348 seg_cnt 0.5598
[stage2] epoch 11/50 step 18 | loss 2.7064 | train det 0.0480 seg 0.0957 cnt 1.2215 | shared_pairs det_seg 99/288 det_cnt 96/288 seg_cnt 72/288 | scores det_seg 3.8008 det_cnt -1.3682 seg_cnt -3.4685
[stage2] epoch 11/50 step 19 | loss 2.5736 | train det 0.0349 seg 0.1374 cnt 0.9506 | shared_pairs det_seg 100/288 det_cnt 109/288 seg_cnt 63/288 | scores det_seg 2.3536 det_cnt 5.5388 seg_cnt -0.0252
[stage2] epoch 11/50 step 20 | loss 3.6245 | train det 0.0568 seg 0.1632 cnt 1.4675 | shared_pairs det_seg 98/288 det_cnt 104/288 seg_cnt 63/288 | scores det_seg 1.4365 det_cnt 3.3733 seg_cnt -0.9887
[stage2] epoch 11/50 step 21 | loss 6.2221 | train det 0.1306 seg 0.1207 cnt 3.2975 | shared_pairs det_seg 83/288 det_cnt 103/288 seg_cnt 73/288 | scores det_seg -1.3876 det_cnt 0.1128 seg_cnt 2.6681
[stage2] epoch 11/50 step 22 | loss 2.4838 | train det 0.0864 seg 0.0195 cnt 1.0319 | shared_pairs det_seg 115/288 det_cnt 87/288 seg_cnt 71/288 | scores det_seg 4.9612 det_cnt 1.2812 seg_cnt 1.4479
[stage2] epoch 11/50 | train 3.5481 | det 0.0657 seg 0.1228 cnt 1.5797 | selected_by_matrix_unit det_seg 2027 det_cnt 2213 seg_cnt 1608
[stage2] epoch 11 | val det 0.4565 seg 0.8696 miou 0.6571 cnt 3.3237 dens 8.292767e-01 mae 2.4944 total_mae 11.5372 | ap50 0.6653 | combo 1.723371
[stage2] epoch 12/50 step 1 | loss 4.5019 | train det 0.1238 seg 0.1089 cnt 1.7735 | shared_pairs det_seg 96/288 det_cnt 96/288 seg_cnt 70/288 | scores det_seg 1.0104 det_cnt -0.9619 seg_cnt -2.3944
[stage2] epoch 12/50 step 2 | loss 2.9663 | train det 0.0177 seg 0.0788 cnt 2.0711 | shared_pairs det_seg 110/288 det_cnt 89/288 seg_cnt 71/288 | scores det_seg 3.3146 det_cnt -0.4954 seg_cnt -1.0460
[stage2] epoch 12/50 step 3 | loss 3.0823 | train det 0.0393 seg 0.0969 cnt 1.7174 | shared_pairs det_seg 104/288 det_cnt 97/288 seg_cnt 61/288 | scores det_seg 2.8769 det_cnt -0.3811 seg_cnt -3.5705
[stage2] epoch 12/50 step 4 | loss 1.9409 | train det 0.0232 seg 0.1093 cnt 0.7186 | shared_pairs det_seg 115/288 det_cnt 78/288 seg_cnt 67/288 | scores det_seg 0.7281 det_cnt -3.1210 seg_cnt -4.0898
[stage2] epoch 12/50 step 5 | loss 2.8651 | train det 0.0297 seg 0.1110 cnt 1.5323 | shared_pairs det_seg 95/288 det_cnt 83/288 seg_cnt 70/288 | scores det_seg -0.2012 det_cnt -3.2256 seg_cnt -2.9500
[stage2] epoch 12/50 step 6 | loss 1.4769 | train det 0.0135 seg 0.0962 cnt 0.5048 | shared_pairs det_seg 85/288 det_cnt 111/288 seg_cnt 67/288 | scores det_seg -0.4902 det_cnt 1.5228 seg_cnt -0.6146
[stage2] epoch 12/50 step 7 | loss 2.8569 | train det 0.0732 seg 0.0855 cnt 1.0752 | shared_pairs det_seg 96/288 det_cnt 81/288 seg_cnt 84/288 | scores det_seg -3.3638 det_cnt -8.2578 seg_cnt -0.2020
[stage2] epoch 12/50 step 8 | loss 3.5895 | train det 0.0705 seg 0.0886 cnt 1.8229 | shared_pairs det_seg 104/288 det_cnt 83/288 seg_cnt 66/288 | scores det_seg 2.1619 det_cnt -1.2192 seg_cnt 0.3496
[stage2] epoch 12/50 step 9 | loss 4.1825 | train det 0.0307 seg 0.0606 cnt 3.2373 | shared_pairs det_seg 112/288 det_cnt 88/288 seg_cnt 70/288 | scores det_seg 5.7676 det_cnt -1.8919 seg_cnt 0.0464
[stage2] epoch 12/50 step 10 | loss 1.7086 | train det 0.0265 seg 0.0732 cnt 0.7261 | shared_pairs det_seg 95/288 det_cnt 84/288 seg_cnt 85/288 | scores det_seg 0.8294 det_cnt -2.3032 seg_cnt -1.5352
[stage2] epoch 12/50 step 11 | loss 3.8966 | train det 0.0989 seg 0.0848 cnt 1.7347 | shared_pairs det_seg 104/288 det_cnt 89/288 seg_cnt 71/288 | scores det_seg 0.5003 det_cnt -3.8977 seg_cnt -4.0300
[stage2] epoch 12/50 step 12 | loss 5.2950 | train det 0.1125 seg 0.1478 cnt 2.4245 | shared_pairs det_seg 86/288 det_cnt 104/288 seg_cnt 70/288 | scores det_seg 1.4053 det_cnt 0.6496 seg_cnt 0.9955
[stage2] epoch 12/50 step 13 | loss 3.0127 | train det 0.0200 seg 0.1167 cnt 1.7798 | shared_pairs det_seg 94/288 det_cnt 105/288 seg_cnt 64/288 | scores det_seg 1.6163 det_cnt -0.2885 seg_cnt -0.0246
[stage2] epoch 12/50 step 14 | loss 3.6028 | train det 0.0535 seg 0.0995 cnt 2.0042 | shared_pairs det_seg 105/288 det_cnt 83/288 seg_cnt 75/288 | scores det_seg -0.2708 det_cnt -1.1773 seg_cnt 2.1831
[stage2] epoch 12/50 step 15 | loss 3.2996 | train det 0.0501 seg 0.1014 cnt 1.7370 | shared_pairs det_seg 80/288 det_cnt 87/288 seg_cnt 96/288 | scores det_seg -3.4128 det_cnt -0.9484 seg_cnt 5.4923
[stage2] epoch 12/50 step 16 | loss 3.1654 | train det 0.0986 seg 0.0933 cnt 0.9398 | shared_pairs det_seg 101/288 det_cnt 80/288 seg_cnt 79/288 | scores det_seg 1.7617 det_cnt -3.5883 seg_cnt 0.2520
[stage2] epoch 12/50 step 17 | loss 5.2422 | train det 0.2070 seg 0.0701 cnt 1.5760 | shared_pairs det_seg 85/288 det_cnt 96/288 seg_cnt 87/288 | scores det_seg -0.9391 det_cnt 2.7084 seg_cnt 2.7991
[stage2] epoch 12/50 step 18 | loss 1.6844 | train det 0.0182 seg 0.0926 cnt 0.6706 | shared_pairs det_seg 95/288 det_cnt 99/288 seg_cnt 73/288 | scores det_seg -2.7431 det_cnt -1.9808 seg_cnt -1.6405
[stage2] epoch 12/50 step 19 | loss 3.4418 | train det 0.1127 seg 0.0949 cnt 0.9917 | shared_pairs det_seg 96/288 det_cnt 91/288 seg_cnt 68/288 | scores det_seg 1.1062 det_cnt 0.7595 seg_cnt 2.1809
[stage2] epoch 12/50 step 20 | loss 2.6898 | train det 0.0157 seg 0.0983 cnt 1.6681 | shared_pairs det_seg 92/288 det_cnt 81/288 seg_cnt 87/288 | scores det_seg -0.3147 det_cnt -1.9512 seg_cnt 1.0299
[stage2] epoch 12/50 step 21 | loss 4.2953 | train det 0.0386 seg 0.0638 cnt 3.2057 | shared_pairs det_seg 103/288 det_cnt 97/288 seg_cnt 64/288 | scores det_seg 1.9317 det_cnt -1.6834 seg_cnt -2.7802
[stage2] epoch 12/50 step 22 | loss 2.0834 | train det 0.0218 seg 0.1225 cnt 0.7768 | shared_pairs det_seg 113/288 det_cnt 89/288 seg_cnt 69/288 | scores det_seg 1.3025 det_cnt 0.0484 seg_cnt -0.1041
[stage2] epoch 12/50 | train 3.2218 | det 0.0589 seg 0.0952 cnt 1.5767 | selected_by_matrix_unit det_seg 2166 det_cnt 1991 seg_cnt 1614
[stage2] epoch 12 | val det 0.4598 seg 0.8685 miou 0.6576 cnt 3.3082 dens 8.288361e-01 mae 2.4793 total_mae 11.5757 | ap50 0.6654 | combo 1.726350
[stage2] epoch 13/50 step 1 | loss 2.9428 | train det 0.0267 seg 0.0755 cnt 1.9373 | shared_pairs det_seg 84/288 det_cnt 109/288 seg_cnt 71/288 | scores det_seg -1.9333 det_cnt 2.5617 seg_cnt -0.1130
[stage2] epoch 13/50 step 2 | loss 1.8557 | train det 0.0210 seg 0.1030 cnt 0.7163 | shared_pairs det_seg 92/288 det_cnt 89/288 seg_cnt 85/288 | scores det_seg -1.3398 det_cnt -6.7547 seg_cnt 0.6072
[stage2] epoch 13/50 step 3 | loss 5.1606 | train det 0.0286 seg 0.0929 cnt 3.9885 | shared_pairs det_seg 92/288 det_cnt 102/288 seg_cnt 69/288 | scores det_seg -3.0345 det_cnt -0.6999 seg_cnt -0.0499
[stage2] epoch 13/50 step 4 | loss 3.2326 | train det 0.0708 seg 0.0976 cnt 1.3892 | shared_pairs det_seg 93/288 det_cnt 96/288 seg_cnt 72/288 | scores det_seg -2.1902 det_cnt -2.2791 seg_cnt -4.5193
[stage2] epoch 13/50 step 5 | loss 2.7911 | train det 0.0755 seg 0.0530 cnt 1.2346 | shared_pairs det_seg 91/288 det_cnt 108/288 seg_cnt 68/288 | scores det_seg -1.9447 det_cnt 3.5827 seg_cnt 2.7327
[stage2] epoch 13/50 step 6 | loss 3.2708 | train det 0.0329 seg 0.0363 cnt 2.4872 | shared_pairs det_seg 112/288 det_cnt 84/288 seg_cnt 67/288 | scores det_seg 2.8341 det_cnt -4.5493 seg_cnt -3.7775
[stage2] epoch 13/50 step 7 | loss 2.1018 | train det 0.0275 seg 0.1006 cnt 0.8847 | shared_pairs det_seg 94/288 det_cnt 86/288 seg_cnt 76/288 | scores det_seg -0.6144 det_cnt -3.5510 seg_cnt -1.5216
[stage2] epoch 13/50 step 8 | loss 2.5813 | train det 0.0445 seg 0.1075 cnt 1.0542 | shared_pairs det_seg 95/288 det_cnt 94/288 seg_cnt 76/288 | scores det_seg -4.1120 det_cnt 0.4439 seg_cnt -2.0105
[stage2] epoch 13/50 step 9 | loss 2.6675 | train det 0.0231 seg 0.0768 cnt 1.7070 | shared_pairs det_seg 70/288 det_cnt 129/288 seg_cnt 66/288 | scores det_seg -2.8561 det_cnt 4.2086 seg_cnt 1.1853
[stage2] epoch 13/50 step 10 | loss 3.4970 | train det 0.0543 seg 0.0846 cnt 2.0054 | shared_pairs det_seg 98/288 det_cnt 92/288 seg_cnt 73/288 | scores det_seg 5.5746 det_cnt 0.4414 seg_cnt 0.8524
[stage2] epoch 13/50 step 11 | loss 2.0069 | train det 0.0186 seg 0.0948 cnt 0.9694 | shared_pairs det_seg 114/288 det_cnt 69/288 seg_cnt 82/288 | scores det_seg 3.1036 det_cnt -7.4780 seg_cnt 0.2632
[stage2] epoch 13/50 step 12 | loss 2.8123 | train det 0.0301 seg 0.1323 cnt 1.3017 | shared_pairs det_seg 92/288 det_cnt 100/288 seg_cnt 69/288 | scores det_seg -1.1420 det_cnt -0.8048 seg_cnt -3.6844
[stage2] epoch 13/50 step 13 | loss 3.2087 | train det 0.0282 seg 0.0914 cnt 2.0539 | shared_pairs det_seg 104/288 det_cnt 90/288 seg_cnt 70/288 | scores det_seg 1.5472 det_cnt -1.8573 seg_cnt -2.0497
[stage2] epoch 13/50 step 14 | loss 2.0802 | train det 0.0382 seg 0.1025 cnt 0.6869 | shared_pairs det_seg 91/288 det_cnt 93/288 seg_cnt 82/288 | scores det_seg 0.3996 det_cnt 2.1022 seg_cnt 1.8736
[stage2] epoch 13/50 step 15 | loss 6.0524 | train det 0.0511 seg 0.1466 cnt 4.1130 | shared_pairs det_seg 79/288 det_cnt 102/288 seg_cnt 80/288 | scores det_seg -1.5894 det_cnt -0.3436 seg_cnt 1.4670
[stage2] epoch 13/50 step 16 | loss 2.3257 | train det 0.0282 seg 0.0662 cnt 1.3734 | shared_pairs det_seg 84/288 det_cnt 99/288 seg_cnt 84/288 | scores det_seg 0.7565 det_cnt 3.1666 seg_cnt 0.9624
[stage2] epoch 13/50 step 17 | loss 2.6330 | train det 0.0284 seg 0.1039 cnt 1.3754 | shared_pairs det_seg 100/288 det_cnt 87/288 seg_cnt 84/288 | scores det_seg 3.9774 det_cnt -2.5498 seg_cnt 3.8665
[stage2] epoch 13/50 step 18 | loss 3.5924 | train det 0.0341 seg 0.0689 cnt 2.5290 | shared_pairs det_seg 91/288 det_cnt 82/288 seg_cnt 85/288 | scores det_seg -2.3327 det_cnt -4.9107 seg_cnt -0.7775
[stage2] epoch 13/50 step 19 | loss 2.1410 | train det 0.0279 seg 0.0986 cnt 0.9335 | shared_pairs det_seg 84/288 det_cnt 93/288 seg_cnt 94/288 | scores det_seg -1.1316 det_cnt 1.6763 seg_cnt 5.3416
[stage2] epoch 13/50 step 20 | loss 2.6409 | train det 0.0177 seg 0.1653 cnt 1.0533 | shared_pairs det_seg 115/288 det_cnt 82/288 seg_cnt 66/288 | scores det_seg 4.7607 det_cnt 0.3284 seg_cnt -2.1635
[stage2] epoch 13/50 step 21 | loss 2.3701 | train det 0.0273 seg 0.0535 cnt 1.5323 | shared_pairs det_seg 109/288 det_cnt 85/288 seg_cnt 72/288 | scores det_seg -0.5340 det_cnt -0.8916 seg_cnt -3.6517
[stage2] epoch 13/50 step 22 | loss 3.7705 | train det 0.0776 seg 0.0956 cnt 1.8414 | shared_pairs det_seg 81/288 det_cnt 109/288 seg_cnt 67/288 | scores det_seg -1.9732 det_cnt 1.5206 seg_cnt 1.3277
[stage2] epoch 13/50 | train 2.9880 | det 0.0369 seg 0.0931 cnt 1.6894 | selected_by_matrix_unit det_seg 2065 det_cnt 2080 seg_cnt 1658
[stage2] epoch 13 | val det 0.4692 seg 0.8733 miou 0.6586 cnt 3.3083 dens 8.287207e-01 mae 2.4796 total_mae 11.5642 | ap50 0.6660 | combo 1.727948
[stage2] epoch 14/50 step 1 | loss 2.3199 | train det 0.0483 seg 0.0914 cnt 0.8636 | shared_pairs det_seg 91/288 det_cnt 92/288 seg_cnt 70/288 | scores det_seg 1.2058 det_cnt -2.9890 seg_cnt -1.8221
[stage2] epoch 14/50 step 2 | loss 3.0917 | train det 0.0190 seg 0.1388 cnt 1.6960 | shared_pairs det_seg 89/288 det_cnt 118/288 seg_cnt 57/288 | scores det_seg -1.2133 det_cnt 1.9577 seg_cnt -1.2322
[stage2] epoch 14/50 step 3 | loss 1.9783 | train det 0.0237 seg 0.0842 cnt 0.9495 | shared_pairs det_seg 99/288 det_cnt 79/288 seg_cnt 81/288 | scores det_seg 1.7271 det_cnt -2.7500 seg_cnt -0.0202
[stage2] epoch 14/50 step 4 | loss 2.8392 | train det 0.0596 seg 0.1044 cnt 1.1096 | shared_pairs det_seg 103/288 det_cnt 74/288 seg_cnt 83/288 | scores det_seg 2.7597 det_cnt -1.3133 seg_cnt 3.2659
[stage2] epoch 14/50 step 5 | loss 2.5173 | train det 0.0658 seg 0.0725 cnt 0.9507 | shared_pairs det_seg 81/288 det_cnt 94/288 seg_cnt 87/288 | scores det_seg -1.7685 det_cnt 0.8992 seg_cnt 2.0597
[stage2] epoch 14/50 step 6 | loss 2.9387 | train det 0.0348 seg 0.1497 cnt 1.2196 | shared_pairs det_seg 104/288 det_cnt 80/288 seg_cnt 73/288 | scores det_seg 2.4496 det_cnt -5.9259 seg_cnt -0.7101
[stage2] epoch 14/50 step 7 | loss 3.7922 | train det 0.0273 seg 0.0994 cnt 2.5871 | shared_pairs det_seg 90/288 det_cnt 104/288 seg_cnt 67/288 | scores det_seg -1.9710 det_cnt 3.6202 seg_cnt -1.2682
[stage2] epoch 14/50 step 8 | loss 2.9595 | train det 0.0363 seg 0.0879 cnt 1.7122 | shared_pairs det_seg 97/288 det_cnt 82/288 seg_cnt 71/288 | scores det_seg 1.5034 det_cnt -1.4491 seg_cnt -2.0286
[stage2] epoch 14/50 step 9 | loss 4.0668 | train det 0.0435 seg 0.1180 cnt 2.4696 | shared_pairs det_seg 96/288 det_cnt 100/288 seg_cnt 78/288 | scores det_seg 0.0916 det_cnt 4.6089 seg_cnt 2.3255
[stage2] epoch 14/50 step 10 | loss 3.1865 | train det 0.0260 seg 0.0932 cnt 2.0504 | shared_pairs det_seg 94/288 det_cnt 97/288 seg_cnt 75/288 | scores det_seg 2.4582 det_cnt 0.6687 seg_cnt 1.3379
[stage2] epoch 14/50 step 11 | loss 1.8136 | train det 0.0233 seg 0.0606 cnt 0.9798 | shared_pairs det_seg 90/288 det_cnt 100/288 seg_cnt 71/288 | scores det_seg -1.2935 det_cnt 1.7819 seg_cnt -1.1190
[stage2] epoch 14/50 step 12 | loss 1.1453 | train det 0.0059 seg 0.0866 cnt 0.3637 | shared_pairs det_seg 87/288 det_cnt 113/288 seg_cnt 70/288 | scores det_seg 2.1897 det_cnt 4.1845 seg_cnt -0.8096
[stage2] epoch 14/50 step 13 | loss 2.4834 | train det 0.0524 seg 0.0889 cnt 0.9856 | shared_pairs det_seg 95/288 det_cnt 110/288 seg_cnt 64/288 | scores det_seg -2.1092 det_cnt 5.8973 seg_cnt 0.5866
[stage2] epoch 14/50 step 14 | loss 2.8355 | train det 0.0189 seg 0.0978 cnt 1.7690 | shared_pairs det_seg 92/288 det_cnt 92/288 seg_cnt 75/288 | scores det_seg 0.5509 det_cnt 0.3855 seg_cnt 2.0369
[stage2] epoch 14/50 step 15 | loss 3.5636 | train det 0.1223 seg 0.1119 cnt 0.8341 | shared_pairs det_seg 92/288 det_cnt 99/288 seg_cnt 69/288 | scores det_seg -0.5874 det_cnt 0.7685 seg_cnt -4.3643
[stage2] epoch 14/50 step 16 | loss 4.8585 | train det 0.2032 seg 0.0993 cnt 1.0160 | shared_pairs det_seg 98/288 det_cnt 117/288 seg_cnt 46/288 | scores det_seg 1.0312 det_cnt 2.0894 seg_cnt -4.0233
[stage2] epoch 14/50 step 17 | loss 2.5645 | train det 0.0631 seg 0.0864 cnt 0.9265 | shared_pairs det_seg 96/288 det_cnt 94/288 seg_cnt 71/288 | scores det_seg 1.8845 det_cnt -2.7165 seg_cnt -1.2531
[stage2] epoch 14/50 step 18 | loss 2.2250 | train det 0.0102 seg 0.0962 cnt 1.3021 | shared_pairs det_seg 95/288 det_cnt 101/288 seg_cnt 71/288 | scores det_seg -0.7644 det_cnt 2.9638 seg_cnt -2.7072
[stage2] epoch 14/50 step 19 | loss 3.8093 | train det 0.0558 seg 0.0910 cnt 2.2450 | shared_pairs det_seg 100/288 det_cnt 103/288 seg_cnt 62/288 | scores det_seg 1.9831 det_cnt -0.9937 seg_cnt -0.8012
[stage2] epoch 14/50 step 20 | loss 2.7548 | train det 0.0206 seg 0.0853 cnt 1.7637 | shared_pairs det_seg 97/288 det_cnt 90/288 seg_cnt 79/288 | scores det_seg 3.2159 det_cnt -1.0735 seg_cnt 1.8558
[stage2] epoch 14/50 step 21 | loss 4.0059 | train det 0.0288 seg 0.1363 cnt 2.4834 | shared_pairs det_seg 95/288 det_cnt 88/288 seg_cnt 82/288 | scores det_seg 1.5538 det_cnt -2.1184 seg_cnt 0.3329
[stage2] epoch 14/50 step 22 | loss 3.5069 | train det 0.0511 seg 0.1110 cnt 1.8527 | shared_pairs det_seg 104/288 det_cnt 96/288 seg_cnt 70/288 | scores det_seg 0.6289 det_cnt 2.2013 seg_cnt 2.2786
[stage2] epoch 14/50 | train 2.9662 | det 0.0473 seg 0.0996 cnt 1.4604 | selected_by_matrix_unit det_seg 2085 det_cnt 2123 seg_cnt 1572
[stage2] epoch 14 | val det 0.4616 seg 0.8740 miou 0.6575 cnt 3.3166 dens 8.279932e-01 mae 2.4886 total_mae 11.4190 | ap50 0.6667 | combo 1.726084
[stage2] epoch 15/50 step 1 | loss 2.4245 | train det 0.0166 seg 0.1281 cnt 1.1507 | shared_pairs det_seg 107/288 det_cnt 91/288 seg_cnt 69/288 | scores det_seg 0.5259 det_cnt -3.6291 seg_cnt -2.4328
[stage2] epoch 15/50 step 2 | loss 2.6511 | train det 0.0375 seg 0.0793 cnt 1.4534 | shared_pairs det_seg 100/288 det_cnt 88/288 seg_cnt 80/288 | scores det_seg 0.9740 det_cnt -0.1720 seg_cnt 0.4027
[stage2] epoch 15/50 step 3 | loss 3.4217 | train det 0.0797 seg 0.0684 cnt 1.6787 | shared_pairs det_seg 80/288 det_cnt 126/288 seg_cnt 64/288 | scores det_seg 0.2384 det_cnt 8.9228 seg_cnt -2.1434
[stage2] epoch 15/50 step 4 | loss 2.5961 | train det 0.0292 seg 0.1131 cnt 1.2537 | shared_pairs det_seg 78/288 det_cnt 110/288 seg_cnt 76/288 | scores det_seg -1.0363 det_cnt 3.1684 seg_cnt -3.0376
[stage2] epoch 15/50 step 5 | loss 1.7678 | train det 0.0274 seg 0.0426 cnt 1.0158 | shared_pairs det_seg 90/288 det_cnt 89/288 seg_cnt 78/288 | scores det_seg -1.4846 det_cnt -3.9980 seg_cnt -2.0426
[stage2] epoch 15/50 step 6 | loss 5.2825 | train det 0.1874 seg 0.0497 cnt 2.0735 | shared_pairs det_seg 83/288 det_cnt 103/288 seg_cnt 77/288 | scores det_seg -1.7270 det_cnt -0.4790 seg_cnt -1.0566
[stage2] epoch 15/50 step 7 | loss 5.5425 | train det 0.2091 seg 0.1171 cnt 1.4688 | shared_pairs det_seg 87/288 det_cnt 109/288 seg_cnt 70/288 | scores det_seg 1.0831 det_cnt 3.3023 seg_cnt 2.1560
[stage2] epoch 15/50 step 8 | loss 3.9181 | train det 0.1422 seg 0.1617 cnt 0.4919 | shared_pairs det_seg 109/288 det_cnt 91/288 seg_cnt 64/288 | scores det_seg 2.6333 det_cnt -1.0438 seg_cnt -0.5900
[stage2] epoch 15/50 step 9 | loss 2.6533 | train det 0.0568 seg 0.1323 cnt 0.7425 | shared_pairs det_seg 82/288 det_cnt 96/288 seg_cnt 86/288 | scores det_seg -2.2462 det_cnt -0.0105 seg_cnt 0.3194
[stage2] epoch 15/50 step 10 | loss 3.7393 | train det 0.0205 seg 0.0541 cnt 2.9990 | shared_pairs det_seg 96/288 det_cnt 95/288 seg_cnt 73/288 | scores det_seg -1.6694 det_cnt -0.3470 seg_cnt -0.9066
[stage2] epoch 15/50 step 11 | loss 2.4404 | train det 0.0377 seg 0.0864 cnt 1.1844 | shared_pairs det_seg 98/288 det_cnt 76/288 seg_cnt 85/288 | scores det_seg 0.0287 det_cnt -3.5254 seg_cnt 1.6098
[stage2] epoch 15/50 step 12 | loss 4.7607 | train det 0.0209 seg 0.1163 cnt 3.5173 | shared_pairs det_seg 84/288 det_cnt 76/288 seg_cnt 93/288 | scores det_seg -5.0618 det_cnt -4.0538 seg_cnt 1.7527
[stage2] epoch 15/50 step 13 | loss 2.5360 | train det 0.0300 seg 0.0962 cnt 1.3168 | shared_pairs det_seg 82/288 det_cnt 97/288 seg_cnt 76/288 | scores det_seg -0.0733 det_cnt -1.2776 seg_cnt -2.1916
[stage2] epoch 15/50 step 14 | loss 3.8059 | train det 0.0895 seg 0.1383 cnt 1.3563 | shared_pairs det_seg 90/288 det_cnt 93/288 seg_cnt 74/288 | scores det_seg -3.0410 det_cnt 0.2389 seg_cnt -1.2219
[stage2] epoch 15/50 step 15 | loss 3.2703 | train det 0.0498 seg 0.1004 cnt 1.7206 | shared_pairs det_seg 89/288 det_cnt 85/288 seg_cnt 95/288 | scores det_seg 2.8095 det_cnt 2.5611 seg_cnt 7.8960
[stage2] epoch 15/50 step 16 | loss 3.0015 | train det 0.0407 seg 0.1230 cnt 1.4063 | shared_pairs det_seg 80/288 det_cnt 118/288 seg_cnt 68/288 | scores det_seg -2.6729 det_cnt 2.0452 seg_cnt -0.2316
[stage2] epoch 15/50 step 17 | loss 2.0064 | train det 0.0147 seg 0.1037 cnt 0.9567 | shared_pairs det_seg 84/288 det_cnt 99/288 seg_cnt 73/288 | scores det_seg -3.7073 det_cnt 2.4536 seg_cnt 0.6393
[stage2] epoch 15/50 step 18 | loss 2.9693 | train det 0.0138 seg 0.0796 cnt 2.1257 | shared_pairs det_seg 90/288 det_cnt 105/288 seg_cnt 63/288 | scores det_seg -0.0866 det_cnt 1.7896 seg_cnt -3.5986
[stage2] epoch 15/50 step 19 | loss 2.1295 | train det 0.0191 seg 0.0838 cnt 1.1723 | shared_pairs det_seg 104/288 det_cnt 82/288 seg_cnt 73/288 | scores det_seg -3.2326 det_cnt -1.0728 seg_cnt 0.9410
[stage2] epoch 15/50 step 20 | loss 1.9038 | train det 0.0290 seg 0.1129 cnt 0.5657 | shared_pairs det_seg 87/288 det_cnt 111/288 seg_cnt 65/288 | scores det_seg -2.5540 det_cnt 4.0436 seg_cnt -0.0448
[stage2] epoch 15/50 step 21 | loss 2.1930 | train det 0.0687 seg 0.0483 cnt 0.7754 | shared_pairs det_seg 97/288 det_cnt 84/288 seg_cnt 80/288 | scores det_seg 0.9237 det_cnt -2.5130 seg_cnt 0.4888
[stage2] epoch 15/50 step 22 | loss 3.6781 | train det 0.0249 seg 0.0874 cnt 2.6056 | shared_pairs det_seg 111/288 det_cnt 77/288 seg_cnt 83/288 | scores det_seg 0.6515 det_cnt -0.8877 seg_cnt 4.0052
[stage2] epoch 15/50 | train 3.1223 | det 0.0566 seg 0.0965 cnt 1.5014 | selected_by_matrix_unit det_seg 2008 det_cnt 2101 seg_cnt 1665
[stage2] epoch 15 | val det 0.4656 seg 0.8864 miou 0.6575 cnt 3.3046 dens 8.284777e-01 mae 2.4761 total_mae 11.4705 | ap50 0.6652 | combo 1.726483
[stage2] epoch 16/50 step 1 | loss 3.3722 | train det 0.0380 seg 0.0928 cnt 2.0605 | shared_pairs det_seg 94/288 det_cnt 95/288 seg_cnt 77/288 | scores det_seg 0.1276 det_cnt 1.1904 seg_cnt 0.5963
[stage2] epoch 16/50 step 2 | loss 2.1354 | train det 0.0296 seg 0.0971 cnt 0.9152 | shared_pairs det_seg 96/288 det_cnt 101/288 seg_cnt 66/288 | scores det_seg -0.9495 det_cnt -2.6058 seg_cnt -2.8300
[stage2] epoch 16/50 step 3 | loss 2.4268 | train det 0.0355 seg 0.1089 cnt 1.0239 | shared_pairs det_seg 108/288 det_cnt 101/288 seg_cnt 58/288 | scores det_seg 4.5706 det_cnt 2.5013 seg_cnt 0.8767
[stage2] epoch 16/50 step 4 | loss 5.1104 | train det 0.1929 seg 0.0910 cnt 1.4883 | shared_pairs det_seg 103/288 det_cnt 80/288 seg_cnt 76/288 | scores det_seg -1.2770 det_cnt -5.6078 seg_cnt -0.0854
[stage2] epoch 16/50 step 5 | loss 2.2018 | train det 0.0169 seg 0.1156 cnt 1.0238 | shared_pairs det_seg 95/288 det_cnt 85/288 seg_cnt 88/288 | scores det_seg 1.1398 det_cnt -5.5713 seg_cnt -2.2144
[stage2] epoch 16/50 step 6 | loss 3.0198 | train det 0.0252 seg 0.1045 cnt 1.8056 | shared_pairs det_seg 107/288 det_cnt 93/288 seg_cnt 67/288 | scores det_seg 4.1653 det_cnt -3.9049 seg_cnt -3.9842
[stage2] epoch 16/50 step 7 | loss 5.7976 | train det 0.0312 seg 0.0664 cnt 4.7987 | shared_pairs det_seg 105/288 det_cnt 88/288 seg_cnt 71/288 | scores det_seg 1.8764 det_cnt -1.0855 seg_cnt -1.1364
[stage2] epoch 16/50 step 8 | loss 5.6492 | train det 0.0491 seg 0.1154 cnt 3.9886 | shared_pairs det_seg 93/288 det_cnt 87/288 seg_cnt 83/288 | scores det_seg -3.5561 det_cnt -4.2216 seg_cnt -0.1447
[stage2] epoch 16/50 step 9 | loss 4.4720 | train det 0.0413 seg 0.0714 cnt 3.2821 | shared_pairs det_seg 83/288 det_cnt 87/288 seg_cnt 88/288 | scores det_seg -4.4254 det_cnt -3.0105 seg_cnt 3.4615
[stage2] epoch 16/50 step 10 | loss 2.2566 | train det 0.0131 seg 0.0987 cnt 1.2698 | shared_pairs det_seg 84/288 det_cnt 99/288 seg_cnt 85/288 | scores det_seg -1.5787 det_cnt -0.4445 seg_cnt 2.9070
[stage2] epoch 16/50 step 11 | loss 3.3248 | train det 0.0704 seg 0.0886 cnt 1.5599 | shared_pairs det_seg 81/288 det_cnt 91/288 seg_cnt 89/288 | scores det_seg -3.4627 det_cnt -2.2491 seg_cnt 0.5507
[stage2] epoch 16/50 step 12 | loss 2.8565 | train det 0.0297 seg 0.1095 cnt 1.5358 | shared_pairs det_seg 96/288 det_cnt 83/288 seg_cnt 87/288 | scores det_seg -2.5831 det_cnt -7.1187 seg_cnt 1.0905
[stage2] epoch 16/50 step 13 | loss 3.2419 | train det 0.0329 seg 0.0919 cnt 2.0128 | shared_pairs det_seg 109/288 det_cnt 89/288 seg_cnt 64/288 | scores det_seg 2.4291 det_cnt -3.4406 seg_cnt -2.1867
[stage2] epoch 16/50 step 14 | loss 2.3438 | train det 0.0088 seg 0.1648 cnt 0.8938 | shared_pairs det_seg 95/288 det_cnt 94/288 seg_cnt 75/288 | scores det_seg 0.1596 det_cnt 2.9547 seg_cnt 1.0343
[stage2] epoch 16/50 step 15 | loss 3.1582 | train det 0.0914 seg 0.0780 cnt 1.1637 | shared_pairs det_seg 88/288 det_cnt 99/288 seg_cnt 78/288 | scores det_seg -1.7140 det_cnt 3.7850 seg_cnt 0.7463
[stage2] epoch 16/50 step 16 | loss 2.9985 | train det 0.0191 seg 0.1226 cnt 1.7307 | shared_pairs det_seg 86/288 det_cnt 107/288 seg_cnt 67/288 | scores det_seg -0.4457 det_cnt 1.1277 seg_cnt -6.2320
[stage2] epoch 16/50 step 17 | loss 2.2242 | train det 0.0218 seg 0.1058 cnt 1.0503 | shared_pairs det_seg 103/288 det_cnt 86/288 seg_cnt 79/288 | scores det_seg -0.0007 det_cnt -0.1949 seg_cnt -1.2283
[stage2] epoch 16/50 step 18 | loss 2.7115 | train det 0.0064 seg 0.0872 cnt 1.9178 | shared_pairs det_seg 110/288 det_cnt 82/288 seg_cnt 63/288 | scores det_seg -1.5009 det_cnt -2.4500 seg_cnt -3.9106
[stage2] epoch 16/50 step 19 | loss 6.0525 | train det 0.0425 seg 0.1158 cnt 4.4889 | shared_pairs det_seg 81/288 det_cnt 95/288 seg_cnt 92/288 | scores det_seg -2.8583 det_cnt -0.2677 seg_cnt 6.3725
[stage2] epoch 16/50 step 20 | loss 5.1045 | train det 0.0303 seg 0.0632 cnt 4.1436 | shared_pairs det_seg 107/288 det_cnt 79/288 seg_cnt 83/288 | scores det_seg 0.7610 det_cnt 2.9824 seg_cnt 3.1420
[stage2] epoch 16/50 step 21 | loss 4.7846 | train det 0.0359 seg 0.1293 cnt 3.2119 | shared_pairs det_seg 107/288 det_cnt 82/288 seg_cnt 79/288 | scores det_seg 3.7594 det_cnt -1.0642 seg_cnt 1.6347
[stage2] epoch 16/50 step 22 | loss 4.4733 | train det 0.1899 seg 0.0382 cnt 1.3190 | shared_pairs det_seg 109/288 det_cnt 93/288 seg_cnt 65/288 | scores det_seg -1.1740 det_cnt -8.7862 seg_cnt -2.7746
[stage2] epoch 16/50 | train 3.6235 | det 0.0478 seg 0.0980 cnt 2.1220 | selected_by_matrix_unit det_seg 2140 det_cnt 1996 seg_cnt 1680
[stage2] epoch 16 | val det 0.4837 seg 0.8840 miou 0.6573 cnt 3.3146 dens 8.285715e-01 mae 2.4860 total_mae 11.4283 | ap50 0.6636 | combo 1.723148
[stage2] epoch 17/50 step 1 | loss 3.9066 | train det 0.0575 seg 0.1113 cnt 2.1529 | shared_pairs det_seg 106/288 det_cnt 76/288 seg_cnt 83/288 | scores det_seg -0.9728 det_cnt -1.9452 seg_cnt 0.1674
[stage2] epoch 17/50 step 2 | loss 3.2181 | train det 0.0524 seg 0.0893 cnt 1.7183 | shared_pairs det_seg 100/288 det_cnt 91/288 seg_cnt 75/288 | scores det_seg -2.6700 det_cnt -3.9023 seg_cnt -0.8905
[stage2] epoch 17/50 step 3 | loss 3.5136 | train det 0.0301 seg 0.0922 cnt 2.3249 | shared_pairs det_seg 91/288 det_cnt 101/288 seg_cnt 75/288 | scores det_seg 0.2142 det_cnt 2.4698 seg_cnt 1.6367
[stage2] epoch 17/50 step 4 | loss 3.2044 | train det 0.0444 seg 0.0929 cnt 1.7947 | shared_pairs det_seg 111/288 det_cnt 71/288 seg_cnt 72/288 | scores det_seg 1.7415 det_cnt -3.2653 seg_cnt 1.4411
[stage2] epoch 17/50 step 5 | loss 3.0464 | train det 0.0173 seg 0.1016 cnt 1.9740 | shared_pairs det_seg 110/288 det_cnt 98/288 seg_cnt 64/288 | scores det_seg 1.0402 det_cnt 1.8729 seg_cnt -4.0212
[stage2] epoch 17/50 step 6 | loss 3.3920 | train det 0.0239 seg 0.0904 cnt 2.3111 | shared_pairs det_seg 90/288 det_cnt 95/288 seg_cnt 78/288 | scores det_seg 1.6844 det_cnt -0.3138 seg_cnt 1.4573
[stage2] epoch 17/50 step 7 | loss 2.7626 | train det 0.0336 seg 0.1161 cnt 1.3300 | shared_pairs det_seg 74/288 det_cnt 113/288 seg_cnt 79/288 | scores det_seg 0.0005 det_cnt 5.2414 seg_cnt 1.8338
[stage2] epoch 17/50 step 8 | loss 3.6139 | train det 0.0560 seg 0.1198 cnt 1.8155 | shared_pairs det_seg 94/288 det_cnt 98/288 seg_cnt 75/288 | scores det_seg 1.2362 det_cnt 0.8558 seg_cnt -0.3327
[stage2] epoch 17/50 step 9 | loss 2.0278 | train det 0.0214 seg 0.0517 cnt 1.2931 | shared_pairs det_seg 94/288 det_cnt 74/288 seg_cnt 92/288 | scores det_seg -3.0877 det_cnt -5.7460 seg_cnt 2.5627
[stage2] epoch 17/50 step 10 | loss 2.9601 | train det 0.0904 seg 0.0871 cnt 0.9066 | shared_pairs det_seg 80/288 det_cnt 109/288 seg_cnt 75/288 | scores det_seg -0.0451 det_cnt 3.0217 seg_cnt -2.2785
[stage2] epoch 17/50 step 11 | loss 2.4433 | train det 0.0416 seg 0.0829 cnt 1.1556 | shared_pairs det_seg 109/288 det_cnt 86/288 seg_cnt 69/288 | scores det_seg 2.8139 det_cnt -2.6340 seg_cnt 0.6463
[stage2] epoch 17/50 step 12 | loss 3.3176 | train det 0.0331 seg 0.1526 cnt 1.5999 | shared_pairs det_seg 97/288 det_cnt 93/288 seg_cnt 74/288 | scores det_seg 0.9670 det_cnt 0.7199 seg_cnt -1.5052
[stage2] epoch 17/50 step 13 | loss 3.6252 | train det 0.0280 seg 0.0904 cnt 2.4813 | shared_pairs det_seg 92/288 det_cnt 119/288 seg_cnt 57/288 | scores det_seg 0.8915 det_cnt 4.9524 seg_cnt -0.3622
[stage2] epoch 17/50 step 14 | loss 2.8030 | train det 0.0323 seg 0.0801 cnt 1.6772 | shared_pairs det_seg 95/288 det_cnt 97/288 seg_cnt 67/288 | scores det_seg -6.4476 det_cnt -2.0574 seg_cnt -1.7215
[stage2] epoch 17/50 step 15 | loss 7.8833 | train det 0.3051 seg 0.1423 cnt 2.1686 | shared_pairs det_seg 88/288 det_cnt 104/288 seg_cnt 73/288 | scores det_seg 0.2048 det_cnt 4.6433 seg_cnt -2.1725
[stage2] epoch 17/50 step 16 | loss 4.3719 | train det 0.1382 seg 0.0668 cnt 1.7642 | shared_pairs det_seg 98/288 det_cnt 104/288 seg_cnt 68/288 | scores det_seg 1.3480 det_cnt 1.8801 seg_cnt -1.0797
[stage2] epoch 17/50 step 17 | loss 3.9517 | train det 0.0794 seg 0.0849 cnt 2.0807 | shared_pairs det_seg 84/288 det_cnt 121/288 seg_cnt 54/288 | scores det_seg -1.6562 det_cnt 5.7822 seg_cnt -1.3271
[stage2] epoch 17/50 step 18 | loss 3.5329 | train det 0.0111 seg 0.1082 cnt 2.5012 | shared_pairs det_seg 86/288 det_cnt 95/288 seg_cnt 86/288 | scores det_seg 0.8592 det_cnt 1.5892 seg_cnt 0.3597
[stage2] epoch 17/50 step 19 | loss 3.0458 | train det 0.0619 seg 0.1163 cnt 1.1874 | shared_pairs det_seg 94/288 det_cnt 95/288 seg_cnt 73/288 | scores det_seg -0.9446 det_cnt -1.8600 seg_cnt -0.4711
[stage2] epoch 17/50 step 20 | loss 3.4411 | train det 0.0544 seg 0.1324 cnt 1.5656 | shared_pairs det_seg 89/288 det_cnt 100/288 seg_cnt 76/288 | scores det_seg -1.0561 det_cnt 1.9952 seg_cnt -0.1910
[stage2] epoch 17/50 step 21 | loss 2.5708 | train det 0.0403 seg 0.0809 cnt 1.3184 | shared_pairs det_seg 88/288 det_cnt 106/288 seg_cnt 75/288 | scores det_seg -0.6348 det_cnt 1.3560 seg_cnt -2.6370
[stage2] epoch 17/50 step 22 | loss 2.3170 | train det 0.0492 seg 0.0846 cnt 0.9014 | shared_pairs det_seg 95/288 det_cnt 88/288 seg_cnt 86/288 | scores det_seg -2.6748 det_cnt -3.5103 seg_cnt -0.2455
[stage2] epoch 17/50 | train 3.4068 | det 0.0592 seg 0.0989 cnt 1.7283 | selected_by_matrix_unit det_seg 2065 det_cnt 2134 seg_cnt 1626
[stage2] epoch 17 | val det 0.4707 seg 0.8913 miou 0.6595 cnt 3.3110 dens 8.283978e-01 mae 2.4826 total_mae 11.5188 | ap50 0.6651 | combo 1.727417
[stage2] epoch 18/50 step 1 | loss 4.7547 | train det 0.2023 seg 0.0718 cnt 1.1457 | shared_pairs det_seg 108/288 det_cnt 82/288 seg_cnt 76/288 | scores det_seg 3.4056 det_cnt -4.0976 seg_cnt -0.2587
[stage2] epoch 18/50 step 2 | loss 2.8848 | train det 0.0142 seg 0.0910 cnt 1.9430 | shared_pairs det_seg 102/288 det_cnt 103/288 seg_cnt 68/288 | scores det_seg 1.6303 det_cnt 2.7257 seg_cnt -0.6068
[stage2] epoch 18/50 step 3 | loss 3.4139 | train det 0.0537 seg 0.1034 cnt 1.7812 | shared_pairs det_seg 105/288 det_cnt 84/288 seg_cnt 79/288 | scores det_seg 1.0191 det_cnt -3.5539 seg_cnt -2.7691
[stage2] epoch 18/50 step 4 | loss 4.5127 | train det 0.0364 seg 0.1317 cnt 2.9140 | shared_pairs det_seg 93/288 det_cnt 109/288 seg_cnt 66/288 | scores det_seg -0.3168 det_cnt 2.6428 seg_cnt 1.6701
[stage2] epoch 18/50 step 5 | loss 2.7534 | train det 0.0509 seg 0.0747 cnt 1.3920 | shared_pairs det_seg 89/288 det_cnt 81/288 seg_cnt 87/288 | scores det_seg -4.1041 det_cnt -6.5943 seg_cnt 3.6285
[stage2] epoch 18/50 step 6 | loss 3.4361 | train det 0.0480 seg 0.1308 cnt 1.6692 | shared_pairs det_seg 94/288 det_cnt 95/288 seg_cnt 66/288 | scores det_seg 0.9082 det_cnt 0.0759 seg_cnt -4.5176
[stage2] epoch 18/50 step 7 | loss 2.6015 | train det 0.0388 seg 0.1084 cnt 1.1527 | shared_pairs det_seg 103/288 det_cnt 86/288 seg_cnt 68/288 | scores det_seg -0.0997 det_cnt -2.9760 seg_cnt 0.1563
[stage2] epoch 18/50 step 8 | loss 3.7517 | train det 0.0398 seg 0.1263 cnt 2.1437 | shared_pairs det_seg 87/288 det_cnt 102/288 seg_cnt 73/288 | scores det_seg 0.8282 det_cnt 6.3006 seg_cnt 2.4058
[stage2] epoch 18/50 step 9 | loss 3.3063 | train det 0.1192 seg 0.0657 cnt 0.9924 | shared_pairs det_seg 92/288 det_cnt 96/288 seg_cnt 81/288 | scores det_seg -2.4375 det_cnt 2.6150 seg_cnt 3.0666
[stage2] epoch 18/50 step 10 | loss 2.3860 | train det 0.0107 seg 0.0942 cnt 1.4712 | shared_pairs det_seg 94/288 det_cnt 79/288 seg_cnt 84/288 | scores det_seg -0.9639 det_cnt -4.4347 seg_cnt -0.3357
[stage2] epoch 18/50 step 11 | loss 2.7768 | train det 0.0148 seg 0.0926 cnt 1.8139 | shared_pairs det_seg 98/288 det_cnt 100/288 seg_cnt 66/288 | scores det_seg -1.2824 det_cnt 6.0182 seg_cnt -1.7661
[stage2] epoch 18/50 step 12 | loss 2.9127 | train det 0.0112 seg 0.1168 cnt 1.8100 | shared_pairs det_seg 95/288 det_cnt 94/288 seg_cnt 77/288 | scores det_seg -0.2209 det_cnt -0.7465 seg_cnt -1.7002
[stage2] epoch 18/50 step 13 | loss 2.5639 | train det 0.0256 seg 0.1305 cnt 1.1356 | shared_pairs det_seg 84/288 det_cnt 105/288 seg_cnt 77/288 | scores det_seg -1.4281 det_cnt 2.4556 seg_cnt 0.2138
[stage2] epoch 18/50 step 14 | loss 3.9615 | train det 0.0941 seg 0.0958 cnt 1.7838 | shared_pairs det_seg 104/288 det_cnt 74/288 seg_cnt 84/288 | scores det_seg 1.2286 det_cnt -6.5702 seg_cnt 3.6459
[stage2] epoch 18/50 step 15 | loss 2.8033 | train det 0.0477 seg 0.0597 cnt 1.6106 | shared_pairs det_seg 86/288 det_cnt 96/288 seg_cnt 83/288 | scores det_seg 0.8439 det_cnt -2.1087 seg_cnt 2.9065
[stage2] epoch 18/50 step 16 | loss 5.2150 | train det 0.0695 seg 0.1456 cnt 3.0074 | shared_pairs det_seg 97/288 det_cnt 106/288 seg_cnt 66/288 | scores det_seg 1.7135 det_cnt 3.0786 seg_cnt -2.5719
[stage2] epoch 18/50 step 17 | loss 2.4078 | train det 0.0113 seg 0.0844 cnt 1.5625 | shared_pairs det_seg 84/288 det_cnt 86/288 seg_cnt 95/288 | scores det_seg -4.6655 det_cnt 0.7989 seg_cnt 3.5252
[stage2] epoch 18/50 step 18 | loss 3.2546 | train det 0.0354 seg 0.1212 cnt 1.7533 | shared_pairs det_seg 94/288 det_cnt 105/288 seg_cnt 68/288 | scores det_seg 4.2881 det_cnt 2.3246 seg_cnt -0.7810
[stage2] epoch 18/50 step 19 | loss 4.2248 | train det 0.1831 seg 0.0511 cnt 1.0704 | shared_pairs det_seg 107/288 det_cnt 86/288 seg_cnt 74/288 | scores det_seg 2.8215 det_cnt 1.8112 seg_cnt -3.6390
[stage2] epoch 18/50 step 20 | loss 3.4079 | train det 0.0164 seg 0.1262 cnt 2.1520 | shared_pairs det_seg 93/288 det_cnt 93/288 seg_cnt 69/288 | scores det_seg -1.0273 det_cnt -0.1692 seg_cnt -2.2884
[stage2] epoch 18/50 step 21 | loss 2.3177 | train det 0.0490 seg 0.0834 cnt 0.9146 | shared_pairs det_seg 98/288 det_cnt 96/288 seg_cnt 69/288 | scores det_seg 0.8094 det_cnt 5.0025 seg_cnt -1.0456
[stage2] epoch 18/50 step 22 | loss 2.3707 | train det 0.0322 seg 0.0612 cnt 1.3984 | shared_pairs det_seg 105/288 det_cnt 119/288 seg_cnt 46/288 | scores det_seg 1.0032 det_cnt 7.7426 seg_cnt -6.5914
[stage2] epoch 18/50 | train 3.2735 | det 0.0547 seg 0.0985 cnt 1.6644 | selected_by_matrix_unit det_seg 2112 det_cnt 2077 seg_cnt 1622
[stage2] epoch 18 | val det 0.4809 seg 0.8868 miou 0.6591 cnt 3.2997 dens 8.283074e-01 mae 2.4714 total_mae 11.6197 | ap50 0.6649 | combo 1.728612
[ckpt] new best cached (stage2 epoch 18, combo 1.728612)
[stage2] epoch 19/50 step 1 | loss 3.3788 | train det 0.0520 seg 0.0782 cnt 1.9734 | shared_pairs det_seg 100/288 det_cnt 93/288 seg_cnt 74/288 | scores det_seg 2.2470 det_cnt 0.7704 seg_cnt 0.4166
[stage2] epoch 19/50 step 2 | loss 2.5981 | train det 0.0256 seg 0.0975 cnt 1.4344 | shared_pairs det_seg 91/288 det_cnt 102/288 seg_cnt 73/288 | scores det_seg -0.9114 det_cnt -0.5586 seg_cnt -1.6945
[stage2] epoch 19/50 step 3 | loss 3.6749 | train det 0.0555 seg 0.0794 cnt 2.2069 | shared_pairs det_seg 99/288 det_cnt 98/288 seg_cnt 68/288 | scores det_seg -0.4149 det_cnt 1.7521 seg_cnt -4.4483
[stage2] epoch 19/50 step 4 | loss 1.8927 | train det 0.0143 seg 0.0905 cnt 0.9549 | shared_pairs det_seg 93/288 det_cnt 103/288 seg_cnt 71/288 | scores det_seg -1.4774 det_cnt 5.0843 seg_cnt 0.7176
[stage2] epoch 19/50 step 5 | loss 5.1548 | train det 0.1078 seg 0.1223 cnt 2.5594 | shared_pairs det_seg 104/288 det_cnt 74/288 seg_cnt 88/288 | scores det_seg 1.5476 det_cnt -1.3106 seg_cnt 0.8558
[stage2] epoch 19/50 step 6 | loss 4.2566 | train det 0.1209 seg 0.1076 cnt 1.5829 | shared_pairs det_seg 92/288 det_cnt 89/288 seg_cnt 88/288 | scores det_seg -0.4998 det_cnt -3.0791 seg_cnt 5.1914
[stage2] epoch 19/50 step 7 | loss 3.4042 | train det 0.0152 seg 0.1044 cnt 2.3404 | shared_pairs det_seg 102/288 det_cnt 93/288 seg_cnt 76/288 | scores det_seg 1.4392 det_cnt -2.6623 seg_cnt 0.1832
[stage2] epoch 19/50 step 8 | loss 3.5034 | train det 0.0604 seg 0.1063 cnt 1.7470 | shared_pairs det_seg 84/288 det_cnt 113/288 seg_cnt 71/288 | scores det_seg 1.8895 det_cnt 4.0388 seg_cnt 0.8726
[stage2] epoch 19/50 step 9 | loss 2.8303 | train det 0.0244 seg 0.0944 cnt 1.7086 | shared_pairs det_seg 93/288 det_cnt 102/288 seg_cnt 70/288 | scores det_seg -0.7573 det_cnt 3.4759 seg_cnt -2.2999
[stage2] epoch 19/50 step 10 | loss 2.3712 | train det 0.0193 seg 0.1117 cnt 1.1876 | shared_pairs det_seg 96/288 det_cnt 95/288 seg_cnt 74/288 | scores det_seg -0.9574 det_cnt -0.6746 seg_cnt -3.8940
[stage2] epoch 19/50 step 11 | loss 4.4024 | train det 0.1214 seg 0.0945 cnt 1.8257 | shared_pairs det_seg 87/288 det_cnt 106/288 seg_cnt 68/288 | scores det_seg 1.7959 det_cnt 4.3677 seg_cnt -1.2038
[stage2] epoch 19/50 step 12 | loss 2.1197 | train det 0.0309 seg 0.0887 cnt 0.9460 | shared_pairs det_seg 83/288 det_cnt 94/288 seg_cnt 89/288 | scores det_seg -1.5041 det_cnt -2.4106 seg_cnt 0.3865
[stage2] epoch 19/50 step 13 | loss 3.8474 | train det 0.0511 seg 0.1320 cnt 2.0256 | shared_pairs det_seg 96/288 det_cnt 105/288 seg_cnt 59/288 | scores det_seg -1.4106 det_cnt 2.4566 seg_cnt -3.8105
[stage2] epoch 19/50 step 14 | loss 2.9137 | train det 0.0340 seg 0.1200 cnt 1.4433 | shared_pairs det_seg 108/288 det_cnt 86/288 seg_cnt 74/288 | scores det_seg 3.0437 det_cnt 0.9336 seg_cnt -2.0812
[stage2] epoch 19/50 step 15 | loss 3.9232 | train det 0.0830 seg 0.0551 cnt 2.2375 | shared_pairs det_seg 79/288 det_cnt 91/288 seg_cnt 88/288 | scores det_seg -1.9445 det_cnt -1.8622 seg_cnt 3.6605
[stage2] epoch 19/50 step 16 | loss 3.0615 | train det 0.0271 seg 0.1978 cnt 1.0726 | shared_pairs det_seg 86/288 det_cnt 108/288 seg_cnt 66/288 | scores det_seg -1.4585 det_cnt 0.1309 seg_cnt 2.1982
[stage2] epoch 19/50 step 17 | loss 3.4251 | train det 0.0244 seg 0.0474 cnt 2.6800 | shared_pairs det_seg 107/288 det_cnt 87/288 seg_cnt 67/288 | scores det_seg 1.4903 det_cnt -0.3585 seg_cnt -3.3538
[stage2] epoch 19/50 step 18 | loss 2.4279 | train det 0.0133 seg 0.0851 cnt 1.5482 | shared_pairs det_seg 101/288 det_cnt 86/288 seg_cnt 74/288 | scores det_seg 0.8930 det_cnt 1.6089 seg_cnt -1.9822
[stage2] epoch 19/50 step 19 | loss 3.9062 | train det 0.0569 seg 0.0860 cnt 2.3647 | shared_pairs det_seg 90/288 det_cnt 96/288 seg_cnt 78/288 | scores det_seg -0.2246 det_cnt 2.6659 seg_cnt 1.7850
[stage2] epoch 19/50 step 20 | loss 2.8623 | train det 0.0205 seg 0.1189 cnt 1.6036 | shared_pairs det_seg 107/288 det_cnt 98/288 seg_cnt 61/288 | scores det_seg 3.7634 det_cnt -0.9291 seg_cnt -3.3298
[stage2] epoch 19/50 step 21 | loss 3.7222 | train det 0.0530 seg 0.1206 cnt 1.9630 | shared_pairs det_seg 88/288 det_cnt 102/288 seg_cnt 73/288 | scores det_seg 0.1716 det_cnt 1.5165 seg_cnt -0.5195
[stage2] epoch 19/50 step 22 | loss 1.7642 | train det 0.0145 seg 0.0607 cnt 1.0607 | shared_pairs det_seg 86/288 det_cnt 102/288 seg_cnt 89/288 | scores det_seg -0.2763 det_cnt 4.9496 seg_cnt 4.2218
[stage2] epoch 19/50 | train 3.2473 | det 0.0466 seg 0.1000 cnt 1.7485 | selected_by_matrix_unit det_seg 2072 det_cnt 2123 seg_cnt 1639
[stage2] epoch 19 | val det 0.4821 seg 0.8816 miou 0.6594 cnt 3.3451 dens 8.285980e-01 mae 2.5165 total_mae 11.5262 | ap50 0.6646 | combo 1.721443
[stage2] epoch 20/50 step 1 | loss 2.7989 | train det 0.0248 seg 0.0657 cnt 1.9008 | shared_pairs det_seg 95/288 det_cnt 98/288 seg_cnt 67/288 | scores det_seg -0.1566 det_cnt -0.9933 seg_cnt -3.4051
[stage2] epoch 20/50 step 2 | loss 2.5890 | train det 0.0333 seg 0.1257 cnt 1.0838 | shared_pairs det_seg 107/288 det_cnt 84/288 seg_cnt 70/288 | scores det_seg -0.5228 det_cnt -6.9369 seg_cnt -3.7403
[stage2] epoch 20/50 step 3 | loss 3.7145 | train det 0.0272 seg 0.1310 cnt 2.2590 | shared_pairs det_seg 94/288 det_cnt 94/288 seg_cnt 79/288 | scores det_seg -0.7676 det_cnt 0.6331 seg_cnt -0.0348
[stage2] epoch 20/50 step 4 | loss 2.0171 | train det 0.0333 seg 0.1031 cnt 0.6922 | shared_pairs det_seg 88/288 det_cnt 101/288 seg_cnt 78/288 | scores det_seg 0.1946 det_cnt 3.7250 seg_cnt 0.3593
[stage2] epoch 20/50 step 5 | loss 1.8915 | train det 0.0332 seg 0.0990 cnt 0.6009 | shared_pairs det_seg 83/288 det_cnt 109/288 seg_cnt 68/288 | scores det_seg -2.3141 det_cnt 1.6814 seg_cnt -3.8423
[stage2] epoch 20/50 step 6 | loss 2.6371 | train det 0.0786 seg 0.0968 cnt 0.6835 | shared_pairs det_seg 115/288 det_cnt 81/288 seg_cnt 62/288 | scores det_seg -0.4577 det_cnt -6.7227 seg_cnt -0.7457
[stage2] epoch 20/50 step 7 | loss 2.7175 | train det 0.0540 seg 0.0988 cnt 1.1175 | shared_pairs det_seg 93/288 det_cnt 99/288 seg_cnt 69/288 | scores det_seg -3.4740 det_cnt -1.9302 seg_cnt 1.2090
[stage2] epoch 20/50 step 8 | loss 2.6374 | train det 0.0242 seg 0.0465 cnt 1.9033 | shared_pairs det_seg 95/288 det_cnt 88/288 seg_cnt 77/288 | scores det_seg 2.1414 det_cnt 0.5061 seg_cnt 0.9642
[stage2] epoch 20/50 step 9 | loss 3.5255 | train det 0.0608 seg 0.0938 cnt 1.8628 | shared_pairs det_seg 81/288 det_cnt 95/288 seg_cnt 79/288 | scores det_seg -2.6721 det_cnt -2.1436 seg_cnt -0.2345
[stage2] epoch 20/50 step 10 | loss 7.0212 | train det 0.0361 seg 0.1090 cnt 5.6078 | shared_pairs det_seg 95/288 det_cnt 79/288 seg_cnt 93/288 | scores det_seg 2.0929 det_cnt -5.1456 seg_cnt 3.1074
[stage2] epoch 20/50 step 11 | loss 2.5753 | train det 0.0340 seg 0.1062 cnt 1.2161 | shared_pairs det_seg 104/288 det_cnt 84/288 seg_cnt 78/288 | scores det_seg 1.2281 det_cnt 0.0290 seg_cnt 4.3062
[stage2] epoch 20/50 step 12 | loss 1.6532 | train det 0.0161 seg 0.0629 cnt 0.9090 | shared_pairs det_seg 96/288 det_cnt 85/288 seg_cnt 87/288 | scores det_seg -0.9231 det_cnt -2.2860 seg_cnt 3.2223
[stage2] epoch 20/50 step 13 | loss 4.7398 | train det 0.1522 seg 0.1169 cnt 1.5219 | shared_pairs det_seg 86/288 det_cnt 107/288 seg_cnt 69/288 | scores det_seg -4.5506 det_cnt 0.7381 seg_cnt -5.7439
[stage2] epoch 20/50 step 14 | loss 2.9665 | train det 0.0699 seg 0.1232 cnt 0.9322 | shared_pairs det_seg 95/288 det_cnt 89/288 seg_cnt 77/288 | scores det_seg -1.0165 det_cnt -1.9495 seg_cnt 0.6595
[stage2] epoch 20/50 step 15 | loss 3.9046 | train det 0.0229 seg 0.1704 cnt 2.1974 | shared_pairs det_seg 76/288 det_cnt 111/288 seg_cnt 82/288 | scores det_seg 3.8285 det_cnt 5.0291 seg_cnt 4.4071
[stage2] epoch 20/50 step 16 | loss 1.7589 | train det 0.0272 seg 0.0703 cnt 0.7890 | shared_pairs det_seg 85/288 det_cnt 87/288 seg_cnt 97/288 | scores det_seg -0.5444 det_cnt -3.6862 seg_cnt 2.7156
[stage2] epoch 20/50 step 17 | loss 1.8664 | train det 0.0317 seg 0.0957 cnt 0.6249 | shared_pairs det_seg 109/288 det_cnt 92/288 seg_cnt 62/288 | scores det_seg 0.8929 det_cnt -0.4397 seg_cnt -1.5964
[stage2] epoch 20/50 step 18 | loss 2.1102 | train det 0.0360 seg 0.1126 cnt 0.6693 | shared_pairs det_seg 82/288 det_cnt 96/288 seg_cnt 93/288 | scores det_seg 1.7382 det_cnt -0.4094 seg_cnt 0.6604
[stage2] epoch 20/50 step 19 | loss 2.3795 | train det 0.0304 seg 0.0984 cnt 1.1367 | shared_pairs det_seg 98/288 det_cnt 96/288 seg_cnt 71/288 | scores det_seg 1.2352 det_cnt -0.3249 seg_cnt 1.8449
[stage2] epoch 20/50 step 20 | loss 3.4713 | train det 0.0261 seg 0.1179 cnt 2.1368 | shared_pairs det_seg 97/288 det_cnt 93/288 seg_cnt 80/288 | scores det_seg -3.2303 det_cnt 0.5198 seg_cnt -3.2456
[stage2] epoch 20/50 step 21 | loss 3.0422 | train det 0.0194 seg 0.1026 cnt 1.9305 | shared_pairs det_seg 105/288 det_cnt 87/288 seg_cnt 73/288 | scores det_seg 4.9985 det_cnt 2.7306 seg_cnt 0.9746
[stage2] epoch 20/50 step 22 | loss 5.7137 | train det 0.0362 seg 0.0632 cnt 4.6654 | shared_pairs det_seg 90/288 det_cnt 100/288 seg_cnt 71/288 | scores det_seg -3.4110 det_cnt 0.6199 seg_cnt 0.4069
[stage2] epoch 20/50 | train 3.0787 | det 0.0413 seg 0.1004 cnt 1.6564 | selected_by_matrix_unit det_seg 2069 det_cnt 2055 seg_cnt 1682
[stage2] epoch 20 | val det 0.4815 seg 0.8999 miou 0.6590 cnt 3.3052 dens 8.282077e-01 mae 2.4770 total_mae 11.4624 | ap50 0.6628 | combo 1.725547
[stage2] epoch 21/50 step 1 | loss 2.9618 | train det 0.0441 seg 0.1155 cnt 1.3767 | shared_pairs det_seg 106/288 det_cnt 95/288 seg_cnt 64/288 | scores det_seg 2.3361 det_cnt 1.3913 seg_cnt -1.8730
[stage2] epoch 21/50 step 2 | loss 1.8592 | train det 0.0088 seg 0.1056 cnt 0.8822 | shared_pairs det_seg 107/288 det_cnt 93/288 seg_cnt 59/288 | scores det_seg 2.3264 det_cnt 3.4819 seg_cnt -2.5256
[stage2] epoch 21/50 step 3 | loss 2.4180 | train det 0.0295 seg 0.0754 cnt 1.3728 | shared_pairs det_seg 86/288 det_cnt 103/288 seg_cnt 84/288 | scores det_seg -4.3167 det_cnt 5.8015 seg_cnt 3.8054
[stage2] epoch 21/50 step 4 | loss 3.5020 | train det 0.0246 seg 0.1409 cnt 2.0066 | shared_pairs det_seg 103/288 det_cnt 100/288 seg_cnt 69/288 | scores det_seg 2.8187 det_cnt 4.9638 seg_cnt 3.4530
[stage2] epoch 21/50 step 5 | loss 5.0066 | train det 0.1118 seg 0.1212 cnt 2.3596 | shared_pairs det_seg 84/288 det_cnt 102/288 seg_cnt 92/288 | scores det_seg 2.5710 det_cnt 4.7467 seg_cnt 4.7532
[stage2] epoch 21/50 step 6 | loss 3.0736 | train det 0.0365 seg 0.0547 cnt 2.0881 | shared_pairs det_seg 108/288 det_cnt 78/288 seg_cnt 72/288 | scores det_seg 1.3331 det_cnt -6.4505 seg_cnt -3.0552
[stage2] epoch 21/50 step 7 | loss 2.2590 | train det 0.0137 seg 0.0760 cnt 1.4452 | shared_pairs det_seg 81/288 det_cnt 92/288 seg_cnt 90/288 | scores det_seg -3.6348 det_cnt -0.9665 seg_cnt 0.6242
[stage2] epoch 21/50 step 8 | loss 2.2395 | train det 0.0215 seg 0.0919 cnt 1.1810 | shared_pairs det_seg 88/288 det_cnt 102/288 seg_cnt 69/288 | scores det_seg -1.6457 det_cnt -0.8700 seg_cnt -6.6170
[stage2] epoch 21/50 step 9 | loss 2.6531 | train det 0.0344 seg 0.0946 cnt 1.3800 | shared_pairs det_seg 85/288 det_cnt 98/288 seg_cnt 83/288 | scores det_seg -0.7020 det_cnt 1.9016 seg_cnt 3.2693
[stage2] epoch 21/50 step 10 | loss 3.9566 | train det 0.0761 seg 0.0609 cnt 2.3280 | shared_pairs det_seg 113/288 det_cnt 90/288 seg_cnt 66/288 | scores det_seg 3.7156 det_cnt 1.5172 seg_cnt 1.8718
[stage2] epoch 21/50 step 11 | loss 1.6816 | train det 0.0205 seg 0.0761 cnt 0.7654 | shared_pairs det_seg 90/288 det_cnt 94/288 seg_cnt 79/288 | scores det_seg -1.0364 det_cnt 0.1379 seg_cnt 1.3356
[stage2] epoch 21/50 step 12 | loss 2.2255 | train det 0.0177 seg 0.1074 cnt 1.1005 | shared_pairs det_seg 87/288 det_cnt 89/288 seg_cnt 87/288 | scores det_seg -0.3783 det_cnt 3.1697 seg_cnt 1.3895
[stage2] epoch 21/50 step 13 | loss 2.7537 | train det 0.0333 seg 0.1009 cnt 1.4473 | shared_pairs det_seg 91/288 det_cnt 110/288 seg_cnt 70/288 | scores det_seg 0.7514 det_cnt 2.5121 seg_cnt 0.9092
[stage2] epoch 21/50 step 14 | loss 2.0073 | train det 0.0289 seg 0.0882 cnt 0.8685 | shared_pairs det_seg 98/288 det_cnt 84/288 seg_cnt 83/288 | scores det_seg 0.6024 det_cnt -0.9538 seg_cnt 4.8773
[stage2] epoch 21/50 step 15 | loss 3.3418 | train det 0.0902 seg 0.0785 cnt 1.3608 | shared_pairs det_seg 69/288 det_cnt 119/288 seg_cnt 72/288 | scores det_seg -2.9799 det_cnt 1.7439 seg_cnt 1.8889
[stage2] epoch 21/50 step 16 | loss 4.0682 | train det 0.0272 seg 0.1409 cnt 2.5329 | shared_pairs det_seg 80/288 det_cnt 109/288 seg_cnt 78/288 | scores det_seg 2.1035 det_cnt 3.5213 seg_cnt -0.2789
[stage2] epoch 21/50 step 17 | loss 3.3106 | train det 0.0226 seg 0.0584 cnt 2.5046 | shared_pairs det_seg 99/288 det_cnt 90/288 seg_cnt 77/288 | scores det_seg -2.0695 det_cnt -2.3558 seg_cnt -1.0772
[stage2] epoch 21/50 step 18 | loss 3.3932 | train det 0.0333 seg 0.0984 cnt 2.1063 | shared_pairs det_seg 113/288 det_cnt 75/288 seg_cnt 77/288 | scores det_seg 2.9118 det_cnt -2.1489 seg_cnt 2.6230
[stage2] epoch 21/50 step 19 | loss 2.6657 | train det 0.0526 seg 0.0624 cnt 1.3779 | shared_pairs det_seg 98/288 det_cnt 96/288 seg_cnt 70/288 | scores det_seg 0.0792 det_cnt -1.3224 seg_cnt -1.2918
[stage2] epoch 21/50 step 20 | loss 2.2698 | train det 0.0084 seg 0.0891 cnt 1.4313 | shared_pairs det_seg 99/288 det_cnt 92/288 seg_cnt 82/288 | scores det_seg 0.2107 det_cnt -0.5859 seg_cnt -3.6334
[stage2] epoch 21/50 step 21 | loss 2.3118 | train det 0.0249 seg 0.0792 cnt 1.3048 | shared_pairs det_seg 98/288 det_cnt 89/288 seg_cnt 73/288 | scores det_seg 0.2541 det_cnt -0.1759 seg_cnt -1.1757
[stage2] epoch 21/50 step 22 | loss 3.6793 | train det 0.0313 seg 0.1101 cnt 2.3285 | shared_pairs det_seg 113/288 det_cnt 91/288 seg_cnt 58/288 | scores det_seg 1.4268 det_cnt -3.0636 seg_cnt -1.7431
[stage2] epoch 21/50 | train 2.8926 | det 0.0360 seg 0.0921 cnt 1.6159 | selected_by_matrix_unit det_seg 2096 det_cnt 2091 seg_cnt 1654
[stage2] epoch 21 | val det 0.4870 seg 0.8916 miou 0.6593 cnt 3.3162 dens 8.282514e-01 mae 2.4880 total_mae 11.4344 | ap50 0.6620 | combo 1.723236
[stage2] epoch 22/50 step 1 | loss 2.2983 | train det 0.0401 seg 0.0757 cnt 1.0915 | shared_pairs det_seg 90/288 det_cnt 98/288 seg_cnt 73/288 | scores det_seg 0.6129 det_cnt -2.5667 seg_cnt 5.1246
[stage2] epoch 22/50 step 2 | loss 1.9727 | train det 0.0152 seg 0.1057 cnt 0.9000 | shared_pairs det_seg 79/288 det_cnt 103/288 seg_cnt 86/288 | scores det_seg 2.5828 det_cnt 3.6543 seg_cnt 1.7239
[stage2] epoch 22/50 step 3 | loss 2.3209 | train det 0.0355 seg 0.1014 cnt 0.9772 | shared_pairs det_seg 88/288 det_cnt 94/288 seg_cnt 79/288 | scores det_seg -0.2898 det_cnt 3.0890 seg_cnt -1.9181
[stage2] epoch 22/50 step 4 | loss 2.2479 | train det 0.0135 seg 0.0936 cnt 1.2958 | shared_pairs det_seg 91/288 det_cnt 103/288 seg_cnt 66/288 | scores det_seg -3.4194 det_cnt 1.1697 seg_cnt 1.2583
[stage2] epoch 22/50 step 5 | loss 2.5314 | train det 0.0092 seg 0.0736 cnt 1.8049 | shared_pairs det_seg 106/288 det_cnt 96/288 seg_cnt 59/288 | scores det_seg 0.2926 det_cnt 1.9656 seg_cnt -6.1910
[stage2] epoch 22/50 step 6 | loss 1.8140 | train det 0.0218 seg 0.1287 cnt 0.4581 | shared_pairs det_seg 99/288 det_cnt 108/288 seg_cnt 62/288 | scores det_seg 4.6719 det_cnt 5.4036 seg_cnt 0.2631
[stage2] epoch 22/50 step 7 | loss 2.4330 | train det 0.0777 seg 0.0602 cnt 0.7850 | shared_pairs det_seg 96/288 det_cnt 90/288 seg_cnt 84/288 | scores det_seg 1.2945 det_cnt -0.7998 seg_cnt 0.5674
[stage2] epoch 22/50 step 8 | loss 2.0863 | train det 0.0280 seg 0.0914 cnt 0.9357 | shared_pairs det_seg 78/288 det_cnt 118/288 seg_cnt 74/288 | scores det_seg 1.2254 det_cnt 3.3582 seg_cnt 1.5055
[stage2] epoch 22/50 step 9 | loss 2.2617 | train det 0.0166 seg 0.0515 cnt 1.6003 | shared_pairs det_seg 98/288 det_cnt 100/288 seg_cnt 64/288 | scores det_seg 2.4111 det_cnt 2.4764 seg_cnt -0.2304
[stage2] epoch 22/50 step 10 | loss 2.2324 | train det 0.0350 seg 0.0729 cnt 1.1234 | shared_pairs det_seg 92/288 det_cnt 91/288 seg_cnt 77/288 | scores det_seg 2.7558 det_cnt 1.3370 seg_cnt 5.6173
[stage2] epoch 22/50 step 11 | loss 1.6478 | train det 0.0130 seg 0.0395 cnt 1.1370 | shared_pairs det_seg 87/288 det_cnt 97/288 seg_cnt 81/288 | scores det_seg -1.2736 det_cnt -2.7176 seg_cnt 0.0974
[stage2] epoch 22/50 step 12 | loss 2.5329 | train det 0.0340 seg 0.1144 cnt 1.1073 | shared_pairs det_seg 101/288 det_cnt 84/288 seg_cnt 71/288 | scores det_seg -0.8309 det_cnt -4.3895 seg_cnt -0.2288
[stage2] epoch 22/50 step 13 | loss 4.7039 | train det 0.1944 seg 0.0821 cnt 1.1306 | shared_pairs det_seg 99/288 det_cnt 94/288 seg_cnt 72/288 | scores det_seg -1.3169 det_cnt 0.5957 seg_cnt 3.2638
[stage2] epoch 22/50 step 14 | loss 1.8695 | train det 0.0241 seg 0.0828 cnt 0.8451 | shared_pairs det_seg 84/288 det_cnt 81/288 seg_cnt 104/288 | scores det_seg 0.1338 det_cnt -0.3879 seg_cnt 6.8948
[stage2] epoch 22/50 step 15 | loss 2.3744 | train det 0.0350 seg 0.1001 cnt 1.0492 | shared_pairs det_seg 93/288 det_cnt 110/288 seg_cnt 66/288 | scores det_seg -2.9833 det_cnt 2.1549 seg_cnt -0.0752
[stage2] epoch 22/50 step 16 | loss 2.2158 | train det 0.0187 seg 0.0698 cnt 1.3777 | shared_pairs det_seg 92/288 det_cnt 90/288 seg_cnt 79/288 | scores det_seg -0.6648 det_cnt 1.2740 seg_cnt -0.8058
[stage2] epoch 22/50 step 17 | loss 4.2846 | train det 0.0637 seg 0.1558 cnt 2.0832 | shared_pairs det_seg 83/288 det_cnt 113/288 seg_cnt 79/288 | scores det_seg 0.6374 det_cnt 9.2929 seg_cnt 3.3420
[stage2] epoch 22/50 step 18 | loss 2.9413 | train det 0.0902 seg 0.1337 cnt 0.5181 | shared_pairs det_seg 96/288 det_cnt 91/288 seg_cnt 79/288 | scores det_seg 0.7413 det_cnt 2.5459 seg_cnt -0.7159
[stage2] epoch 22/50 step 19 | loss 1.6490 | train det 0.0302 seg 0.0556 cnt 0.7513 | shared_pairs det_seg 94/288 det_cnt 94/288 seg_cnt 78/288 | scores det_seg 1.5989 det_cnt 1.4624 seg_cnt 0.3401
[stage2] epoch 22/50 step 20 | loss 2.0070 | train det 0.0203 seg 0.0908 cnt 0.9758 | shared_pairs det_seg 83/288 det_cnt 100/288 seg_cnt 82/288 | scores det_seg -1.5755 det_cnt 0.0541 seg_cnt 2.8558
[stage2] epoch 22/50 step 21 | loss 3.4096 | train det 0.0417 seg 0.1322 cnt 1.7261 | shared_pairs det_seg 107/288 det_cnt 79/288 seg_cnt 71/288 | scores det_seg 0.1126 det_cnt -3.4184 seg_cnt 0.2478
[stage2] epoch 22/50 step 22 | loss 1.8364 | train det 0.0137 seg 0.0624 cnt 1.1310 | shared_pairs det_seg 104/288 det_cnt 95/288 seg_cnt 72/288 | scores det_seg 2.9637 det_cnt -0.2770 seg_cnt -0.1000
[stage2] epoch 22/50 | train 2.4396 | det 0.0396 seg 0.0897 cnt 1.1275 | selected_by_matrix_unit det_seg 2040 det_cnt 2129 seg_cnt 1658
[stage2] epoch 22 | val det 0.4920 seg 0.9004 miou 0.6580 cnt 3.3215 dens 8.282968e-01 mae 2.4932 total_mae 11.4635 | ap50 0.6639 | combo 1.722962
[stage2] epoch 23/50 step 1 | loss 2.8413 | train det 0.0221 seg 0.0734 cnt 1.9233 | shared_pairs det_seg 94/288 det_cnt 98/288 seg_cnt 65/288 | scores det_seg 1.4862 det_cnt 3.3963 seg_cnt -1.5747
[stage2] epoch 23/50 step 2 | loss 2.6883 | train det 0.0500 seg 0.1339 cnt 0.8661 | shared_pairs det_seg 112/288 det_cnt 75/288 seg_cnt 74/288 | scores det_seg 0.7640 det_cnt -3.7071 seg_cnt -3.6447
[stage2] epoch 23/50 step 3 | loss 3.3646 | train det 0.0466 seg 0.0965 cnt 1.8940 | shared_pairs det_seg 92/288 det_cnt 103/288 seg_cnt 64/288 | scores det_seg -1.7507 det_cnt -0.7903 seg_cnt -2.5816
[stage2] epoch 23/50 step 4 | loss 1.9393 | train det 0.0307 seg 0.0649 cnt 0.9590 | shared_pairs det_seg 85/288 det_cnt 81/288 seg_cnt 88/288 | scores det_seg -2.5726 det_cnt -7.7923 seg_cnt -2.4498
[stage2] epoch 23/50 step 5 | loss 2.0940 | train det 0.0445 seg 0.0820 cnt 0.7701 | shared_pairs det_seg 89/288 det_cnt 86/288 seg_cnt 89/288 | scores det_seg 0.1843 det_cnt 0.2396 seg_cnt 3.2254
[stage2] epoch 23/50 step 6 | loss 1.7553 | train det 0.0141 seg 0.0674 cnt 1.0045 | shared_pairs det_seg 77/288 det_cnt 106/288 seg_cnt 79/288 | scores det_seg -3.6781 det_cnt 1.9585 seg_cnt 1.2901
[stage2] epoch 23/50 step 7 | loss 2.9992 | train det 0.0515 seg 0.1087 cnt 1.3570 | shared_pairs det_seg 95/288 det_cnt 100/288 seg_cnt 68/288 | scores det_seg 1.4741 det_cnt -4.3488 seg_cnt -1.5370
[stage2] epoch 23/50 step 8 | loss 5.3110 | train det 0.1991 seg 0.0969 cnt 1.5494 | shared_pairs det_seg 92/288 det_cnt 98/288 seg_cnt 73/288 | scores det_seg 3.1920 det_cnt 1.4035 seg_cnt -0.1356
[stage2] epoch 23/50 step 9 | loss 4.1226 | train det 0.0935 seg 0.0676 cnt 2.1793 | shared_pairs det_seg 94/288 det_cnt 89/288 seg_cnt 75/288 | scores det_seg 1.4362 det_cnt -0.5633 seg_cnt -0.4950
[stage2] epoch 23/50 step 10 | loss 2.8216 | train det 0.0216 seg 0.0582 cnt 2.0324 | shared_pairs det_seg 89/288 det_cnt 101/288 seg_cnt 73/288 | scores det_seg 0.3564 det_cnt 0.5772 seg_cnt -0.1166
[stage2] epoch 23/50 step 11 | loss 3.0338 | train det 0.0760 seg 0.0732 cnt 1.3087 | shared_pairs det_seg 104/288 det_cnt 85/288 seg_cnt 72/288 | scores det_seg 1.3389 det_cnt 1.8961 seg_cnt -3.4197
[stage2] epoch 23/50 step 12 | loss 2.2569 | train det 0.0149 seg 0.1055 cnt 1.1886 | shared_pairs det_seg 85/288 det_cnt 109/288 seg_cnt 68/288 | scores det_seg 0.8378 det_cnt 1.6176 seg_cnt 1.9562
[stage2] epoch 23/50 step 13 | loss 3.1247 | train det 0.0307 seg 0.1165 cnt 1.7330 | shared_pairs det_seg 87/288 det_cnt 83/288 seg_cnt 96/288 | scores det_seg -1.2274 det_cnt 1.2571 seg_cnt 3.7993
[stage2] epoch 23/50 step 14 | loss 1.9559 | train det 0.0285 seg 0.0835 cnt 0.8607 | shared_pairs det_seg 85/288 det_cnt 105/288 seg_cnt 67/288 | scores det_seg -3.8309 det_cnt 2.3363 seg_cnt 2.3644
[stage2] epoch 23/50 step 15 | loss 3.8132 | train det 0.0554 seg 0.1066 cnt 2.1299 | shared_pairs det_seg 102/288 det_cnt 86/288 seg_cnt 68/288 | scores det_seg 3.8431 det_cnt -4.0508 seg_cnt -0.7218
[stage2] epoch 23/50 step 16 | loss 2.3276 | train det 0.0411 seg 0.0962 cnt 0.9413 | shared_pairs det_seg 88/288 det_cnt 95/288 seg_cnt 90/288 | scores det_seg -2.5762 det_cnt 4.6206 seg_cnt 4.8592
[stage2] epoch 23/50 step 17 | loss 2.2459 | train det 0.0325 seg 0.1182 cnt 0.8132 | shared_pairs det_seg 85/288 det_cnt 94/288 seg_cnt 88/288 | scores det_seg -3.1171 det_cnt 0.9580 seg_cnt -0.6260
[stage2] epoch 23/50 step 18 | loss 2.2083 | train det 0.0249 seg 0.1172 cnt 0.8968 | shared_pairs det_seg 92/288 det_cnt 92/288 seg_cnt 73/288 | scores det_seg -1.8413 det_cnt -0.6646 seg_cnt 0.5595
[stage2] epoch 23/50 step 19 | loss 2.0879 | train det 0.0168 seg 0.0759 cnt 1.2282 | shared_pairs det_seg 99/288 det_cnt 86/288 seg_cnt 73/288 | scores det_seg -1.9446 det_cnt -6.9962 seg_cnt 1.0599
[stage2] epoch 23/50 step 20 | loss 2.8576 | train det 0.0510 seg 0.0757 cnt 1.4869 | shared_pairs det_seg 112/288 det_cnt 84/288 seg_cnt 75/288 | scores det_seg 3.8230 det_cnt -2.0503 seg_cnt -0.3878
[stage2] epoch 23/50 step 21 | loss 3.5560 | train det 0.0501 seg 0.0714 cnt 2.2323 | shared_pairs det_seg 111/288 det_cnt 84/288 seg_cnt 69/288 | scores det_seg 4.3742 det_cnt 1.6412 seg_cnt 4.6478
[stage2] epoch 23/50 step 22 | loss 2.8226 | train det 0.0292 seg 0.0621 cnt 1.8876 | shared_pairs det_seg 84/288 det_cnt 90/288 seg_cnt 80/288 | scores det_seg 0.4633 det_cnt -1.8862 seg_cnt 1.0003
[stage2] epoch 23/50 | train 2.8285 | det 0.0466 seg 0.0887 cnt 1.4201 | selected_by_matrix_unit det_seg 2053 det_cnt 2030 seg_cnt 1667
[stage2] epoch 23 | val det 0.4931 seg 0.9052 miou 0.6583 cnt 3.3052 dens 8.281491e-01 mae 2.4770 total_mae 11.4873 | ap50 0.6628 | combo 1.724839
[stage2] epoch 24/50 step 1 | loss 3.2402 | train det 0.0563 seg 0.0840 cnt 1.7240 | shared_pairs det_seg 101/288 det_cnt 84/288 seg_cnt 77/288 | scores det_seg 0.9774 det_cnt 1.1362 seg_cnt 5.9473
[stage2] epoch 24/50 step 2 | loss 2.2335 | train det 0.0392 seg 0.0778 cnt 1.0231 | shared_pairs det_seg 92/288 det_cnt 99/288 seg_cnt 63/288 | scores det_seg 3.6717 det_cnt 1.7997 seg_cnt -2.4635
[stage2] epoch 24/50 step 3 | loss 2.2839 | train det 0.0429 seg 0.0575 cnt 1.1807 | shared_pairs det_seg 93/288 det_cnt 87/288 seg_cnt 85/288 | scores det_seg 0.9094 det_cnt 1.0249 seg_cnt 3.8521
[stage2] epoch 24/50 step 4 | loss 1.9043 | train det 0.0282 seg 0.0417 cnt 1.1480 | shared_pairs det_seg 80/288 det_cnt 119/288 seg_cnt 73/288 | scores det_seg -3.4066 det_cnt 4.2768 seg_cnt -0.0945
[stage2] epoch 24/50 step 5 | loss 3.3362 | train det 0.0683 seg 0.1361 cnt 1.2231 | shared_pairs det_seg 103/288 det_cnt 78/288 seg_cnt 87/288 | scores det_seg 0.0608 det_cnt -0.5930 seg_cnt -0.3305
[stage2] epoch 24/50 step 6 | loss 2.0403 | train det 0.0321 seg 0.0769 cnt 0.9445 | shared_pairs det_seg 71/288 det_cnt 106/288 seg_cnt 81/288 | scores det_seg -1.2128 det_cnt 3.6673 seg_cnt 1.1237
[stage2] epoch 24/50 step 7 | loss 6.2151 | train det 0.2187 seg 0.0840 cnt 2.2630 | shared_pairs det_seg 90/288 det_cnt 92/288 seg_cnt 79/288 | scores det_seg -2.5253 det_cnt -2.5050 seg_cnt -0.3051
[stage2] epoch 24/50 step 8 | loss 2.6161 | train det 0.0223 seg 0.0572 cnt 1.8247 | shared_pairs det_seg 87/288 det_cnt 86/288 seg_cnt 91/288 | scores det_seg -2.7510 det_cnt -0.4004 seg_cnt -2.7762
[stage2] epoch 24/50 step 9 | loss 4.2460 | train det 0.0601 seg 0.0994 cnt 2.5498 | shared_pairs det_seg 83/288 det_cnt 89/288 seg_cnt 100/288 | scores det_seg -0.7239 det_cnt -0.8738 seg_cnt 5.7570
[stage2] epoch 24/50 step 10 | loss 2.9690 | train det 0.0715 seg 0.1026 cnt 1.0755 | shared_pairs det_seg 97/288 det_cnt 99/288 seg_cnt 72/288 | scores det_seg 2.6306 det_cnt 0.8029 seg_cnt -1.3139
[stage2] epoch 24/50 step 11 | loss 2.6500 | train det 0.0457 seg 0.0826 cnt 1.3028 | shared_pairs det_seg 87/288 det_cnt 88/288 seg_cnt 97/288 | scores det_seg -0.2810 det_cnt -2.4280 seg_cnt 3.8305
[stage2] epoch 24/50 step 12 | loss 1.3147 | train det 0.0109 seg 0.0763 cnt 0.5405 | shared_pairs det_seg 100/288 det_cnt 90/288 seg_cnt 77/288 | scores det_seg 2.4736 det_cnt -0.0364 seg_cnt 3.2756
[stage2] epoch 24/50 step 13 | loss 4.7457 | train det 0.1530 seg 0.1003 cnt 1.6483 | shared_pairs det_seg 79/288 det_cnt 101/288 seg_cnt 83/288 | scores det_seg -4.1994 det_cnt 0.6008 seg_cnt -0.3021
[stage2] epoch 24/50 step 14 | loss 2.8950 | train det 0.0712 seg 0.1105 cnt 0.9427 | shared_pairs det_seg 92/288 det_cnt 99/288 seg_cnt 69/288 | scores det_seg 0.1416 det_cnt -2.4888 seg_cnt -2.4371
[stage2] epoch 24/50 step 15 | loss 2.5373 | train det 0.0221 seg 0.1321 cnt 1.1492 | shared_pairs det_seg 98/288 det_cnt 100/288 seg_cnt 66/288 | scores det_seg 0.6631 det_cnt -2.2042 seg_cnt -2.3046
[stage2] epoch 24/50 step 16 | loss 3.7851 | train det 0.0969 seg 0.1446 cnt 1.1753 | shared_pairs det_seg 105/288 det_cnt 93/288 seg_cnt 67/288 | scores det_seg 1.5811 det_cnt -2.0963 seg_cnt -3.0903
[stage2] epoch 24/50 step 17 | loss 2.0916 | train det 0.0202 seg 0.1069 cnt 0.9341 | shared_pairs det_seg 97/288 det_cnt 84/288 seg_cnt 84/288 | scores det_seg 0.4769 det_cnt -2.5397 seg_cnt 1.6176
[stage2] epoch 24/50 step 18 | loss 2.3160 | train det 0.0667 seg 0.0700 cnt 0.7559 | shared_pairs det_seg 91/288 det_cnt 107/288 seg_cnt 71/288 | scores det_seg 1.4722 det_cnt 6.0637 seg_cnt 0.1668
[stage2] epoch 24/50 step 19 | loss 3.6050 | train det 0.0502 seg 0.0846 cnt 2.1743 | shared_pairs det_seg 79/288 det_cnt 119/288 seg_cnt 64/288 | scores det_seg -3.5051 det_cnt 2.2938 seg_cnt -2.6616
[stage2] epoch 24/50 step 20 | loss 3.2384 | train det 0.0311 seg 0.1086 cnt 1.9035 | shared_pairs det_seg 99/288 det_cnt 82/288 seg_cnt 86/288 | scores det_seg -0.2572 det_cnt 1.3063 seg_cnt -2.4232
[stage2] epoch 24/50 step 21 | loss 3.8627 | train det 0.0334 seg 0.1211 cnt 2.3929 | shared_pairs det_seg 82/288 det_cnt 121/288 seg_cnt 69/288 | scores det_seg 1.7502 det_cnt 8.7544 seg_cnt -2.2518
[stage2] epoch 24/50 step 22 | loss 1.8038 | train det 0.0296 seg 0.0330 cnt 1.0969 | shared_pairs det_seg 94/288 det_cnt 100/288 seg_cnt 70/288 | scores det_seg 0.0767 det_cnt 0.9936 seg_cnt 1.8454
[stage2] epoch 24/50 | train 2.9968 | det 0.0577 seg 0.0904 cnt 1.4078 | selected_by_matrix_unit det_seg 2000 det_cnt 2123 seg_cnt 1711
[stage2] epoch 24 | val det 0.4967 seg 0.8935 miou 0.6601 cnt 3.3179 dens 8.287865e-01 mae 2.4891 total_mae 11.5467 | ap50 0.6634 | combo 1.725210
[stage2] epoch 25/50 step 1 | loss 2.9363 | train det 0.0318 seg 0.1136 cnt 1.5507 | shared_pairs det_seg 81/288 det_cnt 114/288 seg_cnt 68/288 | scores det_seg 1.7382 det_cnt 3.7126 seg_cnt -1.1018
[stage2] epoch 25/50 step 2 | loss 2.7976 | train det 0.0206 seg 0.1269 cnt 1.4734 | shared_pairs det_seg 100/288 det_cnt 95/288 seg_cnt 77/288 | scores det_seg 1.8353 det_cnt 3.9109 seg_cnt 0.4336
[stage2] epoch 25/50 step 3 | loss 2.3558 | train det 0.0554 seg 0.0641 cnt 1.0121 | shared_pairs det_seg 85/288 det_cnt 81/288 seg_cnt 95/288 | scores det_seg -2.0110 det_cnt -1.4112 seg_cnt 2.2388
[stage2] epoch 25/50 step 4 | loss 2.4433 | train det 0.0109 seg 0.0872 cnt 1.5819 | shared_pairs det_seg 100/288 det_cnt 87/288 seg_cnt 64/288 | scores det_seg 0.1359 det_cnt -3.0081 seg_cnt -1.1353
[stage2] epoch 25/50 step 5 | loss 3.2313 | train det 0.0562 seg 0.1651 cnt 1.0679 | shared_pairs det_seg 109/288 det_cnt 76/288 seg_cnt 71/288 | scores det_seg 0.1250 det_cnt -10.3079 seg_cnt -2.9599
[stage2] epoch 25/50 step 6 | loss 3.2380 | train det 0.0263 seg 0.0622 cnt 2.3458 | shared_pairs det_seg 81/288 det_cnt 112/288 seg_cnt 79/288 | scores det_seg -1.1174 det_cnt 4.8989 seg_cnt 0.9254
[stage2] epoch 25/50 step 7 | loss 4.1645 | train det 0.0976 seg 0.0940 cnt 1.9495 | shared_pairs det_seg 92/288 det_cnt 98/288 seg_cnt 75/288 | scores det_seg -1.4027 det_cnt 3.6358 seg_cnt -1.7686
[stage2] epoch 25/50 step 8 | loss 2.6563 | train det 0.0694 seg 0.0704 cnt 1.0525 | shared_pairs det_seg 82/288 det_cnt 91/288 seg_cnt 92/288 | scores det_seg -2.5554 det_cnt -3.9536 seg_cnt 0.3357
[stage2] epoch 25/50 step 9 | loss 4.1638 | train det 0.0099 seg 0.0995 cnt 3.2194 | shared_pairs det_seg 104/288 det_cnt 97/288 seg_cnt 55/288 | scores det_seg -3.6896 det_cnt -0.0023 seg_cnt -4.4681
[stage2] epoch 25/50 step 10 | loss 2.5825 | train det 0.0351 seg 0.0947 cnt 1.2978 | shared_pairs det_seg 88/288 det_cnt 97/288 seg_cnt 79/288 | scores det_seg -4.1120 det_cnt 0.9183 seg_cnt 0.9893
[stage2] epoch 25/50 step 11 | loss 3.4278 | train det 0.0200 seg 0.0633 cnt 2.6213 | shared_pairs det_seg 101/288 det_cnt 105/288 seg_cnt 57/288 | scores det_seg 3.6169 det_cnt 4.9375 seg_cnt -3.9788
[stage2] epoch 25/50 step 12 | loss 2.1142 | train det 0.0343 seg 0.0643 cnt 1.0858 | shared_pairs det_seg 106/288 det_cnt 84/288 seg_cnt 75/288 | scores det_seg -1.4912 det_cnt -4.8958 seg_cnt 1.1643
[stage2] epoch 25/50 step 13 | loss 3.9017 | train det 0.1435 seg 0.0403 cnt 1.4265 | shared_pairs det_seg 101/288 det_cnt 101/288 seg_cnt 71/288 | scores det_seg 0.7900 det_cnt -0.3421 seg_cnt -2.7350
[stage2] epoch 25/50 step 14 | loss 2.6325 | train det 0.0185 seg 0.1024 cnt 1.5361 | shared_pairs det_seg 87/288 det_cnt 83/288 seg_cnt 98/288 | scores det_seg 0.4759 det_cnt 0.9347 seg_cnt 7.7977
[stage2] epoch 25/50 step 15 | loss 2.3023 | train det 0.0345 seg 0.0822 cnt 1.1273 | shared_pairs det_seg 91/288 det_cnt 84/288 seg_cnt 84/288 | scores det_seg -3.4998 det_cnt -0.2037 seg_cnt 2.6791
[stage2] epoch 25/50 step 16 | loss 2.8331 | train det 0.0521 seg 0.0902 cnt 1.3294 | shared_pairs det_seg 89/288 det_cnt 99/288 seg_cnt 82/288 | scores det_seg -0.5426 det_cnt 2.7709 seg_cnt 1.8932
[stage2] epoch 25/50 step 17 | loss 2.4438 | train det 0.0534 seg 0.0734 cnt 1.0562 | shared_pairs det_seg 87/288 det_cnt 97/288 seg_cnt 69/288 | scores det_seg -1.5160 det_cnt -0.2385 seg_cnt -3.7932
[stage2] epoch 25/50 step 18 | loss 3.1234 | train det 0.0239 seg 0.0933 cnt 2.0189 | shared_pairs det_seg 105/288 det_cnt 85/288 seg_cnt 74/288 | scores det_seg 4.3402 det_cnt 2.3203 seg_cnt 2.2927
[stage2] epoch 25/50 step 19 | loss 3.6002 | train det 0.0307 seg 0.1306 cnt 2.0957 | shared_pairs det_seg 89/288 det_cnt 99/288 seg_cnt 76/288 | scores det_seg -3.7773 det_cnt -3.1529 seg_cnt 1.0634
[stage2] epoch 25/50 step 20 | loss 2.0965 | train det 0.0293 seg 0.0831 cnt 0.9916 | shared_pairs det_seg 101/288 det_cnt 97/288 seg_cnt 68/288 | scores det_seg -0.2015 det_cnt -0.3863 seg_cnt -0.8287
[stage2] epoch 25/50 step 21 | loss 4.6180 | train det 0.0326 seg 0.1061 cnt 3.2797 | shared_pairs det_seg 102/288 det_cnt 84/288 seg_cnt 75/288 | scores det_seg 0.1447 det_cnt -2.8077 seg_cnt 0.4221
[stage2] epoch 25/50 step 22 | loss 3.2525 | train det 0.0156 seg 0.2185 cnt 1.2710 | shared_pairs det_seg 100/288 det_cnt 93/288 seg_cnt 72/288 | scores det_seg 1.9681 det_cnt 2.9027 seg_cnt -1.3197
[stage2] epoch 25/50 | train 3.0416 | det 0.0410 seg 0.0966 cnt 1.6541 | selected_by_matrix_unit det_seg 2081 det_cnt 2059 seg_cnt 1656
[stage2] epoch 25 | val det 0.4974 seg 0.9082 miou 0.6587 cnt 3.3078 dens 8.289218e-01 mae 2.4789 total_mae 11.7725 | ap50 0.6641 | combo 1.726260
[stage2] epoch 26/50 step 1 | loss 3.6625 | train det 0.0350 seg 0.1055 cnt 2.2929 | shared_pairs det_seg 95/288 det_cnt 80/288 seg_cnt 90/288 | scores det_seg -1.5550 det_cnt -5.0710 seg_cnt 3.1327
[stage2] epoch 26/50 step 2 | loss 2.6703 | train det 0.0079 seg 0.0626 cnt 2.0505 | shared_pairs det_seg 99/288 det_cnt 97/288 seg_cnt 81/288 | scores det_seg 1.1077 det_cnt 5.8488 seg_cnt 7.1205
[stage2] epoch 26/50 step 3 | loss 3.2959 | train det 0.1242 seg 0.0855 cnt 0.7491 | shared_pairs det_seg 88/288 det_cnt 90/288 seg_cnt 85/288 | scores det_seg -0.9134 det_cnt -1.5904 seg_cnt 1.9220
[stage2] epoch 26/50 step 4 | loss 1.7371 | train det 0.0155 seg 0.1166 cnt 0.5713 | shared_pairs det_seg 106/288 det_cnt 89/288 seg_cnt 70/288 | scores det_seg 2.4221 det_cnt 1.4493 seg_cnt -0.2829
[stage2] epoch 26/50 step 5 | loss 1.7274 | train det 0.0095 seg 0.0843 cnt 0.9113 | shared_pairs det_seg 93/288 det_cnt 103/288 seg_cnt 69/288 | scores det_seg -2.8872 det_cnt 0.1763 seg_cnt -1.9121
[stage2] epoch 26/50 step 6 | loss 2.1289 | train det 0.0193 seg 0.0785 cnt 1.2119 | shared_pairs det_seg 99/288 det_cnt 91/288 seg_cnt 69/288 | scores det_seg 2.1703 det_cnt 0.3995 seg_cnt -4.1572
[stage2] epoch 26/50 step 7 | loss 2.3521 | train det 0.0574 seg 0.0413 cnt 1.1604 | shared_pairs det_seg 77/288 det_cnt 104/288 seg_cnt 82/288 | scores det_seg -0.1876 det_cnt -0.0190 seg_cnt -0.0736
[stage2] epoch 26/50 step 8 | loss 3.6936 | train det 0.0453 seg 0.0946 cnt 2.2571 | shared_pairs det_seg 91/288 det_cnt 105/288 seg_cnt 81/288 | scores det_seg 1.6262 det_cnt 4.6493 seg_cnt 1.6892
[stage2] epoch 26/50 step 9 | loss 3.3013 | train det 0.0432 seg 0.1038 cnt 1.8233 | shared_pairs det_seg 88/288 det_cnt 105/288 seg_cnt 75/288 | scores det_seg -0.9771 det_cnt 3.0467 seg_cnt 1.9271
[stage2] epoch 26/50 step 10 | loss 3.1900 | train det 0.0460 seg 0.1454 cnt 1.3372 | shared_pairs det_seg 101/288 det_cnt 81/288 seg_cnt 83/288 | scores det_seg 4.9873 det_cnt 2.9645 seg_cnt 0.5401
[stage2] epoch 26/50 step 11 | loss 3.8972 | train det 0.1351 seg 0.0573 cnt 1.4118 | shared_pairs det_seg 112/288 det_cnt 70/288 seg_cnt 81/288 | scores det_seg 4.4642 det_cnt 0.4324 seg_cnt 0.9928
[stage2] epoch 26/50 step 12 | loss 3.0859 | train det 0.0604 seg 0.1069 cnt 1.3245 | shared_pairs det_seg 79/288 det_cnt 96/288 seg_cnt 88/288 | scores det_seg -2.2774 det_cnt -0.8081 seg_cnt 3.0715
[stage2] epoch 26/50 step 13 | loss 3.6657 | train det 0.0194 seg 0.1876 cnt 1.8742 | shared_pairs det_seg 110/288 det_cnt 79/288 seg_cnt 67/288 | scores det_seg 4.1096 det_cnt 1.6575 seg_cnt -0.8348
[stage2] epoch 26/50 step 14 | loss 3.3930 | train det 0.0429 seg 0.1107 cnt 1.8641 | shared_pairs det_seg 116/288 det_cnt 95/288 seg_cnt 57/288 | scores det_seg -1.7134 det_cnt -1.6108 seg_cnt -6.5581
[stage2] epoch 26/50 step 15 | loss 1.8863 | train det 0.0121 seg 0.1092 cnt 0.8313 | shared_pairs det_seg 79/288 det_cnt 96/288 seg_cnt 89/288 | scores det_seg -1.8520 det_cnt 2.9275 seg_cnt 4.6222
[stage2] epoch 26/50 step 16 | loss 1.7096 | train det 0.0105 seg 0.0973 cnt 0.7747 | shared_pairs det_seg 101/288 det_cnt 89/288 seg_cnt 70/288 | scores det_seg 0.2726 det_cnt -4.4230 seg_cnt -1.6747
[stage2] epoch 26/50 step 17 | loss 3.6388 | train det 0.1113 seg 0.1305 cnt 0.9260 | shared_pairs det_seg 99/288 det_cnt 83/288 seg_cnt 72/288 | scores det_seg -2.2246 det_cnt -5.5310 seg_cnt 0.0550
[stage2] epoch 26/50 step 18 | loss 2.6304 | train det 0.0195 seg 0.1377 cnt 1.2361 | shared_pairs det_seg 89/288 det_cnt 109/288 seg_cnt 67/288 | scores det_seg -0.3075 det_cnt 1.4302 seg_cnt 0.3870
[stage2] epoch 26/50 step 19 | loss 2.5938 | train det 0.0236 seg 0.1532 cnt 1.0144 | shared_pairs det_seg 96/288 det_cnt 104/288 seg_cnt 67/288 | scores det_seg 1.0430 det_cnt 6.6806 seg_cnt 4.2124
[stage2] epoch 26/50 step 20 | loss 2.9694 | train det 0.0069 seg 0.0836 cnt 2.1966 | shared_pairs det_seg 99/288 det_cnt 76/288 seg_cnt 82/288 | scores det_seg 0.9652 det_cnt 2.2512 seg_cnt -0.5903
[stage2] epoch 26/50 step 21 | loss 4.4917 | train det 0.1044 seg 0.1579 cnt 1.6630 | shared_pairs det_seg 88/288 det_cnt 93/288 seg_cnt 82/288 | scores det_seg -0.9835 det_cnt -1.9696 seg_cnt 2.6871
[stage2] epoch 26/50 step 22 | loss 2.4821 | train det 0.0171 seg 0.0973 cnt 1.4477 | shared_pairs det_seg 96/288 det_cnt 103/288 seg_cnt 69/288 | scores det_seg 3.3010 det_cnt 2.7063 seg_cnt -2.0100
[stage2] epoch 26/50 | train 2.9183 | det 0.0439 seg 0.1067 cnt 1.4059 | selected_by_matrix_unit det_seg 2101 det_cnt 2038 seg_cnt 1676
[stage2] epoch 26 | val det 0.5031 seg 0.9055 miou 0.6583 cnt 3.3117 dens 8.284221e-01 mae 2.4833 total_mae 11.5383 | ap50 0.6616 | combo 1.722598
[stage2] epoch 27/50 step 1 | loss 2.6864 | train det 0.0607 seg 0.0801 cnt 1.1348 | shared_pairs det_seg 85/288 det_cnt 106/288 seg_cnt 74/288 | scores det_seg 2.8719 det_cnt 4.9714 seg_cnt 4.5321
[stage2] epoch 27/50 step 2 | loss 3.3972 | train det 0.0165 seg 0.0706 cnt 2.5853 | shared_pairs det_seg 99/288 det_cnt 96/288 seg_cnt 78/288 | scores det_seg 0.0949 det_cnt -1.0115 seg_cnt 2.6926
[stage2] epoch 27/50 step 3 | loss 2.1829 | train det 0.0171 seg 0.0972 cnt 1.1483 | shared_pairs det_seg 97/288 det_cnt 89/288 seg_cnt 74/288 | scores det_seg -2.5670 det_cnt -0.3334 seg_cnt 0.4914
[stage2] epoch 27/50 step 4 | loss 2.5202 | train det 0.0196 seg 0.0605 cnt 1.7428 | shared_pairs det_seg 103/288 det_cnt 81/288 seg_cnt 78/288 | scores det_seg 1.8904 det_cnt -2.0750 seg_cnt -0.7000
[stage2] epoch 27/50 step 5 | loss 3.2168 | train det 0.1419 seg 0.0582 cnt 0.6230 | shared_pairs det_seg 105/288 det_cnt 81/288 seg_cnt 77/288 | scores det_seg 0.4613 det_cnt -2.5173 seg_cnt -2.1842
[stage2] epoch 27/50 step 6 | loss 3.5772 | train det 0.1135 seg 0.1214 cnt 0.9040 | shared_pairs det_seg 96/288 det_cnt 94/288 seg_cnt 69/288 | scores det_seg -0.3547 det_cnt -3.0247 seg_cnt 0.8769
[stage2] epoch 27/50 step 7 | loss 1.6509 | train det 0.0300 seg 0.0631 cnt 0.6961 | shared_pairs det_seg 72/288 det_cnt 105/288 seg_cnt 85/288 | scores det_seg 0.4205 det_cnt 5.3442 seg_cnt 2.9962
[stage2] epoch 27/50 step 8 | loss 1.9672 | train det 0.0073 seg 0.0953 cnt 1.0949 | shared_pairs det_seg 88/288 det_cnt 105/288 seg_cnt 66/288 | scores det_seg -3.6012 det_cnt 0.3586 seg_cnt -3.9449
[stage2] epoch 27/50 step 9 | loss 2.0740 | train det 0.0230 seg 0.0554 cnt 1.2861 | shared_pairs det_seg 102/288 det_cnt 94/288 seg_cnt 65/288 | scores det_seg -2.3315 det_cnt 1.7635 seg_cnt -1.5479
[stage2] epoch 27/50 step 10 | loss 3.4700 | train det 0.0723 seg 0.0769 cnt 1.7711 | shared_pairs det_seg 87/288 det_cnt 100/288 seg_cnt 73/288 | scores det_seg -0.5157 det_cnt 1.5451 seg_cnt 1.0078
[stage2] epoch 27/50 step 11 | loss 2.3964 | train det 0.0352 seg 0.0926 cnt 1.1269 | shared_pairs det_seg 77/288 det_cnt 101/288 seg_cnt 84/288 | scores det_seg -0.2405 det_cnt 3.8796 seg_cnt 2.3339
[stage2] epoch 27/50 step 12 | loss 2.4703 | train det 0.0202 seg 0.0532 cnt 1.7411 | shared_pairs det_seg 89/288 det_cnt 90/288 seg_cnt 72/288 | scores det_seg 0.9281 det_cnt -0.9895 seg_cnt -1.8465
[stage2] epoch 27/50 step 13 | loss 2.8018 | train det 0.0390 seg 0.1354 cnt 1.1327 | shared_pairs det_seg 79/288 det_cnt 109/288 seg_cnt 84/288 | scores det_seg -1.9446 det_cnt 2.2495 seg_cnt 1.8120
[stage2] epoch 27/50 step 14 | loss 4.3592 | train det 0.0754 seg 0.0767 cnt 2.6143 | shared_pairs det_seg 83/288 det_cnt 101/288 seg_cnt 77/288 | scores det_seg -3.1167 det_cnt 0.2557 seg_cnt -2.9929
[stage2] epoch 27/50 step 15 | loss 2.4152 | train det 0.0367 seg 0.0908 cnt 1.1387 | shared_pairs det_seg 90/288 det_cnt 106/288 seg_cnt 70/288 | scores det_seg 0.4158 det_cnt -0.9317 seg_cnt 0.3567
[stage2] epoch 27/50 step 16 | loss 3.4262 | train det 0.0528 seg 0.1016 cnt 1.8211 | shared_pairs det_seg 104/288 det_cnt 83/288 seg_cnt 73/288 | scores det_seg 4.2602 det_cnt 2.9615 seg_cnt -0.7258
[stage2] epoch 27/50 step 17 | loss 2.0802 | train det 0.0181 seg 0.1432 cnt 0.6633 | shared_pairs det_seg 78/288 det_cnt 97/288 seg_cnt 94/288 | scores det_seg 0.9430 det_cnt 5.7364 seg_cnt 8.1953
[stage2] epoch 27/50 step 18 | loss 2.5312 | train det 0.0638 seg 0.0903 cnt 0.8523 | shared_pairs det_seg 78/288 det_cnt 101/288 seg_cnt 89/288 | scores det_seg -2.7799 det_cnt 3.8371 seg_cnt 2.6675
[stage2] epoch 27/50 step 19 | loss 2.3186 | train det 0.0545 seg 0.0897 cnt 0.7828 | shared_pairs det_seg 98/288 det_cnt 90/288 seg_cnt 86/288 | scores det_seg 2.6662 det_cnt 1.3749 seg_cnt 0.1792
[stage2] epoch 27/50 step 20 | loss 2.1313 | train det 0.0195 seg 0.0872 cnt 1.1405 | shared_pairs det_seg 91/288 det_cnt 103/288 seg_cnt 66/288 | scores det_seg -0.6348 det_cnt -1.3003 seg_cnt 1.0610
[stage2] epoch 27/50 step 21 | loss 2.0467 | train det 0.0209 seg 0.0654 cnt 1.2105 | shared_pairs det_seg 82/288 det_cnt 105/288 seg_cnt 78/288 | scores det_seg -2.8883 det_cnt 4.3829 seg_cnt 1.4371
[stage2] epoch 27/50 step 22 | loss 5.2402 | train det 0.0271 seg 0.3843 cnt 1.7583 | shared_pairs det_seg 90/288 det_cnt 105/288 seg_cnt 71/288 | scores det_seg 1.8430 det_cnt -1.7734 seg_cnt -1.7761
[stage2] epoch 27/50 | train 2.7709 | det 0.0439 seg 0.0995 cnt 1.3168 | selected_by_matrix_unit det_seg 1973 det_cnt 2142 seg_cnt 1683
[stage2] epoch 27 | val det 0.5088 seg 0.9139 miou 0.6581 cnt 3.3142 dens 8.279392e-01 mae 2.4863 total_mae 11.4557 | ap50 0.6604 | combo 1.720630
[stage2] epoch 28/50 step 1 | loss 3.4598 | train det 0.0212 seg 0.0958 cnt 2.3762 | shared_pairs det_seg 77/288 det_cnt 118/288 seg_cnt 65/288 | scores det_seg -2.3808 det_cnt -0.2344 seg_cnt -1.6210
[stage2] epoch 28/50 step 2 | loss 1.4365 | train det 0.0164 seg 0.0613 cnt 0.7000 | shared_pairs det_seg 85/288 det_cnt 114/288 seg_cnt 74/288 | scores det_seg -0.5352 det_cnt 1.3895 seg_cnt -0.3052
[stage2] epoch 28/50 step 3 | loss 3.7316 | train det 0.1427 seg 0.0774 cnt 0.9727 | shared_pairs det_seg 102/288 det_cnt 83/288 seg_cnt 72/288 | scores det_seg 1.6076 det_cnt -2.5177 seg_cnt 0.0747
[stage2] epoch 28/50 step 4 | loss 2.9104 | train det 0.0520 seg 0.0867 cnt 1.4373 | shared_pairs det_seg 106/288 det_cnt 88/288 seg_cnt 73/288 | scores det_seg -0.3475 det_cnt -3.3491 seg_cnt -3.6278
[stage2] epoch 28/50 step 5 | loss 12.1828 | train det 0.0925 seg 0.1087 cnt 9.9250 | shared_pairs det_seg 94/288 det_cnt 97/288 seg_cnt 73/288 | scores det_seg 0.0008 det_cnt 0.3062 seg_cnt -3.0245
[stage2] epoch 28/50 step 6 | loss 2.2425 | train det 0.0366 seg 0.1294 cnt 0.6579 | shared_pairs det_seg 93/288 det_cnt 86/288 seg_cnt 79/288 | scores det_seg -2.4232 det_cnt -2.3712 seg_cnt 1.0168
[stage2] epoch 28/50 step 7 | loss 2.2622 | train det 0.0164 seg 0.1242 cnt 1.0231 | shared_pairs det_seg 102/288 det_cnt 86/288 seg_cnt 81/288 | scores det_seg -0.3355 det_cnt -0.6067 seg_cnt 1.1452
[stage2] epoch 28/50 step 8 | loss 3.1415 | train det 0.0605 seg 0.0613 cnt 1.7436 | shared_pairs det_seg 103/288 det_cnt 91/288 seg_cnt 67/288 | scores det_seg -1.1028 det_cnt 0.1730 seg_cnt -2.1843
[stage2] epoch 28/50 step 9 | loss 4.2504 | train det 0.1293 seg 0.0839 cnt 1.6389 | shared_pairs det_seg 97/288 det_cnt 83/288 seg_cnt 72/288 | scores det_seg -0.9872 det_cnt -2.6222 seg_cnt 0.6531
[stage2] epoch 28/50 step 10 | loss 1.5555 | train det 0.0294 seg 0.0429 cnt 0.7718 | shared_pairs det_seg 87/288 det_cnt 94/288 seg_cnt 73/288 | scores det_seg -3.1605 det_cnt -0.8669 seg_cnt -2.8271
[stage2] epoch 28/50 step 11 | loss 2.0575 | train det 0.0157 seg 0.0993 cnt 1.0269 | shared_pairs det_seg 106/288 det_cnt 95/288 seg_cnt 68/288 | scores det_seg 1.6396 det_cnt -1.6902 seg_cnt -2.4641
[stage2] epoch 28/50 step 12 | loss 4.8299 | train det 0.0237 seg 0.1229 cnt 3.4915 | shared_pairs det_seg 97/288 det_cnt 91/288 seg_cnt 71/288 | scores det_seg 1.2904 det_cnt -0.6750 seg_cnt -0.5144
[stage2] epoch 28/50 step 13 | loss 6.7151 | train det 0.1742 seg 0.1893 cnt 2.5875 | shared_pairs det_seg 117/288 det_cnt 89/288 seg_cnt 64/288 | scores det_seg 1.2215 det_cnt -0.6159 seg_cnt -3.5844
[stage2] epoch 28/50 step 14 | loss 3.0414 | train det 0.0696 seg 0.1448 cnt 0.8382 | shared_pairs det_seg 110/288 det_cnt 76/288 seg_cnt 73/288 | scores det_seg 1.2727 det_cnt -3.1451 seg_cnt -3.0744
[stage2] epoch 28/50 step 15 | loss 1.8857 | train det 0.0082 seg 0.0991 cnt 0.9694 | shared_pairs det_seg 94/288 det_cnt 94/288 seg_cnt 76/288 | scores det_seg 1.5496 det_cnt -3.8120 seg_cnt 0.2385
[stage2] epoch 28/50 step 16 | loss 3.4337 | train det 0.0510 seg 0.1556 cnt 1.4236 | shared_pairs det_seg 83/288 det_cnt 109/288 seg_cnt 68/288 | scores det_seg -1.5923 det_cnt 0.1771 seg_cnt -0.7024
[stage2] epoch 28/50 step 17 | loss 16.3156 | train det 0.0105 seg 0.1004 cnt 15.3544 | shared_pairs det_seg 83/288 det_cnt 99/288 seg_cnt 81/288 | scores det_seg -3.0215 det_cnt 0.8562 seg_cnt 0.0588
[stage2] epoch 28/50 step 18 | loss 1.5122 | train det 0.0159 seg 0.0810 cnt 0.6260 | shared_pairs det_seg 98/288 det_cnt 99/288 seg_cnt 75/288 | scores det_seg 0.4159 det_cnt 1.4168 seg_cnt 0.7890
[stage2] epoch 28/50 step 19 | loss 1.8100 | train det 0.0211 seg 0.0778 cnt 0.8711 | shared_pairs det_seg 95/288 det_cnt 105/288 seg_cnt 69/288 | scores det_seg -0.5840 det_cnt 0.5824 seg_cnt 0.5689
[stage2] epoch 28/50 step 20 | loss 2.8284 | train det 0.0174 seg 0.1152 cnt 1.6462 | shared_pairs det_seg 87/288 det_cnt 91/288 seg_cnt 80/288 | scores det_seg -0.6433 det_cnt -2.2612 seg_cnt 1.2619
[stage2] epoch 28/50 step 21 | loss 4.5322 | train det 0.1565 seg 0.0778 cnt 1.5617 | shared_pairs det_seg 87/288 det_cnt 93/288 seg_cnt 90/288 | scores det_seg 3.1214 det_cnt 2.0078 seg_cnt 6.1079
[stage2] epoch 28/50 step 22 | loss 3.4942 | train det 0.0592 seg 0.2129 cnt 0.9034 | shared_pairs det_seg 93/288 det_cnt 85/288 seg_cnt 79/288 | scores det_seg -1.1680 det_cnt -3.9769 seg_cnt 2.0200
[stage2] epoch 28/50 | train 4.0741 | det 0.0555 seg 0.1067 cnt 2.3885 | selected_by_matrix_unit det_seg 2096 det_cnt 2066 seg_cnt 1623
[stage2] epoch 28 | val det 0.5071 seg 0.9108 miou 0.6580 cnt 3.3052 dens 8.279519e-01 mae 2.4772 total_mae 11.4413 | ap50 0.6607 | combo 1.722368
[stage2] epoch 29/50 step 1 | loss 3.5951 | train det 0.0891 seg 0.0909 cnt 1.5324 | shared_pairs det_seg 86/288 det_cnt 100/288 seg_cnt 76/288 | scores det_seg -2.3177 det_cnt 3.3936 seg_cnt -2.1363
[stage2] epoch 29/50 step 2 | loss 2.6918 | train det 0.0409 seg 0.0862 cnt 1.3891 | shared_pairs det_seg 96/288 det_cnt 113/288 seg_cnt 64/288 | scores det_seg -0.1025 det_cnt 7.2122 seg_cnt -3.1150
[stage2] epoch 29/50 step 3 | loss 3.9206 | train det 0.0186 seg 0.1640 cnt 2.3289 | shared_pairs det_seg 94/288 det_cnt 92/288 seg_cnt 76/288 | scores det_seg 2.8123 det_cnt -0.4118 seg_cnt 3.6637
[stage2] epoch 29/50 step 4 | loss 1.8271 | train det 0.0175 seg 0.0827 cnt 0.9035 | shared_pairs det_seg 104/288 det_cnt 79/288 seg_cnt 85/288 | scores det_seg 1.0392 det_cnt -0.0896 seg_cnt 2.7794
[stage2] epoch 29/50 step 5 | loss 1.9849 | train det 0.0447 seg 0.0982 cnt 0.5295 | shared_pairs det_seg 104/288 det_cnt 93/288 seg_cnt 68/288 | scores det_seg 0.9803 det_cnt -2.4712 seg_cnt -1.5120
[stage2] epoch 29/50 step 6 | loss 2.7644 | train det 0.1075 seg 0.0839 cnt 0.4804 | shared_pairs det_seg 91/288 det_cnt 95/288 seg_cnt 70/288 | scores det_seg -0.2358 det_cnt 2.2759 seg_cnt 2.5240
[stage2] epoch 29/50 step 7 | loss 3.3020 | train det 0.0722 seg 0.0734 cnt 1.6318 | shared_pairs det_seg 91/288 det_cnt 99/288 seg_cnt 78/288 | scores det_seg -0.4651 det_cnt 3.1206 seg_cnt 0.1991
[stage2] epoch 29/50 step 8 | loss 2.4870 | train det 0.0487 seg 0.0902 cnt 1.0352 | shared_pairs det_seg 91/288 det_cnt 98/288 seg_cnt 69/288 | scores det_seg 0.9051 det_cnt 0.3809 seg_cnt -0.3227
[stage2] epoch 29/50 step 9 | loss 2.6102 | train det 0.0356 seg 0.1047 cnt 1.2395 | shared_pairs det_seg 100/288 det_cnt 94/288 seg_cnt 74/288 | scores det_seg -0.1347 det_cnt 3.8008 seg_cnt -2.0662
[stage2] epoch 29/50 step 10 | loss 1.6639 | train det 0.0096 seg 0.0790 cnt 0.8889 | shared_pairs det_seg 98/288 det_cnt 99/288 seg_cnt 76/288 | scores det_seg -0.8166 det_cnt 0.5128 seg_cnt 2.1538
[stage2] epoch 29/50 step 11 | loss 4.3627 | train det 0.0264 seg 0.1046 cnt 3.1300 | shared_pairs det_seg 100/288 det_cnt 92/288 seg_cnt 77/288 | scores det_seg 0.5506 det_cnt 0.7501 seg_cnt 3.4083
[stage2] epoch 29/50 step 12 | loss 6.6612 | train det 0.0523 seg 0.0913 cnt 5.1467 | shared_pairs det_seg 81/288 det_cnt 105/288 seg_cnt 76/288 | scores det_seg -2.6007 det_cnt 3.8756 seg_cnt 2.3033
[stage2] epoch 29/50 step 13 | loss 3.0729 | train det 0.0728 seg 0.0550 cnt 1.5409 | shared_pairs det_seg 83/288 det_cnt 84/288 seg_cnt 89/288 | scores det_seg -0.5912 det_cnt -0.6346 seg_cnt 4.7826
[stage2] epoch 29/50 step 14 | loss 2.2568 | train det 0.0111 seg 0.0851 cnt 1.4092 | shared_pairs det_seg 87/288 det_cnt 84/288 seg_cnt 95/288 | scores det_seg -0.3585 det_cnt -0.9858 seg_cnt 4.0192
[stage2] epoch 29/50 step 15 | loss 3.7570 | train det 0.0185 seg 0.1052 cnt 2.6386 | shared_pairs det_seg 102/288 det_cnt 85/288 seg_cnt 78/288 | scores det_seg 2.5672 det_cnt 0.0532 seg_cnt 1.8528
[stage2] epoch 29/50 step 16 | loss 2.1155 | train det 0.0362 seg 0.0907 cnt 0.8465 | shared_pairs det_seg 84/288 det_cnt 106/288 seg_cnt 62/288 | scores det_seg -0.5940 det_cnt 3.3677 seg_cnt 2.1736
[stage2] epoch 29/50 step 17 | loss 1.8668 | train det 0.0420 seg 0.0889 cnt 0.5262 | shared_pairs det_seg 88/288 det_cnt 88/288 seg_cnt 79/288 | scores det_seg -1.0831 det_cnt 0.4655 seg_cnt 2.0371
[stage2] epoch 29/50 step 18 | loss 1.7606 | train det 0.0349 seg 0.0966 cnt 0.4635 | shared_pairs det_seg 96/288 det_cnt 96/288 seg_cnt 71/288 | scores det_seg 0.0340 det_cnt -2.2699 seg_cnt -1.5563
[stage2] epoch 29/50 step 19 | loss 3.9246 | train det 0.0832 seg 0.1147 cnt 1.7587 | shared_pairs det_seg 89/288 det_cnt 104/288 seg_cnt 65/288 | scores det_seg -2.8840 det_cnt 1.6423 seg_cnt -3.6589
[stage2] epoch 29/50 step 20 | loss 2.0146 | train det 0.0310 seg 0.0819 cnt 0.8947 | shared_pairs det_seg 86/288 det_cnt 102/288 seg_cnt 67/288 | scores det_seg -4.6688 det_cnt -1.4985 seg_cnt -0.7919
[stage2] epoch 29/50 step 21 | loss 2.1839 | train det 0.0147 seg 0.0876 cnt 1.2621 | shared_pairs det_seg 107/288 det_cnt 93/288 seg_cnt 69/288 | scores det_seg 4.1751 det_cnt 1.0454 seg_cnt -0.3126
[stage2] epoch 29/50 step 22 | loss 1.7807 | train det 0.0164 seg 0.0942 cnt 0.7819 | shared_pairs det_seg 103/288 det_cnt 106/288 seg_cnt 61/288 | scores det_seg 0.0198 det_cnt 2.6443 seg_cnt 0.3235
[stage2] epoch 29/50 | train 2.8457 | det 0.0420 seg 0.0931 cnt 1.4708 | selected_by_matrix_unit det_seg 2061 det_cnt 2107 seg_cnt 1625
[stage2] epoch 29 | val det 0.5045 seg 0.9062 miou 0.6576 cnt 3.3234 dens 8.283558e-01 mae 2.4951 total_mae 11.5447 | ap50 0.6593 | combo 1.717618
[stage2] epoch 30/50 step 1 | loss 7.7865 | train det 0.2417 seg 0.1255 cnt 3.1567 | shared_pairs det_seg 94/288 det_cnt 91/288 seg_cnt 73/288 | scores det_seg 0.8651 det_cnt 3.5636 seg_cnt 1.2541
[stage2] epoch 30/50 step 2 | loss 2.5378 | train det 0.0256 seg 0.0837 cnt 1.4839 | shared_pairs det_seg 98/288 det_cnt 89/288 seg_cnt 76/288 | scores det_seg -3.0475 det_cnt -4.7105 seg_cnt -0.9959
[stage2] epoch 30/50 step 3 | loss 3.5395 | train det 0.0159 seg 0.1077 cnt 2.4403 | shared_pairs det_seg 84/288 det_cnt 119/288 seg_cnt 54/288 | scores det_seg -3.6003 det_cnt 5.1084 seg_cnt -4.5473
[stage2] epoch 30/50 step 4 | loss 3.2561 | train det 0.0462 seg 0.1007 cnt 1.7574 | shared_pairs det_seg 95/288 det_cnt 102/288 seg_cnt 72/288 | scores det_seg -1.3639 det_cnt 0.8810 seg_cnt -3.0605
[stage2] epoch 30/50 step 5 | loss 2.3680 | train det 0.0201 seg 0.0835 cnt 1.3984 | shared_pairs det_seg 87/288 det_cnt 92/288 seg_cnt 76/288 | scores det_seg -3.2428 det_cnt 1.0305 seg_cnt -2.9801
[stage2] epoch 30/50 step 6 | loss 2.6450 | train det 0.0381 seg 0.0972 cnt 1.2960 | shared_pairs det_seg 100/288 det_cnt 93/288 seg_cnt 67/288 | scores det_seg 0.7535 det_cnt -2.4626 seg_cnt -1.7153
[stage2] epoch 30/50 step 7 | loss 2.8950 | train det 0.0299 seg 0.1511 cnt 1.2380 | shared_pairs det_seg 88/288 det_cnt 102/288 seg_cnt 78/288 | scores det_seg -0.4019 det_cnt -0.3434 seg_cnt 1.3718
[stage2] epoch 30/50 step 8 | loss 1.8423 | train det 0.0305 seg 0.0599 cnt 0.9053 | shared_pairs det_seg 100/288 det_cnt 89/288 seg_cnt 72/288 | scores det_seg -0.2395 det_cnt -0.5830 seg_cnt 2.1062
[stage2] epoch 30/50 step 9 | loss 2.0903 | train det 0.0243 seg 0.0395 cnt 1.4098 | shared_pairs det_seg 98/288 det_cnt 94/288 seg_cnt 82/288 | scores det_seg 2.3478 det_cnt 3.7158 seg_cnt 3.3517
[stage2] epoch 30/50 step 10 | loss 6.5449 | train det 0.0866 seg 0.1399 cnt 4.1277 | shared_pairs det_seg 96/288 det_cnt 97/288 seg_cnt 72/288 | scores det_seg 1.5263 det_cnt 4.1616 seg_cnt -3.4695
[stage2] epoch 30/50 step 11 | loss 3.5827 | train det 0.0296 seg 0.0542 cnt 2.7043 | shared_pairs det_seg 91/288 det_cnt 114/288 seg_cnt 64/288 | scores det_seg 0.0864 det_cnt 2.0702 seg_cnt -3.0560
[stage2] epoch 30/50 step 12 | loss 2.2448 | train det 0.0160 seg 0.1266 cnt 0.9919 | shared_pairs det_seg 96/288 det_cnt 110/288 seg_cnt 47/288 | scores det_seg 2.0651 det_cnt 3.5856 seg_cnt -4.7672
[stage2] epoch 30/50 step 13 | loss 4.6516 | train det 0.0255 seg 0.1081 cnt 3.4043 | shared_pairs det_seg 90/288 det_cnt 93/288 seg_cnt 78/288 | scores det_seg -1.4764 det_cnt -2.3083 seg_cnt -0.9361
[stage2] epoch 30/50 step 14 | loss 2.9488 | train det 0.0298 seg 0.1096 cnt 1.6257 | shared_pairs det_seg 93/288 det_cnt 110/288 seg_cnt 61/288 | scores det_seg -1.8261 det_cnt 3.7531 seg_cnt 0.9753
[stage2] epoch 30/50 step 15 | loss 3.4627 | train det 0.0299 seg 0.0470 cnt 2.6388 | shared_pairs det_seg 92/288 det_cnt 96/288 seg_cnt 65/288 | scores det_seg -0.2351 det_cnt 3.2390 seg_cnt 2.0098
[stage2] epoch 30/50 step 16 | loss 2.0301 | train det 0.0155 seg 0.0312 cnt 1.5480 | shared_pairs det_seg 99/288 det_cnt 84/288 seg_cnt 75/288 | scores det_seg 0.6220 det_cnt -0.1592 seg_cnt -0.9796
[stage2] epoch 30/50 step 17 | loss 3.0235 | train det 0.0814 seg 0.0707 cnt 1.2373 | shared_pairs det_seg 87/288 det_cnt 117/288 seg_cnt 64/288 | scores det_seg -0.5188 det_cnt 2.5352 seg_cnt -2.8142
[stage2] epoch 30/50 step 18 | loss 2.3715 | train det 0.0248 seg 0.0831 cnt 1.3349 | shared_pairs det_seg 110/288 det_cnt 71/288 seg_cnt 89/288 | scores det_seg 2.5013 det_cnt -3.0603 seg_cnt 3.8090
[stage2] epoch 30/50 step 19 | loss 4.8996 | train det 0.2048 seg 0.0859 cnt 1.1408 | shared_pairs det_seg 97/288 det_cnt 84/288 seg_cnt 80/288 | scores det_seg 0.2066 det_cnt -1.5020 seg_cnt 2.5177
[stage2] epoch 30/50 step 20 | loss 1.7354 | train det 0.0247 seg 0.0590 cnt 0.8939 | shared_pairs det_seg 82/288 det_cnt 109/288 seg_cnt 77/288 | scores det_seg 1.8924 det_cnt 1.0387 seg_cnt 1.3361
[stage2] epoch 30/50 step 21 | loss 2.1543 | train det 0.0198 seg 0.0521 cnt 1.4399 | shared_pairs det_seg 92/288 det_cnt 97/288 seg_cnt 78/288 | scores det_seg -0.4896 det_cnt 3.0065 seg_cnt 1.1559
[stage2] epoch 30/50 step 22 | loss 5.5047 | train det 0.0478 seg 0.1206 cnt 3.8227 | shared_pairs det_seg 107/288 det_cnt 89/288 seg_cnt 67/288 | scores det_seg 0.7168 det_cnt -3.7890 seg_cnt -1.1531
[stage2] epoch 30/50 | train 3.3689 | det 0.0504 seg 0.0880 cnt 1.9089 | selected_by_matrix_unit det_seg 2076 det_cnt 2142 seg_cnt 1567
[stage2] epoch 30 | val det 0.5075 seg 0.9161 miou 0.6587 cnt 3.3122 dens 8.283704e-01 mae 2.4838 total_mae 11.4976 | ap50 0.6615 | combo 1.722764
[stage2] epoch 31/50 step 1 | loss 1.8538 | train det 0.0375 seg 0.0877 cnt 0.5893 | shared_pairs det_seg 92/288 det_cnt 96/288 seg_cnt 74/288 | scores det_seg 1.0286 det_cnt 2.1875 seg_cnt 3.1855
[stage2] epoch 31/50 step 2 | loss 2.2640 | train det 0.0471 seg 0.1223 cnt 0.5793 | shared_pairs det_seg 90/288 det_cnt 93/288 seg_cnt 77/288 | scores det_seg -0.7503 det_cnt -2.8211 seg_cnt -4.3391
[stage2] epoch 31/50 step 3 | loss 2.5966 | train det 0.0618 seg 0.0405 cnt 1.3451 | shared_pairs det_seg 90/288 det_cnt 102/288 seg_cnt 78/288 | scores det_seg -0.3896 det_cnt 0.8193 seg_cnt 0.4826
[stage2] epoch 31/50 step 4 | loss 2.8061 | train det 0.0329 seg 0.1112 cnt 1.4230 | shared_pairs det_seg 85/288 det_cnt 103/288 seg_cnt 77/288 | scores det_seg 0.4654 det_cnt 2.0595 seg_cnt 0.3082
[stage2] epoch 31/50 step 5 | loss 3.1528 | train det 0.0522 seg 0.0726 cnt 1.7887 | shared_pairs det_seg 100/288 det_cnt 112/288 seg_cnt 60/288 | scores det_seg 5.6427 det_cnt 7.7029 seg_cnt 0.3079
[stage2] epoch 31/50 step 6 | loss 2.9611 | train det 0.0121 seg 0.1355 cnt 1.6965 | shared_pairs det_seg 95/288 det_cnt 81/288 seg_cnt 88/288 | scores det_seg 1.0151 det_cnt -2.7070 seg_cnt 4.2865
[stage2] epoch 31/50 step 7 | loss 3.0520 | train det 0.0737 seg 0.1183 cnt 1.0000 | shared_pairs det_seg 88/288 det_cnt 101/288 seg_cnt 68/288 | scores det_seg 0.5639 det_cnt -1.7950 seg_cnt 0.3361
[stage2] epoch 31/50 step 8 | loss 3.5228 | train det 0.0769 seg 0.0962 cnt 1.6004 | shared_pairs det_seg 66/288 det_cnt 99/288 seg_cnt 92/288 | scores det_seg -5.3806 det_cnt 4.0446 seg_cnt 2.0630
[stage2] epoch 31/50 step 9 | loss 1.6310 | train det 0.0274 seg 0.0741 cnt 0.6271 | shared_pairs det_seg 81/288 det_cnt 98/288 seg_cnt 73/288 | scores det_seg 0.4902 det_cnt 4.3603 seg_cnt 1.3157
[stage2] epoch 31/50 step 10 | loss 4.8644 | train det 0.1713 seg 0.1116 cnt 1.4017 | shared_pairs det_seg 102/288 det_cnt 92/288 seg_cnt 70/288 | scores det_seg 2.8476 det_cnt -0.1984 seg_cnt -2.3940
[stage2] epoch 31/50 step 11 | loss 2.2583 | train det 0.0649 seg 0.0614 cnt 0.7933 | shared_pairs det_seg 86/288 det_cnt 89/288 seg_cnt 72/288 | scores det_seg -1.9274 det_cnt 1.3590 seg_cnt -1.0354
[stage2] epoch 31/50 step 12 | loss 1.4107 | train det 0.0101 seg 0.1039 cnt 0.4284 | shared_pairs det_seg 86/288 det_cnt 111/288 seg_cnt 70/288 | scores det_seg -0.7496 det_cnt 0.5545 seg_cnt -5.3356
[stage2] epoch 31/50 step 13 | loss 1.8570 | train det 0.0447 seg 0.0668 cnt 0.6525 | shared_pairs det_seg 87/288 det_cnt 99/288 seg_cnt 81/288 | scores det_seg -0.7049 det_cnt 2.1543 seg_cnt 3.4999
[stage2] epoch 31/50 step 14 | loss 2.8011 | train det 0.0745 seg 0.1384 cnt 0.5768 | shared_pairs det_seg 102/288 det_cnt 89/288 seg_cnt 69/288 | scores det_seg -1.9443 det_cnt -2.0852 seg_cnt -3.9558
[stage2] epoch 31/50 step 15 | loss 2.1111 | train det 0.0120 seg 0.0827 cnt 1.2698 | shared_pairs det_seg 87/288 det_cnt 99/288 seg_cnt 74/288 | scores det_seg -2.8271 det_cnt -0.5309 seg_cnt -1.1627
[stage2] epoch 31/50 step 16 | loss 2.8186 | train det 0.0254 seg 0.1084 cnt 1.5701 | shared_pairs det_seg 96/288 det_cnt 82/288 seg_cnt 83/288 | scores det_seg -0.0120 det_cnt -2.5763 seg_cnt 1.5278
[stage2] epoch 31/50 step 17 | loss 2.8006 | train det 0.0257 seg 0.0699 cnt 1.8558 | shared_pairs det_seg 93/288 det_cnt 78/288 seg_cnt 94/288 | scores det_seg -0.5863 det_cnt -3.9739 seg_cnt -0.3597
[stage2] epoch 31/50 step 18 | loss 2.5311 | train det 0.0181 seg 0.0491 cnt 1.8663 | shared_pairs det_seg 104/288 det_cnt 96/288 seg_cnt 67/288 | scores det_seg 0.3603 det_cnt -2.4101 seg_cnt -2.0308
[stage2] epoch 31/50 step 19 | loss 2.4228 | train det 0.0350 seg 0.1122 cnt 1.0010 | shared_pairs det_seg 96/288 det_cnt 83/288 seg_cnt 76/288 | scores det_seg -1.1854 det_cnt -2.0307 seg_cnt 0.7239
[stage2] epoch 31/50 step 20 | loss 3.1886 | train det 0.0489 seg 0.1094 cnt 1.5803 | shared_pairs det_seg 95/288 det_cnt 96/288 seg_cnt 73/288 | scores det_seg -1.1334 det_cnt -1.6142 seg_cnt -0.7966
[stage2] epoch 31/50 step 21 | loss 2.5695 | train det 0.0697 seg 0.1027 cnt 0.7032 | shared_pairs det_seg 109/288 det_cnt 99/288 seg_cnt 62/288 | scores det_seg 0.0328 det_cnt 2.3697 seg_cnt -0.9465
[stage2] epoch 31/50 step 22 | loss 2.6024 | train det 0.0310 seg 0.0892 cnt 1.4239 | shared_pairs det_seg 90/288 det_cnt 95/288 seg_cnt 79/288 | scores det_seg -2.2005 det_cnt 0.6891 seg_cnt 1.9615
[stage2] epoch 31/50 | train 2.6398 | det 0.0479 seg 0.0938 cnt 1.1715 | selected_by_matrix_unit det_seg 2020 det_cnt 2093 seg_cnt 1657
[stage2] epoch 31 | val det 0.5186 seg 0.9180 miou 0.6582 cnt 3.3018 dens 8.277728e-01 mae 2.4740 total_mae 11.5240 | ap50 0.6584 | combo 1.720774
[stage2] epoch 32/50 step 1 | loss 3.5853 | train det 0.0131 seg 0.1501 cnt 2.1876 | shared_pairs det_seg 102/288 det_cnt 89/288 seg_cnt 77/288 | scores det_seg -1.0150 det_cnt -1.4374 seg_cnt 1.9956
[stage2] epoch 32/50 step 2 | loss 2.8150 | train det 0.0116 seg 0.0884 cnt 1.9341 | shared_pairs det_seg 101/288 det_cnt 75/288 seg_cnt 91/288 | scores det_seg 1.3498 det_cnt -3.5107 seg_cnt 1.9915
[stage2] epoch 32/50 step 3 | loss 1.7576 | train det 0.0231 seg 0.0922 cnt 0.6732 | shared_pairs det_seg 103/288 det_cnt 93/288 seg_cnt 69/288 | scores det_seg -0.0294 det_cnt -0.3013 seg_cnt -2.5902
[stage2] epoch 32/50 step 4 | loss 3.5682 | train det 0.1165 seg 0.1251 cnt 0.8200 | shared_pairs det_seg 102/288 det_cnt 97/288 seg_cnt 68/288 | scores det_seg 2.4314 det_cnt 5.3740 seg_cnt 1.4082
[stage2] epoch 32/50 step 5 | loss 3.1296 | train det 0.0438 seg 0.1273 cnt 1.4540 | shared_pairs det_seg 83/288 det_cnt 102/288 seg_cnt 76/288 | scores det_seg 2.0061 det_cnt 2.0414 seg_cnt -1.6543
[stage2] epoch 32/50 step 6 | loss 3.1445 | train det 0.0141 seg 0.1472 cnt 1.7547 | shared_pairs det_seg 86/288 det_cnt 88/288 seg_cnt 82/288 | scores det_seg -1.4403 det_cnt -5.9325 seg_cnt -1.7735
[stage2] epoch 32/50 step 7 | loss 1.9495 | train det 0.0180 seg 0.0822 cnt 1.0209 | shared_pairs det_seg 98/288 det_cnt 99/288 seg_cnt 68/288 | scores det_seg 1.1297 det_cnt -1.1556 seg_cnt -3.7025
[stage2] epoch 32/50 step 8 | loss 2.4988 | train det 0.0278 seg 0.0838 cnt 1.4108 | shared_pairs det_seg 102/288 det_cnt 98/288 seg_cnt 61/288 | scores det_seg 1.6216 det_cnt -0.7005 seg_cnt -3.2238
[stage2] epoch 32/50 step 9 | loss 15.7758 | train det 0.0599 seg 0.1099 cnt 13.9977 | shared_pairs det_seg 99/288 det_cnt 100/288 seg_cnt 68/288 | scores det_seg 0.3785 det_cnt 0.1452 seg_cnt -0.0611
[stage2] epoch 32/50 step 10 | loss 2.6097 | train det 0.0246 seg 0.0537 cnt 1.8115 | shared_pairs det_seg 100/288 det_cnt 80/288 seg_cnt 78/288 | scores det_seg 4.6338 det_cnt -0.9110 seg_cnt -0.4479
[stage2] epoch 32/50 step 11 | loss 2.5445 | train det 0.0618 seg 0.0782 cnt 0.9915 | shared_pairs det_seg 91/288 det_cnt 85/288 seg_cnt 90/288 | scores det_seg 0.0743 det_cnt -4.1071 seg_cnt 1.1662
[stage2] epoch 32/50 step 12 | loss 3.1233 | train det 0.0208 seg 0.0737 cnt 2.2214 | shared_pairs det_seg 104/288 det_cnt 88/288 seg_cnt 79/288 | scores det_seg 2.4291 det_cnt 1.4424 seg_cnt -1.1999
[stage2] epoch 32/50 step 13 | loss 3.1052 | train det 0.0261 seg 0.0597 cnt 2.2361 | shared_pairs det_seg 96/288 det_cnt 80/288 seg_cnt 74/288 | scores det_seg -0.4966 det_cnt -3.9434 seg_cnt -2.3753
[stage2] epoch 32/50 step 14 | loss 3.3874 | train det 0.0465 seg 0.0965 cnt 1.9172 | shared_pairs det_seg 93/288 det_cnt 93/288 seg_cnt 79/288 | scores det_seg 1.2790 det_cnt -1.1212 seg_cnt 0.9673
[stage2] epoch 32/50 step 15 | loss 1.5237 | train det 0.0189 seg 0.0772 cnt 0.6232 | shared_pairs det_seg 108/288 det_cnt 70/288 seg_cnt 87/288 | scores det_seg 1.8057 det_cnt -6.5501 seg_cnt 4.0378
[stage2] epoch 32/50 step 16 | loss 2.8653 | train det 0.0566 seg 0.1431 cnt 0.8710 | shared_pairs det_seg 89/288 det_cnt 94/288 seg_cnt 78/288 | scores det_seg 0.8458 det_cnt 2.6588 seg_cnt 1.0029
[stage2] epoch 32/50 step 17 | loss 2.6086 | train det 0.0217 seg 0.1033 cnt 1.4565 | shared_pairs det_seg 100/288 det_cnt 87/288 seg_cnt 76/288 | scores det_seg -1.3664 det_cnt 3.0760 seg_cnt -0.8110
[stage2] epoch 32/50 step 18 | loss 2.9175 | train det 0.0244 seg 0.0970 cnt 1.7760 | shared_pairs det_seg 104/288 det_cnt 84/288 seg_cnt 66/288 | scores det_seg -0.5447 det_cnt -0.4398 seg_cnt 0.1459
[stage2] epoch 32/50 step 19 | loss 1.9168 | train det 0.0146 seg 0.0916 cnt 0.9657 | shared_pairs det_seg 98/288 det_cnt 89/288 seg_cnt 82/288 | scores det_seg -1.9320 det_cnt -0.0105 seg_cnt 1.5550
[stage2] epoch 32/50 step 20 | loss 2.3646 | train det 0.0091 seg 0.0936 cnt 1.4794 | shared_pairs det_seg 110/288 det_cnt 90/288 seg_cnt 70/288 | scores det_seg -0.6030 det_cnt -0.2244 seg_cnt -1.8479
[stage2] epoch 32/50 step 21 | loss 13.2915 | train det 0.0240 seg 0.0707 cnt 12.3656 | shared_pairs det_seg 87/288 det_cnt 99/288 seg_cnt 77/288 | scores det_seg -0.2354 det_cnt 4.6499 seg_cnt -1.7096
[stage2] epoch 32/50 step 22 | loss 4.3065 | train det 0.1347 seg 0.0541 cnt 1.8533 | shared_pairs det_seg 98/288 det_cnt 102/288 seg_cnt 70/288 | scores det_seg 4.1942 det_cnt 8.3241 seg_cnt 5.9354
[stage2] epoch 32/50 | train 3.8540 | det 0.0369 seg 0.0954 cnt 2.5373 | selected_by_matrix_unit det_seg 2154 det_cnt 1982 seg_cnt 1666
[stage2] epoch 32 | val det 0.5196 seg 0.9274 miou 0.6594 cnt 3.3172 dens 8.271322e-01 mae 2.4901 total_mae 11.4517 | ap50 0.6591 | combo 1.720079
[stage2] epoch 33/50 step 1 | loss 3.5852 | train det 0.0743 seg 0.0817 cnt 1.8161 | shared_pairs det_seg 100/288 det_cnt 89/288 seg_cnt 68/288 | scores det_seg -0.2978 det_cnt -1.6493 seg_cnt 1.2196
[stage2] epoch 33/50 step 2 | loss 2.3589 | train det 0.0082 seg 0.0953 cnt 1.4737 | shared_pairs det_seg 120/288 det_cnt 89/288 seg_cnt 60/288 | scores det_seg 1.3249 det_cnt -2.9125 seg_cnt -2.9229
[stage2] epoch 33/50 step 3 | loss 3.2804 | train det 0.0124 seg 0.1400 cnt 1.9747 | shared_pairs det_seg 103/288 det_cnt 100/288 seg_cnt 65/288 | scores det_seg 1.5531 det_cnt 5.4622 seg_cnt 0.9638
[stage2] epoch 33/50 step 4 | loss 3.3123 | train det 0.0368 seg 0.1430 cnt 1.6162 | shared_pairs det_seg 82/288 det_cnt 112/288 seg_cnt 75/288 | scores det_seg -0.1507 det_cnt -1.4160 seg_cnt -0.0842
[stage2] epoch 33/50 step 5 | loss 4.3570 | train det 0.0800 seg 0.0913 cnt 2.4267 | shared_pairs det_seg 76/288 det_cnt 117/288 seg_cnt 73/288 | scores det_seg -6.8854 det_cnt 7.1558 seg_cnt -1.2674
[stage2] epoch 33/50 step 6 | loss 2.7034 | train det 0.0892 seg 0.0923 cnt 0.6275 | shared_pairs det_seg 107/288 det_cnt 89/288 seg_cnt 63/288 | scores det_seg 2.8381 det_cnt -2.3351 seg_cnt -5.3602
[stage2] epoch 33/50 step 7 | loss 3.9566 | train det 0.0159 seg 0.0757 cnt 3.1119 | shared_pairs det_seg 105/288 det_cnt 100/288 seg_cnt 62/288 | scores det_seg 0.6630 det_cnt -0.2273 seg_cnt -3.0790
[stage2] epoch 33/50 step 8 | loss 6.3256 | train det 0.0641 seg 0.0667 cnt 4.8308 | shared_pairs det_seg 112/288 det_cnt 81/288 seg_cnt 67/288 | scores det_seg 3.3958 det_cnt -4.9107 seg_cnt -3.9112
[stage2] epoch 33/50 step 9 | loss 2.3522 | train det 0.0356 seg 0.0766 cnt 1.2047 | shared_pairs det_seg 80/288 det_cnt 107/288 seg_cnt 74/288 | scores det_seg -4.7592 det_cnt 0.7651 seg_cnt -0.9998
[stage2] epoch 33/50 step 10 | loss 2.1674 | train det 0.0349 seg 0.0672 cnt 1.1058 | shared_pairs det_seg 105/288 det_cnt 85/288 seg_cnt 76/288 | scores det_seg -3.4750 det_cnt -0.6549 seg_cnt -1.2643
[stage2] epoch 33/50 step 11 | loss 4.0005 | train det 0.0738 seg 0.0884 cnt 2.1859 | shared_pairs det_seg 98/288 det_cnt 92/288 seg_cnt 70/288 | scores det_seg 2.4198 det_cnt 1.6571 seg_cnt 1.9549
[stage2] epoch 33/50 step 12 | loss 3.0602 | train det 0.0413 seg 0.1297 cnt 1.4031 | shared_pairs det_seg 93/288 det_cnt 102/288 seg_cnt 72/288 | scores det_seg -0.4660 det_cnt 5.7224 seg_cnt -0.2329
[stage2] epoch 33/50 step 13 | loss 2.6520 | train det 0.0311 seg 0.0740 cnt 1.5929 | shared_pairs det_seg 95/288 det_cnt 98/288 seg_cnt 68/288 | scores det_seg 0.9023 det_cnt 2.3027 seg_cnt 1.0770
[stage2] epoch 33/50 step 14 | loss 2.7736 | train det 0.0575 seg 0.0654 cnt 1.3881 | shared_pairs det_seg 72/288 det_cnt 93/288 seg_cnt 99/288 | scores det_seg -6.3383 det_cnt 0.4297 seg_cnt 2.7614
[stage2] epoch 33/50 step 15 | loss 2.9372 | train det 0.0342 seg 0.0923 cnt 1.6857 | shared_pairs det_seg 92/288 det_cnt 96/288 seg_cnt 69/288 | scores det_seg 0.4106 det_cnt 0.6001 seg_cnt -2.3570
[stage2] epoch 33/50 step 16 | loss 3.3261 | train det 0.0730 seg 0.1031 cnt 1.4065 | shared_pairs det_seg 95/288 det_cnt 89/288 seg_cnt 87/288 | scores det_seg 2.2780 det_cnt 0.5064 seg_cnt 4.2370
[stage2] epoch 33/50 step 17 | loss 2.8544 | train det 0.0135 seg 0.0587 cnt 2.1820 | shared_pairs det_seg 96/288 det_cnt 76/288 seg_cnt 83/288 | scores det_seg 0.5639 det_cnt -3.0513 seg_cnt -1.8511
[stage2] epoch 33/50 step 18 | loss 1.9356 | train det 0.0262 seg 0.1115 cnt 0.6501 | shared_pairs det_seg 102/288 det_cnt 81/288 seg_cnt 76/288 | scores det_seg -3.4396 det_cnt -9.4333 seg_cnt 3.5473
[stage2] epoch 33/50 step 19 | loss 4.5326 | train det 0.0711 seg 0.0869 cnt 2.7706 | shared_pairs det_seg 96/288 det_cnt 89/288 seg_cnt 78/288 | scores det_seg 2.6088 det_cnt -2.4243 seg_cnt -0.6868
[stage2] epoch 33/50 step 20 | loss 5.7430 | train det 0.0085 seg 0.0876 cnt 4.9149 | shared_pairs det_seg 96/288 det_cnt 97/288 seg_cnt 69/288 | scores det_seg -0.4970 det_cnt -0.0583 seg_cnt -3.3039
[stage2] epoch 33/50 step 21 | loss 2.0305 | train det 0.0149 seg 0.0573 cnt 1.3477 | shared_pairs det_seg 97/288 det_cnt 96/288 seg_cnt 73/288 | scores det_seg 0.0428 det_cnt 2.5454 seg_cnt -3.3976
[stage2] epoch 33/50 step 22 | loss 2.3982 | train det 0.0350 seg 0.0980 cnt 1.0888 | shared_pairs det_seg 96/288 det_cnt 103/288 seg_cnt 70/288 | scores det_seg 1.8283 det_cnt 6.5268 seg_cnt 2.5994
[stage2] epoch 33/50 | train 3.3020 | det 0.0424 seg 0.0901 cnt 1.9457 | selected_by_matrix_unit det_seg 2118 det_cnt 2081 seg_cnt 1597
[stage2] epoch 33 | val det 0.5095 seg 0.9222 miou 0.6586 cnt 3.3225 dens 8.285542e-01 mae 2.4939 total_mae 11.5340 | ap50 0.6601 | combo 1.719617
[stage2] epoch 34/50 step 1 | loss 3.0521 | train det 0.0342 seg 0.0768 cnt 1.9244 | shared_pairs det_seg 82/288 det_cnt 95/288 seg_cnt 88/288 | scores det_seg -1.0208 det_cnt 0.9238 seg_cnt 4.7999
[stage2] epoch 34/50 step 2 | loss 2.0442 | train det 0.0094 seg 0.0996 cnt 1.1063 | shared_pairs det_seg 82/288 det_cnt 92/288 seg_cnt 94/288 | scores det_seg -3.4874 det_cnt -3.4031 seg_cnt 1.3827
[stage2] epoch 34/50 step 3 | loss 1.9453 | train det 0.0126 seg 0.0871 cnt 1.0593 | shared_pairs det_seg 88/288 det_cnt 103/288 seg_cnt 71/288 | scores det_seg 4.3986 det_cnt 3.3456 seg_cnt -1.7770
[stage2] epoch 34/50 step 4 | loss 3.2400 | train det 0.0451 seg 0.1010 cnt 1.7556 | shared_pairs det_seg 97/288 det_cnt 84/288 seg_cnt 90/288 | scores det_seg 3.3690 det_cnt -3.8529 seg_cnt -0.9067
[stage2] epoch 34/50 step 5 | loss 1.5423 | train det 0.0187 seg 0.0542 cnt 0.8285 | shared_pairs det_seg 104/288 det_cnt 92/288 seg_cnt 68/288 | scores det_seg 0.5612 det_cnt -0.2691 seg_cnt -2.8868
[stage2] epoch 34/50 step 6 | loss 2.4082 | train det 0.0126 seg 0.0682 cnt 1.6730 | shared_pairs det_seg 96/288 det_cnt 107/288 seg_cnt 66/288 | scores det_seg 0.0654 det_cnt 6.1119 seg_cnt -3.7408
[stage2] epoch 34/50 step 7 | loss 2.0039 | train det 0.0181 seg 0.0749 cnt 1.1330 | shared_pairs det_seg 95/288 det_cnt 86/288 seg_cnt 72/288 | scores det_seg -2.7319 det_cnt -4.4192 seg_cnt -0.7731
[stage2] epoch 34/50 step 8 | loss 3.1913 | train det 0.0125 seg 0.0848 cnt 2.3251 | shared_pairs det_seg 89/288 det_cnt 101/288 seg_cnt 76/288 | scores det_seg -4.1630 det_cnt 0.3970 seg_cnt -3.5852
[stage2] epoch 34/50 step 9 | loss 3.0557 | train det 0.0293 seg 0.1503 cnt 1.4141 | shared_pairs det_seg 97/288 det_cnt 87/288 seg_cnt 78/288 | scores det_seg 0.0829 det_cnt 1.6876 seg_cnt -2.4320
[stage2] epoch 34/50 step 10 | loss 3.2846 | train det 0.0404 seg 0.0746 cnt 2.0821 | shared_pairs det_seg 88/288 det_cnt 98/288 seg_cnt 85/288 | scores det_seg -0.5702 det_cnt 2.5068 seg_cnt 0.3845
[stage2] epoch 34/50 step 11 | loss 2.9173 | train det 0.0363 seg 0.1168 cnt 1.4376 | shared_pairs det_seg 100/288 det_cnt 111/288 seg_cnt 66/288 | scores det_seg 3.1415 det_cnt 6.2114 seg_cnt -0.4438
[stage2] epoch 34/50 step 12 | loss 2.8630 | train det 0.0584 seg 0.0899 cnt 1.2673 | shared_pairs det_seg 93/288 det_cnt 97/288 seg_cnt 71/288 | scores det_seg -0.6762 det_cnt -1.4099 seg_cnt -3.1990
[stage2] epoch 34/50 step 13 | loss 3.0761 | train det 0.0265 seg 0.1063 cnt 1.8282 | shared_pairs det_seg 90/288 det_cnt 107/288 seg_cnt 66/288 | scores det_seg -3.1214 det_cnt 2.8884 seg_cnt -2.6281
[stage2] epoch 34/50 step 14 | loss 4.9826 | train det 0.2012 seg 0.0850 cnt 1.2843 | shared_pairs det_seg 78/288 det_cnt 112/288 seg_cnt 71/288 | scores det_seg -2.3208 det_cnt 7.0324 seg_cnt -3.2961
[stage2] epoch 34/50 step 15 | loss 2.2269 | train det 0.0303 seg 0.0761 cnt 1.1633 | shared_pairs det_seg 112/288 det_cnt 103/288 seg_cnt 50/288 | scores det_seg -0.4711 det_cnt -2.6762 seg_cnt -6.6516
[stage2] epoch 34/50 step 16 | loss 2.7437 | train det 0.0153 seg 0.0760 cnt 1.9070 | shared_pairs det_seg 83/288 det_cnt 94/288 seg_cnt 82/288 | scores det_seg -2.5420 det_cnt 2.1668 seg_cnt -2.4440
[stage2] epoch 34/50 step 17 | loss 1.4949 | train det 0.0296 seg 0.0379 cnt 0.7476 | shared_pairs det_seg 98/288 det_cnt 100/288 seg_cnt 63/288 | scores det_seg -1.6454 det_cnt 3.3447 seg_cnt -4.1463
[stage2] epoch 34/50 step 18 | loss 3.2129 | train det 0.0353 seg 0.1094 cnt 1.8077 | shared_pairs det_seg 82/288 det_cnt 108/288 seg_cnt 79/288 | scores det_seg -1.3859 det_cnt 2.6414 seg_cnt 4.4900
[stage2] epoch 34/50 step 19 | loss 3.1072 | train det 0.0322 seg 0.1912 cnt 1.0956 | shared_pairs det_seg 92/288 det_cnt 106/288 seg_cnt 65/288 | scores det_seg -6.2347 det_cnt 1.9191 seg_cnt -2.5070
[stage2] epoch 34/50 step 20 | loss 3.4614 | train det 0.0092 seg 0.0853 cnt 2.6417 | shared_pairs det_seg 81/288 det_cnt 89/288 seg_cnt 93/288 | scores det_seg -4.1783 det_cnt -3.2848 seg_cnt -3.0493
[stage2] epoch 34/50 step 21 | loss 2.4250 | train det 0.0151 seg 0.0813 cnt 1.5481 | shared_pairs det_seg 89/288 det_cnt 104/288 seg_cnt 67/288 | scores det_seg -2.9712 det_cnt 0.3780 seg_cnt -1.3387
[stage2] epoch 34/50 step 22 | loss 3.7816 | train det 0.0472 seg 0.1151 cnt 2.1528 | shared_pairs det_seg 95/288 det_cnt 115/288 seg_cnt 62/288 | scores det_seg 0.6977 det_cnt 4.6488 seg_cnt -0.3111
[stage2] epoch 34/50 | train 2.8209 | det 0.0350 seg 0.0928 cnt 1.5538 | selected_by_matrix_unit det_seg 2011 det_cnt 2191 seg_cnt 1623
[stage2] epoch 34 | val det 0.5156 seg 0.9314 miou 0.6575 cnt 3.2922 dens 8.270571e-01 mae 2.4651 total_mae 11.3538 | ap50 0.6601 | combo 1.723314
[stage2] epoch 35/50 step 1 | loss 2.4061 | train det 0.0438 seg 0.0895 cnt 1.0336 | shared_pairs det_seg 78/288 det_cnt 101/288 seg_cnt 88/288 | scores det_seg -3.1088 det_cnt 3.9560 seg_cnt 2.9405
[stage2] epoch 35/50 step 2 | loss 2.8057 | train det 0.0215 seg 0.1189 cnt 1.5323 | shared_pairs det_seg 72/288 det_cnt 113/288 seg_cnt 86/288 | scores det_seg -2.1727 det_cnt 5.0679 seg_cnt 1.5552
[stage2] epoch 35/50 step 3 | loss 4.1337 | train det 0.0571 seg 0.0900 cnt 2.5563 | shared_pairs det_seg 97/288 det_cnt 94/288 seg_cnt 71/288 | scores det_seg -2.4747 det_cnt -2.0712 seg_cnt -3.3432
[stage2] epoch 35/50 step 4 | loss 3.2786 | train det 0.0201 seg 0.0923 cnt 2.2388 | shared_pairs det_seg 99/288 det_cnt 99/288 seg_cnt 70/288 | scores det_seg 3.0034 det_cnt -0.1405 seg_cnt -0.9617
[stage2] epoch 35/50 step 5 | loss 2.7672 | train det 0.0328 seg 0.1012 cnt 1.4654 | shared_pairs det_seg 94/288 det_cnt 92/288 seg_cnt 65/288 | scores det_seg 1.4825 det_cnt -1.6920 seg_cnt 0.2866
[stage2] epoch 35/50 step 6 | loss 3.0790 | train det 0.0492 seg 0.1111 cnt 1.4528 | shared_pairs det_seg 98/288 det_cnt 100/288 seg_cnt 64/288 | scores det_seg 0.3574 det_cnt 3.4552 seg_cnt -0.9421
[stage2] epoch 35/50 step 7 | loss 2.4574 | train det 0.0674 seg 0.0734 cnt 0.8589 | shared_pairs det_seg 103/288 det_cnt 69/288 seg_cnt 95/288 | scores det_seg 1.5207 det_cnt -3.4726 seg_cnt 5.5880
[stage2] epoch 35/50 step 8 | loss 4.4009 | train det 0.0420 seg 0.1146 cnt 2.8538 | shared_pairs det_seg 106/288 det_cnt 76/288 seg_cnt 84/288 | scores det_seg 4.0664 det_cnt -2.3088 seg_cnt 1.5646
[stage2] epoch 35/50 step 9 | loss 3.1132 | train det 0.0272 seg 0.1087 cnt 1.8357 | shared_pairs det_seg 85/288 det_cnt 90/288 seg_cnt 85/288 | scores det_seg -1.3630 det_cnt -0.8457 seg_cnt 2.1521
[stage2] epoch 35/50 step 10 | loss 2.1745 | train det 0.0185 seg 0.1057 cnt 1.0506 | shared_pairs det_seg 86/288 det_cnt 95/288 seg_cnt 82/288 | scores det_seg 0.0427 det_cnt -1.1250 seg_cnt -2.0536
[stage2] epoch 35/50 step 11 | loss 2.4428 | train det 0.0306 seg 0.1054 cnt 1.1402 | shared_pairs det_seg 101/288 det_cnt 85/288 seg_cnt 86/288 | scores det_seg 5.6757 det_cnt 1.4754 seg_cnt 4.2886
[stage2] epoch 35/50 step 12 | loss 2.0348 | train det 0.0249 seg 0.0626 cnt 1.1598 | shared_pairs det_seg 92/288 det_cnt 87/288 seg_cnt 90/288 | scores det_seg -0.0687 det_cnt -0.3175 seg_cnt 2.6342
[stage2] epoch 35/50 step 13 | loss 3.1526 | train det 0.0856 seg 0.1011 cnt 1.0599 | shared_pairs det_seg 103/288 det_cnt 95/288 seg_cnt 70/288 | scores det_seg -1.2571 det_cnt -0.9956 seg_cnt -2.6988
[stage2] epoch 35/50 step 14 | loss 2.5315 | train det 0.0212 seg 0.1096 cnt 1.3368 | shared_pairs det_seg 73/288 det_cnt 125/288 seg_cnt 71/288 | scores det_seg -4.1256 det_cnt 6.7980 seg_cnt -3.2017
[stage2] epoch 35/50 step 15 | loss 5.4146 | train det 0.1388 seg 0.0743 cnt 2.7378 | shared_pairs det_seg 87/288 det_cnt 109/288 seg_cnt 68/288 | scores det_seg -2.9573 det_cnt 7.8720 seg_cnt -4.4856
[stage2] epoch 35/50 step 16 | loss 3.4323 | train det 0.0280 seg 0.1069 cnt 2.1573 | shared_pairs det_seg 82/288 det_cnt 96/288 seg_cnt 91/288 | scores det_seg -2.2271 det_cnt 3.1197 seg_cnt 2.3120
[stage2] epoch 35/50 step 17 | loss 2.1649 | train det 0.0242 seg 0.0591 cnt 1.3289 | shared_pairs det_seg 94/288 det_cnt 86/288 seg_cnt 76/288 | scores det_seg -2.7826 det_cnt -4.5563 seg_cnt 2.0120
[stage2] epoch 35/50 step 18 | loss 3.2945 | train det 0.0555 seg 0.1147 cnt 1.5444 | shared_pairs det_seg 86/288 det_cnt 111/288 seg_cnt 65/288 | scores det_seg -3.9985 det_cnt 2.0413 seg_cnt -6.1791
[stage2] epoch 35/50 step 19 | loss 2.1746 | train det 0.0442 seg 0.0822 cnt 0.8542 | shared_pairs det_seg 80/288 det_cnt 119/288 seg_cnt 66/288 | scores det_seg -1.4706 det_cnt 4.7482 seg_cnt -2.3022
[stage2] epoch 35/50 step 20 | loss 3.9635 | train det 0.0288 seg 0.0995 cnt 2.7359 | shared_pairs det_seg 99/288 det_cnt 72/288 seg_cnt 96/288 | scores det_seg -3.2938 det_cnt -6.5076 seg_cnt 4.2772
[stage2] epoch 35/50 step 21 | loss 3.3422 | train det 0.0494 seg 0.0636 cnt 2.0923 | shared_pairs det_seg 84/288 det_cnt 97/288 seg_cnt 74/288 | scores det_seg -2.5843 det_cnt 2.0619 seg_cnt -3.2769
[stage2] epoch 35/50 step 22 | loss 2.2112 | train det 0.0204 seg 0.0994 cnt 1.1098 | shared_pairs det_seg 100/288 det_cnt 87/288 seg_cnt 84/288 | scores det_seg -1.7025 det_cnt -1.1271 seg_cnt 0.8333
[stage2] epoch 35/50 | train 3.0353 | det 0.0423 seg 0.0947 cnt 1.6425 | selected_by_matrix_unit det_seg 1999 det_cnt 2098 seg_cnt 1727
[stage2] epoch 35 | val det 0.5212 seg 0.9278 miou 0.6577 cnt 3.2944 dens 8.267177e-01 mae 2.4677 total_mae 11.3882 | ap50 0.6599 | combo 1.722817
[stage2] epoch 36/50 step 1 | loss 1.9883 | train det 0.0287 seg 0.0944 cnt 0.8024 | shared_pairs det_seg 93/288 det_cnt 99/288 seg_cnt 71/288 | scores det_seg -1.6119 det_cnt -1.4861 seg_cnt -2.7138
[stage2] epoch 36/50 step 2 | loss 2.2763 | train det 0.0220 seg 0.1156 cnt 1.0220 | shared_pairs det_seg 100/288 det_cnt 83/288 seg_cnt 84/288 | scores det_seg 3.4109 det_cnt -3.3464 seg_cnt 2.0245
[stage2] epoch 36/50 step 3 | loss 3.1245 | train det 0.0587 seg 0.0861 cnt 1.5546 | shared_pairs det_seg 77/288 det_cnt 96/288 seg_cnt 88/288 | scores det_seg -3.6911 det_cnt 0.2147 seg_cnt 2.1326
[stage2] epoch 36/50 step 4 | loss 3.2062 | train det 0.0508 seg 0.1151 cnt 1.5231 | shared_pairs det_seg 85/288 det_cnt 86/288 seg_cnt 91/288 | scores det_seg -5.0292 det_cnt -1.4800 seg_cnt 4.0370
[stage2] epoch 36/50 step 5 | loss 3.7036 | train det 0.0606 seg 0.0934 cnt 2.0469 | shared_pairs det_seg 101/288 det_cnt 88/288 seg_cnt 74/288 | scores det_seg -3.4186 det_cnt -0.5094 seg_cnt -3.6172
[stage2] epoch 36/50 step 6 | loss 2.6778 | train det 0.0458 seg 0.1098 cnt 1.1122 | shared_pairs det_seg 85/288 det_cnt 85/288 seg_cnt 92/288 | scores det_seg -1.6632 det_cnt -3.2965 seg_cnt 0.2432
[stage2] epoch 36/50 step 7 | loss 1.4919 | train det 0.0252 seg 0.0585 cnt 0.6468 | shared_pairs det_seg 112/288 det_cnt 76/288 seg_cnt 85/288 | scores det_seg 4.2677 det_cnt -2.8457 seg_cnt 3.4689
[stage2] epoch 36/50 step 8 | loss 3.0946 | train det 0.0933 seg 0.0979 cnt 0.9120 | shared_pairs det_seg 95/288 det_cnt 97/288 seg_cnt 72/288 | scores det_seg 1.0025 det_cnt 5.2342 seg_cnt 0.8713
[stage2] epoch 36/50 step 9 | loss 2.3830 | train det 0.0251 seg 0.1119 cnt 1.1106 | shared_pairs det_seg 99/288 det_cnt 99/288 seg_cnt 75/288 | scores det_seg -1.1399 det_cnt -1.3228 seg_cnt 0.8344
[stage2] epoch 36/50 step 10 | loss 2.3338 | train det 0.0249 seg 0.0832 cnt 1.2948 | shared_pairs det_seg 95/288 det_cnt 88/288 seg_cnt 74/288 | scores det_seg -0.3565 det_cnt -3.7778 seg_cnt -1.6265
[stage2] epoch 36/50 step 11 | loss 2.3593 | train det 0.0188 seg 0.1072 cnt 1.2202 | shared_pairs det_seg 90/288 det_cnt 102/288 seg_cnt 71/288 | scores det_seg -0.2242 det_cnt -1.2721 seg_cnt -1.7601
[stage2] epoch 36/50 step 12 | loss 4.4491 | train det 0.0607 seg 0.0728 cnt 2.9565 | shared_pairs det_seg 109/288 det_cnt 75/288 seg_cnt 76/288 | scores det_seg 4.1152 det_cnt -2.6587 seg_cnt 1.3830
[stage2] epoch 36/50 step 13 | loss 1.8761 | train det 0.0244 seg 0.0869 cnt 0.8148 | shared_pairs det_seg 106/288 det_cnt 87/288 seg_cnt 72/288 | scores det_seg 1.5916 det_cnt -0.8520 seg_cnt -0.7193
[stage2] epoch 36/50 step 14 | loss 2.1052 | train det 0.0122 seg 0.1017 cnt 1.1089 | shared_pairs det_seg 89/288 det_cnt 99/288 seg_cnt 80/288 | scores det_seg 1.3145 det_cnt 2.2402 seg_cnt 4.1185
[stage2] epoch 36/50 step 15 | loss 2.6189 | train det 0.0159 seg 0.0859 cnt 1.6937 | shared_pairs det_seg 107/288 det_cnt 81/288 seg_cnt 71/288 | scores det_seg -1.4253 det_cnt -3.4719 seg_cnt -2.8088
[stage2] epoch 36/50 step 16 | loss 3.2272 | train det 0.0524 seg 0.1146 cnt 1.5238 | shared_pairs det_seg 99/288 det_cnt 85/288 seg_cnt 78/288 | scores det_seg -0.6545 det_cnt -0.5107 seg_cnt -0.2961
[stage2] epoch 36/50 step 17 | loss 3.7446 | train det 0.0898 seg 0.0541 cnt 1.9645 | shared_pairs det_seg 113/288 det_cnt 90/288 seg_cnt 61/288 | scores det_seg 1.2613 det_cnt -0.4260 seg_cnt -3.1066
[stage2] epoch 36/50 step 18 | loss 1.9265 | train det 0.0195 seg 0.0608 cnt 1.1477 | shared_pairs det_seg 96/288 det_cnt 96/288 seg_cnt 70/288 | scores det_seg -0.6569 det_cnt -0.4092 seg_cnt -3.4090
[stage2] epoch 36/50 step 19 | loss 1.6749 | train det 0.0278 seg 0.0841 cnt 0.5859 | shared_pairs det_seg 94/288 det_cnt 91/288 seg_cnt 83/288 | scores det_seg 1.1998 det_cnt 0.5892 seg_cnt 2.4454
[stage2] epoch 36/50 step 20 | loss 1.9516 | train det 0.0231 seg 0.0806 cnt 0.9600 | shared_pairs det_seg 97/288 det_cnt 98/288 seg_cnt 60/288 | scores det_seg -4.8093 det_cnt 1.3097 seg_cnt -2.2214
[stage2] epoch 36/50 step 21 | loss 3.1657 | train det 0.0699 seg 0.1244 cnt 1.1215 | shared_pairs det_seg 106/288 det_cnt 89/288 seg_cnt 66/288 | scores det_seg 2.3844 det_cnt -5.7298 seg_cnt -5.0408
[stage2] epoch 36/50 step 22 | loss 2.4310 | train det 0.0597 seg 0.0463 cnt 1.1659 | shared_pairs det_seg 112/288 det_cnt 101/288 seg_cnt 54/288 | scores det_seg 3.3564 det_cnt 5.6370 seg_cnt -2.0644
[stage2] epoch 36/50 | train 2.6277 | det 0.0413 seg 0.0902 cnt 1.2859 | selected_by_matrix_unit det_seg 2160 det_cnt 1991 seg_cnt 1648
[stage2] epoch 36 | val det 0.5217 seg 0.9333 miou 0.6577 cnt 3.2990 dens 8.264022e-01 mae 2.4726 total_mae 11.4077 | ap50 0.6595 | combo 1.721625
[stage2] epoch 37/50 step 1 | loss 1.3789 | train det 0.0303 seg 0.0598 cnt 0.4449 | shared_pairs det_seg 80/288 det_cnt 79/288 seg_cnt 100/288 | scores det_seg -4.7822 det_cnt -7.4776 seg_cnt 4.0008
[stage2] epoch 37/50 step 2 | loss 1.4280 | train det 0.0172 seg 0.0679 cnt 0.6276 | shared_pairs det_seg 103/288 det_cnt 93/288 seg_cnt 68/288 | scores det_seg 2.0346 det_cnt 1.1612 seg_cnt -3.0890
[stage2] epoch 37/50 step 3 | loss 3.5472 | train det 0.0132 seg 0.0966 cnt 2.5759 | shared_pairs det_seg 107/288 det_cnt 78/288 seg_cnt 77/288 | scores det_seg 0.9882 det_cnt -0.1858 seg_cnt -0.9388
[stage2] epoch 37/50 step 4 | loss 3.2616 | train det 0.0173 seg 0.1368 cnt 1.9079 | shared_pairs det_seg 91/288 det_cnt 97/288 seg_cnt 77/288 | scores det_seg -1.8222 det_cnt 0.7402 seg_cnt 1.5878
[stage2] epoch 37/50 step 5 | loss 1.8613 | train det 0.0370 seg 0.0630 cnt 0.8023 | shared_pairs det_seg 83/288 det_cnt 111/288 seg_cnt 73/288 | scores det_seg -0.1941 det_cnt 6.3691 seg_cnt 2.9687
[stage2] epoch 37/50 step 6 | loss 2.4675 | train det 0.0659 seg 0.0635 cnt 0.9711 | shared_pairs det_seg 88/288 det_cnt 92/288 seg_cnt 72/288 | scores det_seg 1.2580 det_cnt -4.8346 seg_cnt -2.1422
[stage2] epoch 37/50 step 7 | loss 3.8894 | train det 0.0357 seg 0.1310 cnt 2.3061 | shared_pairs det_seg 94/288 det_cnt 86/288 seg_cnt 91/288 | scores det_seg -0.8450 det_cnt -1.8488 seg_cnt 7.1564
[stage2] epoch 37/50 step 8 | loss 2.9702 | train det 0.0564 seg 0.1229 cnt 1.1411 | shared_pairs det_seg 93/288 det_cnt 92/288 seg_cnt 85/288 | scores det_seg -1.7920 det_cnt 2.8078 seg_cnt 2.4477
[stage2] epoch 37/50 step 9 | loss 2.7616 | train det 0.0154 seg 0.1244 cnt 1.5352 | shared_pairs det_seg 88/288 det_cnt 80/288 seg_cnt 90/288 | scores det_seg -0.9956 det_cnt -2.5402 seg_cnt 1.6579
[stage2] epoch 37/50 step 10 | loss 2.0826 | train det 0.0228 seg 0.0824 cnt 1.0823 | shared_pairs det_seg 89/288 det_cnt 97/288 seg_cnt 74/288 | scores det_seg -1.5971 det_cnt -2.1247 seg_cnt 2.5369
[stage2] epoch 37/50 step 11 | loss 3.4412 | train det 0.0706 seg 0.0753 cnt 1.7805 | shared_pairs det_seg 90/288 det_cnt 90/288 seg_cnt 76/288 | scores det_seg -1.7611 det_cnt -2.8898 seg_cnt 0.2018
[stage2] epoch 37/50 step 12 | loss 2.4205 | train det 0.0462 seg 0.0638 cnt 1.2178 | shared_pairs det_seg 103/288 det_cnt 76/288 seg_cnt 77/288 | scores det_seg -0.9253 det_cnt -3.2880 seg_cnt -0.9297
[stage2] epoch 37/50 step 13 | loss 3.7842 | train det 0.1681 seg 0.1107 cnt 0.3776 | shared_pairs det_seg 98/288 det_cnt 80/288 seg_cnt 84/288 | scores det_seg -0.8740 det_cnt -3.2322 seg_cnt -3.4573
[stage2] epoch 37/50 step 14 | loss 1.6461 | train det 0.0110 seg 0.0854 cnt 0.7981 | shared_pairs det_seg 106/288 det_cnt 81/288 seg_cnt 76/288 | scores det_seg 2.6589 det_cnt -5.8876 seg_cnt -0.6012
[stage2] epoch 37/50 step 15 | loss 4.4215 | train det 0.0817 seg 0.0808 cnt 2.5495 | shared_pairs det_seg 118/288 det_cnt 82/288 seg_cnt 68/288 | scores det_seg 3.9009 det_cnt -2.3153 seg_cnt -1.4130
[stage2] epoch 37/50 step 16 | loss 3.1403 | train det 0.0289 seg 0.1051 cnt 1.8662 | shared_pairs det_seg 106/288 det_cnt 94/288 seg_cnt 62/288 | scores det_seg -0.3180 det_cnt 0.6612 seg_cnt -2.5184
[stage2] epoch 37/50 step 17 | loss 1.7304 | train det 0.0191 seg 0.0859 cnt 0.7563 | shared_pairs det_seg 108/288 det_cnt 80/288 seg_cnt 73/288 | scores det_seg 3.2960 det_cnt -0.5419 seg_cnt -0.2743
[stage2] epoch 37/50 step 18 | loss 1.9431 | train det 0.0170 seg 0.0832 cnt 1.0219 | shared_pairs det_seg 103/288 det_cnt 101/288 seg_cnt 58/288 | scores det_seg 0.5027 det_cnt -1.5488 seg_cnt -5.2197
[stage2] epoch 37/50 step 19 | loss 3.3063 | train det 0.0284 seg 0.0764 cnt 2.2681 | shared_pairs det_seg 84/288 det_cnt 112/288 seg_cnt 76/288 | scores det_seg -1.2397 det_cnt 4.0458 seg_cnt 0.7121
[stage2] epoch 37/50 step 20 | loss 2.4673 | train det 0.0239 seg 0.1033 cnt 1.2830 | shared_pairs det_seg 94/288 det_cnt 86/288 seg_cnt 75/288 | scores det_seg 0.0099 det_cnt -1.0338 seg_cnt -0.5022
[stage2] epoch 37/50 step 21 | loss 2.5874 | train det 0.0165 seg 0.1178 cnt 1.3974 | shared_pairs det_seg 117/288 det_cnt 81/288 seg_cnt 68/288 | scores det_seg 5.4359 det_cnt -3.8365 seg_cnt -2.6770
[stage2] epoch 37/50 step 22 | loss 2.6108 | train det 0.0178 seg 0.1248 cnt 1.3455 | shared_pairs det_seg 89/288 det_cnt 93/288 seg_cnt 82/288 | scores det_seg -0.5404 det_cnt -2.5998 seg_cnt 1.3602
[stage2] epoch 37/50 | train 2.6885 | det 0.0382 seg 0.0937 cnt 1.3662 | selected_by_matrix_unit det_seg 2132 det_cnt 1961 seg_cnt 1682
[stage2] epoch 37 | val det 0.5183 seg 0.9387 miou 0.6599 cnt 3.3084 dens 8.276812e-01 mae 2.4807 total_mae 11.5474 | ap50 0.6599 | combo 1.722922
[stage2] epoch 38/50 step 1 | loss 3.0167 | train det 0.0730 seg 0.0694 cnt 1.3670 | shared_pairs det_seg 95/288 det_cnt 115/288 seg_cnt 62/288 | scores det_seg 0.1768 det_cnt 7.7830 seg_cnt -1.9882
[stage2] epoch 38/50 step 2 | loss 1.8597 | train det 0.0297 seg 0.0649 cnt 0.8952 | shared_pairs det_seg 97/288 det_cnt 99/288 seg_cnt 69/288 | scores det_seg 0.5929 det_cnt 0.9889 seg_cnt 1.0926
[stage2] epoch 38/50 step 3 | loss 4.1873 | train det 0.0614 seg 0.0674 cnt 2.7275 | shared_pairs det_seg 86/288 det_cnt 87/288 seg_cnt 80/288 | scores det_seg -2.6833 det_cnt 5.6265 seg_cnt 1.1784
[stage2] epoch 38/50 step 4 | loss 1.7638 | train det 0.0222 seg 0.0911 cnt 0.7014 | shared_pairs det_seg 90/288 det_cnt 93/288 seg_cnt 79/288 | scores det_seg -2.0725 det_cnt -1.6081 seg_cnt -3.8180
[stage2] epoch 38/50 step 5 | loss 3.3323 | train det 0.0537 seg 0.0742 cnt 1.9328 | shared_pairs det_seg 88/288 det_cnt 95/288 seg_cnt 74/288 | scores det_seg -2.5578 det_cnt 1.4445 seg_cnt 1.0505
[stage2] epoch 38/50 step 6 | loss 2.0609 | train det 0.0200 seg 0.0866 cnt 1.0676 | shared_pairs det_seg 92/288 det_cnt 101/288 seg_cnt 65/288 | scores det_seg 2.5288 det_cnt 5.4284 seg_cnt 0.6538
[stage2] epoch 38/50 step 7 | loss 1.9113 | train det 0.0241 seg 0.0404 cnt 1.2274 | shared_pairs det_seg 102/288 det_cnt 90/288 seg_cnt 62/288 | scores det_seg -2.0301 det_cnt 1.3545 seg_cnt -0.8074
[stage2] epoch 38/50 step 8 | loss 3.8143 | train det 0.0128 seg 0.1071 cnt 2.7653 | shared_pairs det_seg 106/288 det_cnt 105/288 seg_cnt 55/288 | scores det_seg -0.6891 det_cnt 0.4438 seg_cnt -2.4883
[stage2] epoch 38/50 step 9 | loss 3.2931 | train det 0.0682 seg 0.0882 cnt 1.5642 | shared_pairs det_seg 93/288 det_cnt 99/288 seg_cnt 66/288 | scores det_seg 1.2164 det_cnt 2.8908 seg_cnt -0.9138
[stage2] epoch 38/50 step 10 | loss 3.0442 | train det 0.0658 seg 0.0949 cnt 1.2978 | shared_pairs det_seg 81/288 det_cnt 93/288 seg_cnt 90/288 | scores det_seg -4.2111 det_cnt 0.5221 seg_cnt -0.2515
[stage2] epoch 38/50 step 11 | loss 2.2812 | train det 0.0366 seg 0.0539 cnt 1.3019 | shared_pairs det_seg 112/288 det_cnt 77/288 seg_cnt 81/288 | scores det_seg 2.7965 det_cnt -2.0215 seg_cnt 1.1675
[stage2] epoch 38/50 step 12 | loss 2.8667 | train det 0.0472 seg 0.0986 cnt 1.3698 | shared_pairs det_seg 107/288 det_cnt 88/288 seg_cnt 72/288 | scores det_seg 1.0307 det_cnt 1.2973 seg_cnt 2.1952
[stage2] epoch 38/50 step 13 | loss 2.9322 | train det 0.0409 seg 0.1285 cnt 1.2904 | shared_pairs det_seg 84/288 det_cnt 105/288 seg_cnt 79/288 | scores det_seg -0.4666 det_cnt 6.2187 seg_cnt 2.3779
[stage2] epoch 38/50 step 14 | loss 1.7596 | train det 0.0280 seg 0.0708 cnt 0.7733 | shared_pairs det_seg 107/288 det_cnt 90/288 seg_cnt 68/288 | scores det_seg -0.4211 det_cnt -1.4372 seg_cnt -3.3149
[stage2] epoch 38/50 step 15 | loss 3.4502 | train det 0.0278 seg 0.0764 cnt 2.4220 | shared_pairs det_seg 96/288 det_cnt 89/288 seg_cnt 80/288 | scores det_seg 1.7873 det_cnt -0.8236 seg_cnt -2.6319
[stage2] epoch 38/50 step 16 | loss 2.2166 | train det 0.0349 seg 0.1365 cnt 0.6015 | shared_pairs det_seg 104/288 det_cnt 76/288 seg_cnt 96/288 | scores det_seg 2.4860 det_cnt -5.9522 seg_cnt 6.2906
[stage2] epoch 38/50 step 17 | loss 2.9804 | train det 0.0225 seg 0.1239 cnt 1.6513 | shared_pairs det_seg 97/288 det_cnt 112/288 seg_cnt 64/288 | scores det_seg 2.3486 det_cnt 4.8508 seg_cnt -1.1634
[stage2] epoch 38/50 step 18 | loss 2.4661 | train det 0.0219 seg 0.1287 cnt 1.1083 | shared_pairs det_seg 103/288 det_cnt 96/288 seg_cnt 69/288 | scores det_seg 2.0177 det_cnt 2.6159 seg_cnt -1.4639
[stage2] epoch 38/50 step 19 | loss 2.9012 | train det 0.0709 seg 0.0801 cnt 1.1971 | shared_pairs det_seg 105/288 det_cnt 83/288 seg_cnt 73/288 | scores det_seg 2.4080 det_cnt -4.3670 seg_cnt -1.1272
[stage2] epoch 38/50 step 20 | loss 4.0351 | train det 0.0296 seg 0.1247 cnt 2.5942 | shared_pairs det_seg 97/288 det_cnt 85/288 seg_cnt 77/288 | scores det_seg 0.6471 det_cnt -3.7446 seg_cnt 1.0058
[stage2] epoch 38/50 step 21 | loss 3.1084 | train det 0.0682 seg 0.0949 cnt 1.3269 | shared_pairs det_seg 100/288 det_cnt 81/288 seg_cnt 81/288 | scores det_seg -1.5271 det_cnt -5.4170 seg_cnt 2.0044
[stage2] epoch 38/50 step 22 | loss 2.2125 | train det 0.0157 seg 0.0878 cnt 1.2743 | shared_pairs det_seg 102/288 det_cnt 100/288 seg_cnt 67/288 | scores det_seg -1.8011 det_cnt 3.5267 seg_cnt -0.7969
[stage2] epoch 38/50 | train 2.7952 | det 0.0398 seg 0.0904 cnt 1.4753 | selected_by_matrix_unit det_seg 2144 det_cnt 2059 seg_cnt 1609
[stage2] epoch 38 | val det 0.5170 seg 0.9340 miou 0.6597 cnt 3.3224 dens 8.277872e-01 mae 2.4946 total_mae 11.4820 | ap50 0.6578 | combo 1.718394
[stage2] epoch 39/50 step 1 | loss 2.7565 | train det 0.0926 seg 0.0821 cnt 0.7118 | shared_pairs det_seg 107/288 det_cnt 89/288 seg_cnt 73/288 | scores det_seg 1.2822 det_cnt 0.4974 seg_cnt 2.5514
[stage2] epoch 39/50 step 2 | loss 3.6242 | train det 0.0227 seg 0.1064 cnt 2.4322 | shared_pairs det_seg 105/288 det_cnt 87/288 seg_cnt 71/288 | scores det_seg 2.3103 det_cnt -1.7407 seg_cnt -0.6777
[stage2] epoch 39/50 step 3 | loss 2.3818 | train det 0.0248 seg 0.0554 cnt 1.5666 | shared_pairs det_seg 99/288 det_cnt 91/288 seg_cnt 75/288 | scores det_seg 2.9911 det_cnt 0.9855 seg_cnt 3.0606
[stage2] epoch 39/50 step 4 | loss 3.0761 | train det 0.0210 seg 0.0583 cnt 2.2948 | shared_pairs det_seg 96/288 det_cnt 92/288 seg_cnt 83/288 | scores det_seg 3.1253 det_cnt 1.2460 seg_cnt 2.6107
[stage2] epoch 39/50 step 5 | loss 3.5113 | train det 0.0542 seg 0.0443 cnt 2.3450 | shared_pairs det_seg 93/288 det_cnt 104/288 seg_cnt 78/288 | scores det_seg 0.0644 det_cnt 3.2914 seg_cnt -2.6139
[stage2] epoch 39/50 step 6 | loss 4.0602 | train det 0.0258 seg 0.0791 cnt 3.0393 | shared_pairs det_seg 101/288 det_cnt 87/288 seg_cnt 71/288 | scores det_seg -0.7335 det_cnt -1.0886 seg_cnt -0.5004
[stage2] epoch 39/50 step 7 | loss 2.1576 | train det 0.0405 seg 0.0596 cnt 1.0740 | shared_pairs det_seg 111/288 det_cnt 91/288 seg_cnt 59/288 | scores det_seg 0.0396 det_cnt -0.1053 seg_cnt -5.8347
[stage2] epoch 39/50 step 8 | loss 3.6073 | train det 0.0374 seg 0.0537 cnt 2.6163 | shared_pairs det_seg 100/288 det_cnt 90/288 seg_cnt 84/288 | scores det_seg 1.2083 det_cnt -0.2158 seg_cnt 2.8983
[stage2] epoch 39/50 step 9 | loss 2.8624 | train det 0.0348 seg 0.0901 cnt 1.6194 | shared_pairs det_seg 89/288 det_cnt 108/288 seg_cnt 70/288 | scores det_seg -2.6855 det_cnt 5.9546 seg_cnt 0.2309
[stage2] epoch 39/50 step 10 | loss 1.9268 | train det 0.0157 seg 0.0524 cnt 1.2728 | shared_pairs det_seg 91/288 det_cnt 92/288 seg_cnt 79/288 | scores det_seg -3.2903 det_cnt -1.5615 seg_cnt -0.8454
[stage2] epoch 39/50 step 11 | loss 5.0996 | train det 0.1356 seg 0.0515 cnt 2.6538 | shared_pairs det_seg 87/288 det_cnt 89/288 seg_cnt 85/288 | scores det_seg -0.7340 det_cnt 3.6117 seg_cnt 2.0685
[stage2] epoch 39/50 step 12 | loss 2.1481 | train det 0.0314 seg 0.0837 cnt 1.0072 | shared_pairs det_seg 96/288 det_cnt 86/288 seg_cnt 77/288 | scores det_seg -0.5671 det_cnt 0.4853 seg_cnt 2.2564
[stage2] epoch 39/50 step 13 | loss 1.8464 | train det 0.0150 seg 0.1069 cnt 0.7657 | shared_pairs det_seg 98/288 det_cnt 85/288 seg_cnt 80/288 | scores det_seg -0.0032 det_cnt -1.0752 seg_cnt 0.9059
[stage2] epoch 39/50 step 14 | loss 6.4684 | train det 0.2061 seg 0.1010 cnt 2.5681 | shared_pairs det_seg 109/288 det_cnt 75/288 seg_cnt 78/288 | scores det_seg 3.1601 det_cnt -2.3794 seg_cnt 0.9957
[stage2] epoch 39/50 step 15 | loss 3.2238 | train det 0.0453 seg 0.0996 cnt 1.7473 | shared_pairs det_seg 90/288 det_cnt 93/288 seg_cnt 80/288 | scores det_seg 0.7739 det_cnt 1.6620 seg_cnt -1.2904
[stage2] epoch 39/50 step 16 | loss 3.5308 | train det 0.0316 seg 0.0853 cnt 2.3749 | shared_pairs det_seg 85/288 det_cnt 105/288 seg_cnt 68/288 | scores det_seg -1.5552 det_cnt 4.7242 seg_cnt 1.7209
[stage2] epoch 39/50 step 17 | loss 3.6200 | train det 0.0314 seg 0.0602 cnt 2.6671 | shared_pairs det_seg 100/288 det_cnt 97/288 seg_cnt 76/288 | scores det_seg -3.7295 det_cnt 3.6910 seg_cnt 0.2827
[stage2] epoch 39/50 step 18 | loss 3.8191 | train det 0.0142 seg 0.0855 cnt 2.9228 | shared_pairs det_seg 97/288 det_cnt 97/288 seg_cnt 77/288 | scores det_seg 4.4217 det_cnt 3.4213 seg_cnt 4.7866
[stage2] epoch 39/50 step 19 | loss 3.9352 | train det 0.0996 seg 0.1666 cnt 1.1089 | shared_pairs det_seg 98/288 det_cnt 88/288 seg_cnt 77/288 | scores det_seg 2.2031 det_cnt 1.7388 seg_cnt 1.9624
[stage2] epoch 39/50 step 20 | loss 3.4733 | train det 0.0215 seg 0.0664 cnt 2.6203 | shared_pairs det_seg 95/288 det_cnt 96/288 seg_cnt 67/288 | scores det_seg -2.7289 det_cnt 1.6824 seg_cnt -3.7912
[stage2] epoch 39/50 step 21 | loss 2.9646 | train det 0.0298 seg 0.1022 cnt 1.7005 | shared_pairs det_seg 84/288 det_cnt 116/288 seg_cnt 68/288 | scores det_seg 0.5698 det_cnt 7.2709 seg_cnt -1.5688
[stage2] epoch 39/50 step 22 | loss 2.1370 | train det 0.0152 seg 0.0616 cnt 1.4153 | shared_pairs det_seg 94/288 det_cnt 119/288 seg_cnt 58/288 | scores det_seg -3.0670 det_cnt 5.0159 seg_cnt 2.1653
[stage2] epoch 39/50 | train 3.2832 | det 0.0476 seg 0.0796 cnt 1.9329 | selected_by_matrix_unit det_seg 2125 det_cnt 2077 seg_cnt 1634
[stage2] epoch 39 | val det 0.5200 seg 0.9425 miou 0.6581 cnt 3.3151 dens 8.272632e-01 mae 2.4879 total_mae 11.5137 | ap50 0.6574 | combo 1.717481
[stage2] epoch 40/50 step 1 | loss 2.5706 | train det 0.0490 seg 0.0793 cnt 1.2007 | shared_pairs det_seg 81/288 det_cnt 98/288 seg_cnt 94/288 | scores det_seg 0.1885 det_cnt 3.1015 seg_cnt 7.9997
[stage2] epoch 40/50 step 2 | loss 2.9793 | train det 0.0377 seg 0.0801 cnt 1.7731 | shared_pairs det_seg 101/288 det_cnt 85/288 seg_cnt 79/288 | scores det_seg -0.2780 det_cnt -1.3666 seg_cnt -0.0822
[stage2] epoch 40/50 step 3 | loss 4.4873 | train det 0.1000 seg 0.1126 cnt 2.0859 | shared_pairs det_seg 102/288 det_cnt 92/288 seg_cnt 76/288 | scores det_seg -1.8402 det_cnt -1.4761 seg_cnt -2.9334
[stage2] epoch 40/50 step 4 | loss 2.9272 | train det 0.0797 seg 0.0764 cnt 1.1198 | shared_pairs det_seg 93/288 det_cnt 89/288 seg_cnt 83/288 | scores det_seg 0.6980 det_cnt 1.8998 seg_cnt 1.0405
[stage2] epoch 40/50 step 5 | loss 2.4900 | train det 0.0290 seg 0.0597 cnt 1.5779 | shared_pairs det_seg 81/288 det_cnt 98/288 seg_cnt 86/288 | scores det_seg -0.8458 det_cnt 3.8398 seg_cnt 4.0644
[stage2] epoch 40/50 step 6 | loss 3.1001 | train det 0.0102 seg 0.0972 cnt 2.1691 | shared_pairs det_seg 106/288 det_cnt 102/288 seg_cnt 62/288 | scores det_seg 1.6363 det_cnt 3.1275 seg_cnt -3.9525
[stage2] epoch 40/50 step 7 | loss 3.3012 | train det 0.0313 seg 0.0884 cnt 2.1249 | shared_pairs det_seg 75/288 det_cnt 124/288 seg_cnt 68/288 | scores det_seg -3.2412 det_cnt 5.3442 seg_cnt 0.1333
[stage2] epoch 40/50 step 8 | loss 2.8950 | train det 0.0289 seg 0.0838 cnt 1.7906 | shared_pairs det_seg 111/288 det_cnt 86/288 seg_cnt 70/288 | scores det_seg 1.3082 det_cnt -2.5793 seg_cnt -3.5001
[stage2] epoch 40/50 step 9 | loss 3.0765 | train det 0.0309 seg 0.0803 cnt 1.9705 | shared_pairs det_seg 102/288 det_cnt 99/288 seg_cnt 61/288 | scores det_seg 0.5957 det_cnt -0.2545 seg_cnt -2.4712
[stage2] epoch 40/50 step 10 | loss 2.8615 | train det 0.0298 seg 0.1364 cnt 1.3234 | shared_pairs det_seg 84/288 det_cnt 118/288 seg_cnt 66/288 | scores det_seg 0.5213 det_cnt 3.4887 seg_cnt -2.0334
[stage2] epoch 40/50 step 11 | loss 1.3587 | train det 0.0156 seg 0.0674 cnt 0.5850 | shared_pairs det_seg 87/288 det_cnt 86/288 seg_cnt 94/288 | scores det_seg 1.7771 det_cnt 0.3766 seg_cnt 4.6827
[stage2] epoch 40/50 step 12 | loss 2.0713 | train det 0.0089 seg 0.0534 cnt 1.5104 | shared_pairs det_seg 90/288 det_cnt 71/288 seg_cnt 105/288 | scores det_seg -2.3214 det_cnt -1.8173 seg_cnt 5.3187
[stage2] epoch 40/50 step 13 | loss 2.1601 | train det 0.0276 seg 0.0653 cnt 1.2233 | shared_pairs det_seg 92/288 det_cnt 90/288 seg_cnt 78/288 | scores det_seg -0.6576 det_cnt 0.1009 seg_cnt -2.0995
[stage2] epoch 40/50 step 14 | loss 3.6155 | train det 0.0274 seg 0.1860 cnt 1.7160 | shared_pairs det_seg 94/288 det_cnt 89/288 seg_cnt 87/288 | scores det_seg -1.2521 det_cnt 1.5995 seg_cnt 5.6868
[stage2] epoch 40/50 step 15 | loss 3.1711 | train det 0.0511 seg 0.0722 cnt 1.8261 | shared_pairs det_seg 99/288 det_cnt 95/288 seg_cnt 68/288 | scores det_seg -1.0468 det_cnt 0.9070 seg_cnt -2.1614
[stage2] epoch 40/50 step 16 | loss 2.0051 | train det 0.0124 seg 0.0927 cnt 1.0768 | shared_pairs det_seg 92/288 det_cnt 98/288 seg_cnt 73/288 | scores det_seg 1.6542 det_cnt -1.2432 seg_cnt 0.2641
[stage2] epoch 40/50 step 17 | loss 2.5554 | train det 0.0198 seg 0.0851 cnt 1.5781 | shared_pairs det_seg 109/288 det_cnt 86/288 seg_cnt 75/288 | scores det_seg 1.6376 det_cnt -1.0403 seg_cnt -1.3223
[stage2] epoch 40/50 step 18 | loss 2.7892 | train det 0.0125 seg 0.0820 cnt 1.9458 | shared_pairs det_seg 84/288 det_cnt 93/288 seg_cnt 84/288 | scores det_seg 1.2341 det_cnt 1.1039 seg_cnt 1.3351
[stage2] epoch 40/50 step 19 | loss 3.3169 | train det 0.0493 seg 0.0793 cnt 1.9420 | shared_pairs det_seg 106/288 det_cnt 91/288 seg_cnt 66/288 | scores det_seg 3.0901 det_cnt 0.5424 seg_cnt -3.5175
[stage2] epoch 40/50 step 20 | loss 3.4991 | train det 0.0430 seg 0.1341 cnt 1.7811 | shared_pairs det_seg 92/288 det_cnt 86/288 seg_cnt 76/288 | scores det_seg 2.3600 det_cnt -1.4124 seg_cnt -1.2840
[stage2] epoch 40/50 step 21 | loss 3.9195 | train det 0.0869 seg 0.0648 cnt 2.0971 | shared_pairs det_seg 94/288 det_cnt 85/288 seg_cnt 77/288 | scores det_seg -2.1747 det_cnt -1.8994 seg_cnt -1.3814
[stage2] epoch 40/50 step 22 | loss 3.0480 | train det 0.0724 seg 0.0703 cnt 1.4003 | shared_pairs det_seg 114/288 det_cnt 83/288 seg_cnt 77/288 | scores det_seg 3.5802 det_cnt -3.8106 seg_cnt -1.4692
[stage2] epoch 40/50 | train 2.9181 | det 0.0388 seg 0.0885 cnt 1.6281 | selected_by_matrix_unit det_seg 2089 det_cnt 2044 seg_cnt 1705
[stage2] epoch 40 | val det 0.5294 seg 0.9457 miou 0.6584 cnt 3.3002 dens 8.276402e-01 mae 2.4726 total_mae 11.4914 | ap50 0.6581 | combo 1.720954
[stage2] epoch 41/50 step 1 | loss 1.8173 | train det 0.0326 seg 0.0868 cnt 0.6348 | shared_pairs det_seg 79/288 det_cnt 107/288 seg_cnt 87/288 | scores det_seg -1.2864 det_cnt 3.2116 seg_cnt -0.1343
[stage2] epoch 41/50 step 2 | loss 2.7704 | train det 0.0426 seg 0.1208 cnt 1.1647 | shared_pairs det_seg 106/288 det_cnt 96/288 seg_cnt 69/288 | scores det_seg 1.7192 det_cnt -2.5507 seg_cnt -0.9523
[stage2] epoch 41/50 step 3 | loss 2.8993 | train det 0.0324 seg 0.0875 cnt 1.7144 | shared_pairs det_seg 92/288 det_cnt 106/288 seg_cnt 65/288 | scores det_seg 0.2286 det_cnt 4.0728 seg_cnt -3.4080
[stage2] epoch 41/50 step 4 | loss 1.4748 | train det 0.0326 seg 0.0297 cnt 0.7484 | shared_pairs det_seg 71/288 det_cnt 99/288 seg_cnt 92/288 | scores det_seg 0.3518 det_cnt 2.8066 seg_cnt -0.7228
[stage2] epoch 41/50 step 5 | loss 3.1529 | train det 0.0144 seg 0.1471 cnt 1.7606 | shared_pairs det_seg 88/288 det_cnt 97/288 seg_cnt 78/288 | scores det_seg 1.1330 det_cnt -2.2898 seg_cnt 0.0303
[stage2] epoch 41/50 step 6 | loss 3.2358 | train det 0.0716 seg 0.0826 cnt 1.5015 | shared_pairs det_seg 102/288 det_cnt 86/288 seg_cnt 77/288 | scores det_seg -0.8428 det_cnt -3.3056 seg_cnt 1.6077
[stage2] epoch 41/50 step 7 | loss 3.3094 | train det 0.0335 seg 0.1351 cnt 1.7260 | shared_pairs det_seg 83/288 det_cnt 105/288 seg_cnt 76/288 | scores det_seg 3.0627 det_cnt 4.9707 seg_cnt 2.6911
[stage2] epoch 41/50 step 8 | loss 2.0486 | train det 0.0535 seg 0.0552 cnt 0.8051 | shared_pairs det_seg 89/288 det_cnt 107/288 seg_cnt 70/288 | scores det_seg 0.4215 det_cnt 0.9819 seg_cnt -0.1160
[stage2] epoch 41/50 step 9 | loss 2.4560 | train det 0.0463 seg 0.0766 cnt 1.1486 | shared_pairs det_seg 98/288 det_cnt 102/288 seg_cnt 66/288 | scores det_seg -1.0930 det_cnt 1.8551 seg_cnt -2.2177
[stage2] epoch 41/50 step 10 | loss 2.7123 | train det 0.0434 seg 0.0602 cnt 1.5799 | shared_pairs det_seg 94/288 det_cnt 85/288 seg_cnt 83/288 | scores det_seg -2.6042 det_cnt -4.6942 seg_cnt -1.3589
[stage2] epoch 41/50 step 11 | loss 3.2762 | train det 0.1514 seg 0.0448 cnt 0.6464 | shared_pairs det_seg 99/288 det_cnt 75/288 seg_cnt 88/288 | scores det_seg -0.7798 det_cnt -5.3279 seg_cnt 3.5382
[stage2] epoch 41/50 step 12 | loss 2.1014 | train det 0.0169 seg 0.0913 cnt 1.1172 | shared_pairs det_seg 83/288 det_cnt 101/288 seg_cnt 82/288 | scores det_seg 0.6527 det_cnt 1.6916 seg_cnt 3.5780
[stage2] epoch 41/50 step 13 | loss 1.8626 | train det 0.0337 seg 0.0866 cnt 0.6648 | shared_pairs det_seg 103/288 det_cnt 101/288 seg_cnt 67/288 | scores det_seg 2.0917 det_cnt 1.5701 seg_cnt -2.2689
[stage2] epoch 41/50 step 14 | loss 2.1254 | train det 0.0194 seg 0.0799 cnt 1.1944 | shared_pairs det_seg 85/288 det_cnt 112/288 seg_cnt 65/288 | scores det_seg 1.2601 det_cnt 4.5396 seg_cnt 0.6578
[stage2] epoch 41/50 step 15 | loss 2.2827 | train det 0.0138 seg 0.0539 cnt 1.6446 | shared_pairs det_seg 87/288 det_cnt 93/288 seg_cnt 79/288 | scores det_seg -2.1940 det_cnt 2.0358 seg_cnt 1.3150
[stage2] epoch 41/50 step 16 | loss 1.8034 | train det 0.0170 seg 0.1091 cnt 0.6760 | shared_pairs det_seg 109/288 det_cnt 78/288 seg_cnt 78/288 | scores det_seg 1.8689 det_cnt -3.0300 seg_cnt -0.4091
[stage2] epoch 41/50 step 17 | loss 2.9366 | train det 0.0220 seg 0.1015 cnt 1.7947 | shared_pairs det_seg 94/288 det_cnt 108/288 seg_cnt 68/288 | scores det_seg 3.1504 det_cnt 0.6436 seg_cnt -5.2597
[stage2] epoch 41/50 step 18 | loss 2.9900 | train det 0.0510 seg 0.0833 cnt 1.5589 | shared_pairs det_seg 93/288 det_cnt 96/288 seg_cnt 78/288 | scores det_seg -0.0603 det_cnt 1.3740 seg_cnt -0.7493
[stage2] epoch 41/50 step 19 | loss 3.4150 | train det 0.0423 seg 0.0740 cnt 2.1877 | shared_pairs det_seg 100/288 det_cnt 83/288 seg_cnt 90/288 | scores det_seg 4.6761 det_cnt -0.2702 seg_cnt -0.3752
[stage2] epoch 41/50 step 20 | loss 1.8859 | train det 0.0359 seg 0.0648 cnt 0.8287 | shared_pairs det_seg 79/288 det_cnt 84/288 seg_cnt 95/288 | scores det_seg -4.2740 det_cnt -0.9397 seg_cnt 1.8789
[stage2] epoch 41/50 step 21 | loss 1.9752 | train det 0.0346 seg 0.0562 cnt 1.0071 | shared_pairs det_seg 92/288 det_cnt 83/288 seg_cnt 72/288 | scores det_seg -1.7515 det_cnt -1.5269 seg_cnt -2.5549
[stage2] epoch 41/50 step 22 | loss 2.4700 | train det 0.0290 seg 0.0684 cnt 1.4877 | shared_pairs det_seg 91/288 det_cnt 97/288 seg_cnt 76/288 | scores det_seg -1.4204 det_cnt -0.8120 seg_cnt 0.1605
[stage2] epoch 41/50 | train 2.5001 | det 0.0395 seg 0.0816 cnt 1.2542 | selected_by_matrix_unit det_seg 2017 det_cnt 2101 seg_cnt 1701
[stage2] epoch 41 | val det 0.5287 seg 0.9483 miou 0.6592 cnt 3.2915 dens 8.271624e-01 mae 2.4643 total_mae 11.5180 | ap50 0.6607 | combo 1.725657
[stage2] epoch 42/50 step 1 | loss 2.6988 | train det 0.0709 seg 0.0760 cnt 1.0268 | shared_pairs det_seg 99/288 det_cnt 81/288 seg_cnt 80/288 | scores det_seg -2.4790 det_cnt -0.8763 seg_cnt 0.5048
[stage2] epoch 42/50 step 2 | loss 4.4588 | train det 0.2201 seg 0.0825 cnt 0.4964 | shared_pairs det_seg 102/288 det_cnt 97/288 seg_cnt 62/288 | scores det_seg -0.3865 det_cnt -0.6635 seg_cnt -3.8743
[stage2] epoch 42/50 step 3 | loss 1.5234 | train det 0.0437 seg 0.0593 cnt 0.3936 | shared_pairs det_seg 79/288 det_cnt 106/288 seg_cnt 74/288 | scores det_seg -3.0172 det_cnt 2.1714 seg_cnt 1.8902
[stage2] epoch 42/50 step 4 | loss 2.5484 | train det 0.0113 seg 0.0480 cnt 1.9955 | shared_pairs det_seg 95/288 det_cnt 98/288 seg_cnt 74/288 | scores det_seg -0.1237 det_cnt 2.2330 seg_cnt 2.6600
[stage2] epoch 42/50 step 5 | loss 2.8694 | train det 0.0512 seg 0.0727 cnt 1.5197 | shared_pairs det_seg 82/288 det_cnt 105/288 seg_cnt 84/288 | scores det_seg 3.8455 det_cnt -0.1651 seg_cnt 4.2431
[stage2] epoch 42/50 step 6 | loss 2.7577 | train det 0.0130 seg 0.1057 cnt 1.7169 | shared_pairs det_seg 98/288 det_cnt 94/288 seg_cnt 74/288 | scores det_seg 3.1056 det_cnt 5.7430 seg_cnt 3.9711
[stage2] epoch 42/50 step 7 | loss 3.0598 | train det 0.0683 seg 0.0516 cnt 1.6217 | shared_pairs det_seg 100/288 det_cnt 96/288 seg_cnt 71/288 | scores det_seg 3.0157 det_cnt -0.2770 seg_cnt 2.7071
[stage2] epoch 42/50 step 8 | loss 1.9848 | train det 0.0230 seg 0.1459 cnt 0.4726 | shared_pairs det_seg 96/288 det_cnt 111/288 seg_cnt 61/288 | scores det_seg -1.4161 det_cnt 5.8236 seg_cnt -3.1854
[stage2] epoch 42/50 step 9 | loss 3.2348 | train det 0.0175 seg 0.0943 cnt 2.2176 | shared_pairs det_seg 91/288 det_cnt 98/288 seg_cnt 78/288 | scores det_seg -1.7268 det_cnt 2.5419 seg_cnt 0.2676
[stage2] epoch 42/50 step 10 | loss 2.8514 | train det 0.0215 seg 0.0856 cnt 1.8444 | shared_pairs det_seg 98/288 det_cnt 91/288 seg_cnt 81/288 | scores det_seg 2.9166 det_cnt 0.5157 seg_cnt 0.2537
[stage2] epoch 42/50 step 11 | loss 2.3400 | train det 0.0225 seg 0.0864 cnt 1.3118 | shared_pairs det_seg 104/288 det_cnt 103/288 seg_cnt 65/288 | scores det_seg 1.8116 det_cnt 5.1956 seg_cnt -1.6066
[stage2] epoch 42/50 step 12 | loss 2.9299 | train det 0.0180 seg 0.0763 cnt 2.0495 | shared_pairs det_seg 90/288 det_cnt 99/288 seg_cnt 75/288 | scores det_seg -0.4979 det_cnt 0.7531 seg_cnt 4.1754
[stage2] epoch 42/50 step 13 | loss 2.0670 | train det 0.0199 seg 0.0886 cnt 1.0608 | shared_pairs det_seg 101/288 det_cnt 85/288 seg_cnt 82/288 | scores det_seg 1.0769 det_cnt -4.6211 seg_cnt 1.7116
[stage2] epoch 42/50 step 14 | loss 2.0535 | train det 0.0582 seg 0.0715 cnt 0.6088 | shared_pairs det_seg 92/288 det_cnt 91/288 seg_cnt 77/288 | scores det_seg -2.8264 det_cnt 4.8260 seg_cnt 1.6753
[stage2] epoch 42/50 step 15 | loss 1.9210 | train det 0.0141 seg 0.1641 cnt 0.3965 | shared_pairs det_seg 88/288 det_cnt 74/288 seg_cnt 97/288 | scores det_seg -3.1683 det_cnt -4.6747 seg_cnt 0.0478
[stage2] epoch 42/50 step 16 | loss 2.8742 | train det 0.0097 seg 0.0819 cnt 2.0734 | shared_pairs det_seg 87/288 det_cnt 109/288 seg_cnt 66/288 | scores det_seg -4.2810 det_cnt -0.0240 seg_cnt -1.3615
[stage2] epoch 42/50 step 17 | loss 2.7340 | train det 0.0269 seg 0.0769 cnt 1.7153 | shared_pairs det_seg 97/288 det_cnt 100/288 seg_cnt 64/288 | scores det_seg -0.4576 det_cnt 1.1616 seg_cnt -2.2539
[stage2] epoch 42/50 step 18 | loss 3.5191 | train det 0.0917 seg 0.0587 cnt 1.6733 | shared_pairs det_seg 95/288 det_cnt 78/288 seg_cnt 84/288 | scores det_seg -1.0032 det_cnt -3.5491 seg_cnt -0.1374
[stage2] epoch 42/50 step 19 | loss 3.2995 | train det 0.0616 seg 0.0874 cnt 1.6766 | shared_pairs det_seg 100/288 det_cnt 94/288 seg_cnt 70/288 | scores det_seg -1.0849 det_cnt -5.2417 seg_cnt -5.0740
[stage2] epoch 42/50 step 20 | loss 4.3224 | train det 0.2273 seg 0.0573 cnt 0.4547 | shared_pairs det_seg 104/288 det_cnt 97/288 seg_cnt 66/288 | scores det_seg 3.0909 det_cnt 3.4524 seg_cnt -1.8244
[stage2] epoch 42/50 step 21 | loss 3.2220 | train det 0.0401 seg 0.0729 cnt 2.0369 | shared_pairs det_seg 98/288 det_cnt 105/288 seg_cnt 65/288 | scores det_seg 6.0077 det_cnt -0.4181 seg_cnt -0.2907
[stage2] epoch 42/50 step 22 | loss 3.4165 | train det 0.0119 seg 0.1388 cnt 2.1276 | shared_pairs det_seg 90/288 det_cnt 100/288 seg_cnt 64/288 | scores det_seg -1.0302 det_cnt -0.8432 seg_cnt -2.6524
[stage2] epoch 42/50 | train 2.8494 | det 0.0519 seg 0.0856 cnt 1.3859 | selected_by_matrix_unit det_seg 2086 det_cnt 2112 seg_cnt 1614
[stage2] epoch 42 | val det 0.5298 seg 0.9408 miou 0.6581 cnt 3.3086 dens 8.273171e-01 mae 2.4813 total_mae 11.4254 | ap50 0.6586 | combo 1.719715
[stage2] epoch 43/50 step 1 | loss 2.0344 | train det 0.0230 seg 0.0717 cnt 1.1165 | shared_pairs det_seg 85/288 det_cnt 109/288 seg_cnt 67/288 | scores det_seg -4.0969 det_cnt 3.4354 seg_cnt -4.8009
[stage2] epoch 43/50 step 2 | loss 2.3670 | train det 0.0074 seg 0.1127 cnt 1.3543 | shared_pairs det_seg 93/288 det_cnt 90/288 seg_cnt 82/288 | scores det_seg -1.0164 det_cnt 2.6086 seg_cnt 1.4635
[stage2] epoch 43/50 step 3 | loss 2.4328 | train det 0.0439 seg 0.0756 cnt 1.1700 | shared_pairs det_seg 90/288 det_cnt 83/288 seg_cnt 80/288 | scores det_seg 0.5175 det_cnt -5.5722 seg_cnt -2.7062
[stage2] epoch 43/50 step 4 | loss 3.4726 | train det 0.0949 seg 0.0945 cnt 1.2933 | shared_pairs det_seg 96/288 det_cnt 89/288 seg_cnt 80/288 | scores det_seg -0.3135 det_cnt -1.2474 seg_cnt -0.7296
[stage2] epoch 43/50 step 5 | loss 2.1852 | train det 0.0467 seg 0.0488 cnt 1.0941 | shared_pairs det_seg 97/288 det_cnt 98/288 seg_cnt 68/288 | scores det_seg -4.7456 det_cnt -0.5347 seg_cnt -2.1919
[stage2] epoch 43/50 step 6 | loss 1.6535 | train det 0.0077 seg 0.0634 cnt 1.0309 | shared_pairs det_seg 102/288 det_cnt 91/288 seg_cnt 79/288 | scores det_seg -0.1153 det_cnt -2.5208 seg_cnt 1.4985
[stage2] epoch 43/50 step 7 | loss 2.9533 | train det 0.0194 seg 0.1263 cnt 1.6510 | shared_pairs det_seg 93/288 det_cnt 104/288 seg_cnt 65/288 | scores det_seg 0.9571 det_cnt 5.3477 seg_cnt -1.7249
[stage2] epoch 43/50 step 8 | loss 2.8759 | train det 0.0142 seg 0.1112 cnt 1.7737 | shared_pairs det_seg 91/288 det_cnt 82/288 seg_cnt 81/288 | scores det_seg 1.4876 det_cnt 1.0106 seg_cnt 1.2022
[stage2] epoch 43/50 step 9 | loss 2.8143 | train det 0.0196 seg 0.0880 cnt 1.8167 | shared_pairs det_seg 97/288 det_cnt 99/288 seg_cnt 69/288 | scores det_seg 0.2322 det_cnt 3.5613 seg_cnt 1.6535
[stage2] epoch 43/50 step 10 | loss 4.3211 | train det 0.1580 seg 0.1037 cnt 1.1209 | shared_pairs det_seg 100/288 det_cnt 102/288 seg_cnt 70/288 | scores det_seg 3.0467 det_cnt 6.3683 seg_cnt -0.4824
[stage2] epoch 43/50 step 11 | loss 3.5146 | train det 0.0230 seg 0.0893 cnt 2.4557 | shared_pairs det_seg 101/288 det_cnt 94/288 seg_cnt 63/288 | scores det_seg 0.9254 det_cnt 2.8681 seg_cnt -0.5824
[stage2] epoch 43/50 step 12 | loss 1.6208 | train det 0.0268 seg 0.0755 cnt 0.6157 | shared_pairs det_seg 93/288 det_cnt 91/288 seg_cnt 73/288 | scores det_seg -1.8452 det_cnt -4.9336 seg_cnt -1.9840
[stage2] epoch 43/50 step 13 | loss 2.2681 | train det 0.0199 seg 0.0895 cnt 1.2534 | shared_pairs det_seg 86/288 det_cnt 109/288 seg_cnt 65/288 | scores det_seg -2.1532 det_cnt 0.9816 seg_cnt -1.3823
[stage2] epoch 43/50 step 14 | loss 2.1032 | train det 0.0115 seg 0.0587 cnt 1.4605 | shared_pairs det_seg 83/288 det_cnt 95/288 seg_cnt 94/288 | scores det_seg -1.7462 det_cnt -0.5792 seg_cnt 3.9367
[stage2] epoch 43/50 step 15 | loss 2.1614 | train det 0.0362 seg 0.0607 cnt 1.1332 | shared_pairs det_seg 102/288 det_cnt 89/288 seg_cnt 72/288 | scores det_seg -0.7832 det_cnt -1.2267 seg_cnt 0.1184
[stage2] epoch 43/50 step 16 | loss 2.2634 | train det 0.0165 seg 0.0923 cnt 1.2771 | shared_pairs det_seg 115/288 det_cnt 83/288 seg_cnt 65/288 | scores det_seg 2.5439 det_cnt 1.2742 seg_cnt -2.0572
[stage2] epoch 43/50 step 17 | loss 2.3568 | train det 0.0422 seg 0.0870 cnt 1.0281 | shared_pairs det_seg 114/288 det_cnt 80/288 seg_cnt 66/288 | scores det_seg 1.2071 det_cnt -0.5492 seg_cnt -3.0971
[stage2] epoch 43/50 step 18 | loss 6.5436 | train det 0.3271 seg 0.0737 cnt 1.0482 | shared_pairs det_seg 106/288 det_cnt 94/288 seg_cnt 63/288 | scores det_seg 0.8850 det_cnt -4.7093 seg_cnt -3.0696
[stage2] epoch 43/50 step 19 | loss 2.7770 | train det 0.0289 seg 0.0924 cnt 1.6042 | shared_pairs det_seg 91/288 det_cnt 97/288 seg_cnt 82/288 | scores det_seg 2.0927 det_cnt 1.0593 seg_cnt 4.4842
[stage2] epoch 43/50 step 20 | loss 2.4089 | train det 0.0078 seg 0.0543 cnt 1.8565 | shared_pairs det_seg 103/288 det_cnt 95/288 seg_cnt 67/288 | scores det_seg -0.9350 det_cnt 3.4449 seg_cnt -1.4735
[stage2] epoch 43/50 step 21 | loss 3.2685 | train det 0.0436 seg 0.0878 cnt 1.9122 | shared_pairs det_seg 83/288 det_cnt 97/288 seg_cnt 83/288 | scores det_seg 0.4834 det_cnt 3.6453 seg_cnt 1.6220
[stage2] epoch 43/50 step 22 | loss 3.6121 | train det 0.0888 seg 0.1312 cnt 1.2302 | shared_pairs det_seg 77/288 det_cnt 95/288 seg_cnt 85/288 | scores det_seg -0.0981 det_cnt -0.9403 seg_cnt -0.3399
[stage2] epoch 43/50 | train 2.8186 | det 0.0503 seg 0.0858 cnt 1.3771 | selected_by_matrix_unit det_seg 2098 det_cnt 2066 seg_cnt 1619
[stage2] epoch 43 | val det 0.5300 seg 0.9490 miou 0.6592 cnt 3.3049 dens 8.270201e-01 mae 2.4779 total_mae 11.3747 | ap50 0.6590 | combo 1.721695
[stage2] epoch 44/50 step 1 | loss 1.7657 | train det 0.0251 seg 0.0869 cnt 0.6935 | shared_pairs det_seg 104/288 det_cnt 86/288 seg_cnt 75/288 | scores det_seg 1.1629 det_cnt -2.8102 seg_cnt -0.6699
[stage2] epoch 44/50 step 2 | loss 2.8928 | train det 0.0224 seg 0.1381 cnt 1.4518 | shared_pairs det_seg 90/288 det_cnt 107/288 seg_cnt 75/288 | scores det_seg 1.2167 det_cnt 4.1010 seg_cnt -0.7093
[stage2] epoch 44/50 step 3 | loss 2.0451 | train det 0.0139 seg 0.0882 cnt 1.1312 | shared_pairs det_seg 99/288 det_cnt 103/288 seg_cnt 65/288 | scores det_seg 0.8064 det_cnt -1.1745 seg_cnt -1.6521
[stage2] epoch 44/50 step 4 | loss 3.0771 | train det 0.0445 seg 0.1001 cnt 1.6085 | shared_pairs det_seg 104/288 det_cnt 96/288 seg_cnt 69/288 | scores det_seg 0.9120 det_cnt 1.3432 seg_cnt -0.6211
[stage2] epoch 44/50 step 5 | loss 3.3005 | train det 0.0522 seg 0.0742 cnt 1.9238 | shared_pairs det_seg 89/288 det_cnt 99/288 seg_cnt 72/288 | scores det_seg -2.3541 det_cnt 1.6823 seg_cnt -5.5671
[stage2] epoch 44/50 step 6 | loss 3.4010 | train det 0.0148 seg 0.0855 cnt 2.4943 | shared_pairs det_seg 98/288 det_cnt 93/288 seg_cnt 77/288 | scores det_seg 1.2201 det_cnt -3.5348 seg_cnt -1.4708
[stage2] epoch 44/50 step 7 | loss 2.6839 | train det 0.0182 seg 0.1279 cnt 1.3875 | shared_pairs det_seg 101/288 det_cnt 97/288 seg_cnt 67/288 | scores det_seg -0.6800 det_cnt -1.7718 seg_cnt -0.7909
[stage2] epoch 44/50 step 8 | loss 2.9955 | train det 0.0573 seg 0.0900 cnt 1.4159 | shared_pairs det_seg 89/288 det_cnt 100/288 seg_cnt 73/288 | scores det_seg -4.5853 det_cnt 1.4812 seg_cnt -6.0045
[stage2] epoch 44/50 step 9 | loss 4.0323 | train det 0.1420 seg 0.0501 cnt 1.5020 | shared_pairs det_seg 95/288 det_cnt 91/288 seg_cnt 71/288 | scores det_seg 1.4713 det_cnt -0.3042 seg_cnt -0.9212
[stage2] epoch 44/50 step 10 | loss 2.6740 | train det 0.0560 seg 0.0591 cnt 1.3614 | shared_pairs det_seg 107/288 det_cnt 88/288 seg_cnt 73/288 | scores det_seg 2.6748 det_cnt 0.5987 seg_cnt -0.8833
[stage2] epoch 44/50 step 11 | loss 1.8863 | train det 0.0164 seg 0.1120 cnt 0.7446 | shared_pairs det_seg 97/288 det_cnt 92/288 seg_cnt 74/288 | scores det_seg -1.2188 det_cnt -0.4763 seg_cnt 0.7377
[stage2] epoch 44/50 step 12 | loss 3.1141 | train det 0.0121 seg 0.1452 cnt 1.7715 | shared_pairs det_seg 91/288 det_cnt 100/288 seg_cnt 78/288 | scores det_seg 4.0870 det_cnt -2.0654 seg_cnt 1.6394
[stage2] epoch 44/50 step 13 | loss 2.1845 | train det 0.0312 seg 0.1188 cnt 0.7668 | shared_pairs det_seg 85/288 det_cnt 104/288 seg_cnt 68/288 | scores det_seg -3.3919 det_cnt 2.1199 seg_cnt -3.5557
[stage2] epoch 44/50 step 14 | loss 2.2440 | train det 0.0112 seg 0.0688 cnt 1.5263 | shared_pairs det_seg 91/288 det_cnt 95/288 seg_cnt 83/288 | scores det_seg 0.6576 det_cnt 2.2360 seg_cnt 3.2576
[stage2] epoch 44/50 step 15 | loss 2.1856 | train det 0.0312 seg 0.0803 cnt 1.0746 | shared_pairs det_seg 90/288 det_cnt 100/288 seg_cnt 65/288 | scores det_seg 0.2079 det_cnt -0.8826 seg_cnt -2.5438
[stage2] epoch 44/50 step 16 | loss 2.5653 | train det 0.0172 seg 0.0768 cnt 1.6930 | shared_pairs det_seg 90/288 det_cnt 103/288 seg_cnt 75/288 | scores det_seg -4.1223 det_cnt 0.2315 seg_cnt -0.5465
[stage2] epoch 44/50 step 17 | loss 2.6731 | train det 0.0138 seg 0.0712 cnt 1.8971 | shared_pairs det_seg 97/288 det_cnt 100/288 seg_cnt 60/288 | scores det_seg 1.1212 det_cnt -1.2414 seg_cnt -2.1269
[stage2] epoch 44/50 step 18 | loss 4.3817 | train det 0.0580 seg 0.1299 cnt 2.4730 | shared_pairs det_seg 99/288 det_cnt 85/288 seg_cnt 72/288 | scores det_seg 3.4963 det_cnt -1.8090 seg_cnt -4.5919
[stage2] epoch 44/50 step 19 | loss 2.7592 | train det 0.0338 seg 0.1059 cnt 1.4047 | shared_pairs det_seg 91/288 det_cnt 100/288 seg_cnt 73/288 | scores det_seg -3.1439 det_cnt -0.0715 seg_cnt -0.2023
[stage2] epoch 44/50 step 20 | loss 2.3471 | train det 0.0154 seg 0.1004 cnt 1.3135 | shared_pairs det_seg 86/288 det_cnt 94/288 seg_cnt 85/288 | scores det_seg -0.4831 det_cnt 1.5172 seg_cnt 3.2890
[stage2] epoch 44/50 step 21 | loss 2.3801 | train det 0.0111 seg 0.0750 cnt 1.6131 | shared_pairs det_seg 104/288 det_cnt 80/288 seg_cnt 77/288 | scores det_seg -0.3879 det_cnt -7.8087 seg_cnt 0.7017
[stage2] epoch 44/50 step 22 | loss 2.8984 | train det 0.0494 seg 0.1000 cnt 1.3571 | shared_pairs det_seg 86/288 det_cnt 97/288 seg_cnt 75/288 | scores det_seg -3.7069 det_cnt 1.9741 seg_cnt 0.3162
[stage2] epoch 44/50 | train 2.7494 | det 0.0340 seg 0.0947 cnt 1.4821 | selected_by_matrix_unit det_seg 2083 det_cnt 2110 seg_cnt 1602
[stage2] epoch 44 | val det 0.5418 seg 0.9515 miou 0.6570 cnt 3.3005 dens 8.269319e-01 mae 2.4735 total_mae 11.3948 | ap50 0.6579 | combo 1.719171
[stage2] epoch 45/50 step 1 | loss 2.2523 | train det 0.0533 seg 0.1013 cnt 0.6426 | shared_pairs det_seg 94/288 det_cnt 68/288 seg_cnt 102/288 | scores det_seg 4.0052 det_cnt -7.6770 seg_cnt 5.9367
[stage2] epoch 45/50 step 2 | loss 2.2800 | train det 0.0234 seg 0.0848 cnt 1.2513 | shared_pairs det_seg 75/288 det_cnt 107/288 seg_cnt 79/288 | scores det_seg -3.0730 det_cnt 3.6622 seg_cnt 2.7126
[stage2] epoch 45/50 step 3 | loss 1.7557 | train det 0.0189 seg 0.0594 cnt 0.9972 | shared_pairs det_seg 103/288 det_cnt 83/288 seg_cnt 74/288 | scores det_seg -0.8533 det_cnt -5.7808 seg_cnt -1.7209
[stage2] epoch 45/50 step 4 | loss 3.6684 | train det 0.0731 seg 0.0733 cnt 1.9862 | shared_pairs det_seg 97/288 det_cnt 116/288 seg_cnt 54/288 | scores det_seg -1.5936 det_cnt 0.9048 seg_cnt -4.0780
[stage2] epoch 45/50 step 5 | loss 2.2133 | train det 0.0247 seg 0.0842 cnt 1.1689 | shared_pairs det_seg 97/288 det_cnt 85/288 seg_cnt 75/288 | scores det_seg -0.1959 det_cnt -2.7966 seg_cnt 1.0608
[stage2] epoch 45/50 step 6 | loss 2.5773 | train det 0.0305 seg 0.0678 cnt 1.5766 | shared_pairs det_seg 86/288 det_cnt 106/288 seg_cnt 69/288 | scores det_seg -0.7267 det_cnt 4.1227 seg_cnt -1.7743
[stage2] epoch 45/50 step 7 | loss 2.0672 | train det 0.0229 seg 0.1025 cnt 0.9032 | shared_pairs det_seg 90/288 det_cnt 101/288 seg_cnt 77/288 | scores det_seg -3.2490 det_cnt 0.4217 seg_cnt -2.2941
[stage2] epoch 45/50 step 8 | loss 2.4657 | train det 0.0217 seg 0.0689 cnt 1.5886 | shared_pairs det_seg 89/288 det_cnt 88/288 seg_cnt 87/288 | scores det_seg -1.8492 det_cnt -2.4490 seg_cnt -1.3063
[stage2] epoch 45/50 step 9 | loss 2.0537 | train det 0.0078 seg 0.0538 cnt 1.5059 | shared_pairs det_seg 93/288 det_cnt 79/288 seg_cnt 86/288 | scores det_seg -2.0058 det_cnt -2.1537 seg_cnt -0.1671
[stage2] epoch 45/50 step 10 | loss 1.7647 | train det 0.0349 seg 0.0479 cnt 0.8586 | shared_pairs det_seg 94/288 det_cnt 110/288 seg_cnt 61/288 | scores det_seg -1.6120 det_cnt 2.9297 seg_cnt -2.6392
[stage2] epoch 45/50 step 11 | loss 2.5145 | train det 0.0157 seg 0.0844 cnt 1.6031 | shared_pairs det_seg 100/288 det_cnt 97/288 seg_cnt 74/288 | scores det_seg 2.6511 det_cnt 1.4233 seg_cnt 1.4302
[stage2] epoch 45/50 step 12 | loss 3.5914 | train det 0.0156 seg 0.1076 cnt 2.4967 | shared_pairs det_seg 106/288 det_cnt 88/288 seg_cnt 66/288 | scores det_seg -1.8124 det_cnt -0.9726 seg_cnt -3.4287
[stage2] epoch 45/50 step 13 | loss 3.8041 | train det 0.1763 seg 0.0647 cnt 0.6416 | shared_pairs det_seg 93/288 det_cnt 102/288 seg_cnt 66/288 | scores det_seg -2.1128 det_cnt -0.6841 seg_cnt -2.6415
[stage2] epoch 45/50 step 14 | loss 2.1891 | train det 0.0126 seg 0.0832 cnt 1.3348 | shared_pairs det_seg 85/288 det_cnt 97/288 seg_cnt 83/288 | scores det_seg 1.9419 det_cnt 3.4269 seg_cnt -1.0657
[stage2] epoch 45/50 step 15 | loss 2.1659 | train det 0.0106 seg 0.1122 cnt 1.1094 | shared_pairs det_seg 107/288 det_cnt 91/288 seg_cnt 69/288 | scores det_seg -2.5567 det_cnt -3.9907 seg_cnt -1.2194
[stage2] epoch 45/50 step 16 | loss 2.9021 | train det 0.0276 seg 0.0978 cnt 1.7050 | shared_pairs det_seg 79/288 det_cnt 90/288 seg_cnt 98/288 | scores det_seg -2.6050 det_cnt 0.0930 seg_cnt 1.4081
[stage2] epoch 45/50 step 17 | loss 2.6770 | train det 0.0394 seg 0.0938 cnt 1.3356 | shared_pairs det_seg 87/288 det_cnt 91/288 seg_cnt 77/288 | scores det_seg -3.4713 det_cnt -3.9780 seg_cnt -2.3487
[stage2] epoch 45/50 step 18 | loss 3.0941 | train det 0.0274 seg 0.1224 cnt 1.7031 | shared_pairs det_seg 92/288 det_cnt 105/288 seg_cnt 65/288 | scores det_seg -0.5623 det_cnt 1.4687 seg_cnt -2.5548
[stage2] epoch 45/50 step 19 | loss 2.4216 | train det 0.0557 seg 0.0841 cnt 0.9132 | shared_pairs det_seg 80/288 det_cnt 104/288 seg_cnt 72/288 | scores det_seg -2.8554 det_cnt 3.4892 seg_cnt 2.3819
[stage2] epoch 45/50 step 20 | loss 2.3361 | train det 0.0284 seg 0.0666 cnt 1.3777 | shared_pairs det_seg 79/288 det_cnt 125/288 seg_cnt 65/288 | scores det_seg -2.1100 det_cnt 2.5763 seg_cnt 0.3998
[stage2] epoch 45/50 step 21 | loss 2.5609 | train det 0.0168 seg 0.0889 cnt 1.5972 | shared_pairs det_seg 93/288 det_cnt 83/288 seg_cnt 88/288 | scores det_seg -2.5429 det_cnt -1.6598 seg_cnt -1.7431
[stage2] epoch 45/50 step 22 | loss 2.6600 | train det 0.0529 seg 0.1275 cnt 0.8472 | shared_pairs det_seg 80/288 det_cnt 110/288 seg_cnt 79/288 | scores det_seg -2.7018 det_cnt 2.0093 seg_cnt 1.1704
[stage2] epoch 45/50 | train 2.5461 | det 0.0359 seg 0.0853 cnt 1.3247 | selected_by_matrix_unit det_seg 1999 det_cnt 2126 seg_cnt 1666
[stage2] epoch 45 | val det 0.5411 seg 0.9378 miou 0.6581 cnt 3.3123 dens 8.272645e-01 mae 2.4850 total_mae 11.4458 | ap50 0.6569 | combo 1.717371
[stage2] epoch 46/50 step 1 | loss 2.2767 | train det 0.0303 seg 0.0719 cnt 1.2472 | shared_pairs det_seg 90/288 det_cnt 80/288 seg_cnt 91/288 | scores det_seg 4.2449 det_cnt 0.7246 seg_cnt 4.1715
[stage2] epoch 46/50 step 2 | loss 4.4726 | train det 0.1526 seg 0.0505 cnt 1.7790 | shared_pairs det_seg 92/288 det_cnt 88/288 seg_cnt 74/288 | scores det_seg -1.3290 det_cnt 0.1742 seg_cnt -2.7232
[stage2] epoch 46/50 step 3 | loss 3.0579 | train det 0.0665 seg 0.0808 cnt 1.4139 | shared_pairs det_seg 90/288 det_cnt 87/288 seg_cnt 91/288 | scores det_seg 1.1835 det_cnt -2.6540 seg_cnt 4.0036
[stage2] epoch 46/50 step 4 | loss 2.9870 | train det 0.0178 seg 0.0705 cnt 2.1563 | shared_pairs det_seg 118/288 det_cnt 81/288 seg_cnt 58/288 | scores det_seg 2.5757 det_cnt -4.2721 seg_cnt -2.1798
[stage2] epoch 46/50 step 5 | loss 2.9703 | train det 0.0113 seg 0.0911 cnt 2.0713 | shared_pairs det_seg 90/288 det_cnt 96/288 seg_cnt 77/288 | scores det_seg 2.3671 det_cnt -1.8320 seg_cnt 2.0268
[stage2] epoch 46/50 step 6 | loss 2.7683 | train det 0.0469 seg 0.1345 cnt 0.9895 | shared_pairs det_seg 108/288 det_cnt 97/288 seg_cnt 65/288 | scores det_seg -0.2736 det_cnt 1.9349 seg_cnt -3.8745
[stage2] epoch 46/50 step 7 | loss 2.8800 | train det 0.0207 seg 0.1274 cnt 1.5501 | shared_pairs det_seg 92/288 det_cnt 77/288 seg_cnt 97/288 | scores det_seg -2.7275 det_cnt -6.5750 seg_cnt 4.7533
[stage2] epoch 46/50 step 8 | loss 2.8822 | train det 0.0514 seg 0.1100 cnt 1.2303 | shared_pairs det_seg 101/288 det_cnt 75/288 seg_cnt 79/288 | scores det_seg -1.3800 det_cnt -5.1805 seg_cnt -0.8496
[stage2] epoch 46/50 step 9 | loss 1.9945 | train det 0.0552 seg 0.0642 cnt 0.6538 | shared_pairs det_seg 104/288 det_cnt 81/288 seg_cnt 86/288 | scores det_seg -0.7228 det_cnt -3.4401 seg_cnt -0.2737
[stage2] epoch 46/50 step 10 | loss 5.9527 | train det 0.2018 seg 0.0754 cnt 2.3225 | shared_pairs det_seg 84/288 det_cnt 96/288 seg_cnt 80/288 | scores det_seg -2.1554 det_cnt 4.7583 seg_cnt 2.3142
[stage2] epoch 46/50 step 11 | loss 1.9296 | train det 0.0222 seg 0.0809 cnt 0.9496 | shared_pairs det_seg 88/288 det_cnt 97/288 seg_cnt 69/288 | scores det_seg -2.3862 det_cnt 1.0505 seg_cnt 1.0261
[stage2] epoch 46/50 step 12 | loss 2.0554 | train det 0.0188 seg 0.0575 cnt 1.3129 | shared_pairs det_seg 108/288 det_cnt 70/288 seg_cnt 82/288 | scores det_seg -3.4827 det_cnt -8.3061 seg_cnt 1.6332
[stage2] epoch 46/50 step 13 | loss 3.2164 | train det 0.0673 seg 0.1370 cnt 1.1113 | shared_pairs det_seg 90/288 det_cnt 94/288 seg_cnt 74/288 | scores det_seg 0.5913 det_cnt 1.1895 seg_cnt 3.5993
[stage2] epoch 46/50 step 14 | loss 2.9221 | train det 0.0151 seg 0.1066 cnt 1.8426 | shared_pairs det_seg 80/288 det_cnt 126/288 seg_cnt 61/288 | scores det_seg -3.5547 det_cnt 7.2035 seg_cnt -2.3132
[stage2] epoch 46/50 step 15 | loss 3.3092 | train det 0.0515 seg 0.1349 cnt 1.4583 | shared_pairs det_seg 89/288 det_cnt 99/288 seg_cnt 72/288 | scores det_seg 2.4342 det_cnt 3.6784 seg_cnt 3.1777
[stage2] epoch 46/50 step 16 | loss 3.6492 | train det 0.0635 seg 0.0985 cnt 1.9087 | shared_pairs det_seg 99/288 det_cnt 86/288 seg_cnt 69/288 | scores det_seg -1.2974 det_cnt -3.6728 seg_cnt 0.5960
[stage2] epoch 46/50 step 17 | loss 3.2052 | train det 0.0290 seg 0.0976 cnt 1.9891 | shared_pairs det_seg 95/288 det_cnt 101/288 seg_cnt 73/288 | scores det_seg 3.3169 det_cnt 5.1943 seg_cnt -1.1450
[stage2] epoch 46/50 step 18 | loss 2.0846 | train det 0.0266 seg 0.0901 cnt 0.9646 | shared_pairs det_seg 98/288 det_cnt 103/288 seg_cnt 64/288 | scores det_seg 0.6890 det_cnt 3.3139 seg_cnt -4.4903
[stage2] epoch 46/50 step 19 | loss 2.8155 | train det 0.0360 seg 0.0946 cnt 1.5184 | shared_pairs det_seg 90/288 det_cnt 119/288 seg_cnt 62/288 | scores det_seg -0.3715 det_cnt 1.7231 seg_cnt -3.2878
[stage2] epoch 46/50 step 20 | loss 4.3325 | train det 0.1753 seg 0.0559 cnt 1.2563 | shared_pairs det_seg 87/288 det_cnt 99/288 seg_cnt 89/288 | scores det_seg 0.1070 det_cnt 2.9541 seg_cnt 4.0291
[stage2] epoch 46/50 step 21 | loss 2.0208 | train det 0.0572 seg 0.0606 cnt 0.6779 | shared_pairs det_seg 124/288 det_cnt 78/288 seg_cnt 71/288 | scores det_seg 5.3970 det_cnt -3.2452 seg_cnt 3.4028
[stage2] epoch 46/50 step 22 | loss 2.9068 | train det 0.0223 seg 0.0716 cnt 1.9998 | shared_pairs det_seg 85/288 det_cnt 96/288 seg_cnt 83/288 | scores det_seg -2.9475 det_cnt -0.2632 seg_cnt 0.9684
[stage2] epoch 46/50 | train 3.0313 | det 0.0563 seg 0.0892 cnt 1.4729 | selected_by_matrix_unit det_seg 2102 det_cnt 2026 seg_cnt 1667
[stage2] epoch 46 | val det 0.5317 seg 0.9485 miou 0.6568 cnt 3.3150 dens 8.278467e-01 mae 2.4871 total_mae 11.5744 | ap50 0.6568 | combo 1.715676
[stage2] epoch 47/50 step 1 | loss 12.6530 | train det 0.0101 seg 0.0958 cnt 11.7347 | shared_pairs det_seg 112/288 det_cnt 103/288 seg_cnt 51/288 | scores det_seg -1.4772 det_cnt 3.1110 seg_cnt -5.3082
[stage2] epoch 47/50 step 2 | loss 4.3244 | train det 0.0277 seg 0.0868 cnt 3.2149 | shared_pairs det_seg 91/288 det_cnt 94/288 seg_cnt 67/288 | scores det_seg 0.6426 det_cnt -0.1544 seg_cnt -3.3164
[stage2] epoch 47/50 step 3 | loss 2.2016 | train det 0.0323 seg 0.0759 cnt 1.1104 | shared_pairs det_seg 107/288 det_cnt 82/288 seg_cnt 79/288 | scores det_seg 3.1265 det_cnt -0.7952 seg_cnt 2.6809
[stage2] epoch 47/50 step 4 | loss 2.1880 | train det 0.0303 seg 0.1274 cnt 0.7148 | shared_pairs det_seg 102/288 det_cnt 80/288 seg_cnt 82/288 | scores det_seg 1.0698 det_cnt -2.6448 seg_cnt 4.6791
[stage2] epoch 47/50 step 5 | loss 2.0084 | train det 0.0322 seg 0.0729 cnt 0.9415 | shared_pairs det_seg 91/288 det_cnt 100/288 seg_cnt 76/288 | scores det_seg -1.9964 det_cnt 3.1544 seg_cnt 1.9773
[stage2] epoch 47/50 step 6 | loss 1.6720 | train det 0.0167 seg 0.0842 cnt 0.7483 | shared_pairs det_seg 105/288 det_cnt 90/288 seg_cnt 64/288 | scores det_seg 0.7896 det_cnt -0.3110 seg_cnt -0.0343
[stage2] epoch 47/50 step 7 | loss 2.1221 | train det 0.0354 seg 0.0641 cnt 1.0793 | shared_pairs det_seg 83/288 det_cnt 109/288 seg_cnt 68/288 | scores det_seg -3.3443 det_cnt 4.2807 seg_cnt -2.0063
[stage2] epoch 47/50 step 8 | loss 4.0614 | train det 0.1543 seg 0.0817 cnt 1.0929 | shared_pairs det_seg 91/288 det_cnt 98/288 seg_cnt 72/288 | scores det_seg -0.7021 det_cnt -0.0389 seg_cnt -2.0414
[stage2] epoch 47/50 step 9 | loss 4.1239 | train det 0.0817 seg 0.0628 cnt 2.3953 | shared_pairs det_seg 88/288 det_cnt 98/288 seg_cnt 76/288 | scores det_seg -1.3315 det_cnt -0.3717 seg_cnt 0.2277
[stage2] epoch 47/50 step 10 | loss 2.0590 | train det 0.0118 seg 0.0634 cnt 1.3747 | shared_pairs det_seg 82/288 det_cnt 94/288 seg_cnt 84/288 | scores det_seg -1.6775 det_cnt -3.4500 seg_cnt 0.0512
[stage2] epoch 47/50 step 11 | loss 1.7512 | train det 0.0133 seg 0.0503 cnt 1.1488 | shared_pairs det_seg 87/288 det_cnt 96/288 seg_cnt 85/288 | scores det_seg 0.9474 det_cnt 0.7859 seg_cnt 1.7358
[stage2] epoch 47/50 step 12 | loss 1.2637 | train det 0.0092 seg 0.0476 cnt 0.7445 | shared_pairs det_seg 97/288 det_cnt 102/288 seg_cnt 66/288 | scores det_seg 0.8543 det_cnt -2.6982 seg_cnt -2.8223
[stage2] epoch 47/50 step 13 | loss 12.9961 | train det 0.0526 seg 0.0601 cnt 11.7268 | shared_pairs det_seg 109/288 det_cnt 64/288 seg_cnt 88/288 | scores det_seg 1.5151 det_cnt -5.9617 seg_cnt 1.3342
[stage2] epoch 47/50 step 14 | loss 5.0547 | train det 0.0549 seg 0.1496 cnt 3.0349 | shared_pairs det_seg 111/288 det_cnt 83/288 seg_cnt 66/288 | scores det_seg 2.7722 det_cnt -3.5383 seg_cnt -2.9623
[stage2] epoch 47/50 step 15 | loss 2.3009 | train det 0.0399 seg 0.0702 cnt 1.1406 | shared_pairs det_seg 81/288 det_cnt 103/288 seg_cnt 79/288 | scores det_seg 2.7979 det_cnt 0.9888 seg_cnt 4.3213
[stage2] epoch 47/50 step 16 | loss 1.7794 | train det 0.0163 seg 0.0969 cnt 0.7598 | shared_pairs det_seg 110/288 det_cnt 99/288 seg_cnt 59/288 | scores det_seg 3.3384 det_cnt -1.2404 seg_cnt -1.3170
[stage2] epoch 47/50 step 17 | loss 2.0315 | train det 0.0376 seg 0.0640 cnt 0.9560 | shared_pairs det_seg 92/288 det_cnt 99/288 seg_cnt 75/288 | scores det_seg 0.9776 det_cnt 1.2887 seg_cnt -0.3201
[stage2] epoch 47/50 step 18 | loss 1.3673 | train det 0.0121 seg 0.0573 cnt 0.7265 | shared_pairs det_seg 90/288 det_cnt 112/288 seg_cnt 68/288 | scores det_seg 1.3961 det_cnt 5.8751 seg_cnt 0.6136
[stage2] epoch 47/50 step 19 | loss 1.9907 | train det 0.0100 seg 0.0948 cnt 1.0821 | shared_pairs det_seg 86/288 det_cnt 109/288 seg_cnt 62/288 | scores det_seg -0.9556 det_cnt 0.9286 seg_cnt -1.3715
[stage2] epoch 47/50 step 20 | loss 2.6448 | train det 0.0255 seg 0.1450 cnt 1.1025 | shared_pairs det_seg 97/288 det_cnt 98/288 seg_cnt 76/288 | scores det_seg -1.9463 det_cnt 1.3196 seg_cnt 4.9131
[stage2] epoch 47/50 step 21 | loss 4.1482 | train det 0.0486 seg 0.0778 cnt 2.7974 | shared_pairs det_seg 85/288 det_cnt 114/288 seg_cnt 70/288 | scores det_seg -0.3436 det_cnt 4.7878 seg_cnt 0.2553
[stage2] epoch 47/50 step 22 | loss 2.1675 | train det 0.0274 seg 0.0321 cnt 1.4989 | shared_pairs det_seg 108/288 det_cnt 77/288 seg_cnt 85/288 | scores det_seg 1.0044 det_cnt -7.2783 seg_cnt 0.2505
[stage2] epoch 47/50 | train 3.4959 | det 0.0354 seg 0.0800 cnt 2.3239 | selected_by_matrix_unit det_seg 2105 det_cnt 2104 seg_cnt 1598
[stage2] epoch 47 | val det 0.5352 seg 0.9549 miou 0.6584 cnt 3.3071 dens 8.264218e-01 mae 2.4806 total_mae 11.4092 | ap50 0.6587 | combo 1.720227
[stage2] epoch 48/50 step 1 | loss 12.9188 | train det 0.0519 seg 0.1077 cnt 11.2792 | shared_pairs det_seg 78/288 det_cnt 116/288 seg_cnt 72/288 | scores det_seg 2.0003 det_cnt 2.5976 seg_cnt -0.0708
[stage2] epoch 48/50 step 2 | loss 1.8053 | train det 0.0294 seg 0.0565 cnt 0.9123 | shared_pairs det_seg 91/288 det_cnt 116/288 seg_cnt 64/288 | scores det_seg -0.4844 det_cnt 6.1946 seg_cnt -2.4234
[stage2] epoch 48/50 step 3 | loss 2.2324 | train det 0.0460 seg 0.0727 cnt 0.9598 | shared_pairs det_seg 85/288 det_cnt 104/288 seg_cnt 85/288 | scores det_seg 0.5515 det_cnt 2.6979 seg_cnt 2.1956
[stage2] epoch 48/50 step 4 | loss 2.6310 | train det 0.0289 seg 0.1038 cnt 1.3670 | shared_pairs det_seg 85/288 det_cnt 112/288 seg_cnt 72/288 | scores det_seg 0.9056 det_cnt 5.9206 seg_cnt 2.5909
[stage2] epoch 48/50 step 5 | loss 2.3448 | train det 0.0138 seg 0.1657 cnt 0.8133 | shared_pairs det_seg 91/288 det_cnt 105/288 seg_cnt 67/288 | scores det_seg 0.9349 det_cnt 2.5715 seg_cnt 0.8561
[stage2] epoch 48/50 step 6 | loss 1.9163 | train det 0.0475 seg 0.0657 cnt 0.6779 | shared_pairs det_seg 98/288 det_cnt 102/288 seg_cnt 61/288 | scores det_seg -0.9570 det_cnt 2.5224 seg_cnt -4.4064
[stage2] epoch 48/50 step 7 | loss 2.2327 | train det 0.0261 seg 0.0567 cnt 1.3875 | shared_pairs det_seg 86/288 det_cnt 105/288 seg_cnt 66/288 | scores det_seg 0.1963 det_cnt 6.9616 seg_cnt 1.0872
[stage2] epoch 48/50 step 8 | loss 2.2321 | train det 0.0233 seg 0.0732 cnt 1.2980 | shared_pairs det_seg 85/288 det_cnt 100/288 seg_cnt 80/288 | scores det_seg 2.0916 det_cnt 1.7492 seg_cnt 4.1451
[stage2] epoch 48/50 step 9 | loss 3.0385 | train det 0.0528 seg 0.0834 cnt 1.5797 | shared_pairs det_seg 106/288 det_cnt 89/288 seg_cnt 69/288 | scores det_seg -1.1299 det_cnt -1.3071 seg_cnt -0.9887
[stage2] epoch 48/50 step 10 | loss 6.8779 | train det 0.0583 seg 0.0802 cnt 5.3614 | shared_pairs det_seg 75/288 det_cnt 112/288 seg_cnt 73/288 | scores det_seg -2.1661 det_cnt 5.1711 seg_cnt 0.4961
[stage2] epoch 48/50 step 11 | loss 2.2634 | train det 0.0425 seg 0.0510 cnt 1.2184 | shared_pairs det_seg 98/288 det_cnt 82/288 seg_cnt 79/288 | scores det_seg 0.7306 det_cnt 1.7090 seg_cnt -2.3374
[stage2] epoch 48/50 step 12 | loss 1.6882 | train det 0.0175 seg 0.0507 cnt 1.0198 | shared_pairs det_seg 86/288 det_cnt 106/288 seg_cnt 72/288 | scores det_seg -2.9956 det_cnt 7.1391 seg_cnt 1.8664
[stage2] epoch 48/50 step 13 | loss 13.5764 | train det 0.0218 seg 0.0757 cnt 12.6441 | shared_pairs det_seg 113/288 det_cnt 80/288 seg_cnt 70/288 | scores det_seg 1.3589 det_cnt -2.0574 seg_cnt -1.4128
[stage2] epoch 48/50 step 14 | loss 1.6988 | train det 0.0220 seg 0.0801 cnt 0.7279 | shared_pairs det_seg 99/288 det_cnt 97/288 seg_cnt 68/288 | scores det_seg 3.0308 det_cnt -1.0179 seg_cnt -0.4703
[stage2] epoch 48/50 step 15 | loss 1.6775 | train det 0.0291 seg 0.0497 cnt 0.8426 | shared_pairs det_seg 90/288 det_cnt 108/288 seg_cnt 62/288 | scores det_seg -3.0773 det_cnt 3.1389 seg_cnt -3.1664
[stage2] epoch 48/50 step 16 | loss 5.1152 | train det 0.1908 seg 0.1040 cnt 1.4216 | shared_pairs det_seg 93/288 det_cnt 95/288 seg_cnt 67/288 | scores det_seg 1.5238 det_cnt 2.5730 seg_cnt 0.7382
[stage2] epoch 48/50 step 17 | loss 1.9487 | train det 0.0184 seg 0.0978 cnt 0.8902 | shared_pairs det_seg 90/288 det_cnt 97/288 seg_cnt 80/288 | scores det_seg 1.7021 det_cnt -3.0541 seg_cnt -1.3006
[stage2] epoch 48/50 step 18 | loss 2.4190 | train det 0.0609 seg 0.0942 cnt 0.7515 | shared_pairs det_seg 86/288 det_cnt 102/288 seg_cnt 82/288 | scores det_seg 1.6908 det_cnt 5.6581 seg_cnt 0.4426
[stage2] epoch 48/50 step 19 | loss 2.9874 | train det 0.0547 seg 0.0935 cnt 1.4188 | shared_pairs det_seg 104/288 det_cnt 93/288 seg_cnt 69/288 | scores det_seg 2.4374 det_cnt 0.9252 seg_cnt 1.8810
[stage2] epoch 48/50 step 20 | loss 2.0048 | train det 0.0228 seg 0.0557 cnt 1.2170 | shared_pairs det_seg 94/288 det_cnt 103/288 seg_cnt 65/288 | scores det_seg -1.8477 det_cnt 3.3313 seg_cnt -1.3826
[stage2] epoch 48/50 step 21 | loss 2.9663 | train det 0.0475 seg 0.0673 cnt 1.7150 | shared_pairs det_seg 83/288 det_cnt 92/288 seg_cnt 85/288 | scores det_seg -0.5847 det_cnt 0.4032 seg_cnt -0.5511
[stage2] epoch 48/50 step 22 | loss 6.7480 | train det 0.0301 seg 0.2068 cnt 4.6422 | shared_pairs det_seg 94/288 det_cnt 101/288 seg_cnt 61/288 | scores det_seg -1.9510 det_cnt -0.4870 seg_cnt -4.9389
[stage2] epoch 48/50 | train 3.7874 | det 0.0425 seg 0.0860 cnt 2.4611 | selected_by_matrix_unit det_seg 2010 det_cnt 2217 seg_cnt 1569
[stage2] epoch 48 | val det 0.5475 seg 0.9582 miou 0.6584 cnt 3.3036 dens 8.270627e-01 mae 2.4765 total_mae 11.4946 | ap50 0.6579 | combo 1.720011
[stage2] epoch 49/50 step 1 | loss 4.5894 | train det 0.0312 seg 0.1426 cnt 2.9815 | shared_pairs det_seg 83/288 det_cnt 103/288 seg_cnt 71/288 | scores det_seg -4.1769 det_cnt -1.4735 seg_cnt -0.5386
[stage2] epoch 49/50 step 2 | loss 3.9415 | train det 0.1630 seg 0.0895 cnt 0.7814 | shared_pairs det_seg 99/288 det_cnt 103/288 seg_cnt 71/288 | scores det_seg 1.5235 det_cnt -0.0981 seg_cnt -0.9684
[stage2] epoch 49/50 step 3 | loss 1.8249 | train det 0.0097 seg 0.0550 cnt 1.2399 | shared_pairs det_seg 108/288 det_cnt 96/288 seg_cnt 65/288 | scores det_seg 2.3018 det_cnt 0.8231 seg_cnt -1.2334
[stage2] epoch 49/50 step 4 | loss 2.6634 | train det 0.0580 seg 0.0685 cnt 1.2454 | shared_pairs det_seg 101/288 det_cnt 94/288 seg_cnt 65/288 | scores det_seg 0.9678 det_cnt 0.8269 seg_cnt -2.3310
[stage2] epoch 49/50 step 5 | loss 2.9902 | train det 0.0527 seg 0.0283 cnt 1.9731 | shared_pairs det_seg 91/288 det_cnt 103/288 seg_cnt 69/288 | scores det_seg -1.9292 det_cnt -0.5432 seg_cnt -1.8267
[stage2] epoch 49/50 step 6 | loss 5.5912 | train det 0.0398 seg 0.0611 cnt 4.5059 | shared_pairs det_seg 107/288 det_cnt 85/288 seg_cnt 70/288 | scores det_seg 1.5951 det_cnt -0.7366 seg_cnt -1.1022
[stage2] epoch 49/50 step 7 | loss 2.9413 | train det 0.0413 seg 0.1039 cnt 1.4905 | shared_pairs det_seg 91/288 det_cnt 85/288 seg_cnt 80/288 | scores det_seg -2.2694 det_cnt 0.4602 seg_cnt -0.8196
[stage2] epoch 49/50 step 8 | loss 1.6333 | train det 0.0149 seg 0.0875 cnt 0.7101 | shared_pairs det_seg 87/288 det_cnt 89/288 seg_cnt 85/288 | scores det_seg -2.5011 det_cnt -2.4621 seg_cnt 2.7333
[stage2] epoch 49/50 step 9 | loss 2.4588 | train det 0.0197 seg 0.0827 cnt 1.5019 | shared_pairs det_seg 108/288 det_cnt 79/288 seg_cnt 88/288 | scores det_seg 3.3516 det_cnt -4.9020 seg_cnt 2.8066
[stage2] epoch 49/50 step 10 | loss 2.3846 | train det 0.0242 seg 0.0832 cnt 1.3551 | shared_pairs det_seg 86/288 det_cnt 98/288 seg_cnt 77/288 | scores det_seg -2.9950 det_cnt -3.1366 seg_cnt 0.6350
[stage2] epoch 49/50 step 11 | loss 6.1842 | train det 0.2101 seg 0.0693 cnt 2.4780 | shared_pairs det_seg 82/288 det_cnt 98/288 seg_cnt 74/288 | scores det_seg -1.2649 det_cnt -0.4830 seg_cnt 0.0346
[stage2] epoch 49/50 step 12 | loss 1.7839 | train det 0.0198 seg 0.0821 cnt 0.8298 | shared_pairs det_seg 92/288 det_cnt 101/288 seg_cnt 72/288 | scores det_seg -1.4896 det_cnt 2.6687 seg_cnt -4.6894
[stage2] epoch 49/50 step 13 | loss 4.6955 | train det 0.0599 seg 0.0634 cnt 3.2892 | shared_pairs det_seg 88/288 det_cnt 98/288 seg_cnt 75/288 | scores det_seg -2.5781 det_cnt 1.8836 seg_cnt -0.4709
[stage2] epoch 49/50 step 14 | loss 2.0778 | train det 0.0398 seg 0.0908 cnt 0.7546 | shared_pairs det_seg 83/288 det_cnt 113/288 seg_cnt 75/288 | scores det_seg 0.3789 det_cnt 5.2212 seg_cnt -0.8165
[stage2] epoch 49/50 step 15 | loss 2.7284 | train det 0.0681 seg 0.0514 cnt 1.2962 | shared_pairs det_seg 90/288 det_cnt 85/288 seg_cnt 86/288 | scores det_seg -2.8148 det_cnt -7.3195 seg_cnt 1.9291
[stage2] epoch 49/50 step 16 | loss 2.5362 | train det 0.0246 seg 0.1249 cnt 1.1677 | shared_pairs det_seg 94/288 det_cnt 74/288 seg_cnt 92/288 | scores det_seg -3.3865 det_cnt -4.9097 seg_cnt 2.7165
[stage2] epoch 49/50 step 17 | loss 2.7085 | train det 0.0343 seg 0.0457 cnt 1.8283 | shared_pairs det_seg 99/288 det_cnt 96/288 seg_cnt 75/288 | scores det_seg 2.3809 det_cnt 2.1677 seg_cnt 2.6412
[stage2] epoch 49/50 step 18 | loss 5.5947 | train det 0.0208 seg 0.1249 cnt 4.2836 | shared_pairs det_seg 91/288 det_cnt 87/288 seg_cnt 85/288 | scores det_seg -2.7265 det_cnt -0.6370 seg_cnt 2.4084
[stage2] epoch 49/50 step 19 | loss 2.6296 | train det 0.0302 seg 0.0760 cnt 1.5686 | shared_pairs det_seg 89/288 det_cnt 91/288 seg_cnt 87/288 | scores det_seg -1.4880 det_cnt -2.6005 seg_cnt 1.9486
[stage2] epoch 49/50 step 20 | loss 4.4339 | train det 0.1777 seg 0.1247 cnt 0.7699 | shared_pairs det_seg 99/288 det_cnt 102/288 seg_cnt 64/288 | scores det_seg 0.6097 det_cnt 2.3141 seg_cnt -3.6038
[stage2] epoch 49/50 step 21 | loss 2.6443 | train det 0.0126 seg 0.1208 cnt 1.4885 | shared_pairs det_seg 91/288 det_cnt 84/288 seg_cnt 92/288 | scores det_seg -1.9176 det_cnt -4.9681 seg_cnt 4.1162
[stage2] epoch 49/50 step 22 | loss 3.0336 | train det 0.0594 seg 0.1011 cnt 1.3342 | shared_pairs det_seg 88/288 det_cnt 106/288 seg_cnt 71/288 | scores det_seg 2.0399 det_cnt 3.5341 seg_cnt 2.6018
[stage2] epoch 49/50 | train 3.2759 | det 0.0551 seg 0.0853 cnt 1.7670 | selected_by_matrix_unit det_seg 2047 det_cnt 2070 seg_cnt 1689
[stage2] epoch 49 | val det 0.5418 seg 0.9539 miou 0.6574 cnt 3.2986 dens 8.268355e-01 mae 2.4717 total_mae 11.4637 | ap50 0.6586 | combo 1.720565
[stage2] epoch 50/50 step 1 | loss 2.7597 | train det 0.0373 seg 0.1475 cnt 1.0204 | shared_pairs det_seg 97/288 det_cnt 94/288 seg_cnt 69/288 | scores det_seg -2.5213 det_cnt 0.0030 seg_cnt -1.5376
[stage2] epoch 50/50 step 2 | loss 3.2890 | train det 0.0834 seg 0.1455 cnt 0.8738 | shared_pairs det_seg 73/288 det_cnt 124/288 seg_cnt 72/288 | scores det_seg -1.6052 det_cnt 4.5222 seg_cnt 0.1043
[stage2] epoch 50/50 step 3 | loss 1.3108 | train det 0.0122 seg 0.0850 cnt 0.4479 | shared_pairs det_seg 98/288 det_cnt 109/288 seg_cnt 61/288 | scores det_seg 2.1804 det_cnt 4.7816 seg_cnt -3.1244
[stage2] epoch 50/50 step 4 | loss 1.9127 | train det 0.0109 seg 0.0897 cnt 1.0315 | shared_pairs det_seg 89/288 det_cnt 85/288 seg_cnt 90/288 | scores det_seg -1.7525 det_cnt -1.0966 seg_cnt 2.3335
[stage2] epoch 50/50 step 5 | loss 5.9521 | train det 0.1866 seg 0.0663 cnt 2.6224 | shared_pairs det_seg 93/288 det_cnt 94/288 seg_cnt 82/288 | scores det_seg -4.9628 det_cnt -3.3835 seg_cnt -1.4893
[stage2] epoch 50/50 step 6 | loss 2.4686 | train det 0.0167 seg 0.0874 cnt 1.5180 | shared_pairs det_seg 102/288 det_cnt 80/288 seg_cnt 71/288 | scores det_seg 0.8656 det_cnt -2.2878 seg_cnt -0.1579
[stage2] epoch 50/50 step 7 | loss 1.5662 | train det 0.0064 seg 0.0823 cnt 0.8119 | shared_pairs det_seg 90/288 det_cnt 91/288 seg_cnt 69/288 | scores det_seg -0.7034 det_cnt -1.3370 seg_cnt -1.6692
[stage2] epoch 50/50 step 8 | loss 2.5179 | train det 0.0480 seg 0.0591 cnt 1.3255 | shared_pairs det_seg 98/288 det_cnt 102/288 seg_cnt 68/288 | scores det_seg -2.3416 det_cnt 0.9463 seg_cnt -1.8713
[stage2] epoch 50/50 step 9 | loss 1.9065 | train det 0.0363 seg 0.0749 cnt 0.7630 | shared_pairs det_seg 102/288 det_cnt 80/288 seg_cnt 81/288 | scores det_seg -0.8861 det_cnt -6.1203 seg_cnt 1.3735
[stage2] epoch 50/50 step 10 | loss 4.0162 | train det 0.0474 seg 0.0859 cnt 2.6190 | shared_pairs det_seg 78/288 det_cnt 117/288 seg_cnt 76/288 | scores det_seg -1.7333 det_cnt 3.8839 seg_cnt 0.0969
[stage2] epoch 50/50 step 11 | loss 2.7204 | train det 0.0409 seg 0.0907 cnt 1.3809 | shared_pairs det_seg 103/288 det_cnt 92/288 seg_cnt 68/288 | scores det_seg 4.3047 det_cnt -2.4483 seg_cnt -0.4238
[stage2] epoch 50/50 step 12 | loss 2.4561 | train det 0.0361 seg 0.0952 cnt 1.1535 | shared_pairs det_seg 96/288 det_cnt 82/288 seg_cnt 78/288 | scores det_seg -1.6349 det_cnt -6.9776 seg_cnt -4.0294
[stage2] epoch 50/50 step 13 | loss 2.2716 | train det 0.0203 seg 0.1238 cnt 0.9769 | shared_pairs det_seg 106/288 det_cnt 92/288 seg_cnt 70/288 | scores det_seg 0.9125 det_cnt -2.7192 seg_cnt -3.4844
[stage2] epoch 50/50 step 14 | loss 1.8753 | train det 0.0179 seg 0.0854 cnt 0.9243 | shared_pairs det_seg 72/288 det_cnt 112/288 seg_cnt 80/288 | scores det_seg -2.3830 det_cnt 4.9903 seg_cnt 1.0804
[stage2] epoch 50/50 step 15 | loss 3.1199 | train det 0.1495 seg 0.0591 cnt 0.4051 | shared_pairs det_seg 95/288 det_cnt 88/288 seg_cnt 83/288 | scores det_seg 0.6553 det_cnt 3.9462 seg_cnt 2.6612
[stage2] epoch 50/50 step 16 | loss 2.2176 | train det 0.0227 seg 0.1119 cnt 0.9828 | shared_pairs det_seg 109/288 det_cnt 80/288 seg_cnt 74/288 | scores det_seg 3.1027 det_cnt -0.7115 seg_cnt 3.3911
[stage2] epoch 50/50 step 17 | loss 3.2383 | train det 0.0260 seg 0.0459 cnt 2.4811 | shared_pairs det_seg 101/288 det_cnt 80/288 seg_cnt 76/288 | scores det_seg 2.2589 det_cnt -3.0841 seg_cnt 1.4501
[stage2] epoch 50/50 step 18 | loss 2.5243 | train det 0.0166 seg 0.0900 cnt 1.5553 | shared_pairs det_seg 96/288 det_cnt 82/288 seg_cnt 74/288 | scores det_seg -2.2509 det_cnt -1.7180 seg_cnt -2.8410
[stage2] epoch 50/50 step 19 | loss 1.8344 | train det 0.0179 seg 0.0891 cnt 0.8527 | shared_pairs det_seg 96/288 det_cnt 103/288 seg_cnt 59/288 | scores det_seg -2.2455 det_cnt 0.8673 seg_cnt -3.5435
[stage2] epoch 50/50 step 20 | loss 3.3642 | train det 0.0936 seg 0.0791 cnt 1.3267 | shared_pairs det_seg 97/288 det_cnt 93/288 seg_cnt 69/288 | scores det_seg 2.9264 det_cnt 2.9389 seg_cnt -2.0585
[stage2] epoch 50/50 step 21 | loss 1.7226 | train det 0.0092 seg 0.1060 cnt 0.7368 | shared_pairs det_seg 99/288 det_cnt 88/288 seg_cnt 82/288 | scores det_seg -0.7389 det_cnt -2.5983 seg_cnt 3.9909
[stage2] epoch 50/50 step 22 | loss 3.9747 | train det 0.0136 seg 0.1585 cnt 2.5030 | shared_pairs det_seg 107/288 det_cnt 83/288 seg_cnt 77/288 | scores det_seg 2.9637 det_cnt -4.7393 seg_cnt 2.4682
[stage2] epoch 50/50 | train 2.6827 | det 0.0431 seg 0.0936 cnt 1.2869 | selected_by_matrix_unit det_seg 2097 det_cnt 2051 seg_cnt 1629
[stage2] epoch 50 | val det 0.5548 seg 0.9561 miou 0.6585 cnt 3.3110 dens 8.266246e-01 mae 2.4844 total_mae 11.4272 | ap50 0.6567 | combo 1.717757
[ckpt] saved stage2 best -> runs/415_10per/best_combo.pt (combo 1.728612)
swanlab: 🏠 View project at https://swanlab.cn/@blacknwhit/115_grpo_mainonly
swanlab: 🚀 View run at 
https://swanlab.cn/@blacknwhit/115_grpo_mainonly/runs/sa38el0e0jdvcoojlc4pq
