swanlab: Tracking run with swanlab version 0.7.14
swanlab: Run data will be saved locally in 
/data/xiangyuyue/ULLM-zf/fsl-20260209/runs/115_grpo_mainonly_vitmae/swanlog/run-20260418_15004
1-xg8pa3trjssmv0iqkw5b4
swanlab: 👋 Hi blacknwhit,welcome to swanlab!
swanlab: Syncing run 115_grpo_mainonly_vitmae to the cloud
swanlab: 🏠 View project at https://swanlab.cn/@blacknwhit/115_grpo_mainonly
swanlab: 🚀 View run at 
https://swanlab.cn/@blacknwhit/115_grpo_mainonly/runs/xg8pa3trjssmv0iqkw5b4
[train] Backbone params: 0
[train] LoRA-MoE params: 10936320
[train] Det head params: 14940596
[train] Seg head params: 14763531
[train] Cnt head params: 14759688
[stage1] epoch 1/1 step 1 | loss 1095802.4073 | w [15.0, 8.0, 1.0] | train det 3.7679 seg 2.5486 cnt 1095725.5000
[stage1] epoch 1/1 step 2 | loss 2797468.0459 | w [15.0, 8.0, 1.0] | train det 2.8284 seg 2.7026 cnt 2797404.0000
[stage1] epoch 1/1 step 3 | loss 1726285.6863 | w [15.0, 8.0, 1.0] | train det 1.7713 seg 3.1864 cnt 1726233.6250
[stage1] epoch 1/1 step 4 | loss 1183643.6207 | w [15.0, 8.0, 1.0] | train det 0.9840 seg 2.8888 cnt 1183605.7500
[stage1] epoch 1/1 step 5 | loss 846559.6515 | w [15.0, 8.0, 1.0] | train det 0.9012 seg 2.7354 cnt 846524.2500
[stage1] epoch 1/1 step 6 | loss 728727.8332 | w [15.0, 8.0, 1.0] | train det 0.8296 seg 3.1111 cnt 728690.5000
[stage1] epoch 1/1 step 7 | loss 670994.5762 | w [15.0, 8.0, 1.0] | train det 0.8661 seg 1.9481 cnt 670966.0000
[stage1] epoch 1/1 step 8 | loss 641599.6474 | w [15.0, 8.0, 1.0] | train det 0.9021 seg 2.0379 cnt 641569.8125
[stage1] epoch 1/1 step 9 | loss 581335.0494 | w [15.0, 8.0, 1.0] | train det 1.0091 seg 2.2156 cnt 581302.1875
[stage1] epoch 1/1 step 10 | loss 540722.8374 | w [15.0, 8.0, 1.0] | train det 1.0519 seg 2.6793 cnt 540685.6250
[stage1] epoch 1/1 step 11 | loss 485159.9588 | w [15.0, 8.0, 1.0] | train det 1.2002 seg 1.7797 cnt 485127.7188
[stage1] epoch 1/1 step 12 | loss 444244.1274 | w [15.0, 8.0, 1.0] | train det 0.7891 seg 2.5677 cnt 444211.7500
[stage1] epoch 1/1 step 13 | loss 401365.3834 | w [15.0, 8.0, 1.0] | train det 1.0934 seg 1.8338 cnt 401334.3125
[stage1] epoch 1/1 step 14 | loss 363534.7316 | w [15.0, 8.0, 1.0] | train det 0.9283 seg 2.1244 cnt 363503.8125
[stage1] epoch 1/1 step 15 | loss 348387.9605 | w [15.0, 8.0, 1.0] | train det 1.1268 seg 2.0619 cnt 348354.5625
[stage1] epoch 1/1 step 16 | loss 319647.9252 | w [15.0, 8.0, 1.0] | train det 1.0088 seg 1.8999 cnt 319617.5938
[stage1] epoch 1/1 step 17 | loss 301929.8596 | w [15.0, 8.0, 1.0] | train det 0.6845 seg 1.7810 cnt 301905.3438
[stage1] epoch 1/1 step 18 | loss 279250.7504 | w [15.0, 8.0, 1.0] | train det 0.8334 seg 1.8984 cnt 279223.0625
[stage1] epoch 1/1 step 19 | loss 238804.1035 | w [15.0, 8.0, 1.0] | train det 0.9513 seg 1.8093 cnt 238775.3594
[stage1] epoch 1/1 step 20 | loss 225251.4043 | w [15.0, 8.0, 1.0] | train det 1.0931 seg 2.5634 cnt 225214.5000
[stage1] epoch 1/1 step 21 | loss 239932.7081 | w [15.0, 8.0, 1.0] | train det 0.5241 seg 1.7347 cnt 239910.9688
[stage1] epoch 1/1 step 22 | loss 204758.3409 | w [15.0, 8.0, 1.0] | train det 0.5770 seg 1.9804 cnt 204733.8438
[stage1] epoch 1/1 step 23 | loss 182527.1943 | w [15.0, 8.0, 1.0] | train det 1.1865 seg 1.8250 cnt 182494.7969
[stage1] epoch 1/1 step 24 | loss 171987.2181 | w [15.0, 8.0, 1.0] | train det 0.3909 seg 2.0834 cnt 171964.6875
[stage1] epoch 1/1 step 25 | loss 155939.2043 | w [15.0, 8.0, 1.0] | train det 0.5307 seg 2.3644 cnt 155912.3281
[stage1] epoch 1/1 step 26 | loss 136246.7554 | w [15.0, 8.0, 1.0] | train det 1.2610 seg 2.6362 cnt 136206.7500
[stage1] epoch 1/1 step 27 | loss 124481.1211 | w [15.0, 8.0, 1.0] | train det 0.4403 seg 1.8811 cnt 124459.4688
[stage1] epoch 1/1 step 28 | loss 133177.3342 | w [15.0, 8.0, 1.0] | train det 0.4946 seg 2.0323 cnt 133153.6562
[stage1] epoch 1/1 step 29 | loss 112308.1176 | w [15.0, 8.0, 1.0] | train det 0.5326 seg 1.6753 cnt 112286.7266
[stage1] epoch 1/1 step 30 | loss 93708.9499 | w [15.0, 8.0, 1.0] | train det 0.5043 seg 2.2230 cnt 93683.6016
[stage1] epoch 1/1 step 31 | loss 106363.0672 | w [15.0, 8.0, 1.0] | train det 0.3951 seg 2.0781 cnt 106340.5156
[stage1] epoch 1/1 step 32 | loss 78294.0369 | w [15.0, 8.0, 1.0] | train det 0.2652 seg 1.9273 cnt 78274.6406
[stage1] epoch 1/1 step 33 | loss 73797.6182 | w [15.0, 8.0, 1.0] | train det 0.4924 seg 2.1902 cnt 73772.7109
[stage1] epoch 1/1 step 34 | loss 64688.2072 | w [15.0, 8.0, 1.0] | train det 0.4551 seg 2.4373 cnt 64661.8828
[stage1] epoch 1/1 step 35 | loss 60051.8776 | w [15.0, 8.0, 1.0] | train det 0.1948 seg 1.6248 cnt 60035.9570
[stage1] epoch 1/1 step 36 | loss 54202.2167 | w [15.0, 8.0, 1.0] | train det 0.3843 seg 1.9423 cnt 54180.9141
[stage1] epoch 1/1 step 37 | loss 59622.0902 | w [15.0, 8.0, 1.0] | train det 0.4540 seg 1.6883 cnt 59601.7734
[stage1] epoch 1/1 step 38 | loss 52591.5627 | w [15.0, 8.0, 1.0] | train det 0.3647 seg 2.1335 cnt 52569.0234
[stage1] epoch 1/1 step 39 | loss 46090.8522 | w [15.0, 8.0, 1.0] | train det 0.8526 seg 1.7305 cnt 46064.2188
[stage1] epoch 1/1 step 40 | loss 39806.8528 | w [15.0, 8.0, 1.0] | train det 0.2741 seg 2.6054 cnt 39781.8984
[stage1] epoch 1/1 step 41 | loss 60712.0597 | w [15.0, 8.0, 1.0] | train det 1.2707 seg 1.5503 cnt 60680.5977
[stage1] epoch 1/1 step 42 | loss 34087.1791 | w [15.0, 8.0, 1.0] | train det 0.5494 seg 1.9155 cnt 34063.6133
[stage1] epoch 1/1 step 43 | loss 31517.4957 | w [15.0, 8.0, 1.0] | train det 0.3870 seg 2.3890 cnt 31492.5781
[stage1] epoch 1/1 step 44 | loss 32501.9323 | w [15.0, 8.0, 1.0] | train det 0.3268 seg 2.2221 cnt 32479.2539
[stage1] epoch 1/1 step 45 | loss 27962.1524 | w [15.0, 8.0, 1.0] | train det 0.6062 seg 1.9512 cnt 27937.4492
[stage1] epoch 1/1 step 46 | loss 28332.3448 | w [15.0, 8.0, 1.0] | train det 0.2769 seg 1.5811 cnt 28315.5430
[stage1] epoch 1/1 step 47 | loss 22433.5682 | w [15.0, 8.0, 1.0] | train det 0.5510 seg 2.4838 cnt 22405.4336
[stage1] epoch 1/1 step 48 | loss 23217.6426 | w [15.0, 8.0, 1.0] | train det 0.5181 seg 1.6840 cnt 23196.3984
[stage1] epoch 1/1 step 49 | loss 22333.7394 | w [15.0, 8.0, 1.0] | train det 0.3958 seg 1.7585 cnt 22313.7344
[stage1] epoch 1/1 step 50 | loss 19029.4828 | w [15.0, 8.0, 1.0] | train det 0.4179 seg 1.8368 cnt 19008.5195
[stage1] epoch 1/1 step 51 | loss 18971.7564 | w [15.0, 8.0, 1.0] | train det 0.3544 seg 2.1206 cnt 18949.4766
[stage1] epoch 1/1 step 52 | loss 16112.9046 | w [15.0, 8.0, 1.0] | train det 0.3605 seg 2.3726 cnt 16088.5156
[stage1] epoch 1/1 step 53 | loss 15755.8111 | w [15.0, 8.0, 1.0] | train det 0.3047 seg 1.9386 cnt 15735.7314
[stage1] epoch 1/1 step 54 | loss 18222.9862 | w [15.0, 8.0, 1.0] | train det 0.8641 seg 1.8561 cnt 18195.1758
[stage1] epoch 1/1 step 55 | loss 12687.3354 | w [15.0, 8.0, 1.0] | train det 0.4709 seg 2.0088 cnt 12664.2012
[stage1] epoch 1/1 step 56 | loss 13495.3267 | w [15.0, 8.0, 1.0] | train det 0.4791 seg 1.7255 cnt 13474.3359
[stage1] epoch 1/1 step 57 | loss 13158.9270 | w [15.0, 8.0, 1.0] | train det 0.4967 seg 2.6789 cnt 13130.0449
[stage1] epoch 1/1 step 58 | loss 11361.5328 | w [15.0, 8.0, 1.0] | train det 0.6113 seg 3.0490 cnt 11327.9707
[stage1] epoch 1/1 step 59 | loss 9173.0830 | w [15.0, 8.0, 1.0] | train det 0.2273 seg 1.8625 cnt 9154.7734
[stage1] epoch 1/1 step 60 | loss 9241.8858 | w [15.0, 8.0, 1.0] | train det 0.3549 seg 1.8096 cnt 9222.0859
[stage1] epoch 1/1 step 61 | loss 10748.0086 | w [15.0, 8.0, 1.0] | train det 0.2075 seg 1.9714 cnt 10729.1250
[stage1] epoch 1/1 step 62 | loss 8265.4467 | w [15.0, 8.0, 1.0] | train det 0.4983 seg 1.6931 cnt 8244.4277
[stage1] epoch 1/1 step 63 | loss 8751.0035 | w [15.0, 8.0, 1.0] | train det 0.5549 seg 2.0522 cnt 8726.2617
[stage1] epoch 1/1 step 64 | loss 7078.8500 | w [15.0, 8.0, 1.0] | train det 0.7260 seg 1.9911 cnt 7052.0303
[stage1] epoch 1/1 step 65 | loss 6417.1131 | w [15.0, 8.0, 1.0] | train det 0.3121 seg 1.9854 cnt 6396.5479
[stage1] epoch 1/1 step 66 | loss 9588.9288 | w [15.0, 8.0, 1.0] | train det 0.2704 seg 1.8048 cnt 9570.4346
[stage1] epoch 1/1 step 67 | loss 7849.1071 | w [15.0, 8.0, 1.0] | train det 0.2752 seg 2.5557 cnt 7824.5342
[stage1] epoch 1/1 step 68 | loss 5529.8328 | w [15.0, 8.0, 1.0] | train det 0.3711 seg 2.6182 cnt 5503.3203
[stage1] epoch 1/1 step 69 | loss 4719.8077 | w [15.0, 8.0, 1.0] | train det 0.5370 seg 1.9907 cnt 4695.8276
[stage1] epoch 1/1 step 70 | loss 6873.7741 | w [15.0, 8.0, 1.0] | train det 0.4426 seg 1.6568 cnt 6853.8809
[stage1] epoch 1/1 step 71 | loss 4393.8131 | w [15.0, 8.0, 1.0] | train det 0.4903 seg 2.4755 cnt 4366.6538
[stage1] epoch 1/1 step 72 | loss 4538.2856 | w [15.0, 8.0, 1.0] | train det 0.7610 seg 2.1737 cnt 4509.4805
[stage1] epoch 1/1 step 73 | loss 5231.2037 | w [15.0, 8.0, 1.0] | train det 0.3068 seg 2.1134 cnt 5209.6943
[stage1] epoch 1/1 step 74 | loss 4072.8183 | w [15.0, 8.0, 1.0] | train det 0.4996 seg 1.6468 cnt 4052.1501swanlab: swanlab version 0.7.15 is available!  Upgrade: `pip install -U swanlab`
swanlab: Tracking run with swanlab version 0.7.14
swanlab: Run data will be saved locally in 
/data/xiangyuyue/ULLM-zf/fsl-20260209/runs/115_grpo_mainonly_vitmae/swanlog/run-20260418_152034
-nixofwekstcekdarywikp
swanlab: 👋 Hi blacknwhit,welcome to swanlab!
swanlab: Syncing run 115_grpo_mainonly_vitmae to the cloud
swanlab: 🏠 View project at https://swanlab.cn/@blacknwhit/115_grpo_mainonly
swanlab: 🚀 View run at 
https://swanlab.cn/@blacknwhit/115_grpo_mainonly/runs/nixofwekstcekdarywikp
[train] Backbone params: 0
[train] LoRA-MoE params: 10936320
[train] Det head params: 14940596
[train] Seg head params: 14763531
[train] Cnt head params: 14759688
[stage1] epoch 1/1 step 1 | loss 1059642.0554 | w [15.0, 8.0, 1.0] | train det 3.7855 seg 2.5184 cnt 1059565.1250
[stage1] epoch 1/1 step 2 | loss 1014933.8234 | w [15.0, 8.0, 1.0] | train det 3.2639 seg 2.3659 cnt 1014865.9375
[stage1] epoch 1/1 step 3 | loss 929380.8851 | w [15.0, 8.0, 1.0] | train det 2.2893 seg 2.3417 cnt 929327.8125
[stage1] epoch 1/1 step 4 | loss 876911.0773 | w [15.0, 8.0, 1.0] | train det 1.6412 seg 2.2995 cnt 876868.0625
[stage1] epoch 1/1 step 5 | loss 832790.0896 | w [15.0, 8.0, 1.0] | train det 1.5072 seg 2.2477 cnt 832749.5000
[stage1] epoch 1/1 step 6 | loss 781188.3138 | w [15.0, 8.0, 1.0] | train det 1.0232 seg 1.9254 cnt 781157.5625
[stage1] epoch 1/1 step 7 | loss 709987.1967 | w [15.0, 8.0, 1.0] | train det 0.9915 seg 1.7592 cnt 709958.2500
[stage1] epoch 1/1 step 8 | loss 670681.4366 | w [15.0, 8.0, 1.0] | train det 1.0267 seg 2.0905 cnt 670649.3125
[stage1] epoch 1/1 step 9 | loss 618481.8529 | w [15.0, 8.0, 1.0] | train det 0.9730 seg 2.0791 cnt 618450.6250
[stage1] epoch 1/1 step 10 | loss 586556.1119 | w [15.0, 8.0, 1.0] | train det 1.1245 seg 2.5150 cnt 586519.1250
[stage1] epoch 1/1 step 11 | loss 534744.9712 | w [15.0, 8.0, 1.0] | train det 1.5968 seg 1.5414 cnt 534708.6875
[stage1] epoch 1/1 step 12 | loss 502280.4865 | w [15.0, 8.0, 1.0] | train det 0.9698 seg 2.2892 cnt 502247.6250
[stage1] epoch 1/1 step 13 | loss 467150.3986 | w [15.0, 8.0, 1.0] | train det 1.3443 seg 1.7910 cnt 467115.9062
[stage1] epoch 1/1 step 14 | loss 420594.0294 | w [15.0, 8.0, 1.0] | train det 1.3134 seg 1.5020 cnt 420562.3125
[stage1] epoch 1/1 step 15 | loss 411556.4518 | w [15.0, 8.0, 1.0] | train det 1.5475 seg 1.7564 cnt 411519.1875
[stage1] epoch 1/1 step 16 | loss 363236.8142 | w [15.0, 8.0, 1.0] | train det 1.4262 seg 1.5371 cnt 363203.1250
[stage1] epoch 1/1 step 17 | loss 351865.3270 | w [15.0, 8.0, 1.0] | train det 0.9101 seg 1.6586 cnt 351838.4062
[stage1] epoch 1/1 step 18 | loss 325433.0344 | w [15.0, 8.0, 1.0] | train det 1.0190 seg 1.6405 cnt 325404.6250
[stage1] epoch 1/1 step 19 | loss 289746.3028 | w [15.0, 8.0, 1.0] | train det 1.3417 seg 1.4011 cnt 289714.9688
[stage1] epoch 1/1 step 20 | loss 273680.2335 | w [15.0, 8.0, 1.0] | train det 1.3261 seg 1.8787 cnt 273645.3125
[stage1] epoch 1/1 step 21 | loss 246130.6863 | w [15.0, 8.0, 1.0] | train det 0.7190 seg 1.7143 cnt 246106.1875
[stage1] epoch 1/1 step 22 | loss 234970.4597 | w [15.0, 8.0, 1.0] | train det 0.7570 seg 2.1908 cnt 234941.5781
[stage1] epoch 1/1 step 23 | loss 209361.4014 | w [15.0, 8.0, 1.0] | train det 1.5022 seg 1.1125 cnt 209329.9688
[stage1] epoch 1/1 step 24 | loss 197835.7010 | w [15.0, 8.0, 1.0] | train det 0.7655 seg 1.5156 cnt 197812.0938
[stage1] epoch 1/1 step 25 | loss 182299.1479 | w [15.0, 8.0, 1.0] | train det 0.7141 seg 1.8182 cnt 182273.8906
[stage1] epoch 1/1 step 26 | loss 163731.5825 | w [15.0, 8.0, 1.0] | train det 1.3731 seg 1.9202 cnt 163695.6250
[stage1] epoch 1/1 step 27 | loss 153117.2330 | w [15.0, 8.0, 1.0] | train det 0.7899 seg 1.6066 cnt 153092.5312
[stage1] epoch 1/1 step 28 | loss 143693.5076 | w [15.0, 8.0, 1.0] | train det 0.8036 seg 1.5449 cnt 143669.0938
[stage1] epoch 1/1 step 29 | loss 128481.8310 | w [15.0, 8.0, 1.0] | train det 0.7163 seg 1.4015 cnt 128459.8750
[stage1] epoch 1/1 step 30 | loss 116552.8632 | w [15.0, 8.0, 1.0] | train det 0.7524 seg 1.8943 cnt 116526.4219
[stage1] epoch 1/1 step 31 | loss 111312.1613 | w [15.0, 8.0, 1.0] | train det 0.7061 seg 1.4090 cnt 111290.2969
[stage1] epoch 1/1 step 32 | loss 100028.1913 | w [15.0, 8.0, 1.0] | train det 0.3805 seg 1.4374 cnt 100010.9844
[stage1] epoch 1/1 step 33 | loss 90351.0387 | w [15.0, 8.0, 1.0] | train det 0.7190 seg 1.5005 cnt 90328.2500
[stage1] epoch 1/1 step 34 | loss 82792.0512 | w [15.0, 8.0, 1.0] | train det 0.6212 seg 2.0584 cnt 82766.2656
[stage1] epoch 1/1 step 35 | loss 77086.4666 | w [15.0, 8.0, 1.0] | train det 0.4101 seg 1.6917 cnt 77066.7812
[stage1] epoch 1/1 step 36 | loss 69214.5310 | w [15.0, 8.0, 1.0] | train det 0.4093 seg 1.0529 cnt 69199.9688
[stage1] epoch 1/1 step 37 | loss 63841.2687 | w [15.0, 8.0, 1.0] | train det 0.6105 seg 1.5203 cnt 63819.9492
[stage1] epoch 1/1 step 38 | loss 58293.8860 | w [15.0, 8.0, 1.0] | train det 0.4509 seg 1.9059 cnt 58271.8750
[stage1] epoch 1/1 step 39 | loss 51236.8349 | w [15.0, 8.0, 1.0] | train det 0.7541 seg 1.3056 cnt 51215.0781
[stage1] epoch 1/1 step 40 | loss 46329.1902 | w [15.0, 8.0, 1.0] | train det 0.3490 seg 2.4925 cnt 46304.0156
[stage1] epoch 1/1 step 41 | loss 48965.6062 | w [15.0, 8.0, 1.0] | train det 1.3122 seg 1.2843 cnt 48935.6484
[stage1] epoch 1/1 step 42 | loss 38518.6984 | w [15.0, 8.0, 1.0] | train det 0.5634 seg 1.5226 cnt 38498.0664
[stage1] epoch 1/1 step 43 | loss 35164.1331 | w [15.0, 8.0, 1.0] | train det 0.4783 seg 2.3463 cnt 35138.1875
[stage1] epoch 1/1 step 44 | loss 31478.6331 | w [15.0, 8.0, 1.0] | train det 0.4818 seg 1.2684 cnt 31461.2598
[stage1] epoch 1/1 step 45 | loss 32479.3500 | w [15.0, 8.0, 1.0] | train det 0.5327 seg 1.0860 cnt 32462.6719
[stage1] epoch 1/1 step 46 | loss 25151.5191 | w [15.0, 8.0, 1.0] | train det 0.2840 seg 1.4631 cnt 25135.5547
[stage1] epoch 1/1 step 47 | loss 21707.3364 | w [15.0, 8.0, 1.0] | train det 0.6732 seg 2.3683 cnt 21678.2930
[stage1] epoch 1/1 step 48 | loss 21020.2658 | w [15.0, 8.0, 1.0] | train det 0.5411 seg 1.2874 cnt 21001.8496
[stage1] epoch 1/1 step 49 | loss 19705.7935 | w [15.0, 8.0, 1.0] | train det 0.4803 seg 1.2924 cnt 19688.2500
[stage1] epoch 1/1 step 50 | loss 16776.5102 | w [15.0, 8.0, 1.0] | train det 0.5691 seg 1.4054 cnt 16756.7305
[stage1] epoch 1/1 step 51 | loss 15432.2116 | w [15.0, 8.0, 1.0] | train det 0.3174 seg 1.1588 cnt 15418.1797
[stage1] epoch 1/1 step 52 | loss 13918.0691 | w [15.0, 8.0, 1.0] | train det 0.6096 seg 1.4569 cnt 13897.2695
[stage1] epoch 1/1 step 53 | loss 12133.7475 | w [15.0, 8.0, 1.0] | train det 0.3438 seg 1.2674 cnt 12118.4512
[stage1] epoch 1/1 step 54 | loss 11323.8985 | w [15.0, 8.0, 1.0] | train det 0.9832 seg 1.1228 cnt 11300.1680
[stage1] epoch 1/1 step 55 | loss 10203.2959 | w [15.0, 8.0, 1.0] | train det 0.5045 seg 2.1606 cnt 10178.4434
[stage1] epoch 1/1 step 56 | loss 11071.0818 | w [15.0, 8.0, 1.0] | train det 0.5059 seg 1.2547 cnt 11053.4561
[stage1] epoch 1/1 step 57 | loss 10205.3341 | w [15.0, 8.0, 1.0] | train det 0.5655 seg 1.7359 cnt 10182.9648
[stage1] epoch 1/1 step 58 | loss 8084.5154 | w [15.0, 8.0, 1.0] | train det 0.6402 seg 2.2747 cnt 8056.7148
[stage1] epoch 1/1 step 59 | loss 7116.4516 | w [15.0, 8.0, 1.0] | train det 0.2719 seg 1.0893 cnt 7103.6592
[stage1] epoch 1/1 step 60 | loss 7405.0272 | w [15.0, 8.0, 1.0] | train det 0.4085 seg 1.2511 cnt 7388.8906
[stage1] epoch 1/1 step 61 | loss 7457.7386 | w [15.0, 8.0, 1.0] | train det 0.2819 seg 1.3728 cnt 7442.5273
[stage1] epoch 1/1 step 62 | loss 6622.3117 | w [15.0, 8.0, 1.0] | train det 0.5735 seg 1.4110 cnt 6602.4219
[stage1] epoch 1/1 step 63 | loss 6333.9073 | w [15.0, 8.0, 1.0] | train det 0.5732 seg 1.8236 cnt 6310.7202
[stage1] epoch 1/1 step 64 | loss 5861.5222 | w [15.0, 8.0, 1.0] | train det 0.7167 seg 1.9522 cnt 5835.1538
[stage1] epoch 1/1 step 65 | loss 5734.1991 | w [15.0, 8.0, 1.0] | train det 0.3527 seg 1.5470 cnt 5716.5322
[stage1] epoch 1/1 step 66 | loss 7176.6170 | w [15.0, 8.0, 1.0] | train det 0.3879 seg 1.1465 cnt 7161.6270
[stage1] epoch 1/1 step 67 | loss 4963.4646 | w [15.0, 8.0, 1.0] | train det 0.3734 seg 1.7857 cnt 4943.5781
[stage1] epoch 1/1 step 68 | loss 4884.9129 | w [15.0, 8.0, 1.0] | train det 0.3909 seg 1.7725 cnt 4864.8696
[stage1] epoch 1/1 step 69 | loss 4105.3643 | w [15.0, 8.0, 1.0] | train det 0.6373 seg 1.2826 cnt 4085.5439
[stage1] epoch 1/1 step 70 | loss 3566.0245 | w [15.0, 8.0, 1.0] | train det 0.4948 seg 1.0306 cnt 3550.3574
[stage1] epoch 1/1 step 71 | loss 3467.4692 | w [15.0, 8.0, 1.0] | train det 0.6601 seg 1.7435 cnt 3443.6199
[stage1] epoch 1/1 step 72 | loss 3261.4228 | w [15.0, 8.0, 1.0] | train det 0.7151 seg 1.2177 cnt 3240.9546
[stage1] epoch 1/1 step 73 | loss 2888.9214 | w [15.0, 8.0, 1.0] | train det 0.3446 seg 1.3261 cnt 2873.1436
[stage1] epoch 1/1 step 74 | loss 2656.2671 | w [15.0, 8.0, 1.0] | train det 0.5278 seg 1.4436 cnt 2636.8020WARNING:__main__:
*****************************************
Setting OMP_NUM_THREADS environment variable for each process to be 1 in default, to avoid your system being overloaded, please further tune the variable for optimal performance in your application as needed. 
*****************************************
[rank3]:[W418 18:25:36.099535624 ProcessGroupNCCL.cpp:4115] [PG ID 0 PG GUID 0 Rank 3]  using GPU 3 to perform barrier as devices used by this process are currently unknown. This can potentially cause a hang if this rank to GPU mapping is incorrect.Specify device_ids in barrier() to force use of a particular device,or call init_process_group() with a device_id.
[rank0]:[W418 18:25:36.138260593 ProcessGroupNCCL.cpp:4115] [PG ID 0 PG GUID 0 Rank 0]  using GPU 0 to perform barrier as devices used by this process are currently unknown. This can potentially cause a hang if this rank to GPU mapping is incorrect.Specify device_ids in barrier() to force use of a particular device,or call init_process_group() with a device_id.
[rank2]:[W418 18:25:36.183530485 ProcessGroupNCCL.cpp:4115] [PG ID 0 PG GUID 0 Rank 2]  using GPU 2 to perform barrier as devices used by this process are currently unknown. This can potentially cause a hang if this rank to GPU mapping is incorrect.Specify device_ids in barrier() to force use of a particular device,or call init_process_group() with a device_id.
[rank6]:[W418 18:25:36.254654573 ProcessGroupNCCL.cpp:4115] [PG ID 0 PG GUID 0 Rank 6]  using GPU 6 to perform barrier as devices used by this process are currently unknown. This can potentially cause a hang if this rank to GPU mapping is incorrect.Specify device_ids in barrier() to force use of a particular device,or call init_process_group() with a device_id.
[rank4]:[W418 18:25:36.286613131 ProcessGroupNCCL.cpp:4115] [PG ID 0 PG GUID 0 Rank 4]  using GPU 4 to perform barrier as devices used by this process are currently unknown. This can potentially cause a hang if this rank to GPU mapping is incorrect.Specify device_ids in barrier() to force use of a particular device,or call init_process_group() with a device_id.
[rank7]:[W418 18:25:36.369396639 ProcessGroupNCCL.cpp:4115] [PG ID 0 PG GUID 0 Rank 7]  using GPU 7 to perform barrier as devices used by this process are currently unknown. This can potentially cause a hang if this rank to GPU mapping is incorrect.Specify device_ids in barrier() to force use of a particular device,or call init_process_group() with a device_id.
[rank1]:[W418 18:25:36.382941474 ProcessGroupNCCL.cpp:4115] [PG ID 0 PG GUID 0 Rank 1]  using GPU 1 to perform barrier as devices used by this process are currently unknown. This can potentially cause a hang if this rank to GPU mapping is incorrect.Specify device_ids in barrier() to force use of a particular device,or call init_process_group() with a device_id.
[rank5]:[W418 18:25:36.383146611 ProcessGroupNCCL.cpp:4115] [PG ID 0 PG GUID 0 Rank 5]  using GPU 5 to perform barrier as devices used by this process are currently unknown. This can potentially cause a hang if this rank to GPU mapping is incorrect.Specify device_ids in barrier() to force use of a particular device,or call init_process_group() with a device_id.
swanlab: swanlab version 0.7.15 is available!  Upgrade: `pip install -U swanlab`
swanlab: Tracking run with swanlab version 0.7.14
swanlab: Run data will be saved locally in 
/data/xiangyuyue/ULLM-zf/fsl-20260209/runs/115_grpo_mainonly_vitmae/swanlog/run-
20260418_182551-ozvndtqpxedeix7k076m9
swanlab: 👋 Hi blacknwhit,welcome to swanlab!
swanlab: Syncing run 115_grpo_mainonly_vitmae to the cloud
swanlab: 🏠 View project at https://swanlab.cn/@blacknwhit/115_grpo_mainonly
swanlab: 🚀 View run at 
https://swanlab.cn/@blacknwhit/115_grpo_mainonly/runs/ozvndtqpxedeix7k076m9
[train] Backbone params: 0
[train] LoRA-MoE params: 10936320
[train] Det head params: 14940596
[train] Seg head params: 14763531
[train] Cnt head params: 14759688
[stage1] epoch 1/100 step 1 | loss 1052746.0684 | w [15.0, 8.0, 1.0] | train det 3.8591 seg 2.4291 cnt 1052668.7500
[stage1] epoch 1/100 step 2 | loss 1044391.5744 | w [15.0, 8.0, 1.0] | train det 3.6472 seg 2.4208 cnt 1044317.5000
[stage1] epoch 1/100 step 3 | loss 977252.0049 | w [15.0, 8.0, 1.0] | train det 2.6185 seg 2.2471 cnt 977194.7500
[stage1] epoch 1/100 step 4 | loss 879258.9958 | w [15.0, 8.0, 1.0] | train det 1.6140 seg 2.0358 cnt 879218.5000
[stage1] epoch 1/100 step 5 | loss 802363.0262 | w [15.0, 8.0, 1.0] | train det 1.3631 seg 1.7366 cnt 802328.6875
[stage1] epoch 1/100 step 6 | loss 727256.2626 | w [15.0, 8.0, 1.0] | train det 0.7991 seg 2.3782 cnt 727225.2500
[stage1] epoch 1/100 step 7 | loss 738004.1327 | w [15.0, 8.0, 1.0] | train det 0.7578 seg 2.2989 cnt 737974.3750
[stage1] epoch 1/100 step 8 | loss 621853.6968 | w [15.0, 8.0, 1.0] | train det 1.0442 seg 1.9964 cnt 621822.0625
[stage1] epoch 1/100 step 9 | loss 633426.7266 | w [15.0, 8.0, 1.0] | train det 1.0153 seg 1.8824 cnt 633396.4375
[stage1] epoch 1/100 step 10 | loss 565478.6511 | w [15.0, 8.0, 1.0] | train det 2.7849 seg 1.6643 cnt 565423.5625
[stage1] epoch 1/100 step 11 | loss 499399.4516 | w [15.0, 8.0, 1.0] | train det 0.9874 seg 1.1777 cnt 499375.2188
[stage1] epoch 1/100 step 12 | loss 473191.2116 | w [15.0, 8.0, 1.0] | train det 0.7726 seg 2.1794 cnt 473162.1875
[stage1] epoch 1/100 step 13 | loss 436524.8469 | w [15.0, 8.0, 1.0] | train det 1.2782 seg 1.4359 cnt 436494.1875
[stage1] epoch 1/100 step 14 | loss 411763.8313 | w [15.0, 8.0, 1.0] | train det 1.0864 seg 1.7075 cnt 411733.8750
[stage1] epoch 1/100 step 15 | loss 368545.8868 | w [15.0, 8.0, 1.0] | train det 1.2402 seg 1.1644 cnt 368517.9688
[stage1] epoch 1/100 step 16 | loss 364093.1201 | w [15.0, 8.0, 1.0] | train det 0.9806 seg 1.4732 cnt 364066.6250
[stage1] epoch 1/100 step 17 | loss 307562.9618 | w [15.0, 8.0, 1.0] | train det 0.7854 seg 1.7296 cnt 307537.3438
[stage1] epoch 1/100 step 18 | loss 279448.1862 | w [15.0, 8.0, 1.0] | train det 1.2938 seg 1.8786 cnt 279413.7500
[stage1] epoch 1/100 step 19 | loss 273463.9213 | w [15.0, 8.0, 1.0] | train det 1.0949 seg 1.1951 cnt 273437.9375
[stage1] epoch 1/100 step 20 | loss 249892.2601 | w [15.0, 8.0, 1.0] | train det 0.8338 seg 1.3812 cnt 249868.7031
[stage1] epoch 1/100 step 21 | loss 220158.3479 | w [15.0, 8.0, 1.0] | train det 1.0147 seg 1.1058 cnt 220134.2812
[stage1] epoch 1/100 step 22 | loss 207029.9069 | w [15.0, 8.0, 1.0] | train det 1.3723 seg 1.4310 cnt 206997.8750
[stage1] epoch 1/100 step 23 | loss 198470.9208 | w [15.0, 8.0, 1.0] | train det 0.8523 seg 1.2025 cnt 198448.5156
[stage1] epoch 1/100 step 24 | loss 171792.0636 | w [15.0, 8.0, 1.0] | train det 0.6042 seg 0.9004 cnt 171775.7969
[stage1] epoch 1/100 step 25 | loss 151494.4869 | w [15.0, 8.0, 1.0] | train det 0.6464 seg 1.1673 cnt 151475.4531
[stage1] epoch 1/100 step 26 | loss 143829.0976 | w [15.0, 8.0, 1.0] | train det 0.5054 seg 1.3516 cnt 143810.7031
[stage1] epoch 1/100 step 27 | loss 124975.8095 | w [15.0, 8.0, 1.0] | train det 0.4739 seg 0.8395 cnt 124961.9844
[stage1] epoch 1/100 step 28 | loss 110070.1784 | w [15.0, 8.0, 1.0] | train det 0.8372 seg 0.6382 cnt 110052.5156
[stage1] epoch 1/100 step 29 | loss 98284.2440 | w [15.0, 8.0, 1.0] | train det 0.3253 seg 0.9068 cnt 98272.1094
[stage1] epoch 1/100 step 30 | loss 84517.6422 | w [15.0, 8.0, 1.0] | train det 0.6387 seg 1.1092 cnt 84499.1875
[stage1] epoch 1/100 step 31 | loss 79426.4029 | w [15.0, 8.0, 1.0] | train det 0.6527 seg 2.3295 cnt 79397.9766
[stage1] epoch 1/100 step 32 | loss 67829.5481 | w [15.0, 8.0, 1.0] | train det 0.4027 seg 1.2323 cnt 67813.6484
[stage1] epoch 1/100 step 33 | loss 55805.8491 | w [15.0, 8.0, 1.0] | train det 0.4375 seg 1.5612 cnt 55786.7969
[stage1] epoch 1/100 step 34 | loss 53925.8405 | w [15.0, 8.0, 1.0] | train det 0.3905 seg 1.9998 cnt 53903.9844
[stage1] epoch 1/100 step 35 | loss 47288.3327 | w [15.0, 8.0, 1.0] | train det 0.8908 seg 1.3972 cnt 47263.7930
[stage1] epoch 1/100 step 36 | loss 45426.2526 | w [15.0, 8.0, 1.0] | train det 0.1588 seg 0.9185 cnt 45416.5234
[stage1] epoch 1/100 step 37 | loss 40508.9086 | w [15.0, 8.0, 1.0] | train det 0.6082 seg 0.9668 cnt 40492.0508
[stage1] epoch 1/100 step 38 | loss 33044.7764 | w [15.0, 8.0, 1.0] | train det 1.6756 seg 1.4230 cnt 33008.2578
[stage1] epoch 1/100 step 39 | loss 32739.8536 | w [15.0, 8.0, 1.0] | train det 0.7037 seg 1.5136 cnt 32717.1895
[stage1] epoch 1/100 step 40 | loss 30111.3138 | w [15.0, 8.0, 1.0] | train det 0.3706 seg 1.3216 cnt 30095.1816
[stage1] epoch 1/100 step 41 | loss 29675.4520 | w [15.0, 8.0, 1.0] | train det 0.5818 seg 0.9788 cnt 29658.8945
[stage1] epoch 1/100 step 42 | loss 22863.4280 | w [15.0, 8.0, 1.0] | train det 0.3631 seg 1.0899 cnt 22849.2617
[stage1] epoch 1/100 step 43 | loss 27833.0848 | w [15.0, 8.0, 1.0] | train det 0.2150 seg 2.7788 cnt 27807.6289
[stage1] epoch 1/100 | train 320535.3153 | det 1.0367 seg 1.5483 cnt 320507.3786
[stage1] epoch 2/100 step 1 | loss 20337.9250 | w [15.0, 8.0, 1.0] | train det 0.4023 seg 1.3315 cnt 20321.2383
[stage1] epoch 2/100 step 2 | loss 20196.1904 | w [15.0, 8.0, 1.0] | train det 0.3834 seg 1.3261 cnt 20179.8301
[stage1] epoch 2/100 step 3 | loss 18797.5739 | w [15.0, 8.0, 1.0] | train det 1.5883 seg 1.3156 cnt 18763.2246
[stage1] epoch 2/100 step 4 | loss 17967.0377 | w [15.0, 8.0, 1.0] | train det 0.1701 seg 0.9876 cnt 17956.5859
[stage1] epoch 2/100 step 5 | loss 17631.6846 | w [15.0, 8.0, 1.0] | train det 0.6727 seg 0.6844 cnt 17616.1191
[stage1] epoch 2/100 step 6 | loss 16164.8185 | w [15.0, 8.0, 1.0] | train det 0.7181 seg 1.0550 cnt 16145.6074
[stage1] epoch 2/100 step 7 | loss 12578.2614 | w [15.0, 8.0, 1.0] | train det 0.3997 seg 0.9551 cnt 12564.6250
[stage1] epoch 2/100 step 8 | loss 12496.7336 | w [15.0, 8.0, 1.0] | train det 0.1556 seg 0.7635 cnt 12488.2910
[stage1] epoch 2/100 step 9 | loss 13353.5691 | w [15.0, 8.0, 1.0] | train det 0.9161 seg 0.6548 cnt 13334.5889
[stage1] epoch 2/100 step 10 | loss 9337.7612 | w [15.0, 8.0, 1.0] | train det 0.4894 seg 1.0058 cnt 9322.3730
[stage1] epoch 2/100 step 11 | loss 9976.7809 | w [15.0, 8.0, 1.0] | train det 0.3833 seg 1.2383 cnt 9961.1250
[stage1] epoch 2/100 step 12 | loss 9274.0258 | w [15.0, 8.0, 1.0] | train det 0.7468 seg 1.2293 cnt 9252.9883
[stage1] epoch 2/100 step 13 | loss 8620.5434 | w [15.0, 8.0, 1.0] | train det 1.1909 seg 1.1130 cnt 8593.7764
[stage1] epoch 2/100 step 14 | loss 8034.3460 | w [15.0, 8.0, 1.0] | train det 0.4533 seg 0.7318 cnt 8021.6929
[stage1] epoch 2/100 step 15 | loss 7196.8370 | w [15.0, 8.0, 1.0] | train det 0.3832 seg 1.4741 cnt 7179.2969
[stage1] epoch 2/100 step 16 | loss 6885.3515 | w [15.0, 8.0, 1.0] | train det 0.5256 seg 0.7751 cnt 6871.2666
[stage1] epoch 2/100 step 17 | loss 6357.1259 | w [15.0, 8.0, 1.0] | train det 0.1452 seg 0.9516 cnt 6347.3350
[stage1] epoch 2/100 step 18 | loss 5749.1897 | w [15.0, 8.0, 1.0] | train det 0.7364 seg 1.0160 cnt 5730.0161
[stage1] epoch 2/100 step 19 | loss 6204.0052 | w [15.0, 8.0, 1.0] | train det 0.5039 seg 1.2999 cnt 6186.0479
[stage1] epoch 2/100 step 20 | loss 5080.2198 | w [15.0, 8.0, 1.0] | train det 0.6963 seg 0.7798 cnt 5063.5366
[stage1] epoch 2/100 step 21 | loss 4752.2543 | w [15.0, 8.0, 1.0] | train det 0.3832 seg 0.8471 cnt 4739.7295
[stage1] epoch 2/100 step 22 | loss 4607.9145 | w [15.0, 8.0, 1.0] | train det 0.3191 seg 1.4790 cnt 4591.2969
[stage1] epoch 2/100 step 23 | loss 4189.5712 | w [15.0, 8.0, 1.0] | train det 0.4258 seg 1.2384 cnt 4173.2764
[stage1] epoch 2/100 step 24 | loss 4096.9541 | w [15.0, 8.0, 1.0] | train det 0.5238 seg 0.8340 cnt 4082.4258
[stage1] epoch 2/100 step 25 | loss 3315.4026 | w [15.0, 8.0, 1.0] | train det 0.4466 seg 0.8783 cnt 3301.6777
[stage1] epoch 2/100 step 26 | loss 3520.0678 | w [15.0, 8.0, 1.0] | train det 0.5919 seg 0.6882 cnt 3505.6836
[stage1] epoch 2/100 step 27 | loss 3130.6316 | w [15.0, 8.0, 1.0] | train det 0.4699 seg 0.9338 cnt 3116.1125
[stage1] epoch 2/100 step 28 | loss 2993.9185 | w [15.0, 8.0, 1.0] | train det 0.7875 seg 0.7595 cnt 2976.0293
[stage1] epoch 2/100 step 29 | loss 2858.3240 | w [15.0, 8.0, 1.0] | train det 0.7084 seg 0.9567 cnt 2840.0444
[stage1] epoch 2/100 step 30 | loss 2510.7715 | w [15.0, 8.0, 1.0] | train det 1.1054 seg 1.1991 cnt 2484.5972
[stage1] epoch 2/100 step 31 | loss 2464.8995 | w [15.0, 8.0, 1.0] | train det 0.2386 seg 2.0309 cnt 2445.0730
[stage1] epoch 2/100 step 32 | loss 2214.7892 | w [15.0, 8.0, 1.0] | train det 0.2027 seg 1.2128 cnt 2202.0454
[stage1] epoch 2/100 step 33 | loss 2112.3821 | w [15.0, 8.0, 1.0] | train det 0.7504 seg 0.8449 cnt 2094.3669
[stage1] epoch 2/100 step 34 | loss 1910.7193 | w [15.0, 8.0, 1.0] | train det 0.4427 seg 0.9981 cnt 1896.0942
[stage1] epoch 2/100 step 35 | loss 2017.7048 | w [15.0, 8.0, 1.0] | train det 0.2203 seg 1.4759 cnt 2002.5931
[stage1] epoch 2/100 step 36 | loss 1738.2094 | w [15.0, 8.0, 1.0] | train det 0.1407 seg 0.5883 cnt 1731.3928
[stage1] epoch 2/100 step 37 | loss 1736.2500 | w [15.0, 8.0, 1.0] | train det 0.4091 seg 1.0332 cnt 1721.8489
[stage1] epoch 2/100 step 38 | loss 1571.4029 | w [15.0, 8.0, 1.0] | train det 0.3674 seg 0.8802 cnt 1558.8513
[stage1] epoch 2/100 step 39 | loss 1891.1988 | w [15.0, 8.0, 1.0] | train det 1.3203 seg 0.5607 cnt 1866.9084
[stage1] epoch 2/100 step 40 | loss 1413.3242 | w [15.0, 8.0, 1.0] | train det 0.1850 seg 0.8842 cnt 1403.4747
[stage1] epoch 2/100 step 41 | loss 1313.1463 | w [15.0, 8.0, 1.0] | train det 0.4316 seg 0.9867 cnt 1298.7791
[stage1] epoch 2/100 step 42 | loss 1268.9770 | w [15.0, 8.0, 1.0] | train det 0.4945 seg 1.2524 cnt 1251.5397
[stage1] epoch 2/100 step 43 | loss 1523.9191 | w [15.0, 8.0, 1.0] | train det 0.3432 seg 1.0126 cnt 1510.6709
[stage1] epoch 2/100 | train 6776.5747 | det 0.5342 seg 1.0294 cnt 6760.3274
[stage1] epoch 3/100 step 1 | loss 1132.0566 | w [15.0, 8.0, 1.0] | train det 0.4486 seg 0.6827 cnt 1119.8667
[stage1] epoch 3/100 step 2 | loss 1183.9234 | w [15.0, 8.0, 1.0] | train det 0.5313 seg 0.7993 cnt 1169.5598
[stage1] epoch 3/100 step 3 | loss 990.4059 | w [15.0, 8.0, 1.0] | train det 0.2973 seg 0.6427 cnt 980.8050
[stage1] epoch 3/100 step 4 | loss 1321.3517 | w [15.0, 8.0, 1.0] | train det 0.5041 seg 0.4099 cnt 1310.5111
[stage1] epoch 3/100 step 5 | loss 1981.8276 | w [15.0, 8.0, 1.0] | train det 0.3812 seg 0.6212 cnt 1971.1395
[stage1] epoch 3/100 step 6 | loss 1037.6367 | w [15.0, 8.0, 1.0] | train det 0.4759 seg 1.0582 cnt 1022.0329
[stage1] epoch 3/100 step 7 | loss 1000.2688 | w [15.0, 8.0, 1.0] | train det 0.5397 seg 0.7294 cnt 986.3377
[stage1] epoch 3/100 step 8 | loss 833.7107 | w [15.0, 8.0, 1.0] | train det 0.2641 seg 0.8535 cnt 822.9214
[stage1] epoch 3/100 step 9 | loss 1007.8394 | w [15.0, 8.0, 1.0] | train det 0.7307 seg 1.0964 cnt 988.1082
[stage1] epoch 3/100 step 10 | loss 835.3044 | w [15.0, 8.0, 1.0] | train det 0.4357 seg 0.9292 cnt 821.3347
[stage1] epoch 3/100 step 11 | loss 987.7094 | w [15.0, 8.0, 1.0] | train det 0.4746 seg 1.0765 cnt 971.9785
[stage1] epoch 3/100 step 12 | loss 730.1090 | w [15.0, 8.0, 1.0] | train det 0.5891 seg 0.6529 cnt 716.0496
[stage1] epoch 3/100 step 13 | loss 797.8029 | w [15.0, 8.0, 1.0] | train det 0.3028 seg 1.0519 cnt 784.8463
[stage1] epoch 3/100 step 14 | loss 673.5053 | w [15.0, 8.0, 1.0] | train det 0.2011 seg 1.0781 cnt 661.8648
[stage1] epoch 3/100 step 15 | loss 709.0436 | w [15.0, 8.0, 1.0] | train det 0.7787 seg 0.7821 cnt 691.1057
[stage1] epoch 3/100 step 16 | loss 636.7773 | w [15.0, 8.0, 1.0] | train det 0.2604 seg 1.0240 cnt 624.6793
[stage1] epoch 3/100 step 17 | loss 568.6452 | w [15.0, 8.0, 1.0] | train det 0.3888 seg 0.7407 cnt 556.8871
[stage1] epoch 3/100 step 18 | loss 559.2589 | w [15.0, 8.0, 1.0] | train det 0.3057 seg 0.4153 cnt 551.3506
[stage1] epoch 3/100 step 19 | loss 532.6114 | w [15.0, 8.0, 1.0] | train det 0.2188 seg 1.0701 cnt 520.7687
[stage1] epoch 3/100 step 20 | loss 480.9948 | w [15.0, 8.0, 1.0] | train det 0.2441 seg 1.9498 cnt 461.7350
[stage1] epoch 3/100 step 21 | loss 462.2221 | w [15.0, 8.0, 1.0] | train det 0.2758 seg 1.1735 cnt 448.6981
[stage1] epoch 3/100 step 22 | loss 495.9213 | w [15.0, 8.0, 1.0] | train det 0.2676 seg 0.4774 cnt 488.0879
[stage1] epoch 3/100 step 23 | loss 445.3685 | w [15.0, 8.0, 1.0] | train det 0.1713 seg 0.8202 cnt 436.2382
[stage1] epoch 3/100 step 24 | loss 488.7428 | w [15.0, 8.0, 1.0] | train det 0.6994 seg 0.9696 cnt 470.4955
[stage1] epoch 3/100 step 25 | loss 396.7324 | w [15.0, 8.0, 1.0] | train det 0.3592 seg 0.8254 cnt 384.7418
[stage1] epoch 3/100 step 26 | loss 369.2299 | w [15.0, 8.0, 1.0] | train det 0.1451 seg 0.7860 cnt 360.7657
[stage1] epoch 3/100 step 27 | loss 328.0520 | w [15.0, 8.0, 1.0] | train det 0.2681 seg 0.8620 cnt 317.1342
[stage1] epoch 3/100 step 28 | loss 338.9981 | w [15.0, 8.0, 1.0] | train det 0.3262 seg 1.1243 cnt 325.1106
[stage1] epoch 3/100 step 29 | loss 359.1861 | w [15.0, 8.0, 1.0] | train det 0.2018 seg 0.6470 cnt 350.9828
[stage1] epoch 3/100 step 30 | loss 296.3846 | w [15.0, 8.0, 1.0] | train det 0.2788 seg 0.9108 cnt 284.9167
[stage1] epoch 3/100 step 31 | loss 292.8265 | w [15.0, 8.0, 1.0] | train det 0.2787 seg 0.6530 cnt 283.4214
[stage1] epoch 3/100 step 32 | loss 303.0285 | w [15.0, 8.0, 1.0] | train det 0.4118 seg 0.6241 cnt 291.8584
[stage1] epoch 3/100 step 33 | loss 309.5405 | w [15.0, 8.0, 1.0] | train det 0.5384 seg 0.9665 cnt 293.7323
[stage1] epoch 3/100 step 34 | loss 258.6762 | w [15.0, 8.0, 1.0] | train det 0.1990 seg 0.8669 cnt 248.7565
[stage1] epoch 3/100 step 35 | loss 247.7891 | w [15.0, 8.0, 1.0] | train det 0.2376 seg 0.8996 cnt 237.0278
[stage1] epoch 3/100 step 36 | loss 239.0142 | w [15.0, 8.0, 1.0] | train det 0.6149 seg 0.8658 cnt 222.8642
[stage1] epoch 3/100 step 37 | loss 264.2287 | w [15.0, 8.0, 1.0] | train det 0.3632 seg 1.2066 cnt 249.1274
[stage1] epoch 3/100 step 38 | loss 212.1024 | w [15.0, 8.0, 1.0] | train det 0.4468 seg 0.8620 cnt 198.5044
[stage1] epoch 3/100 step 39 | loss 195.7540 | w [15.0, 8.0, 1.0] | train det 0.2253 seg 0.5330 cnt 188.1107
[stage1] epoch 3/100 step 40 | loss 274.1722 | w [15.0, 8.0, 1.0] | train det 0.4197 seg 0.5566 cnt 263.4236
[stage1] epoch 3/100 step 41 | loss 193.2330 | w [15.0, 8.0, 1.0] | train det 0.3476 seg 0.8117 cnt 181.5260
[stage1] epoch 3/100 step 42 | loss 190.0135 | w [15.0, 8.0, 1.0] | train det 0.4147 seg 0.6908 cnt 178.2666
[stage1] epoch 3/100 step 43 | loss 177.1457 | w [15.0, 8.0, 1.0] | train det 0.5682 seg 0.8372 cnt 161.9253
[stage1] epoch 3/100 | train 584.6313 | det 0.3821 seg 0.8520 cnt 572.0837
[stage1] epoch 4/100 step 1 | loss 202.6329 | w [15.0, 8.0, 1.0] | train det 0.1563 seg 0.7129 cnt 194.5853
[stage1] epoch 4/100 step 2 | loss 185.0903 | w [15.0, 8.0, 1.0] | train det 0.7325 seg 1.0023 cnt 166.0848
[stage1] epoch 4/100 step 3 | loss 261.7048 | w [15.0, 8.0, 1.0] | train det 0.2826 seg 0.7027 cnt 251.8442
[stage1] epoch 4/100 step 4 | loss 315.0070 | w [15.0, 8.0, 1.0] | train det 0.4163 seg 0.4891 cnt 304.8501
[stage1] epoch 4/100 step 5 | loss 196.1099 | w [15.0, 8.0, 1.0] | train det 0.1992 seg 0.7513 cnt 187.1114
[stage1] epoch 4/100 step 6 | loss 170.5943 | w [15.0, 8.0, 1.0] | train det 0.1467 seg 0.3279 cnt 165.7702
[stage1] epoch 4/100 step 7 | loss 151.3340 | w [15.0, 8.0, 1.0] | train det 0.1698 seg 0.8726 cnt 141.8068
[stage1] epoch 4/100 step 8 | loss 139.6547 | w [15.0, 8.0, 1.0] | train det 0.2924 seg 0.5950 cnt 130.5091
[stage1] epoch 4/100 step 9 | loss 153.1119 | w [15.0, 8.0, 1.0] | train det 0.2985 seg 0.7302 cnt 142.7926
[stage1] epoch 4/100 step 10 | loss 132.0993 | w [15.0, 8.0, 1.0] | train det 0.2688 seg 0.7584 cnt 122.0004
[stage1] epoch 4/100 step 11 | loss 122.2510 | w [15.0, 8.0, 1.0] | train det 0.4225 seg 1.0530 cnt 107.4891
[stage1] epoch 4/100 step 12 | loss 119.1313 | w [15.0, 8.0, 1.0] | train det 0.3278 seg 1.1055 cnt 105.3704
[stage1] epoch 4/100 step 13 | loss 128.9754 | w [15.0, 8.0, 1.0] | train det 0.3097 seg 0.7085 cnt 118.6623
[stage1] epoch 4/100 step 14 | loss 120.5001 | w [15.0, 8.0, 1.0] | train det 1.0698 seg 0.9704 cnt 96.6900
[stage1] epoch 4/100 step 15 | loss 136.2085 | w [15.0, 8.0, 1.0] | train det 0.5251 seg 1.0043 cnt 120.2974
[stage1] epoch 4/100 step 16 | loss 107.5819 | w [15.0, 8.0, 1.0] | train det 0.2493 seg 0.6166 cnt 98.9097
[stage1] epoch 4/100 step 17 | loss 100.5845 | w [15.0, 8.0, 1.0] | train det 1.0602 seg 0.4916 cnt 80.7477
[stage1] epoch 4/100 step 18 | loss 116.1921 | w [15.0, 8.0, 1.0] | train det 0.1854 seg 0.2362 cnt 111.5221
[stage1] epoch 4/100 step 19 | loss 95.2066 | w [15.0, 8.0, 1.0] | train det 0.1332 seg 0.6237 cnt 88.2190
[stage1] epoch 4/100 step 20 | loss 90.1075 | w [15.0, 8.0, 1.0] | train det 0.4636 seg 0.3396 cnt 80.4357
[stage1] epoch 4/100 step 21 | loss 124.0402 | w [15.0, 8.0, 1.0] | train det 0.7987 seg 0.5079 cnt 107.9970
[stage1] epoch 4/100 step 22 | loss 91.8258 | w [15.0, 8.0, 1.0] | train det 0.6174 seg 1.0656 cnt 74.0398
[stage1] epoch 4/100 step 23 | loss 71.1056 | w [15.0, 8.0, 1.0] | train det 0.2236 seg 0.6974 cnt 62.1725
[stage1] epoch 4/100 step 24 | loss 103.1951 | w [15.0, 8.0, 1.0] | train det 0.8028 seg 0.7426 cnt 85.2122
[stage1] epoch 4/100 step 25 | loss 94.1509 | w [15.0, 8.0, 1.0] | train det 0.3074 seg 0.8166 cnt 83.0077
[stage1] epoch 4/100 step 26 | loss 69.0518 | w [15.0, 8.0, 1.0] | train det 0.3449 seg 0.5290 cnt 59.6468
[stage1] epoch 4/100 step 27 | loss 87.5285 | w [15.0, 8.0, 1.0] | train det 0.2982 seg 0.3270 cnt 80.4385
[stage1] epoch 4/100 step 28 | loss 61.8882 | w [15.0, 8.0, 1.0] | train det 0.2170 seg 0.4994 cnt 54.6383
[stage1] epoch 4/100 step 29 | loss 70.4800 | w [15.0, 8.0, 1.0] | train det 0.4043 seg 0.7798 cnt 58.1769
[stage1] epoch 4/100 step 30 | loss 52.5652 | w [15.0, 8.0, 1.0] | train det 0.5050 seg 0.6057 cnt 40.1453
[stage1] epoch 4/100 step 31 | loss 59.2218 | w [15.0, 8.0, 1.0] | train det 0.3807 seg 0.8186 cnt 46.9632
[stage1] epoch 4/100 step 32 | loss 65.5560 | w [15.0, 8.0, 1.0] | train det 0.7639 seg 1.3351 cnt 43.4170
[stage1] epoch 4/100 step 33 | loss 53.4347 | w [15.0, 8.0, 1.0] | train det 0.2944 seg 0.6859 cnt 43.5310
[stage1] epoch 4/100 step 34 | loss 38.8124 | w [15.0, 8.0, 1.0] | train det 0.0943 seg 0.7280 cnt 31.5734
[stage1] epoch 4/100 step 35 | loss 42.3997 | w [15.0, 8.0, 1.0] | train det 0.2234 seg 0.4365 cnt 35.5578
[stage1] epoch 4/100 step 36 | loss 38.8352 | w [15.0, 8.0, 1.0] | train det 0.2138 seg 0.3352 cnt 32.9466
[stage1] epoch 4/100 step 37 | loss 37.4433 | w [15.0, 8.0, 1.0] | train det 0.1477 seg 0.5987 cnt 30.4384
[stage1] epoch 4/100 step 38 | loss 51.6251 | w [15.0, 8.0, 1.0] | train det 0.8092 seg 0.7906 cnt 33.1624
[stage1] epoch 4/100 step 39 | loss 36.6161 | w [15.0, 8.0, 1.0] | train det 0.2653 seg 1.3609 cnt 21.7496
[stage1] epoch 4/100 step 40 | loss 38.3923 | w [15.0, 8.0, 1.0] | train det 0.4218 seg 1.0009 cnt 24.0583
[stage1] epoch 4/100 step 41 | loss 34.2619 | w [15.0, 8.0, 1.0] | train det 0.2393 seg 0.8031 cnt 24.2472
[stage1] epoch 4/100 step 42 | loss 31.5017 | w [15.0, 8.0, 1.0] | train det 0.1361 seg 0.5417 cnt 25.1271
[stage1] epoch 4/100 step 43 | loss 25.7969 | w [15.0, 8.0, 1.0] | train det 0.1931 seg 0.5106 cnt 18.8153
[stage1] epoch 4/100 | train 102.8792 | det 0.3817 seg 0.7118 cnt 91.4596
[stage1] epoch 5/100 step 1 | loss 34.9904 | w [15.0, 8.0, 1.0] | train det 0.2619 seg 0.7073 cnt 25.4028
[stage1] epoch 5/100 step 2 | loss 38.1676 | w [15.0, 8.0, 1.0] | train det 0.2276 seg 0.5137 cnt 30.6437
[stage1] epoch 5/100 step 3 | loss 42.1646 | w [15.0, 8.0, 1.0] | train det 0.2963 seg 0.7570 cnt 31.6633
[stage1] epoch 5/100 step 4 | loss 28.2748 | w [15.0, 8.0, 1.0] | train det 0.2730 seg 0.7663 cnt 18.0487
[stage1] epoch 5/100 step 5 | loss 37.3456 | w [15.0, 8.0, 1.0] | train det 0.9321 seg 0.9755 cnt 15.5605
[stage1] epoch 5/100 step 6 | loss 44.9748 | w [15.0, 8.0, 1.0] | train det 0.3668 seg 1.2438 cnt 29.5222
[stage1] epoch 5/100 step 7 | loss 23.2164 | w [15.0, 8.0, 1.0] | train det 0.2294 seg 0.4371 cnt 16.2791
[stage1] epoch 5/100 step 8 | loss 33.2451 | w [15.0, 8.0, 1.0] | train det 0.5255 seg 0.6881 cnt 19.8577
[stage1] epoch 5/100 step 9 | loss 37.4737 | w [15.0, 8.0, 1.0] | train det 0.2909 seg 0.8753 cnt 26.1073
[stage1] epoch 5/100 step 10 | loss 22.8506 | w [15.0, 8.0, 1.0] | train det 0.2498 seg 0.3931 cnt 15.9586
[stage1] epoch 5/100 step 11 | loss 28.6680 | w [15.0, 8.0, 1.0] | train det 0.5973 seg 0.6539 cnt 14.4770
[stage1] epoch 5/100 step 12 | loss 26.7865 | w [15.0, 8.0, 1.0] | train det 0.2480 seg 0.7647 cnt 16.9493
[stage1] epoch 5/100 step 13 | loss 27.9571 | w [15.0, 8.0, 1.0] | train det 0.3950 seg 1.0498 cnt 13.6339
[stage1] epoch 5/100 step 14 | loss 25.8970 | w [15.0, 8.0, 1.0] | train det 0.1545 seg 0.5027 cnt 19.5580
[stage1] epoch 5/100 step 15 | loss 106.0231 | w [15.0, 8.0, 1.0] | train det 0.3107 seg 0.7225 cnt 95.5827
[stage1] epoch 5/100 step 16 | loss 24.6975 | w [15.0, 8.0, 1.0] | train det 0.1985 seg 1.0359 cnt 13.4337
[stage1] epoch 5/100 step 17 | loss 28.3976 | w [15.0, 8.0, 1.0] | train det 0.2732 seg 0.9925 cnt 16.3603
[stage1] epoch 5/100 step 18 | loss 36.2166 | w [15.0, 8.0, 1.0] | train det 1.3027 seg 0.5840 cnt 12.0039
[stage1] epoch 5/100 step 19 | loss 42.3483 | w [15.0, 8.0, 1.0] | train det 0.1486 seg 0.3968 cnt 36.9447
[stage1] epoch 5/100 step 20 | loss 28.1127 | w [15.0, 8.0, 1.0] | train det 0.3333 seg 1.2247 cnt 13.3160
[stage1] epoch 5/100 step 21 | loss 20.7144 | w [15.0, 8.0, 1.0] | train det 0.2295 seg 0.8710 cnt 10.3040
[stage1] epoch 5/100 step 22 | loss 18.5534 | w [15.0, 8.0, 1.0] | train det 0.3142 seg 0.4343 cnt 10.3650
[stage1] epoch 5/100 step 23 | loss 24.8541 | w [15.0, 8.0, 1.0] | train det 0.2358 seg 1.6480 cnt 8.1337
[stage1] epoch 5/100 step 24 | loss 20.7617 | w [15.0, 8.0, 1.0] | train det 0.3334 seg 0.6075 cnt 10.8998
[stage1] epoch 5/100 step 25 | loss 18.5131 | w [15.0, 8.0, 1.0] | train det 0.4101 seg 0.3372 cnt 9.6639
[stage1] epoch 5/100 step 26 | loss 23.6677 | w [15.0, 8.0, 1.0] | train det 0.4622 seg 0.4898 cnt 12.8162
[stage1] epoch 5/100 step 27 | loss 27.8873 | w [15.0, 8.0, 1.0] | train det 0.1833 seg 0.7083 cnt 19.4722
[stage1] epoch 5/100 step 28 | loss 26.1568 | w [15.0, 8.0, 1.0] | train det 0.5240 seg 0.5233 cnt 14.1102
[stage1] epoch 5/100 step 29 | loss 19.5649 | w [15.0, 8.0, 1.0] | train det 0.3380 seg 0.7513 cnt 8.4844
[stage1] epoch 5/100 step 30 | loss 31.2649 | w [15.0, 8.0, 1.0] | train det 0.1982 seg 0.8904 cnt 21.1688
[stage1] epoch 5/100 step 31 | loss 15.1466 | w [15.0, 8.0, 1.0] | train det 0.1711 seg 0.4980 cnt 8.5962
[stage1] epoch 5/100 step 32 | loss 20.2473 | w [15.0, 8.0, 1.0] | train det 0.2615 seg 0.9013 cnt 9.1142
[stage1] epoch 5/100 step 33 | loss 27.2433 | w [15.0, 8.0, 1.0] | train det 0.3491 seg 0.2708 cnt 19.8399
[stage1] epoch 5/100 step 34 | loss 16.4180 | w [15.0, 8.0, 1.0] | train det 0.1190 seg 0.8010 cnt 8.2254
[stage1] epoch 5/100 step 35 | loss 13.0685 | w [15.0, 8.0, 1.0] | train det 0.1707 seg 0.3196 cnt 7.9515
[stage1] epoch 5/100 step 36 | loss 18.0030 | w [15.0, 8.0, 1.0] | train det 0.1146 seg 0.5291 cnt 12.0517
[stage1] epoch 5/100 step 37 | loss 17.5719 | w [15.0, 8.0, 1.0] | train det 0.2486 seg 0.6307 cnt 8.7979
[stage1] epoch 5/100 step 38 | loss 22.7165 | w [15.0, 8.0, 1.0] | train det 0.2398 seg 0.8113 cnt 12.6293
[stage1] epoch 5/100 step 39 | loss 102.5809 | w [15.0, 8.0, 1.0] | train det 0.3232 seg 0.9099 cnt 90.4546
[stage1] epoch 5/100 step 40 | loss 15.1615 | w [15.0, 8.0, 1.0] | train det 0.2238 seg 0.5842 cnt 7.1315
[stage1] epoch 5/100 step 41 | loss 32.9793 | w [15.0, 8.0, 1.0] | train det 0.9082 seg 0.8205 cnt 12.7923
[stage1] epoch 5/100 step 42 | loss 19.8300 | w [15.0, 8.0, 1.0] | train det 0.3210 seg 1.0413 cnt 6.6842
[stage1] epoch 5/100 step 43 | loss 25.2752 | w [15.0, 8.0, 1.0] | train det 0.2311 seg 0.2627 cnt 19.7077
[stage1] epoch 5/100 | train 30.1392 | det 0.3378 seg 0.7192 cnt 19.3186
[stage1] epoch 6/100 step 1 | loss 24.0888 | w [15.0, 8.0, 1.0] | train det 0.6027 seg 0.5013 cnt 11.0389
[stage1] epoch 6/100 step 2 | loss 15.3664 | w [15.0, 8.0, 1.0] | train det 0.2918 seg 0.8042 cnt 4.5559
[stage1] epoch 6/100 step 3 | loss 27.5009 | w [15.0, 8.0, 1.0] | train det 0.7939 seg 1.1479 cnt 6.4090
[stage1] epoch 6/100 step 4 | loss 21.0952 | w [15.0, 8.0, 1.0] | train det 0.1679 seg 0.7946 cnt 12.2197
[stage1] epoch 6/100 step 5 | loss 15.7234 | w [15.0, 8.0, 1.0] | train det 0.1055 seg 0.6752 cnt 8.7395
[stage1] epoch 6/100 step 6 | loss 12.6255 | w [15.0, 8.0, 1.0] | train det 0.1885 seg 0.3045 cnt 7.3615
[stage1] epoch 6/100 step 7 | loss 19.1413 | w [15.0, 8.0, 1.0] | train det 0.4369 seg 0.5132 cnt 8.4828
[stage1] epoch 6/100 step 8 | loss 23.4958 | w [15.0, 8.0, 1.0] | train det 0.6285 seg 0.4783 cnt 10.2418
[stage1] epoch 6/100 step 9 | loss 16.2794 | w [15.0, 8.0, 1.0] | train det 0.2990 seg 0.7586 cnt 5.7258
[stage1] epoch 6/100 step 10 | loss 15.5619 | w [15.0, 8.0, 1.0] | train det 0.1672 seg 0.5411 cnt 8.7248
[stage1] epoch 6/100 step 11 | loss 17.8164 | w [15.0, 8.0, 1.0] | train det 0.5854 seg 0.5218 cnt 4.8617
[stage1] epoch 6/100 step 12 | loss 24.4681 | w [15.0, 8.0, 1.0] | train det 0.6761 seg 0.4638 cnt 10.6158
[stage1] epoch 6/100 step 13 | loss 46.7381 | w [15.0, 8.0, 1.0] | train det 1.3559 seg 0.9315 cnt 18.9471
[stage1] epoch 6/100 step 14 | loss 17.3496 | w [15.0, 8.0, 1.0] | train det 0.6340 seg 0.3551 cnt 4.9992
[stage1] epoch 6/100 step 15 | loss 32.1240 | w [15.0, 8.0, 1.0] | train det 0.3535 seg 0.4826 cnt 22.9608
[stage1] epoch 6/100 step 16 | loss 17.9519 | w [15.0, 8.0, 1.0] | train det 0.4121 seg 0.6748 cnt 6.3727
[stage1] epoch 6/100 step 17 | loss 12.4991 | w [15.0, 8.0, 1.0] | train det 0.1705 seg 0.3768 cnt 6.9270
[stage1] epoch 6/100 step 18 | loss 15.0823 | w [15.0, 8.0, 1.0] | train det 0.3328 seg 0.3950 cnt 6.9304
[stage1] epoch 6/100 step 19 | loss 17.3712 | w [15.0, 8.0, 1.0] | train det 0.1264 seg 0.6214 cnt 10.5041
[stage1] epoch 6/100 step 20 | loss 25.1583 | w [15.0, 8.0, 1.0] | train det 0.1660 seg 0.4070 cnt 19.4123
[stage1] epoch 6/100 step 21 | loss 15.1120 | w [15.0, 8.0, 1.0] | train det 0.2407 seg 0.5005 cnt 7.4966
[stage1] epoch 6/100 step 22 | loss 15.3198 | w [15.0, 8.0, 1.0] | train det 0.2438 seg 0.4136 cnt 8.3539
[stage1] epoch 6/100 step 23 | loss 10.4364 | w [15.0, 8.0, 1.0] | train det 0.0892 seg 0.4214 cnt 5.7268
[stage1] epoch 6/100 step 24 | loss 15.8553 | w [15.0, 8.0, 1.0] | train det 0.3970 seg 0.5749 cnt 5.3018
[stage1] epoch 6/100 step 25 | loss 25.9415 | w [15.0, 8.0, 1.0] | train det 0.1786 seg 0.7060 cnt 17.6145
[stage1] epoch 6/100 step 26 | loss 12.0772 | w [15.0, 8.0, 1.0] | train det 0.1843 seg 0.7197 cnt 3.5555
[stage1] epoch 6/100 step 27 | loss 14.0572 | w [15.0, 8.0, 1.0] | train det 0.3108 seg 0.3890 cnt 6.2823
[stage1] epoch 6/100 step 28 | loss 19.0415 | w [15.0, 8.0, 1.0] | train det 0.2046 seg 0.3562 cnt 13.1230
[stage1] epoch 6/100 step 29 | loss 15.0537 | w [15.0, 8.0, 1.0] | train det 0.2432 seg 0.6899 cnt 5.8866
[stage1] epoch 6/100 step 30 | loss 19.4736 | w [15.0, 8.0, 1.0] | train det 0.2927 seg 0.9782 cnt 7.2572
[stage1] epoch 6/100 step 31 | loss 18.8132 | w [15.0, 8.0, 1.0] | train det 0.3763 seg 0.6067 cnt 8.3156
[stage1] epoch 6/100 step 32 | loss 17.8314 | w [15.0, 8.0, 1.0] | train det 0.2421 seg 0.5695 cnt 9.6440
[stage1] epoch 6/100 step 33 | loss 12.2291 | w [15.0, 8.0, 1.0] | train det 0.1895 seg 0.6686 cnt 4.0379
[stage1] epoch 6/100 step 34 | loss 17.3538 | w [15.0, 8.0, 1.0] | train det 0.5627 seg 0.1295 cnt 7.8772
[stage1] epoch 6/100 step 35 | loss 16.7548 | w [15.0, 8.0, 1.0] | train det 0.3350 seg 0.8877 cnt 4.6275
[stage1] epoch 6/100 step 36 | loss 13.9157 | w [15.0, 8.0, 1.0] | train det 0.0775 seg 0.2657 cnt 10.6278
[stage1] epoch 6/100 step 37 | loss 32.6750 | w [15.0, 8.0, 1.0] | train det 0.6203 seg 0.5678 cnt 18.8285
[stage1] epoch 6/100 step 38 | loss 17.5889 | w [15.0, 8.0, 1.0] | train det 0.1601 seg 1.1644 cnt 5.8719
[stage1] epoch 6/100 step 39 | loss 34.1967 | w [15.0, 8.0, 1.0] | train det 0.6521 seg 0.1845 cnt 22.9395
[stage1] epoch 6/100 step 40 | loss 15.0877 | w [15.0, 8.0, 1.0] | train det 0.1361 seg 0.8768 cnt 6.0316
[stage1] epoch 6/100 step 41 | loss 11.9201 | w [15.0, 8.0, 1.0] | train det 0.1160 seg 0.4655 cnt 6.4556
[stage1] epoch 6/100 step 42 | loss 13.9600 | w [15.0, 8.0, 1.0] | train det 0.1411 seg 0.6966 cnt 6.2700
[stage1] epoch 6/100 step 43 | loss 20.8775 | w [15.0, 8.0, 1.0] | train det 0.4117 seg 0.5378 cnt 10.3999
[stage1] epoch 6/100 | train 19.1398 | det 0.3465 seg 0.5842 cnt 9.2687
[stage1] epoch 7/100 step 1 | loss 20.5729 | w [15.0, 8.0, 1.0] | train det 0.7557 seg 0.5963 cnt 4.4661
[stage1] epoch 7/100 step 2 | loss 19.4641 | w [15.0, 8.0, 1.0] | train det 0.6852 seg 0.5340 cnt 4.9138
[stage1] epoch 7/100 step 3 | loss 12.4022 | w [15.0, 8.0, 1.0] | train det 0.2129 seg 0.4173 cnt 5.8710
[stage1] epoch 7/100 step 4 | loss 21.9551 | w [15.0, 8.0, 1.0] | train det 0.1156 seg 0.4959 cnt 16.2539
[stage1] epoch 7/100 step 5 | loss 7.3120 | w [15.0, 8.0, 1.0] | train det 0.1220 seg 0.2051 cnt 3.8417
[stage1] epoch 7/100 step 6 | loss 16.8917 | w [15.0, 8.0, 1.0] | train det 0.4269 seg 0.4316 cnt 7.0350
[stage1] epoch 7/100 step 7 | loss 38.6348 | w [15.0, 8.0, 1.0] | train det 0.2916 seg 0.9707 cnt 26.4955
[stage1] epoch 7/100 step 8 | loss 31.1355 | w [15.0, 8.0, 1.0] | train det 0.2027 seg 0.4607 cnt 24.4097
[stage1] epoch 7/100 step 9 | loss 10.9530 | w [15.0, 8.0, 1.0] | train det 0.1480 seg 0.2614 cnt 6.6419
[stage1] epoch 7/100 step 10 | loss 17.7877 | w [15.0, 8.0, 1.0] | train det 0.2166 seg 0.8340 cnt 7.8662
[stage1] epoch 7/100 step 11 | loss 16.0817 | w [15.0, 8.0, 1.0] | train det 0.1441 seg 0.4931 cnt 9.9747
[stage1] epoch 7/100 step 12 | loss 22.5608 | w [15.0, 8.0, 1.0] | train det 0.2428 seg 0.3357 cnt 16.2329
[stage1] epoch 7/100 step 13 | loss 14.9705 | w [15.0, 8.0, 1.0] | train det 0.1034 seg 0.8158 cnt 6.8926
[stage1] epoch 7/100 step 14 | loss 27.4901 | w [15.0, 8.0, 1.0] | train det 0.1910 seg 0.4417 cnt 21.0908
[stage1] epoch 7/100 step 15 | loss 12.8510 | w [15.0, 8.0, 1.0] | train det 0.1193 seg 0.5302 cnt 6.8205
[stage1] epoch 7/100 step 16 | loss 16.1508 | w [15.0, 8.0, 1.0] | train det 0.1775 seg 0.6817 cnt 8.0344
[stage1] epoch 7/100 step 17 | loss 11.7591 | w [15.0, 8.0, 1.0] | train det 0.1114 seg 0.6866 cnt 4.5950
[stage1] epoch 7/100 step 18 | loss 12.2762 | w [15.0, 8.0, 1.0] | train det 0.1999 seg 0.3684 cnt 6.3303
[stage1] epoch 7/100 step 19 | loss 14.6774 | w [15.0, 8.0, 1.0] | train det 0.3345 seg 0.5317 cnt 5.4065
[stage1] epoch 7/100 step 20 | loss 10.8384 | w [15.0, 8.0, 1.0] | train det 0.1081 seg 0.5490 cnt 4.8245
[stage1] epoch 7/100 step 21 | loss 14.2208 | w [15.0, 8.0, 1.0] | train det 0.1563 seg 0.4124 cnt 8.5769
[stage1] epoch 7/100 step 22 | loss 15.4508 | w [15.0, 8.0, 1.0] | train det 0.2776 seg 0.5994 cnt 6.4919
[stage1] epoch 7/100 step 23 | loss 23.8234 | w [15.0, 8.0, 1.0] | train det 0.1658 seg 0.7462 cnt 15.3665
[stage1] epoch 7/100 step 24 | loss 23.3297 | w [15.0, 8.0, 1.0] | train det 0.1904 seg 0.6096 cnt 15.5966
[stage1] epoch 7/100 step 25 | loss 16.5974 | w [15.0, 8.0, 1.0] | train det 0.1695 seg 0.6077 cnt 9.1938
[stage1] epoch 7/100 step 26 | loss 12.8339 | w [15.0, 8.0, 1.0] | train det 0.2004 seg 0.1183 cnt 8.8811
[stage1] epoch 7/100 step 27 | loss 11.7155 | w [15.0, 8.0, 1.0] | train det 0.2141 seg 0.3177 cnt 5.9631
[stage1] epoch 7/100 step 28 | loss 22.1768 | w [15.0, 8.0, 1.0] | train det 0.1435 seg 0.5980 cnt 15.2408
[stage1] epoch 7/100 step 29 | loss 9.5086 | w [15.0, 8.0, 1.0] | train det 0.1436 seg 0.4083 cnt 4.0878
[stage1] epoch 7/100 step 30 | loss 24.0686 | w [15.0, 8.0, 1.0] | train det 0.9014 seg 0.3311 cnt 7.8989
[stage1] epoch 7/100 step 31 | loss 15.3179 | w [15.0, 8.0, 1.0] | train det 0.1072 seg 0.5502 cnt 9.3081
[stage1] epoch 7/100 step 32 | loss 18.5003 | w [15.0, 8.0, 1.0] | train det 0.3015 seg 0.8554 cnt 7.1347
[stage1] epoch 7/100 step 33 | loss 8.7586 | w [15.0, 8.0, 1.0] | train det 0.1425 seg 0.3614 cnt 3.7292
[stage1] epoch 7/100 step 34 | loss 10.7223 | w [15.0, 8.0, 1.0] | train det 0.1000 seg 0.4980 cnt 5.2379
[stage1] epoch 7/100 step 35 | loss 18.2611 | w [15.0, 8.0, 1.0] | train det 0.2742 seg 0.5140 cnt 10.0368
[stage1] epoch 7/100 step 36 | loss 13.0865 | w [15.0, 8.0, 1.0] | train det 0.1966 seg 0.5923 cnt 5.3982
[stage1] epoch 7/100 step 37 | loss 21.4643 | w [15.0, 8.0, 1.0] | train det 0.6593 seg 0.5092 cnt 7.5014
[stage1] epoch 7/100 step 38 | loss 20.9031 | w [15.0, 8.0, 1.0] | train det 0.6262 seg 0.5967 cnt 6.7373
[stage1] epoch 7/100 step 39 | loss 13.5802 | w [15.0, 8.0, 1.0] | train det 0.1771 seg 0.5139 cnt 6.8125
[stage1] epoch 7/100 step 40 | loss 17.2642 | w [15.0, 8.0, 1.0] | train det 0.0987 seg 1.0140 cnt 7.6717
[stage1] epoch 7/100 step 41 | loss 12.2287 | w [15.0, 8.0, 1.0] | train det 0.1484 seg 0.5817 cnt 5.3493
[stage1] epoch 7/100 step 42 | loss 16.8886 | w [15.0, 8.0, 1.0] | train det 0.4195 seg 0.5401 cnt 6.2754
[stage1] epoch 7/100 step 43 | loss 26.8320 | w [15.0, 8.0, 1.0] | train det 0.3563 seg 0.3162 cnt 18.9576
[stage1] epoch 7/100 | train 17.3093 | det 0.2577 seg 0.5310 cnt 9.1964
[stage1] epoch 8/100 step 1 | loss 22.3505 | w [15.0, 8.0, 1.0] | train det 0.1079 seg 0.4184 cnt 17.3849
[stage1] epoch 8/100 step 2 | loss 16.3141 | w [15.0, 8.0, 1.0] | train det 0.2178 seg 0.4075 cnt 9.7868
[stage1] epoch 8/100 step 3 | loss 14.4647 | w [15.0, 8.0, 1.0] | train det 0.3850 seg 0.2986 cnt 6.3015
[stage1] epoch 8/100 step 4 | loss 13.9678 | w [15.0, 8.0, 1.0] | train det 0.1261 seg 0.8005 cnt 5.6730
[stage1] epoch 8/100 step 5 | loss 14.4814 | w [15.0, 8.0, 1.0] | train det 0.2659 seg 0.6504 cnt 5.2893
[stage1] epoch 8/100 step 6 | loss 19.6886 | w [15.0, 8.0, 1.0] | train det 0.1876 seg 0.6345 cnt 11.7990
[stage1] epoch 8/100 step 7 | loss 19.2531 | w [15.0, 8.0, 1.0] | train det 0.5114 seg 0.5710 cnt 7.0140
[stage1] epoch 8/100 step 8 | loss 11.4970 | w [15.0, 8.0, 1.0] | train det 0.1367 seg 0.6968 cnt 3.8725
[stage1] epoch 8/100 step 9 | loss 30.1188 | w [15.0, 8.0, 1.0] | train det 1.2124 seg 0.3773 cnt 8.9146
[stage1] epoch 8/100 step 10 | loss 15.2883 | w [15.0, 8.0, 1.0] | train det 0.2306 seg 0.4799 cnt 7.9897
[stage1] epoch 8/100 step 11 | loss 24.2382 | w [15.0, 8.0, 1.0] | train det 0.3057 seg 0.5491 cnt 15.2600
[stage1] epoch 8/100 step 12 | loss 12.7043 | w [15.0, 8.0, 1.0] | train det 0.2279 seg 0.4334 cnt 5.8189
[stage1] epoch 8/100 step 13 | loss 41.7806 | w [15.0, 8.0, 1.0] | train det 0.3859 seg 0.7041 cnt 30.3594
[stage1] epoch 8/100 step 14 | loss 19.0298 | w [15.0, 8.0, 1.0] | train det 0.2034 seg 0.7735 cnt 9.7902
[stage1] epoch 8/100 step 15 | loss 24.6803 | w [15.0, 8.0, 1.0] | train det 0.6012 seg 0.2887 cnt 13.3533
[stage1] epoch 8/100 step 16 | loss 17.8414 | w [15.0, 8.0, 1.0] | train det 0.3511 seg 0.3164 cnt 10.0428
[stage1] epoch 8/100 step 17 | loss 15.6728 | w [15.0, 8.0, 1.0] | train det 0.1873 seg 0.2911 cnt 10.5356
[stage1] epoch 8/100 step 18 | loss 9.4644 | w [15.0, 8.0, 1.0] | train det 0.1128 seg 0.6613 cnt 2.4817
[stage1] epoch 8/100 step 19 | loss 19.3010 | w [15.0, 8.0, 1.0] | train det 0.1734 seg 0.5822 cnt 12.0428
[stage1] epoch 8/100 step 20 | loss 16.0162 | w [15.0, 8.0, 1.0] | train det 0.3285 seg 0.4728 cnt 7.3067
[stage1] epoch 8/100 step 21 | loss 13.4163 | w [15.0, 8.0, 1.0] | train det 0.1941 seg 0.3652 cnt 7.5838
[stage1] epoch 8/100 step 22 | loss 19.9363 | w [15.0, 8.0, 1.0] | train det 0.2928 seg 0.6300 cnt 10.5038
[stage1] epoch 8/100 step 23 | loss 29.8323 | w [15.0, 8.0, 1.0] | train det 0.2767 seg 0.6306 cnt 20.6375
[stage1] epoch 8/100 step 24 | loss 17.3082 | w [15.0, 8.0, 1.0] | train det 0.2420 seg 0.7660 cnt 7.5509
[stage1] epoch 8/100 step 25 | loss 28.7511 | w [15.0, 8.0, 1.0] | train det 0.4739 seg 0.5531 cnt 17.2171
[stage1] epoch 8/100 step 26 | loss 15.6950 | w [15.0, 8.0, 1.0] | train det 0.2285 seg 0.4181 cnt 8.9235
[stage1] epoch 8/100 step 27 | loss 19.6873 | w [15.0, 8.0, 1.0] | train det 0.2208 seg 0.8726 cnt 9.3950
[stage1] epoch 8/100 step 28 | loss 13.0453 | w [15.0, 8.0, 1.0] | train det 0.1961 seg 0.6341 cnt 5.0311
[stage1] epoch 8/100 step 29 | loss 11.6410 | w [15.0, 8.0, 1.0] | train det 0.2535 seg 0.4059 cnt 4.5906
[stage1] epoch 8/100 step 30 | loss 18.7209 | w [15.0, 8.0, 1.0] | train det 0.1400 seg 0.5379 cnt 12.3168
[stage1] epoch 8/100 step 31 | loss 13.5057 | w [15.0, 8.0, 1.0] | train det 0.3055 seg 0.2949 cnt 6.5638
[stage1] epoch 8/100 step 32 | loss 12.4280 | w [15.0, 8.0, 1.0] | train det 0.4269 seg 0.3912 cnt 2.8946
[stage1] epoch 8/100 step 33 | loss 18.3859 | w [15.0, 8.0, 1.0] | train det 0.3387 seg 0.5883 cnt 8.5998
[stage1] epoch 8/100 step 34 | loss 12.8110 | w [15.0, 8.0, 1.0] | train det 0.1871 seg 0.5950 cnt 5.2450
[stage1] epoch 8/100 step 35 | loss 22.7248 | w [15.0, 8.0, 1.0] | train det 0.2591 seg 0.5960 cnt 14.0698
[stage1] epoch 8/100 step 36 | loss 14.3806 | w [15.0, 8.0, 1.0] | train det 0.2307 seg 0.6319 cnt 5.8650
[stage1] epoch 8/100 step 37 | loss 39.3514 | w [15.0, 8.0, 1.0] | train det 0.0778 seg 0.9686 cnt 30.4345
[stage1] epoch 8/100 step 38 | loss 15.6263 | w [15.0, 8.0, 1.0] | train det 0.2354 seg 0.3559 cnt 9.2482
[stage1] epoch 8/100 step 39 | loss 21.8248 | w [15.0, 8.0, 1.0] | train det 0.3779 seg 0.5974 cnt 11.3760
[stage1] epoch 8/100 step 40 | loss 16.1634 | w [15.0, 8.0, 1.0] | train det 0.1070 seg 0.2708 cnt 12.3914
[stage1] epoch 8/100 step 41 | loss 20.8695 | w [15.0, 8.0, 1.0] | train det 0.2460 seg 0.9186 cnt 9.8312
[stage1] epoch 8/100 step 42 | loss 9.9723 | w [15.0, 8.0, 1.0] | train det 0.1782 seg 0.6334 cnt 2.2317
[stage1] epoch 8/100 step 43 | loss 23.6007 | w [15.0, 8.0, 1.0] | train det 0.4755 seg 0.4555 cnt 12.8238
[stage1] epoch 8/100 | train 18.7868 | det 0.2843 seg 0.5469 cnt 10.1475
[stage1] epoch 9/100 step 1 | loss 13.2363 | w [15.0, 8.0, 1.0] | train det 0.0940 seg 0.6455 cnt 6.6625
[stage1] epoch 9/100 step 2 | loss 11.2497 | w [15.0, 8.0, 1.0] | train det 0.1901 seg 0.3313 cnt 5.7483
[stage1] epoch 9/100 step 3 | loss 11.4913 | w [15.0, 8.0, 1.0] | train det 0.1558 seg 0.4062 cnt 5.9043
[stage1] epoch 9/100 step 4 | loss 17.1323 | w [15.0, 8.0, 1.0] | train det 0.3264 seg 0.5598 cnt 7.7570
[stage1] epoch 9/100 step 5 | loss 16.5409 | w [15.0, 8.0, 1.0] | train det 0.2074 seg 0.1712 cnt 12.0603
[stage1] epoch 9/100 step 6 | loss 14.5449 | w [15.0, 8.0, 1.0] | train det 0.1947 seg 0.2884 cnt 9.3164
[stage1] epoch 9/100 step 7 | loss 15.6271 | w [15.0, 8.0, 1.0] | train det 0.1860 seg 0.3037 cnt 10.4074
[stage1] epoch 9/100 step 8 | loss 40.8461 | w [15.0, 8.0, 1.0] | train det 0.1941 seg 0.2677 cnt 35.7932
[stage1] epoch 9/100 step 9 | loss 12.7183 | w [15.0, 8.0, 1.0] | train det 0.3634 seg 0.3172 cnt 4.7298
[stage1] epoch 9/100 step 10 | loss 35.5995 | w [15.0, 8.0, 1.0] | train det 0.2136 seg 0.7065 cnt 26.7429
[stage1] epoch 9/100 step 11 | loss 17.3137 | w [15.0, 8.0, 1.0] | train det 0.1376 seg 0.5437 cnt 10.9007
[stage1] epoch 9/100 step 12 | loss 13.0425 | w [15.0, 8.0, 1.0] | train det 0.3490 seg 0.3372 cnt 5.1097
[stage1] epoch 9/100 step 13 | loss 16.2179 | w [15.0, 8.0, 1.0] | train det 0.3877 seg 0.3364 cnt 7.7120
[stage1] epoch 9/100 step 14 | loss 7.4146 | w [15.0, 8.0, 1.0] | train det 0.0820 seg 0.2503 cnt 4.1829
[stage1] epoch 9/100 step 15 | loss 9.6637 | w [15.0, 8.0, 1.0] | train det 0.1013 seg 0.6191 cnt 3.1916
[stage1] epoch 9/100 step 16 | loss 15.9200 | w [15.0, 8.0, 1.0] | train det 0.1813 seg 0.4143 cnt 9.8857
[stage1] epoch 9/100 step 17 | loss 17.6691 | w [15.0, 8.0, 1.0] | train det 0.1881 seg 0.6967 cnt 9.2739
[stage1] epoch 9/100 step 18 | loss 13.9843 | w [15.0, 8.0, 1.0] | train det 0.2507 seg 0.6022 cnt 5.4064
[stage1] epoch 9/100 step 19 | loss 26.6950 | w [15.0, 8.0, 1.0] | train det 0.3956 seg 0.3137 cnt 18.2521
[stage1] epoch 9/100 step 20 | loss 14.5328 | w [15.0, 8.0, 1.0] | train det 0.2207 seg 0.3900 cnt 8.1030
[stage1] epoch 9/100 step 21 | loss 17.7634 | w [15.0, 8.0, 1.0] | train det 0.1964 seg 0.3823 cnt 11.7589
[stage1] epoch 9/100 step 22 | loss 10.8454 | w [15.0, 8.0, 1.0] | train det 0.1140 seg 0.5478 cnt 4.7528
[stage1] epoch 9/100 step 23 | loss 16.2002 | w [15.0, 8.0, 1.0] | train det 0.1254 seg 0.8620 cnt 7.4233
[stage1] epoch 9/100 step 24 | loss 18.0079 | w [15.0, 8.0, 1.0] | train det 0.5861 seg 0.7023 cnt 3.5983
[stage1] epoch 9/100 step 25 | loss 7.7917 | w [15.0, 8.0, 1.0] | train det 0.1161 seg 0.2851 cnt 3.7685
[stage1] epoch 9/100 step 26 | loss 17.5427 | w [15.0, 8.0, 1.0] | train det 0.7294 seg 0.3227 cnt 4.0204
[stage1] epoch 9/100 step 27 | loss 12.3245 | w [15.0, 8.0, 1.0] | train det 0.2953 seg 0.3592 cnt 5.0208
[stage1] epoch 9/100 step 28 | loss 11.2030 | w [15.0, 8.0, 1.0] | train det 0.1861 seg 0.3330 cnt 5.7476
[stage1] epoch 9/100 step 29 | loss 16.4282 | w [15.0, 8.0, 1.0] | train det 0.1302 seg 0.6931 cnt 8.9303
[stage1] epoch 9/100 step 30 | loss 11.3033 | w [15.0, 8.0, 1.0] | train det 0.1354 seg 0.2612 cnt 7.1824
[stage1] epoch 9/100 step 31 | loss 23.4266 | w [15.0, 8.0, 1.0] | train det 0.5754 seg 0.4133 cnt 11.4892
[stage1] epoch 9/100 step 32 | loss 15.9941 | w [15.0, 8.0, 1.0] | train det 0.3186 seg 0.3691 cnt 8.2626
[stage1] epoch 9/100 step 33 | loss 12.9191 | w [15.0, 8.0, 1.0] | train det 0.2189 seg 0.5598 cnt 5.1569
[stage1] epoch 9/100 step 34 | loss 21.7884 | w [15.0, 8.0, 1.0] | train det 0.1968 seg 0.4076 cnt 15.5765
[stage1] epoch 9/100 step 35 | loss 17.3688 | w [15.0, 8.0, 1.0] | train det 0.1334 seg 0.5805 cnt 10.7237
[stage1] epoch 9/100 step 36 | loss 12.8795 | w [15.0, 8.0, 1.0] | train det 0.3447 seg 0.4040 cnt 4.4769
[stage1] epoch 9/100 step 37 | loss 11.3589 | w [15.0, 8.0, 1.0] | train det 0.0944 seg 0.4450 cnt 6.3833
[stage1] epoch 9/100 step 38 | loss 21.2391 | w [15.0, 8.0, 1.0] | train det 0.1545 seg 0.5729 cnt 14.3379
[stage1] epoch 9/100 step 39 | loss 11.4161 | w [15.0, 8.0, 1.0] | train det 0.1644 seg 0.5162 cnt 4.8205
[stage1] epoch 9/100 step 40 | loss 14.5310 | w [15.0, 8.0, 1.0] | train det 0.3152 seg 0.2771 cnt 7.5868
[stage1] epoch 9/100 step 41 | loss 14.4085 | w [15.0, 8.0, 1.0] | train det 0.2501 seg 0.4535 cnt 7.0290
[stage1] epoch 9/100 step 42 | loss 8.7809 | w [15.0, 8.0, 1.0] | train det 0.1969 seg 0.2309 cnt 3.9809
[stage1] epoch 9/100 step 43 | loss 25.1417 | w [15.0, 8.0, 1.0] | train det 0.1495 seg 0.5419 cnt 18.5636
[stage1] epoch 9/100 | train 16.0954 | det 0.2360 seg 0.4424 cnt 9.0170
[stage1] epoch 10/100 step 1 | loss 13.1867 | w [15.0, 8.0, 1.0] | train det 0.0997 seg 0.5405 cnt 7.3680
[stage1] epoch 10/100 step 2 | loss 14.6982 | w [15.0, 8.0, 1.0] | train det 0.1049 seg 0.3229 cnt 10.5409
[stage1] epoch 10/100 step 3 | loss 7.9934 | w [15.0, 8.0, 1.0] | train det 0.1873 seg 0.1023 cnt 4.3656
[stage1] epoch 10/100 step 4 | loss 10.6817 | w [15.0, 8.0, 1.0] | train det 0.2029 seg 0.2034 cnt 6.0112
[stage1] epoch 10/100 step 5 | loss 12.8528 | w [15.0, 8.0, 1.0] | train det 0.0615 seg 0.4126 cnt 8.6296
[stage1] epoch 10/100 step 6 | loss 9.1473 | w [15.0, 8.0, 1.0] | train det 0.0622 seg 0.5732 cnt 3.6285
[stage1] epoch 10/100 step 7 | loss 20.9567 | w [15.0, 8.0, 1.0] | train det 0.2633 seg 0.5346 cnt 12.7308
[stage1] epoch 10/100 step 8 | loss 14.8229 | w [15.0, 8.0, 1.0] | train det 0.3313 seg 0.6145 cnt 4.9366
[stage1] epoch 10/100 step 9 | loss 27.1170 | w [15.0, 8.0, 1.0] | train det 0.2291 seg 0.6416 cnt 18.5470
[stage1] epoch 10/100 step 10 | loss 21.7782 | w [15.0, 8.0, 1.0] | train det 0.2174 seg 0.3776 cnt 15.4958
[stage1] epoch 10/100 step 11 | loss 24.4037 | w [15.0, 8.0, 1.0] | train det 0.3078 seg 0.4509 cnt 16.1802
[stage1] epoch 10/100 step 12 | loss 20.9181 | w [15.0, 8.0, 1.0] | train det 0.2488 seg 0.5909 cnt 12.4592
[stage1] epoch 10/100 step 13 | loss 11.7699 | w [15.0, 8.0, 1.0] | train det 0.1932 seg 0.1967 cnt 7.2978
[stage1] epoch 10/100 step 14 | loss 15.3890 | w [15.0, 8.0, 1.0] | train det 0.1349 seg 0.5215 cnt 9.1927
[stage1] epoch 10/100 step 15 | loss 17.3207 | w [15.0, 8.0, 1.0] | train det 0.2277 seg 0.5804 cnt 9.2624
[stage1] epoch 10/100 step 16 | loss 9.4549 | w [15.0, 8.0, 1.0] | train det 0.1104 seg 0.3114 cnt 5.3068
[stage1] epoch 10/100 step 17 | loss 14.0079 | w [15.0, 8.0, 1.0] | train det 0.2740 seg 0.6100 cnt 5.0180
[stage1] epoch 10/100 step 18 | loss 14.1607 | w [15.0, 8.0, 1.0] | train det 0.3281 seg 0.6057 cnt 4.3943
[stage1] epoch 10/100 step 19 | loss 14.4892 | w [15.0, 8.0, 1.0] | train det 0.2259 seg 0.5763 cnt 6.4899
[stage1] epoch 10/100 step 20 | loss 15.0794 | w [15.0, 8.0, 1.0] | train det 0.2001 seg 0.6322 cnt 7.0200
[stage1] epoch 10/100 step 21 | loss 17.8451 | w [15.0, 8.0, 1.0] | train det 0.4501 seg 0.6434 cnt 5.9464
[stage1] epoch 10/100 step 22 | loss 11.3754 | w [15.0, 8.0, 1.0] | train det 0.1772 seg 0.3720 cnt 5.7410
[stage1] epoch 10/100 step 23 | loss 18.4611 | w [15.0, 8.0, 1.0] | train det 0.1796 seg 0.5276 cnt 11.5456
[stage1] epoch 10/100 step 24 | loss 12.2971 | w [15.0, 8.0, 1.0] | train det 0.0832 seg 0.4241 cnt 7.6559
[stage1] epoch 10/100 step 25 | loss 15.2157 | w [15.0, 8.0, 1.0] | train det 0.2097 seg 0.4181 cnt 8.7250
[stage1] epoch 10/100 step 26 | loss 24.8054 | w [15.0, 8.0, 1.0] | train det 0.3930 seg 0.3487 cnt 16.1210
[stage1] epoch 10/100 step 27 | loss 14.2199 | w [15.0, 8.0, 1.0] | train det 0.2523 seg 0.2825 cnt 8.1751
[stage1] epoch 10/100 step 28 | loss 13.8659 | w [15.0, 8.0, 1.0] | train det 0.3079 seg 0.3658 cnt 6.3215
[stage1] epoch 10/100 step 29 | loss 15.3411 | w [15.0, 8.0, 1.0] | train det 0.1648 seg 0.4777 cnt 9.0472
[stage1] epoch 10/100 step 30 | loss 12.3927 | w [15.0, 8.0, 1.0] | train det 0.3292 seg 0.4717 cnt 3.6806
[stage1] epoch 10/100 step 31 | loss 20.6850 | w [15.0, 8.0, 1.0] | train det 0.1397 seg 0.5485 cnt 14.2017
[stage1] epoch 10/100 step 32 | loss 12.6794 | w [15.0, 8.0, 1.0] | train det 0.2653 seg 0.4959 cnt 4.7327
[stage1] epoch 10/100 step 33 | loss 27.0092 | w [15.0, 8.0, 1.0] | train det 0.3855 seg 0.3570 cnt 18.3704
[stage1] epoch 10/100 step 34 | loss 25.2116 | w [15.0, 8.0, 1.0] | train det 0.1706 seg 0.4426 cnt 19.1120
[stage1] epoch 10/100 step 35 | loss 24.5486 | w [15.0, 8.0, 1.0] | train det 0.3043 seg 0.3167 cnt 17.4502
[stage1] epoch 10/100 step 36 | loss 16.1785 | w [15.0, 8.0, 1.0] | train det 0.0705 seg 0.3319 cnt 12.4657
[stage1] epoch 10/100 step 37 | loss 12.8479 | w [15.0, 8.0, 1.0] | train det 0.0991 seg 0.5085 cnt 7.2934
[stage1] epoch 10/100 step 38 | loss 12.7963 | w [15.0, 8.0, 1.0] | train det 0.0783 seg 0.3504 cnt 8.8183
[stage1] epoch 10/100 step 39 | loss 16.9258 | w [15.0, 8.0, 1.0] | train det 0.1561 seg 0.5784 cnt 9.9568
[stage1] epoch 10/100 step 40 | loss 9.4192 | w [15.0, 8.0, 1.0] | train det 0.1577 seg 0.2279 cnt 5.2301
[stage1] epoch 10/100 step 41 | loss 8.7206 | w [15.0, 8.0, 1.0] | train det 0.0538 seg 0.3506 cnt 5.1085
[stage1] epoch 10/100 step 42 | loss 13.4680 | w [15.0, 8.0, 1.0] | train det 0.0558 seg 0.9679 cnt 4.8883
[stage1] epoch 10/100 step 43 | loss 16.9130 | w [15.0, 8.0, 1.0] | train det 0.2716 seg 0.7522 cnt 6.8206
[stage1] epoch 10/100 | train 15.8942 | det 0.2039 seg 0.4642 cnt 9.1229
[stage1] epoch 11/100 step 1 | loss 18.1280 | w [15.0, 8.0, 1.0] | train det 0.2091 seg 0.5432 cnt 10.6462
[stage1] epoch 11/100 step 2 | loss 12.1928 | w [15.0, 8.0, 1.0] | train det 0.0775 seg 0.4769 cnt 7.2148
[stage1] epoch 11/100 step 3 | loss 13.8008 | w [15.0, 8.0, 1.0] | train det 0.2766 seg 0.4503 cnt 6.0489
[stage1] epoch 11/100 step 4 | loss 20.2264 | w [15.0, 8.0, 1.0] | train det 0.2680 seg 0.2910 cnt 13.8781
[stage1] epoch 11/100 step 5 | loss 14.0658 | w [15.0, 8.0, 1.0] | train det 0.2439 seg 0.4018 cnt 7.1922
[stage1] epoch 11/100 step 6 | loss 21.6200 | w [15.0, 8.0, 1.0] | train det 0.6935 seg 0.7084 cnt 5.5509
[stage1] epoch 11/100 step 7 | loss 14.7196 | w [15.0, 8.0, 1.0] | train det 0.1847 seg 0.3370 cnt 9.2535
[stage1] epoch 11/100 step 8 | loss 17.3377 | w [15.0, 8.0, 1.0] | train det 0.5157 seg 0.5385 cnt 5.2940
[stage1] epoch 11/100 step 9 | loss 33.8955 | w [15.0, 8.0, 1.0] | train det 1.2715 seg 0.4873 cnt 10.9247
[stage1] epoch 11/100 step 10 | loss 14.9094 | w [15.0, 8.0, 1.0] | train det 0.1528 seg 0.3357 cnt 9.9321
[stage1] epoch 11/100 step 11 | loss 12.2205 | w [15.0, 8.0, 1.0] | train det 0.2136 seg 0.4272 cnt 5.5983
[stage1] epoch 11/100 step 12 | loss 13.7716 | w [15.0, 8.0, 1.0] | train det 0.1118 seg 0.6723 cnt 6.7166
[stage1] epoch 11/100 step 13 | loss 9.6858 | w [15.0, 8.0, 1.0] | train det 0.2725 seg 0.2854 cnt 3.3152
[stage1] epoch 11/100 step 14 | loss 10.7185 | w [15.0, 8.0, 1.0] | train det 0.1026 seg 0.4809 cnt 5.3325
[stage1] epoch 11/100 step 15 | loss 15.3314 | w [15.0, 8.0, 1.0] | train det 0.1824 seg 0.6250 cnt 7.5956
[stage1] epoch 11/100 step 16 | loss 14.3082 | w [15.0, 8.0, 1.0] | train det 0.3019 seg 0.3715 cnt 6.8074
[stage1] epoch 11/100 step 17 | loss 23.9478 | w [15.0, 8.0, 1.0] | train det 0.2782 seg 0.5107 cnt 15.6893
[stage1] epoch 11/100 step 18 | loss 14.9895 | w [15.0, 8.0, 1.0] | train det 0.1137 seg 0.3992 cnt 10.0900
[stage1] epoch 11/100 step 19 | loss 14.0437 | w [15.0, 8.0, 1.0] | train det 0.3409 seg 0.3332 cnt 6.2651
[stage1] epoch 11/100 step 20 | loss 7.4109 | w [15.0, 8.0, 1.0] | train det 0.0926 seg 0.1128 cnt 5.1198
[stage1] epoch 11/100 step 21 | loss 24.2398 | w [15.0, 8.0, 1.0] | train det 0.5717 seg 0.4747 cnt 11.8667
[stage1] epoch 11/100 step 22 | loss 13.2180 | w [15.0, 8.0, 1.0] | train det 0.4212 seg 0.4933 cnt 2.9540
[stage1] epoch 11/100 step 23 | loss 18.5580 | w [15.0, 8.0, 1.0] | train det 0.1024 seg 0.5906 cnt 12.2978
[stage1] epoch 11/100 step 24 | loss 14.0072 | w [15.0, 8.0, 1.0] | train det 0.1204 seg 0.9049 cnt 4.9625
[stage1] epoch 11/100 step 25 | loss 15.5019 | w [15.0, 8.0, 1.0] | train det 0.0840 seg 0.4977 cnt 10.2594
[stage1] epoch 11/100 step 26 | loss 13.8428 | w [15.0, 8.0, 1.0] | train det 0.2355 seg 0.4293 cnt 6.8752
[stage1] epoch 11/100 step 27 | loss 11.6238 | w [15.0, 8.0, 1.0] | train det 0.2843 seg 0.3184 cnt 4.8124
[stage1] epoch 11/100 step 28 | loss 19.6659 | w [15.0, 8.0, 1.0] | train det 0.1884 seg 0.5090 cnt 12.7679
[stage1] epoch 11/100 step 29 | loss 17.5341 | w [15.0, 8.0, 1.0] | train det 0.5501 seg 0.3853 cnt 6.1998
[stage1] epoch 11/100 step 30 | loss 14.5228 | w [15.0, 8.0, 1.0] | train det 0.2617 seg 0.6916 cnt 5.0639
[stage1] epoch 11/100 step 31 | loss 17.9147 | w [15.0, 8.0, 1.0] | train det 0.3322 seg 0.4956 cnt 8.9672
[stage1] epoch 11/100 step 32 | loss 14.2244 | w [15.0, 8.0, 1.0] | train det 0.1449 seg 0.7744 cnt 5.8558
[stage1] epoch 11/100 step 33 | loss 17.7173 | w [15.0, 8.0, 1.0] | train det 0.1641 seg 0.5683 cnt 10.7099
[stage1] epoch 11/100 step 34 | loss 19.6126 | w [15.0, 8.0, 1.0] | train det 0.3111 seg 0.7909 cnt 8.6192
[stage1] epoch 11/100 step 35 | loss 13.6985 | w [15.0, 8.0, 1.0] | train det 0.1126 seg 0.5363 cnt 7.7186
[stage1] epoch 11/100 step 36 | loss 18.4785 | w [15.0, 8.0, 1.0] | train det 0.4269 seg 0.2881 cnt 9.7704
[stage1] epoch 11/100 step 37 | loss 14.6975 | w [15.0, 8.0, 1.0] | train det 0.3194 seg 0.5506 cnt 5.5014
[stage1] epoch 11/100 step 38 | loss 11.7743 | w [15.0, 8.0, 1.0] | train det 0.0684 seg 0.6755 cnt 5.3436
[stage1] epoch 11/100 step 39 | loss 16.3267 | w [15.0, 8.0, 1.0] | train det 0.3309 seg 0.4151 cnt 8.0431
[stage1] epoch 11/100 step 40 | loss 16.8332 | w [15.0, 8.0, 1.0] | train det 0.3031 seg 0.6771 cnt 6.8698
[stage1] epoch 11/100 step 41 | loss 23.4457 | w [15.0, 8.0, 1.0] | train det 0.2946 seg 0.3545 cnt 16.1903
[stage1] epoch 11/100 step 42 | loss 27.0783 | w [15.0, 8.0, 1.0] | train det 0.6104 seg 0.7646 cnt 11.8064
[stage1] epoch 11/100 step 43 | loss 9.6241 | w [15.0, 8.0, 1.0] | train det 0.1785 seg 0.0754 cnt 6.3432
[stage1] epoch 11/100 | train 16.3131 | det 0.2865 seg 0.4895 cnt 8.0992
[stage1] epoch 12/100 step 1 | loss 18.2100 | w [15.0, 8.0, 1.0] | train det 0.1513 seg 0.4579 cnt 12.2768
[stage1] epoch 12/100 step 2 | loss 18.0831 | w [15.0, 8.0, 1.0] | train det 0.4251 seg 0.3940 cnt 8.5552
[stage1] epoch 12/100 step 3 | loss 12.2260 | w [15.0, 8.0, 1.0] | train det 0.1329 seg 0.2679 cnt 8.0891
[stage1] epoch 12/100 step 4 | loss 14.1820 | w [15.0, 8.0, 1.0] | train det 0.1273 seg 0.3423 cnt 9.5342
[stage1] epoch 12/100 step 5 | loss 18.5552 | w [15.0, 8.0, 1.0] | train det 0.1676 seg 0.4466 cnt 12.4682
[stage1] epoch 12/100 step 6 | loss 14.2210 | w [15.0, 8.0, 1.0] | train det 0.2741 seg 0.3961 cnt 6.9400
[stage1] epoch 12/100 step 7 | loss 10.9933 | w [15.0, 8.0, 1.0] | train det 0.1326 seg 0.4356 cnt 5.5192
[stage1] epoch 12/100 step 8 | loss 7.9755 | w [15.0, 8.0, 1.0] | train det 0.1242 seg 0.3322 cnt 3.4559
[stage1] epoch 12/100 step 9 | loss 11.0674 | w [15.0, 8.0, 1.0] | train det 0.2093 seg 0.2428 cnt 5.9854
[stage1] epoch 12/100 step 10 | loss 15.1157 | w [15.0, 8.0, 1.0] | train det 0.1211 seg 0.5587 cnt 8.8286
[stage1] epoch 12/100 step 11 | loss 8.1985 | w [15.0, 8.0, 1.0] | train det 0.1403 seg 0.3430 cnt 3.3497
[stage1] epoch 12/100 step 12 | loss 7.0372 | w [15.0, 8.0, 1.0] | train det 0.1049 seg 0.2484 cnt 3.4768
[stage1] epoch 12/100 step 13 | loss 18.3988 | w [15.0, 8.0, 1.0] | train det 0.4110 seg 0.4786 cnt 8.4045
[stage1] epoch 12/100 step 14 | loss 8.2124 | w [15.0, 8.0, 1.0] | train det 0.0824 seg 0.3824 cnt 3.9171
[stage1] epoch 12/100 step 15 | loss 16.6472 | w [15.0, 8.0, 1.0] | train det 0.1982 seg 0.4639 cnt 9.9634
[stage1] epoch 12/100 step 16 | loss 15.1793 | w [15.0, 8.0, 1.0] | train det 0.3760 seg 0.3502 cnt 6.7378
[stage1] epoch 12/100 step 17 | loss 12.3969 | w [15.0, 8.0, 1.0] | train det 0.1597 seg 0.5284 cnt 5.7743
[stage1] epoch 12/100 step 18 | loss 24.9955 | w [15.0, 8.0, 1.0] | train det 0.2122 seg 0.3739 cnt 18.8212
[stage1] epoch 12/100 step 19 | loss 12.4393 | w [15.0, 8.0, 1.0] | train det 0.2221 seg 0.3538 cnt 6.2770
[stage1] epoch 12/100 step 20 | loss 7.8129 | w [15.0, 8.0, 1.0] | train det 0.1115 seg 0.2932 cnt 3.7950
[stage1] epoch 12/100 step 21 | loss 11.2159 | w [15.0, 8.0, 1.0] | train det 0.3489 seg 0.3003 cnt 3.5802
[stage1] epoch 12/100 step 22 | loss 19.2709 | w [15.0, 8.0, 1.0] | train det 0.3380 seg 0.3916 cnt 11.0679
[stage1] epoch 12/100 step 23 | loss 25.7373 | w [15.0, 8.0, 1.0] | train det 0.2228 seg 0.2291 cnt 20.5617
[stage1] epoch 12/100 step 24 | loss 19.8435 | w [15.0, 8.0, 1.0] | train det 0.5240 seg 0.9170 cnt 4.6468
[stage1] epoch 12/100 step 25 | loss 15.6249 | w [15.0, 8.0, 1.0] | train det 0.0824 seg 0.2800 cnt 12.1484
[stage1] epoch 12/100 step 26 | loss 14.6382 | w [15.0, 8.0, 1.0] | train det 0.1105 seg 0.7094 cnt 7.3058
[stage1] epoch 12/100 step 27 | loss 13.0344 | w [15.0, 8.0, 1.0] | train det 0.1429 seg 0.5954 cnt 6.1275
[stage1] epoch 12/100 step 28 | loss 16.0197 | w [15.0, 8.0, 1.0] | train det 0.2546 seg 0.4256 cnt 8.7958
[stage1] epoch 12/100 step 29 | loss 20.4620 | w [15.0, 8.0, 1.0] | train det 0.3689 seg 0.4287 cnt 11.4988
[stage1] epoch 12/100 step 30 | loss 10.7606 | w [15.0, 8.0, 1.0] | train det 0.1006 seg 0.4009 cnt 6.0440
[stage1] epoch 12/100 step 31 | loss 12.1799 | w [15.0, 8.0, 1.0] | train det 0.1867 seg 0.5167 cnt 5.2455
[stage1] epoch 12/100 step 32 | loss 11.5953 | w [15.0, 8.0, 1.0] | train det 0.3682 seg 0.4169 cnt 2.7376
[stage1] epoch 12/100 step 33 | loss 18.2124 | w [15.0, 8.0, 1.0] | train det 0.7474 seg 0.2170 cnt 5.2644
[stage1] epoch 12/100 step 34 | loss 13.6473 | w [15.0, 8.0, 1.0] | train det 0.1867 seg 0.4298 cnt 7.4078
[stage1] epoch 12/100 step 35 | loss 8.8049 | w [15.0, 8.0, 1.0] | train det 0.1858 seg 0.3793 cnt 2.9836
[stage1] epoch 12/100 step 36 | loss 7.9598 | w [15.0, 8.0, 1.0] | train det 0.0955 seg 0.4563 cnt 2.8769
[stage1] epoch 12/100 step 37 | loss 9.1776 | w [15.0, 8.0, 1.0] | train det 0.0924 seg 0.3341 cnt 5.1181
[stage1] epoch 12/100 step 38 | loss 13.0616 | w [15.0, 8.0, 1.0] | train det 0.4430 seg 0.4711 cnt 2.6472
[stage1] epoch 12/100 step 39 | loss 13.0380 | w [15.0, 8.0, 1.0] | train det 0.0880 seg 0.3235 cnt 9.1303
[stage1] epoch 12/100 step 40 | loss 12.9313 | w [15.0, 8.0, 1.0] | train det 0.1563 seg 0.4755 cnt 6.7833
[stage1] epoch 12/100 step 41 | loss 8.9296 | w [15.0, 8.0, 1.0] | train det 0.1669 seg 0.2549 cnt 4.3866
[stage1] epoch 12/100 step 42 | loss 26.5965 | w [15.0, 8.0, 1.0] | train det 0.2598 seg 0.5180 cnt 18.5552
[stage1] epoch 12/100 step 43 | loss 9.6637 | w [15.0, 8.0, 1.0] | train det 0.1213 seg 0.3769 cnt 4.8298
[stage1] epoch 12/100 | train 14.0547 | det 0.2204 seg 0.4079 cnt 7.4863
[stage1] epoch 13/100 step 1 | loss 11.9661 | w [15.0, 8.0, 1.0] | train det 0.1346 seg 0.3934 cnt 6.8002
[stage1] epoch 13/100 step 2 | loss 13.6253 | w [15.0, 8.0, 1.0] | train det 0.1394 seg 0.1491 cnt 10.3412
[stage1] epoch 13/100 step 3 | loss 8.7380 | w [15.0, 8.0, 1.0] | train det 0.1313 seg 0.3405 cnt 4.0448
[stage1] epoch 13/100 step 4 | loss 12.1221 | w [15.0, 8.0, 1.0] | train det 0.1199 seg 0.3235 cnt 7.7355
[stage1] epoch 13/100 step 5 | loss 39.0057 | w [15.0, 8.0, 1.0] | train det 0.1690 seg 0.4131 cnt 33.1654
[stage1] epoch 13/100 step 6 | loss 10.2934 | w [15.0, 8.0, 1.0] | train det 0.1598 seg 0.4307 cnt 4.4500
[stage1] epoch 13/100 step 7 | loss 12.4648 | w [15.0, 8.0, 1.0] | train det 0.3242 seg 0.3913 cnt 4.4714
[stage1] epoch 13/100 step 8 | loss 13.4491 | w [15.0, 8.0, 1.0] | train det 0.0871 seg 0.3505 cnt 9.3384
[stage1] epoch 13/100 step 9 | loss 8.5770 | w [15.0, 8.0, 1.0] | train det 0.2185 seg 0.2008 cnt 3.6935
[stage1] epoch 13/100 step 10 | loss 13.3393 | w [15.0, 8.0, 1.0] | train det 0.4771 seg 0.1679 cnt 4.8403
[stage1] epoch 13/100 step 11 | loss 7.9130 | w [15.0, 8.0, 1.0] | train det 0.1363 seg 0.0053 cnt 5.8256
[stage1] epoch 13/100 step 12 | loss 20.4816 | w [15.0, 8.0, 1.0] | train det 0.1788 seg 0.3930 cnt 14.6558
[stage1] epoch 13/100 step 13 | loss 6.7319 | w [15.0, 8.0, 1.0] | train det 0.0863 seg 0.3235 cnt 2.8487
[stage1] epoch 13/100 step 14 | loss 13.1901 | w [15.0, 8.0, 1.0] | train det 0.2730 seg 0.3221 cnt 6.5180
[stage1] epoch 13/100 step 15 | loss 13.0016 | w [15.0, 8.0, 1.0] | train det 0.2049 seg 0.6657 cnt 4.6020
[stage1] epoch 13/100 step 16 | loss 13.4329 | w [15.0, 8.0, 1.0] | train det 0.1385 seg 0.5684 cnt 6.8081
[stage1] epoch 13/100 step 17 | loss 8.8538 | w [15.0, 8.0, 1.0] | train det 0.1017 seg 0.4059 cnt 4.0816
[stage1] epoch 13/100 step 18 | loss 11.5826 | w [15.0, 8.0, 1.0] | train det 0.1182 seg 0.2784 cnt 7.5832
[stage1] epoch 13/100 step 19 | loss 13.8295 | w [15.0, 8.0, 1.0] | train det 0.1601 seg 0.4604 cnt 7.7452
[stage1] epoch 13/100 step 20 | loss 16.7725 | w [15.0, 8.0, 1.0] | train det 0.2706 seg 0.2375 cnt 10.8131
[stage1] epoch 13/100 step 21 | loss 7.8023 | w [15.0, 8.0, 1.0] | train det 0.0757 seg 0.3257 cnt 4.0609
[stage1] epoch 13/100 step 22 | loss 7.8608 | w [15.0, 8.0, 1.0] | train det 0.1540 seg 0.3166 cnt 3.0180
[stage1] epoch 13/100 step 23 | loss 13.6306 | w [15.0, 8.0, 1.0] | train det 0.1800 seg 0.7619 cnt 4.8363
[stage1] epoch 13/100 step 24 | loss 11.8658 | w [15.0, 8.0, 1.0] | train det 0.0660 seg 0.5894 cnt 6.1601
[stage1] epoch 13/100 step 25 | loss 11.6009 | w [15.0, 8.0, 1.0] | train det 0.3074 seg 0.2164 cnt 5.2596
[stage1] epoch 13/100 step 26 | loss 17.1435 | w [15.0, 8.0, 1.0] | train det 0.1185 seg 0.4284 cnt 11.9393
[stage1] epoch 13/100 step 27 | loss 7.8402 | w [15.0, 8.0, 1.0] | train det 0.0816 seg 0.3719 cnt 3.6408
[stage1] epoch 13/100 step 28 | loss 8.9005 | w [15.0, 8.0, 1.0] | train det 0.1684 seg 0.3343 cnt 3.7000
[stage1] epoch 13/100 step 29 | loss 36.5303 | w [15.0, 8.0, 1.0] | train det 0.2978 seg 0.5401 cnt 27.7426
[stage1] epoch 13/100 step 30 | loss 11.7315 | w [15.0, 8.0, 1.0] | train det 0.1852 seg 0.5148 cnt 4.8346
[stage1] epoch 13/100 step 31 | loss 10.6562 | w [15.0, 8.0, 1.0] | train det 0.2884 seg 0.3296 cnt 3.6930
[stage1] epoch 13/100 step 32 | loss 12.7073 | w [15.0, 8.0, 1.0] | train det 0.0839 seg 0.2703 cnt 9.2859
[stage1] epoch 13/100 step 33 | loss 8.7056 | w [15.0, 8.0, 1.0] | train det 0.1221 seg 0.4006 cnt 3.6698
[stage1] epoch 13/100 step 34 | loss 12.6818 | w [15.0, 8.0, 1.0] | train det 0.2521 seg 0.5722 cnt 4.3229
[stage1] epoch 13/100 step 35 | loss 12.7953 | w [15.0, 8.0, 1.0] | train det 0.1849 seg 0.4360 cnt 6.5338
[stage1] epoch 13/100 step 36 | loss 20.5491 | w [15.0, 8.0, 1.0] | train det 0.1923 seg 0.2075 cnt 16.0045
[stage1] epoch 13/100 step 37 | loss 8.0562 | w [15.0, 8.0, 1.0] | train det 0.1333 seg 0.3211 cnt 3.4873
[stage1] epoch 13/100 step 38 | loss 9.6004 | w [15.0, 8.0, 1.0] | train det 0.1205 seg 0.2703 cnt 5.6295
[stage1] epoch 13/100 step 39 | loss 10.1469 | w [15.0, 8.0, 1.0] | train det 0.1353 seg 0.3936 cnt 4.9684
[stage1] epoch 13/100 step 40 | loss 13.5321 | w [15.0, 8.0, 1.0] | train det 0.1848 seg 0.4792 cnt 6.9274
[stage1] epoch 13/100 step 41 | loss 8.2928 | w [15.0, 8.0, 1.0] | train det 0.1794 seg 0.1987 cnt 4.0125
[stage1] epoch 13/100 step 42 | loss 11.5995 | w [15.0, 8.0, 1.0] | train det 0.1625 seg 0.2466 cnt 7.1887
[stage1] epoch 13/100 step 43 | loss 16.2445 | w [15.0, 8.0, 1.0] | train det 0.3633 seg 0.3606 cnt 7.9094
[stage1] epoch 13/100 | train 13.0196 | det 0.1783 seg 0.3653 cnt 7.4230
[stage1] epoch 14/100 step 1 | loss 9.0759 | w [15.0, 8.0, 1.0] | train det 0.1699 seg 0.3346 cnt 3.8506
[stage1] epoch 14/100 step 2 | loss 9.4023 | w [15.0, 8.0, 1.0] | train det 0.1008 seg 0.2604 cnt 5.8079
[stage1] epoch 14/100 step 3 | loss 18.0678 | w [15.0, 8.0, 1.0] | train det 0.1567 seg 0.6251 cnt 10.7166
[stage1] epoch 14/100 step 4 | loss 10.2277 | w [15.0, 8.0, 1.0] | train det 0.1356 seg 0.3276 cnt 5.5731
[stage1] epoch 14/100 step 5 | loss 14.6208 | w [15.0, 8.0, 1.0] | train det 0.1543 seg 0.2231 cnt 10.5215
[stage1] epoch 14/100 step 6 | loss 10.5943 | w [15.0, 8.0, 1.0] | train det 0.1238 seg 0.4201 cnt 5.3766
[stage1] epoch 14/100 step 7 | loss 15.6344 | w [15.0, 8.0, 1.0] | train det 0.2165 seg 0.4697 cnt 8.6291
[stage1] epoch 14/100 step 8 | loss 13.1062 | w [15.0, 8.0, 1.0] | train det 0.3793 seg 0.3316 cnt 4.7643
[stage1] epoch 14/100 step 9 | loss 9.3854 | w [15.0, 8.0, 1.0] | train det 0.2532 seg 0.0327 cnt 5.3264
[stage1] epoch 14/100 step 10 | loss 15.7430 | w [15.0, 8.0, 1.0] | train det 0.3204 seg 0.5900 cnt 6.2174
[stage1] epoch 14/100 step 11 | loss 9.7410 | w [15.0, 8.0, 1.0] | train det 0.1372 seg 0.4202 cnt 4.3216
[stage1] epoch 14/100 step 12 | loss 12.5413 | w [15.0, 8.0, 1.0] | train det 0.1372 seg 0.5206 cnt 6.3185
[stage1] epoch 14/100 step 13 | loss 16.1867 | w [15.0, 8.0, 1.0] | train det 0.1105 seg 0.3440 cnt 11.7768
[stage1] epoch 14/100 step 14 | loss 19.9032 | w [15.0, 8.0, 1.0] | train det 0.1702 seg 0.3185 cnt 14.8027
[stage1] epoch 14/100 step 15 | loss 11.5208 | w [15.0, 8.0, 1.0] | train det 0.1300 seg 0.2885 cnt 7.2628
[stage1] epoch 14/100 step 16 | loss 14.9792 | w [15.0, 8.0, 1.0] | train det 0.1493 seg 0.3529 cnt 9.9165
[stage1] epoch 14/100 step 17 | loss 17.0005 | w [15.0, 8.0, 1.0] | train det 0.1842 seg 0.3668 cnt 11.3035
[stage1] epoch 14/100 step 18 | loss 17.5095 | w [15.0, 8.0, 1.0] | train det 0.1524 seg 0.3851 cnt 12.1419
[stage1] epoch 14/100 step 19 | loss 12.9187 | w [15.0, 8.0, 1.0] | train det 0.1654 seg 0.3400 cnt 7.7182
[stage1] epoch 14/100 step 20 | loss 14.0884 | w [15.0, 8.0, 1.0] | train det 0.1596 seg 0.4247 cnt 8.2969
[stage1] epoch 14/100 step 21 | loss 10.4468 | w [15.0, 8.0, 1.0] | train det 0.2066 seg 0.3009 cnt 4.9401
[stage1] epoch 14/100 step 22 | loss 8.2311 | w [15.0, 8.0, 1.0] | train det 0.1452 seg 0.2364 cnt 4.1620
[stage1] epoch 14/100 step 23 | loss 15.4060 | w [15.0, 8.0, 1.0] | train det 0.0689 seg 0.1852 cnt 12.8915
[stage1] epoch 14/100 step 24 | loss 5.6063 | w [15.0, 8.0, 1.0] | train det 0.0421 seg 0.3140 cnt 2.4631
[stage1] epoch 14/100 step 25 | loss 12.2296 | w [15.0, 8.0, 1.0] | train det 0.0856 seg 0.2840 cnt 8.6726
[stage1] epoch 14/100 step 26 | loss 21.5636 | w [15.0, 8.0, 1.0] | train det 0.2261 seg 0.2874 cnt 15.8727
[stage1] epoch 14/100 step 27 | loss 14.0433 | w [15.0, 8.0, 1.0] | train det 0.1265 seg 0.3635 cnt 9.2384
[stage1] epoch 14/100 step 28 | loss 14.3200 | w [15.0, 8.0, 1.0] | train det 0.1564 seg 0.6420 cnt 6.8387
[stage1] epoch 14/100 step 29 | loss 15.1186 | w [15.0, 8.0, 1.0] | train det 0.5234 seg 0.2727 cnt 5.0861
[stage1] epoch 14/100 step 30 | loss 12.8379 | w [15.0, 8.0, 1.0] | train det 0.1829 seg 0.5846 cnt 5.4170
[stage1] epoch 14/100 step 31 | loss 27.3406 | w [15.0, 8.0, 1.0] | train det 0.1532 seg 0.5598 cnt 20.5647
[stage1] epoch 14/100 step 32 | loss 24.9978 | w [15.0, 8.0, 1.0] | train det 0.8296 seg 0.2814 cnt 10.3022
[stage1] epoch 14/100 step 33 | loss 21.8526 | w [15.0, 8.0, 1.0] | train det 0.5249 seg 0.3054 cnt 11.5350
[stage1] epoch 14/100 step 34 | loss 12.0863 | w [15.0, 8.0, 1.0] | train det 0.1819 seg 0.3966 cnt 6.1847
[stage1] epoch 14/100 step 35 | loss 11.4570 | w [15.0, 8.0, 1.0] | train det 0.0746 seg 0.6232 cnt 5.3522
[stage1] epoch 14/100 step 36 | loss 10.6168 | w [15.0, 8.0, 1.0] | train det 0.0816 seg 0.1721 cnt 8.0162
[stage1] epoch 14/100 step 37 | loss 19.1192 | w [15.0, 8.0, 1.0] | train det 0.1886 seg 0.4082 cnt 13.0254
[stage1] epoch 14/100 step 38 | loss 18.1817 | w [15.0, 8.0, 1.0] | train det 0.0817 seg 0.3771 cnt 13.9390
[stage1] epoch 14/100 step 39 | loss 12.2520 | w [15.0, 8.0, 1.0] | train det 0.1544 seg 0.3031 cnt 7.5114
[stage1] epoch 14/100 step 40 | loss 14.7221 | w [15.0, 8.0, 1.0] | train det 0.2128 seg 0.2080 cnt 9.8656
[stage1] epoch 14/100 step 41 | loss 20.4915 | w [15.0, 8.0, 1.0] | train det 0.1763 seg 0.5262 cnt 13.6374
[stage1] epoch 14/100 step 42 | loss 20.3427 | w [15.0, 8.0, 1.0] | train det 0.1344 seg 0.5187 cnt 14.1779
[stage1] epoch 14/100 step 43 | loss 17.8680 | w [15.0, 8.0, 1.0] | train det 0.2693 seg 0.6951 cnt 8.2682
[stage1] epoch 14/100 | train 14.7297 | det 0.1938 seg 0.3772 cnt 8.8048
[stage1] epoch 15/100 step 1 | loss 11.0359 | w [15.0, 8.0, 1.0] | train det 0.0602 seg 0.4949 cnt 6.1736
[stage1] epoch 15/100 step 2 | loss 10.2938 | w [15.0, 8.0, 1.0] | train det 0.1394 seg 0.4181 cnt 4.8577
[stage1] epoch 15/100 step 3 | loss 12.2063 | w [15.0, 8.0, 1.0] | train det 0.1648 seg 0.3129 cnt 7.2313
[stage1] epoch 15/100 step 4 | loss 11.1984 | w [15.0, 8.0, 1.0] | train det 0.0588 seg 0.2820 cnt 8.0594
[stage1] epoch 15/100 step 5 | loss 17.1326 | w [15.0, 8.0, 1.0] | train det 0.2536 seg 0.3300 cnt 10.6894
[stage1] epoch 15/100 step 6 | loss 11.8741 | w [15.0, 8.0, 1.0] | train det 0.2672 seg 0.0916 cnt 7.1330
[stage1] epoch 15/100 step 7 | loss 11.4776 | w [15.0, 8.0, 1.0] | train det 0.1153 seg 0.4208 cnt 6.3811
[stage1] epoch 15/100 step 8 | loss 15.6589 | w [15.0, 8.0, 1.0] | train det 0.1737 seg 0.3478 cnt 10.2716
[stage1] epoch 15/100 step 9 | loss 10.6351 | w [15.0, 8.0, 1.0] | train det 0.2005 seg 0.1689 cnt 6.2764
[stage1] epoch 15/100 step 10 | loss 8.0565 | w [15.0, 8.0, 1.0] | train det 0.0437 seg 0.1863 cnt 5.9107
[stage1] epoch 15/100 step 11 | loss 12.7269 | w [15.0, 8.0, 1.0] | train det 0.1458 seg 0.1993 cnt 8.9456
[stage1] epoch 15/100 step 12 | loss 19.5774 | w [15.0, 8.0, 1.0] | train det 0.6452 seg 0.1754 cnt 8.4956
[stage1] epoch 15/100 step 13 | loss 14.5399 | w [15.0, 8.0, 1.0] | train det 0.2020 seg 0.3468 cnt 8.7359
[stage1] epoch 15/100 step 14 | loss 25.7828 | w [15.0, 8.0, 1.0] | train det 0.9433 seg 0.5527 cnt 7.2119
[stage1] epoch 15/100 step 15 | loss 11.8099 | w [15.0, 8.0, 1.0] | train det 0.2045 seg 0.6556 cnt 3.4980
[stage1] epoch 15/100 step 16 | loss 26.4248 | w [15.0, 8.0, 1.0] | train det 0.6204 seg 0.4573 cnt 13.4599
[stage1] epoch 15/100 step 17 | loss 11.2752 | w [15.0, 8.0, 1.0] | train det 0.1200 seg 0.3939 cnt 6.3234
[stage1] epoch 15/100 step 18 | loss 11.5076 | w [15.0, 8.0, 1.0] | train det 0.2495 seg 0.6404 cnt 2.6418
[stage1] epoch 15/100 step 19 | loss 15.1319 | w [15.0, 8.0, 1.0] | train det 0.1355 seg 0.1919 cnt 11.5642
[stage1] epoch 15/100 step 20 | loss 22.1168 | w [15.0, 8.0, 1.0] | train det 0.1354 seg 0.1914 cnt 18.5542
[stage1] epoch 15/100 step 21 | loss 10.9194 | w [15.0, 8.0, 1.0] | train det 0.1144 seg 0.2116 cnt 7.5105
[stage1] epoch 15/100 step 22 | loss 9.7566 | w [15.0, 8.0, 1.0] | train det 0.1664 seg 0.3778 cnt 4.2375
[stage1] epoch 15/100 step 23 | loss 22.6907 | w [15.0, 8.0, 1.0] | train det 0.1948 seg 0.3393 cnt 17.0541
[stage1] epoch 15/100 step 24 | loss 23.0721 | w [15.0, 8.0, 1.0] | train det 0.0751 seg 0.4074 cnt 18.6857
[stage1] epoch 15/100 step 25 | loss 12.3591 | w [15.0, 8.0, 1.0] | train det 0.1826 seg 0.3423 cnt 6.8825
[stage1] epoch 15/100 step 26 | loss 11.3036 | w [15.0, 8.0, 1.0] | train det 0.1208 seg 0.5231 cnt 5.3072
[stage1] epoch 15/100 step 27 | loss 14.5081 | w [15.0, 8.0, 1.0] | train det 0.1469 seg 0.2032 cnt 10.6794
[stage1] epoch 15/100 step 28 | loss 21.7232 | w [15.0, 8.0, 1.0] | train det 0.5701 seg 0.4154 cnt 9.8488
[stage1] epoch 15/100 step 29 | loss 15.5052 | w [15.0, 8.0, 1.0] | train det 0.1023 seg 0.4189 cnt 10.6198
[stage1] epoch 15/100 step 30 | loss 12.3129 | w [15.0, 8.0, 1.0] | train det 0.2369 seg 0.2167 cnt 7.0259
[stage1] epoch 15/100 step 31 | loss 12.4081 | w [15.0, 8.0, 1.0] | train det 0.2392 seg 0.2640 cnt 6.7084
[stage1] epoch 15/100 step 32 | loss 18.3073 | w [15.0, 8.0, 1.0] | train det 0.2167 seg 0.4728 cnt 11.2744
[stage1] epoch 15/100 step 33 | loss 11.0651 | w [15.0, 8.0, 1.0] | train det 0.0941 seg 0.4487 cnt 6.0643
[stage1] epoch 15/100 step 34 | loss 10.6481 | w [15.0, 8.0, 1.0] | train det 0.0810 seg 0.5199 cnt 5.2736
[stage1] epoch 15/100 step 35 | loss 12.1489 | w [15.0, 8.0, 1.0] | train det 0.0711 seg 0.3558 cnt 8.2354
[stage1] epoch 15/100 step 36 | loss 11.2087 | w [15.0, 8.0, 1.0] | train det 0.0368 seg 0.3239 cnt 8.0654
[stage1] epoch 15/100 step 37 | loss 10.9106 | w [15.0, 8.0, 1.0] | train det 0.0456 seg 0.2528 cnt 8.2040
[stage1] epoch 15/100 step 38 | loss 8.4668 | w [15.0, 8.0, 1.0] | train det 0.1460 seg 0.3073 cnt 3.8190
[stage1] epoch 15/100 step 39 | loss 9.4157 | w [15.0, 8.0, 1.0] | train det 0.2266 seg 0.3309 cnt 3.3691
[stage1] epoch 15/100 step 40 | loss 7.2020 | w [15.0, 8.0, 1.0] | train det 0.0506 seg 0.3652 cnt 3.5204
[stage1] epoch 15/100 step 41 | loss 12.3866 | w [15.0, 8.0, 1.0] | train det 0.2450 seg 0.2524 cnt 6.6923
[stage1] epoch 15/100 step 42 | loss 9.5619 | w [15.0, 8.0, 1.0] | train det 0.2346 seg 0.3426 cnt 3.3024
[stage1] epoch 15/100 step 43 | loss 15.4783 | w [15.0, 8.0, 1.0] | train det 0.1489 seg 0.2210 cnt 11.4762
[stage1] epoch 15/100 | train 13.8098 | det 0.2006 seg 0.3435 cnt 8.0528
[stage1] epoch 16/100 step 1 | loss 12.1334 | w [15.0, 8.0, 1.0] | train det 0.1709 seg 0.3457 cnt 6.8040
[stage1] epoch 16/100 step 2 | loss 20.7004 | w [15.0, 8.0, 1.0] | train det 0.2275 seg 0.3863 cnt 14.1982
[stage1] epoch 16/100 step 3 | loss 14.7702 | w [15.0, 8.0, 1.0] | train det 0.1164 seg 0.2697 cnt 10.8667
[stage1] epoch 16/100 step 4 | loss 7.2092 | w [15.0, 8.0, 1.0] | train det 0.1197 seg 0.3907 cnt 2.2880
[stage1] epoch 16/100 step 5 | loss 11.5678 | w [15.0, 8.0, 1.0] | train det 0.2490 seg 0.5024 cnt 3.8137
[stage1] epoch 16/100 step 6 | loss 9.5712 | w [15.0, 8.0, 1.0] | train det 0.1329 seg 0.5388 cnt 3.2665
[stage1] epoch 16/100 step 7 | loss 13.6728 | w [15.0, 8.0, 1.0] | train det 0.1005 seg 0.3420 cnt 9.4293
[stage1] epoch 16/100 step 8 | loss 26.6581 | w [15.0, 8.0, 1.0] | train det 0.8483 seg 0.4023 cnt 10.7143
[stage1] epoch 16/100 step 9 | loss 12.7039 | w [15.0, 8.0, 1.0] | train det 0.0603 seg 0.3289 cnt 9.1684
[stage1] epoch 16/100 step 10 | loss 10.6214 | w [15.0, 8.0, 1.0] | train det 0.1934 seg 0.3046 cnt 5.2844
[stage1] epoch 16/100 step 11 | loss 12.8833 | w [15.0, 8.0, 1.0] | train det 0.1854 seg 0.2493 cnt 8.1077
[stage1] epoch 16/100 step 12 | loss 10.4766 | w [15.0, 8.0, 1.0] | train det 0.1087 seg 0.4351 cnt 5.3646
[stage1] epoch 16/100 step 13 | loss 39.2573 | w [15.0, 8.0, 1.0] | train det 0.1410 seg 0.2535 cnt 35.1148
[stage1] epoch 16/100 step 14 | loss 12.3755 | w [15.0, 8.0, 1.0] | train det 0.1643 seg 0.1994 cnt 8.3153
[stage1] epoch 16/100 step 15 | loss 36.9457 | w [15.0, 8.0, 1.0] | train det 0.2311 seg 0.5245 cnt 29.2830
[stage1] epoch 16/100 step 16 | loss 18.8526 | w [15.0, 8.0, 1.0] | train det 0.1936 seg 0.1490 cnt 14.7560
[stage1] epoch 16/100 step 17 | loss 18.1308 | w [15.0, 8.0, 1.0] | train det 0.1746 seg 0.5317 cnt 11.2588
[stage1] epoch 16/100 step 18 | loss 21.4218 | w [15.0, 8.0, 1.0] | train det 0.2487 seg 0.1719 cnt 16.3151
[stage1] epoch 16/100 step 19 | loss 9.7599 | w [15.0, 8.0, 1.0] | train det 0.0920 seg 0.3761 cnt 5.3708
[stage1] epoch 16/100 step 20 | loss 10.7910 | w [15.0, 8.0, 1.0] | train det 0.0336 seg 0.1776 cnt 8.8669
[stage1] epoch 16/100 step 21 | loss 15.6396 | w [15.0, 8.0, 1.0] | train det 0.1906 seg 0.3457 cnt 10.0154
[stage1] epoch 16/100 step 22 | loss 15.2119 | w [15.0, 8.0, 1.0] | train det 0.2511 seg 0.3813 cnt 8.3953
[stage1] epoch 16/100 step 23 | loss 17.9067 | w [15.0, 8.0, 1.0] | train det 0.2007 seg 0.3363 cnt 12.2050
[stage1] epoch 16/100 step 24 | loss 8.8229 | w [15.0, 8.0, 1.0] | train det 0.2223 seg 0.1968 cnt 3.9136
[stage1] epoch 16/100 step 25 | loss 9.7459 | w [15.0, 8.0, 1.0] | train det 0.1503 seg 0.1362 cnt 6.4011
[stage1] epoch 16/100 step 26 | loss 20.4365 | w [15.0, 8.0, 1.0] | train det 0.1915 seg 0.5172 cnt 13.4259
[stage1] epoch 16/100 step 27 | loss 9.3614 | w [15.0, 8.0, 1.0] | train det 0.1658 seg 0.3745 cnt 3.8785
[stage1] epoch 16/100 step 28 | loss 9.2772 | w [15.0, 8.0, 1.0] | train det 0.0781 seg 0.7169 cnt 2.3708
[stage1] epoch 16/100 step 29 | loss 12.8834 | w [15.0, 8.0, 1.0] | train det 0.4267 seg 0.2480 cnt 4.4985
[stage1] epoch 16/100 step 30 | loss 13.1831 | w [15.0, 8.0, 1.0] | train det 0.2972 seg 0.3007 cnt 6.3193
[stage1] epoch 16/100 step 31 | loss 13.5272 | w [15.0, 8.0, 1.0] | train det 0.0845 seg 0.4153 cnt 8.9377
[stage1] epoch 16/100 step 32 | loss 17.3062 | w [15.0, 8.0, 1.0] | train det 0.1553 seg 0.6551 cnt 9.7353
[stage1] epoch 16/100 step 33 | loss 12.6198 | w [15.0, 8.0, 1.0] | train det 0.1486 seg 0.4448 cnt 6.8320
[stage1] epoch 16/100 step 34 | loss 8.6016 | w [15.0, 8.0, 1.0] | train det 0.1286 seg 0.2436 cnt 4.7241
[stage1] epoch 16/100 step 35 | loss 14.0863 | w [15.0, 8.0, 1.0] | train det 0.0765 seg 0.3649 cnt 10.0195
[stage1] epoch 16/100 step 36 | loss 10.5494 | w [15.0, 8.0, 1.0] | train det 0.0475 seg 0.5555 cnt 5.3923
[stage1] epoch 16/100 step 37 | loss 39.5938 | w [15.0, 8.0, 1.0] | train det 0.1176 seg 0.3030 cnt 35.4056
[stage1] epoch 16/100 step 38 | loss 15.4583 | w [15.0, 8.0, 1.0] | train det 0.1734 seg 0.6670 cnt 7.5213
[stage1] epoch 16/100 step 39 | loss 28.7682 | w [15.0, 8.0, 1.0] | train det 0.1066 seg 0.2293 cnt 25.3349
[stage1] epoch 16/100 step 40 | loss 21.5510 | w [15.0, 8.0, 1.0] | train det 0.1334 seg 0.1903 cnt 18.0270
[stage1] epoch 16/100 step 41 | loss 17.8514 | w [15.0, 8.0, 1.0] | train det 0.2369 seg 0.4077 cnt 11.0360
[stage1] epoch 16/100 step 42 | loss 17.9048 | w [15.0, 8.0, 1.0] | train det 0.1221 seg 0.3393 cnt 13.3596
[stage1] epoch 16/100 step 43 | loss 9.0721 | w [15.0, 8.0, 1.0] | train det 0.0844 seg 0.1914 cnt 6.2749
[stage1] epoch 16/100 | train 16.0433 | det 0.1763 seg 0.3591 cnt 10.5258
[stage1] epoch 17/100 step 1 | loss 21.3231 | w [15.0, 8.0, 1.0] | train det 0.2172 seg 0.3903 cnt 14.9423
[stage1] epoch 17/100 step 2 | loss 11.3765 | w [15.0, 8.0, 1.0] | train det 0.1003 seg 0.3729 cnt 6.8895
[stage1] epoch 17/100 step 3 | loss 12.1030 | w [15.0, 8.0, 1.0] | train det 0.2396 seg 0.2381 cnt 6.6040
[stage1] epoch 17/100 step 4 | loss 18.2216 | w [15.0, 8.0, 1.0] | train det 0.1504 seg 0.2817 cnt 13.7118
[stage1] epoch 17/100 step 5 | loss 10.0685 | w [15.0, 8.0, 1.0] | train det 0.0848 seg 0.2654 cnt 6.6729
[stage1] epoch 17/100 step 6 | loss 20.3948 | w [15.0, 8.0, 1.0] | train det 0.1774 seg 0.3761 cnt 14.7244
[stage1] epoch 17/100 step 7 | loss 17.8184 | w [15.0, 8.0, 1.0] | train det 0.1027 seg 0.3491 cnt 13.4850
[stage1] epoch 17/100 step 8 | loss 8.0789 | w [15.0, 8.0, 1.0] | train det 0.1707 seg 0.2343 cnt 3.6450
[stage1] epoch 17/100 step 9 | loss 10.3536 | w [15.0, 8.0, 1.0] | train det 0.1193 seg 0.3433 cnt 5.8177
[stage1] epoch 17/100 step 10 | loss 17.4253 | w [15.0, 8.0, 1.0] | train det 0.0657 seg 0.5549 cnt 12.0012
[stage1] epoch 17/100 step 11 | loss 10.8131 | w [15.0, 8.0, 1.0] | train det 0.1581 seg 0.2566 cnt 6.3895
[stage1] epoch 17/100 step 12 | loss 21.8690 | w [15.0, 8.0, 1.0] | train det 0.1518 seg 0.4819 cnt 15.7368
[stage1] epoch 17/100 step 13 | loss 8.6873 | w [15.0, 8.0, 1.0] | train det 0.0796 seg 0.3660 cnt 4.5651
[stage1] epoch 17/100 step 14 | loss 13.8586 | w [15.0, 8.0, 1.0] | train det 0.2106 seg 0.3206 cnt 8.1339
[stage1] epoch 17/100 step 15 | loss 20.6677 | w [15.0, 8.0, 1.0] | train det 0.3110 seg 0.4825 cnt 12.1419
[stage1] epoch 17/100 step 16 | loss 7.0072 | w [15.0, 8.0, 1.0] | train det 0.0813 seg 0.3695 cnt 2.8316
[stage1] epoch 17/100 step 17 | loss 11.2079 | w [15.0, 8.0, 1.0] | train det 0.1281 seg 0.1185 cnt 8.3383
[stage1] epoch 17/100 step 18 | loss 6.9879 | w [15.0, 8.0, 1.0] | train det 0.1400 seg 0.2576 cnt 2.8270
[stage1] epoch 17/100 step 19 | loss 10.0476 | w [15.0, 8.0, 1.0] | train det 0.3496 seg 0.2622 cnt 2.7067
[stage1] epoch 17/100 step 20 | loss 8.1601 | w [15.0, 8.0, 1.0] | train det 0.0880 seg 0.1971 cnt 5.2633
[stage1] epoch 17/100 step 21 | loss 8.6501 | w [15.0, 8.0, 1.0] | train det 0.1250 seg 0.2242 cnt 4.9810
[stage1] epoch 17/100 step 22 | loss 8.9523 | w [15.0, 8.0, 1.0] | train det 0.1517 seg 0.2957 cnt 4.3106
[stage1] epoch 17/100 step 23 | loss 11.1740 | w [15.0, 8.0, 1.0] | train det 0.1395 seg 0.4390 cnt 5.5690
[stage1] epoch 17/100 step 24 | loss 12.6094 | w [15.0, 8.0, 1.0] | train det 0.1288 seg 0.2710 cnt 8.5092
[stage1] epoch 17/100 step 25 | loss 20.3845 | w [15.0, 8.0, 1.0] | train det 0.1124 seg 0.3333 cnt 16.0326
[stage1] epoch 17/100 step 26 | loss 10.5359 | w [15.0, 8.0, 1.0] | train det 0.1081 seg 0.3097 cnt 6.4360
[stage1] epoch 17/100 step 27 | loss 12.6717 | w [15.0, 8.0, 1.0] | train det 0.1291 seg 0.3007 cnt 8.3306
[stage1] epoch 17/100 step 28 | loss 19.0059 | w [15.0, 8.0, 1.0] | train det 0.2553 seg 0.1976 cnt 13.5949
[stage1] epoch 17/100 step 29 | loss 14.9759 | w [15.0, 8.0, 1.0] | train det 0.4796 seg 0.1521 cnt 6.5650
[stage1] epoch 17/100 step 30 | loss 33.3954 | w [15.0, 8.0, 1.0] | train det 0.9300 seg 0.5068 cnt 15.3914
[stage1] epoch 17/100 step 31 | loss 19.5122 | w [15.0, 8.0, 1.0] | train det 0.3232 seg 0.1641 cnt 13.3522
[stage1] epoch 17/100 step 32 | loss 13.6180 | w [15.0, 8.0, 1.0] | train det 0.5208 seg 0.3139 cnt 3.2943
[stage1] epoch 17/100 step 33 | loss 15.9904 | w [15.0, 8.0, 1.0] | train det 0.3263 seg 0.4318 cnt 7.6410
[stage1] epoch 17/100 step 34 | loss 20.3728 | w [15.0, 8.0, 1.0] | train det 0.3150 seg 0.2042 cnt 14.0146
[stage1] epoch 17/100 step 35 | loss 9.9230 | w [15.0, 8.0, 1.0] | train det 0.0593 seg 0.3535 cnt 6.2050
[stage1] epoch 17/100 step 36 | loss 17.1760 | w [15.0, 8.0, 1.0] | train det 0.0540 seg 0.2463 cnt 14.3952
[stage1] epoch 17/100 step 37 | loss 8.5136 | w [15.0, 8.0, 1.0] | train det 0.2108 seg 0.2741 cnt 3.1585
[stage1] epoch 17/100 step 38 | loss 10.9775 | w [15.0, 8.0, 1.0] | train det 0.1086 seg 0.4586 cnt 5.6788
[stage1] epoch 17/100 step 39 | loss 16.7348 | w [15.0, 8.0, 1.0] | train det 0.2263 seg 0.3313 cnt 10.6903
[stage1] epoch 17/100 step 40 | loss 9.8754 | w [15.0, 8.0, 1.0] | train det 0.1407 seg 0.4356 cnt 4.2811
[stage1] epoch 17/100 step 41 | loss 10.9000 | w [15.0, 8.0, 1.0] | train det 0.0965 seg 0.2701 cnt 7.2910
[stage1] epoch 17/100 step 42 | loss 9.5112 | w [15.0, 8.0, 1.0] | train det 0.1819 seg 0.3200 cnt 4.2230
[stage1] epoch 17/100 step 43 | loss 6.6329 | w [15.0, 8.0, 1.0] | train det 0.0791 seg 0.3311 cnt 2.7981
[stage1] epoch 17/100 | train 13.6875 | det 0.1937 seg 0.3182 cnt 8.2365
[stage1] epoch 18/100 step 1 | loss 6.3630 | w [15.0, 8.0, 1.0] | train det 0.0854 seg 0.1114 cnt 4.1904
[stage1] epoch 18/100 step 2 | loss 21.3297 | w [15.0, 8.0, 1.0] | train det 0.7173 seg 0.4154 cnt 7.2474
[stage1] epoch 18/100 step 3 | loss 10.5801 | w [15.0, 8.0, 1.0] | train det 0.0610 seg 0.5069 cnt 5.6100
[stage1] epoch 18/100 step 4 | loss 18.4906 | w [15.0, 8.0, 1.0] | train det 0.1359 seg 0.2953 cnt 14.0896
[stage1] epoch 18/100 step 5 | loss 15.5172 | w [15.0, 8.0, 1.0] | train det 0.2322 seg 0.2805 cnt 9.7901
[stage1] epoch 18/100 step 6 | loss 10.2964 | w [15.0, 8.0, 1.0] | train det 0.1951 seg 0.4239 cnt 3.9783
[stage1] epoch 18/100 step 7 | loss 19.9822 | w [15.0, 8.0, 1.0] | train det 0.1920 seg 0.3704 cnt 14.1382
[stage1] epoch 18/100 step 8 | loss 16.9492 | w [15.0, 8.0, 1.0] | train det 0.0795 seg 0.1767 cnt 14.3424
[stage1] epoch 18/100 step 9 | loss 10.5434 | w [15.0, 8.0, 1.0] | train det 0.1322 seg 0.2994 cnt 6.1653
[stage1] epoch 18/100 step 10 | loss 11.3506 | w [15.0, 8.0, 1.0] | train det 0.1326 seg 0.1447 cnt 8.2039
[stage1] epoch 18/100 step 11 | loss 24.0381 | w [15.0, 8.0, 1.0] | train det 0.2775 seg 0.6186 cnt 14.9263
[stage1] epoch 18/100 step 12 | loss 6.4000 | w [15.0, 8.0, 1.0] | train det 0.0818 seg 0.3761 cnt 2.1639
[stage1] epoch 18/100 step 13 | loss 13.3390 | w [15.0, 8.0, 1.0] | train det 0.2860 seg 0.1821 cnt 7.5920
[stage1] epoch 18/100 step 14 | loss 9.2637 | w [15.0, 8.0, 1.0] | train det 0.0978 seg 0.3212 cnt 5.2271
[stage1] epoch 18/100 step 15 | loss 21.2592 | w [15.0, 8.0, 1.0] | train det 0.2415 seg 0.5582 cnt 13.1712
[stage1] epoch 18/100 step 16 | loss 11.2714 | w [15.0, 8.0, 1.0] | train det 0.1752 seg 0.2048 cnt 7.0051
[stage1] epoch 18/100 step 17 | loss 17.9897 | w [15.0, 8.0, 1.0] | train det 0.4992 seg 0.1561 cnt 9.2527
[stage1] epoch 18/100 step 18 | loss 10.5306 | w [15.0, 8.0, 1.0] | train det 0.3639 seg 0.2417 cnt 3.1388
[stage1] epoch 18/100 step 19 | loss 12.5446 | w [15.0, 8.0, 1.0] | train det 0.0884 seg 0.2413 cnt 9.2882
[stage1] epoch 18/100 step 20 | loss 7.0758 | w [15.0, 8.0, 1.0] | train det 0.0453 seg 0.3559 cnt 3.5497
[stage1] epoch 18/100 step 21 | loss 14.2838 | w [15.0, 8.0, 1.0] | train det 0.1608 seg 0.3625 cnt 8.9724
[stage1] epoch 18/100 step 22 | loss 11.2800 | w [15.0, 8.0, 1.0] | train det 0.0743 seg 0.2015 cnt 8.5529
[stage1] epoch 18/100 step 23 | loss 17.0752 | w [15.0, 8.0, 1.0] | train det 0.0946 seg 0.5181 cnt 11.5105
[stage1] epoch 18/100 step 24 | loss 10.3270 | w [15.0, 8.0, 1.0] | train det 0.0571 seg 0.4610 cnt 5.7830
[stage1] epoch 18/100 step 25 | loss 5.9306 | w [15.0, 8.0, 1.0] | train det 0.0890 seg 0.2188 cnt 2.8445
[stage1] epoch 18/100 step 26 | loss 11.2500 | w [15.0, 8.0, 1.0] | train det 0.0771 seg 0.3125 cnt 7.5934
[stage1] epoch 18/100 step 27 | loss 9.7202 | w [15.0, 8.0, 1.0] | train det 0.1103 seg 0.3008 cnt 5.6588
[stage1] epoch 18/100 step 28 | loss 23.8616 | w [15.0, 8.0, 1.0] | train det 0.4819 seg 0.2896 cnt 14.3169
[stage1] epoch 18/100 step 29 | loss 11.8994 | w [15.0, 8.0, 1.0] | train det 0.1567 seg 0.1793 cnt 8.1148
[stage1] epoch 18/100 step 30 | loss 10.7848 | w [15.0, 8.0, 1.0] | train det 0.2224 seg 0.2912 cnt 5.1195
[stage1] epoch 18/100 step 31 | loss 21.3630 | w [15.0, 8.0, 1.0] | train det 0.2249 seg 0.4927 cnt 14.0471
[stage1] epoch 18/100 step 32 | loss 17.7784 | w [15.0, 8.0, 1.0] | train det 0.1901 seg 0.2489 cnt 12.9354
[stage1] epoch 18/100 step 33 | loss 8.7845 | w [15.0, 8.0, 1.0] | train det 0.0410 seg 0.2984 cnt 5.7826
[stage1] epoch 18/100 step 34 | loss 10.6130 | w [15.0, 8.0, 1.0] | train det 0.0898 seg 0.2315 cnt 7.4140
[stage1] epoch 18/100 step 35 | loss 22.0080 | w [15.0, 8.0, 1.0] | train det 0.1392 seg 0.5000 cnt 15.9205
[stage1] epoch 18/100 step 36 | loss 4.9130 | w [15.0, 8.0, 1.0] | train det 0.0545 seg 0.2499 cnt 2.0966
[stage1] epoch 18/100 step 37 | loss 9.8103 | w [15.0, 8.0, 1.0] | train det 0.0738 seg 0.1750 cnt 7.3030
[stage1] epoch 18/100 step 38 | loss 17.1262 | w [15.0, 8.0, 1.0] | train det 0.6279 seg 0.2858 cnt 5.4211
[stage1] epoch 18/100 step 39 | loss 18.2302 | w [15.0, 8.0, 1.0] | train det 0.0690 seg 0.3569 cnt 14.3392
[stage1] epoch 18/100 step 40 | loss 11.2690 | w [15.0, 8.0, 1.0] | train det 0.0912 seg 0.3375 cnt 7.2003
[stage1] epoch 18/100 step 41 | loss 14.5771 | w [15.0, 8.0, 1.0] | train det 0.2466 seg 0.2572 cnt 8.8199
[stage1] epoch 18/100 step 42 | loss 7.8579 | w [15.0, 8.0, 1.0] | train det 0.1796 seg 0.2787 cnt 2.9347
[stage1] epoch 18/100 step 43 | loss 15.0265 | w [15.0, 8.0, 1.0] | train det 0.2067 seg 0.3308 cnt 9.2793
[stage1] epoch 18/100 | train 13.5089 | det 0.1832 seg 0.3130 cnt 8.2565
[stage1] epoch 19/100 step 1 | loss 9.9320 | w [15.0, 8.0, 1.0] | train det 0.1649 seg 0.3043 cnt 5.0246
[stage1] epoch 19/100 step 2 | loss 18.9244 | w [15.0, 8.0, 1.0] | train det 0.1624 seg 0.2037 cnt 14.8586
[stage1] epoch 19/100 step 3 | loss 11.1981 | w [15.0, 8.0, 1.0] | train det 0.1639 seg 0.3753 cnt 5.7367
[stage1] epoch 19/100 step 4 | loss 15.0499 | w [15.0, 8.0, 1.0] | train det 0.1183 seg 0.4208 cnt 9.9091
[stage1] epoch 19/100 step 5 | loss 8.8889 | w [15.0, 8.0, 1.0] | train det 0.1717 seg 0.1825 cnt 4.8539
[stage1] epoch 19/100 step 6 | loss 18.4339 | w [15.0, 8.0, 1.0] | train det 0.2213 seg 0.5215 cnt 10.9433
[stage1] epoch 19/100 step 7 | loss 9.5771 | w [15.0, 8.0, 1.0] | train det 0.0923 seg 0.3076 cnt 5.7312
[stage1] epoch 19/100 step 8 | loss 7.3149 | w [15.0, 8.0, 1.0] | train det 0.0708 seg 0.2527 cnt 4.2317
[stage1] epoch 19/100 step 9 | loss 21.7996 | w [15.0, 8.0, 1.0] | train det 0.0991 seg 0.3538 cnt 17.4823
[stage1] epoch 19/100 step 10 | loss 18.3276 | w [15.0, 8.0, 1.0] | train det 0.5491 seg 0.5754 cnt 5.4878
[stage1] epoch 19/100 step 11 | loss 17.6230 | w [15.0, 8.0, 1.0] | train det 0.7638 seg 0.2742 cnt 3.9722
[stage1] epoch 19/100 step 12 | loss 15.5974 | w [15.0, 8.0, 1.0] | train det 0.1089 seg 0.3062 cnt 11.5147
[stage1] epoch 19/100 step 13 | loss 11.4284 | w [15.0, 8.0, 1.0] | train det 0.1357 seg 0.3030 cnt 6.9687
[stage1] epoch 19/100 step 14 | loss 19.6495 | w [15.0, 8.0, 1.0] | train det 0.0532 seg 0.4222 cnt 15.4742
[stage1] epoch 19/100 step 15 | loss 7.5847 | w [15.0, 8.0, 1.0] | train det 0.2216 seg 0.3226 cnt 1.6793
[stage1] epoch 19/100 step 16 | loss 19.4181 | w [15.0, 8.0, 1.0] | train det 0.1436 seg 0.2641 cnt 15.1521
[stage1] epoch 19/100 step 17 | loss 15.0810 | w [15.0, 8.0, 1.0] | train det 0.0568 seg 0.1901 cnt 12.7079
[stage1] epoch 19/100 step 18 | loss 10.3881 | w [15.0, 8.0, 1.0] | train det 0.1913 seg 0.3181 cnt 4.9735
[stage1] epoch 19/100 step 19 | loss 7.2843 | w [15.0, 8.0, 1.0] | train det 0.1226 seg 0.3752 cnt 2.4435
[stage1] epoch 19/100 step 20 | loss 10.5038 | w [15.0, 8.0, 1.0] | train det 0.0603 seg 0.3318 cnt 6.9441
[stage1] epoch 19/100 step 21 | loss 17.6448 | w [15.0, 8.0, 1.0] | train det 0.6039 seg 0.2350 cnt 6.7061
[stage1] epoch 19/100 step 22 | loss 9.5527 | w [15.0, 8.0, 1.0] | train det 0.0573 seg 0.3601 cnt 5.8130
[stage1] epoch 19/100 step 23 | loss 8.3006 | w [15.0, 8.0, 1.0] | train det 0.1405 seg 0.3281 cnt 3.5684
[stage1] epoch 19/100 step 24 | loss 11.0449 | w [15.0, 8.0, 1.0] | train det 0.1639 seg 0.2667 cnt 6.4530
[stage1] epoch 19/100 step 25 | loss 8.3041 | w [15.0, 8.0, 1.0] | train det 0.0960 seg 0.3020 cnt 4.4482
[stage1] epoch 19/100 step 26 | loss 23.0526 | w [15.0, 8.0, 1.0] | train det 0.2019 seg 0.5257 cnt 15.8182
[stage1] epoch 19/100 step 27 | loss 10.0011 | w [15.0, 8.0, 1.0] | train det 0.0724 seg 0.4190 cnt 5.5625
[stage1] epoch 19/100 step 28 | loss 14.6179 | w [15.0, 8.0, 1.0] | train det 0.1486 seg 0.2859 cnt 10.1016
[stage1] epoch 19/100 step 29 | loss 8.2579 | w [15.0, 8.0, 1.0] | train det 0.0641 seg 0.2269 cnt 5.4820
[stage1] epoch 19/100 step 30 | loss 21.3635 | w [15.0, 8.0, 1.0] | train det 0.5010 seg 0.1398 cnt 12.7302
[stage1] epoch 19/100 step 31 | loss 11.1893 | w [15.0, 8.0, 1.0] | train det 0.1576 seg 0.3726 cnt 5.8453
[stage1] epoch 19/100 step 32 | loss 11.4157 | w [15.0, 8.0, 1.0] | train det 0.0993 seg 0.6075 cnt 5.0665
[stage1] epoch 19/100 step 33 | loss 22.5826 | w [15.0, 8.0, 1.0] | train det 0.0963 seg 0.1558 cnt 19.8921
[stage1] epoch 19/100 step 34 | loss 5.9519 | w [15.0, 8.0, 1.0] | train det 0.0863 seg 0.1315 cnt 3.6054
[stage1] epoch 19/100 step 35 | loss 7.3278 | w [15.0, 8.0, 1.0] | train det 0.0579 seg 0.3436 cnt 3.7113
[stage1] epoch 19/100 step 36 | loss 14.4987 | w [15.0, 8.0, 1.0] | train det 0.1313 seg 0.1597 cnt 11.2515
[stage1] epoch 19/100 step 37 | loss 14.3974 | w [15.0, 8.0, 1.0] | train det 0.1620 seg 0.3080 cnt 9.5038
[stage1] epoch 19/100 step 38 | loss 19.1470 | w [15.0, 8.0, 1.0] | train det 0.1589 seg 0.1583 cnt 15.4965
[stage1] epoch 19/100 step 39 | loss 7.8837 | w [15.0, 8.0, 1.0] | train det 0.1400 seg 0.2730 cnt 3.6001
[stage1] epoch 19/100 step 40 | loss 19.9218 | w [15.0, 8.0, 1.0] | train det 0.1130 seg 0.3678 cnt 15.2846
[stage1] epoch 19/100 step 41 | loss 19.7825 | w [15.0, 8.0, 1.0] | train det 0.1696 seg 0.5009 cnt 13.2307
[stage1] epoch 19/100 step 42 | loss 12.6266 | w [15.0, 8.0, 1.0] | train det 0.1825 seg 0.3916 cnt 6.7558
[stage1] epoch 19/100 step 43 | loss 7.5607 | w [15.0, 8.0, 1.0] | train det 0.1139 seg 0.2097 cnt 4.1744
[stage1] epoch 19/100 | train 13.4984 | det 0.1719 seg 0.3180 cnt 8.3765
[stage1] epoch 20/100 step 1 | loss 11.6594 | w [15.0, 8.0, 1.0] | train det 0.2175 seg 0.3031 cnt 5.9719
[stage1] epoch 20/100 step 2 | loss 10.3298 | w [15.0, 8.0, 1.0] | train det 0.1484 seg 0.0959 cnt 7.3368
[stage1] epoch 20/100 step 3 | loss 9.0179 | w [15.0, 8.0, 1.0] | train det 0.0735 seg 0.2851 cnt 5.6351
[stage1] epoch 20/100 step 4 | loss 9.0056 | w [15.0, 8.0, 1.0] | train det 0.1265 seg 0.3345 cnt 4.4316
[stage1] epoch 20/100 step 5 | loss 13.3446 | w [15.0, 8.0, 1.0] | train det 0.1344 seg 0.1759 cnt 9.9209
[stage1] epoch 20/100 step 6 | loss 18.0050 | w [15.0, 8.0, 1.0] | train det 0.1537 seg 0.3593 cnt 12.8241
[stage1] epoch 20/100 step 7 | loss 9.7659 | w [15.0, 8.0, 1.0] | train det 0.1349 seg 0.3766 cnt 4.7288
[stage1] epoch 20/100 step 8 | loss 8.9128 | w [15.0, 8.0, 1.0] | train det 0.1387 seg 0.2295 cnt 4.9958
[stage1] epoch 20/100 step 9 | loss 8.7498 | w [15.0, 8.0, 1.0] | train det 0.0859 seg 0.4069 cnt 4.2060
[stage1] epoch 20/100 step 10 | loss 8.6279 | w [15.0, 8.0, 1.0] | train det 0.2120 seg 0.1656 cnt 4.1229
[stage1] epoch 20/100 step 11 | loss 7.4668 | w [15.0, 8.0, 1.0] | train det 0.1596 seg 0.3425 cnt 2.3331
[stage1] epoch 20/100 step 12 | loss 11.7250 | w [15.0, 8.0, 1.0] | train det 0.3990 seg 0.1572 cnt 4.4822
[stage1] epoch 20/100 step 13 | loss 7.4882 | w [15.0, 8.0, 1.0] | train det 0.1477 seg 0.0865 cnt 4.5813
[stage1] epoch 20/100 step 14 | loss 9.0300 | w [15.0, 8.0, 1.0] | train det 0.1412 seg 0.3434 cnt 4.1653
[stage1] epoch 20/100 step 15 | loss 11.8628 | w [15.0, 8.0, 1.0] | train det 0.1664 seg 0.1576 cnt 8.1062
[stage1] epoch 20/100 step 16 | loss 10.4408 | w [15.0, 8.0, 1.0] | train det 0.0402 seg 0.1744 cnt 8.4427
[stage1] epoch 20/100 step 17 | loss 12.5549 | w [15.0, 8.0, 1.0] | train det 0.0874 seg 0.3649 cnt 8.3249
[stage1] epoch 20/100 step 18 | loss 20.6106 | w [15.0, 8.0, 1.0] | train det 0.4516 seg 0.3276 cnt 11.2158
[stage1] epoch 20/100 step 19 | loss 39.0247 | w [15.0, 8.0, 1.0] | train det 0.1315 seg 0.4873 cnt 33.1538
[stage1] epoch 20/100 step 20 | loss 15.4883 | w [15.0, 8.0, 1.0] | train det 0.3060 seg 0.3895 cnt 7.7822
[stage1] epoch 20/100 step 21 | loss 10.1326 | w [15.0, 8.0, 1.0] | train det 0.0894 seg 0.4399 cnt 5.2718
[stage1] epoch 20/100 step 22 | loss 12.2886 | w [15.0, 8.0, 1.0] | train det 0.1477 seg 0.2239 cnt 8.2811
[stage1] epoch 20/100 step 23 | loss 7.9149 | w [15.0, 8.0, 1.0] | train det 0.0476 seg 0.2014 cnt 5.5897
[stage1] epoch 20/100 step 24 | loss 4.4753 | w [15.0, 8.0, 1.0] | train det 0.0700 seg 0.1624 cnt 2.1265
[stage1] epoch 20/100 step 25 | loss 18.0963 | w [15.0, 8.0, 1.0] | train det 0.6140 seg 0.4302 cnt 5.4441
[stage1] epoch 20/100 step 26 | loss 13.3008 | w [15.0, 8.0, 1.0] | train det 0.2079 seg 0.2624 cnt 8.0828
[stage1] epoch 20/100 step 27 | loss 13.5779 | w [15.0, 8.0, 1.0] | train det 0.3278 seg 0.4494 cnt 5.0661
[stage1] epoch 20/100 step 28 | loss 6.8725 | w [15.0, 8.0, 1.0] | train det 0.0633 seg 0.1926 cnt 4.3815
[stage1] epoch 20/100 step 29 | loss 16.8822 | w [15.0, 8.0, 1.0] | train det 0.1968 seg 0.4497 cnt 10.3321
[stage1] epoch 20/100 step 30 | loss 16.5103 | w [15.0, 8.0, 1.0] | train det 0.0703 seg 0.3709 cnt 12.4890
[stage1] epoch 20/100 step 31 | loss 9.3326 | w [15.0, 8.0, 1.0] | train det 0.0889 seg 0.3473 cnt 5.2206
[stage1] epoch 20/100 step 32 | loss 8.1626 | w [15.0, 8.0, 1.0] | train det 0.1193 seg 0.1498 cnt 5.1752
[stage1] epoch 20/100 step 33 | loss 7.4531 | w [15.0, 8.0, 1.0] | train det 0.0318 seg 0.2440 cnt 5.0238
[stage1] epoch 20/100 step 34 | loss 9.5506 | w [15.0, 8.0, 1.0] | train det 0.1791 seg 0.3378 cnt 4.1610
[stage1] epoch 20/100 step 35 | loss 6.9978 | w [15.0, 8.0, 1.0] | train det 0.1515 seg 0.2744 cnt 2.5298
[stage1] epoch 20/100 step 36 | loss 7.4730 | w [15.0, 8.0, 1.0] | train det 0.0938 seg 0.2828 cnt 3.8027
[stage1] epoch 20/100 step 37 | loss 10.5053 | w [15.0, 8.0, 1.0] | train det 0.1693 seg 0.3162 cnt 5.4370
[stage1] epoch 20/100 step 38 | loss 7.9254 | w [15.0, 8.0, 1.0] | train det 0.1216 seg 0.2645 cnt 3.9849
[stage1] epoch 20/100 step 39 | loss 14.6387 | w [15.0, 8.0, 1.0] | train det 0.0968 seg 0.3666 cnt 10.2533
[stage1] epoch 20/100 step 40 | loss 12.8873 | w [15.0, 8.0, 1.0] | train det 0.1458 seg 0.2744 cnt 8.5045
[stage1] epoch 20/100 step 41 | loss 16.9191 | w [15.0, 8.0, 1.0] | train det 0.1526 seg 0.4960 cnt 10.6618
[stage1] epoch 20/100 step 42 | loss 13.8438 | w [15.0, 8.0, 1.0] | train det 0.1313 seg 0.2618 cnt 9.7800
[stage1] epoch 20/100 step 43 | loss 39.4312 | w [15.0, 8.0, 1.0] | train det 0.1286 seg 0.2841 cnt 35.2296
[stage1] epoch 20/100 | train 12.5182 | det 0.1605 seg 0.2941 cnt 7.7579
[stage1] epoch 21/100 step 1 | loss 14.9033 | w [15.0, 8.0, 1.0] | train det 0.2531 seg 0.4108 cnt 7.8209
[stage1] epoch 21/100 step 2 | loss 9.4252 | w [15.0, 8.0, 1.0] | train det 0.0691 seg 0.3110 cnt 5.9006
[stage1] epoch 21/100 step 3 | loss 7.8557 | w [15.0, 8.0, 1.0] | train det 0.1016 seg 0.1587 cnt 5.0622
[stage1] epoch 21/100 step 4 | loss 11.4425 | w [15.0, 8.0, 1.0] | train det 0.0792 seg 0.4027 cnt 7.0336
[stage1] epoch 21/100 step 5 | loss 9.7128 | w [15.0, 8.0, 1.0] | train det 0.1956 seg 0.2693 cnt 4.6249
[stage1] epoch 21/100 step 6 | loss 9.8850 | w [15.0, 8.0, 1.0] | train det 0.1234 seg 0.1555 cnt 6.7891
[stage1] epoch 21/100 step 7 | loss 21.8605 | w [15.0, 8.0, 1.0] | train det 0.0995 seg 0.5807 cnt 15.7230
[stage1] epoch 21/100 step 8 | loss 8.1971 | w [15.0, 8.0, 1.0] | train det 0.0680 seg 0.1791 cnt 5.7433
[stage1] epoch 21/100 step 9 | loss 19.8353 | w [15.0, 8.0, 1.0] | train det 0.1694 seg 0.2765 cnt 15.0826
[stage1] epoch 21/100 step 10 | loss 16.3198 | w [15.0, 8.0, 1.0] | train det 0.4226 seg 0.3511 cnt 7.1717
[stage1] epoch 21/100 step 11 | loss 23.2001 | w [15.0, 8.0, 1.0] | train det 0.1372 seg 0.1238 cnt 20.1520
[stage1] epoch 21/100 step 12 | loss 7.7567 | w [15.0, 8.0, 1.0] | train det 0.1771 seg 0.2403 cnt 3.1777
[stage1] epoch 21/100 step 13 | loss 11.5132 | w [15.0, 8.0, 1.0] | train det 0.0724 seg 0.1194 cnt 9.4722
[stage1] epoch 21/100 step 14 | loss 10.2741 | w [15.0, 8.0, 1.0] | train det 0.1265 seg 0.2658 cnt 6.2499
[stage1] epoch 21/100 step 15 | loss 8.5720 | w [15.0, 8.0, 1.0] | train det 0.0496 seg 0.2710 cnt 5.6606
[stage1] epoch 21/100 step 16 | loss 9.9392 | w [15.0, 8.0, 1.0] | train det 0.1326 seg 0.2137 cnt 6.2414
[stage1] epoch 21/100 step 17 | loss 11.7967 | w [15.0, 8.0, 1.0] | train det 0.1334 seg 0.4907 cnt 5.8701
[stage1] epoch 21/100 step 18 | loss 13.1857 | w [15.0, 8.0, 1.0] | train det 0.1073 seg 0.2345 cnt 9.7002
[stage1] epoch 21/100 step 19 | loss 17.4684 | w [15.0, 8.0, 1.0] | train det 0.2947 seg 0.2471 cnt 11.0713
[stage1] epoch 21/100 step 20 | loss 23.1101 | w [15.0, 8.0, 1.0] | train det 0.4724 seg 0.2301 cnt 14.1835
[stage1] epoch 21/100 step 21 | loss 7.6326 | w [15.0, 8.0, 1.0] | train det 0.0642 seg 0.2730 cnt 4.4858
[stage1] epoch 21/100 step 22 | loss 6.6922 | w [15.0, 8.0, 1.0] | train det 0.1295 seg 0.1486 cnt 3.5613
[stage1] epoch 21/100 step 23 | loss 7.5214 | w [15.0, 8.0, 1.0] | train det 0.1116 seg 0.3732 cnt 2.8625
[stage1] epoch 21/100 step 24 | loss 12.3693 | w [15.0, 8.0, 1.0] | train det 0.0623 seg 0.2812 cnt 9.1851
[stage1] epoch 21/100 step 25 | loss 12.9350 | w [15.0, 8.0, 1.0] | train det 0.1173 seg 0.4172 cnt 7.8383
[stage1] epoch 21/100 step 26 | loss 7.7697 | w [15.0, 8.0, 1.0] | train det 0.0917 seg 0.1067 cnt 5.5415
[stage1] epoch 21/100 step 27 | loss 8.7299 | w [15.0, 8.0, 1.0] | train det 0.1534 seg 0.2176 cnt 4.6885
[stage1] epoch 21/100 step 28 | loss 10.3626 | w [15.0, 8.0, 1.0] | train det 0.0739 seg 0.2141 cnt 7.5410
[stage1] epoch 21/100 step 29 | loss 14.4595 | w [15.0, 8.0, 1.0] | train det 0.4234 seg 0.2809 cnt 5.8613
[stage1] epoch 21/100 step 30 | loss 13.6250 | w [15.0, 8.0, 1.0] | train det 0.2923 seg 0.2756 cnt 7.0347
[stage1] epoch 21/100 step 31 | loss 18.7658 | w [15.0, 8.0, 1.0] | train det 0.1001 seg 0.3225 cnt 14.6839
[stage1] epoch 21/100 step 32 | loss 11.1531 | w [15.0, 8.0, 1.0] | train det 0.1047 seg 0.4219 cnt 6.2076
[stage1] epoch 21/100 step 33 | loss 18.1683 | w [15.0, 8.0, 1.0] | train det 0.1168 seg 0.1524 cnt 15.1974
[stage1] epoch 21/100 step 34 | loss 11.2070 | w [15.0, 8.0, 1.0] | train det 0.1439 seg 0.2745 cnt 6.8527
[stage1] epoch 21/100 step 35 | loss 25.3569 | w [15.0, 8.0, 1.0] | train det 0.0856 seg 0.5464 cnt 19.7014
[stage1] epoch 21/100 step 36 | loss 4.8522 | w [15.0, 8.0, 1.0] | train det 0.1271 seg 0.0975 cnt 2.1664
[stage1] epoch 21/100 step 37 | loss 14.9377 | w [15.0, 8.0, 1.0] | train det 0.2306 seg 0.2360 cnt 9.5916
[stage1] epoch 21/100 step 38 | loss 8.3710 | w [15.0, 8.0, 1.0] | train det 0.0527 seg 0.1451 cnt 6.4193
[stage1] epoch 21/100 step 39 | loss 9.3229 | w [15.0, 8.0, 1.0] | train det 0.0784 seg 0.1979 cnt 6.5637
[stage1] epoch 21/100 step 40 | loss 9.2925 | w [15.0, 8.0, 1.0] | train det 0.0736 seg 0.2841 cnt 5.9158
[stage1] epoch 21/100 step 41 | loss 9.9629 | w [15.0, 8.0, 1.0] | train det 0.1972 seg 0.1625 cnt 5.7050
[stage1] epoch 21/100 step 42 | loss 13.8163 | w [15.0, 8.0, 1.0] | train det 0.1447 seg 0.2491 cnt 9.6539
[stage1] epoch 21/100 step 43 | loss 16.5112 | w [15.0, 8.0, 1.0] | train det 0.1260 seg 0.4767 cnt 10.8074
[stage1] epoch 21/100 | train 12.5597 | det 0.1485 seg 0.2718 cnt 8.1581
[stage1] epoch 22/100 step 1 | loss 11.2136 | w [15.0, 8.0, 1.0] | train det 0.2653 seg 0.2430 cnt 5.2902
[stage1] epoch 22/100 step 2 | loss 7.0920 | w [15.0, 8.0, 1.0] | train det 0.0609 seg 0.2074 cnt 4.5198
[stage1] epoch 22/100 step 3 | loss 9.7207 | w [15.0, 8.0, 1.0] | train det 0.0997 seg 0.3671 cnt 5.2883
[stage1] epoch 22/100 step 4 | loss 8.4574 | w [15.0, 8.0, 1.0] | train det 0.0947 seg 0.2722 cnt 4.8595
[stage1] epoch 22/100 step 5 | loss 8.8572 | w [15.0, 8.0, 1.0] | train det 0.1454 seg 0.1220 cnt 5.7000
[stage1] epoch 22/100 step 6 | loss 12.8164 | w [15.0, 8.0, 1.0] | train det 0.1002 seg 0.4431 cnt 7.7694
[stage1] epoch 22/100 step 7 | loss 7.8401 | w [15.0, 8.0, 1.0] | train det 0.0643 seg 0.3204 cnt 4.3123
[stage1] epoch 22/100 step 8 | loss 10.0400 | w [15.0, 8.0, 1.0] | train det 0.1230 seg 0.1608 cnt 6.9082
[stage1] epoch 22/100 step 9 | loss 9.0769 | w [15.0, 8.0, 1.0] | train det 0.0486 seg 0.0712 cnt 7.7790
[stage1] epoch 22/100 step 10 | loss 9.9771 | w [15.0, 8.0, 1.0] | train det 0.1172 seg 0.2736 cnt 6.0306
[stage1] epoch 22/100 step 11 | loss 4.9531 | w [15.0, 8.0, 1.0] | train det 0.0655 seg 0.2446 cnt 2.0142
[stage1] epoch 22/100 step 12 | loss 6.7332 | w [15.0, 8.0, 1.0] | train det 0.1219 seg 0.3555 cnt 2.0602
[stage1] epoch 22/100 step 13 | loss 8.7631 | w [15.0, 8.0, 1.0] | train det 0.3232 seg 0.1772 cnt 2.4981
[stage1] epoch 22/100 step 14 | loss 9.8790 | w [15.0, 8.0, 1.0] | train det 0.0534 seg 0.1831 cnt 7.6129
[stage1] epoch 22/100 step 15 | loss 9.3361 | w [15.0, 8.0, 1.0] | train det 0.1177 seg 0.4427 cnt 4.0293
[stage1] epoch 22/100 step 16 | loss 10.7700 | w [15.0, 8.0, 1.0] | train det 0.0848 seg 0.1472 cnt 8.3211
[stage1] epoch 22/100 step 17 | loss 9.7700 | w [15.0, 8.0, 1.0] | train det 0.1828 seg 0.1104 cnt 6.1459
[stage1] epoch 22/100 step 18 | loss 11.6851 | w [15.0, 8.0, 1.0] | train det 0.1000 seg 0.2196 cnt 8.4280
[stage1] epoch 22/100 step 19 | loss 12.8638 | w [15.0, 8.0, 1.0] | train det 0.0704 seg 0.1897 cnt 10.2898
[stage1] epoch 22/100 step 20 | loss 5.7844 | w [15.0, 8.0, 1.0] | train det 0.0777 seg 0.3112 cnt 2.1304
[stage1] epoch 22/100 step 21 | loss 7.5041 | w [15.0, 8.0, 1.0] | train det 0.0938 seg 0.1180 cnt 5.1528
[stage1] epoch 22/100 step 22 | loss 7.4746 | w [15.0, 8.0, 1.0] | train det 0.0743 seg 0.0765 cnt 5.7474
[stage1] epoch 22/100 step 23 | loss 15.0266 | w [15.0, 8.0, 1.0] | train det 0.1607 seg 0.6017 cnt 7.8028
[stage1] epoch 22/100 step 24 | loss 9.0191 | w [15.0, 8.0, 1.0] | train det 0.2098 seg 0.2192 cnt 4.1188
[stage1] epoch 22/100 step 25 | loss 11.7472 | w [15.0, 8.0, 1.0] | train det 0.2743 seg 0.2690 cnt 5.4811
[stage1] epoch 22/100 step 26 | loss 20.5593 | w [15.0, 8.0, 1.0] | train det 0.8215 seg 0.4776 cnt 4.4156
[stage1] epoch 22/100 step 27 | loss 9.5987 | w [15.0, 8.0, 1.0] | train det 0.1063 seg 0.2282 cnt 6.1783
[stage1] epoch 22/100 step 28 | loss 11.9791 | w [15.0, 8.0, 1.0] | train det 0.1430 seg 0.3845 cnt 6.7570
[stage1] epoch 22/100 step 29 | loss 12.4638 | w [15.0, 8.0, 1.0] | train det 0.1401 seg 0.2488 cnt 8.3718
[stage1] epoch 22/100 step 30 | loss 12.8717 | w [15.0, 8.0, 1.0] | train det 0.0813 seg 0.1952 cnt 10.0911
[stage1] epoch 22/100 step 31 | loss 7.7933 | w [15.0, 8.0, 1.0] | train det 0.0820 seg 0.1833 cnt 5.0973
[stage1] epoch 22/100 step 32 | loss 11.4022 | w [15.0, 8.0, 1.0] | train det 0.0590 seg 0.2115 cnt 8.8245
[stage1] epoch 22/100 step 33 | loss 16.6214 | w [15.0, 8.0, 1.0] | train det 0.3720 seg 0.4384 cnt 7.5337
[stage1] epoch 22/100 step 34 | loss 10.4488 | w [15.0, 8.0, 1.0] | train det 0.0471 seg 0.4212 cnt 6.3731
[stage1] epoch 22/100 step 35 | loss 8.7876 | w [15.0, 8.0, 1.0] | train det 0.2955 seg 0.3200 cnt 1.7950
[stage1] epoch 22/100 step 36 | loss 6.6215 | w [15.0, 8.0, 1.0] | train det 0.1065 seg 0.3557 cnt 2.1783
[stage1] epoch 22/100 step 37 | loss 8.7320 | w [15.0, 8.0, 1.0] | train det 0.2517 seg 0.1568 cnt 3.7027
[stage1] epoch 22/100 step 38 | loss 8.6767 | w [15.0, 8.0, 1.0] | train det 0.0488 seg 0.1533 cnt 6.7180
[stage1] epoch 22/100 step 39 | loss 7.1066 | w [15.0, 8.0, 1.0] | train det 0.1109 seg 0.2272 cnt 3.6254
[stage1] epoch 22/100 step 40 | loss 11.9194 | w [15.0, 8.0, 1.0] | train det 0.0751 seg 0.2927 cnt 8.4505
[stage1] epoch 22/100 step 41 | loss 13.8577 | w [15.0, 8.0, 1.0] | train det 0.2231 seg 0.4757 cnt 6.7063
[stage1] epoch 22/100 step 42 | loss 10.9054 | w [15.0, 8.0, 1.0] | train det 0.1127 seg 0.1516 cnt 8.0026
[stage1] epoch 22/100 step 43 | loss 13.0492 | w [15.0, 8.0, 1.0] | train det 0.0521 seg 0.1792 cnt 10.8340
[stage1] epoch 22/100 | train 10.2278 | det 0.1455 seg 0.2616 cnt 5.9522
[stage1] epoch 23/100 step 1 | loss 10.3550 | w [15.0, 8.0, 1.0] | train det 0.0504 seg 0.1584 cnt 8.3317
[stage1] epoch 23/100 step 2 | loss 13.9234 | w [15.0, 8.0, 1.0] | train det 0.1471 seg 0.3762 cnt 8.7081
[stage1] epoch 23/100 step 3 | loss 6.4592 | w [15.0, 8.0, 1.0] | train det 0.1403 seg 0.2571 cnt 2.2985
[stage1] epoch 23/100 step 4 | loss 8.5194 | w [15.0, 8.0, 1.0] | train det 0.1045 seg 0.3180 cnt 4.4083
[stage1] epoch 23/100 step 5 | loss 16.5597 | w [15.0, 8.0, 1.0] | train det 0.1088 seg 0.1794 cnt 13.4931
[stage1] epoch 23/100 step 6 | loss 15.4278 | w [15.0, 8.0, 1.0] | train det 0.2765 seg 0.2328 cnt 9.4185
[stage1] epoch 23/100 step 7 | loss 7.7722 | w [15.0, 8.0, 1.0] | train det 0.0699 seg 0.1628 cnt 5.4215
[stage1] epoch 23/100 step 8 | loss 10.7154 | w [15.0, 8.0, 1.0] | train det 0.1440 seg 0.2558 cnt 6.5088
[stage1] epoch 23/100 step 9 | loss 12.5696 | w [15.0, 8.0, 1.0] | train det 0.2979 seg 0.1286 cnt 7.0725
[stage1] epoch 23/100 step 10 | loss 7.7960 | w [15.0, 8.0, 1.0] | train det 0.1558 seg 0.2970 cnt 3.0834
[stage1] epoch 23/100 step 11 | loss 6.3525 | w [15.0, 8.0, 1.0] | train det 0.0819 seg 0.1307 cnt 4.0784
[stage1] epoch 23/100 step 12 | loss 7.3683 | w [15.0, 8.0, 1.0] | train det 0.0732 seg 0.3279 cnt 3.6476
[stage1] epoch 23/100 step 13 | loss 13.6957 | w [15.0, 8.0, 1.0] | train det 0.3072 seg 0.3218 cnt 6.5142
[stage1] epoch 23/100 step 14 | loss 9.8962 | w [15.0, 8.0, 1.0] | train det 0.0484 seg 0.2414 cnt 7.2394
[stage1] epoch 23/100 step 15 | loss 7.9633 | w [15.0, 8.0, 1.0] | train det 0.0926 seg 0.2925 cnt 4.2346
[stage1] epoch 23/100 step 16 | loss 25.2167 | w [15.0, 8.0, 1.0] | train det 0.7635 seg 0.2541 cnt 11.7303
[stage1] epoch 23/100 step 17 | loss 16.9250 | w [15.0, 8.0, 1.0] | train det 0.3025 seg 0.1497 cnt 11.1903
[stage1] epoch 23/100 step 18 | loss 16.9296 | w [15.0, 8.0, 1.0] | train det 0.2384 seg 0.2113 cnt 11.6631
[stage1] epoch 23/100 step 19 | loss 12.4883 | w [15.0, 8.0, 1.0] | train det 0.0932 seg 0.1481 cnt 9.9062
[stage1] epoch 23/100 step 20 | loss 11.9406 | w [15.0, 8.0, 1.0] | train det 0.1536 seg 0.2330 cnt 7.7725
[stage1] epoch 23/100 step 21 | loss 9.6948 | w [15.0, 8.0, 1.0] | train det 0.2096 seg 0.3135 cnt 4.0429
[stage1] epoch 23/100 step 22 | loss 17.1465 | w [15.0, 8.0, 1.0] | train det 0.3445 seg 0.1398 cnt 10.8600
[stage1] epoch 23/100 step 23 | loss 9.2656 | w [15.0, 8.0, 1.0] | train det 0.0961 seg 0.2915 cnt 5.4923
[stage1] epoch 23/100 step 24 | loss 8.6246 | w [15.0, 8.0, 1.0] | train det 0.0561 seg 0.2758 cnt 5.5761
[stage1] epoch 23/100 step 25 | loss 15.4462 | w [15.0, 8.0, 1.0] | train det 0.1014 seg 0.3744 cnt 10.9308
[stage1] epoch 23/100 step 26 | loss 12.2408 | w [15.0, 8.0, 1.0] | train det 0.0964 seg 0.2512 cnt 8.7849
[stage1] epoch 23/100 step 27 | loss 7.7302 | w [15.0, 8.0, 1.0] | train det 0.1367 seg 0.2680 cnt 3.5356
[stage1] epoch 23/100 step 28 | loss 8.2100 | w [15.0, 8.0, 1.0] | train det 0.1478 seg 0.2404 cnt 4.0694
[stage1] epoch 23/100 step 29 | loss 16.3695 | w [15.0, 8.0, 1.0] | train det 0.1215 seg 0.3075 cnt 12.0876
[stage1] epoch 23/100 step 30 | loss 14.5752 | w [15.0, 8.0, 1.0] | train det 0.2389 seg 0.2648 cnt 8.8731
[stage1] epoch 23/100 step 31 | loss 10.2718 | w [15.0, 8.0, 1.0] | train det 0.1022 seg 0.3616 cnt 5.8469
[stage1] epoch 23/100 step 32 | loss 12.0468 | w [15.0, 8.0, 1.0] | train det 0.1959 seg 0.2978 cnt 6.7250
[stage1] epoch 23/100 step 33 | loss 12.6417 | w [15.0, 8.0, 1.0] | train det 0.1845 seg 0.4060 cnt 6.6258
[stage1] epoch 23/100 step 34 | loss 7.1043 | w [15.0, 8.0, 1.0] | train det 0.1803 seg 0.1164 cnt 3.4689
[stage1] epoch 23/100 step 35 | loss 8.3982 | w [15.0, 8.0, 1.0] | train det 0.1234 seg 0.3275 cnt 3.9264
[stage1] epoch 23/100 step 36 | loss 9.0340 | w [15.0, 8.0, 1.0] | train det 0.1289 seg 0.4101 cnt 3.8203
[stage1] epoch 23/100 step 37 | loss 9.0638 | w [15.0, 8.0, 1.0] | train det 0.0402 seg 0.3205 cnt 5.8961
[stage1] epoch 23/100 step 38 | loss 10.2041 | w [15.0, 8.0, 1.0] | train det 0.1723 seg 0.0716 cnt 7.0461
[stage1] epoch 23/100 step 39 | loss 9.0631 | w [15.0, 8.0, 1.0] | train det 0.1497 seg 0.2781 cnt 4.5921
[stage1] epoch 23/100 step 40 | loss 14.1911 | w [15.0, 8.0, 1.0] | train det 0.1180 seg 0.1582 cnt 11.1552
[stage1] epoch 23/100 step 41 | loss 14.8449 | w [15.0, 8.0, 1.0] | train det 0.1612 seg 0.2046 cnt 10.7902
[stage1] epoch 23/100 step 42 | loss 17.3949 | w [15.0, 8.0, 1.0] | train det 0.2869 seg 0.1387 cnt 11.9814
[stage1] epoch 23/100 step 43 | loss 11.7146 | w [15.0, 8.0, 1.0] | train det 0.0672 seg 0.1886 cnt 9.1977
[stage1] epoch 23/100 | train 11.7244 | det 0.1653 seg 0.2485 cnt 7.2569
[stage1] epoch 24/100 step 1 | loss 16.3994 | w [15.0, 8.0, 1.0] | train det 0.1418 seg 0.3255 cnt 11.6686
[stage1] epoch 24/100 step 2 | loss 7.8162 | w [15.0, 8.0, 1.0] | train det 0.1354 seg 0.1995 cnt 4.1892
[stage1] epoch 24/100 step 3 | loss 7.3376 | w [15.0, 8.0, 1.0] | train det 0.1388 seg 0.2418 cnt 3.3207
[stage1] epoch 24/100 step 4 | loss 11.5205 | w [15.0, 8.0, 1.0] | train det 0.1494 seg 0.2132 cnt 7.5739
[stage1] epoch 24/100 step 5 | loss 5.5867 | w [15.0, 8.0, 1.0] | train det 0.1160 seg 0.1399 cnt 2.7274
[stage1] epoch 24/100 step 6 | loss 11.2692 | w [15.0, 8.0, 1.0] | train det 0.2120 seg 0.2333 cnt 6.2220
[stage1] epoch 24/100 step 7 | loss 9.2995 | w [15.0, 8.0, 1.0] | train det 0.1232 seg 0.1082 cnt 6.5860
[stage1] epoch 24/100 step 8 | loss 9.2167 | w [15.0, 8.0, 1.0] | train det 0.1259 seg 0.1709 cnt 5.9608
[stage1] epoch 24/100 step 9 | loss 10.2143 | w [15.0, 8.0, 1.0] | train det 0.1898 seg 0.3568 cnt 4.5126
[stage1] epoch 24/100 step 10 | loss 12.7712 | w [15.0, 8.0, 1.0] | train det 0.3778 seg 0.4310 cnt 3.6563
[stage1] epoch 24/100 step 11 | loss 5.9884 | w [15.0, 8.0, 1.0] | train det 0.0782 seg 0.2023 cnt 3.1966
[stage1] epoch 24/100 step 12 | loss 14.0471 | w [15.0, 8.0, 1.0] | train det 0.1590 seg 0.2832 cnt 9.3970
[stage1] epoch 24/100 step 13 | loss 22.7463 | w [15.0, 8.0, 1.0] | train det 0.6213 seg 0.1950 cnt 11.8664
[stage1] epoch 24/100 step 14 | loss 11.3420 | w [15.0, 8.0, 1.0] | train det 0.1850 seg 0.2129 cnt 6.8635
[stage1] epoch 24/100 step 15 | loss 9.5238 | w [15.0, 8.0, 1.0] | train det 0.1021 seg 0.2361 cnt 6.1039
[stage1] epoch 24/100 step 16 | loss 9.6126 | w [15.0, 8.0, 1.0] | train det 0.0833 seg 0.0884 cnt 7.6560
[stage1] epoch 24/100 step 17 | loss 16.8880 | w [15.0, 8.0, 1.0] | train det 0.2175 seg 0.2547 cnt 11.5878
[stage1] epoch 24/100 step 18 | loss 13.6765 | w [15.0, 8.0, 1.0] | train det 0.1071 seg 0.2645 cnt 9.9531
[stage1] epoch 24/100 step 19 | loss 8.3534 | w [15.0, 8.0, 1.0] | train det 0.1786 seg 0.2091 cnt 4.0018
[stage1] epoch 24/100 step 20 | loss 12.9223 | w [15.0, 8.0, 1.0] | train det 0.2273 seg 0.3124 cnt 7.0140
[stage1] epoch 24/100 step 21 | loss 9.7862 | w [15.0, 8.0, 1.0] | train det 0.0754 seg 0.3176 cnt 6.1140
[stage1] epoch 24/100 step 22 | loss 10.2613 | w [15.0, 8.0, 1.0] | train det 0.2721 seg 0.0903 cnt 5.4576
[stage1] epoch 24/100 step 23 | loss 4.0916 | w [15.0, 8.0, 1.0] | train det 0.0732 seg 0.0695 cnt 2.4366
[stage1] epoch 24/100 step 24 | loss 8.5265 | w [15.0, 8.0, 1.0] | train det 0.0664 seg 0.3082 cnt 5.0647
[stage1] epoch 24/100 step 25 | loss 11.8584 | w [15.0, 8.0, 1.0] | train det 0.1074 seg 0.0899 cnt 9.5282
[stage1] epoch 24/100 step 26 | loss 20.1845 | w [15.0, 8.0, 1.0] | train det 0.8106 seg 0.4002 cnt 4.8238
[stage1] epoch 24/100 step 27 | loss 8.5536 | w [15.0, 8.0, 1.0] | train det 0.1978 seg 0.2662 cnt 3.4561
[stage1] epoch 24/100 step 28 | loss 13.4522 | w [15.0, 8.0, 1.0] | train det 0.1798 seg 0.3726 cnt 7.7741
[stage1] epoch 24/100 step 29 | loss 6.6205 | w [15.0, 8.0, 1.0] | train det 0.0777 seg 0.3757 cnt 2.4494
[stage1] epoch 24/100 step 30 | loss 10.4883 | w [15.0, 8.0, 1.0] | train det 0.1329 seg 0.3523 cnt 5.6758
[stage1] epoch 24/100 step 31 | loss 10.0729 | w [15.0, 8.0, 1.0] | train det 0.0860 seg 0.2510 cnt 6.7753
[stage1] epoch 24/100 step 32 | loss 15.7710 | w [15.0, 8.0, 1.0] | train det 0.4338 seg 0.4079 cnt 6.0007
[stage1] epoch 24/100 step 33 | loss 6.3049 | w [15.0, 8.0, 1.0] | train det 0.0269 seg 0.1934 cnt 4.3548
[stage1] epoch 24/100 step 34 | loss 9.7530 | w [15.0, 8.0, 1.0] | train det 0.0814 seg 0.3599 cnt 5.6536
[stage1] epoch 24/100 step 35 | loss 6.6872 | w [15.0, 8.0, 1.0] | train det 0.2211 seg 0.0744 cnt 2.7760
[stage1] epoch 24/100 step 36 | loss 8.7034 | w [15.0, 8.0, 1.0] | train det 0.0494 seg 0.2153 cnt 6.2400
[stage1] epoch 24/100 step 37 | loss 17.9001 | w [15.0, 8.0, 1.0] | train det 0.1780 seg 0.3743 cnt 12.2351
[stage1] epoch 24/100 step 38 | loss 12.0942 | w [15.0, 8.0, 1.0] | train det 0.1771 seg 0.2016 cnt 7.8256
[stage1] epoch 24/100 step 39 | loss 11.7786 | w [15.0, 8.0, 1.0] | train det 0.1154 seg 0.2707 cnt 7.8830
[stage1] epoch 24/100 step 40 | loss 12.4957 | w [15.0, 8.0, 1.0] | train det 0.1500 seg 0.2919 cnt 7.9101
[stage1] epoch 24/100 step 41 | loss 17.4812 | w [15.0, 8.0, 1.0] | train det 0.1223 seg 0.4311 cnt 12.1983
[stage1] epoch 24/100 step 42 | loss 15.5615 | w [15.0, 8.0, 1.0] | train det 0.2189 seg 0.1972 cnt 10.7005
[stage1] epoch 24/100 step 43 | loss 7.5739 | w [15.0, 8.0, 1.0] | train det 0.1306 seg 0.0528 cnt 5.1931
[stage1] epoch 24/100 | train 11.2217 | det 0.1780 seg 0.2475 cnt 6.5717
[stage1] epoch 25/100 step 1 | loss 13.6228 | w [15.0, 8.0, 1.0] | train det 0.1783 seg 0.3460 cnt 8.1804
[stage1] epoch 25/100 step 2 | loss 8.3890 | w [15.0, 8.0, 1.0] | train det 0.1092 seg 0.2802 cnt 4.5093
[stage1] epoch 25/100 step 3 | loss 10.9531 | w [15.0, 8.0, 1.0] | train det 0.1131 seg 0.1022 cnt 8.4395
[stage1] epoch 25/100 step 4 | loss 9.8662 | w [15.0, 8.0, 1.0] | train det 0.0931 seg 0.4315 cnt 5.0180
[stage1] epoch 25/100 step 5 | loss 6.7562 | w [15.0, 8.0, 1.0] | train det 0.1006 seg 0.1788 cnt 3.8172
[stage1] epoch 25/100 step 6 | loss 13.3024 | w [15.0, 8.0, 1.0] | train det 0.2106 seg 0.2303 cnt 8.3013
[stage1] epoch 25/100 step 7 | loss 8.1016 | w [15.0, 8.0, 1.0] | train det 0.0710 seg 0.2359 cnt 5.1495
[stage1] epoch 25/100 step 8 | loss 9.5364 | w [15.0, 8.0, 1.0] | train det 0.1352 seg 0.3468 cnt 4.7340
[stage1] epoch 25/100 step 9 | loss 8.6157 | w [15.0, 8.0, 1.0] | train det 0.0882 seg 0.2447 cnt 5.3354
[stage1] epoch 25/100 step 10 | loss 11.5871 | w [15.0, 8.0, 1.0] | train det 0.3327 seg 0.4729 cnt 2.8134
[stage1] epoch 25/100 step 11 | loss 6.0387 | w [15.0, 8.0, 1.0] | train det 0.0534 seg 0.1919 cnt 3.7026
[stage1] epoch 25/100 step 12 | loss 16.2392 | w [15.0, 8.0, 1.0] | train det 0.1846 seg 0.2120 cnt 11.7743
[stage1] epoch 25/100 step 13 | loss 11.8642 | w [15.0, 8.0, 1.0] | train det 0.1579 seg 0.2765 cnt 7.2834
[stage1] epoch 25/100 step 14 | loss 18.4324 | w [15.0, 8.0, 1.0] | train det 0.4815 seg 0.2462 cnt 9.2395
[stage1] epoch 25/100 step 15 | loss 10.6046 | w [15.0, 8.0, 1.0] | train det 0.2802 seg 0.2332 cnt 4.5362
[stage1] epoch 25/100 step 16 | loss 6.7032 | w [15.0, 8.0, 1.0] | train det 0.1063 seg 0.3018 cnt 2.6940
[stage1] epoch 25/100 step 17 | loss 19.1849 | w [15.0, 8.0, 1.0] | train det 0.0521 seg 0.3374 cnt 15.7036
[stage1] epoch 25/100 step 18 | loss 14.6184 | w [15.0, 8.0, 1.0] | train det 0.0683 seg 0.2873 cnt 11.2956
[stage1] epoch 25/100 step 19 | loss 9.4551 | w [15.0, 8.0, 1.0] | train det 0.0943 seg 0.2419 cnt 6.1050
[stage1] epoch 25/100 step 20 | loss 8.7394 | w [15.0, 8.0, 1.0] | train det 0.1749 seg 0.3034 cnt 3.6890
[stage1] epoch 25/100 step 21 | loss 11.8760 | w [15.0, 8.0, 1.0] | train det 0.0960 seg 0.2534 cnt 8.4085
[stage1] epoch 25/100 step 22 | loss 16.2766 | w [15.0, 8.0, 1.0] | train det 0.0797 seg 0.1910 cnt 13.5538
[stage1] epoch 25/100 step 23 | loss 7.6861 | w [15.0, 8.0, 1.0] | train det 0.1149 seg 0.1580 cnt 4.6987
[stage1] epoch 25/100 step 24 | loss 15.5018 | w [15.0, 8.0, 1.0] | train det 0.0871 seg 0.2182 cnt 12.4497
[stage1] epoch 25/100 step 25 | loss 22.0412 | w [15.0, 8.0, 1.0] | train det 0.0482 seg 0.0816 cnt 20.6649
[stage1] epoch 25/100 step 26 | loss 13.6356 | w [15.0, 8.0, 1.0] | train det 0.5631 seg 0.2654 cnt 3.0662
[stage1] epoch 25/100 step 27 | loss 12.0028 | w [15.0, 8.0, 1.0] | train det 0.0675 seg 0.3438 cnt 8.2392
[stage1] epoch 25/100 step 28 | loss 9.5445 | w [15.0, 8.0, 1.0] | train det 0.1319 seg 0.2797 cnt 5.3286
[stage1] epoch 25/100 step 29 | loss 7.3253 | w [15.0, 8.0, 1.0] | train det 0.1322 seg 0.2324 cnt 3.4829
[stage1] epoch 25/100 step 30 | loss 13.2231 | w [15.0, 8.0, 1.0] | train det 0.1600 seg 0.2488 cnt 8.8326
[stage1] epoch 25/100 step 31 | loss 9.9709 | w [15.0, 8.0, 1.0] | train det 0.1622 seg 0.2761 cnt 5.3288
[stage1] epoch 25/100 step 32 | loss 7.5143 | w [15.0, 8.0, 1.0] | train det 0.1357 seg 0.1506 cnt 4.2733
[stage1] epoch 25/100 step 33 | loss 8.5403 | w [15.0, 8.0, 1.0] | train det 0.0820 seg 0.3022 cnt 4.8929
[stage1] epoch 25/100 step 34 | loss 11.0735 | w [15.0, 8.0, 1.0] | train det 0.4175 seg 0.2023 cnt 3.1918
[stage1] epoch 25/100 step 35 | loss 10.9329 | w [15.0, 8.0, 1.0] | train det 0.1633 seg 0.1785 cnt 7.0546
[stage1] epoch 25/100 step 36 | loss 17.0809 | w [15.0, 8.0, 1.0] | train det 0.1330 seg 0.2960 cnt 12.7182
[stage1] epoch 25/100 step 37 | loss 13.8096 | w [15.0, 8.0, 1.0] | train det 0.1379 seg 0.4142 cnt 8.4278
[stage1] epoch 25/100 step 38 | loss 13.8429 | w [15.0, 8.0, 1.0] | train det 0.1119 seg 0.2987 cnt 9.7749
[stage1] epoch 25/100 step 39 | loss 7.2940 | w [15.0, 8.0, 1.0] | train det 0.1014 seg 0.2129 cnt 4.0695
[stage1] epoch 25/100 step 40 | loss 5.2900 | w [15.0, 8.0, 1.0] | train det 0.0936 seg 0.1379 cnt 2.7827
[stage1] epoch 25/100 step 41 | loss 20.3548 | w [15.0, 8.0, 1.0] | train det 0.1169 seg 0.3228 cnt 16.0192
[stage1] epoch 25/100 step 42 | loss 18.3764 | w [15.0, 8.0, 1.0] | train det 0.1918 seg 0.3022 cnt 13.0816
[stage1] epoch 25/100 step 43 | loss 10.1492 | w [15.0, 8.0, 1.0] | train det 0.0472 seg 0.3631 cnt 6.5356
[stage1] epoch 25/100 | train 11.7664 | det 0.1502 seg 0.2612 cnt 7.4232
[stage1] epoch 26/100 step 1 | loss 10.5700 | w [15.0, 8.0, 1.0] | train det 0.2056 seg 0.1670 cnt 6.1501
[stage1] epoch 26/100 step 2 | loss 14.6651 | w [15.0, 8.0, 1.0] | train det 0.0530 seg 0.3250 cnt 11.2706
[stage1] epoch 26/100 step 3 | loss 4.1325 | w [15.0, 8.0, 1.0] | train det 0.0693 seg 0.1541 cnt 1.8601
[stage1] epoch 26/100 step 4 | loss 17.3935 | w [15.0, 8.0, 1.0] | train det 0.0453 seg 0.1386 cnt 15.6053
[stage1] epoch 26/100 step 5 | loss 13.0341 | w [15.0, 8.0, 1.0] | train det 0.5212 seg 0.2314 cnt 3.3657
[stage1] epoch 26/100 step 6 | loss 8.9508 | w [15.0, 8.0, 1.0] | train det 0.0945 seg 0.2563 cnt 5.4838
[stage1] epoch 26/100 step 7 | loss 7.5369 | w [15.0, 8.0, 1.0] | train det 0.0839 seg 0.3813 cnt 3.2278
[stage1] epoch 26/100 step 8 | loss 6.4110 | w [15.0, 8.0, 1.0] | train det 0.0487 seg 0.2697 cnt 3.5234
[stage1] epoch 26/100 step 9 | loss 9.4916 | w [15.0, 8.0, 1.0] | train det 0.0630 seg 0.2485 cnt 6.5585
[stage1] epoch 26/100 step 10 | loss 6.7052 | w [15.0, 8.0, 1.0] | train det 0.0552 seg 0.1976 cnt 4.2965
[stage1] epoch 26/100 step 11 | loss 11.1080 | w [15.0, 8.0, 1.0] | train det 0.0958 seg 0.1092 cnt 8.7973
[stage1] epoch 26/100 step 12 | loss 8.0001 | w [15.0, 8.0, 1.0] | train det 0.0577 seg 0.4747 cnt 3.3364
[stage1] epoch 26/100 step 13 | loss 9.6666 | w [15.0, 8.0, 1.0] | train det 0.2152 seg 0.2180 cnt 4.6950
[stage1] epoch 26/100 step 14 | loss 10.1168 | w [15.0, 8.0, 1.0] | train det 0.1048 seg 0.0535 cnt 8.1171
[stage1] epoch 26/100 step 15 | loss 8.1900 | w [15.0, 8.0, 1.0] | train det 0.1450 seg 0.4198 cnt 2.6559
[stage1] epoch 26/100 step 16 | loss 24.4273 | w [15.0, 8.0, 1.0] | train det 0.2343 seg 0.2648 cnt 18.7939
[stage1] epoch 26/100 step 17 | loss 10.4444 | w [15.0, 8.0, 1.0] | train det 0.0584 seg 0.2379 cnt 7.6645
[stage1] epoch 26/100 step 18 | loss 13.5569 | w [15.0, 8.0, 1.0] | train det 0.1674 seg 0.2413 cnt 9.1152
[stage1] epoch 26/100 step 19 | loss 16.4623 | w [15.0, 8.0, 1.0] | train det 0.2190 seg 0.4352 cnt 9.6948
[stage1] epoch 26/100 step 20 | loss 8.5638 | w [15.0, 8.0, 1.0] | train det 0.0399 seg 0.3181 cnt 5.4208
[stage1] epoch 26/100 step 21 | loss 11.3294 | w [15.0, 8.0, 1.0] | train det 0.1805 seg 0.1316 cnt 7.5698
[stage1] epoch 26/100 step 22 | loss 15.5423 | w [15.0, 8.0, 1.0] | train det 0.5000 seg 0.1774 cnt 6.6229
[stage1] epoch 26/100 step 23 | loss 10.0374 | w [15.0, 8.0, 1.0] | train det 0.2248 seg 0.3108 cnt 4.1785
[stage1] epoch 26/100 step 24 | loss 9.9889 | w [15.0, 8.0, 1.0] | train det 0.0909 seg 0.2055 cnt 6.9808
[stage1] epoch 26/100 step 25 | loss 11.9669 | w [15.0, 8.0, 1.0] | train det 0.0233 seg 0.6819 cnt 6.1622
[stage1] epoch 26/100 step 26 | loss 14.6429 | w [15.0, 8.0, 1.0] | train det 0.1187 seg 0.2104 cnt 11.1787
[stage1] epoch 26/100 step 27 | loss 6.1198 | w [15.0, 8.0, 1.0] | train det 0.1031 seg 0.3482 cnt 1.7878
[stage1] epoch 26/100 step 28 | loss 23.0527 | w [15.0, 8.0, 1.0] | train det 0.3171 seg 0.2999 cnt 15.8961
[stage1] epoch 26/100 step 29 | loss 6.5882 | w [15.0, 8.0, 1.0] | train det 0.0861 seg 0.3144 cnt 2.7816
[stage1] epoch 26/100 step 30 | loss 8.3597 | w [15.0, 8.0, 1.0] | train det 0.0490 seg 0.2676 cnt 5.4838
[stage1] epoch 26/100 step 31 | loss 6.4566 | w [15.0, 8.0, 1.0] | train det 0.0961 seg 0.2445 cnt 3.0583
[stage1] epoch 26/100 step 32 | loss 5.7962 | w [15.0, 8.0, 1.0] | train det 0.0535 seg 0.2579 cnt 2.9308
[stage1] epoch 26/100 step 33 | loss 9.2650 | w [15.0, 8.0, 1.0] | train det 0.1210 seg 0.2108 cnt 5.7635
[stage1] epoch 26/100 step 34 | loss 13.5258 | w [15.0, 8.0, 1.0] | train det 0.3978 seg 0.4327 cnt 4.0970
[stage1] epoch 26/100 step 35 | loss 10.2735 | w [15.0, 8.0, 1.0] | train det 0.0681 seg 0.2246 cnt 7.4555
[stage1] epoch 26/100 step 36 | loss 8.6823 | w [15.0, 8.0, 1.0] | train det 0.1489 seg 0.3305 cnt 3.8051
[stage1] epoch 26/100 step 37 | loss 8.9227 | w [15.0, 8.0, 1.0] | train det 0.1996 seg 0.1606 cnt 4.6430
[stage1] epoch 26/100 step 38 | loss 12.6263 | w [15.0, 8.0, 1.0] | train det 0.0460 seg 0.4613 cnt 8.2457
[stage1] epoch 26/100 step 39 | loss 5.2959 | w [15.0, 8.0, 1.0] | train det 0.0556 seg 0.1867 cnt 2.9688
[stage1] epoch 26/100 step 40 | loss 22.4553 | w [15.0, 8.0, 1.0] | train det 0.0299 seg 0.3294 cnt 19.3718
[stage1] epoch 26/100 step 41 | loss 15.3943 | w [15.0, 8.0, 1.0] | train det 0.5905 seg 0.2137 cnt 4.8280
[stage1] epoch 26/100 step 42 | loss 15.1518 | w [15.0, 8.0, 1.0] | train det 0.1402 seg 0.5488 cnt 8.6582
[stage1] epoch 26/100 step 43 | loss 14.9201 | w [15.0, 8.0, 1.0] | train det 0.0796 seg 0.2907 cnt 11.3997
[stage1] epoch 26/100 | train 11.2982 | det 0.1465 seg 0.2787 cnt 6.8721
[stage1] epoch 27/100 step 1 | loss 12.1120 | w [15.0, 8.0, 1.0] | train det 0.3815 seg 0.2212 cnt 4.6204
[stage1] epoch 27/100 step 2 | loss 10.4674 | w [15.0, 8.0, 1.0] | train det 0.1278 seg 0.1815 cnt 7.0980
[stage1] epoch 27/100 step 3 | loss 12.2555 | w [15.0, 8.0, 1.0] | train det 0.0589 seg 0.1771 cnt 9.9548
[stage1] epoch 27/100 step 4 | loss 14.7939 | w [15.0, 8.0, 1.0] | train det 0.0832 seg 0.1810 cnt 12.0974
[stage1] epoch 27/100 step 5 | loss 5.8927 | w [15.0, 8.0, 1.0] | train det 0.0660 seg 0.1855 cnt 3.4182
[stage1] epoch 27/100 step 6 | loss 8.1842 | w [15.0, 8.0, 1.0] | train det 0.1382 seg 0.2572 cnt 4.0533
[stage1] epoch 27/100 step 7 | loss 6.7339 | w [15.0, 8.0, 1.0] | train det 0.1071 seg 0.2361 cnt 3.2387
[stage1] epoch 27/100 step 8 | loss 12.4836 | w [15.0, 8.0, 1.0] | train det 0.0945 seg 0.1319 cnt 10.0103
[stage1] epoch 27/100 step 9 | loss 13.5141 | w [15.0, 8.0, 1.0] | train det 0.5095 seg 0.1593 cnt 4.5964
[stage1] epoch 27/100 step 10 | loss 11.3770 | w [15.0, 8.0, 1.0] | train det 0.3325 seg 0.1418 cnt 5.2560
[stage1] epoch 27/100 step 11 | loss 14.7924 | w [15.0, 8.0, 1.0] | train det 0.5229 seg 0.4325 cnt 3.4888
[stage1] epoch 27/100 step 12 | loss 7.3734 | w [15.0, 8.0, 1.0] | train det 0.1187 seg 0.2208 cnt 3.8259
[stage1] epoch 27/100 step 13 | loss 4.5844 | w [15.0, 8.0, 1.0] | train det 0.0503 seg 0.1089 cnt 2.9589
[stage1] epoch 27/100 step 14 | loss 6.3010 | w [15.0, 8.0, 1.0] | train det 0.1019 seg 0.2119 cnt 3.0775
[stage1] epoch 27/100 step 15 | loss 11.7363 | w [15.0, 8.0, 1.0] | train det 0.0500 seg 0.2404 cnt 9.0637
[stage1] epoch 27/100 step 16 | loss 6.7093 | w [15.0, 8.0, 1.0] | train det 0.0644 seg 0.2571 cnt 3.6872
[stage1] epoch 27/100 step 17 | loss 11.5611 | w [15.0, 8.0, 1.0] | train det 0.1550 seg 0.2093 cnt 7.5613
[stage1] epoch 27/100 step 18 | loss 5.5779 | w [15.0, 8.0, 1.0] | train det 0.0328 seg 0.0797 cnt 4.4483
[stage1] epoch 27/100 step 19 | loss 11.1434 | w [15.0, 8.0, 1.0] | train det 0.1590 seg 0.1693 cnt 7.4043
[stage1] epoch 27/100 step 20 | loss 14.1644 | w [15.0, 8.0, 1.0] | train det 0.2115 seg 0.2369 cnt 9.0967
[stage1] epoch 27/100 step 21 | loss 8.5396 | w [15.0, 8.0, 1.0] | train det 0.0817 seg 0.2513 cnt 5.3039
[stage1] epoch 27/100 step 22 | loss 13.5787 | w [15.0, 8.0, 1.0] | train det 0.1581 seg 0.2822 cnt 8.9493
[stage1] epoch 27/100 step 23 | loss 8.6098 | w [15.0, 8.0, 1.0] | train det 0.1001 seg 0.1679 cnt 5.7642
[stage1] epoch 27/100 step 24 | loss 17.9550 | w [15.0, 8.0, 1.0] | train det 0.0739 seg 0.1075 cnt 15.9865
[stage1] epoch 27/100 step 25 | loss 6.9043 | w [15.0, 8.0, 1.0] | train det 0.0605 seg 0.2331 cnt 4.1331
[stage1] epoch 27/100 step 26 | loss 10.8748 | w [15.0, 8.0, 1.0] | train det 0.1707 seg 0.3744 cnt 5.3184
[stage1] epoch 27/100 step 27 | loss 17.1187 | w [15.0, 8.0, 1.0] | train det 0.3085 seg 0.2353 cnt 10.6089
[stage1] epoch 27/100 step 28 | loss 17.7807 | w [15.0, 8.0, 1.0] | train det 0.2144 seg 0.2429 cnt 12.6218
[stage1] epoch 27/100 step 29 | loss 7.7076 | w [15.0, 8.0, 1.0] | train det 0.1483 seg 0.2200 cnt 3.7235
[stage1] epoch 27/100 step 30 | loss 5.6867 | w [15.0, 8.0, 1.0] | train det 0.0537 seg 0.2218 cnt 3.1062
[stage1] epoch 27/100 step 31 | loss 10.2023 | w [15.0, 8.0, 1.0] | train det 0.3163 seg 0.2404 cnt 3.5345
[stage1] epoch 27/100 step 32 | loss 12.0429 | w [15.0, 8.0, 1.0] | train det 0.0320 seg 0.3717 cnt 8.5891
[stage1] epoch 27/100 step 33 | loss 9.3324 | w [15.0, 8.0, 1.0] | train det 0.0845 seg 0.3882 cnt 4.9597
[stage1] epoch 27/100 step 34 | loss 7.7518 | w [15.0, 8.0, 1.0] | train det 0.0903 seg 0.3293 cnt 3.7621
[stage1] epoch 27/100 step 35 | loss 9.1162 | w [15.0, 8.0, 1.0] | train det 0.2489 seg 0.1741 cnt 3.9903
[stage1] epoch 27/100 step 36 | loss 8.3697 | w [15.0, 8.0, 1.0] | train det 0.1240 seg 0.3116 cnt 4.0168
[stage1] epoch 27/100 step 37 | loss 12.8157 | w [15.0, 8.0, 1.0] | train det 0.5500 seg 0.1699 cnt 3.2066
[stage1] epoch 27/100 step 38 | loss 8.4531 | w [15.0, 8.0, 1.0] | train det 0.1040 seg 0.3343 cnt 4.2187
[stage1] epoch 27/100 step 39 | loss 11.0924 | w [15.0, 8.0, 1.0] | train det 0.0690 seg 0.1671 cnt 8.7207
[stage1] epoch 27/100 step 40 | loss 7.3151 | w [15.0, 8.0, 1.0] | train det 0.0960 seg 0.2986 cnt 3.4867
[stage1] epoch 27/100 step 41 | loss 10.3781 | w [15.0, 8.0, 1.0] | train det 0.0647 seg 0.1509 cnt 8.1995
[stage1] epoch 27/100 step 42 | loss 6.1764 | w [15.0, 8.0, 1.0] | train det 0.0995 seg 0.1745 cnt 3.2874
[stage1] epoch 27/100 step 43 | loss 15.2026 | w [15.0, 8.0, 1.0] | train det 0.1092 seg 0.6583 cnt 8.2982
[stage1] epoch 27/100 | train 10.3433 | det 0.1564 seg 0.2359 cnt 6.1103
[stage1] epoch 28/100 step 1 | loss 20.0898 | w [15.0, 8.0, 1.0] | train det 0.0638 seg 0.3561 cnt 16.2840
[stage1] epoch 28/100 step 2 | loss 7.9984 | w [15.0, 8.0, 1.0] | train det 0.1429 seg 0.1680 cnt 4.5111
[stage1] epoch 28/100 step 3 | loss 9.3170 | w [15.0, 8.0, 1.0] | train det 0.1083 seg 0.2624 cnt 5.5932
[stage1] epoch 28/100 step 4 | loss 5.5795 | w [15.0, 8.0, 1.0] | train det 0.0843 seg 0.0862 cnt 3.6251
[stage1] epoch 28/100 step 5 | loss 11.5805 | w [15.0, 8.0, 1.0] | train det 0.2730 seg 0.2209 cnt 5.7172
[stage1] epoch 28/100 step 6 | loss 11.3595 | w [15.0, 8.0, 1.0] | train det 0.3519 seg 0.1087 cnt 5.2120
[stage1] epoch 28/100 step 7 | loss 10.9293 | w [15.0, 8.0, 1.0] | train det 0.2394 seg 0.2667 cnt 5.2051
[stage1] epoch 28/100 step 8 | loss 9.5124 | w [15.0, 8.0, 1.0] | train det 0.0712 seg 0.2531 cnt 6.4190
[stage1] epoch 28/100 step 9 | loss 89.3259 | w [15.0, 8.0, 1.0] | train det 0.1989 seg 0.2681 cnt 84.1980
[stage1] epoch 28/100 step 10 | loss 13.1698 | w [15.0, 8.0, 1.0] | train det 0.1987 seg 0.3148 cnt 7.6710
[stage1] epoch 28/100 step 11 | loss 7.6682 | w [15.0, 8.0, 1.0] | train det 0.1298 seg 0.1300 cnt 4.6807
[stage1] epoch 28/100 step 12 | loss 7.5562 | w [15.0, 8.0, 1.0] | train det 0.1551 seg 0.3264 cnt 2.6188
[stage1] epoch 28/100 step 13 | loss 11.2713 | w [15.0, 8.0, 1.0] | train det 0.0778 seg 0.2510 cnt 8.0965
[stage1] epoch 28/100 step 14 | loss 9.8032 | w [15.0, 8.0, 1.0] | train det 0.1215 seg 0.2498 cnt 5.9818
[stage1] epoch 28/100 step 15 | loss 11.3283 | w [15.0, 8.0, 1.0] | train det 0.3535 seg 0.1140 cnt 5.1144
[stage1] epoch 28/100 step 16 | loss 10.8270 | w [15.0, 8.0, 1.0] | train det 0.1113 seg 0.2685 cnt 7.0101
[stage1] epoch 28/100 step 17 | loss 9.0129 | w [15.0, 8.0, 1.0] | train det 0.1827 seg 0.1680 cnt 4.9287
[stage1] epoch 28/100 step 18 | loss 18.8326 | w [15.0, 8.0, 1.0] | train det 0.5365 seg 0.3013 cnt 8.3751
[stage1] epoch 28/100 step 19 | loss 6.7834 | w [15.0, 8.0, 1.0] | train det 0.0689 seg 0.2033 cnt 4.1242
[stage1] epoch 28/100 step 20 | loss 5.0175 | w [15.0, 8.0, 1.0] | train det 0.1287 seg 0.0374 cnt 2.7882
[stage1] epoch 28/100 step 21 | loss 8.5661 | w [15.0, 8.0, 1.0] | train det 0.0518 seg 0.2259 cnt 5.9821
[stage1] epoch 28/100 step 22 | loss 9.0155 | w [15.0, 8.0, 1.0] | train det 0.0803 seg 0.2682 cnt 5.6657
[stage1] epoch 28/100 step 23 | loss 22.7671 | w [15.0, 8.0, 1.0] | train det 0.0851 seg 0.4979 cnt 17.5070
[stage1] epoch 28/100 step 24 | loss 12.1959 | w [15.0, 8.0, 1.0] | train det 0.0520 seg 0.1400 cnt 10.2963
[stage1] epoch 28/100 step 25 | loss 25.9705 | w [15.0, 8.0, 1.0] | train det 0.7887 seg 0.1906 cnt 12.6153
[stage1] epoch 28/100 step 26 | loss 7.4656 | w [15.0, 8.0, 1.0] | train det 0.0480 seg 0.3776 cnt 3.7249
[stage1] epoch 28/100 step 27 | loss 8.2462 | w [15.0, 8.0, 1.0] | train det 0.0915 seg 0.3657 cnt 3.9488
[stage1] epoch 28/100 step 28 | loss 9.9720 | w [15.0, 8.0, 1.0] | train det 0.2787 seg 0.3089 cnt 3.3202
[stage1] epoch 28/100 step 29 | loss 5.5084 | w [15.0, 8.0, 1.0] | train det 0.0482 seg 0.2072 cnt 3.1276
[stage1] epoch 28/100 step 30 | loss 9.1429 | w [15.0, 8.0, 1.0] | train det 0.0627 seg 0.3961 cnt 5.0345
[stage1] epoch 28/100 step 31 | loss 13.3209 | w [15.0, 8.0, 1.0] | train det 0.0635 seg 0.3853 cnt 9.2856
[stage1] epoch 28/100 step 32 | loss 12.9598 | w [15.0, 8.0, 1.0] | train det 0.2707 seg 0.4046 cnt 5.6624
[stage1] epoch 28/100 step 33 | loss 88.1084 | w [15.0, 8.0, 1.0] | train det 0.0868 seg 0.2885 cnt 84.4993
[stage1] epoch 28/100 step 34 | loss 8.5763 | w [15.0, 8.0, 1.0] | train det 0.0461 seg 0.1716 cnt 6.5119
[stage1] epoch 28/100 step 35 | loss 7.2992 | w [15.0, 8.0, 1.0] | train det 0.0698 seg 0.3156 cnt 3.7276
[stage1] epoch 28/100 step 36 | loss 5.9614 | w [15.0, 8.0, 1.0] | train det 0.1198 seg 0.1809 cnt 2.7170
[stage1] epoch 28/100 step 37 | loss 10.7622 | w [15.0, 8.0, 1.0] | train det 0.0578 seg 0.2204 cnt 8.1323
[stage1] epoch 28/100 step 38 | loss 10.1047 | w [15.0, 8.0, 1.0] | train det 0.1405 seg 0.2619 cnt 5.9025
[stage1] epoch 28/100 step 39 | loss 9.2213 | w [15.0, 8.0, 1.0] | train det 0.1087 seg 0.2708 cnt 5.4254
[stage1] epoch 28/100 step 40 | loss 9.8940 | w [15.0, 8.0, 1.0] | train det 0.0445 seg 0.2598 cnt 7.1474
[stage1] epoch 28/100 step 41 | loss 7.9337 | w [15.0, 8.0, 1.0] | train det 0.2211 seg 0.1386 cnt 3.5080
[stage1] epoch 28/100 step 42 | loss 16.1365 | w [15.0, 8.0, 1.0] | train det 0.3584 seg 0.2804 cnt 8.5170
[stage1] epoch 28/100 step 43 | loss 11.6373 | w [15.0, 8.0, 1.0] | train det 0.2536 seg 0.3714 cnt 4.8627
[stage1] epoch 28/100 | train 14.3658 | det 0.1634 seg 0.2531 cnt 9.8901
[stage1] epoch 29/100 step 1 | loss 18.4967 | w [15.0, 8.0, 1.0] | train det 0.1553 seg 0.1759 cnt 14.7606
[stage1] epoch 29/100 step 2 | loss 12.4161 | w [15.0, 8.0, 1.0] | train det 0.4039 seg 0.4002 cnt 3.1563
[stage1] epoch 29/100 step 3 | loss 10.5636 | w [15.0, 8.0, 1.0] | train det 0.0928 seg 0.1489 cnt 7.9797
[stage1] epoch 29/100 step 4 | loss 8.4189 | w [15.0, 8.0, 1.0] | train det 0.1599 seg 0.2245 cnt 4.2253
[stage1] epoch 29/100 step 5 | loss 11.1271 | w [15.0, 8.0, 1.0] | train det 0.0775 seg 0.5224 cnt 5.7853
[stage1] epoch 29/100 step 6 | loss 14.7027 | w [15.0, 8.0, 1.0] | train det 0.0706 seg 0.2368 cnt 11.7497
[stage1] epoch 29/100 step 7 | loss 5.3794 | w [15.0, 8.0, 1.0] | train det 0.0224 seg 0.2912 cnt 2.7129
[stage1] epoch 29/100 step 8 | loss 7.8889 | w [15.0, 8.0, 1.0] | train det 0.1097 seg 0.1423 cnt 5.1049
[stage1] epoch 29/100 step 9 | loss 6.4553 | w [15.0, 8.0, 1.0] | train det 0.1573 seg 0.1194 cnt 3.1411
[stage1] epoch 29/100 step 10 | loss 6.8415 | w [15.0, 8.0, 1.0] | train det 0.1369 seg 0.2678 cnt 2.6457
[stage1] epoch 29/100 step 11 | loss 8.8946 | w [15.0, 8.0, 1.0] | train det 0.3998 seg 0.2196 cnt 1.1411
[stage1] epoch 29/100 step 12 | loss 12.5955 | w [15.0, 8.0, 1.0] | train det 0.3788 seg 0.1991 cnt 5.3204
[stage1] epoch 29/100 step 13 | loss 13.7132 | w [15.0, 8.0, 1.0] | train det 0.2516 seg 0.2204 cnt 8.1764
[stage1] epoch 29/100 step 14 | loss 10.2162 | w [15.0, 8.0, 1.0] | train det 0.1020 seg 0.1167 cnt 7.7521
[stage1] epoch 29/100 step 15 | loss 9.4345 | w [15.0, 8.0, 1.0] | train det 0.1920 seg 0.2610 cnt 4.4665
[stage1] epoch 29/100 step 16 | loss 8.4251 | w [15.0, 8.0, 1.0] | train det 0.1270 seg 0.3696 cnt 3.5638
[stage1] epoch 29/100 step 17 | loss 8.0085 | w [15.0, 8.0, 1.0] | train det 0.1699 seg 0.1932 cnt 3.9144
[stage1] epoch 29/100 step 18 | loss 11.5356 | w [15.0, 8.0, 1.0] | train det 0.0469 seg 0.3691 cnt 7.8800
[stage1] epoch 29/100 step 19 | loss 4.8577 | w [15.0, 8.0, 1.0] | train det 0.1020 seg 0.2277 cnt 1.5059
[stage1] epoch 29/100 step 20 | loss 5.1728 | w [15.0, 8.0, 1.0] | train det 0.0405 seg 0.2624 cnt 2.4657
[stage1] epoch 29/100 step 21 | loss 11.8882 | w [15.0, 8.0, 1.0] | train det 0.0653 seg 0.2332 cnt 9.0439
[stage1] epoch 29/100 step 22 | loss 17.9530 | w [15.0, 8.0, 1.0] | train det 0.1872 seg 0.2697 cnt 12.9867
[stage1] epoch 29/100 step 23 | loss 38.5706 | w [15.0, 8.0, 1.0] | train det 0.1210 seg 0.3061 cnt 34.3066
[stage1] epoch 29/100 step 24 | loss 10.8659 | w [15.0, 8.0, 1.0] | train det 0.1924 seg 0.1103 cnt 7.0973
[stage1] epoch 29/100 step 25 | loss 17.8850 | w [15.0, 8.0, 1.0] | train det 0.1739 seg 0.0954 cnt 14.5129
[stage1] epoch 29/100 step 26 | loss 6.8199 | w [15.0, 8.0, 1.0] | train det 0.1653 seg 0.1250 cnt 3.3401
[stage1] epoch 29/100 step 27 | loss 10.3531 | w [15.0, 8.0, 1.0] | train det 0.0416 seg 0.2186 cnt 7.9800
[stage1] epoch 29/100 step 28 | loss 7.7737 | w [15.0, 8.0, 1.0] | train det 0.0652 seg 0.4252 cnt 3.3934
[stage1] epoch 29/100 step 29 | loss 6.8962 | w [15.0, 8.0, 1.0] | train det 0.0389 seg 0.2273 cnt 4.4940
[stage1] epoch 29/100 step 30 | loss 14.8781 | w [15.0, 8.0, 1.0] | train det 0.1037 seg 0.2836 cnt 11.0541
[stage1] epoch 29/100 step 31 | loss 6.0816 | w [15.0, 8.0, 1.0] | train det 0.0211 seg 0.2190 cnt 4.0134
[stage1] epoch 29/100 step 32 | loss 8.1821 | w [15.0, 8.0, 1.0] | train det 0.0896 seg 0.2927 cnt 4.4971
[stage1] epoch 29/100 step 33 | loss 6.6388 | w [15.0, 8.0, 1.0] | train det 0.1844 seg 0.1924 cnt 2.3337
[stage1] epoch 29/100 step 34 | loss 6.3763 | w [15.0, 8.0, 1.0] | train det 0.0599 seg 0.3827 cnt 2.4156
[stage1] epoch 29/100 step 35 | loss 5.3035 | w [15.0, 8.0, 1.0] | train det 0.1663 seg 0.2256 cnt 1.0038
[stage1] epoch 29/100 step 36 | loss 6.5584 | w [15.0, 8.0, 1.0] | train det 0.0535 seg 0.2585 cnt 3.6870
[stage1] epoch 29/100 step 37 | loss 11.6576 | w [15.0, 8.0, 1.0] | train det 0.1546 seg 0.1924 cnt 7.7987
[stage1] epoch 29/100 step 38 | loss 17.2254 | w [15.0, 8.0, 1.0] | train det 0.4012 seg 0.3657 cnt 8.2820
[stage1] epoch 29/100 step 39 | loss 9.1809 | w [15.0, 8.0, 1.0] | train det 0.0962 seg 0.3220 cnt 5.1620
[stage1] epoch 29/100 step 40 | loss 6.7357 | w [15.0, 8.0, 1.0] | train det 0.1505 seg 0.1405 cnt 3.3549
[stage1] epoch 29/100 step 41 | loss 6.5296 | w [15.0, 8.0, 1.0] | train det 0.0792 seg 0.2046 cnt 3.7055
[stage1] epoch 29/100 step 42 | loss 10.7155 | w [15.0, 8.0, 1.0] | train det 0.0715 seg 0.1342 cnt 8.5699
[stage1] epoch 29/100 step 43 | loss 4.4488 | w [15.0, 8.0, 1.0] | train det 0.0170 seg 0.3319 cnt 1.5382
[stage1] epoch 29/100 | train 10.3410 | det 0.1371 seg 0.2448 cnt 6.3260
[stage1] epoch 30/100 step 1 | loss 30.2678 | w [15.0, 8.0, 1.0] | train det 0.7306 seg 0.2587 cnt 17.2385
[stage1] epoch 30/100 step 2 | loss 13.0910 | w [15.0, 8.0, 1.0] | train det 0.1538 seg 0.4612 cnt 7.0941
[stage1] epoch 30/100 step 3 | loss 6.8038 | w [15.0, 8.0, 1.0] | train det 0.0786 seg 0.1691 cnt 4.2719
[stage1] epoch 30/100 step 4 | loss 9.1258 | w [15.0, 8.0, 1.0] | train det 0.0809 seg 0.2053 cnt 6.2705
[stage1] epoch 30/100 step 5 | loss 13.5104 | w [15.0, 8.0, 1.0] | train det 0.0645 seg 0.3360 cnt 9.8543
[stage1] epoch 30/100 step 6 | loss 14.7343 | w [15.0, 8.0, 1.0] | train det 0.1000 seg 0.2228 cnt 11.4523
[stage1] epoch 30/100 step 7 | loss 11.5338 | w [15.0, 8.0, 1.0] | train det 0.1007 seg 0.2504 cnt 8.0198
[stage1] epoch 30/100 step 8 | loss 14.9495 | w [15.0, 8.0, 1.0] | train det 0.1161 seg 0.2115 cnt 11.5165
[stage1] epoch 30/100 step 9 | loss 9.6671 | w [15.0, 8.0, 1.0] | train det 0.0653 seg 0.1512 cnt 7.4777
[stage1] epoch 30/100 step 10 | loss 8.5618 | w [15.0, 8.0, 1.0] | train det 0.0541 seg 0.1506 cnt 6.5460
[stage1] epoch 30/100 step 11 | loss 9.1616 | w [15.0, 8.0, 1.0] | train det 0.0985 seg 0.3220 cnt 5.1080
[stage1] epoch 30/100 step 12 | loss 10.5911 | w [15.0, 8.0, 1.0] | train det 0.1402 seg 0.1468 cnt 7.3139
[stage1] epoch 30/100 step 13 | loss 9.3943 | w [15.0, 8.0, 1.0] | train det 0.0502 seg 0.3404 cnt 5.9183
[stage1] epoch 30/100 step 14 | loss 9.2136 | w [15.0, 8.0, 1.0] | train det 0.1430 seg 0.2849 cnt 4.7891
[stage1] epoch 30/100 step 15 | loss 8.3563 | w [15.0, 8.0, 1.0] | train det 0.0917 seg 0.1570 cnt 5.7247
[stage1] epoch 30/100 step 16 | loss 6.0526 | w [15.0, 8.0, 1.0] | train det 0.1030 seg 0.1445 cnt 3.3516
[stage1] epoch 30/100 step 17 | loss 5.4993 | w [15.0, 8.0, 1.0] | train det 0.0855 seg 0.1455 cnt 3.0529
[stage1] epoch 30/100 step 18 | loss 13.7261 | w [15.0, 8.0, 1.0] | train det 0.0796 seg 0.1161 cnt 11.6029
[stage1] epoch 30/100 step 19 | loss 31.9600 | w [15.0, 8.0, 1.0] | train det 0.3720 seg 0.1972 cnt 24.8026
[stage1] epoch 30/100 step 20 | loss 14.8453 | w [15.0, 8.0, 1.0] | train det 0.0848 seg 0.4728 cnt 9.7905
[stage1] epoch 30/100 step 21 | loss 17.2969 | w [15.0, 8.0, 1.0] | train det 0.0374 seg 0.0924 cnt 15.9961
[stage1] epoch 30/100 step 22 | loss 10.7556 | w [15.0, 8.0, 1.0] | train det 0.1219 seg 0.1480 cnt 7.7437
[stage1] epoch 30/100 step 23 | loss 10.5514 | w [15.0, 8.0, 1.0] | train det 0.0942 seg 0.3232 cnt 6.5530
[stage1] epoch 30/100 step 24 | loss 7.7728 | w [15.0, 8.0, 1.0] | train det 0.0774 seg 0.3405 cnt 3.8883
[stage1] epoch 30/100 step 25 | loss 20.0815 | w [15.0, 8.0, 1.0] | train det 0.0945 seg 0.2753 cnt 16.4613
[stage1] epoch 30/100 step 26 | loss 10.8410 | w [15.0, 8.0, 1.0] | train det 0.1481 seg 0.2616 cnt 6.5259
[stage1] epoch 30/100 step 27 | loss 6.3153 | w [15.0, 8.0, 1.0] | train det 0.0346 seg 0.1865 cnt 4.3042
[stage1] epoch 30/100 step 28 | loss 14.7382 | w [15.0, 8.0, 1.0] | train det 0.1374 seg 0.3118 cnt 10.1831
[stage1] epoch 30/100 step 29 | loss 15.9426 | w [15.0, 8.0, 1.0] | train det 0.0716 seg 0.1870 cnt 13.3733
[stage1] epoch 30/100 step 30 | loss 12.6023 | w [15.0, 8.0, 1.0] | train det 0.1155 seg 0.0972 cnt 10.0929
[stage1] epoch 30/100 step 31 | loss 8.7537 | w [15.0, 8.0, 1.0] | train det 0.0495 seg 0.1296 cnt 6.9735
[stage1] epoch 30/100 step 32 | loss 13.6556 | w [15.0, 8.0, 1.0] | train det 0.1107 seg 0.0374 cnt 11.6951
[stage1] epoch 30/100 step 33 | loss 8.9024 | w [15.0, 8.0, 1.0] | train det 0.0548 seg 0.2089 cnt 6.4095
[stage1] epoch 30/100 step 34 | loss 13.0681 | w [15.0, 8.0, 1.0] | train det 0.3459 seg 0.1960 cnt 6.3123
[stage1] epoch 30/100 step 35 | loss 9.0412 | w [15.0, 8.0, 1.0] | train det 0.1168 seg 0.1732 cnt 5.9034
[stage1] epoch 30/100 step 36 | loss 7.3142 | w [15.0, 8.0, 1.0] | train det 0.0307 seg 0.1807 cnt 5.4083
[stage1] epoch 30/100 step 37 | loss 16.9138 | w [15.0, 8.0, 1.0] | train det 0.6359 seg 0.2839 cnt 5.1048
[stage1] epoch 30/100 step 38 | loss 10.2144 | w [15.0, 8.0, 1.0] | train det 0.2199 seg 0.2717 cnt 4.7430
[stage1] epoch 30/100 step 39 | loss 8.2321 | w [15.0, 8.0, 1.0] | train det 0.0679 seg 0.1949 cnt 5.6549
[stage1] epoch 30/100 step 40 | loss 5.4001 | w [15.0, 8.0, 1.0] | train det 0.0837 seg 0.1171 cnt 3.2078
[stage1] epoch 30/100 step 41 | loss 4.4769 | w [15.0, 8.0, 1.0] | train det 0.0323 seg 0.1577 cnt 2.7303
[stage1] epoch 30/100 step 42 | loss 15.3967 | w [15.0, 8.0, 1.0] | train det 0.1636 seg 0.1559 cnt 11.6958
[stage1] epoch 30/100 step 43 | loss 30.0755 | w [15.0, 8.0, 1.0] | train det 0.1105 seg 0.4158 cnt 25.0909
[stage1] epoch 30/100 | train 12.3113 | det 0.1337 seg 0.2207 cnt 8.5406
[stage1] epoch 31/100 step 1 | loss 10.5915 | w [15.0, 8.0, 1.0] | train det 0.1975 seg 0.2193 cnt 5.8744
[stage1] epoch 31/100 step 2 | loss 6.6904 | w [15.0, 8.0, 1.0] | train det 0.0562 seg 0.2075 cnt 4.1869
[stage1] epoch 31/100 step 3 | loss 8.7134 | w [15.0, 8.0, 1.0] | train det 0.2228 seg 0.3118 cnt 2.8772
[stage1] epoch 31/100 step 4 | loss 7.9981 | w [15.0, 8.0, 1.0] | train det 0.1478 seg 0.2989 cnt 3.3904
[stage1] epoch 31/100 step 5 | loss 11.8681 | w [15.0, 8.0, 1.0] | train det 0.2737 seg 0.2074 cnt 6.1036
[stage1] epoch 31/100 step 6 | loss 4.5819 | w [15.0, 8.0, 1.0] | train det 0.0733 seg 0.1223 cnt 2.5040
[stage1] epoch 31/100 step 7 | loss 5.7246 | w [15.0, 8.0, 1.0] | train det 0.0713 seg 0.3518 cnt 1.8403
[stage1] epoch 31/100 step 8 | loss 12.4240 | w [15.0, 8.0, 1.0] | train det 0.1063 seg 0.1793 cnt 9.3948
[stage1] epoch 31/100 step 9 | loss 15.6875 | w [15.0, 8.0, 1.0] | train det 0.1031 seg 0.3058 cnt 11.6938
[stage1] epoch 31/100 step 10 | loss 9.9363 | w [15.0, 8.0, 1.0] | train det 0.1158 seg 0.1577 cnt 6.9380
[stage1] epoch 31/100 step 11 | loss 7.2254 | w [15.0, 8.0, 1.0] | train det 0.0482 seg 0.3585 cnt 3.6347
[stage1] epoch 31/100 step 12 | loss 14.6078 | w [15.0, 8.0, 1.0] | train det 0.0593 seg 0.3728 cnt 10.7358
[stage1] epoch 31/100 step 13 | loss 8.3715 | w [15.0, 8.0, 1.0] | train det 0.0992 seg 0.2197 cnt 5.1260
[stage1] epoch 31/100 step 14 | loss 10.7992 | w [15.0, 8.0, 1.0] | train det 0.1866 seg 0.4162 cnt 4.6702
[stage1] epoch 31/100 step 15 | loss 9.0852 | w [15.0, 8.0, 1.0] | train det 0.0803 seg 0.2093 cnt 6.2069
[stage1] epoch 31/100 step 16 | loss 14.4581 | w [15.0, 8.0, 1.0] | train det 0.3842 seg 0.2457 cnt 6.7294
[stage1] epoch 31/100 step 17 | loss 8.6201 | w [15.0, 8.0, 1.0] | train det 0.0891 seg 0.1959 cnt 5.7168
[stage1] epoch 31/100 step 18 | loss 8.4562 | w [15.0, 8.0, 1.0] | train det 0.1173 seg 0.3274 cnt 4.0769
[stage1] epoch 31/100 step 19 | loss 19.2013 | w [15.0, 8.0, 1.0] | train det 0.6310 seg 0.2479 cnt 7.7535
[stage1] epoch 31/100 step 20 | loss 11.4300 | w [15.0, 8.0, 1.0] | train det 0.0471 seg 0.2342 cnt 8.8496
[stage1] epoch 31/100 step 21 | loss 9.5688 | w [15.0, 8.0, 1.0] | train det 0.3688 seg 0.1573 cnt 2.7778
[stage1] epoch 31/100 step 22 | loss 6.6884 | w [15.0, 8.0, 1.0] | train det 0.1337 seg 0.1192 cnt 3.7292
[stage1] epoch 31/100 step 23 | loss 4.5768 | w [15.0, 8.0, 1.0] | train det 0.0317 seg 0.2444 cnt 2.1465
[stage1] epoch 31/100 step 24 | loss 7.7050 | w [15.0, 8.0, 1.0] | train det 0.0579 seg 0.2656 cnt 4.7120
[stage1] epoch 31/100 step 25 | loss 11.2053 | w [15.0, 8.0, 1.0] | train det 0.2472 seg 0.1146 cnt 6.5806
[stage1] epoch 31/100 step 26 | loss 8.8390 | w [15.0, 8.0, 1.0] | train det 0.0655 seg 0.2405 cnt 5.9332
[stage1] epoch 31/100 step 27 | loss 8.9905 | w [15.0, 8.0, 1.0] | train det 0.1632 seg 0.4600 cnt 2.8628
[stage1] epoch 31/100 step 28 | loss 7.4551 | w [15.0, 8.0, 1.0] | train det 0.1038 seg 0.3091 cnt 3.4247
[stage1] epoch 31/100 step 29 | loss 7.7748 | w [15.0, 8.0, 1.0] | train det 0.0711 seg 0.2222 cnt 4.9309
[stage1] epoch 31/100 step 30 | loss 4.2657 | w [15.0, 8.0, 1.0] | train det 0.0285 seg 0.1590 cnt 2.5658
[stage1] epoch 31/100 step 31 | loss 5.2365 | w [15.0, 8.0, 1.0] | train det 0.1236 seg 0.1758 cnt 1.9763
[stage1] epoch 31/100 step 32 | loss 13.4932 | w [15.0, 8.0, 1.0] | train det 0.0951 seg 0.3284 cnt 9.4396
[stage1] epoch 31/100 step 33 | loss 12.8691 | w [15.0, 8.0, 1.0] | train det 0.0509 seg 0.1903 cnt 10.5832
[stage1] epoch 31/100 step 34 | loss 16.2970 | w [15.0, 8.0, 1.0] | train det 0.2190 seg 0.1466 cnt 11.8385
[stage1] epoch 31/100 step 35 | loss 6.8719 | w [15.0, 8.0, 1.0] | train det 0.1399 seg 0.1188 cnt 3.8230
[stage1] epoch 31/100 step 36 | loss 12.1464 | w [15.0, 8.0, 1.0] | train det 0.0473 seg 0.1767 cnt 10.0230
[stage1] epoch 31/100 step 37 | loss 8.1471 | w [15.0, 8.0, 1.0] | train det 0.2126 seg 0.0510 cnt 4.5501
[stage1] epoch 31/100 step 38 | loss 7.5750 | w [15.0, 8.0, 1.0] | train det 0.0507 seg 0.3787 cnt 3.7843
[stage1] epoch 31/100 step 39 | loss 12.9866 | w [15.0, 8.0, 1.0] | train det 0.2591 seg 0.3846 cnt 6.0238
[stage1] epoch 31/100 step 40 | loss 10.2727 | w [15.0, 8.0, 1.0] | train det 0.1303 seg 0.1293 cnt 7.2830
[stage1] epoch 31/100 step 41 | loss 9.3062 | w [15.0, 8.0, 1.0] | train det 0.2352 seg 0.1860 cnt 4.2902
[stage1] epoch 31/100 step 42 | loss 6.6689 | w [15.0, 8.0, 1.0] | train det 0.0796 seg 0.2238 cnt 3.6845
[stage1] epoch 31/100 step 43 | loss 10.0274 | w [15.0, 8.0, 1.0] | train det 0.0901 seg 0.2011 cnt 7.0665
[stage1] epoch 31/100 | train 9.6613 | det 0.1422 seg 0.2366 cnt 5.6356
[stage1] epoch 32/100 step 1 | loss 15.0998 | w [15.0, 8.0, 1.0] | train det 0.0619 seg 0.3706 cnt 11.2064
[stage1] epoch 32/100 step 2 | loss 10.8133 | w [15.0, 8.0, 1.0] | train det 0.0746 seg 0.2760 cnt 7.4859
[stage1] epoch 32/100 step 3 | loss 14.4868 | w [15.0, 8.0, 1.0] | train det 0.0514 seg 0.2091 cnt 12.0420
[stage1] epoch 32/100 step 4 | loss 9.0024 | w [15.0, 8.0, 1.0] | train det 0.0414 seg 0.1998 cnt 6.7834
[stage1] epoch 32/100 step 5 | loss 8.5186 | w [15.0, 8.0, 1.0] | train det 0.1121 seg 0.3258 cnt 4.2309
[stage1] epoch 32/100 step 6 | loss 7.3688 | w [15.0, 8.0, 1.0] | train det 0.0707 seg 0.3086 cnt 3.8390
[stage1] epoch 32/100 step 7 | loss 12.8175 | w [15.0, 8.0, 1.0] | train det 0.3752 seg 0.2655 cnt 5.0654
[stage1] epoch 32/100 step 8 | loss 10.7034 | w [15.0, 8.0, 1.0] | train det 0.3096 seg 0.2747 cnt 3.8626
[stage1] epoch 32/100 step 9 | loss 17.0695 | w [15.0, 8.0, 1.0] | train det 0.0803 seg 0.3345 cnt 13.1890
[stage1] epoch 32/100 step 10 | loss 10.8180 | w [15.0, 8.0, 1.0] | train det 0.3017 seg 0.2469 cnt 4.3168
[stage1] epoch 32/100 step 11 | loss 11.4284 | w [15.0, 8.0, 1.0] | train det 0.0403 seg 0.4629 cnt 7.1214
[stage1] epoch 32/100 step 12 | loss 15.2105 | w [15.0, 8.0, 1.0] | train det 0.1707 seg 0.2013 cnt 11.0388
[stage1] epoch 32/100 step 13 | loss 6.9201 | w [15.0, 8.0, 1.0] | train det 0.0914 seg 0.2517 cnt 3.5357
[stage1] epoch 32/100 step 14 | loss 6.4081 | w [15.0, 8.0, 1.0] | train det 0.0617 seg 0.1862 cnt 3.9930
[stage1] epoch 32/100 step 15 | loss 11.7473 | w [15.0, 8.0, 1.0] | train det 0.0984 seg 0.1083 cnt 9.4055
[stage1] epoch 32/100 step 16 | loss 6.7436 | w [15.0, 8.0, 1.0] | train det 0.0355 seg 0.3009 cnt 3.8038
[stage1] epoch 32/100 step 17 | loss 15.3228 | w [15.0, 8.0, 1.0] | train det 0.2960 seg 0.2984 cnt 8.4953
[stage1] epoch 32/100 step 18 | loss 86.4698 | w [15.0, 8.0, 1.0] | train det 0.0410 seg 0.2017 cnt 84.2418
[stage1] epoch 32/100 step 19 | loss 10.2124 | w [15.0, 8.0, 1.0] | train det 0.1666 seg 0.2407 cnt 5.7885
[stage1] epoch 32/100 step 20 | loss 13.6866 | w [15.0, 8.0, 1.0] | train det 0.0674 seg 0.0803 cnt 12.0333
[stage1] epoch 32/100 step 21 | loss 5.8695 | w [15.0, 8.0, 1.0] | train det 0.0389 seg 0.0920 cnt 4.5498
[stage1] epoch 32/100 step 22 | loss 7.8480 | w [15.0, 8.0, 1.0] | train det 0.1763 seg 0.3110 cnt 2.7157
[stage1] epoch 32/100 step 23 | loss 16.2924 | w [15.0, 8.0, 1.0] | train det 0.0624 seg 0.1967 cnt 13.7827
[stage1] epoch 32/100 step 24 | loss 6.6226 | w [15.0, 8.0, 1.0] | train det 0.1185 seg 0.1549 cnt 3.6066
[stage1] epoch 32/100 step 25 | loss 14.8807 | w [15.0, 8.0, 1.0] | train det 0.0892 seg 0.1665 cnt 12.2113
[stage1] epoch 32/100 step 26 | loss 9.5374 | w [15.0, 8.0, 1.0] | train det 0.0687 seg 0.1153 cnt 7.5838
[stage1] epoch 32/100 step 27 | loss 14.3170 | w [15.0, 8.0, 1.0] | train det 0.1478 seg 0.1550 cnt 10.8602
[stage1] epoch 32/100 step 28 | loss 10.3858 | w [15.0, 8.0, 1.0] | train det 0.1281 seg 0.2290 cnt 6.6321
[stage1] epoch 32/100 step 29 | loss 6.9978 | w [15.0, 8.0, 1.0] | train det 0.0745 seg 0.2056 cnt 4.2354
[stage1] epoch 32/100 step 30 | loss 6.2823 | w [15.0, 8.0, 1.0] | train det 0.0412 seg 0.2184 cnt 3.9166
[stage1] epoch 32/100 step 31 | loss 10.5807 | w [15.0, 8.0, 1.0] | train det 0.0846 seg 0.4558 cnt 5.6658
[stage1] epoch 32/100 step 32 | loss 8.4235 | w [15.0, 8.0, 1.0] | train det 0.1558 seg 0.2462 cnt 4.1161
[stage1] epoch 32/100 step 33 | loss 14.9292 | w [15.0, 8.0, 1.0] | train det 0.0700 seg 0.1056 cnt 13.0350
[stage1] epoch 32/100 step 34 | loss 8.7896 | w [15.0, 8.0, 1.0] | train det 0.0923 seg 0.3964 cnt 4.2335
[stage1] epoch 32/100 step 35 | loss 8.8319 | w [15.0, 8.0, 1.0] | train det 0.0831 seg 0.1377 cnt 6.4840
[stage1] epoch 32/100 step 36 | loss 17.4289 | w [15.0, 8.0, 1.0] | train det 0.1358 seg 0.3297 cnt 12.7548
[stage1] epoch 32/100 step 37 | loss 7.1094 | w [15.0, 8.0, 1.0] | train det 0.0597 seg 0.2664 cnt 4.0834
[stage1] epoch 32/100 step 38 | loss 5.4203 | w [15.0, 8.0, 1.0] | train det 0.0732 seg 0.1559 cnt 3.0756
[stage1] epoch 32/100 step 39 | loss 10.4906 | w [15.0, 8.0, 1.0] | train det 0.0623 seg 0.1932 cnt 8.0100
[stage1] epoch 32/100 step 40 | loss 7.0591 | w [15.0, 8.0, 1.0] | train det 0.0299 seg 0.2922 cnt 4.2738
[stage1] epoch 32/100 step 41 | loss 12.6349 | w [15.0, 8.0, 1.0] | train det 0.1493 seg 0.1955 cnt 8.8309
[stage1] epoch 32/100 step 42 | loss 86.6537 | w [15.0, 8.0, 1.0] | train det 0.0787 seg 0.1750 cnt 84.0738
[stage1] epoch 32/100 step 43 | loss 12.6638 | w [15.0, 8.0, 1.0] | train det 0.3523 seg 0.1409 cnt 6.2515
[stage1] epoch 32/100 | train 14.2069 | det 0.1144 seg 0.2344 cnt 10.6154
[stage1] epoch 33/100 step 1 | loss 7.6686 | w [15.0, 8.0, 1.0] | train det 0.0810 seg 0.2729 cnt 4.2696
[stage1] epoch 33/100 step 2 | loss 11.1760 | w [15.0, 8.0, 1.0] | train det 0.1983 seg 0.1306 cnt 7.1570
[stage1] epoch 33/100 step 3 | loss 10.3347 | w [15.0, 8.0, 1.0] | train det 0.0456 seg 0.2319 cnt 7.7958
[stage1] epoch 33/100 step 4 | loss 7.0498 | w [15.0, 8.0, 1.0] | train det 0.0391 seg 0.1772 cnt 5.0461
[stage1] epoch 33/100 step 5 | loss 9.7645 | w [15.0, 8.0, 1.0] | train det 0.0984 seg 0.4696 cnt 4.5320
[stage1] epoch 33/100 step 6 | loss 11.7741 | w [15.0, 8.0, 1.0] | train det 0.0430 seg 0.1927 cnt 9.5872
[stage1] epoch 33/100 step 7 | loss 8.4003 | w [15.0, 8.0, 1.0] | train det 0.2179 seg 0.3141 cnt 2.6185
[stage1] epoch 33/100 step 8 | loss 12.7481 | w [15.0, 8.0, 1.0] | train det 0.1055 seg 0.2878 cnt 8.8639
[stage1] epoch 33/100 step 9 | loss 24.1099 | w [15.0, 8.0, 1.0] | train det 0.4022 seg 0.1780 cnt 16.6526
[stage1] epoch 33/100 step 10 | loss 10.3780 | w [15.0, 8.0, 1.0] | train det 0.0359 seg 0.2457 cnt 7.8741
[stage1] epoch 33/100 step 11 | loss 4.7395 | w [15.0, 8.0, 1.0] | train det 0.0699 seg 0.0816 cnt 3.0383
[stage1] epoch 33/100 step 12 | loss 16.0618 | w [15.0, 8.0, 1.0] | train det 0.4543 seg 0.2613 cnt 7.1568
[stage1] epoch 33/100 step 13 | loss 9.0552 | w [15.0, 8.0, 1.0] | train det 0.0663 seg 0.2205 cnt 6.2967
[stage1] epoch 33/100 step 14 | loss 32.0727 | w [15.0, 8.0, 1.0] | train det 0.1285 seg 0.1667 cnt 28.8111
[stage1] epoch 33/100 step 15 | loss 14.2846 | w [15.0, 8.0, 1.0] | train det 0.0584 seg 0.1773 cnt 11.9904
[stage1] epoch 33/100 step 16 | loss 37.7060 | w [15.0, 8.0, 1.0] | train det 0.3165 seg 0.1436 cnt 31.8103
[stage1] epoch 33/100 step 17 | loss 8.1044 | w [15.0, 8.0, 1.0] | train det 0.1132 seg 0.2317 cnt 4.5535
[stage1] epoch 33/100 step 18 | loss 9.7555 | w [15.0, 8.0, 1.0] | train det 0.1214 seg 0.1293 cnt 6.9010
[stage1] epoch 33/100 step 19 | loss 8.2834 | w [15.0, 8.0, 1.0] | train det 0.0621 seg 0.1649 cnt 6.0324
[stage1] epoch 33/100 step 20 | loss 8.2489 | w [15.0, 8.0, 1.0] | train det 0.0959 seg 0.1921 cnt 5.2729
[stage1] epoch 33/100 step 21 | loss 8.8174 | w [15.0, 8.0, 1.0] | train det 0.1672 seg 0.2499 cnt 4.3099
[stage1] epoch 33/100 step 22 | loss 12.4096 | w [15.0, 8.0, 1.0] | train det 0.2316 seg 0.1589 cnt 7.6642
[stage1] epoch 33/100 step 23 | loss 13.7032 | w [15.0, 8.0, 1.0] | train det 0.1904 seg 0.2188 cnt 9.0970
[stage1] epoch 33/100 step 24 | loss 12.8201 | w [15.0, 8.0, 1.0] | train det 0.0529 seg 0.3943 cnt 8.8715
[stage1] epoch 33/100 step 25 | loss 7.2890 | w [15.0, 8.0, 1.0] | train det 0.0893 seg 0.1895 cnt 4.4334
[stage1] epoch 33/100 step 26 | loss 13.4458 | w [15.0, 8.0, 1.0] | train det 0.2142 seg 0.1685 cnt 8.8846
[stage1] epoch 33/100 step 27 | loss 11.6707 | w [15.0, 8.0, 1.0] | train det 0.1203 seg 0.1804 cnt 8.4232
[stage1] epoch 33/100 step 28 | loss 11.7907 | w [15.0, 8.0, 1.0] | train det 0.3223 seg 0.1828 cnt 5.4933
[stage1] epoch 33/100 step 29 | loss 8.0851 | w [15.0, 8.0, 1.0] | train det 0.1219 seg 0.2285 cnt 4.4287
[stage1] epoch 33/100 step 30 | loss 15.8592 | w [15.0, 8.0, 1.0] | train det 0.1031 seg 0.1930 cnt 12.7684
[stage1] epoch 33/100 step 31 | loss 7.8472 | w [15.0, 8.0, 1.0] | train det 0.3101 seg 0.1445 cnt 2.0406
[stage1] epoch 33/100 step 32 | loss 13.9414 | w [15.0, 8.0, 1.0] | train det 0.1411 seg 0.2354 cnt 9.9419
[stage1] epoch 33/100 step 33 | loss 17.7269 | w [15.0, 8.0, 1.0] | train det 0.0675 seg 0.1727 cnt 15.3329
[stage1] epoch 33/100 step 34 | loss 6.4108 | w [15.0, 8.0, 1.0] | train det 0.0938 seg 0.1142 cnt 4.0906
[stage1] epoch 33/100 step 35 | loss 6.1037 | w [15.0, 8.0, 1.0] | train det 0.0835 seg 0.2288 cnt 3.0210
[stage1] epoch 33/100 step 36 | loss 11.9997 | w [15.0, 8.0, 1.0] | train det 0.1372 seg 0.2812 cnt 7.6922
[stage1] epoch 33/100 step 37 | loss 8.9213 | w [15.0, 8.0, 1.0] | train det 0.0975 seg 0.2609 cnt 5.3719
[stage1] epoch 33/100 step 38 | loss 36.8493 | w [15.0, 8.0, 1.0] | train det 0.2056 seg 0.2523 cnt 31.7469
[stage1] epoch 33/100 step 39 | loss 12.1361 | w [15.0, 8.0, 1.0] | train det 0.0564 seg 0.1743 cnt 9.8960
[stage1] epoch 33/100 step 40 | loss 31.6166 | w [15.0, 8.0, 1.0] | train det 0.0258 seg 0.2468 cnt 29.2544
[stage1] epoch 33/100 step 41 | loss 6.6354 | w [15.0, 8.0, 1.0] | train det 0.0736 seg 0.2045 cnt 3.8959
[stage1] epoch 33/100 step 42 | loss 8.5974 | w [15.0, 8.0, 1.0] | train det 0.0509 seg 0.1032 cnt 7.0082
[stage1] epoch 33/100 step 43 | loss 12.2708 | w [15.0, 8.0, 1.0] | train det 0.2122 seg 0.3095 cnt 6.6121
[stage1] epoch 33/100 | train 12.9922 | det 0.1377 seg 0.2131 cnt 9.2218
[stage1] epoch 34/100 step 1 | loss 12.6702 | w [15.0, 8.0, 1.0] | train det 0.0589 seg 0.1550 cnt 10.5471
[stage1] epoch 34/100 step 2 | loss 12.8679 | w [15.0, 8.0, 1.0] | train det 0.1888 seg 0.2407 cnt 8.1105
[stage1] epoch 34/100 step 3 | loss 7.1572 | w [15.0, 8.0, 1.0] | train det 0.0546 seg 0.2809 cnt 4.0898
[stage1] epoch 34/100 step 4 | loss 7.0536 | w [15.0, 8.0, 1.0] | train det 0.0561 seg 0.1757 cnt 4.8072
[stage1] epoch 34/100 step 5 | loss 11.2607 | w [15.0, 8.0, 1.0] | train det 0.1042 seg 0.3879 cnt 6.5952
[stage1] epoch 34/100 step 6 | loss 6.0672 | w [15.0, 8.0, 1.0] | train det 0.0536 seg 0.1609 cnt 3.9756
[stage1] epoch 34/100 step 7 | loss 7.3205 | w [15.0, 8.0, 1.0] | train det 0.1980 seg 0.2877 cnt 2.0485
[stage1] epoch 34/100 step 8 | loss 17.0688 | w [15.0, 8.0, 1.0] | train det 0.0581 seg 0.2148 cnt 14.4792
[stage1] epoch 34/100 step 9 | loss 7.3042 | w [15.0, 8.0, 1.0] | train det 0.1350 seg 0.1316 cnt 4.2268
[stage1] epoch 34/100 step 10 | loss 6.9183 | w [15.0, 8.0, 1.0] | train det 0.1171 seg 0.1522 cnt 3.9447
[stage1] epoch 34/100 step 11 | loss 18.2199 | w [15.0, 8.0, 1.0] | train det 0.0680 seg 0.2758 cnt 14.9931
[stage1] epoch 34/100 step 12 | loss 6.7267 | w [15.0, 8.0, 1.0] | train det 0.0962 seg 0.0762 cnt 4.6738
[stage1] epoch 34/100 step 13 | loss 11.3550 | w [15.0, 8.0, 1.0] | train det 0.1201 seg 0.2042 cnt 7.9202
[stage1] epoch 34/100 step 14 | loss 10.8895 | w [15.0, 8.0, 1.0] | train det 0.0543 seg 0.2136 cnt 8.3662
[stage1] epoch 34/100 step 15 | loss 15.4071 | w [15.0, 8.0, 1.0] | train det 0.1086 seg 0.2574 cnt 11.7189
[stage1] epoch 34/100 step 16 | loss 9.4494 | w [15.0, 8.0, 1.0] | train det 0.0570 seg 0.1213 cnt 7.6230
[stage1] epoch 34/100 step 17 | loss 9.1790 | w [15.0, 8.0, 1.0] | train det 0.0623 seg 0.5143 cnt 4.1297
[stage1] epoch 34/100 step 18 | loss 10.8885 | w [15.0, 8.0, 1.0] | train det 0.1118 seg 0.1816 cnt 7.7585
[stage1] epoch 34/100 step 19 | loss 11.2267 | w [15.0, 8.0, 1.0] | train det 0.2034 seg 0.2926 cnt 5.8344
[stage1] epoch 34/100 step 20 | loss 13.3768 | w [15.0, 8.0, 1.0] | train det 0.0919 seg 0.0887 cnt 11.2883
[stage1] epoch 34/100 step 21 | loss 14.3972 | w [15.0, 8.0, 1.0] | train det 0.1255 seg 0.3467 cnt 9.7414
[stage1] epoch 34/100 step 22 | loss 7.4437 | w [15.0, 8.0, 1.0] | train det 0.0752 seg 0.3141 cnt 3.8039
[stage1] epoch 34/100 step 23 | loss 17.2019 | w [15.0, 8.0, 1.0] | train det 0.1298 seg 0.3068 cnt 12.8008
[stage1] epoch 34/100 step 24 | loss 9.1930 | w [15.0, 8.0, 1.0] | train det 0.2990 seg 0.1899 cnt 3.1887
[stage1] epoch 34/100 step 25 | loss 14.6239 | w [15.0, 8.0, 1.0] | train det 0.1301 seg 0.2312 cnt 10.8230
[stage1] epoch 34/100 step 26 | loss 10.8262 | w [15.0, 8.0, 1.0] | train det 0.0582 seg 0.2679 cnt 7.8104
[stage1] epoch 34/100 step 27 | loss 7.3796 | w [15.0, 8.0, 1.0] | train det 0.0752 seg 0.1760 cnt 4.8438
[stage1] epoch 34/100 step 28 | loss 17.8638 | w [15.0, 8.0, 1.0] | train det 0.6540 seg 0.3213 cnt 5.4831
[stage1] epoch 34/100 step 29 | loss 10.0618 | w [15.0, 8.0, 1.0] | train det 0.0856 seg 0.1469 cnt 7.6028
[stage1] epoch 34/100 step 30 | loss 8.2232 | w [15.0, 8.0, 1.0] | train det 0.1069 seg 0.2860 cnt 4.3315
[stage1] epoch 34/100 step 31 | loss 4.5530 | w [15.0, 8.0, 1.0] | train det 0.0929 seg 0.2159 cnt 1.4320
[stage1] epoch 34/100 step 32 | loss 18.9576 | w [15.0, 8.0, 1.0] | train det 0.1027 seg 0.1473 cnt 16.2385
[stage1] epoch 34/100 step 33 | loss 8.0476 | w [15.0, 8.0, 1.0] | train det 0.1002 seg 0.1109 cnt 5.6568
[stage1] epoch 34/100 step 34 | loss 7.3890 | w [15.0, 8.0, 1.0] | train det 0.0495 seg 0.0728 cnt 6.0634
[stage1] epoch 34/100 step 35 | loss 18.0273 | w [15.0, 8.0, 1.0] | train det 0.1809 seg 0.2848 cnt 13.0357
[stage1] epoch 34/100 step 36 | loss 8.5570 | w [15.0, 8.0, 1.0] | train det 0.1068 seg 0.3447 cnt 4.1976
[stage1] epoch 34/100 step 37 | loss 9.7181 | w [15.0, 8.0, 1.0] | train det 0.0478 seg 0.2792 cnt 6.7685
[stage1] epoch 34/100 step 38 | loss 12.7117 | w [15.0, 8.0, 1.0] | train det 0.1600 seg 0.4482 cnt 6.7254
[stage1] epoch 34/100 step 39 | loss 11.9728 | w [15.0, 8.0, 1.0] | train det 0.0525 seg 0.1872 cnt 9.6875
[stage1] epoch 34/100 step 40 | loss 11.8044 | w [15.0, 8.0, 1.0] | train det 0.0486 seg 0.2981 cnt 8.6916
[stage1] epoch 34/100 step 41 | loss 10.0136 | w [15.0, 8.0, 1.0] | train det 0.0955 seg 0.2405 cnt 6.6561
[stage1] epoch 34/100 step 42 | loss 9.8224 | w [15.0, 8.0, 1.0] | train det 0.0629 seg 0.1373 cnt 7.7809
[stage1] epoch 34/100 step 43 | loss 11.7213 | w [15.0, 8.0, 1.0] | train det 0.1617 seg 0.4397 cnt 5.7787
[stage1] epoch 34/100 | train 10.9981 | det 0.1163 seg 0.2374 cnt 7.3552
[stage1] epoch 35/100 step 1 | loss 9.4721 | w [15.0, 8.0, 1.0] | train det 0.1055 seg 0.1437 cnt 6.7392
[stage1] epoch 35/100 step 2 | loss 8.1842 | w [15.0, 8.0, 1.0] | train det 0.2120 seg 0.2088 cnt 3.3348
[stage1] epoch 35/100 step 3 | loss 11.5730 | w [15.0, 8.0, 1.0] | train det 0.0394 seg 0.3477 cnt 8.1997
[stage1] epoch 35/100 step 4 | loss 10.7201 | w [15.0, 8.0, 1.0] | train det 0.1388 seg 0.1080 cnt 7.7737
[stage1] epoch 35/100 step 5 | loss 21.1989 | w [15.0, 8.0, 1.0] | train det 0.0900 seg 0.1791 cnt 18.4165
[stage1] epoch 35/100 step 6 | loss 11.7544 | w [15.0, 8.0, 1.0] | train det 0.1773 seg 0.1647 cnt 7.7775
[stage1] epoch 35/100 step 7 | loss 5.6355 | w [15.0, 8.0, 1.0] | train det 0.0665 seg 0.2274 cnt 2.8191
[stage1] epoch 35/100 step 8 | loss 18.4527 | w [15.0, 8.0, 1.0] | train det 0.0625 seg 0.1888 cnt 16.0049
[stage1] epoch 35/100 step 9 | loss 10.2899 | w [15.0, 8.0, 1.0] | train det 0.1069 seg 0.2143 cnt 6.9722
[stage1] epoch 35/100 step 10 | loss 7.3945 | w [15.0, 8.0, 1.0] | train det 0.1441 seg 0.1859 cnt 3.7455
[stage1] epoch 35/100 step 11 | loss 8.9414 | w [15.0, 8.0, 1.0] | train det 0.2568 seg 0.2661 cnt 2.9610
[stage1] epoch 35/100 step 12 | loss 20.6696 | w [15.0, 8.0, 1.0] | train det 0.1018 seg 0.3126 cnt 16.6425
[stage1] epoch 35/100 step 13 | loss 5.6444 | w [15.0, 8.0, 1.0] | train det 0.0758 seg 0.1125 cnt 3.6073
[stage1] epoch 35/100 step 14 | loss 12.9857 | w [15.0, 8.0, 1.0] | train det 0.3451 seg 0.2340 cnt 5.9378
[stage1] epoch 35/100 step 15 | loss 12.2427 | w [15.0, 8.0, 1.0] | train det 0.2342 seg 0.3787 cnt 5.7003
[stage1] epoch 35/100 step 16 | loss 40.2786 | w [15.0, 8.0, 1.0] | train det 0.0641 seg 0.2400 cnt 37.3975
[stage1] epoch 35/100 step 17 | loss 9.2637 | w [15.0, 8.0, 1.0] | train det 0.0801 seg 0.2797 cnt 5.8242
[stage1] epoch 35/100 step 18 | loss 12.4780 | w [15.0, 8.0, 1.0] | train det 0.0597 seg 0.2525 cnt 9.5629
[stage1] epoch 35/100 step 19 | loss 5.5927 | w [15.0, 8.0, 1.0] | train det 0.0493 seg 0.2903 cnt 2.5310
[stage1] epoch 35/100 step 20 | loss 11.9020 | w [15.0, 8.0, 1.0] | train det 0.1272 seg 0.1906 cnt 8.4688
[stage1] epoch 35/100 step 21 | loss 11.4094 | w [15.0, 8.0, 1.0] | train det 0.1807 seg 0.2085 cnt 7.0308
[stage1] epoch 35/100 step 22 | loss 6.3844 | w [15.0, 8.0, 1.0] | train det 0.0718 seg 0.2566 cnt 3.2543
[stage1] epoch 35/100 step 23 | loss 8.1401 | w [15.0, 8.0, 1.0] | train det 0.0385 seg 0.1844 cnt 6.0876
[stage1] epoch 35/100 step 24 | loss 6.1575 | w [15.0, 8.0, 1.0] | train det 0.0959 seg 0.2061 cnt 3.0698
[stage1] epoch 35/100 step 25 | loss 16.6699 | w [15.0, 8.0, 1.0] | train det 0.1140 seg 0.1598 cnt 13.6818
[stage1] epoch 35/100 step 26 | loss 10.9232 | w [15.0, 8.0, 1.0] | train det 0.4325 seg 0.2297 cnt 2.5982
[stage1] epoch 35/100 step 27 | loss 6.1582 | w [15.0, 8.0, 1.0] | train det 0.0478 seg 0.2010 cnt 3.8327
[stage1] epoch 35/100 step 28 | loss 12.4990 | w [15.0, 8.0, 1.0] | train det 0.1414 seg 0.2899 cnt 8.0580
[stage1] epoch 35/100 step 29 | loss 18.2378 | w [15.0, 8.0, 1.0] | train det 0.1884 seg 0.2370 cnt 13.5156
[stage1] epoch 35/100 step 30 | loss 12.8344 | w [15.0, 8.0, 1.0] | train det 0.3702 seg 0.1501 cnt 6.0805
[stage1] epoch 35/100 step 31 | loss 6.2740 | w [15.0, 8.0, 1.0] | train det 0.0792 seg 0.3426 cnt 2.3451
[stage1] epoch 35/100 step 32 | loss 15.6119 | w [15.0, 8.0, 1.0] | train det 0.1069 seg 0.1949 cnt 12.4492
[stage1] epoch 35/100 step 33 | loss 7.3165 | w [15.0, 8.0, 1.0] | train det 0.0607 seg 0.1682 cnt 5.0600
[stage1] epoch 35/100 step 34 | loss 5.8705 | w [15.0, 8.0, 1.0] | train det 0.0764 seg 0.0713 cnt 4.1548
[stage1] epoch 35/100 step 35 | loss 6.4878 | w [15.0, 8.0, 1.0] | train det 0.1304 seg 0.2186 cnt 2.7830
[stage1] epoch 35/100 step 36 | loss 21.7030 | w [15.0, 8.0, 1.0] | train det 0.3605 seg 0.2378 cnt 14.3929
[stage1] epoch 35/100 step 37 | loss 6.2026 | w [15.0, 8.0, 1.0] | train det 0.0725 seg 0.3052 cnt 2.6733
[stage1] epoch 35/100 step 38 | loss 10.5252 | w [15.0, 8.0, 1.0] | train det 0.2145 seg 0.1731 cnt 5.9229
[stage1] epoch 35/100 step 39 | loss 7.2634 | w [15.0, 8.0, 1.0] | train det 0.0522 seg 0.1024 cnt 5.6608
[stage1] epoch 35/100 step 40 | loss 39.9799 | w [15.0, 8.0, 1.0] | train det 0.1139 seg 0.2598 cnt 36.1924
[stage1] epoch 35/100 step 41 | loss 7.7485 | w [15.0, 8.0, 1.0] | train det 0.0889 seg 0.1269 cnt 5.4002
[stage1] epoch 35/100 step 42 | loss 12.2386 | w [15.0, 8.0, 1.0] | train det 0.1630 seg 0.1400 cnt 8.6736
[stage1] epoch 35/100 step 43 | loss 5.8228 | w [15.0, 8.0, 1.0] | train det 0.0964 seg 0.2173 cnt 2.6388
[stage1] epoch 35/100 | train 12.0263 | det 0.1357 seg 0.2141 cnt 8.2784
[stage1] epoch 36/100 step 1 | loss 8.2131 | w [15.0, 8.0, 1.0] | train det 0.1057 seg 0.2394 cnt 4.7127
[stage1] epoch 36/100 step 2 | loss 7.6476 | w [15.0, 8.0, 1.0] | train det 0.0841 seg 0.1810 cnt 4.9379
[stage1] epoch 36/100 step 3 | loss 5.7977 | w [15.0, 8.0, 1.0] | train det 0.1094 seg 0.2813 cnt 1.9056
[stage1] epoch 36/100 step 4 | loss 13.0018 | w [15.0, 8.0, 1.0] | train det 0.0377 seg 0.2799 cnt 10.1971
[stage1] epoch 36/100 step 5 | loss 6.3395 | w [15.0, 8.0, 1.0] | train det 0.0607 seg 0.1414 cnt 4.2979
[stage1] epoch 36/100 step 6 | loss 15.1801 | w [15.0, 8.0, 1.0] | train det 0.2488 seg 0.2282 cnt 9.6224
[stage1] epoch 36/100 step 7 | loss 14.3016 | w [15.0, 8.0, 1.0] | train det 0.2179 seg 0.1987 cnt 9.4428
[stage1] epoch 36/100 step 8 | loss 11.0465 | w [15.0, 8.0, 1.0] | train det 0.1631 seg 0.2512 cnt 6.5905
[stage1] epoch 36/100 step 9 | loss 13.9756 | w [15.0, 8.0, 1.0] | train det 0.4960 seg 0.2810 cnt 4.2880
[stage1] epoch 36/100 step 10 | loss 12.6286 | w [15.0, 8.0, 1.0] | train det 0.0332 seg 0.1390 cnt 11.0185
[stage1] epoch 36/100 step 11 | loss 8.4302 | w [15.0, 8.0, 1.0] | train det 0.1248 seg 0.1857 cnt 5.0734
[stage1] epoch 36/100 step 12 | loss 7.0469 | w [15.0, 8.0, 1.0] | train det 0.1045 seg 0.2644 cnt 3.3648
[stage1] epoch 36/100 step 13 | loss 6.9159 | w [15.0, 8.0, 1.0] | train det 0.0977 seg 0.1108 cnt 4.5649
[stage1] epoch 36/100 step 14 | loss 7.4167 | w [15.0, 8.0, 1.0] | train det 0.1387 seg 0.1586 cnt 4.0675
[stage1] epoch 36/100 step 15 | loss 11.8379 | w [15.0, 8.0, 1.0] | train det 0.4017 seg 0.2261 cnt 4.0035
[stage1] epoch 36/100 step 16 | loss 8.6766 | w [15.0, 8.0, 1.0] | train det 0.0815 seg 0.2048 cnt 5.8159
[stage1] epoch 36/100 step 17 | loss 13.1383 | w [15.0, 8.0, 1.0] | train det 0.0711 seg 0.2146 cnt 10.3556
[stage1] epoch 36/100 step 18 | loss 8.5918 | w [15.0, 8.0, 1.0] | train det 0.0974 seg 0.2977 cnt 4.7492
[stage1] epoch 36/100 step 19 | loss 7.8819 | w [15.0, 8.0, 1.0] | train det 0.1153 seg 0.3042 cnt 3.7189
[stage1] epoch 36/100 step 20 | loss 7.1896 | w [15.0, 8.0, 1.0] | train det 0.0385 seg 0.1481 cnt 5.4273
[stage1] epoch 36/100 step 21 | loss 11.9699 | w [15.0, 8.0, 1.0] | train det 0.1106 seg 0.2827 cnt 8.0491
[stage1] epoch 36/100 step 22 | loss 3.8520 | w [15.0, 8.0, 1.0] | train det 0.0605 seg 0.1702 cnt 1.5822
[stage1] epoch 36/100 step 23 | loss 19.4149 | w [15.0, 8.0, 1.0] | train det 0.1895 seg 0.1006 cnt 15.7671
[stage1] epoch 36/100 step 24 | loss 21.6416 | w [15.0, 8.0, 1.0] | train det 0.1499 seg 0.2911 cnt 17.0647
[stage1] epoch 36/100 step 25 | loss 6.4163 | w [15.0, 8.0, 1.0] | train det 0.0836 seg 0.1652 cnt 3.8410
[stage1] epoch 36/100 step 26 | loss 8.4927 | w [15.0, 8.0, 1.0] | train det 0.0544 seg 0.2461 cnt 5.7079
[stage1] epoch 36/100 step 27 | loss 4.8895 | w [15.0, 8.0, 1.0] | train det 0.0509 seg 0.2573 cnt 2.0668
[stage1] epoch 36/100 step 28 | loss 12.0376 | w [15.0, 8.0, 1.0] | train det 0.0219 seg 0.2949 cnt 9.3489
[stage1] epoch 36/100 step 29 | loss 6.8326 | w [15.0, 8.0, 1.0] | train det 0.0307 seg 0.2755 cnt 4.1678
[stage1] epoch 36/100 step 30 | loss 13.7013 | w [15.0, 8.0, 1.0] | train det 0.1088 seg 0.1904 cnt 10.5453
[stage1] epoch 36/100 step 31 | loss 15.4692 | w [15.0, 8.0, 1.0] | train det 0.0926 seg 0.2999 cnt 11.6810
[stage1] epoch 36/100 step 32 | loss 11.9865 | w [15.0, 8.0, 1.0] | train det 0.2632 seg 0.2023 cnt 6.4204
[stage1] epoch 36/100 step 33 | loss 9.6399 | w [15.0, 8.0, 1.0] | train det 0.3543 seg 0.1253 cnt 3.3224
[stage1] epoch 36/100 step 34 | loss 13.5824 | w [15.0, 8.0, 1.0] | train det 0.0795 seg 0.2152 cnt 10.6681
[stage1] epoch 36/100 step 35 | loss 6.6826 | w [15.0, 8.0, 1.0] | train det 0.0854 seg 0.1380 cnt 4.2977
[stage1] epoch 36/100 step 36 | loss 5.8642 | w [15.0, 8.0, 1.0] | train det 0.0720 seg 0.1454 cnt 3.6207
[stage1] epoch 36/100 step 37 | loss 6.6065 | w [15.0, 8.0, 1.0] | train det 0.0806 seg 0.2093 cnt 3.7227
[stage1] epoch 36/100 step 38 | loss 6.8268 | w [15.0, 8.0, 1.0] | train det 0.0805 seg 0.2083 cnt 3.9525
[stage1] epoch 36/100 step 39 | loss 6.6374 | w [15.0, 8.0, 1.0] | train det 0.1150 seg 0.1455 cnt 3.7475
[stage1] epoch 36/100 step 40 | loss 8.4967 | w [15.0, 8.0, 1.0] | train det 0.0491 seg 0.2123 cnt 6.0623
[stage1] epoch 36/100 step 41 | loss 15.0952 | w [15.0, 8.0, 1.0] | train det 0.0822 seg 0.3593 cnt 10.9874
[stage1] epoch 36/100 step 42 | loss 10.7791 | w [15.0, 8.0, 1.0] | train det 0.2457 seg 0.3418 cnt 4.3585
[stage1] epoch 36/100 step 43 | loss 8.5901 | w [15.0, 8.0, 1.0] | train det 0.1889 seg 0.1062 cnt 4.9077
[stage1] epoch 36/100 | train 10.0177 | det 0.1274 seg 0.2167 cnt 6.3731
[stage1] epoch 37/100 step 1 | loss 8.0929 | w [15.0, 8.0, 1.0] | train det 0.2090 seg 0.1582 cnt 3.6920
[stage1] epoch 37/100 step 2 | loss 4.3697 | w [15.0, 8.0, 1.0] | train det 0.0679 seg 0.1372 cnt 2.2537
[stage1] epoch 37/100 step 3 | loss 8.7980 | w [15.0, 8.0, 1.0] | train det 0.0844 seg 0.2342 cnt 5.6583
[stage1] epoch 37/100 step 4 | loss 5.0043 | w [15.0, 8.0, 1.0] | train det 0.0792 seg 0.1640 cnt 2.5047
[stage1] epoch 37/100 step 5 | loss 18.9741 | w [15.0, 8.0, 1.0] | train det 0.0790 seg 0.1428 cnt 16.6462
[stage1] epoch 37/100 step 6 | loss 7.5593 | w [15.0, 8.0, 1.0] | train det 0.0917 seg 0.2898 cnt 3.8648
[stage1] epoch 37/100 step 7 | loss 7.6063 | w [15.0, 8.0, 1.0] | train det 0.0950 seg 0.3570 cnt 3.3252
[stage1] epoch 37/100 step 8 | loss 17.7132 | w [15.0, 8.0, 1.0] | train det 0.0411 seg 0.2647 cnt 14.9792
[stage1] epoch 37/100 step 9 | loss 6.6665 | w [15.0, 8.0, 1.0] | train det 0.0889 seg 0.1788 cnt 3.9023
[stage1] epoch 37/100 step 10 | loss 7.9441 | w [15.0, 8.0, 1.0] | train det 0.1679 seg 0.0832 cnt 4.7602
[stage1] epoch 37/100 step 11 | loss 8.7199 | w [15.0, 8.0, 1.0] | train det 0.2685 seg 0.1383 cnt 3.5865
[stage1] epoch 37/100 step 12 | loss 7.2846 | w [15.0, 8.0, 1.0] | train det 0.0469 seg 0.1215 cnt 5.6094
[stage1] epoch 37/100 step 13 | loss 12.7024 | w [15.0, 8.0, 1.0] | train det 0.0312 seg 0.1696 cnt 10.8779
[stage1] epoch 37/100 step 14 | loss 13.8010 | w [15.0, 8.0, 1.0] | train det 0.2366 seg 0.2428 cnt 8.3092
[stage1] epoch 37/100 step 15 | loss 12.9181 | w [15.0, 8.0, 1.0] | train det 0.3009 seg 0.1549 cnt 7.1652
[stage1] epoch 37/100 step 16 | loss 9.7247 | w [15.0, 8.0, 1.0] | train det 0.0802 seg 0.3581 cnt 5.6574
[stage1] epoch 37/100 step 17 | loss 10.1747 | w [15.0, 8.0, 1.0] | train det 0.0751 seg 0.1724 cnt 7.6689
[stage1] epoch 37/100 step 18 | loss 8.4618 | w [15.0, 8.0, 1.0] | train det 0.0542 seg 0.2875 cnt 5.3485
[stage1] epoch 37/100 step 19 | loss 10.8818 | w [15.0, 8.0, 1.0] | train det 0.1442 seg 0.2295 cnt 6.8827
[stage1] epoch 37/100 step 20 | loss 4.7348 | w [15.0, 8.0, 1.0] | train det 0.0513 seg 0.1893 cnt 2.4506
[stage1] epoch 37/100 step 21 | loss 10.5909 | w [15.0, 8.0, 1.0] | train det 0.0734 seg 0.1969 cnt 7.9145
[stage1] epoch 37/100 step 22 | loss 12.8844 | w [15.0, 8.0, 1.0] | train det 0.2019 seg 0.1610 cnt 8.5676
[stage1] epoch 37/100 step 23 | loss 13.3813 | w [15.0, 8.0, 1.0] | train det 0.1875 seg 0.1872 cnt 9.0702
[stage1] epoch 37/100 step 24 | loss 8.0177 | w [15.0, 8.0, 1.0] | train det 0.1547 seg 0.1221 cnt 4.7204
[stage1] epoch 37/100 step 25 | loss 12.7177 | w [15.0, 8.0, 1.0] | train det 0.4967 seg 0.2298 cnt 3.4283
[stage1] epoch 37/100 step 26 | loss 5.6038 | w [15.0, 8.0, 1.0] | train det 0.0892 seg 0.2356 cnt 2.3804
[stage1] epoch 37/100 step 27 | loss 8.4667 | w [15.0, 8.0, 1.0] | train det 0.0488 seg 0.2224 cnt 5.9560
[stage1] epoch 37/100 step 28 | loss 6.8378 | w [15.0, 8.0, 1.0] | train det 0.0433 seg 0.1712 cnt 4.8197
[stage1] epoch 37/100 step 29 | loss 21.3666 | w [15.0, 8.0, 1.0] | train det 0.3786 seg 0.1408 cnt 14.5614
[stage1] epoch 37/100 step 30 | loss 7.9968 | w [15.0, 8.0, 1.0] | train det 0.1287 seg 0.2141 cnt 4.3539
[stage1] epoch 37/100 step 31 | loss 6.9840 | w [15.0, 8.0, 1.0] | train det 0.1033 seg 0.1785 cnt 4.0062
[stage1] epoch 37/100 step 32 | loss 16.0780 | w [15.0, 8.0, 1.0] | train det 0.0900 seg 0.2916 cnt 12.3950
[stage1] epoch 37/100 step 33 | loss 8.3078 | w [15.0, 8.0, 1.0] | train det 0.0621 seg 0.2625 cnt 5.2769
[stage1] epoch 37/100 step 34 | loss 8.1563 | w [15.0, 8.0, 1.0] | train det 0.0650 seg 0.2110 cnt 5.4925
[stage1] epoch 37/100 step 35 | loss 7.0942 | w [15.0, 8.0, 1.0] | train det 0.0571 seg 0.3056 cnt 3.7931
[stage1] epoch 37/100 step 36 | loss 8.3905 | w [15.0, 8.0, 1.0] | train det 0.1010 seg 0.1528 cnt 5.6533
[stage1] epoch 37/100 step 37 | loss 14.8963 | w [15.0, 8.0, 1.0] | train det 0.1911 seg 0.1615 cnt 10.7376
[stage1] epoch 37/100 step 38 | loss 11.2017 | w [15.0, 8.0, 1.0] | train det 0.0667 seg 0.1034 cnt 9.3731
[stage1] epoch 37/100 step 39 | loss 9.0765 | w [15.0, 8.0, 1.0] | train det 0.1134 seg 0.1644 cnt 6.0598
[stage1] epoch 37/100 step 40 | loss 12.8598 | w [15.0, 8.0, 1.0] | train det 0.0624 seg 0.3710 cnt 8.9555
[stage1] epoch 37/100 step 41 | loss 11.6128 | w [15.0, 8.0, 1.0] | train det 0.0608 seg 0.2142 cnt 8.9875
[stage1] epoch 37/100 step 42 | loss 9.5353 | w [15.0, 8.0, 1.0] | train det 0.0777 seg 0.3462 cnt 5.6005
[stage1] epoch 37/100 step 43 | loss 9.6236 | w [15.0, 8.0, 1.0] | train det 0.0748 seg 0.2197 cnt 6.7444
[stage1] epoch 37/100 | train 10.0887 | det 0.1214 seg 0.2078 cnt 6.6044
[stage1] epoch 38/100 step 1 | loss 11.7720 | w [15.0, 8.0, 1.0] | train det 0.3366 seg 0.0936 cnt 5.9732
[stage1] epoch 38/100 step 2 | loss 8.9693 | w [15.0, 8.0, 1.0] | train det 0.0636 seg 0.1866 cnt 6.5220
[stage1] epoch 38/100 step 3 | loss 7.5062 | w [15.0, 8.0, 1.0] | train det 0.0753 seg 0.2051 cnt 4.7367
[stage1] epoch 38/100 step 4 | loss 4.4898 | w [15.0, 8.0, 1.0] | train det 0.0939 seg 0.0819 cnt 2.4268
[stage1] epoch 38/100 step 5 | loss 13.7942 | w [15.0, 8.0, 1.0] | train det 0.0900 seg 0.1790 cnt 11.0128
[stage1] epoch 38/100 step 6 | loss 17.6659 | w [15.0, 8.0, 1.0] | train det 0.2681 seg 0.0907 cnt 12.9186
[stage1] epoch 38/100 step 7 | loss 4.4167 | w [15.0, 8.0, 1.0] | train det 0.0709 seg 0.1404 cnt 2.2306
[stage1] epoch 38/100 step 8 | loss 7.8939 | w [15.0, 8.0, 1.0] | train det 0.0567 seg 0.3918 cnt 3.9096
[stage1] epoch 38/100 step 9 | loss 9.1470 | w [15.0, 8.0, 1.0] | train det 0.1616 seg 0.1765 cnt 5.3115
[stage1] epoch 38/100 step 10 | loss 12.7013 | w [15.0, 8.0, 1.0] | train det 0.1309 seg 0.1859 cnt 9.2499
[stage1] epoch 38/100 step 11 | loss 8.5480 | w [15.0, 8.0, 1.0] | train det 0.1163 seg 0.1185 cnt 5.8552
[stage1] epoch 38/100 step 12 | loss 7.5285 | w [15.0, 8.0, 1.0] | train det 0.0449 seg 0.1988 cnt 5.2648
[stage1] epoch 38/100 step 13 | loss 11.4826 | w [15.0, 8.0, 1.0] | train det 0.0736 seg 0.2172 cnt 8.6408
[stage1] epoch 38/100 step 14 | loss 5.1435 | w [15.0, 8.0, 1.0] | train det 0.0356 seg 0.0865 cnt 3.9167
[stage1] epoch 38/100 step 15 | loss 19.3257 | w [15.0, 8.0, 1.0] | train det 0.0848 seg 0.1329 cnt 16.9903
[stage1] epoch 38/100 step 16 | loss 10.7767 | w [15.0, 8.0, 1.0] | train det 0.0379 seg 0.3002 cnt 7.8064
[stage1] epoch 38/100 step 17 | loss 12.6103 | w [15.0, 8.0, 1.0] | train det 0.2260 seg 0.1981 cnt 7.6359
[stage1] epoch 38/100 step 18 | loss 5.2612 | w [15.0, 8.0, 1.0] | train det 0.0481 seg 0.1628 cnt 3.2370
[stage1] epoch 38/100 step 19 | loss 5.7190 | w [15.0, 8.0, 1.0] | train det 0.0949 seg 0.2408 cnt 2.3686
[stage1] epoch 38/100 step 20 | loss 13.1278 | w [15.0, 8.0, 1.0] | train det 0.2258 seg 0.1848 cnt 8.2628
[stage1] epoch 38/100 step 21 | loss 9.3218 | w [15.0, 8.0, 1.0] | train det 0.1874 seg 0.0631 cnt 6.0061
[stage1] epoch 38/100 step 22 | loss 7.8257 | w [15.0, 8.0, 1.0] | train det 0.0591 seg 0.1743 cnt 5.5448
[stage1] epoch 38/100 step 23 | loss 11.0609 | w [15.0, 8.0, 1.0] | train det 0.1613 seg 0.2731 cnt 6.4558
[stage1] epoch 38/100 step 24 | loss 8.3445 | w [15.0, 8.0, 1.0] | train det 0.1158 seg 0.1852 cnt 5.1255
[stage1] epoch 38/100 step 25 | loss 8.9873 | w [15.0, 8.0, 1.0] | train det 0.0346 seg 0.2400 cnt 6.5478
[stage1] epoch 38/100 step 26 | loss 10.5016 | w [15.0, 8.0, 1.0] | train det 0.1647 seg 0.2340 cnt 6.1584
[stage1] epoch 38/100 step 27 | loss 8.2056 | w [15.0, 8.0, 1.0] | train det 0.0341 seg 0.2131 cnt 5.9901
[stage1] epoch 38/100 step 28 | loss 5.6470 | w [15.0, 8.0, 1.0] | train det 0.1610 seg 0.1259 cnt 2.2255
[stage1] epoch 38/100 step 29 | loss 17.5128 | w [15.0, 8.0, 1.0] | train det 0.1302 seg 0.2299 cnt 13.7206
[stage1] epoch 38/100 step 30 | loss 15.4926 | w [15.0, 8.0, 1.0] | train det 0.0595 seg 0.1012 cnt 13.7906
[stage1] epoch 38/100 step 31 | loss 8.5469 | w [15.0, 8.0, 1.0] | train det 0.1179 seg 0.4281 cnt 3.3532
[stage1] epoch 38/100 step 32 | loss 4.6868 | w [15.0, 8.0, 1.0] | train det 0.1125 seg 0.1181 cnt 2.0536
[stage1] epoch 38/100 step 33 | loss 7.0168 | w [15.0, 8.0, 1.0] | train det 0.0242 seg 0.1346 cnt 5.5777
[stage1] epoch 38/100 step 34 | loss 12.5404 | w [15.0, 8.0, 1.0] | train det 0.1030 seg 0.3184 cnt 8.4484
[stage1] epoch 38/100 step 35 | loss 9.2053 | w [15.0, 8.0, 1.0] | train det 0.0872 seg 0.3158 cnt 5.3702
[stage1] epoch 38/100 step 36 | loss 6.3464 | w [15.0, 8.0, 1.0] | train det 0.0275 seg 0.2317 cnt 4.0803
[stage1] epoch 38/100 step 37 | loss 13.5430 | w [15.0, 8.0, 1.0] | train det 0.2730 seg 0.1273 cnt 8.4291
[stage1] epoch 38/100 step 38 | loss 6.4786 | w [15.0, 8.0, 1.0] | train det 0.0607 seg 0.2487 cnt 3.5779
[stage1] epoch 38/100 step 39 | loss 15.6019 | w [15.0, 8.0, 1.0] | train det 0.0593 seg 0.2062 cnt 13.0637
[stage1] epoch 38/100 step 40 | loss 12.2316 | w [15.0, 8.0, 1.0] | train det 0.1040 seg 0.2699 cnt 8.5122
[stage1] epoch 38/100 step 41 | loss 11.0110 | w [15.0, 8.0, 1.0] | train det 0.1043 seg 0.2464 cnt 7.4761
[stage1] epoch 38/100 step 42 | loss 9.4083 | w [15.0, 8.0, 1.0] | train det 0.3128 seg 0.1743 cnt 3.3225
[stage1] epoch 38/100 step 43 | loss 5.5852 | w [15.0, 8.0, 1.0] | train det 0.0668 seg 0.2336 cnt 2.7135
[stage1] epoch 38/100 | train 9.8368 | det 0.1139 seg 0.1969 cnt 6.5538
[stage1] epoch 39/100 step 1 | loss 10.8396 | w [15.0, 8.0, 1.0] | train det 0.2864 seg 0.2966 cnt 4.1704
[stage1] epoch 39/100 step 2 | loss 8.7496 | w [15.0, 8.0, 1.0] | train det 0.2164 seg 0.0586 cnt 5.0350
[stage1] epoch 39/100 step 3 | loss 15.3742 | w [15.0, 8.0, 1.0] | train det 0.1300 seg 0.1478 cnt 12.2416
[stage1] epoch 39/100 step 4 | loss 12.6943 | w [15.0, 8.0, 1.0] | train det 0.0249 seg 0.2395 cnt 10.4047
[stage1] epoch 39/100 step 5 | loss 14.1898 | w [15.0, 8.0, 1.0] | train det 0.1493 seg 0.0981 cnt 11.1663
[stage1] epoch 39/100 step 6 | loss 6.8944 | w [15.0, 8.0, 1.0] | train det 0.1242 seg 0.1200 cnt 4.0716
[stage1] epoch 39/100 step 7 | loss 18.6301 | w [15.0, 8.0, 1.0] | train det 0.0954 seg 0.1439 cnt 16.0475
[stage1] epoch 39/100 step 8 | loss 7.9105 | w [15.0, 8.0, 1.0] | train det 0.0781 seg 0.1261 cnt 5.7302
[stage1] epoch 39/100 step 9 | loss 16.0106 | w [15.0, 8.0, 1.0] | train det 0.1666 seg 0.0762 cnt 12.9019
[stage1] epoch 39/100 step 10 | loss 14.8995 | w [15.0, 8.0, 1.0] | train det 0.1897 seg 0.1308 cnt 11.0074
[stage1] epoch 39/100 step 11 | loss 20.6100 | w [15.0, 8.0, 1.0] | train det 0.0653 seg 0.1778 cnt 18.2072
[stage1] epoch 39/100 step 12 | loss 6.5844 | w [15.0, 8.0, 1.0] | train det 0.1099 seg 0.1652 cnt 3.6138
[stage1] epoch 39/100 step 13 | loss 10.9787 | w [15.0, 8.0, 1.0] | train det 0.1540 seg 0.1829 cnt 7.2051
[stage1] epoch 39/100 step 14 | loss 7.4811 | w [15.0, 8.0, 1.0] | train det 0.0978 seg 0.0697 cnt 5.4568
[stage1] epoch 39/100 step 15 | loss 14.6286 | w [15.0, 8.0, 1.0] | train det 0.0506 seg 0.1194 cnt 12.9135
[stage1] epoch 39/100 step 16 | loss 18.1071 | w [15.0, 8.0, 1.0] | train det 0.3275 seg 0.1153 cnt 12.2724
[stage1] epoch 39/100 step 17 | loss 10.6726 | w [15.0, 8.0, 1.0] | train det 0.2661 seg 0.2575 cnt 4.6215
[stage1] epoch 39/100 step 18 | loss 13.2114 | w [15.0, 8.0, 1.0] | train det 0.0548 seg 0.1258 cnt 11.3829
[stage1] epoch 39/100 step 19 | loss 10.6778 | w [15.0, 8.0, 1.0] | train det 0.1042 seg 0.1051 cnt 8.2736
[stage1] epoch 39/100 step 20 | loss 8.4322 | w [15.0, 8.0, 1.0] | train det 0.0826 seg 0.1130 cnt 6.2892
[stage1] epoch 39/100 step 21 | loss 19.1709 | w [15.0, 8.0, 1.0] | train det 0.3725 seg 0.1096 cnt 12.7067
[stage1] epoch 39/100 step 22 | loss 12.7266 | w [15.0, 8.0, 1.0] | train det 0.3302 seg 0.1071 cnt 6.9170
[stage1] epoch 39/100 step 23 | loss 8.8593 | w [15.0, 8.0, 1.0] | train det 0.0810 seg 0.2581 cnt 5.5791
[stage1] epoch 39/100 step 24 | loss 5.7240 | w [15.0, 8.0, 1.0] | train det 0.1542 seg 0.0631 cnt 2.9055
[stage1] epoch 39/100 step 25 | loss 7.1091 | w [15.0, 8.0, 1.0] | train det 0.0747 seg 0.2645 cnt 3.8728
[stage1] epoch 39/100 step 26 | loss 6.0946 | w [15.0, 8.0, 1.0] | train det 0.0445 seg 0.1496 cnt 4.2313
[stage1] epoch 39/100 step 27 | loss 22.3370 | w [15.0, 8.0, 1.0] | train det 0.6728 seg 0.2075 cnt 10.5847
[stage1] epoch 39/100 step 28 | loss 13.5954 | w [15.0, 8.0, 1.0] | train det 0.0490 seg 0.2498 cnt 10.8627
[stage1] epoch 39/100 step 29 | loss 15.8954 | w [15.0, 8.0, 1.0] | train det 0.1112 seg 0.3484 cnt 11.4401
[stage1] epoch 39/100 step 30 | loss 6.0649 | w [15.0, 8.0, 1.0] | train det 0.1111 seg 0.0772 cnt 3.7806
[stage1] epoch 39/100 step 31 | loss 16.8689 | w [15.0, 8.0, 1.0] | train det 0.0692 seg 0.1352 cnt 14.7501
[stage1] epoch 39/100 step 32 | loss 10.2916 | w [15.0, 8.0, 1.0] | train det 0.1001 seg 0.2837 cnt 6.5214
[stage1] epoch 39/100 step 33 | loss 15.3191 | w [15.0, 8.0, 1.0] | train det 0.0562 seg 0.1616 cnt 13.1832
[stage1] epoch 39/100 step 34 | loss 13.0096 | w [15.0, 8.0, 1.0] | train det 0.0878 seg 0.1020 cnt 10.8772
[stage1] epoch 39/100 step 35 | loss 17.8804 | w [15.0, 8.0, 1.0] | train det 0.1039 seg 0.1613 cnt 15.0319
[stage1] epoch 39/100 step 36 | loss 7.7274 | w [15.0, 8.0, 1.0] | train det 0.0425 seg 0.2499 cnt 5.0908
[stage1] epoch 39/100 step 37 | loss 13.0000 | w [15.0, 8.0, 1.0] | train det 0.2671 seg 0.2934 cnt 6.6458
[stage1] epoch 39/100 step 38 | loss 9.2835 | w [15.0, 8.0, 1.0] | train det 0.1686 seg 0.3925 cnt 3.6142
[stage1] epoch 39/100 step 39 | loss 16.4287 | w [15.0, 8.0, 1.0] | train det 0.1458 seg 0.1337 cnt 13.1716
[stage1] epoch 39/100 step 40 | loss 13.8275 | w [15.0, 8.0, 1.0] | train det 0.0211 seg 0.1438 cnt 12.3608
[stage1] epoch 39/100 step 41 | loss 12.9435 | w [15.0, 8.0, 1.0] | train det 0.1868 seg 0.3043 cnt 7.7066
[stage1] epoch 39/100 step 42 | loss 12.7683 | w [15.0, 8.0, 1.0] | train det 0.0907 seg 0.1697 cnt 10.0503
[stage1] epoch 39/100 step 43 | loss 10.3553 | w [15.0, 8.0, 1.0] | train det 0.0899 seg 0.1697 cnt 7.6493
[stage1] epoch 39/100 | train 12.4386 | det 0.1443 seg 0.1722 cnt 8.8964
[stage1] epoch 40/100 step 1 | loss 7.8912 | w [15.0, 8.0, 1.0] | train det 0.0521 seg 0.0681 cnt 6.5655
[stage1] epoch 40/100 step 2 | loss 10.3365 | w [15.0, 8.0, 1.0] | train det 0.3088 seg 0.1942 cnt 4.1502
[stage1] epoch 40/100 step 3 | loss 10.2061 | w [15.0, 8.0, 1.0] | train det 0.0664 seg 0.1865 cnt 7.7177
[stage1] epoch 40/100 step 4 | loss 9.3341 | w [15.0, 8.0, 1.0] | train det 0.1310 seg 0.1447 cnt 6.2114
[stage1] epoch 40/100 step 5 | loss 11.2421 | w [15.0, 8.0, 1.0] | train det 0.4772 seg 0.1609 cnt 2.7973
[stage1] epoch 40/100 step 6 | loss 12.3029 | w [15.0, 8.0, 1.0] | train det 0.0377 seg 0.2648 cnt 9.6186
[stage1] epoch 40/100 step 7 | loss 15.4917 | w [15.0, 8.0, 1.0] | train det 0.3708 seg 0.2347 cnt 8.0530
[stage1] epoch 40/100 step 8 | loss 6.3231 | w [15.0, 8.0, 1.0] | train det 0.0754 seg 0.0790 cnt 4.5598
[stage1] epoch 40/100 step 9 | loss 7.1063 | w [15.0, 8.0, 1.0] | train det 0.1182 seg 0.2037 cnt 3.7039
[stage1] epoch 40/100 step 10 | loss 11.6959 | w [15.0, 8.0, 1.0] | train det 0.1012 seg 0.0811 cnt 9.5287
[stage1] epoch 40/100 step 11 | loss 9.6040 | w [15.0, 8.0, 1.0] | train det 0.0295 seg 0.1690 cnt 7.8102
[stage1] epoch 40/100 step 12 | loss 9.7388 | w [15.0, 8.0, 1.0] | train det 0.0467 seg 0.2444 cnt 7.0835
[stage1] epoch 40/100 step 13 | loss 10.7388 | w [15.0, 8.0, 1.0] | train det 0.1059 seg 0.2241 cnt 7.3582
[stage1] epoch 40/100 step 14 | loss 17.1268 | w [15.0, 8.0, 1.0] | train det 0.1515 seg 0.1726 cnt 13.4740
[stage1] epoch 40/100 step 15 | loss 4.6817 | w [15.0, 8.0, 1.0] | train det 0.0482 seg 0.1185 cnt 3.0113
[stage1] epoch 40/100 step 16 | loss 17.6893 | w [15.0, 8.0, 1.0] | train det 0.1323 seg 0.2046 cnt 14.0676
[stage1] epoch 40/100 step 17 | loss 11.0255 | w [15.0, 8.0, 1.0] | train det 0.0571 seg 0.1560 cnt 8.9206
[stage1] epoch 40/100 step 18 | loss 12.1507 | w [15.0, 8.0, 1.0] | train det 0.1225 seg 0.2279 cnt 8.4903
[stage1] epoch 40/100 step 19 | loss 13.2793 | w [15.0, 8.0, 1.0] | train det 0.0838 seg 0.2242 cnt 10.2296
[stage1] epoch 40/100 step 20 | loss 5.1601 | w [15.0, 8.0, 1.0] | train det 0.0445 seg 0.3280 cnt 1.8690
[stage1] epoch 40/100 step 21 | loss 7.2024 | w [15.0, 8.0, 1.0] | train det 0.0567 seg 0.2131 cnt 4.6481
[stage1] epoch 40/100 step 22 | loss 5.0400 | w [15.0, 8.0, 1.0] | train det 0.0877 seg 0.1200 cnt 2.7656
[stage1] epoch 40/100 step 23 | loss 9.0212 | w [15.0, 8.0, 1.0] | train det 0.1196 seg 0.1095 cnt 6.3517
[stage1] epoch 40/100 step 24 | loss 5.0053 | w [15.0, 8.0, 1.0] | train det 0.0416 seg 0.0822 cnt 3.7241
[stage1] epoch 40/100 step 25 | loss 9.5838 | w [15.0, 8.0, 1.0] | train det 0.1054 seg 0.1587 cnt 6.7332
[stage1] epoch 40/100 step 26 | loss 5.9926 | w [15.0, 8.0, 1.0] | train det 0.0773 seg 0.1269 cnt 3.8179
[stage1] epoch 40/100 step 27 | loss 13.0095 | w [15.0, 8.0, 1.0] | train det 0.0538 seg 0.3360 cnt 9.5143
[stage1] epoch 40/100 step 28 | loss 12.6382 | w [15.0, 8.0, 1.0] | train det 0.1234 seg 0.3699 cnt 7.8271
[stage1] epoch 40/100 step 29 | loss 7.8921 | w [15.0, 8.0, 1.0] | train det 0.2404 seg 0.1572 cnt 3.0286
[stage1] epoch 40/100 step 30 | loss 13.7079 | w [15.0, 8.0, 1.0] | train det 0.0563 seg 0.1176 cnt 11.9232
[stage1] epoch 40/100 step 31 | loss 5.9408 | w [15.0, 8.0, 1.0] | train det 0.0623 seg 0.1730 cnt 3.6220
[stage1] epoch 40/100 step 32 | loss 5.7570 | w [15.0, 8.0, 1.0] | train det 0.0379 seg 0.2099 cnt 3.5096
[stage1] epoch 40/100 step 33 | loss 5.7011 | w [15.0, 8.0, 1.0] | train det 0.0587 seg 0.2094 cnt 3.1457
[stage1] epoch 40/100 step 34 | loss 13.6366 | w [15.0, 8.0, 1.0] | train det 0.0635 seg 0.2540 cnt 10.6519
[stage1] epoch 40/100 step 35 | loss 12.7523 | w [15.0, 8.0, 1.0] | train det 0.0788 seg 0.2890 cnt 9.2583
[stage1] epoch 40/100 step 36 | loss 10.8128 | w [15.0, 8.0, 1.0] | train det 0.0359 seg 0.0658 cnt 9.7470
[stage1] epoch 40/100 step 37 | loss 9.5876 | w [15.0, 8.0, 1.0] | train det 0.0450 seg 0.1189 cnt 7.9613
[stage1] epoch 40/100 step 38 | loss 20.1303 | w [15.0, 8.0, 1.0] | train det 0.3257 seg 0.1914 cnt 13.7141
[stage1] epoch 40/100 step 39 | loss 8.8864 | w [15.0, 8.0, 1.0] | train det 0.0635 seg 0.3802 cnt 4.8918
[stage1] epoch 40/100 step 40 | loss 18.4781 | w [15.0, 8.0, 1.0] | train det 0.1428 seg 0.1724 cnt 14.9571
[stage1] epoch 40/100 step 41 | loss 17.0443 | w [15.0, 8.0, 1.0] | train det 0.4412 seg 0.1609 cnt 9.1387
[stage1] epoch 40/100 step 42 | loss 11.2744 | w [15.0, 8.0, 1.0] | train det 0.0640 seg 0.1424 cnt 9.1751
[stage1] epoch 40/100 step 43 | loss 18.3903 | w [15.0, 8.0, 1.0] | train det 0.3799 seg 0.1430 cnt 11.5479
[stage1] epoch 40/100 | train 10.7119 | det 0.1238 seg 0.1858 cnt 7.3692
[stage1] epoch 41/100 step 1 | loss 8.0182 | w [15.0, 8.0, 1.0] | train det 0.2063 seg 0.2485 cnt 2.9357
[stage1] epoch 41/100 step 2 | loss 8.2548 | w [15.0, 8.0, 1.0] | train det 0.1140 seg 0.1441 cnt 5.3917
[stage1] epoch 41/100 step 3 | loss 6.7804 | w [15.0, 8.0, 1.0] | train det 0.0873 seg 0.2087 cnt 3.8009
[stage1] epoch 41/100 step 4 | loss 12.7914 | w [15.0, 8.0, 1.0] | train det 0.0888 seg 0.2851 cnt 9.1786
[stage1] epoch 41/100 step 5 | loss 6.5996 | w [15.0, 8.0, 1.0] | train det 0.0831 seg 0.2467 cnt 3.3798
[stage1] epoch 41/100 step 6 | loss 15.2683 | w [15.0, 8.0, 1.0] | train det 0.1254 seg 0.2070 cnt 11.7315
[stage1] epoch 41/100 step 7 | loss 5.1444 | w [15.0, 8.0, 1.0] | train det 0.0463 seg 0.1085 cnt 3.5818
[stage1] epoch 41/100 step 8 | loss 7.2464 | w [15.0, 8.0, 1.0] | train det 0.1091 seg 0.0165 cnt 5.4777
[stage1] epoch 41/100 step 9 | loss 13.4835 | w [15.0, 8.0, 1.0] | train det 0.0289 seg 0.4173 cnt 9.7122
[stage1] epoch 41/100 step 10 | loss 10.2018 | w [15.0, 8.0, 1.0] | train det 0.0638 seg 0.1894 cnt 7.7285
[stage1] epoch 41/100 step 11 | loss 11.7473 | w [15.0, 8.0, 1.0] | train det 0.0416 seg 0.1669 cnt 9.7886
[stage1] epoch 41/100 step 12 | loss 15.4671 | w [15.0, 8.0, 1.0] | train det 0.3525 seg 0.2665 cnt 8.0482
[stage1] epoch 41/100 step 13 | loss 12.2199 | w [15.0, 8.0, 1.0] | train det 0.1020 seg 0.3267 cnt 8.0772
[stage1] epoch 41/100 step 14 | loss 15.7314 | w [15.0, 8.0, 1.0] | train det 0.1292 seg 0.1847 cnt 12.3158
[stage1] epoch 41/100 step 15 | loss 7.3709 | w [15.0, 8.0, 1.0] | train det 0.1528 seg 0.1404 cnt 3.9561
[stage1] epoch 41/100 step 16 | loss 8.6230 | w [15.0, 8.0, 1.0] | train det 0.1695 seg 0.1567 cnt 4.8272
[stage1] epoch 41/100 step 17 | loss 9.5661 | w [15.0, 8.0, 1.0] | train det 0.1426 seg 0.1033 cnt 6.6016
[stage1] epoch 41/100 step 18 | loss 10.4450 | w [15.0, 8.0, 1.0] | train det 0.0680 seg 0.3038 cnt 6.9947
[stage1] epoch 41/100 step 19 | loss 12.3472 | w [15.0, 8.0, 1.0] | train det 0.1398 seg 0.1392 cnt 9.1366
[stage1] epoch 41/100 step 20 | loss 10.4175 | w [15.0, 8.0, 1.0] | train det 0.0757 seg 0.1072 cnt 8.4252
[stage1] epoch 41/100 step 21 | loss 11.5232 | w [15.0, 8.0, 1.0] | train det 0.4063 seg 0.0689 cnt 4.8766
[stage1] epoch 41/100 step 22 | loss 8.2930 | w [15.0, 8.0, 1.0] | train det 0.3328 seg 0.1231 cnt 2.3155
[stage1] epoch 41/100 step 23 | loss 10.5358 | w [15.0, 8.0, 1.0] | train det 0.0677 seg 0.2880 cnt 7.2167
[stage1] epoch 41/100 step 24 | loss 6.9081 | w [15.0, 8.0, 1.0] | train det 0.0447 seg 0.1386 cnt 5.1289
[stage1] epoch 41/100 step 25 | loss 5.9416 | w [15.0, 8.0, 1.0] | train det 0.0577 seg 0.1516 cnt 3.8629
[stage1] epoch 41/100 step 26 | loss 6.1915 | w [15.0, 8.0, 1.0] | train det 0.0802 seg 0.1592 cnt 3.7139
[stage1] epoch 41/100 step 27 | loss 7.6815 | w [15.0, 8.0, 1.0] | train det 0.0635 seg 0.2374 cnt 4.8301
[stage1] epoch 41/100 step 28 | loss 8.6244 | w [15.0, 8.0, 1.0] | train det 0.0509 seg 0.1543 cnt 6.6275
[stage1] epoch 41/100 step 29 | loss 7.3999 | w [15.0, 8.0, 1.0] | train det 0.0583 seg 0.1198 cnt 5.5665
[stage1] epoch 41/100 step 30 | loss 13.9204 | w [15.0, 8.0, 1.0] | train det 0.0283 seg 0.1071 cnt 12.6393
[stage1] epoch 41/100 step 31 | loss 4.9458 | w [15.0, 8.0, 1.0] | train det 0.0598 seg 0.2344 cnt 2.1741
[stage1] epoch 41/100 step 32 | loss 7.2763 | w [15.0, 8.0, 1.0] | train det 0.0515 seg 0.2404 cnt 4.5813
[stage1] epoch 41/100 step 33 | loss 13.4293 | w [15.0, 8.0, 1.0] | train det 0.1086 seg 0.1852 cnt 10.3191
[stage1] epoch 41/100 step 34 | loss 11.7251 | w [15.0, 8.0, 1.0] | train det 0.0767 seg 0.2227 cnt 8.7938
[stage1] epoch 41/100 step 35 | loss 12.2892 | w [15.0, 8.0, 1.0] | train det 0.1269 seg 0.1800 cnt 8.9451
[stage1] epoch 41/100 step 36 | loss 15.2784 | w [15.0, 8.0, 1.0] | train det 0.3460 seg 0.1830 cnt 8.6245
[stage1] epoch 41/100 step 37 | loss 11.3023 | w [15.0, 8.0, 1.0] | train det 0.1579 seg 0.1145 cnt 8.0172
[stage1] epoch 41/100 step 38 | loss 15.5154 | w [15.0, 8.0, 1.0] | train det 0.1292 seg 0.1697 cnt 12.2201
[stage1] epoch 41/100 step 39 | loss 5.8941 | w [15.0, 8.0, 1.0] | train det 0.0711 seg 0.1279 cnt 3.8039
[stage1] epoch 41/100 step 40 | loss 8.5414 | w [15.0, 8.0, 1.0] | train det 0.1132 seg 0.1793 cnt 5.4090
[stage1] epoch 41/100 step 41 | loss 8.3473 | w [15.0, 8.0, 1.0] | train det 0.0888 seg 0.1275 cnt 5.9959
[stage1] epoch 41/100 step 42 | loss 9.0701 | w [15.0, 8.0, 1.0] | train det 0.1267 seg 0.0968 cnt 6.3952
[stage1] epoch 41/100 step 43 | loss 9.2197 | w [15.0, 8.0, 1.0] | train det 0.0524 seg 0.1397 cnt 7.3165
[stage1] epoch 41/100 | train 9.9437 | det 0.1169 seg 0.1795 cnt 6.7550
[stage1] epoch 42/100 step 1 | loss 8.6225 | w [15.0, 8.0, 1.0] | train det 0.1376 seg 0.1169 cnt 5.6231
[stage1] epoch 42/100 step 2 | loss 7.7983 | w [15.0, 8.0, 1.0] | train det 0.1905 seg 0.1514 cnt 3.7294
[stage1] epoch 42/100 step 3 | loss 8.2816 | w [15.0, 8.0, 1.0] | train det 0.2490 seg 0.1846 cnt 3.0699
[stage1] epoch 42/100 step 4 | loss 12.9690 | w [15.0, 8.0, 1.0] | train det 0.5284 seg 0.2197 cnt 3.2849
[stage1] epoch 42/100 step 5 | loss 5.4712 | w [15.0, 8.0, 1.0] | train det 0.0655 seg 0.1127 cnt 3.5867
[stage1] epoch 42/100 step 6 | loss 5.9921 | w [15.0, 8.0, 1.0] | train det 0.2082 seg 0.0859 cnt 2.1818
[stage1] epoch 42/100 step 7 | loss 9.5133 | w [15.0, 8.0, 1.0] | train det 0.0606 seg 0.1149 cnt 7.6855
[stage1] epoch 42/100 step 8 | loss 13.6817 | w [15.0, 8.0, 1.0] | train det 0.0730 seg 0.0815 cnt 11.9343
[stage1] epoch 42/100 step 9 | loss 9.2453 | w [15.0, 8.0, 1.0] | train det 0.0414 seg 0.1967 cnt 7.0513
[stage1] epoch 42/100 step 10 | loss 8.9913 | w [15.0, 8.0, 1.0] | train det 0.2378 seg 0.1414 cnt 4.2936
[stage1] epoch 42/100 step 11 | loss 12.4842 | w [15.0, 8.0, 1.0] | train det 0.0492 seg 0.2798 cnt 9.5073
[stage1] epoch 42/100 step 12 | loss 6.1643 | w [15.0, 8.0, 1.0] | train det 0.0408 seg 0.1768 cnt 4.1380
[stage1] epoch 42/100 step 13 | loss 7.7180 | w [15.0, 8.0, 1.0] | train det 0.1078 seg 0.1461 cnt 4.9321
[stage1] epoch 42/100 step 14 | loss 14.9077 | w [15.0, 8.0, 1.0] | train det 0.2121 seg 0.0470 cnt 11.3503
[stage1] epoch 42/100 step 15 | loss 8.3877 | w [15.0, 8.0, 1.0] | train det 0.1153 seg 0.6029 cnt 1.8340
[stage1] epoch 42/100 step 16 | loss 8.0894 | w [15.0, 8.0, 1.0] | train det 0.0401 seg 0.1111 cnt 6.5990
[stage1] epoch 42/100 step 17 | loss 12.5064 | w [15.0, 8.0, 1.0] | train det 0.0576 seg 0.1196 cnt 10.6849
[stage1] epoch 42/100 step 18 | loss 10.2425 | w [15.0, 8.0, 1.0] | train det 0.1056 seg 0.2413 cnt 6.7283
[stage1] epoch 42/100 step 19 | loss 5.2469 | w [15.0, 8.0, 1.0] | train det 0.0719 seg 0.1555 cnt 2.9235
[stage1] epoch 42/100 step 20 | loss 14.3676 | w [15.0, 8.0, 1.0] | train det 0.1001 seg 0.2486 cnt 10.8769
[stage1] epoch 42/100 step 21 | loss 9.1081 | w [15.0, 8.0, 1.0] | train det 0.0831 seg 0.2002 cnt 6.2606
[stage1] epoch 42/100 step 22 | loss 8.2588 | w [15.0, 8.0, 1.0] | train det 0.0730 seg 0.1779 cnt 5.7409
[stage1] epoch 42/100 step 23 | loss 12.2108 | w [15.0, 8.0, 1.0] | train det 0.0464 seg 0.1592 cnt 10.2422
[stage1] epoch 42/100 step 24 | loss 7.5676 | w [15.0, 8.0, 1.0] | train det 0.0600 seg 0.1758 cnt 5.2620
[stage1] epoch 42/100 step 25 | loss 8.0671 | w [15.0, 8.0, 1.0] | train det 0.0388 seg 0.2314 cnt 5.6339
[stage1] epoch 42/100 step 26 | loss 7.1738 | w [15.0, 8.0, 1.0] | train det 0.1111 seg 0.1240 cnt 4.5147
[stage1] epoch 42/100 step 27 | loss 6.0121 | w [15.0, 8.0, 1.0] | train det 0.1008 seg 0.2277 cnt 2.6781
[stage1] epoch 42/100 step 28 | loss 6.3064 | w [15.0, 8.0, 1.0] | train det 0.1639 seg 0.0601 cnt 3.3668
[stage1] epoch 42/100 step 29 | loss 5.9490 | w [15.0, 8.0, 1.0] | train det 0.0528 seg 0.2620 cnt 3.0615
[stage1] epoch 42/100 step 30 | loss 5.8845 | w [15.0, 8.0, 1.0] | train det 0.0562 seg 0.3590 cnt 2.1695
[stage1] epoch 42/100 step 31 | loss 9.6613 | w [15.0, 8.0, 1.0] | train det 0.0476 seg 0.3081 cnt 6.4818
[stage1] epoch 42/100 step 32 | loss 11.5397 | w [15.0, 8.0, 1.0] | train det 0.0578 seg 0.1168 cnt 9.7377
[stage1] epoch 42/100 step 33 | loss 8.7365 | w [15.0, 8.0, 1.0] | train det 0.0586 seg 0.1558 cnt 6.6111
[stage1] epoch 42/100 step 34 | loss 8.4032 | w [15.0, 8.0, 1.0] | train det 0.1223 seg 0.2114 cnt 4.8775
[stage1] epoch 42/100 step 35 | loss 12.9923 | w [15.0, 8.0, 1.0] | train det 0.2218 seg 0.1600 cnt 8.3855
[stage1] epoch 42/100 step 36 | loss 8.7242 | w [15.0, 8.0, 1.0] | train det 0.2765 seg 0.0666 cnt 4.0444
[stage1] epoch 42/100 step 37 | loss 9.0916 | w [15.0, 8.0, 1.0] | train det 0.1240 seg 0.1827 cnt 5.7703
[stage1] epoch 42/100 step 38 | loss 15.7747 | w [15.0, 8.0, 1.0] | train det 0.1435 seg 0.2136 cnt 11.9143
[stage1] epoch 42/100 step 39 | loss 7.0800 | w [15.0, 8.0, 1.0] | train det 0.2444 seg 0.2109 cnt 1.7272
[stage1] epoch 42/100 step 40 | loss 11.4409 | w [15.0, 8.0, 1.0] | train det 0.5606 seg 0.0950 cnt 2.2720
[stage1] epoch 42/100 step 41 | loss 12.5554 | w [15.0, 8.0, 1.0] | train det 0.0686 seg 0.1707 cnt 10.1601
[stage1] epoch 42/100 step 42 | loss 10.2285 | w [15.0, 8.0, 1.0] | train det 0.1607 seg 0.1499 cnt 6.6191
[stage1] epoch 42/100 step 43 | loss 7.8970 | w [15.0, 8.0, 1.0] | train det 0.0511 seg 0.2701 cnt 4.9691
[stage1] epoch 42/100 | train 9.3336 | det 0.1306 seg 0.1819 cnt 5.9190
[stage1] epoch 43/100 step 1 | loss 6.8034 | w [15.0, 8.0, 1.0] | train det 0.0911 seg 0.1774 cnt 4.0173
[stage1] epoch 43/100 step 2 | loss 6.0050 | w [15.0, 8.0, 1.0] | train det 0.0456 seg 0.1479 cnt 4.1380
[stage1] epoch 43/100 step 3 | loss 10.1049 | w [15.0, 8.0, 1.0] | train det 0.0227 seg 0.1483 cnt 8.5785
[stage1] epoch 43/100 step 4 | loss 5.4806 | w [15.0, 8.0, 1.0] | train det 0.0880 seg 0.2660 cnt 2.0325
[stage1] epoch 43/100 step 5 | loss 7.6980 | w [15.0, 8.0, 1.0] | train det 0.2212 seg 0.1854 cnt 2.8965
[stage1] epoch 43/100 step 6 | loss 10.3314 | w [15.0, 8.0, 1.0] | train det 0.0685 seg 0.1725 cnt 7.9239
[stage1] epoch 43/100 step 7 | loss 7.7741 | w [15.0, 8.0, 1.0] | train det 0.1346 seg 0.2089 cnt 4.0846
[stage1] epoch 43/100 step 8 | loss 18.6956 | w [15.0, 8.0, 1.0] | train det 0.3040 seg 0.2554 cnt 12.0927
[stage1] epoch 43/100 step 9 | loss 9.4646 | w [15.0, 8.0, 1.0] | train det 0.2524 seg 0.1382 cnt 4.5728
[stage1] epoch 43/100 step 10 | loss 9.8912 | w [15.0, 8.0, 1.0] | train det 0.0853 seg 0.0641 cnt 8.0987
[stage1] epoch 43/100 step 11 | loss 6.3216 | w [15.0, 8.0, 1.0] | train det 0.0203 seg 0.1260 cnt 5.0097
[stage1] epoch 43/100 step 12 | loss 4.7932 | w [15.0, 8.0, 1.0] | train det 0.0288 seg 0.1765 cnt 2.9499
[stage1] epoch 43/100 step 13 | loss 6.6107 | w [15.0, 8.0, 1.0] | train det 0.0170 seg 0.3135 cnt 3.8484
[stage1] epoch 43/100 step 14 | loss 13.8853 | w [15.0, 8.0, 1.0] | train det 0.0882 seg 0.1464 cnt 11.3915
[stage1] epoch 43/100 step 15 | loss 10.0626 | w [15.0, 8.0, 1.0] | train det 0.0743 seg 0.2793 cnt 6.7136
[stage1] epoch 43/100 step 16 | loss 7.8683 | w [15.0, 8.0, 1.0] | train det 0.0447 seg 0.2258 cnt 5.3913
[stage1] epoch 43/100 step 17 | loss 11.7194 | w [15.0, 8.0, 1.0] | train det 0.0742 seg 0.3204 cnt 8.0431
[stage1] epoch 43/100 step 18 | loss 7.3034 | w [15.0, 8.0, 1.0] | train det 0.0765 seg 0.1477 cnt 4.9750
[stage1] epoch 43/100 step 19 | loss 6.4260 | w [15.0, 8.0, 1.0] | train det 0.0480 seg 0.2195 cnt 3.9505
[stage1] epoch 43/100 step 20 | loss 14.4868 | w [15.0, 8.0, 1.0] | train det 0.5254 seg 0.2029 cnt 4.9824
[stage1] epoch 43/100 step 21 | loss 12.8305 | w [15.0, 8.0, 1.0] | train det 0.1074 seg 0.1685 cnt 9.8718
[stage1] epoch 43/100 step 22 | loss 9.2967 | w [15.0, 8.0, 1.0] | train det 0.0799 seg 0.2236 cnt 6.3094
[stage1] epoch 43/100 step 23 | loss 4.7315 | w [15.0, 8.0, 1.0] | train det 0.0970 seg 0.1735 cnt 1.8882
[stage1] epoch 43/100 step 24 | loss 8.2931 | w [15.0, 8.0, 1.0] | train det 0.0880 seg 0.1919 cnt 5.4372
[stage1] epoch 43/100 step 25 | loss 6.0050 | w [15.0, 8.0, 1.0] | train det 0.0709 seg 0.1279 cnt 3.9183
[stage1] epoch 43/100 step 26 | loss 6.2189 | w [15.0, 8.0, 1.0] | train det 0.0768 seg 0.1709 cnt 3.7005
[stage1] epoch 43/100 step 27 | loss 10.8847 | w [15.0, 8.0, 1.0] | train det 0.0229 seg 0.1539 cnt 9.3089
[stage1] epoch 43/100 step 28 | loss 4.4262 | w [15.0, 8.0, 1.0] | train det 0.0806 seg 0.1578 cnt 1.9538
[stage1] epoch 43/100 step 29 | loss 5.1415 | w [15.0, 8.0, 1.0] | train det 0.0571 seg 0.1267 cnt 3.2708
[stage1] epoch 43/100 step 30 | loss 10.3876 | w [15.0, 8.0, 1.0] | train det 0.1374 seg 0.1944 cnt 6.7720
[stage1] epoch 43/100 step 31 | loss 6.4044 | w [15.0, 8.0, 1.0] | train det 0.0572 seg 0.1382 cnt 4.4407
[stage1] epoch 43/100 step 32 | loss 13.5667 | w [15.0, 8.0, 1.0] | train det 0.0351 seg 0.2093 cnt 11.3656
[stage1] epoch 43/100 step 33 | loss 6.9669 | w [15.0, 8.0, 1.0] | train det 0.0191 seg 0.2424 cnt 4.7410
[stage1] epoch 43/100 step 34 | loss 12.8956 | w [15.0, 8.0, 1.0] | train det 0.2777 seg 0.1367 cnt 7.6371
[stage1] epoch 43/100 step 35 | loss 15.5824 | w [15.0, 8.0, 1.0] | train det 0.6416 seg 0.1176 cnt 5.0173
[stage1] epoch 43/100 step 36 | loss 14.7944 | w [15.0, 8.0, 1.0] | train det 0.6627 seg 0.2092 cnt 3.1797
[stage1] epoch 43/100 step 37 | loss 6.4501 | w [15.0, 8.0, 1.0] | train det 0.0630 seg 0.1908 cnt 3.9785
[stage1] epoch 43/100 step 38 | loss 14.8331 | w [15.0, 8.0, 1.0] | train det 0.0354 seg 0.2113 cnt 12.6126
[stage1] epoch 43/100 step 39 | loss 6.2928 | w [15.0, 8.0, 1.0] | train det 0.0361 seg 0.0571 cnt 5.2943
[stage1] epoch 43/100 step 40 | loss 9.2892 | w [15.0, 8.0, 1.0] | train det 0.0704 seg 0.2219 cnt 6.4575
[stage1] epoch 43/100 step 41 | loss 11.7002 | w [15.0, 8.0, 1.0] | train det 0.1942 seg 0.1882 cnt 7.2818
[stage1] epoch 43/100 step 42 | loss 6.8678 | w [15.0, 8.0, 1.0] | train det 0.0690 seg 0.1168 cnt 4.8982
[stage1] epoch 43/100 step 43 | loss 8.2602 | w [15.0, 8.0, 1.0] | train det 0.1648 seg 0.2344 cnt 3.9125
[stage1] epoch 43/100 | train 9.1592 | det 0.1269 seg 0.1834 cnt 5.7893
[stage1] epoch 44/100 step 1 | loss 8.3792 | w [15.0, 8.0, 1.0] | train det 0.0641 seg 0.1643 cnt 6.1032
[stage1] epoch 44/100 step 2 | loss 6.0335 | w [15.0, 8.0, 1.0] | train det 0.1224 seg 0.1692 cnt 2.8435
[stage1] epoch 44/100 step 3 | loss 6.8632 | w [15.0, 8.0, 1.0] | train det 0.0661 seg 0.2173 cnt 4.1326
[stage1] epoch 44/100 step 4 | loss 13.7555 | w [15.0, 8.0, 1.0] | train det 0.0810 seg 0.3422 cnt 9.8035
[stage1] epoch 44/100 step 5 | loss 10.3924 | w [15.0, 8.0, 1.0] | train det 0.0494 seg 0.2599 cnt 7.5727
[stage1] epoch 44/100 step 6 | loss 7.8972 | w [15.0, 8.0, 1.0] | train det 0.0722 seg 0.1186 cnt 5.8649
[stage1] epoch 44/100 step 7 | loss 17.4100 | w [15.0, 8.0, 1.0] | train det 0.2688 seg 0.1449 cnt 12.2183
[stage1] epoch 44/100 step 8 | loss 3.4554 | w [15.0, 8.0, 1.0] | train det 0.0576 seg 0.1740 cnt 1.1992
[stage1] epoch 44/100 step 9 | loss 7.7104 | w [15.0, 8.0, 1.0] | train det 0.1471 seg 0.1969 cnt 3.9278
[stage1] epoch 44/100 step 10 | loss 11.4747 | w [15.0, 8.0, 1.0] | train det 0.0690 seg 0.1593 cnt 9.1656
[stage1] epoch 44/100 step 11 | loss 15.5893 | w [15.0, 8.0, 1.0] | train det 0.0785 seg 0.1590 cnt 13.1397
[stage1] epoch 44/100 step 12 | loss 12.0820 | w [15.0, 8.0, 1.0] | train det 0.0634 seg 0.1484 cnt 9.9444
[stage1] epoch 44/100 step 13 | loss 12.6316 | w [15.0, 8.0, 1.0] | train det 0.0563 seg 0.2000 cnt 10.1874
[stage1] epoch 44/100 step 14 | loss 6.6248 | w [15.0, 8.0, 1.0] | train det 0.0860 seg 0.2355 cnt 3.4511
[stage1] epoch 44/100 step 15 | loss 15.6248 | w [15.0, 8.0, 1.0] | train det 0.2776 seg 0.1546 cnt 10.2244
[stage1] epoch 44/100 step 16 | loss 6.3102 | w [15.0, 8.0, 1.0] | train det 0.0624 seg 0.2110 cnt 3.6862
[stage1] epoch 44/100 step 17 | loss 9.4198 | w [15.0, 8.0, 1.0] | train det 0.2277 seg 0.0254 cnt 5.8009
[stage1] epoch 44/100 step 18 | loss 16.8864 | w [15.0, 8.0, 1.0] | train det 0.3970 seg 0.2047 cnt 9.2932
[stage1] epoch 44/100 step 19 | loss 9.7225 | w [15.0, 8.0, 1.0] | train det 0.1877 seg 0.1518 cnt 5.6930
[stage1] epoch 44/100 step 20 | loss 6.9682 | w [15.0, 8.0, 1.0] | train det 0.1155 seg 0.1110 cnt 4.3483
[stage1] epoch 44/100 step 21 | loss 4.3883 | w [15.0, 8.0, 1.0] | train det 0.0535 seg 0.2006 cnt 1.9805
[stage1] epoch 44/100 step 22 | loss 8.3628 | w [15.0, 8.0, 1.0] | train det 0.0743 seg 0.2728 cnt 5.0654
[stage1] epoch 44/100 step 23 | loss 12.4685 | w [15.0, 8.0, 1.0] | train det 0.0559 seg 0.2316 cnt 9.7774
[stage1] epoch 44/100 step 24 | loss 10.3139 | w [15.0, 8.0, 1.0] | train det 0.0295 seg 0.3563 cnt 7.0207
[stage1] epoch 44/100 step 25 | loss 6.8047 | w [15.0, 8.0, 1.0] | train det 0.1173 seg 0.0601 cnt 4.5639
[stage1] epoch 44/100 step 26 | loss 8.1272 | w [15.0, 8.0, 1.0] | train det 0.1401 seg 0.3453 cnt 3.2629
[stage1] epoch 44/100 step 27 | loss 6.2397 | w [15.0, 8.0, 1.0] | train det 0.0633 seg 0.1626 cnt 3.9895
[stage1] epoch 44/100 step 28 | loss 11.0202 | w [15.0, 8.0, 1.0] | train det 0.0337 seg 0.1494 cnt 9.3198
[stage1] epoch 44/100 step 29 | loss 8.9454 | w [15.0, 8.0, 1.0] | train det 0.1102 seg 0.2253 cnt 5.4902
[stage1] epoch 44/100 step 30 | loss 8.0800 | w [15.0, 8.0, 1.0] | train det 0.0612 seg 0.2028 cnt 5.5403
[stage1] epoch 44/100 step 31 | loss 14.7426 | w [15.0, 8.0, 1.0] | train det 0.0569 seg 0.1698 cnt 12.5303
[stage1] epoch 44/100 step 32 | loss 4.8948 | w [15.0, 8.0, 1.0] | train det 0.0723 seg 0.1928 cnt 2.2686
[stage1] epoch 44/100 step 33 | loss 5.6320 | w [15.0, 8.0, 1.0] | train det 0.0690 seg 0.0872 cnt 3.8996
[stage1] epoch 44/100 step 34 | loss 12.3978 | w [15.0, 8.0, 1.0] | train det 0.0824 seg 0.1958 cnt 9.5958
[stage1] epoch 44/100 step 35 | loss 15.4055 | w [15.0, 8.0, 1.0] | train det 0.1104 seg 0.2784 cnt 11.5231
[stage1] epoch 44/100 step 36 | loss 14.3474 | w [15.0, 8.0, 1.0] | train det 0.0578 seg 0.3380 cnt 10.7767
[stage1] epoch 44/100 step 37 | loss 13.6525 | w [15.0, 8.0, 1.0] | train det 0.0633 seg 0.3919 cnt 9.5676
[stage1] epoch 44/100 step 38 | loss 8.3583 | w [15.0, 8.0, 1.0] | train det 0.1311 seg 0.2076 cnt 4.7315
[stage1] epoch 44/100 step 39 | loss 13.5740 | w [15.0, 8.0, 1.0] | train det 0.0818 seg 0.3325 cnt 9.6870
[stage1] epoch 44/100 step 40 | loss 7.6015 | w [15.0, 8.0, 1.0] | train det 0.1028 seg 0.0702 cnt 5.4981
[stage1] epoch 44/100 step 41 | loss 7.8542 | w [15.0, 8.0, 1.0] | train det 0.0602 seg 0.1516 cnt 5.7385
[stage1] epoch 44/100 step 42 | loss 12.7734 | w [15.0, 8.0, 1.0] | train det 0.0602 seg 0.1655 cnt 10.5464
[stage1] epoch 44/100 step 43 | loss 14.0189 | w [15.0, 8.0, 1.0] | train det 0.2560 seg 0.2159 cnt 8.4521
[stage1] epoch 44/100 | train 10.1217 | det 0.1045 seg 0.1989 cnt 6.9634
[stage1] epoch 45/100 step 1 | loss 7.1817 | w [15.0, 8.0, 1.0] | train det 0.0673 seg 0.2177 cnt 4.4302
[stage1] epoch 45/100 step 2 | loss 6.7754 | w [15.0, 8.0, 1.0] | train det 0.1383 seg 0.1578 cnt 3.4392
[stage1] epoch 45/100 step 3 | loss 7.9273 | w [15.0, 8.0, 1.0] | train det 0.0603 seg 0.1597 cnt 5.7450
[stage1] epoch 45/100 step 4 | loss 8.7517 | w [15.0, 8.0, 1.0] | train det 0.0749 seg 0.1941 cnt 6.0759
[stage1] epoch 45/100 step 5 | loss 7.0238 | w [15.0, 8.0, 1.0] | train det 0.0697 seg 0.0927 cnt 5.2359
[stage1] epoch 45/100 step 6 | loss 8.0884 | w [15.0, 8.0, 1.0] | train det 0.0960 seg 0.1901 cnt 5.1283
[stage1] epoch 45/100 step 7 | loss 13.9758 | w [15.0, 8.0, 1.0] | train det 0.1658 seg 0.1526 cnt 10.2688
[stage1] epoch 45/100 step 8 | loss 8.4862 | w [15.0, 8.0, 1.0] | train det 0.0603 seg 0.1540 cnt 6.3502
[stage1] epoch 45/100 step 9 | loss 9.7889 | w [15.0, 8.0, 1.0] | train det 0.1002 seg 0.1710 cnt 6.9181
[stage1] epoch 45/100 step 10 | loss 8.7908 | w [15.0, 8.0, 1.0] | train det 0.0703 seg 0.1586 cnt 6.4670
[stage1] epoch 45/100 step 11 | loss 7.3159 | w [15.0, 8.0, 1.0] | train det 0.1509 seg 0.0597 cnt 4.5749
[stage1] epoch 45/100 step 12 | loss 9.3039 | w [15.0, 8.0, 1.0] | train det 0.0335 seg 0.2100 cnt 7.1222
[stage1] epoch 45/100 step 13 | loss 6.8097 | w [15.0, 8.0, 1.0] | train det 0.1110 seg 0.2480 cnt 3.1599
[stage1] epoch 45/100 step 14 | loss 4.5694 | w [15.0, 8.0, 1.0] | train det 0.0207 seg 0.1454 cnt 3.0951
[stage1] epoch 45/100 step 15 | loss 9.1301 | w [15.0, 8.0, 1.0] | train det 0.0873 seg 0.1001 cnt 7.0195
[stage1] epoch 45/100 step 16 | loss 7.1740 | w [15.0, 8.0, 1.0] | train det 0.0722 seg 0.1457 cnt 4.9249
[stage1] epoch 45/100 step 17 | loss 6.2121 | w [15.0, 8.0, 1.0] | train det 0.0449 seg 0.1037 cnt 4.7092
[stage1] epoch 45/100 step 18 | loss 11.3532 | w [15.0, 8.0, 1.0] | train det 0.0454 seg 0.1001 cnt 9.8715
[stage1] epoch 45/100 step 19 | loss 5.0331 | w [15.0, 8.0, 1.0] | train det 0.0522 seg 0.0731 cnt 3.6658
[stage1] epoch 45/100 step 20 | loss 7.8933 | w [15.0, 8.0, 1.0] | train det 0.1392 seg 0.1298 cnt 4.7676
[stage1] epoch 45/100 step 21 | loss 9.4735 | w [15.0, 8.0, 1.0] | train det 0.0576 seg 0.1571 cnt 7.3528
[stage1] epoch 45/100 step 22 | loss 8.9753 | w [15.0, 8.0, 1.0] | train det 0.1020 seg 0.1468 cnt 6.2717
[stage1] epoch 45/100 step 23 | loss 17.3671 | w [15.0, 8.0, 1.0] | train det 0.0748 seg 0.2310 cnt 14.3978
[stage1] epoch 45/100 step 24 | loss 21.0698 | w [15.0, 8.0, 1.0] | train det 0.0321 seg 0.2557 cnt 18.5435
[stage1] epoch 45/100 step 25 | loss 12.0147 | w [15.0, 8.0, 1.0] | train det 0.5060 seg 0.1204 cnt 3.4620
[stage1] epoch 45/100 step 26 | loss 9.0660 | w [15.0, 8.0, 1.0] | train det 0.0546 seg 0.1899 cnt 6.7284
[stage1] epoch 45/100 step 27 | loss 9.8740 | w [15.0, 8.0, 1.0] | train det 0.0539 seg 0.2549 cnt 7.0266
[stage1] epoch 45/100 step 28 | loss 6.7761 | w [15.0, 8.0, 1.0] | train det 0.0501 seg 0.1083 cnt 5.1584
[stage1] epoch 45/100 step 29 | loss 6.6478 | w [15.0, 8.0, 1.0] | train det 0.0299 seg 0.2017 cnt 4.5858
[stage1] epoch 45/100 step 30 | loss 6.7977 | w [15.0, 8.0, 1.0] | train det 0.0526 seg 0.2052 cnt 4.3668
[stage1] epoch 45/100 step 31 | loss 11.6471 | w [15.0, 8.0, 1.0] | train det 0.0509 seg 0.1378 cnt 9.7821
[stage1] epoch 45/100 step 32 | loss 10.0585 | w [15.0, 8.0, 1.0] | train det 0.0646 seg 0.3334 cnt 6.4228
[stage1] epoch 45/100 step 33 | loss 8.9608 | w [15.0, 8.0, 1.0] | train det 0.1022 seg 0.2598 cnt 5.3499
[stage1] epoch 45/100 step 34 | loss 7.4538 | w [15.0, 8.0, 1.0] | train det 0.0762 seg 0.0910 cnt 5.5828
[stage1] epoch 45/100 step 35 | loss 10.9297 | w [15.0, 8.0, 1.0] | train det 0.1396 seg 0.2506 cnt 6.8308
[stage1] epoch 45/100 step 36 | loss 9.2253 | w [15.0, 8.0, 1.0] | train det 0.0139 seg 0.2288 cnt 7.1865
[stage1] epoch 45/100 step 37 | loss 5.4620 | w [15.0, 8.0, 1.0] | train det 0.0456 seg 0.1581 cnt 3.5124
[stage1] epoch 45/100 step 38 | loss 6.4760 | w [15.0, 8.0, 1.0] | train det 0.1304 seg 0.1465 cnt 3.3482
[stage1] epoch 45/100 step 39 | loss 9.2316 | w [15.0, 8.0, 1.0] | train det 0.0521 seg 0.2320 cnt 6.5942
[stage1] epoch 45/100 step 40 | loss 5.3884 | w [15.0, 8.0, 1.0] | train det 0.0775 seg 0.0622 cnt 3.7284
[stage1] epoch 45/100 step 41 | loss 8.1207 | w [15.0, 8.0, 1.0] | train det 0.0969 seg 0.2409 cnt 4.7392
[stage1] epoch 45/100 step 42 | loss 12.4372 | w [15.0, 8.0, 1.0] | train det 0.0898 seg 0.1470 cnt 9.9152
[stage1] epoch 45/100 step 43 | loss 9.5129 | w [15.0, 8.0, 1.0] | train det 0.1666 seg 0.2589 cnt 4.9422
[stage1] epoch 45/100 | train 8.9430 | det 0.0879 seg 0.1717 cnt 6.2511
[stage1] epoch 46/100 step 1 | loss 5.3063 | w [15.0, 8.0, 1.0] | train det 0.0676 seg 0.1409 cnt 3.1648
[stage1] epoch 46/100 step 2 | loss 9.6266 | w [15.0, 8.0, 1.0] | train det 0.1005 seg 0.2052 cnt 6.4781
[stage1] epoch 46/100 step 3 | loss 14.5526 | w [15.0, 8.0, 1.0] | train det 0.1586 seg 0.2394 cnt 10.2581
[stage1] epoch 46/100 step 4 | loss 15.0236 | w [15.0, 8.0, 1.0] | train det 0.5809 seg 0.0440 cnt 5.9573
[stage1] epoch 46/100 step 5 | loss 9.4988 | w [15.0, 8.0, 1.0] | train det 0.0500 seg 0.1549 cnt 7.5092
[stage1] epoch 46/100 step 6 | loss 7.6393 | w [15.0, 8.0, 1.0] | train det 0.1669 seg 0.1954 cnt 3.5729
[stage1] epoch 46/100 step 7 | loss 11.7174 | w [15.0, 8.0, 1.0] | train det 0.0735 seg 0.1521 cnt 9.3983
[stage1] epoch 46/100 step 8 | loss 6.5358 | w [15.0, 8.0, 1.0] | train det 0.0612 seg 0.1274 cnt 4.5983
[stage1] epoch 46/100 step 9 | loss 9.9812 | w [15.0, 8.0, 1.0] | train det 0.0286 seg 0.1558 cnt 8.3055
[stage1] epoch 46/100 step 10 | loss 13.0269 | w [15.0, 8.0, 1.0] | train det 0.0515 seg 0.1773 cnt 10.8356
[stage1] epoch 46/100 step 11 | loss 7.4788 | w [15.0, 8.0, 1.0] | train det 0.1294 seg 0.1905 cnt 4.0143
[stage1] epoch 46/100 step 12 | loss 6.8703 | w [15.0, 8.0, 1.0] | train det 0.0457 seg 0.3012 cnt 3.7754
[stage1] epoch 46/100 step 13 | loss 8.9760 | w [15.0, 8.0, 1.0] | train det 0.0809 seg 0.1044 cnt 6.9265
[stage1] epoch 46/100 step 14 | loss 7.1802 | w [15.0, 8.0, 1.0] | train det 0.0262 seg 0.3545 cnt 3.9512
[stage1] epoch 46/100 step 15 | loss 13.3739 | w [15.0, 8.0, 1.0] | train det 0.0602 seg 0.2650 cnt 10.3514
[stage1] epoch 46/100 step 16 | loss 8.4279 | w [15.0, 8.0, 1.0] | train det 0.2333 seg 0.1514 cnt 3.7168
[stage1] epoch 46/100 step 17 | loss 8.1924 | w [15.0, 8.0, 1.0] | train det 0.2015 seg 0.1600 cnt 3.8899
[stage1] epoch 46/100 step 18 | loss 4.8027 | w [15.0, 8.0, 1.0] | train det 0.1521 seg 0.1245 cnt 1.5255
[stage1] epoch 46/100 step 19 | loss 8.7287 | w [15.0, 8.0, 1.0] | train det 0.1753 seg 0.1405 cnt 4.9756
[stage1] epoch 46/100 step 20 | loss 20.1843 | w [15.0, 8.0, 1.0] | train det 0.5976 seg 0.1534 cnt 9.9925
[stage1] epoch 46/100 step 21 | loss 5.9154 | w [15.0, 8.0, 1.0] | train det 0.0719 seg 0.1402 cnt 3.7157
[stage1] epoch 46/100 step 22 | loss 6.5730 | w [15.0, 8.0, 1.0] | train det 0.0872 seg 0.1373 cnt 4.1672
[stage1] epoch 46/100 step 23 | loss 6.8012 | w [15.0, 8.0, 1.0] | train det 0.0645 seg 0.0924 cnt 5.0940
[stage1] epoch 46/100 step 24 | loss 7.3416 | w [15.0, 8.0, 1.0] | train det 0.0754 seg 0.1360 cnt 5.1224
[stage1] epoch 46/100 step 25 | loss 9.2562 | w [15.0, 8.0, 1.0] | train det 0.3507 seg 0.1434 cnt 2.8479
[stage1] epoch 46/100 step 26 | loss 10.8687 | w [15.0, 8.0, 1.0] | train det 0.0445 seg 0.4091 cnt 6.9290
[stage1] epoch 46/100 step 27 | loss 13.6324 | w [15.0, 8.0, 1.0] | train det 0.0634 seg 0.2451 cnt 10.7206
[stage1] epoch 46/100 step 28 | loss 9.0235 | w [15.0, 8.0, 1.0] | train det 0.0490 seg 0.1300 cnt 7.2484
[stage1] epoch 46/100 step 29 | loss 11.4607 | w [15.0, 8.0, 1.0] | train det 0.1608 seg 0.2272 cnt 7.2307
[stage1] epoch 46/100 step 30 | loss 7.7838 | w [15.0, 8.0, 1.0] | train det 0.0327 seg 0.3140 cnt 4.7815
[stage1] epoch 46/100 step 31 | loss 10.6782 | w [15.0, 8.0, 1.0] | train det 0.0488 seg 0.1225 cnt 8.9662
[stage1] epoch 46/100 step 32 | loss 9.0606 | w [15.0, 8.0, 1.0] | train det 0.2698 seg 0.2357 cnt 3.1285
[stage1] epoch 46/100 step 33 | loss 10.6773 | w [15.0, 8.0, 1.0] | train det 0.0965 seg 0.1888 cnt 7.7193
[stage1] epoch 46/100 step 34 | loss 12.5169 | w [15.0, 8.0, 1.0] | train det 0.0388 seg 0.2543 cnt 9.8999
[stage1] epoch 46/100 step 35 | loss 7.1786 | w [15.0, 8.0, 1.0] | train det 0.0652 seg 0.2861 cnt 3.9119
[stage1] epoch 46/100 step 36 | loss 6.0200 | w [15.0, 8.0, 1.0] | train det 0.0414 seg 0.1658 cnt 4.0725
[stage1] epoch 46/100 step 37 | loss 9.1438 | w [15.0, 8.0, 1.0] | train det 0.0514 seg 0.0564 cnt 7.9220
[stage1] epoch 46/100 step 38 | loss 8.0005 | w [15.0, 8.0, 1.0] | train det 0.0862 seg 0.2885 cnt 4.3993
[stage1] epoch 46/100 step 39 | loss 13.7510 | w [15.0, 8.0, 1.0] | train det 0.1807 seg 0.1201 cnt 10.0801
[stage1] epoch 46/100 step 40 | loss 11.8755 | w [15.0, 8.0, 1.0] | train det 0.5579 seg 0.0622 cnt 3.0093
[stage1] epoch 46/100 step 41 | loss 5.2880 | w [15.0, 8.0, 1.0] | train det 0.0459 seg 0.1623 cnt 3.3010
[stage1] epoch 46/100 step 42 | loss 4.8754 | w [15.0, 8.0, 1.0] | train det 0.1893 seg 0.0464 cnt 1.6646
[stage1] epoch 46/100 step 43 | loss 6.8742 | w [15.0, 8.0, 1.0] | train det 0.0754 seg 0.1436 cnt 4.5946
[stage1] epoch 46/100 | train 9.3423 | det 0.1346 seg 0.1778 cnt 5.9005
[stage1] epoch 47/100 step 1 | loss 92.4856 | w [15.0, 8.0, 1.0] | train det 0.0137 seg 0.1180 cnt 91.3362
[stage1] epoch 47/100 step 2 | loss 13.1793 | w [15.0, 8.0, 1.0] | train det 0.0389 seg 0.2231 cnt 10.8108
[stage1] epoch 47/100 step 3 | loss 6.9403 | w [15.0, 8.0, 1.0] | train det 0.0509 seg 0.1761 cnt 4.7680
[stage1] epoch 47/100 step 4 | loss 21.2085 | w [15.0, 8.0, 1.0] | train det 0.0653 seg 0.1440 cnt 19.0767
[stage1] epoch 47/100 step 5 | loss 3.0945 | w [15.0, 8.0, 1.0] | train det 0.0514 seg 0.1046 cnt 1.4872
[stage1] epoch 47/100 step 6 | loss 12.9554 | w [15.0, 8.0, 1.0] | train det 0.2340 seg 0.1557 cnt 8.1994
[stage1] epoch 47/100 step 7 | loss 6.2965 | w [15.0, 8.0, 1.0] | train det 0.0349 seg 0.1859 cnt 4.2863
[stage1] epoch 47/100 step 8 | loss 6.4256 | w [15.0, 8.0, 1.0] | train det 0.1570 seg 0.2390 cnt 2.1588
[stage1] epoch 47/100 step 9 | loss 5.8247 | w [15.0, 8.0, 1.0] | train det 0.0443 seg 0.1599 cnt 3.8808
[stage1] epoch 47/100 step 10 | loss 8.1217 | w [15.0, 8.0, 1.0] | train det 0.1537 seg 0.1239 cnt 4.8257
[stage1] epoch 47/100 step 11 | loss 4.0433 | w [15.0, 8.0, 1.0] | train det 0.0724 seg 0.1047 cnt 2.1193
[stage1] epoch 47/100 step 12 | loss 8.7993 | w [15.0, 8.0, 1.0] | train det 0.0644 seg 0.2325 cnt 5.9739
[stage1] epoch 47/100 step 13 | loss 9.1748 | w [15.0, 8.0, 1.0] | train det 0.0638 seg 0.1891 cnt 6.7051
[stage1] epoch 47/100 step 14 | loss 9.2282 | w [15.0, 8.0, 1.0] | train det 0.1392 seg 0.0688 cnt 6.5898
[stage1] epoch 47/100 step 15 | loss 11.9949 | w [15.0, 8.0, 1.0] | train det 0.4717 seg 0.1624 cnt 3.6204
[stage1] epoch 47/100 step 16 | loss 7.2932 | w [15.0, 8.0, 1.0] | train det 0.0553 seg 0.1455 cnt 5.3002
[stage1] epoch 47/100 step 17 | loss 17.8695 | w [15.0, 8.0, 1.0] | train det 0.4128 seg 0.0926 cnt 10.9363
[stage1] epoch 47/100 step 18 | loss 11.9287 | w [15.0, 8.0, 1.0] | train det 0.0469 seg 0.1412 cnt 10.0958
[stage1] epoch 47/100 step 19 | loss 12.4640 | w [15.0, 8.0, 1.0] | train det 0.0210 seg 0.1609 cnt 10.8610
[stage1] epoch 47/100 step 20 | loss 4.0419 | w [15.0, 8.0, 1.0] | train det 0.0513 seg 0.1240 cnt 2.2805
[stage1] epoch 47/100 step 21 | loss 4.8954 | w [15.0, 8.0, 1.0] | train det 0.0525 seg 0.1062 cnt 3.2591
[stage1] epoch 47/100 step 22 | loss 6.3059 | w [15.0, 8.0, 1.0] | train det 0.0637 seg 0.0765 cnt 4.7385
[stage1] epoch 47/100 step 23 | loss 6.0159 | w [15.0, 8.0, 1.0] | train det 0.0418 seg 0.1164 cnt 4.4576
[stage1] epoch 47/100 step 24 | loss 5.6942 | w [15.0, 8.0, 1.0] | train det 0.0271 seg 0.0815 cnt 4.6355
[stage1] epoch 47/100 step 25 | loss 95.1082 | w [15.0, 8.0, 1.0] | train det 0.1830 seg 0.1349 cnt 91.2846
[stage1] epoch 47/100 step 26 | loss 12.2081 | w [15.0, 8.0, 1.0] | train det 0.0396 seg 0.1042 cnt 10.7811
[stage1] epoch 47/100 step 27 | loss 10.9224 | w [15.0, 8.0, 1.0] | train det 0.1195 seg 0.3509 cnt 6.3221
[stage1] epoch 47/100 step 28 | loss 20.5536 | w [15.0, 8.0, 1.0] | train det 0.1650 seg 0.2052 cnt 16.4368
[stage1] epoch 47/100 step 29 | loss 4.9719 | w [15.0, 8.0, 1.0] | train det 0.0557 seg 0.0394 cnt 3.8210
[stage1] epoch 47/100 step 30 | loss 9.2672 | w [15.0, 8.0, 1.0] | train det 0.1107 seg 0.2222 cnt 5.8295
[stage1] epoch 47/100 step 31 | loss 6.9579 | w [15.0, 8.0, 1.0] | train det 0.0830 seg 0.1842 cnt 4.2394
[stage1] epoch 47/100 step 32 | loss 4.4739 | w [15.0, 8.0, 1.0] | train det 0.0661 seg 0.1603 cnt 2.2004
[stage1] epoch 47/100 step 33 | loss 6.0725 | w [15.0, 8.0, 1.0] | train det 0.1631 seg 0.1526 cnt 2.4043
[stage1] epoch 47/100 step 34 | loss 6.4493 | w [15.0, 8.0, 1.0] | train det 0.1117 seg 0.0889 cnt 4.0624
[stage1] epoch 47/100 step 35 | loss 3.7176 | w [15.0, 8.0, 1.0] | train det 0.0438 seg 0.1503 cnt 1.8580
[stage1] epoch 47/100 step 36 | loss 5.5666 | w [15.0, 8.0, 1.0] | train det 0.0270 seg 0.0739 cnt 4.5706
[stage1] epoch 47/100 step 37 | loss 8.6622 | w [15.0, 8.0, 1.0] | train det 0.0181 seg 0.2009 cnt 6.7833
[stage1] epoch 47/100 step 38 | loss 8.6064 | w [15.0, 8.0, 1.0] | train det 0.0382 seg 0.1735 cnt 6.6456
[stage1] epoch 47/100 step 39 | loss 6.2187 | w [15.0, 8.0, 1.0] | train det 0.0664 seg 0.1700 cnt 3.8624
[stage1] epoch 47/100 step 40 | loss 9.1502 | w [15.0, 8.0, 1.0] | train det 0.0828 seg 0.3638 cnt 4.9974
[stage1] epoch 47/100 step 41 | loss 12.4005 | w [15.0, 8.0, 1.0] | train det 0.0349 seg 0.1346 cnt 10.8000
[stage1] epoch 47/100 step 42 | loss 13.6644 | w [15.0, 8.0, 1.0] | train det 0.1836 seg 0.1754 cnt 9.5079
[stage1] epoch 47/100 step 43 | loss 11.0295 | w [15.0, 8.0, 1.0] | train det 0.0478 seg 0.0760 cnt 9.7046
[stage1] epoch 47/100 | train 12.8438 | det 0.0946 seg 0.1533 cnt 10.1980
[stage1] epoch 48/100 step 1 | loss 7.7046 | w [15.0, 8.0, 1.0] | train det 0.2041 seg 0.1585 cnt 3.3754
[stage1] epoch 48/100 step 2 | loss 85.2502 | w [15.0, 8.0, 1.0] | train det 0.0806 seg 0.2058 cnt 82.3943
[stage1] epoch 48/100 step 3 | loss 7.5196 | w [15.0, 8.0, 1.0] | train det 0.1768 seg 0.0737 cnt 4.2779
[stage1] epoch 48/100 step 4 | loss 5.5987 | w [15.0, 8.0, 1.0] | train det 0.0469 seg 0.1301 cnt 3.8546
[stage1] epoch 48/100 step 5 | loss 11.9178 | w [15.0, 8.0, 1.0] | train det 0.1772 seg 0.2364 cnt 7.3682
[stage1] epoch 48/100 step 6 | loss 6.2259 | w [15.0, 8.0, 1.0] | train det 0.0754 seg 0.0363 cnt 4.8046
[stage1] epoch 48/100 step 7 | loss 10.4912 | w [15.0, 8.0, 1.0] | train det 0.0656 seg 0.2214 cnt 7.7361
[stage1] epoch 48/100 step 8 | loss 8.5723 | w [15.0, 8.0, 1.0] | train det 0.0979 seg 0.1824 cnt 5.6446
[stage1] epoch 48/100 step 9 | loss 8.1492 | w [15.0, 8.0, 1.0] | train det 0.0695 seg 0.2327 cnt 5.2445
[stage1] epoch 48/100 step 10 | loss 6.2171 | w [15.0, 8.0, 1.0] | train det 0.0534 seg 0.4026 cnt 2.1950
[stage1] epoch 48/100 step 11 | loss 6.3089 | w [15.0, 8.0, 1.0] | train det 0.1048 seg 0.1165 cnt 3.8056
[stage1] epoch 48/100 step 12 | loss 7.2602 | w [15.0, 8.0, 1.0] | train det 0.1265 seg 0.1685 cnt 4.0149
[stage1] epoch 48/100 step 13 | loss 9.8578 | w [15.0, 8.0, 1.0] | train det 0.1006 seg 0.0867 cnt 7.6558
[stage1] epoch 48/100 step 14 | loss 4.9734 | w [15.0, 8.0, 1.0] | train det 0.0373 seg 0.1023 cnt 3.5960
[stage1] epoch 48/100 step 15 | loss 9.6387 | w [15.0, 8.0, 1.0] | train det 0.0912 seg 0.1448 cnt 7.1124
[stage1] epoch 48/100 step 16 | loss 7.4547 | w [15.0, 8.0, 1.0] | train det 0.0538 seg 0.1318 cnt 5.5931
[stage1] epoch 48/100 step 17 | loss 5.4291 | w [15.0, 8.0, 1.0] | train det 0.0842 seg 0.1084 cnt 3.2985
[stage1] epoch 48/100 step 18 | loss 18.7231 | w [15.0, 8.0, 1.0] | train det 0.2117 seg 0.2054 cnt 13.9048
[stage1] epoch 48/100 step 19 | loss 10.9980 | w [15.0, 8.0, 1.0] | train det 0.0861 seg 0.1651 cnt 8.3856
[stage1] epoch 48/100 step 20 | loss 39.1957 | w [15.0, 8.0, 1.0] | train det 0.2801 seg 0.1489 cnt 33.8024
[stage1] epoch 48/100 step 21 | loss 9.3239 | w [15.0, 8.0, 1.0] | train det 0.0966 seg 0.1353 cnt 6.7921
[stage1] epoch 48/100 step 22 | loss 6.8967 | w [15.0, 8.0, 1.0] | train det 0.1228 seg 0.0956 cnt 4.2895
[stage1] epoch 48/100 step 23 | loss 8.6820 | w [15.0, 8.0, 1.0] | train det 0.0574 seg 0.1141 cnt 6.9076
[stage1] epoch 48/100 step 24 | loss 5.7776 | w [15.0, 8.0, 1.0] | train det 0.0369 seg 0.0640 cnt 4.7119
[stage1] epoch 48/100 step 25 | loss 6.2018 | w [15.0, 8.0, 1.0] | train det 0.0431 seg 0.1047 cnt 4.7177
[stage1] epoch 48/100 step 26 | loss 86.8231 | w [15.0, 8.0, 1.0] | train det 0.0689 seg 0.1950 cnt 84.2297
[stage1] epoch 48/100 step 27 | loss 5.5591 | w [15.0, 8.0, 1.0] | train det 0.0370 seg 0.2016 cnt 3.3913
[stage1] epoch 48/100 step 28 | loss 7.8966 | w [15.0, 8.0, 1.0] | train det 0.1151 seg 0.1120 cnt 5.2737
[stage1] epoch 48/100 step 29 | loss 6.5843 | w [15.0, 8.0, 1.0] | train det 0.1075 seg 0.1504 cnt 3.7684
[stage1] epoch 48/100 step 30 | loss 5.6886 | w [15.0, 8.0, 1.0] | train det 0.0276 seg 0.0651 cnt 4.7531
[stage1] epoch 48/100 step 31 | loss 16.2002 | w [15.0, 8.0, 1.0] | train det 0.5311 seg 0.3206 cnt 5.6687
[stage1] epoch 48/100 step 32 | loss 9.0633 | w [15.0, 8.0, 1.0] | train det 0.1590 seg 0.1564 cnt 5.4279
[stage1] epoch 48/100 step 33 | loss 7.7938 | w [15.0, 8.0, 1.0] | train det 0.0401 seg 0.1293 cnt 6.1575
[stage1] epoch 48/100 step 34 | loss 5.5960 | w [15.0, 8.0, 1.0] | train det 0.1038 seg 0.2503 cnt 2.0369
[stage1] epoch 48/100 step 35 | loss 9.3780 | w [15.0, 8.0, 1.0] | train det 0.2199 seg 0.1849 cnt 4.5994
[stage1] epoch 48/100 step 36 | loss 9.7517 | w [15.0, 8.0, 1.0] | train det 0.0299 seg 0.1108 cnt 8.4168
[stage1] epoch 48/100 step 37 | loss 12.6473 | w [15.0, 8.0, 1.0] | train det 0.2156 seg 0.2288 cnt 7.5826
[stage1] epoch 48/100 step 38 | loss 6.8406 | w [15.0, 8.0, 1.0] | train det 0.0695 seg 0.1124 cnt 4.8994
[stage1] epoch 48/100 step 39 | loss 9.3158 | w [15.0, 8.0, 1.0] | train det 0.1493 seg 0.1180 cnt 6.1322
[stage1] epoch 48/100 step 40 | loss 6.8579 | w [15.0, 8.0, 1.0] | train det 0.0353 seg 0.1160 cnt 5.3994
[stage1] epoch 48/100 step 41 | loss 6.3922 | w [15.0, 8.0, 1.0] | train det 0.1528 seg 0.1719 cnt 2.7256
[stage1] epoch 48/100 step 42 | loss 12.6392 | w [15.0, 8.0, 1.0] | train det 0.0464 seg 0.0853 cnt 11.2611
[stage1] epoch 48/100 step 43 | loss 11.1687 | w [15.0, 8.0, 1.0] | train det 0.0550 seg 0.3618 cnt 7.4497
[stage1] epoch 48/100 | train 12.8038 | det 0.1103 seg 0.1591 cnt 9.8757
[stage1] epoch 49/100 step 1 | loss 14.8749 | w [15.0, 8.0, 1.0] | train det 0.0961 seg 0.2585 cnt 11.3650
[stage1] epoch 49/100 step 2 | loss 13.5762 | w [15.0, 8.0, 1.0] | train det 0.0791 seg 0.1969 cnt 10.8141
[stage1] epoch 49/100 step 3 | loss 13.7701 | w [15.0, 8.0, 1.0] | train det 0.5596 seg 0.1767 cnt 3.9621
[stage1] epoch 49/100 step 4 | loss 5.4360 | w [15.0, 8.0, 1.0] | train det 0.0347 seg 0.1670 cnt 3.5794
[stage1] epoch 49/100 step 5 | loss 5.9598 | w [15.0, 8.0, 1.0] | train det 0.0610 seg 0.1315 cnt 3.9924
[stage1] epoch 49/100 step 6 | loss 9.8273 | w [15.0, 8.0, 1.0] | train det 0.0374 seg 0.0823 cnt 8.6082
[stage1] epoch 49/100 step 7 | loss 5.9630 | w [15.0, 8.0, 1.0] | train det 0.0444 seg 0.1220 cnt 4.3201
[stage1] epoch 49/100 step 8 | loss 8.2810 | w [15.0, 8.0, 1.0] | train det 0.1773 seg 0.0817 cnt 4.9678
[stage1] epoch 49/100 step 9 | loss 11.2869 | w [15.0, 8.0, 1.0] | train det 0.1000 seg 0.0743 cnt 9.1927
[stage1] epoch 49/100 step 10 | loss 6.9020 | w [15.0, 8.0, 1.0] | train det 0.1083 seg 0.0484 cnt 4.8903
[stage1] epoch 49/100 step 11 | loss 21.5578 | w [15.0, 8.0, 1.0] | train det 0.1740 seg 0.0717 cnt 18.3738
[stage1] epoch 49/100 step 12 | loss 17.3228 | w [15.0, 8.0, 1.0] | train det 0.0626 seg 0.1295 cnt 15.3476
[stage1] epoch 49/100 step 13 | loss 6.8819 | w [15.0, 8.0, 1.0] | train det 0.0519 seg 0.0628 cnt 5.6015
[stage1] epoch 49/100 step 14 | loss 11.7765 | w [15.0, 8.0, 1.0] | train det 0.2160 seg 0.3098 cnt 6.0584
[stage1] epoch 49/100 step 15 | loss 5.0094 | w [15.0, 8.0, 1.0] | train det 0.0469 seg 0.1220 cnt 3.3306
[stage1] epoch 49/100 step 16 | loss 7.5225 | w [15.0, 8.0, 1.0] | train det 0.0579 seg 0.2233 cnt 4.8681
[stage1] epoch 49/100 step 17 | loss 9.9543 | w [15.0, 8.0, 1.0] | train det 0.0464 seg 0.2097 cnt 7.5816
[stage1] epoch 49/100 step 18 | loss 7.8940 | w [15.0, 8.0, 1.0] | train det 0.0623 seg 0.1453 cnt 5.7977
[stage1] epoch 49/100 step 19 | loss 8.3972 | w [15.0, 8.0, 1.0] | train det 0.0899 seg 0.1525 cnt 5.8281
[stage1] epoch 49/100 step 20 | loss 8.6653 | w [15.0, 8.0, 1.0] | train det 0.0664 seg 0.1590 cnt 6.3972
[stage1] epoch 49/100 step 21 | loss 11.2617 | w [15.0, 8.0, 1.0] | train det 0.0673 seg 0.0552 cnt 9.8109
[stage1] epoch 49/100 step 22 | loss 23.1425 | w [15.0, 8.0, 1.0] | train det 0.6326 seg 0.1766 cnt 12.2414
[stage1] epoch 49/100 step 23 | loss 15.1267 | w [15.0, 8.0, 1.0] | train det 0.0779 seg 0.1533 cnt 12.7319
[stage1] epoch 49/100 step 24 | loss 5.7998 | w [15.0, 8.0, 1.0] | train det 0.0465 seg 0.0905 cnt 4.3779
[stage1] epoch 49/100 step 25 | loss 15.7584 | w [15.0, 8.0, 1.0] | train det 0.2617 seg 0.1277 cnt 10.8111
[stage1] epoch 49/100 step 26 | loss 14.3500 | w [15.0, 8.0, 1.0] | train det 0.0320 seg 0.1020 cnt 13.0542
[stage1] epoch 49/100 step 27 | loss 9.8796 | w [15.0, 8.0, 1.0] | train det 0.2076 seg 0.1630 cnt 5.4610
[stage1] epoch 49/100 step 28 | loss 6.2986 | w [15.0, 8.0, 1.0] | train det 0.1148 seg 0.2119 cnt 2.8818
[stage1] epoch 49/100 step 29 | loss 5.5103 | w [15.0, 8.0, 1.0] | train det 0.0735 seg 0.1677 cnt 3.0667
[stage1] epoch 49/100 step 30 | loss 11.2182 | w [15.0, 8.0, 1.0] | train det 0.1646 seg 0.0747 cnt 8.1510
[stage1] epoch 49/100 step 31 | loss 6.0522 | w [15.0, 8.0, 1.0] | train det 0.0410 seg 0.2365 cnt 3.5449
[stage1] epoch 49/100 step 32 | loss 7.2333 | w [15.0, 8.0, 1.0] | train det 0.0625 seg 0.2434 cnt 4.3478
[stage1] epoch 49/100 step 33 | loss 10.9892 | w [15.0, 8.0, 1.0] | train det 0.0444 seg 0.0558 cnt 9.8774
[stage1] epoch 49/100 step 34 | loss 8.4798 | w [15.0, 8.0, 1.0] | train det 0.2021 seg 0.1163 cnt 4.5173
[stage1] epoch 49/100 step 35 | loss 15.9576 | w [15.0, 8.0, 1.0] | train det 0.1075 seg 0.1493 cnt 13.1513
[stage1] epoch 49/100 step 36 | loss 16.8910 | w [15.0, 8.0, 1.0] | train det 0.0248 seg 0.3783 cnt 13.4931
[stage1] epoch 49/100 step 37 | loss 7.9992 | w [15.0, 8.0, 1.0] | train det 0.1009 seg 0.1010 cnt 5.6778
[stage1] epoch 49/100 step 38 | loss 8.3733 | w [15.0, 8.0, 1.0] | train det 0.0828 seg 0.2455 cnt 5.1664
[stage1] epoch 49/100 step 39 | loss 13.3833 | w [15.0, 8.0, 1.0] | train det 0.6102 seg 0.1880 cnt 2.7258
[stage1] epoch 49/100 step 40 | loss 8.9542 | w [15.0, 8.0, 1.0] | train det 0.0400 seg 0.3768 cnt 5.3392
[stage1] epoch 49/100 step 41 | loss 12.6775 | w [15.0, 8.0, 1.0] | train det 0.0727 seg 0.2366 cnt 9.6948
[stage1] epoch 49/100 step 42 | loss 8.6141 | w [15.0, 8.0, 1.0] | train det 0.0261 seg 0.1823 cnt 6.7642
[stage1] epoch 49/100 step 43 | loss 6.7632 | w [15.0, 8.0, 1.0] | train det 0.0295 seg 0.1548 cnt 5.0830
[stage1] epoch 49/100 | train 10.5017 | det 0.1231 seg 0.1607 cnt 7.3686
[stage1] epoch 50/100 step 1 | loss 8.9371 | w [15.0, 8.0, 1.0] | train det 0.0808 seg 0.3193 cnt 5.1706
[stage1] epoch 50/100 step 2 | loss 7.1167 | w [15.0, 8.0, 1.0] | train det 0.0780 seg 0.2126 cnt 4.2464
[stage1] epoch 50/100 step 3 | loss 5.7025 | w [15.0, 8.0, 1.0] | train det 0.0892 seg 0.3225 cnt 1.7852
[stage1] epoch 50/100 step 4 | loss 10.9087 | w [15.0, 8.0, 1.0] | train det 0.3471 seg 0.1503 cnt 4.5002
[stage1] epoch 50/100 step 5 | loss 5.5926 | w [15.0, 8.0, 1.0] | train det 0.0455 seg 0.1812 cnt 3.4607
[stage1] epoch 50/100 step 6 | loss 4.5151 | w [15.0, 8.0, 1.0] | train det 0.0327 seg 0.0914 cnt 3.2935
[stage1] epoch 50/100 step 7 | loss 8.4391 | w [15.0, 8.0, 1.0] | train det 0.0597 seg 0.1668 cnt 6.2102
[stage1] epoch 50/100 step 8 | loss 8.3685 | w [15.0, 8.0, 1.0] | train det 0.0482 seg 0.1389 cnt 6.5343
[stage1] epoch 50/100 step 9 | loss 9.4682 | w [15.0, 8.0, 1.0] | train det 0.0843 seg 0.0925 cnt 7.4639
[stage1] epoch 50/100 step 10 | loss 14.1597 | w [15.0, 8.0, 1.0] | train det 0.4821 seg 0.1029 cnt 6.1053
[stage1] epoch 50/100 step 11 | loss 8.7640 | w [15.0, 8.0, 1.0] | train det 0.0260 seg 0.1211 cnt 7.4056
[stage1] epoch 50/100 step 12 | loss 8.2639 | w [15.0, 8.0, 1.0] | train det 0.0664 seg 0.1873 cnt 5.7700
[stage1] epoch 50/100 step 13 | loss 8.3305 | w [15.0, 8.0, 1.0] | train det 0.0346 seg 0.2362 cnt 5.9210
[stage1] epoch 50/100 step 14 | loss 3.6222 | w [15.0, 8.0, 1.0] | train det 0.0300 seg 0.1716 cnt 1.7989
[stage1] epoch 50/100 step 15 | loss 6.2108 | w [15.0, 8.0, 1.0] | train det 0.0603 seg 0.1481 cnt 4.1222
[stage1] epoch 50/100 step 16 | loss 11.7358 | w [15.0, 8.0, 1.0] | train det 0.1348 seg 0.0666 cnt 9.1800
[stage1] epoch 50/100 step 17 | loss 6.5878 | w [15.0, 8.0, 1.0] | train det 0.1566 seg 0.1134 cnt 3.3319
[stage1] epoch 50/100 step 18 | loss 4.4443 | w [15.0, 8.0, 1.0] | train det 0.0358 seg 0.1242 cnt 2.9135
[stage1] epoch 50/100 step 19 | loss 14.0330 | w [15.0, 8.0, 1.0] | train det 0.1647 seg 0.1763 cnt 10.1511
[stage1] epoch 50/100 step 20 | loss 13.7331 | w [15.0, 8.0, 1.0] | train det 0.0652 seg 0.1583 cnt 11.4881
[stage1] epoch 50/100 step 21 | loss 7.2734 | w [15.0, 8.0, 1.0] | train det 0.1321 seg 0.2735 cnt 3.1044
[stage1] epoch 50/100 step 22 | loss 8.1424 | w [15.0, 8.0, 1.0] | train det 0.0757 seg 0.0891 cnt 6.2944
[stage1] epoch 50/100 step 23 | loss 11.1285 | w [15.0, 8.0, 1.0] | train det 0.0588 seg 0.1086 cnt 9.3777
[stage1] epoch 50/100 step 24 | loss 7.6611 | w [15.0, 8.0, 1.0] | train det 0.0863 seg 0.3138 cnt 3.8556
[stage1] epoch 50/100 step 25 | loss 6.7924 | w [15.0, 8.0, 1.0] | train det 0.0625 seg 0.2505 cnt 3.8510
[stage1] epoch 50/100 step 26 | loss 5.8022 | w [15.0, 8.0, 1.0] | train det 0.0193 seg 0.1882 cnt 4.0074
[stage1] epoch 50/100 step 27 | loss 3.0268 | w [15.0, 8.0, 1.0] | train det 0.0136 seg 0.1597 cnt 1.5450
[stage1] epoch 50/100 step 28 | loss 6.7814 | w [15.0, 8.0, 1.0] | train det 0.0656 seg 0.1674 cnt 4.4576
[stage1] epoch 50/100 step 29 | loss 11.6651 | w [15.0, 8.0, 1.0] | train det 0.5145 seg 0.1008 cnt 3.1419
[stage1] epoch 50/100 step 30 | loss 5.1265 | w [15.0, 8.0, 1.0] | train det 0.0288 seg 0.0909 cnt 3.9667
[stage1] epoch 50/100 step 31 | loss 7.4457 | w [15.0, 8.0, 1.0] | train det 0.0563 seg 0.1580 cnt 5.3374
[stage1] epoch 50/100 step 32 | loss 10.2167 | w [15.0, 8.0, 1.0] | train det 0.0860 seg 0.2019 cnt 7.3115
[stage1] epoch 50/100 step 33 | loss 10.8767 | w [15.0, 8.0, 1.0] | train det 0.0706 seg 0.0431 cnt 9.4722
[stage1] epoch 50/100 step 34 | loss 9.9155 | w [15.0, 8.0, 1.0] | train det 0.0541 seg 0.0943 cnt 8.3502
[stage1] epoch 50/100 step 35 | loss 9.1854 | w [15.0, 8.0, 1.0] | train det 0.0428 seg 0.1071 cnt 7.6861
[stage1] epoch 50/100 step 36 | loss 7.1949 | w [15.0, 8.0, 1.0] | train det 0.0672 seg 0.1978 cnt 4.6040
[stage1] epoch 50/100 step 37 | loss 8.1340 | w [15.0, 8.0, 1.0] | train det 0.0571 seg 0.2658 cnt 5.1519
[stage1] epoch 50/100 step 38 | loss 3.0277 | w [15.0, 8.0, 1.0] | train det 0.0614 seg 0.0519 cnt 1.6921
[stage1] epoch 50/100 step 39 | loss 5.9461 | w [15.0, 8.0, 1.0] | train det 0.0730 seg 0.1496 cnt 3.6546
[stage1] epoch 50/100 step 40 | loss 16.2165 | w [15.0, 8.0, 1.0] | train det 0.3812 seg 0.1487 cnt 9.3079
[stage1] epoch 50/100 step 41 | loss 3.4732 | w [15.0, 8.0, 1.0] | train det 0.0412 seg 0.0303 cnt 2.6124
[stage1] epoch 50/100 step 42 | loss 6.0867 | w [15.0, 8.0, 1.0] | train det 0.0307 seg 0.3458 cnt 2.8589
[stage1] epoch 50/100 step 43 | loss 13.5251 | w [15.0, 8.0, 1.0] | train det 0.0727 seg 0.1860 cnt 10.9460
[stage1] epoch 50/100 | train 8.2227 | det 0.0994 seg 0.1629 cnt 5.4288
[stage1] epoch 51/100 step 1 | loss 19.6684 | w [15.0, 8.0, 1.0] | train det 0.5459 seg 0.2733 cnt 9.2933
[stage1] epoch 51/100 step 2 | loss 6.9264 | w [15.0, 8.0, 1.0] | train det 0.0800 seg 0.1483 cnt 4.5403
[stage1] epoch 51/100 step 3 | loss 7.4940 | w [15.0, 8.0, 1.0] | train det 0.1632 seg 0.1575 cnt 3.7863
[stage1] epoch 51/100 step 4 | loss 9.5620 | w [15.0, 8.0, 1.0] | train det 0.2768 seg 0.1250 cnt 4.4105
[stage1] epoch 51/100 step 5 | loss 8.4618 | w [15.0, 8.0, 1.0] | train det 0.0483 seg 0.1443 cnt 6.5822
[stage1] epoch 51/100 step 6 | loss 4.9673 | w [15.0, 8.0, 1.0] | train det 0.0616 seg 0.0852 cnt 3.3624
[stage1] epoch 51/100 step 7 | loss 10.2468 | w [15.0, 8.0, 1.0] | train det 0.0708 seg 0.2348 cnt 7.3062
[stage1] epoch 51/100 step 8 | loss 10.9719 | w [15.0, 8.0, 1.0] | train det 0.0339 seg 0.1713 cnt 9.0923
[stage1] epoch 51/100 step 9 | loss 8.3391 | w [15.0, 8.0, 1.0] | train det 0.0997 seg 0.1620 cnt 5.5484
[stage1] epoch 51/100 step 10 | loss 5.0436 | w [15.0, 8.0, 1.0] | train det 0.0747 seg 0.1099 cnt 3.0440
[stage1] epoch 51/100 step 11 | loss 4.6316 | w [15.0, 8.0, 1.0] | train det 0.0492 seg 0.1722 cnt 2.5160
[stage1] epoch 51/100 step 12 | loss 6.2052 | w [15.0, 8.0, 1.0] | train det 0.0856 seg 0.2448 cnt 2.9622
[stage1] epoch 51/100 step 13 | loss 10.7717 | w [15.0, 8.0, 1.0] | train det 0.1203 seg 0.1638 cnt 7.6569
[stage1] epoch 51/100 step 14 | loss 12.2659 | w [15.0, 8.0, 1.0] | train det 0.0710 seg 0.1835 cnt 9.7335
[stage1] epoch 51/100 step 15 | loss 11.9221 | w [15.0, 8.0, 1.0] | train det 0.0605 seg 0.1098 cnt 10.1365
[stage1] epoch 51/100 step 16 | loss 10.1910 | w [15.0, 8.0, 1.0] | train det 0.2158 seg 0.1278 cnt 5.9317
[stage1] epoch 51/100 step 17 | loss 17.0130 | w [15.0, 8.0, 1.0] | train det 0.2192 seg 0.1690 cnt 12.3731
[stage1] epoch 51/100 step 18 | loss 8.9102 | w [15.0, 8.0, 1.0] | train det 0.0526 seg 0.1004 cnt 7.3171
[stage1] epoch 51/100 step 19 | loss 12.5752 | w [15.0, 8.0, 1.0] | train det 0.1584 seg 0.0660 cnt 9.6717
[stage1] epoch 51/100 step 20 | loss 3.9344 | w [15.0, 8.0, 1.0] | train det 0.0868 seg 0.0697 cnt 2.0747
[stage1] epoch 51/100 step 21 | loss 13.5241 | w [15.0, 8.0, 1.0] | train det 0.0760 seg 0.1654 cnt 11.0610
[stage1] epoch 51/100 step 22 | loss 13.9138 | w [15.0, 8.0, 1.0] | train det 0.1381 seg 0.1680 cnt 10.4974
[stage1] epoch 51/100 step 23 | loss 12.4718 | w [15.0, 8.0, 1.0] | train det 0.0719 seg 0.1136 cnt 10.4844
[stage1] epoch 51/100 step 24 | loss 12.9334 | w [15.0, 8.0, 1.0] | train det 0.4951 seg 0.0673 cnt 4.9683
[stage1] epoch 51/100 step 25 | loss 10.3762 | w [15.0, 8.0, 1.0] | train det 0.1019 seg 0.1132 cnt 7.9423
[stage1] epoch 51/100 step 26 | loss 6.3284 | w [15.0, 8.0, 1.0] | train det 0.0979 seg 0.0582 cnt 4.3949
[stage1] epoch 51/100 step 27 | loss 6.3204 | w [15.0, 8.0, 1.0] | train det 0.0682 seg 0.1333 cnt 4.2315
[stage1] epoch 51/100 step 28 | loss 6.3288 | w [15.0, 8.0, 1.0] | train det 0.0834 seg 0.0721 cnt 4.5002
[stage1] epoch 51/100 step 29 | loss 11.4188 | w [15.0, 8.0, 1.0] | train det 0.0383 seg 0.1236 cnt 9.8554
[stage1] epoch 51/100 step 30 | loss 6.1467 | w [15.0, 8.0, 1.0] | train det 0.0540 seg 0.2168 cnt 3.6022
[stage1] epoch 51/100 step 31 | loss 11.3828 | w [15.0, 8.0, 1.0] | train det 0.1137 seg 0.2213 cnt 7.9071
[stage1] epoch 51/100 step 32 | loss 15.1555 | w [15.0, 8.0, 1.0] | train det 0.1501 seg 0.0923 cnt 12.1653
[stage1] epoch 51/100 step 33 | loss 15.6749 | w [15.0, 8.0, 1.0] | train det 0.4529 seg 0.2690 cnt 6.7295
[stage1] epoch 51/100 step 34 | loss 7.2156 | w [15.0, 8.0, 1.0] | train det 0.0908 seg 0.1321 cnt 4.7975
[stage1] epoch 51/100 step 35 | loss 7.2912 | w [15.0, 8.0, 1.0] | train det 0.1082 seg 0.2112 cnt 3.9783
[stage1] epoch 51/100 step 36 | loss 5.7813 | w [15.0, 8.0, 1.0] | train det 0.0324 seg 0.1555 cnt 4.0511
[stage1] epoch 51/100 step 37 | loss 17.2574 | w [15.0, 8.0, 1.0] | train det 0.6282 seg 0.1853 cnt 6.3527
[stage1] epoch 51/100 step 38 | loss 11.9838 | w [15.0, 8.0, 1.0] | train det 0.0949 seg 0.0820 cnt 9.9052
[stage1] epoch 51/100 step 39 | loss 12.9064 | w [15.0, 8.0, 1.0] | train det 0.1299 seg 0.1903 cnt 9.4351
[stage1] epoch 51/100 step 40 | loss 11.4609 | w [15.0, 8.0, 1.0] | train det 0.3020 seg 0.1869 cnt 5.4358
[stage1] epoch 51/100 step 41 | loss 14.1262 | w [15.0, 8.0, 1.0] | train det 0.0582 seg 0.1066 cnt 12.3999
[stage1] epoch 51/100 step 42 | loss 9.2746 | w [15.0, 8.0, 1.0] | train det 0.0530 seg 0.1842 cnt 7.0057
[stage1] epoch 51/100 step 43 | loss 9.5159 | w [15.0, 8.0, 1.0] | train det 0.0607 seg 0.0522 cnt 8.1872
[stage1] epoch 51/100 | train 10.2068 | det 0.1413 seg 0.1470 cnt 6.9123
[stage1] epoch 51 | val det 0.4354 seg 0.8848 miou 0.6191 cnt 6.1970 dens 9.819205e-01 mae 5.2151 total_mae 38.2298 | ap50 0.5681 | combo 1.379016
[ckpt] new best cached (stage1 epoch 51, combo 1.379016)
[stage1] epoch 52/100 step 1 | loss 12.8396 | w [15.0, 8.0, 1.0] | train det 0.1403 seg 0.1177 cnt 9.7944
[stage1] epoch 52/100 step 2 | loss 9.1574 | w [15.0, 8.0, 1.0] | train det 0.0357 seg 0.1449 cnt 7.4622
[stage1] epoch 52/100 step 3 | loss 8.9081 | w [15.0, 8.0, 1.0] | train det 0.0580 seg 0.1881 cnt 6.5332
[stage1] epoch 52/100 step 4 | loss 11.1350 | w [15.0, 8.0, 1.0] | train det 0.0545 seg 0.1231 cnt 9.3325
[stage1] epoch 52/100 step 5 | loss 5.4160 | w [15.0, 8.0, 1.0] | train det 0.0980 seg 0.1353 cnt 2.8639
[stage1] epoch 52/100 step 6 | loss 9.8967 | w [15.0, 8.0, 1.0] | train det 0.0632 seg 0.1124 cnt 8.0492
[stage1] epoch 52/100 step 7 | loss 14.3678 | w [15.0, 8.0, 1.0] | train det 0.0522 seg 0.1787 cnt 12.1546
[stage1] epoch 52/100 step 8 | loss 5.5224 | w [15.0, 8.0, 1.0] | train det 0.0421 seg 0.2027 cnt 3.2703
[stage1] epoch 52/100 step 9 | loss 4.7162 | w [15.0, 8.0, 1.0] | train det 0.0375 seg 0.1633 cnt 2.8468
[stage1] epoch 52/100 step 10 | loss 15.4193 | w [15.0, 8.0, 1.0] | train det 0.0345 seg 0.3531 cnt 12.0761
[stage1] epoch 52/100 step 11 | loss 6.3977 | w [15.0, 8.0, 1.0] | train det 0.0518 seg 0.1226 cnt 4.6401
[stage1] epoch 52/100 step 12 | loss 12.1395 | w [15.0, 8.0, 1.0] | train det 0.3634 seg 0.1329 cnt 5.6257
[stage1] epoch 52/100 step 13 | loss 11.5611 | w [15.0, 8.0, 1.0] | train det 0.4514 seg 0.1111 cnt 3.9018
[stage1] epoch 52/100 step 14 | loss 5.3728 | w [15.0, 8.0, 1.0] | train det 0.0540 seg 0.2434 cnt 2.6166
[stage1] epoch 52/100 step 15 | loss 38.2846 | w [15.0, 8.0, 1.0] | train det 0.5539 seg 0.0401 cnt 29.6544
[stage1] epoch 52/100 step 16 | loss 7.9664 | w [15.0, 8.0, 1.0] | train det 0.0409 seg 0.1556 cnt 6.1082
[stage1] epoch 52/100 step 17 | loss 12.1611 | w [15.0, 8.0, 1.0] | train det 0.0292 seg 0.1004 cnt 10.9192
[stage1] epoch 52/100 step 18 | loss 7.8390 | w [15.0, 8.0, 1.0] | train det 0.1689 seg 0.1644 cnt 3.9909
[stage1] epoch 52/100 step 19 | loss 7.0107 | w [15.0, 8.0, 1.0] | train det 0.1022 seg 0.1228 cnt 4.4952
[stage1] epoch 52/100 step 20 | loss 8.9199 | w [15.0, 8.0, 1.0] | train det 0.0490 seg 0.1294 cnt 7.1486
[stage1] epoch 52/100 step 21 | loss 10.4040 | w [15.0, 8.0, 1.0] | train det 0.0484 seg 0.1120 cnt 8.7816
[stage1] epoch 52/100 step 22 | loss 6.4967 | w [15.0, 8.0, 1.0] | train det 0.0253 seg 0.3296 cnt 3.4798
[stage1] epoch 52/100 step 23 | loss 5.5276 | w [15.0, 8.0, 1.0] | train det 0.0270 seg 0.1504 cnt 3.9191
[stage1] epoch 52/100 step 24 | loss 5.3675 | w [15.0, 8.0, 1.0] | train det 0.0962 seg 0.1873 cnt 2.4260
[stage1] epoch 52/100 step 25 | loss 10.0674 | w [15.0, 8.0, 1.0] | train det 0.0397 seg 0.0696 cnt 8.9147
[stage1] epoch 52/100 step 26 | loss 11.3974 | w [15.0, 8.0, 1.0] | train det 0.0716 seg 0.1907 cnt 8.7978
[stage1] epoch 52/100 step 27 | loss 8.9688 | w [15.0, 8.0, 1.0] | train det 0.0393 seg 0.1784 cnt 6.9528
[stage1] epoch 52/100 step 28 | loss 9.2919 | w [15.0, 8.0, 1.0] | train det 0.0518 seg 0.1327 cnt 7.4539
[stage1] epoch 52/100 step 29 | loss 7.1595 | w [15.0, 8.0, 1.0] | train det 0.2473 seg 0.2142 cnt 1.7362
[stage1] epoch 52/100 step 30 | loss 9.1455 | w [15.0, 8.0, 1.0] | train det 0.0467 seg 0.2164 cnt 6.7133
[stage1] epoch 52/100 step 31 | loss 16.5968 | w [15.0, 8.0, 1.0] | train det 0.2050 seg 0.1852 cnt 12.0406
[stage1] epoch 52/100 step 32 | loss 4.9226 | w [15.0, 8.0, 1.0] | train det 0.0626 seg 0.1945 cnt 2.4282
[stage1] epoch 52/100 step 33 | loss 4.9543 | w [15.0, 8.0, 1.0] | train det 0.0918 seg 0.1234 cnt 2.5910
[stage1] epoch 52/100 step 34 | loss 14.1731 | w [15.0, 8.0, 1.0] | train det 0.0366 seg 0.1855 cnt 12.1398
[stage1] epoch 52/100 step 35 | loss 6.7060 | w [15.0, 8.0, 1.0] | train det 0.0367 seg 0.1721 cnt 4.7796
[stage1] epoch 52/100 step 36 | loss 9.8145 | w [15.0, 8.0, 1.0] | train det 0.1251 seg 0.1042 cnt 7.1038
[stage1] epoch 52/100 step 37 | loss 6.4443 | w [15.0, 8.0, 1.0] | train det 0.0935 seg 0.1418 cnt 3.9070
[stage1] epoch 52/100 step 38 | loss 3.8741 | w [15.0, 8.0, 1.0] | train det 0.0518 seg 0.1491 cnt 1.9045
[stage1] epoch 52/100 step 39 | loss 31.6573 | w [15.0, 8.0, 1.0] | train det 0.0599 seg 0.1912 cnt 29.2290
[stage1] epoch 52/100 step 40 | loss 8.2658 | w [15.0, 8.0, 1.0] | train det 0.0530 seg 0.1641 cnt 6.1587
[stage1] epoch 52/100 step 41 | loss 12.0943 | w [15.0, 8.0, 1.0] | train det 0.0935 seg 0.1102 cnt 9.8100
[stage1] epoch 52/100 step 42 | loss 5.9156 | w [15.0, 8.0, 1.0] | train det 0.0576 seg 0.1768 cnt 3.6366
[stage1] epoch 52/100 step 43 | loss 7.5662 | w [15.0, 8.0, 1.0] | train det 0.0666 seg 0.2622 cnt 4.4698
[stage1] epoch 52/100 | train 10.0428 | det 0.0979 seg 0.1624 cnt 7.2758
[stage1] epoch 52 | val det 0.4271 seg 0.8997 miou 0.6143 cnt 7.7161 dens 1.011262e+00 mae 6.7048 total_mae 36.5200 | ap50 0.5665 | combo 1.329974
[stage1] epoch 53/100 step 1 | loss 17.4145 | w [15.0, 8.0, 1.0] | train det 0.1682 seg 0.1757 cnt 13.4865
[stage1] epoch 53/100 step 2 | loss 10.4348 | w [15.0, 8.0, 1.0] | train det 0.0449 seg 0.1350 cnt 8.6814
[stage1] epoch 53/100 step 3 | loss 5.1581 | w [15.0, 8.0, 1.0] | train det 0.0409 seg 0.0662 cnt 4.0144
[stage1] epoch 53/100 step 4 | loss 7.2488 | w [15.0, 8.0, 1.0] | train det 0.0874 seg 0.1677 cnt 4.5965
[stage1] epoch 53/100 step 5 | loss 8.0142 | w [15.0, 8.0, 1.0] | train det 0.0741 seg 0.1857 cnt 5.4174
[stage1] epoch 53/100 step 6 | loss 6.3130 | w [15.0, 8.0, 1.0] | train det 0.0615 seg 0.1935 cnt 3.8422
[stage1] epoch 53/100 step 7 | loss 7.1952 | w [15.0, 8.0, 1.0] | train det 0.0362 seg 0.2043 cnt 5.0172
[stage1] epoch 53/100 step 8 | loss 6.6894 | w [15.0, 8.0, 1.0] | train det 0.1017 seg 0.3090 cnt 2.6923
[stage1] epoch 53/100 step 9 | loss 6.2810 | w [15.0, 8.0, 1.0] | train det 0.0493 seg 0.2237 cnt 3.7518
[stage1] epoch 53/100 step 10 | loss 18.8452 | w [15.0, 8.0, 1.0] | train det 0.5056 seg 0.3026 cnt 8.8407
[stage1] epoch 53/100 step 11 | loss 11.4869 | w [15.0, 8.0, 1.0] | train det 0.0642 seg 0.1288 cnt 9.4943
[stage1] epoch 53/100 step 12 | loss 8.2985 | w [15.0, 8.0, 1.0] | train det 0.0854 seg 0.1944 cnt 5.4626
[stage1] epoch 53/100 step 13 | loss 11.4167 | w [15.0, 8.0, 1.0] | train det 0.1039 seg 0.1202 cnt 8.8963
[stage1] epoch 53/100 step 14 | loss 5.5825 | w [15.0, 8.0, 1.0] | train det 0.0410 seg 0.1246 cnt 3.9708
[stage1] epoch 53/100 step 15 | loss 10.1701 | w [15.0, 8.0, 1.0] | train det 0.0684 seg 0.0877 cnt 8.4426
[stage1] epoch 53/100 step 16 | loss 6.4286 | w [15.0, 8.0, 1.0] | train det 0.0410 seg 0.1460 cnt 4.6459
[stage1] epoch 53/100 step 17 | loss 6.7729 | w [15.0, 8.0, 1.0] | train det 0.0309 seg 0.1293 cnt 5.2740
[stage1] epoch 53/100 step 18 | loss 5.9783 | w [15.0, 8.0, 1.0] | train det 0.0304 seg 0.1400 cnt 4.4019
[stage1] epoch 53/100 step 19 | loss 8.6409 | w [15.0, 8.0, 1.0] | train det 0.1726 seg 0.1505 cnt 4.8487
[stage1] epoch 53/100 step 20 | loss 9.5753 | w [15.0, 8.0, 1.0] | train det 0.0871 seg 0.1871 cnt 6.7716
[stage1] epoch 53/100 step 21 | loss 9.3271 | w [15.0, 8.0, 1.0] | train det 0.1368 seg 0.2011 cnt 5.6661
[stage1] epoch 53/100 step 22 | loss 12.3721 | w [15.0, 8.0, 1.0] | train det 0.1913 seg 0.1471 cnt 8.3252
[stage1] epoch 53/100 step 23 | loss 6.3431 | w [15.0, 8.0, 1.0] | train det 0.1768 seg 0.1838 cnt 2.2209
[stage1] epoch 53/100 step 24 | loss 11.6957 | w [15.0, 8.0, 1.0] | train det 0.0893 seg 0.1865 cnt 8.8644
[stage1] epoch 53/100 step 25 | loss 16.9610 | w [15.0, 8.0, 1.0] | train det 0.0344 seg 0.0411 cnt 16.1168
[stage1] epoch 53/100 step 26 | loss 11.7028 | w [15.0, 8.0, 1.0] | train det 0.0248 seg 0.1572 cnt 10.0721
[stage1] epoch 53/100 step 27 | loss 5.3941 | w [15.0, 8.0, 1.0] | train det 0.0403 seg 0.0643 cnt 4.2752
[stage1] epoch 53/100 step 28 | loss 5.3314 | w [15.0, 8.0, 1.0] | train det 0.0340 seg 0.1651 cnt 3.5012
[stage1] epoch 53/100 step 29 | loss 7.8614 | w [15.0, 8.0, 1.0] | train det 0.0679 seg 0.1644 cnt 5.5279
[stage1] epoch 53/100 step 30 | loss 5.7488 | w [15.0, 8.0, 1.0] | train det 0.0225 seg 0.2516 cnt 3.3985
[stage1] epoch 53/100 step 31 | loss 7.5003 | w [15.0, 8.0, 1.0] | train det 0.0756 seg 0.1173 cnt 5.4287
[stage1] epoch 53/100 step 32 | loss 3.4666 | w [15.0, 8.0, 1.0] | train det 0.0268 seg 0.1236 cnt 2.0758
[stage1] epoch 53/100 step 33 | loss 5.7864 | w [15.0, 8.0, 1.0] | train det 0.0663 seg 0.0933 cnt 4.0450
[stage1] epoch 53/100 step 34 | loss 8.7287 | w [15.0, 8.0, 1.0] | train det 0.0834 seg 0.2218 cnt 5.7035
[stage1] epoch 53/100 step 35 | loss 11.0021 | w [15.0, 8.0, 1.0] | train det 0.0579 seg 0.0716 cnt 9.5609
[stage1] epoch 53/100 step 36 | loss 9.2917 | w [15.0, 8.0, 1.0] | train det 0.0515 seg 0.0731 cnt 7.9347
[stage1] epoch 53/100 step 37 | loss 12.5990 | w [15.0, 8.0, 1.0] | train det 0.1656 seg 0.1387 cnt 9.0048
[stage1] epoch 53/100 step 38 | loss 7.4662 | w [15.0, 8.0, 1.0] | train det 0.0335 seg 0.1391 cnt 5.8506
[stage1] epoch 53/100 step 39 | loss 6.7501 | w [15.0, 8.0, 1.0] | train det 0.0443 seg 0.1212 cnt 5.1164
[stage1] epoch 53/100 step 40 | loss 9.2296 | w [15.0, 8.0, 1.0] | train det 0.1363 seg 0.1958 cnt 5.6186
[stage1] epoch 53/100 step 41 | loss 7.5203 | w [15.0, 8.0, 1.0] | train det 0.0744 seg 0.1427 cnt 5.2619
[stage1] epoch 53/100 step 42 | loss 7.2217 | w [15.0, 8.0, 1.0] | train det 0.0699 seg 0.2276 cnt 4.3527
[stage1] epoch 53/100 step 43 | loss 7.6189 | w [15.0, 8.0, 1.0] | train det 0.0540 seg 0.1217 cnt 5.8349
[stage1] epoch 53/100 | train 8.7178 | det 0.0849 seg 0.1563 cnt 6.1932
[stage1] epoch 53 | val det 0.4282 seg 0.8827 miou 0.6189 cnt 5.6014 dens 9.855476e-01 mae 4.6159 total_mae 30.6204 | ap50 0.5681 | combo 1.403722
[ckpt] new best cached (stage1 epoch 53, combo 1.403722)
[stage1] epoch 54/100 step 1 | loss 14.3226 | w [15.0, 8.0, 1.0] | train det 0.1135 seg 0.1817 cnt 11.1662
[stage1] epoch 54/100 step 2 | loss 4.9468 | w [15.0, 8.0, 1.0] | train det 0.0513 seg 0.1486 cnt 2.9885
[stage1] epoch 54/100 step 3 | loss 7.9017 | w [15.0, 8.0, 1.0] | train det 0.0676 seg 0.1025 cnt 6.0684
[stage1] epoch 54/100 step 4 | loss 7.4505 | w [15.0, 8.0, 1.0] | train det 0.0658 seg 0.1076 cnt 5.6021
[stage1] epoch 54/100 step 5 | loss 6.1655 | w [15.0, 8.0, 1.0] | train det 0.0737 seg 0.1314 cnt 4.0097
[stage1] epoch 54/100 step 6 | loss 19.6659 | w [15.0, 8.0, 1.0] | train det 0.5734 seg 0.0917 cnt 10.3309
[stage1] epoch 54/100 step 7 | loss 2.6130 | w [15.0, 8.0, 1.0] | train det 0.0324 seg 0.0711 cnt 1.5576
[stage1] epoch 54/100 step 8 | loss 7.6283 | w [15.0, 8.0, 1.0] | train det 0.0692 seg 0.2001 cnt 4.9891
[stage1] epoch 54/100 step 9 | loss 13.7576 | w [15.0, 8.0, 1.0] | train det 0.0662 seg 0.1800 cnt 11.3249
[stage1] epoch 54/100 step 10 | loss 3.2685 | w [15.0, 8.0, 1.0] | train det 0.0366 seg 0.1352 cnt 1.6380
[stage1] epoch 54/100 step 11 | loss 4.8121 | w [15.0, 8.0, 1.0] | train det 0.0338 seg 0.0959 cnt 3.5373
[stage1] epoch 54/100 step 12 | loss 6.2332 | w [15.0, 8.0, 1.0] | train det 0.1331 seg 0.1393 cnt 3.1215
[stage1] epoch 54/100 step 13 | loss 9.2790 | w [15.0, 8.0, 1.0] | train det 0.4263 seg 0.0881 cnt 2.1802
[stage1] epoch 54/100 step 14 | loss 6.0859 | w [15.0, 8.0, 1.0] | train det 0.0146 seg 0.0599 cnt 5.3873
[stage1] epoch 54/100 step 15 | loss 4.6379 | w [15.0, 8.0, 1.0] | train det 0.0298 seg 0.1432 cnt 3.0454
[stage1] epoch 54/100 step 16 | loss 14.5258 | w [15.0, 8.0, 1.0] | train det 0.0297 seg 0.1777 cnt 12.6595
[stage1] epoch 54/100 step 17 | loss 6.7316 | w [15.0, 8.0, 1.0] | train det 0.0748 seg 0.1323 cnt 4.5513
[stage1] epoch 54/100 step 18 | loss 7.2575 | w [15.0, 8.0, 1.0] | train det 0.0411 seg 0.0920 cnt 5.9050
[stage1] epoch 54/100 step 19 | loss 3.6991 | w [15.0, 8.0, 1.0] | train det 0.0678 seg 0.0801 cnt 2.0411
[stage1] epoch 54/100 step 20 | loss 12.8230 | w [15.0, 8.0, 1.0] | train det 0.2160 seg 0.2246 cnt 7.7866
[stage1] epoch 54/100 step 21 | loss 8.8145 | w [15.0, 8.0, 1.0] | train det 0.0274 seg 0.1530 cnt 7.1796
[stage1] epoch 54/100 step 22 | loss 10.5130 | w [15.0, 8.0, 1.0] | train det 0.1259 seg 0.1080 cnt 7.7608
[stage1] epoch 54/100 step 23 | loss 14.5922 | w [15.0, 8.0, 1.0] | train det 0.0245 seg 0.0835 cnt 13.5564
[stage1] epoch 54/100 step 24 | loss 8.2581 | w [15.0, 8.0, 1.0] | train det 0.0566 seg 0.2075 cnt 5.7494
[stage1] epoch 54/100 step 25 | loss 14.2864 | w [15.0, 8.0, 1.0] | train det 0.1522 seg 0.1784 cnt 10.5758
[stage1] epoch 54/100 step 26 | loss 4.8432 | w [15.0, 8.0, 1.0] | train det 0.0526 seg 0.1578 cnt 2.7912
[stage1] epoch 54/100 step 27 | loss 11.0925 | w [15.0, 8.0, 1.0] | train det 0.0742 seg 0.2528 cnt 7.9575
[stage1] epoch 54/100 step 28 | loss 6.7146 | w [15.0, 8.0, 1.0] | train det 0.0749 seg 0.0795 cnt 4.9550
[stage1] epoch 54/100 step 29 | loss 7.4991 | w [15.0, 8.0, 1.0] | train det 0.1751 seg 0.1249 cnt 3.8726
[stage1] epoch 54/100 step 30 | loss 9.0110 | w [15.0, 8.0, 1.0] | train det 0.0622 seg 0.0985 cnt 7.2909
[stage1] epoch 54/100 step 31 | loss 5.2340 | w [15.0, 8.0, 1.0] | train det 0.1378 seg 0.1951 cnt 1.6068
[stage1] epoch 54/100 step 32 | loss 7.0970 | w [15.0, 8.0, 1.0] | train det 0.0326 seg 0.0834 cnt 5.9414
[stage1] epoch 54/100 step 33 | loss 14.0022 | w [15.0, 8.0, 1.0] | train det 0.0482 seg 0.3338 cnt 10.6087
[stage1] epoch 54/100 step 34 | loss 4.4513 | w [15.0, 8.0, 1.0] | train det 0.0564 seg 0.1867 cnt 2.1114
[stage1] epoch 54/100 step 35 | loss 6.9887 | w [15.0, 8.0, 1.0] | train det 0.1406 seg 0.1683 cnt 3.5327
[stage1] epoch 54/100 step 36 | loss 3.8875 | w [15.0, 8.0, 1.0] | train det 0.0156 seg 0.1680 cnt 2.3099
[stage1] epoch 54/100 step 37 | loss 5.0469 | w [15.0, 8.0, 1.0] | train det 0.0892 seg 0.1788 cnt 2.2788
[stage1] epoch 54/100 step 38 | loss 6.6366 | w [15.0, 8.0, 1.0] | train det 0.0484 seg 0.1426 cnt 4.7696
[stage1] epoch 54/100 step 39 | loss 4.6820 | w [15.0, 8.0, 1.0] | train det 0.0712 seg 0.0855 cnt 2.9302
[stage1] epoch 54/100 step 40 | loss 11.2896 | w [15.0, 8.0, 1.0] | train det 0.0537 seg 0.0939 cnt 9.7328
[stage1] epoch 54/100 step 41 | loss 7.0570 | w [15.0, 8.0, 1.0] | train det 0.0868 seg 0.1758 cnt 4.3487
[stage1] epoch 54/100 step 42 | loss 17.4678 | w [15.0, 8.0, 1.0] | train det 0.5643 seg 0.1829 cnt 7.5408
[stage1] epoch 54/100 step 43 | loss 5.3158 | w [15.0, 8.0, 1.0] | train det 0.0333 seg 0.1693 cnt 3.4610
[stage1] epoch 54/100 | train 8.3392 | det 0.1028 seg 0.1440 cnt 5.6454
[stage1] epoch 54 | val det 0.4388 seg 0.8899 miou 0.6169 cnt 5.2525 dens 9.775142e-01 mae 4.2749 total_mae 23.2378 | ap50 0.5655 | combo 1.416336
[ckpt] new best cached (stage1 epoch 54, combo 1.416336)
[stage1] epoch 55/100 step 1 | loss 4.6704 | w [15.0, 8.0, 1.0] | train det 0.0494 seg 0.2262 cnt 2.1190
[stage1] epoch 55/100 step 2 | loss 7.8657 | w [15.0, 8.0, 1.0] | train det 0.0424 seg 0.1264 cnt 6.2182
[stage1] epoch 55/100 step 3 | loss 7.0960 | w [15.0, 8.0, 1.0] | train det 0.2202 seg 0.1403 cnt 2.6711
[stage1] epoch 55/100 step 4 | loss 5.5402 | w [15.0, 8.0, 1.0] | train det 0.0584 seg 0.1476 cnt 3.4838
[stage1] epoch 55/100 step 5 | loss 5.8431 | w [15.0, 8.0, 1.0] | train det 0.0694 seg 0.1532 cnt 3.5772
[stage1] epoch 55/100 step 6 | loss 4.2515 | w [15.0, 8.0, 1.0] | train det 0.0323 seg 0.0834 cnt 3.1004
[stage1] epoch 55/100 step 7 | loss 5.5690 | w [15.0, 8.0, 1.0] | train det 0.0766 seg 0.2062 cnt 2.7705
[stage1] epoch 55/100 step 8 | loss 8.1159 | w [15.0, 8.0, 1.0] | train det 0.0856 seg 0.2381 cnt 4.9263
[stage1] epoch 55/100 step 9 | loss 14.2305 | w [15.0, 8.0, 1.0] | train det 0.4967 seg 0.0657 cnt 6.2547
[stage1] epoch 55/100 step 10 | loss 6.7941 | w [15.0, 8.0, 1.0] | train det 0.0347 seg 0.1587 cnt 5.0039
[stage1] epoch 55/100 step 11 | loss 8.4853 | w [15.0, 8.0, 1.0] | train det 0.0806 seg 0.1028 cnt 6.4540
[stage1] epoch 55/100 step 12 | loss 10.1938 | w [15.0, 8.0, 1.0] | train det 0.0545 seg 0.0809 cnt 8.7293
[stage1] epoch 55/100 step 13 | loss 8.4195 | w [15.0, 8.0, 1.0] | train det 0.1220 seg 0.2353 cnt 4.7065
[stage1] epoch 55/100 step 14 | loss 6.1884 | w [15.0, 8.0, 1.0] | train det 0.0651 seg 0.1426 cnt 4.0707
[stage1] epoch 55/100 step 15 | loss 7.6332 | w [15.0, 8.0, 1.0] | train det 0.0877 seg 0.0958 cnt 5.5519
[stage1] epoch 55/100 step 16 | loss 9.5811 | w [15.0, 8.0, 1.0] | train det 0.0378 seg 0.2883 cnt 6.7073
[stage1] epoch 55/100 step 17 | loss 6.1029 | w [15.0, 8.0, 1.0] | train det 0.1008 seg 0.1199 cnt 3.6321
[stage1] epoch 55/100 step 18 | loss 8.7559 | w [15.0, 8.0, 1.0] | train det 0.0613 seg 0.1595 cnt 6.5610
[stage1] epoch 55/100 step 19 | loss 8.5025 | w [15.0, 8.0, 1.0] | train det 0.1558 seg 0.0754 cnt 5.5616
[stage1] epoch 55/100 step 20 | loss 5.7706 | w [15.0, 8.0, 1.0] | train det 0.0444 seg 0.1352 cnt 4.0237
[stage1] epoch 55/100 step 21 | loss 3.4833 | w [15.0, 8.0, 1.0] | train det 0.0506 seg 0.1824 cnt 1.2651
[stage1] epoch 55/100 step 22 | loss 6.3192 | w [15.0, 8.0, 1.0] | train det 0.0312 seg 0.1634 cnt 4.5442
[stage1] epoch 55/100 step 23 | loss 10.9252 | w [15.0, 8.0, 1.0] | train det 0.0213 seg 0.0616 cnt 10.1125
[stage1] epoch 55/100 step 24 | loss 11.2738 | w [15.0, 8.0, 1.0] | train det 0.2448 seg 0.0603 cnt 7.1191
[stage1] epoch 55/100 step 25 | loss 4.5324 | w [15.0, 8.0, 1.0] | train det 0.0610 seg 0.2081 cnt 1.9524
[stage1] epoch 55/100 step 26 | loss 6.7230 | w [15.0, 8.0, 1.0] | train det 0.0439 seg 0.2081 cnt 4.4004
[stage1] epoch 55/100 step 27 | loss 8.3006 | w [15.0, 8.0, 1.0] | train det 0.3998 seg 0.0410 cnt 1.9756
[stage1] epoch 55/100 step 28 | loss 5.8876 | w [15.0, 8.0, 1.0] | train det 0.0735 seg 0.1669 cnt 3.4507
[stage1] epoch 55/100 step 29 | loss 8.7476 | w [15.0, 8.0, 1.0] | train det 0.2691 seg 0.2098 cnt 3.0324
[stage1] epoch 55/100 step 30 | loss 5.6860 | w [15.0, 8.0, 1.0] | train det 0.0625 seg 0.1752 cnt 3.3468
[stage1] epoch 55/100 step 31 | loss 5.4823 | w [15.0, 8.0, 1.0] | train det 0.0575 seg 0.1313 cnt 3.5700
[stage1] epoch 55/100 step 32 | loss 5.5193 | w [15.0, 8.0, 1.0] | train det 0.0681 seg 0.1234 cnt 3.5099
[stage1] epoch 55/100 step 33 | loss 7.3941 | w [15.0, 8.0, 1.0] | train det 0.0261 seg 0.1873 cnt 5.5044
[stage1] epoch 55/100 step 34 | loss 7.0656 | w [15.0, 8.0, 1.0] | train det 0.1008 seg 0.1467 cnt 4.3802
[stage1] epoch 55/100 step 35 | loss 7.7942 | w [15.0, 8.0, 1.0] | train det 0.0283 seg 0.1746 cnt 5.9734
[stage1] epoch 55/100 step 36 | loss 9.7745 | w [15.0, 8.0, 1.0] | train det 0.0322 seg 0.2064 cnt 7.6407
[stage1] epoch 55/100 step 37 | loss 7.1539 | w [15.0, 8.0, 1.0] | train det 0.0453 seg 0.1139 cnt 5.5626
[stage1] epoch 55/100 step 38 | loss 6.2893 | w [15.0, 8.0, 1.0] | train det 0.0521 seg 0.1106 cnt 4.6231
[stage1] epoch 55/100 step 39 | loss 10.6024 | w [15.0, 8.0, 1.0] | train det 0.2891 seg 0.0865 cnt 5.5748
[stage1] epoch 55/100 step 40 | loss 7.7773 | w [15.0, 8.0, 1.0] | train det 0.0707 seg 0.0754 cnt 6.1138
[stage1] epoch 55/100 step 41 | loss 4.9289 | w [15.0, 8.0, 1.0] | train det 0.0951 seg 0.0930 cnt 2.7589
[stage1] epoch 55/100 step 42 | loss 10.5279 | w [15.0, 8.0, 1.0] | train det 0.0306 seg 0.1576 cnt 8.8075
[stage1] epoch 55/100 step 43 | loss 9.3473 | w [15.0, 8.0, 1.0] | train det 0.0870 seg 0.3007 cnt 5.6363
[stage1] epoch 55/100 | train 7.4685 | det 0.0981 seg 0.1480 cnt 4.8134
[stage1] epoch 55 | val det 0.4461 seg 0.8935 miou 0.6157 cnt 5.8718 dens 9.812783e-01 mae 4.8905 total_mae 22.6207 | ap50 0.5681 | combo 1.388335
[stage1] epoch 56/100 step 1 | loss 16.4063 | w [15.0, 8.0, 1.0] | train det 0.5086 seg 0.1416 cnt 7.6452
[stage1] epoch 56/100 step 2 | loss 5.8968 | w [15.0, 8.0, 1.0] | train det 0.0723 seg 0.1911 cnt 3.2836
[stage1] epoch 56/100 step 3 | loss 8.4000 | w [15.0, 8.0, 1.0] | train det 0.1151 seg 0.1497 cnt 5.4761
[stage1] epoch 56/100 step 4 | loss 4.8434 | w [15.0, 8.0, 1.0] | train det 0.0460 seg 0.0824 cnt 3.4948
[stage1] epoch 56/100 step 5 | loss 6.4057 | w [15.0, 8.0, 1.0] | train det 0.0444 seg 0.0981 cnt 4.9553
[stage1] epoch 56/100 step 6 | loss 7.1882 | w [15.0, 8.0, 1.0] | train det 0.0354 seg 0.2042 cnt 5.0235
[stage1] epoch 56/100 step 7 | loss 6.0607 | w [15.0, 8.0, 1.0] | train det 0.0490 seg 0.1817 cnt 3.8716
[stage1] epoch 56/100 step 8 | loss 31.2689 | w [15.0, 8.0, 1.0] | train det 0.0316 seg 0.1931 cnt 29.2505
[stage1] epoch 56/100 step 9 | loss 10.3299 | w [15.0, 8.0, 1.0] | train det 0.0417 seg 0.1372 cnt 8.6071
[stage1] epoch 56/100 step 10 | loss 8.3973 | w [15.0, 8.0, 1.0] | train det 0.0732 seg 0.2365 cnt 5.4072
[stage1] epoch 56/100 step 11 | loss 9.5169 | w [15.0, 8.0, 1.0] | train det 0.3071 seg 0.0567 cnt 4.4573
[stage1] epoch 56/100 step 12 | loss 7.7680 | w [15.0, 8.0, 1.0] | train det 0.0279 seg 0.1299 cnt 6.3100
[stage1] epoch 56/100 step 13 | loss 12.2165 | w [15.0, 8.0, 1.0] | train det 0.1704 seg 0.0856 cnt 8.9757
[stage1] epoch 56/100 step 14 | loss 10.9673 | w [15.0, 8.0, 1.0] | train det 0.2718 seg 0.2840 cnt 4.6179
[stage1] epoch 56/100 step 15 | loss 5.2873 | w [15.0, 8.0, 1.0] | train det 0.0893 seg 0.1010 cnt 3.1402
[stage1] epoch 56/100 step 16 | loss 6.5199 | w [15.0, 8.0, 1.0] | train det 0.0972 seg 0.1411 cnt 3.9331
[stage1] epoch 56/100 step 17 | loss 7.8873 | w [15.0, 8.0, 1.0] | train det 0.1060 seg 0.1615 cnt 5.0043
[stage1] epoch 56/100 step 18 | loss 6.8922 | w [15.0, 8.0, 1.0] | train det 0.1080 seg 0.1031 cnt 4.4484
[stage1] epoch 56/100 step 19 | loss 4.2630 | w [15.0, 8.0, 1.0] | train det 0.0338 seg 0.0929 cnt 3.0131
[stage1] epoch 56/100 step 20 | loss 7.8870 | w [15.0, 8.0, 1.0] | train det 0.1396 seg 0.1395 cnt 4.6771
[stage1] epoch 56/100 step 21 | loss 11.3871 | w [15.0, 8.0, 1.0] | train det 0.1166 seg 0.1249 cnt 8.6384
[stage1] epoch 56/100 step 22 | loss 5.7087 | w [15.0, 8.0, 1.0] | train det 0.0258 seg 0.1268 cnt 4.3067
[stage1] epoch 56/100 step 23 | loss 11.2345 | w [15.0, 8.0, 1.0] | train det 0.3060 seg 0.1125 cnt 5.7454
[stage1] epoch 56/100 step 24 | loss 5.3208 | w [15.0, 8.0, 1.0] | train det 0.1297 seg 0.0740 cnt 2.7833
[stage1] epoch 56/100 step 25 | loss 28.0718 | w [15.0, 8.0, 1.0] | train det 0.1033 seg 0.2747 cnt 24.3251
[stage1] epoch 56/100 step 26 | loss 11.4166 | w [15.0, 8.0, 1.0] | train det 0.1438 seg 0.0747 cnt 8.6612
[stage1] epoch 56/100 step 27 | loss 7.8073 | w [15.0, 8.0, 1.0] | train det 0.0496 seg 0.1279 cnt 6.0406
[stage1] epoch 56/100 step 28 | loss 4.8540 | w [15.0, 8.0, 1.0] | train det 0.0329 seg 0.1512 cnt 3.1508
[stage1] epoch 56/100 step 29 | loss 6.7126 | w [15.0, 8.0, 1.0] | train det 0.0610 seg 0.2003 cnt 4.1955
[stage1] epoch 56/100 step 30 | loss 11.0539 | w [15.0, 8.0, 1.0] | train det 0.3288 seg 0.1481 cnt 4.9378
[stage1] epoch 56/100 step 31 | loss 5.4079 | w [15.0, 8.0, 1.0] | train det 0.0447 seg 0.0999 cnt 3.9375
[stage1] epoch 56/100 step 32 | loss 29.1804 | w [15.0, 8.0, 1.0] | train det 0.0192 seg 0.1231 cnt 27.9082
[stage1] epoch 56/100 step 33 | loss 9.2784 | w [15.0, 8.0, 1.0] | train det 0.0860 seg 0.1268 cnt 6.9739
[stage1] epoch 56/100 step 34 | loss 11.8111 | w [15.0, 8.0, 1.0] | train det 0.2243 seg 0.1899 cnt 6.9274
[stage1] epoch 56/100 step 35 | loss 6.1490 | w [15.0, 8.0, 1.0] | train det 0.0603 seg 0.1529 cnt 4.0220
[stage1] epoch 56/100 step 36 | loss 8.5398 | w [15.0, 8.0, 1.0] | train det 0.0775 seg 0.1225 cnt 6.3982
[stage1] epoch 56/100 step 37 | loss 17.7067 | w [15.0, 8.0, 1.0] | train det 0.4948 seg 0.0395 cnt 9.9697
[stage1] epoch 56/100 step 38 | loss 8.3953 | w [15.0, 8.0, 1.0] | train det 0.0714 seg 0.1727 cnt 5.9421
[stage1] epoch 56/100 step 39 | loss 8.3024 | w [15.0, 8.0, 1.0] | train det 0.1343 seg 0.2927 cnt 3.9470
[stage1] epoch 56/100 step 40 | loss 4.6271 | w [15.0, 8.0, 1.0] | train det 0.0551 seg 0.0758 cnt 3.1940
[stage1] epoch 56/100 step 41 | loss 8.4150 | w [15.0, 8.0, 1.0] | train det 0.0338 seg 0.2817 cnt 5.6545
[stage1] epoch 56/100 step 42 | loss 6.1798 | w [15.0, 8.0, 1.0] | train det 0.0418 seg 0.0953 cnt 4.7914
[stage1] epoch 56/100 step 43 | loss 5.8459 | w [15.0, 8.0, 1.0] | train det 0.0577 seg 0.2209 cnt 3.2133
[stage1] epoch 56/100 | train 9.7165 | det 0.1178 seg 0.1470 cnt 6.7734
[stage1] epoch 56 | val det 0.4489 seg 0.8940 miou 0.6218 cnt 8.4848 dens 1.001884e+00 mae 7.4829 total_mae 40.5300 | ap50 0.5703 | combo 1.325806
[stage1] epoch 57/100 step 1 | loss 7.6326 | w [15.0, 8.0, 1.0] | train det 0.0482 seg 0.1647 cnt 5.5923
[stage1] epoch 57/100 step 2 | loss 15.1304 | w [15.0, 8.0, 1.0] | train det 0.0527 seg 0.1472 cnt 13.1616
[stage1] epoch 57/100 step 3 | loss 11.4239 | w [15.0, 8.0, 1.0] | train det 0.0480 seg 0.2436 cnt 8.7550
[stage1] epoch 57/100 step 4 | loss 7.9171 | w [15.0, 8.0, 1.0] | train det 0.0943 seg 0.1330 cnt 5.4380
[stage1] epoch 57/100 step 5 | loss 6.9251 | w [15.0, 8.0, 1.0] | train det 0.0574 seg 0.1406 cnt 4.9388
[stage1] epoch 57/100 step 6 | loss 11.9698 | w [15.0, 8.0, 1.0] | train det 0.1421 seg 0.1813 cnt 8.3881
[stage1] epoch 57/100 step 7 | loss 9.1734 | w [15.0, 8.0, 1.0] | train det 0.0510 seg 0.2306 cnt 6.5638
[stage1] epoch 57/100 step 8 | loss 4.9435 | w [15.0, 8.0, 1.0] | train det 0.0393 seg 0.2053 cnt 2.7116
[stage1] epoch 57/100 step 9 | loss 17.1207 | w [15.0, 8.0, 1.0] | train det 0.3965 seg 0.2122 cnt 9.4766
[stage1] epoch 57/100 step 10 | loss 11.6494 | w [15.0, 8.0, 1.0] | train det 0.2131 seg 0.0748 cnt 7.8540
[stage1] epoch 57/100 step 11 | loss 12.3629 | w [15.0, 8.0, 1.0] | train det 0.0565 seg 0.3596 cnt 8.6380
[stage1] epoch 57/100 step 12 | loss 20.1842 | w [15.0, 8.0, 1.0] | train det 1.0062 seg 0.2085 cnt 3.4236
[stage1] epoch 57/100 step 13 | loss 10.3897 | w [15.0, 8.0, 1.0] | train det 0.3017 seg 0.1342 cnt 4.7908
[stage1] epoch 57/100 step 14 | loss 17.5358 | w [15.0, 8.0, 1.0] | train det 0.3042 seg 0.1015 cnt 12.1608
[stage1] epoch 57/100 step 15 | loss 5.8211 | w [15.0, 8.0, 1.0] | train det 0.0599 seg 0.1153 cnt 4.0005
[stage1] epoch 57/100 step 16 | loss 14.2815 | w [15.0, 8.0, 1.0] | train det 0.5140 seg 0.2041 cnt 4.9392
[stage1] epoch 57/100 step 17 | loss 7.8405 | w [15.0, 8.0, 1.0] | train det 0.0877 seg 0.2016 cnt 4.9122
[stage1] epoch 57/100 step 18 | loss 7.9580 | w [15.0, 8.0, 1.0] | train det 0.0594 seg 0.2187 cnt 5.3180
[stage1] epoch 57/100 step 19 | loss 9.9644 | w [15.0, 8.0, 1.0] | train det 0.0410 seg 0.1088 cnt 8.4796
[stage1] epoch 57/100 step 20 | loss 9.3619 | w [15.0, 8.0, 1.0] | train det 0.0308 seg 0.1090 cnt 8.0271
[stage1] epoch 57/100 step 21 | loss 5.9464 | w [15.0, 8.0, 1.0] | train det 0.1402 seg 0.1658 cnt 2.5178
[stage1] epoch 57/100 step 22 | loss 5.1533 | w [15.0, 8.0, 1.0] | train det 0.0652 seg 0.0687 cnt 3.6255
[stage1] epoch 57/100 step 23 | loss 5.2251 | w [15.0, 8.0, 1.0] | train det 0.1757 seg 0.1406 cnt 1.4638
[stage1] epoch 57/100 step 24 | loss 19.2223 | w [15.0, 8.0, 1.0] | train det 0.1388 seg 0.0668 cnt 16.6057
[stage1] epoch 57/100 step 25 | loss 9.1553 | w [15.0, 8.0, 1.0] | train det 0.0841 seg 0.0757 cnt 7.2880
[stage1] epoch 57/100 step 26 | loss 7.4427 | w [15.0, 8.0, 1.0] | train det 0.0307 seg 0.0553 cnt 6.5392
[stage1] epoch 57/100 step 27 | loss 10.2663 | w [15.0, 8.0, 1.0] | train det 0.0502 seg 0.0943 cnt 8.7594
[stage1] epoch 57/100 step 28 | loss 9.5388 | w [15.0, 8.0, 1.0] | train det 0.1901 seg 0.1595 cnt 5.4104
[stage1] epoch 57/100 step 29 | loss 6.2661 | w [15.0, 8.0, 1.0] | train det 0.0779 seg 0.1555 cnt 3.8536
[stage1] epoch 57/100 step 30 | loss 8.1853 | w [15.0, 8.0, 1.0] | train det 0.0654 seg 0.1614 cnt 5.9125
[stage1] epoch 57/100 step 31 | loss 6.8223 | w [15.0, 8.0, 1.0] | train det 0.0382 seg 0.1897 cnt 4.7314
[stage1] epoch 57/100 step 32 | loss 7.6619 | w [15.0, 8.0, 1.0] | train det 0.3083 seg 0.0823 cnt 2.3787
[stage1] epoch 57/100 step 33 | loss 12.2524 | w [15.0, 8.0, 1.0] | train det 0.0621 seg 0.1475 cnt 10.1410
[stage1] epoch 57/100 step 34 | loss 10.3723 | w [15.0, 8.0, 1.0] | train det 0.2657 seg 0.0909 cnt 5.6591
[stage1] epoch 57/100 step 35 | loss 9.6256 | w [15.0, 8.0, 1.0] | train det 0.0316 seg 0.1620 cnt 7.8556
[stage1] epoch 57/100 step 36 | loss 5.0728 | w [15.0, 8.0, 1.0] | train det 0.0364 seg 0.1352 cnt 3.4448
[stage1] epoch 57/100 step 37 | loss 6.3616 | w [15.0, 8.0, 1.0] | train det 0.0359 seg 0.1372 cnt 4.7250
[stage1] epoch 57/100 step 38 | loss 7.2775 | w [15.0, 8.0, 1.0] | train det 0.0443 seg 0.1152 cnt 5.6906
[stage1] epoch 57/100 step 39 | loss 5.4124 | w [15.0, 8.0, 1.0] | train det 0.0778 seg 0.0759 cnt 3.6382
[stage1] epoch 57/100 step 40 | loss 8.1133 | w [15.0, 8.0, 1.0] | train det 0.0891 seg 0.1725 cnt 5.3970
[stage1] epoch 57/100 step 41 | loss 5.9814 | w [15.0, 8.0, 1.0] | train det 0.0622 seg 0.1411 cnt 3.9202
[stage1] epoch 57/100 step 42 | loss 10.3174 | w [15.0, 8.0, 1.0] | train det 0.1621 seg 0.0835 cnt 7.2181
[stage1] epoch 57/100 step 43 | loss 11.0212 | w [15.0, 8.0, 1.0] | train det 0.0524 seg 0.1651 cnt 8.9137
[stage1] epoch 57/100 | train 9.5879 | det 0.1369 seg 0.1474 cnt 6.3549
[stage1] epoch 57 | val det 0.4227 seg 0.8824 miou 0.6160 cnt 6.6931 dens 9.817914e-01 mae 5.7113 total_mae 30.4544 | ap50 0.5656 | combo 1.356641
[stage1] epoch 58/100 step 1 | loss 8.1843 | w [15.0, 8.0, 1.0] | train det 0.2096 seg 0.1504 cnt 3.8372
[stage1] epoch 58/100 step 2 | loss 7.6400 | w [15.0, 8.0, 1.0] | train det 0.0469 seg 0.3176 cnt 4.3955
[stage1] epoch 58/100 step 3 | loss 13.0403 | w [15.0, 8.0, 1.0] | train det 0.1069 seg 0.0378 cnt 11.1349
[stage1] epoch 58/100 step 4 | loss 7.5662 | w [15.0, 8.0, 1.0] | train det 0.0366 seg 0.1220 cnt 6.0409
[stage1] epoch 58/100 step 5 | loss 20.8888 | w [15.0, 8.0, 1.0] | train det 0.5803 seg 0.0816 cnt 11.5314
[stage1] epoch 58/100 step 6 | loss 13.9309 | w [15.0, 8.0, 1.0] | train det 0.1768 seg 0.0831 cnt 10.6147
[stage1] epoch 58/100 step 7 | loss 16.5426 | w [15.0, 8.0, 1.0] | train det 0.2475 seg 0.1828 cnt 11.3679
[stage1] epoch 58/100 step 8 | loss 10.4889 | w [15.0, 8.0, 1.0] | train det 0.1406 seg 0.3070 cnt 5.9242
[stage1] epoch 58/100 step 9 | loss 8.9261 | w [15.0, 8.0, 1.0] | train det 0.0370 seg 0.1429 cnt 7.2280
[stage1] epoch 58/100 step 10 | loss 5.6644 | w [15.0, 8.0, 1.0] | train det 0.0320 seg 0.1586 cnt 3.9165
[stage1] epoch 58/100 step 11 | loss 8.0152 | w [15.0, 8.0, 1.0] | train det 0.1162 seg 0.1203 cnt 5.3100
[stage1] epoch 58/100 step 12 | loss 6.9420 | w [15.0, 8.0, 1.0] | train det 0.0239 seg 0.1279 cnt 5.5603
[stage1] epoch 58/100 step 13 | loss 11.8188 | w [15.0, 8.0, 1.0] | train det 0.3292 seg 0.0983 cnt 6.0936
[stage1] epoch 58/100 step 14 | loss 11.3476 | w [15.0, 8.0, 1.0] | train det 0.1907 seg 0.1535 cnt 7.2588
[stage1] epoch 58/100 step 15 | loss 5.5409 | w [15.0, 8.0, 1.0] | train det 0.0296 seg 0.1959 cnt 3.5301
[stage1] epoch 58/100 step 16 | loss 10.4048 | w [15.0, 8.0, 1.0] | train det 0.0872 seg 0.1758 cnt 7.6908
[stage1] epoch 58/100 step 17 | loss 8.3601 | w [15.0, 8.0, 1.0] | train det 0.0676 seg 0.1550 cnt 6.1058
[stage1] epoch 58/100 step 18 | loss 5.1171 | w [15.0, 8.0, 1.0] | train det 0.0720 seg 0.1500 cnt 2.8368
[stage1] epoch 58/100 step 19 | loss 8.2389 | w [15.0, 8.0, 1.0] | train det 0.0461 seg 0.1136 cnt 6.6384
[stage1] epoch 58/100 step 20 | loss 8.0191 | w [15.0, 8.0, 1.0] | train det 0.1261 seg 0.1082 cnt 5.2616
[stage1] epoch 58/100 step 21 | loss 10.6460 | w [15.0, 8.0, 1.0] | train det 0.0944 seg 0.1014 cnt 8.4191
[stage1] epoch 58/100 step 22 | loss 5.3180 | w [15.0, 8.0, 1.0] | train det 0.0538 seg 0.0604 cnt 4.0276
[stage1] epoch 58/100 step 23 | loss 32.7463 | w [15.0, 8.0, 1.0] | train det 0.0738 seg 0.1471 cnt 30.4628
[stage1] epoch 58/100 step 24 | loss 11.1650 | w [15.0, 8.0, 1.0] | train det 0.2945 seg 0.0986 cnt 5.9588
[stage1] epoch 58/100 step 25 | loss 5.7179 | w [15.0, 8.0, 1.0] | train det 0.0491 seg 0.1180 cnt 4.0378
[stage1] epoch 58/100 step 26 | loss 8.1328 | w [15.0, 8.0, 1.0] | train det 0.2608 seg 0.0782 cnt 3.5944
[stage1] epoch 58/100 step 27 | loss 12.7442 | w [15.0, 8.0, 1.0] | train det 0.0368 seg 0.1546 cnt 10.9554
[stage1] epoch 58/100 step 28 | loss 9.4414 | w [15.0, 8.0, 1.0] | train det 0.0249 seg 0.1323 cnt 8.0090
[stage1] epoch 58/100 step 29 | loss 14.4342 | w [15.0, 8.0, 1.0] | train det 0.0635 seg 0.1169 cnt 12.5471
[stage1] epoch 58/100 step 30 | loss 12.7088 | w [15.0, 8.0, 1.0] | train det 0.0703 seg 0.1480 cnt 10.4698
[stage1] epoch 58/100 step 31 | loss 11.4200 | w [15.0, 8.0, 1.0] | train det 0.1854 seg 0.1526 cnt 7.4191
[stage1] epoch 58/100 step 32 | loss 8.5315 | w [15.0, 8.0, 1.0] | train det 0.0360 seg 0.3303 cnt 5.3496
[stage1] epoch 58/100 step 33 | loss 8.7524 | w [15.0, 8.0, 1.0] | train det 0.2114 seg 0.0514 cnt 5.1703
[stage1] epoch 58/100 step 34 | loss 5.8214 | w [15.0, 8.0, 1.0] | train det 0.0905 seg 0.1575 cnt 3.2047
[stage1] epoch 58/100 step 35 | loss 8.0092 | w [15.0, 8.0, 1.0] | train det 0.0741 seg 0.1548 cnt 5.6592
[stage1] epoch 58/100 step 36 | loss 9.9214 | w [15.0, 8.0, 1.0] | train det 0.0773 seg 0.1437 cnt 7.6119
[stage1] epoch 58/100 step 37 | loss 10.7908 | w [15.0, 8.0, 1.0] | train det 0.2153 seg 0.1908 cnt 6.0342
[stage1] epoch 58/100 step 38 | loss 6.9122 | w [15.0, 8.0, 1.0] | train det 0.0261 seg 0.1292 cnt 5.4867
[stage1] epoch 58/100 step 39 | loss 7.3239 | w [15.0, 8.0, 1.0] | train det 0.0869 seg 0.1971 cnt 4.4425
[stage1] epoch 58/100 step 40 | loss 8.0935 | w [15.0, 8.0, 1.0] | train det 0.0417 seg 0.1364 cnt 6.3768
[stage1] epoch 58/100 step 41 | loss 14.1586 | w [15.0, 8.0, 1.0] | train det 0.5329 seg 0.1725 cnt 4.7853
[stage1] epoch 58/100 step 42 | loss 6.3642 | w [15.0, 8.0, 1.0] | train det 0.1855 seg 0.1090 cnt 2.7090
[stage1] epoch 58/100 step 43 | loss 8.2108 | w [15.0, 8.0, 1.0] | train det 0.2319 seg 0.0997 cnt 3.9346
[stage1] epoch 58/100 | train 10.0940 | det 0.1330 seg 0.1433 cnt 6.9522
[stage1] epoch 58 | val det 0.4232 seg 0.8828 miou 0.6181 cnt 6.7040 dens 9.851532e-01 mae 5.7189 total_mae 44.0982 | ap50 0.5697 | combo 1.362709
[stage1] epoch 59/100 step 1 | loss 7.6178 | w [15.0, 8.0, 1.0] | train det 0.0251 seg 0.1271 cnt 6.2235
[stage1] epoch 59/100 step 2 | loss 14.0866 | w [15.0, 8.0, 1.0] | train det 0.4746 seg 0.1883 cnt 5.4614
[stage1] epoch 59/100 step 3 | loss 8.2467 | w [15.0, 8.0, 1.0] | train det 0.0894 seg 0.2252 cnt 5.1035
[stage1] epoch 59/100 step 4 | loss 4.9169 | w [15.0, 8.0, 1.0] | train det 0.0263 seg 0.1273 cnt 3.5043
[stage1] epoch 59/100 step 5 | loss 11.3974 | w [15.0, 8.0, 1.0] | train det 0.0672 seg 0.1358 cnt 9.3038
[stage1] epoch 59/100 step 6 | loss 4.5551 | w [15.0, 8.0, 1.0] | train det 0.0259 seg 0.1761 cnt 2.7583
[stage1] epoch 59/100 step 7 | loss 5.0317 | w [15.0, 8.0, 1.0] | train det 0.1699 seg 0.0531 cnt 2.0573
[stage1] epoch 59/100 step 8 | loss 14.0506 | w [15.0, 8.0, 1.0] | train det 0.0770 seg 0.1637 cnt 11.5854
[stage1] epoch 59/100 step 9 | loss 11.0543 | w [15.0, 8.0, 1.0] | train det 0.1380 seg 0.1054 cnt 8.1411
[stage1] epoch 59/100 step 10 | loss 7.6796 | w [15.0, 8.0, 1.0] | train det 0.0494 seg 0.1032 cnt 6.1128
[stage1] epoch 59/100 step 11 | loss 9.5613 | w [15.0, 8.0, 1.0] | train det 0.0735 seg 0.1274 cnt 7.4402
[stage1] epoch 59/100 step 12 | loss 6.2833 | w [15.0, 8.0, 1.0] | train det 0.0187 seg 0.1349 cnt 4.9243
[stage1] epoch 59/100 step 13 | loss 22.1571 | w [15.0, 8.0, 1.0] | train det 0.5161 seg 0.1586 cnt 13.1468
[stage1] epoch 59/100 step 14 | loss 7.0503 | w [15.0, 8.0, 1.0] | train det 0.0392 seg 0.1831 cnt 4.9967
[stage1] epoch 59/100 step 15 | loss 17.7990 | w [15.0, 8.0, 1.0] | train det 0.0366 seg 0.1095 cnt 16.3738
[stage1] epoch 59/100 step 16 | loss 6.6284 | w [15.0, 8.0, 1.0] | train det 0.0994 seg 0.0331 cnt 4.8724
[stage1] epoch 59/100 step 17 | loss 6.7744 | w [15.0, 8.0, 1.0] | train det 0.0371 seg 0.1988 cnt 4.6275
[stage1] epoch 59/100 step 18 | loss 4.6635 | w [15.0, 8.0, 1.0] | train det 0.0320 seg 0.1454 cnt 3.0207
[stage1] epoch 59/100 step 19 | loss 10.0677 | w [15.0, 8.0, 1.0] | train det 0.0346 seg 0.3285 cnt 6.9198
[stage1] epoch 59/100 step 20 | loss 6.7417 | w [15.0, 8.0, 1.0] | train det 0.0520 seg 0.0914 cnt 5.2304
[stage1] epoch 59/100 step 21 | loss 6.2330 | w [15.0, 8.0, 1.0] | train det 0.1817 seg 0.0423 cnt 3.1687
[stage1] epoch 59/100 step 22 | loss 10.8764 | w [15.0, 8.0, 1.0] | train det 0.0516 seg 0.1866 cnt 8.6091
[stage1] epoch 59/100 step 23 | loss 4.9035 | w [15.0, 8.0, 1.0] | train det 0.0857 seg 0.0443 cnt 3.2633
[stage1] epoch 59/100 step 24 | loss 12.9934 | w [15.0, 8.0, 1.0] | train det 0.4501 seg 0.2033 cnt 4.6161
[stage1] epoch 59/100 step 25 | loss 8.1095 | w [15.0, 8.0, 1.0] | train det 0.0409 seg 0.1450 cnt 6.3363
[stage1] epoch 59/100 step 26 | loss 7.5120 | w [15.0, 8.0, 1.0] | train det 0.0555 seg 0.2101 cnt 4.9986
[stage1] epoch 59/100 step 27 | loss 7.6724 | w [15.0, 8.0, 1.0] | train det 0.0675 seg 0.1479 cnt 5.4767
[stage1] epoch 59/100 step 28 | loss 5.5016 | w [15.0, 8.0, 1.0] | train det 0.0605 seg 0.1752 cnt 3.1928
[stage1] epoch 59/100 step 29 | loss 10.4653 | w [15.0, 8.0, 1.0] | train det 0.0420 seg 0.1632 cnt 8.5288
[stage1] epoch 59/100 step 30 | loss 3.3980 | w [15.0, 8.0, 1.0] | train det 0.0446 seg 0.1110 cnt 1.8406
[stage1] epoch 59/100 step 31 | loss 4.7296 | w [15.0, 8.0, 1.0] | train det 0.0965 seg 0.0895 cnt 2.5669
[stage1] epoch 59/100 step 32 | loss 13.3453 | w [15.0, 8.0, 1.0] | train det 0.0920 seg 0.1229 cnt 10.9827
[stage1] epoch 59/100 step 33 | loss 9.6193 | w [15.0, 8.0, 1.0] | train det 0.0485 seg 0.1544 cnt 7.6556
[stage1] epoch 59/100 step 34 | loss 9.6871 | w [15.0, 8.0, 1.0] | train det 0.1300 seg 0.2133 cnt 6.0314
[stage1] epoch 59/100 step 35 | loss 11.4872 | w [15.0, 8.0, 1.0] | train det 0.2180 seg 0.1288 cnt 7.1865
[stage1] epoch 59/100 step 36 | loss 5.3620 | w [15.0, 8.0, 1.0] | train det 0.0228 seg 0.1141 cnt 4.1072
[stage1] epoch 59/100 step 37 | loss 11.9373 | w [15.0, 8.0, 1.0] | train det 0.0281 seg 0.1347 cnt 10.4379
[stage1] epoch 59/100 step 38 | loss 13.2302 | w [15.0, 8.0, 1.0] | train det 0.4440 seg 0.0501 cnt 6.1693
[stage1] epoch 59/100 step 39 | loss 12.4332 | w [15.0, 8.0, 1.0] | train det 0.0595 seg 0.1564 cnt 10.2901
[stage1] epoch 59/100 step 40 | loss 5.2824 | w [15.0, 8.0, 1.0] | train det 0.0355 seg 0.0508 cnt 4.3446
[stage1] epoch 59/100 step 41 | loss 7.5165 | w [15.0, 8.0, 1.0] | train det 0.0860 seg 0.1029 cnt 5.4026
[stage1] epoch 59/100 step 42 | loss 6.2741 | w [15.0, 8.0, 1.0] | train det 0.0367 seg 0.1200 cnt 4.7641
[stage1] epoch 59/100 step 43 | loss 10.6865 | w [15.0, 8.0, 1.0] | train det 0.1823 seg 0.1544 cnt 6.7169
[stage1] epoch 59/100 | train 8.9679 | det 0.1080 seg 0.1381 cnt 6.2440
[stage1] epoch 59 | val det 0.4321 seg 0.9457 miou 0.6169 cnt 10.4766 dens 1.028094e+00 mae 9.4485 total_mae 38.7888 | ap50 0.5741 | combo 1.296798
[stage1] epoch 60/100 step 1 | loss 10.8593 | w [15.0, 8.0, 1.0] | train det 0.0867 seg 0.1262 cnt 8.5492
[stage1] epoch 60/100 step 2 | loss 8.0258 | w [15.0, 8.0, 1.0] | train det 0.0805 seg 0.1227 cnt 5.8373
[stage1] epoch 60/100 step 3 | loss 7.4318 | w [15.0, 8.0, 1.0] | train det 0.0449 seg 0.2534 cnt 4.7315
[stage1] epoch 60/100 step 4 | loss 13.4393 | w [15.0, 8.0, 1.0] | train det 0.4880 seg 0.2432 cnt 4.1741
[stage1] epoch 60/100 step 5 | loss 8.5746 | w [15.0, 8.0, 1.0] | train det 0.1858 seg 0.1423 cnt 4.6490
[stage1] epoch 60/100 step 6 | loss 5.3938 | w [15.0, 8.0, 1.0] | train det 0.0563 seg 0.0393 cnt 4.2356
[stage1] epoch 60/100 step 7 | loss 4.1904 | w [15.0, 8.0, 1.0] | train det 0.0646 seg 0.0756 cnt 2.6162
[stage1] epoch 60/100 step 8 | loss 7.7253 | w [15.0, 8.0, 1.0] | train det 0.0220 seg 0.1215 cnt 6.4231
[stage1] epoch 60/100 step 9 | loss 9.5674 | w [15.0, 8.0, 1.0] | train det 0.0675 seg 0.2634 cnt 6.4480
[stage1] epoch 60/100 step 10 | loss 7.6025 | w [15.0, 8.0, 1.0] | train det 0.0447 seg 0.1656 cnt 5.6067
[stage1] epoch 60/100 step 11 | loss 6.5339 | w [15.0, 8.0, 1.0] | train det 0.0769 seg 0.1877 cnt 3.8790
[stage1] epoch 60/100 step 12 | loss 7.9116 | w [15.0, 8.0, 1.0] | train det 0.1203 seg 0.1333 cnt 5.0413
[stage1] epoch 60/100 step 13 | loss 12.4744 | w [15.0, 8.0, 1.0] | train det 0.0439 seg 0.1902 cnt 10.2945
[stage1] epoch 60/100 step 14 | loss 4.6131 | w [15.0, 8.0, 1.0] | train det 0.0474 seg 0.1203 cnt 2.9394
[stage1] epoch 60/100 step 15 | loss 8.0999 | w [15.0, 8.0, 1.0] | train det 0.1040 seg 0.0718 cnt 5.9646
[stage1] epoch 60/100 step 16 | loss 5.3565 | w [15.0, 8.0, 1.0] | train det 0.0421 seg 0.0610 cnt 4.2370
[stage1] epoch 60/100 step 17 | loss 10.6557 | w [15.0, 8.0, 1.0] | train det 0.0675 seg 0.2452 cnt 7.6822
[stage1] epoch 60/100 step 18 | loss 10.4801 | w [15.0, 8.0, 1.0] | train det 0.0564 seg 0.3546 cnt 6.7963
[stage1] epoch 60/100 step 19 | loss 10.1269 | w [15.0, 8.0, 1.0] | train det 0.0568 seg 0.0717 cnt 8.7012
[stage1] epoch 60/100 step 20 | loss 8.4967 | w [15.0, 8.0, 1.0] | train det 0.0989 seg 0.1758 cnt 5.6074
[stage1] epoch 60/100 step 21 | loss 24.5508 | w [15.0, 8.0, 1.0] | train det 0.0419 seg 0.1348 cnt 22.8438
[stage1] epoch 60/100 step 22 | loss 7.0814 | w [15.0, 8.0, 1.0] | train det 0.1105 seg 0.1007 cnt 4.6184
[stage1] epoch 60/100 step 23 | loss 8.7721 | w [15.0, 8.0, 1.0] | train det 0.2398 seg 0.0895 cnt 4.4589
[stage1] epoch 60/100 step 24 | loss 8.8942 | w [15.0, 8.0, 1.0] | train det 0.0335 seg 0.3494 cnt 5.5961
[stage1] epoch 60/100 step 25 | loss 10.5522 | w [15.0, 8.0, 1.0] | train det 0.0221 seg 0.0740 cnt 9.6296
[stage1] epoch 60/100 step 26 | loss 9.2896 | w [15.0, 8.0, 1.0] | train det 0.1919 seg 0.1718 cnt 5.0364
[stage1] epoch 60/100 step 27 | loss 7.6164 | w [15.0, 8.0, 1.0] | train det 0.0212 seg 0.2774 cnt 5.0799
[stage1] epoch 60/100 step 28 | loss 5.9324 | w [15.0, 8.0, 1.0] | train det 0.1130 seg 0.1248 cnt 3.2389
[stage1] epoch 60/100 step 29 | loss 5.6717 | w [15.0, 8.0, 1.0] | train det 0.0432 seg 0.1032 cnt 4.1980
[stage1] epoch 60/100 step 30 | loss 5.9468 | w [15.0, 8.0, 1.0] | train det 0.0377 seg 0.0429 cnt 5.0380
[stage1] epoch 60/100 step 31 | loss 4.8014 | w [15.0, 8.0, 1.0] | train det 0.0786 seg 0.1325 cnt 2.5628
[stage1] epoch 60/100 step 32 | loss 6.5717 | w [15.0, 8.0, 1.0] | train det 0.0288 seg 0.0878 cnt 5.4383
[stage1] epoch 60/100 step 33 | loss 7.8880 | w [15.0, 8.0, 1.0] | train det 0.1295 seg 0.0985 cnt 5.1575
[stage1] epoch 60/100 step 34 | loss 5.2418 | w [15.0, 8.0, 1.0] | train det 0.0332 seg 0.1172 cnt 3.8059
[stage1] epoch 60/100 step 35 | loss 6.0620 | w [15.0, 8.0, 1.0] | train det 0.0878 seg 0.0884 cnt 4.0378
[stage1] epoch 60/100 step 36 | loss 5.6991 | w [15.0, 8.0, 1.0] | train det 0.0245 seg 0.0810 cnt 4.6842
[stage1] epoch 60/100 step 37 | loss 9.0203 | w [15.0, 8.0, 1.0] | train det 0.0580 seg 0.0604 cnt 7.6673
[stage1] epoch 60/100 step 38 | loss 5.2227 | w [15.0, 8.0, 1.0] | train det 0.0607 seg 0.1017 cnt 3.4988
[stage1] epoch 60/100 step 39 | loss 7.4931 | w [15.0, 8.0, 1.0] | train det 0.0396 seg 0.1957 cnt 5.3334
[stage1] epoch 60/100 step 40 | loss 13.3965 | w [15.0, 8.0, 1.0] | train det 0.5188 seg 0.1182 cnt 4.6684
[stage1] epoch 60/100 step 41 | loss 12.1071 | w [15.0, 8.0, 1.0] | train det 0.1918 seg 0.1115 cnt 8.3383
[stage1] epoch 60/100 step 42 | loss 6.4143 | w [15.0, 8.0, 1.0] | train det 0.0469 seg 0.1812 cnt 4.2618
[stage1] epoch 60/100 step 43 | loss 9.3230 | w [15.0, 8.0, 1.0] | train det 0.0546 seg 0.0937 cnt 7.7541
[stage1] epoch 60/100 | train 8.3979 | det 0.0945 seg 0.1419 cnt 5.8456
[stage1] epoch 60 | val det 0.4279 seg 0.9179 miou 0.6170 cnt 14.2285 dens 1.068531e+00 mae 13.1600 total_mae 95.1316 | ap50 0.5712 | combo 1.264167
[stage1] epoch 61/100 step 1 | loss 6.6406 | w [15.0, 8.0, 1.0] | train det 0.0587 seg 0.0852 cnt 5.0786
[stage1] epoch 61/100 step 2 | loss 10.3417 | w [15.0, 8.0, 1.0] | train det 0.0836 seg 0.1644 cnt 7.7721
[stage1] epoch 61/100 step 3 | loss 7.5653 | w [15.0, 8.0, 1.0] | train det 0.1640 seg 0.1771 cnt 3.6883
[stage1] epoch 61/100 step 4 | loss 16.1228 | w [15.0, 8.0, 1.0] | train det 0.6059 seg 0.3469 cnt 4.2589
[stage1] epoch 61/100 step 5 | loss 6.7020 | w [15.0, 8.0, 1.0] | train det 0.1621 seg 0.1456 cnt 3.1061
[stage1] epoch 61/100 step 6 | loss 4.1055 | w [15.0, 8.0, 1.0] | train det 0.0184 seg 0.2311 cnt 1.9807
[stage1] epoch 61/100 step 7 | loss 6.2805 | w [15.0, 8.0, 1.0] | train det 0.0819 seg 0.1544 cnt 3.8165
[stage1] epoch 61/100 step 8 | loss 6.5478 | w [15.0, 8.0, 1.0] | train det 0.0468 seg 0.1040 cnt 5.0148
[stage1] epoch 61/100 step 9 | loss 4.1885 | w [15.0, 8.0, 1.0] | train det 0.0265 seg 0.0992 cnt 2.9970
[stage1] epoch 61/100 step 10 | loss 9.4799 | w [15.0, 8.0, 1.0] | train det 0.1849 seg 0.1903 cnt 5.1843
[stage1] epoch 61/100 step 11 | loss 8.3772 | w [15.0, 8.0, 1.0] | train det 0.0538 seg 0.2028 cnt 5.9479
[stage1] epoch 61/100 step 12 | loss 13.1508 | w [15.0, 8.0, 1.0] | train det 0.2890 seg 0.2449 cnt 6.8570
[stage1] epoch 61/100 step 13 | loss 12.4746 | w [15.0, 8.0, 1.0] | train det 0.3012 seg 0.1119 cnt 7.0611
[stage1] epoch 61/100 step 14 | loss 5.5269 | w [15.0, 8.0, 1.0] | train det 0.0368 seg 0.3402 cnt 2.2530
[stage1] epoch 61/100 step 15 | loss 4.8971 | w [15.0, 8.0, 1.0] | train det 0.0933 seg 0.1134 cnt 2.5902
[stage1] epoch 61/100 step 16 | loss 4.7691 | w [15.0, 8.0, 1.0] | train det 0.0582 seg 0.1796 cnt 2.4591
[stage1] epoch 61/100 step 17 | loss 6.9692 | w [15.0, 8.0, 1.0] | train det 0.0368 seg 0.1330 cnt 5.3524
[stage1] epoch 61/100 step 18 | loss 9.9404 | w [15.0, 8.0, 1.0] | train det 0.0550 seg 0.2667 cnt 6.9825
[stage1] epoch 61/100 step 19 | loss 6.3988 | w [15.0, 8.0, 1.0] | train det 0.0346 seg 0.1461 cnt 4.7112
[stage1] epoch 61/100 step 20 | loss 13.2919 | w [15.0, 8.0, 1.0] | train det 0.2102 seg 0.1632 cnt 8.8338
[stage1] epoch 61/100 step 21 | loss 10.7076 | w [15.0, 8.0, 1.0] | train det 0.0952 seg 0.1546 cnt 8.0434
[stage1] epoch 61/100 step 22 | loss 9.2798 | w [15.0, 8.0, 1.0] | train det 0.0661 seg 0.1105 cnt 7.4041
[stage1] epoch 61/100 step 23 | loss 5.1214 | w [15.0, 8.0, 1.0] | train det 0.0458 seg 0.0943 cnt 3.6805
[stage1] epoch 61/100 step 24 | loss 10.1592 | w [15.0, 8.0, 1.0] | train det 0.0685 seg 0.1019 cnt 8.3168
[stage1] epoch 61/100 step 25 | loss 10.1711 | w [15.0, 8.0, 1.0] | train det 0.3036 seg 0.0655 cnt 5.0934
[stage1] epoch 61/100 step 26 | loss 9.3030 | w [15.0, 8.0, 1.0] | train det 0.0313 seg 0.1270 cnt 7.8167
[stage1] epoch 61/100 step 27 | loss 6.6253 | w [15.0, 8.0, 1.0] | train det 0.0550 seg 0.1657 cnt 4.4747
[stage1] epoch 61/100 step 28 | loss 4.5714 | w [15.0, 8.0, 1.0] | train det 0.1098 seg 0.0303 cnt 2.6815
[stage1] epoch 61/100 step 29 | loss 4.4306 | w [15.0, 8.0, 1.0] | train det 0.0488 seg 0.1092 cnt 2.8253
[stage1] epoch 61/100 step 30 | loss 6.9728 | w [15.0, 8.0, 1.0] | train det 0.1185 seg 0.2743 cnt 3.0007
[stage1] epoch 61/100 step 31 | loss 4.1558 | w [15.0, 8.0, 1.0] | train det 0.0340 seg 0.0772 cnt 3.0289
[stage1] epoch 61/100 step 32 | loss 5.6392 | w [15.0, 8.0, 1.0] | train det 0.0337 seg 0.1156 cnt 4.2091
[stage1] epoch 61/100 step 33 | loss 5.2671 | w [15.0, 8.0, 1.0] | train det 0.0448 seg 0.1303 cnt 3.5525
[stage1] epoch 61/100 step 34 | loss 5.8422 | w [15.0, 8.0, 1.0] | train det 0.0318 seg 0.1206 cnt 4.4000
[stage1] epoch 61/100 step 35 | loss 8.9869 | w [15.0, 8.0, 1.0] | train det 0.0783 seg 0.1668 cnt 6.4776
[stage1] epoch 61/100 step 36 | loss 9.6271 | w [15.0, 8.0, 1.0] | train det 0.0498 seg 0.1059 cnt 8.0335
[stage1] epoch 61/100 step 37 | loss 8.1206 | w [15.0, 8.0, 1.0] | train det 0.0683 seg 0.2028 cnt 5.4741
[stage1] epoch 61/100 step 38 | loss 5.8304 | w [15.0, 8.0, 1.0] | train det 0.0710 seg 0.3209 cnt 2.1983
[stage1] epoch 61/100 step 39 | loss 5.2826 | w [15.0, 8.0, 1.0] | train det 0.1140 seg 0.1253 cnt 2.5702
[stage1] epoch 61/100 step 40 | loss 12.0732 | w [15.0, 8.0, 1.0] | train det 0.5571 seg 0.2151 cnt 1.9960
[stage1] epoch 61/100 step 41 | loss 7.9434 | w [15.0, 8.0, 1.0] | train det 0.1706 seg 0.1246 cnt 4.3882
[stage1] epoch 61/100 step 42 | loss 9.3586 | w [15.0, 8.0, 1.0] | train det 0.0267 seg 0.1774 cnt 7.5396
[stage1] epoch 61/100 step 43 | loss 5.7532 | w [15.0, 8.0, 1.0] | train det 0.0943 seg 0.0759 cnt 3.7322
[stage1] epoch 61/100 | train 7.7905 | det 0.1144 seg 0.1579 cnt 4.8112
[stage1] epoch 61 | val det 0.4427 seg 0.9348 miou 0.6102 cnt 6.1567 dens 9.834451e-01 mae 5.1733 total_mae 25.5259 | ap50 0.5768 | combo 1.380285
[stage1] epoch 62/100 step 1 | loss 8.0827 | w [15.0, 8.0, 1.0] | train det 0.0445 seg 0.0961 cnt 6.6464
[stage1] epoch 62/100 step 2 | loss 8.6189 | w [15.0, 8.0, 1.0] | train det 0.0389 seg 0.1686 cnt 6.6865
[stage1] epoch 62/100 step 3 | loss 6.8316 | w [15.0, 8.0, 1.0] | train det 0.0227 seg 0.1450 cnt 5.3316
[stage1] epoch 62/100 step 4 | loss 4.4614 | w [15.0, 8.0, 1.0] | train det 0.0528 seg 0.1245 cnt 2.6728
[stage1] epoch 62/100 step 5 | loss 6.9094 | w [15.0, 8.0, 1.0] | train det 0.0798 seg 0.2291 cnt 3.8800
[stage1] epoch 62/100 step 6 | loss 5.5813 | w [15.0, 8.0, 1.0] | train det 0.0300 seg 0.1740 cnt 3.7390
[stage1] epoch 62/100 step 7 | loss 5.5360 | w [15.0, 8.0, 1.0] | train det 0.0197 seg 0.1184 cnt 4.2940
[stage1] epoch 62/100 step 8 | loss 3.1680 | w [15.0, 8.0, 1.0] | train det 0.0430 seg 0.1517 cnt 1.3098
[stage1] epoch 62/100 step 9 | loss 7.6740 | w [15.0, 8.0, 1.0] | train det 0.0947 seg 0.2476 cnt 4.2722
[stage1] epoch 62/100 step 10 | loss 5.8034 | w [15.0, 8.0, 1.0] | train det 0.0352 seg 0.1314 cnt 4.2246
[stage1] epoch 62/100 step 11 | loss 6.2890 | w [15.0, 8.0, 1.0] | train det 0.1589 seg 0.1187 cnt 2.9555
[stage1] epoch 62/100 step 12 | loss 10.7055 | w [15.0, 8.0, 1.0] | train det 0.3050 seg 0.1367 cnt 5.0360
[stage1] epoch 62/100 step 13 | loss 6.1104 | w [15.0, 8.0, 1.0] | train det 0.0630 seg 0.1145 cnt 4.2485
[stage1] epoch 62/100 step 14 | loss 24.7602 | w [15.0, 8.0, 1.0] | train det 0.1130 seg 0.0638 cnt 22.5553
[stage1] epoch 62/100 step 15 | loss 10.5420 | w [15.0, 8.0, 1.0] | train det 0.2063 seg 0.0880 cnt 6.7439
[stage1] epoch 62/100 step 16 | loss 5.2108 | w [15.0, 8.0, 1.0] | train det 0.0333 seg 0.1318 cnt 3.6562
[stage1] epoch 62/100 step 17 | loss 6.4244 | w [15.0, 8.0, 1.0] | train det 0.0293 seg 0.1174 cnt 5.0456
[stage1] epoch 62/100 step 18 | loss 5.0500 | w [15.0, 8.0, 1.0] | train det 0.0318 seg 0.0171 cnt 4.4353
[stage1] epoch 62/100 step 19 | loss 10.7597 | w [15.0, 8.0, 1.0] | train det 0.0522 seg 0.1223 cnt 8.9987
[stage1] epoch 62/100 step 20 | loss 7.4728 | w [15.0, 8.0, 1.0] | train det 0.1153 seg 0.1233 cnt 4.7561
[stage1] epoch 62/100 step 21 | loss 19.1664 | w [15.0, 8.0, 1.0] | train det 0.3963 seg 0.1774 cnt 11.8034
[stage1] epoch 62/100 step 22 | loss 6.7898 | w [15.0, 8.0, 1.0] | train det 0.0332 seg 0.1799 cnt 4.8524
[stage1] epoch 62/100 step 23 | loss 15.0553 | w [15.0, 8.0, 1.0] | train det 0.0734 seg 0.2187 cnt 12.2055
[stage1] epoch 62/100 step 24 | loss 11.9600 | w [15.0, 8.0, 1.0] | train det 0.3375 seg 0.1962 cnt 5.3275
[stage1] epoch 62/100 step 25 | loss 15.4065 | w [15.0, 8.0, 1.0] | train det 0.0524 seg 0.0181 cnt 14.4753
[stage1] epoch 62/100 step 26 | loss 13.2069 | w [15.0, 8.0, 1.0] | train det 0.2865 seg 0.0810 cnt 8.2621
[stage1] epoch 62/100 step 27 | loss 10.4374 | w [15.0, 8.0, 1.0] | train det 0.1685 seg 0.2036 cnt 6.2814
[stage1] epoch 62/100 step 28 | loss 6.2862 | w [15.0, 8.0, 1.0] | train det 0.0975 seg 0.1599 cnt 3.5445
[stage1] epoch 62/100 step 29 | loss 5.3175 | w [15.0, 8.0, 1.0] | train det 0.0825 seg 0.2150 cnt 2.3605
[stage1] epoch 62/100 step 30 | loss 4.4792 | w [15.0, 8.0, 1.0] | train det 0.0852 seg 0.1534 cnt 1.9741
[stage1] epoch 62/100 step 31 | loss 5.2153 | w [15.0, 8.0, 1.0] | train det 0.0614 seg 0.1053 cnt 3.4522
[stage1] epoch 62/100 step 32 | loss 4.6451 | w [15.0, 8.0, 1.0] | train det 0.0870 seg 0.2126 cnt 1.6389
[stage1] epoch 62/100 step 33 | loss 6.9804 | w [15.0, 8.0, 1.0] | train det 0.1678 seg 0.1524 cnt 3.2435
[stage1] epoch 62/100 step 34 | loss 6.0123 | w [15.0, 8.0, 1.0] | train det 0.0587 seg 0.0672 cnt 4.5941
[stage1] epoch 62/100 step 35 | loss 5.2577 | w [15.0, 8.0, 1.0] | train det 0.1784 seg 0.0777 cnt 1.9606
[stage1] epoch 62/100 step 36 | loss 7.7104 | w [15.0, 8.0, 1.0] | train det 0.0385 seg 0.2165 cnt 5.4006
[stage1] epoch 62/100 step 37 | loss 6.6660 | w [15.0, 8.0, 1.0] | train det 0.0676 seg 0.2181 cnt 3.9066
[stage1] epoch 62/100 step 38 | loss 20.5494 | w [15.0, 8.0, 1.0] | train det 0.0277 seg 0.1574 cnt 18.8736
[stage1] epoch 62/100 step 39 | loss 6.7766 | w [15.0, 8.0, 1.0] | train det 0.0366 seg 0.1083 cnt 5.3606
[stage1] epoch 62/100 step 40 | loss 3.8889 | w [15.0, 8.0, 1.0] | train det 0.0284 seg 0.0851 cnt 2.7818
[stage1] epoch 62/100 step 41 | loss 6.8497 | w [15.0, 8.0, 1.0] | train det 0.1078 seg 0.1940 cnt 3.6803
[stage1] epoch 62/100 step 42 | loss 7.6056 | w [15.0, 8.0, 1.0] | train det 0.0228 seg 0.1456 cnt 6.0985
[stage1] epoch 62/100 step 43 | loss 8.8783 | w [15.0, 8.0, 1.0] | train det 0.0145 seg 0.0888 cnt 7.9501
[stage1] epoch 62/100 | train 8.3984 | det 0.0949 seg 0.1408 cnt 5.8492
[stage1] epoch 62 | val det 0.4496 seg 0.9147 miou 0.6206 cnt 5.3655 dens 9.832574e-01 mae 4.3822 total_mae 21.2012 | ap50 0.5702 | combo 1.418946
[ckpt] new best cached (stage1 epoch 62, combo 1.418946)
[stage1] epoch 63/100 step 1 | loss 8.3143 | w [15.0, 8.0, 1.0] | train det 0.0969 seg 0.2310 cnt 5.0130
[stage1] epoch 63/100 step 2 | loss 11.0299 | w [15.0, 8.0, 1.0] | train det 0.0561 seg 0.2433 cnt 8.2418
[stage1] epoch 63/100 step 3 | loss 11.2445 | w [15.0, 8.0, 1.0] | train det 0.0302 seg 0.2664 cnt 8.6595
[stage1] epoch 63/100 step 4 | loss 15.3634 | w [15.0, 8.0, 1.0] | train det 0.0929 seg 0.0709 cnt 13.4022
[stage1] epoch 63/100 step 5 | loss 6.3137 | w [15.0, 8.0, 1.0] | train det 0.1594 seg 0.1319 cnt 2.8677
[stage1] epoch 63/100 step 6 | loss 12.9234 | w [15.0, 8.0, 1.0] | train det 0.0772 seg 0.1741 cnt 10.3728
[stage1] epoch 63/100 step 7 | loss 5.3929 | w [15.0, 8.0, 1.0] | train det 0.0560 seg 0.1158 cnt 3.6273
[stage1] epoch 63/100 step 8 | loss 13.3030 | w [15.0, 8.0, 1.0] | train det 0.0434 seg 0.1780 cnt 11.2287
[stage1] epoch 63/100 step 9 | loss 14.3380 | w [15.0, 8.0, 1.0] | train det 0.1212 seg 0.0779 cnt 11.8967
[stage1] epoch 63/100 step 10 | loss 3.6831 | w [15.0, 8.0, 1.0] | train det 0.0255 seg 0.1238 cnt 2.3095
[stage1] epoch 63/100 step 11 | loss 10.1270 | w [15.0, 8.0, 1.0] | train det 0.2155 seg 0.1308 cnt 5.8480
[stage1] epoch 63/100 step 12 | loss 5.5799 | w [15.0, 8.0, 1.0] | train det 0.0590 seg 0.1531 cnt 3.4696
[stage1] epoch 63/100 step 13 | loss 5.0802 | w [15.0, 8.0, 1.0] | train det 0.0570 seg 0.1010 cnt 3.4167
[stage1] epoch 63/100 step 14 | loss 5.6684 | w [15.0, 8.0, 1.0] | train det 0.0383 seg 0.1572 cnt 3.8358
[stage1] epoch 63/100 step 15 | loss 9.4325 | w [15.0, 8.0, 1.0] | train det 0.0950 seg 0.1183 cnt 7.0612
[stage1] epoch 63/100 step 16 | loss 14.6200 | w [15.0, 8.0, 1.0] | train det 0.1391 seg 0.2634 cnt 10.4253
[stage1] epoch 63/100 step 17 | loss 11.7246 | w [15.0, 8.0, 1.0] | train det 0.0771 seg 0.1699 cnt 9.2092
[stage1] epoch 63/100 step 18 | loss 4.6841 | w [15.0, 8.0, 1.0] | train det 0.0327 seg 0.1138 cnt 3.2839
[stage1] epoch 63/100 step 19 | loss 7.5631 | w [15.0, 8.0, 1.0] | train det 0.0708 seg 0.2139 cnt 4.7905
[stage1] epoch 63/100 step 20 | loss 7.5050 | w [15.0, 8.0, 1.0] | train det 0.0409 seg 0.1248 cnt 5.8936
[stage1] epoch 63/100 step 21 | loss 6.3055 | w [15.0, 8.0, 1.0] | train det 0.1477 seg 0.0636 cnt 3.5806
[stage1] epoch 63/100 step 22 | loss 5.3199 | w [15.0, 8.0, 1.0] | train det 0.0332 seg 0.0923 cnt 4.0833
[stage1] epoch 63/100 step 23 | loss 5.6498 | w [15.0, 8.0, 1.0] | train det 0.0539 seg 0.1868 cnt 3.3463
[stage1] epoch 63/100 step 24 | loss 7.5760 | w [15.0, 8.0, 1.0] | train det 0.0738 seg 0.1440 cnt 5.3175
[stage1] epoch 63/100 step 25 | loss 7.0050 | w [15.0, 8.0, 1.0] | train det 0.0874 seg 0.0460 cnt 5.3264
[stage1] epoch 63/100 step 26 | loss 11.2074 | w [15.0, 8.0, 1.0] | train det 0.0738 seg 0.1441 cnt 8.9471
[stage1] epoch 63/100 step 27 | loss 7.9573 | w [15.0, 8.0, 1.0] | train det 0.0534 seg 0.1770 cnt 5.7393
[stage1] epoch 63/100 step 28 | loss 10.3653 | w [15.0, 8.0, 1.0] | train det 0.0323 seg 0.0921 cnt 9.1443
[stage1] epoch 63/100 step 29 | loss 5.2578 | w [15.0, 8.0, 1.0] | train det 0.0887 seg 0.0817 cnt 3.2746
[stage1] epoch 63/100 step 30 | loss 12.4615 | w [15.0, 8.0, 1.0] | train det 0.0573 seg 0.1124 cnt 10.7039
[stage1] epoch 63/100 step 31 | loss 4.6638 | w [15.0, 8.0, 1.0] | train det 0.0240 seg 0.0842 cnt 3.6301
[stage1] epoch 63/100 step 32 | loss 20.4911 | w [15.0, 8.0, 1.0] | train det 0.0294 seg 0.1544 cnt 18.8150
[stage1] epoch 63/100 step 33 | loss 10.0790 | w [15.0, 8.0, 1.0] | train det 0.0466 seg 0.0610 cnt 8.8918
[stage1] epoch 63/100 step 34 | loss 4.2605 | w [15.0, 8.0, 1.0] | train det 0.0596 seg 0.1511 cnt 2.1581
[stage1] epoch 63/100 step 35 | loss 10.0357 | w [15.0, 8.0, 1.0] | train det 0.2612 seg 0.0466 cnt 5.7452
[stage1] epoch 63/100 step 36 | loss 4.3296 | w [15.0, 8.0, 1.0] | train det 0.0188 seg 0.1096 cnt 3.1714
[stage1] epoch 63/100 step 37 | loss 7.4732 | w [15.0, 8.0, 1.0] | train det 0.0947 seg 0.1791 cnt 4.6198
[stage1] epoch 63/100 step 38 | loss 4.2820 | w [15.0, 8.0, 1.0] | train det 0.0547 seg 0.0597 cnt 2.9846
[stage1] epoch 63/100 step 39 | loss 8.4235 | w [15.0, 8.0, 1.0] | train det 0.0332 seg 0.1361 cnt 6.8372
[stage1] epoch 63/100 step 40 | loss 14.0723 | w [15.0, 8.0, 1.0] | train det 0.0482 seg 0.1873 cnt 11.8501
[stage1] epoch 63/100 step 41 | loss 15.4675 | w [15.0, 8.0, 1.0] | train det 0.1660 seg 0.2100 cnt 11.2970
[stage1] epoch 63/100 step 42 | loss 4.9961 | w [15.0, 8.0, 1.0] | train det 0.0515 seg 0.1169 cnt 3.2892
[stage1] epoch 63/100 step 43 | loss 4.3245 | w [15.0, 8.0, 1.0] | train det 0.0603 seg 0.1313 cnt 2.3691
[stage1] epoch 63/100 | train 8.7418 | det 0.0752 seg 0.1378 cnt 6.5110
[stage1] epoch 63 | val det 0.4419 seg 0.9103 miou 0.6170 cnt 5.7053 dens 9.824569e-01 mae 4.7229 total_mae 20.2899 | ap50 0.5705 | combo 1.399283
[stage1] epoch 64/100 step 1 | loss 14.4938 | w [15.0, 8.0, 1.0] | train det 0.0754 seg 0.1065 cnt 12.5115
[stage1] epoch 64/100 step 2 | loss 11.3811 | w [15.0, 8.0, 1.0] | train det 0.1389 seg 0.1247 cnt 8.2999
[stage1] epoch 64/100 step 3 | loss 5.7267 | w [15.0, 8.0, 1.0] | train det 0.1167 seg 0.1749 cnt 2.5770
[stage1] epoch 64/100 step 4 | loss 5.9016 | w [15.0, 8.0, 1.0] | train det 0.0925 seg 0.1439 cnt 3.3628
[stage1] epoch 64/100 step 5 | loss 4.6191 | w [15.0, 8.0, 1.0] | train det 0.0852 seg 0.1093 cnt 2.4662
[stage1] epoch 64/100 step 6 | loss 12.0271 | w [15.0, 8.0, 1.0] | train det 0.0414 seg 0.1857 cnt 9.9201
[stage1] epoch 64/100 step 7 | loss 11.6181 | w [15.0, 8.0, 1.0] | train det 0.0344 seg 0.0725 cnt 10.5212
[stage1] epoch 64/100 step 8 | loss 11.8012 | w [15.0, 8.0, 1.0] | train det 0.0499 seg 0.1560 cnt 9.8047
[stage1] epoch 64/100 step 9 | loss 8.3451 | w [15.0, 8.0, 1.0] | train det 0.0758 seg 0.1019 cnt 6.3926
[stage1] epoch 64/100 step 10 | loss 6.8327 | w [15.0, 8.0, 1.0] | train det 0.1206 seg 0.1352 cnt 3.9420
[stage1] epoch 64/100 step 11 | loss 4.9142 | w [15.0, 8.0, 1.0] | train det 0.1028 seg 0.0564 cnt 2.9211
[stage1] epoch 64/100 step 12 | loss 26.0228 | w [15.0, 8.0, 1.0] | train det 0.1463 seg 0.1440 cnt 22.6767
[stage1] epoch 64/100 step 13 | loss 6.2018 | w [15.0, 8.0, 1.0] | train det 0.0510 seg 0.1780 cnt 4.0129
[stage1] epoch 64/100 step 14 | loss 7.4057 | w [15.0, 8.0, 1.0] | train det 0.0232 seg 0.1088 cnt 6.1875
[stage1] epoch 64/100 step 15 | loss 12.5256 | w [15.0, 8.0, 1.0] | train det 0.1891 seg 0.0942 cnt 8.9358
[stage1] epoch 64/100 step 16 | loss 7.7289 | w [15.0, 8.0, 1.0] | train det 0.0650 seg 0.3995 cnt 3.5574
[stage1] epoch 64/100 step 17 | loss 12.7802 | w [15.0, 8.0, 1.0] | train det 0.0981 seg 0.1314 cnt 10.2578
[stage1] epoch 64/100 step 18 | loss 4.0041 | w [15.0, 8.0, 1.0] | train det 0.0540 seg 0.1845 cnt 1.7182
[stage1] epoch 64/100 step 19 | loss 8.0935 | w [15.0, 8.0, 1.0] | train det 0.0470 seg 0.1109 cnt 6.5004
[stage1] epoch 64/100 step 20 | loss 3.2587 | w [15.0, 8.0, 1.0] | train det 0.0315 seg 0.0822 cnt 2.1291
[stage1] epoch 64/100 step 21 | loss 5.7601 | w [15.0, 8.0, 1.0] | train det 0.0422 seg 0.1242 cnt 4.1334
[stage1] epoch 64/100 step 22 | loss 12.6597 | w [15.0, 8.0, 1.0] | train det 0.1517 seg 0.2228 cnt 8.6025
[stage1] epoch 64/100 step 23 | loss 2.9900 | w [15.0, 8.0, 1.0] | train det 0.0190 seg 0.0327 cnt 2.4437
[stage1] epoch 64/100 step 24 | loss 7.1710 | w [15.0, 8.0, 1.0] | train det 0.0459 seg 0.1343 cnt 5.4075
[stage1] epoch 64/100 step 25 | loss 13.6151 | w [15.0, 8.0, 1.0] | train det 0.2459 seg 0.1693 cnt 8.5714
[stage1] epoch 64/100 step 26 | loss 12.0318 | w [15.0, 8.0, 1.0] | train det 0.1129 seg 0.1764 cnt 8.9278
[stage1] epoch 64/100 step 27 | loss 4.5778 | w [15.0, 8.0, 1.0] | train det 0.0335 seg 0.2954 cnt 1.7121
[stage1] epoch 64/100 step 28 | loss 5.8740 | w [15.0, 8.0, 1.0] | train det 0.0898 seg 0.1565 cnt 3.2757
[stage1] epoch 64/100 step 29 | loss 4.5431 | w [15.0, 8.0, 1.0] | train det 0.0584 seg 0.0780 cnt 3.0437
[stage1] epoch 64/100 step 30 | loss 12.3557 | w [15.0, 8.0, 1.0] | train det 0.0378 seg 0.1801 cnt 10.3469
[stage1] epoch 64/100 step 31 | loss 13.0675 | w [15.0, 8.0, 1.0] | train det 0.0513 seg 0.1286 cnt 11.2697
[stage1] epoch 64/100 step 32 | loss 8.9864 | w [15.0, 8.0, 1.0] | train det 0.0656 seg 0.0774 cnt 7.3840
[stage1] epoch 64/100 step 33 | loss 9.2876 | w [15.0, 8.0, 1.0] | train det 0.0671 seg 0.1326 cnt 7.2204
[stage1] epoch 64/100 step 34 | loss 6.0409 | w [15.0, 8.0, 1.0] | train det 0.0407 seg 0.1337 cnt 4.3603
[stage1] epoch 64/100 step 35 | loss 5.6809 | w [15.0, 8.0, 1.0] | train det 0.0299 seg 0.1622 cnt 3.9354
[stage1] epoch 64/100 step 36 | loss 21.5532 | w [15.0, 8.0, 1.0] | train det 0.0112 seg 0.2709 cnt 19.2174
[stage1] epoch 64/100 step 37 | loss 5.4318 | w [15.0, 8.0, 1.0] | train det 0.0699 seg 0.1479 cnt 3.1997
[stage1] epoch 64/100 step 38 | loss 8.5501 | w [15.0, 8.0, 1.0] | train det 0.1514 seg 0.0127 cnt 6.1783
[stage1] epoch 64/100 step 39 | loss 16.7951 | w [15.0, 8.0, 1.0] | train det 0.1213 seg 0.1477 cnt 13.7946
[stage1] epoch 64/100 step 40 | loss 6.1412 | w [15.0, 8.0, 1.0] | train det 0.0959 seg 0.0893 cnt 3.9878
[stage1] epoch 64/100 step 41 | loss 22.6357 | w [15.0, 8.0, 1.0] | train det 0.0865 seg 0.1598 cnt 20.0590
[stage1] epoch 64/100 step 42 | loss 3.6812 | w [15.0, 8.0, 1.0] | train det 0.0411 seg 0.1743 cnt 1.6701
[stage1] epoch 64/100 step 43 | loss 8.4878 | w [15.0, 8.0, 1.0] | train det 0.0584 seg 0.2302 cnt 5.7701
[stage1] epoch 64/100 | train 9.3860 | det 0.0783 seg 0.1451 cnt 7.0513
[stage1] epoch 64 | val det 0.4314 seg 0.8993 miou 0.6179 cnt 6.0933 dens 9.813903e-01 mae 5.1119 total_mae 32.3723 | ap50 0.5678 | combo 1.381235
[stage1] epoch 65/100 step 1 | loss 7.1609 | w [15.0, 8.0, 1.0] | train det 0.1891 seg 0.3145 cnt 1.8074
[stage1] epoch 65/100 step 2 | loss 9.3442 | w [15.0, 8.0, 1.0] | train det 0.3124 seg 0.1176 cnt 3.7168
[stage1] epoch 65/100 step 3 | loss 4.9141 | w [15.0, 8.0, 1.0] | train det 0.0233 seg 0.1034 cnt 3.7371
[stage1] epoch 65/100 step 4 | loss 10.0015 | w [15.0, 8.0, 1.0] | train det 0.2167 seg 0.1060 cnt 5.9028
[stage1] epoch 65/100 step 5 | loss 8.3741 | w [15.0, 8.0, 1.0] | train det 0.0339 seg 0.1374 cnt 6.7660
[stage1] epoch 65/100 step 6 | loss 22.9211 | w [15.0, 8.0, 1.0] | train det 0.0854 seg 0.0832 cnt 20.9750
[stage1] epoch 65/100 step 7 | loss 4.1711 | w [15.0, 8.0, 1.0] | train det 0.0694 seg 0.0476 cnt 2.7490
[stage1] epoch 65/100 step 8 | loss 5.1226 | w [15.0, 8.0, 1.0] | train det 0.0333 seg 0.1387 cnt 3.5134
[stage1] epoch 65/100 step 9 | loss 8.5318 | w [15.0, 8.0, 1.0] | train det 0.1082 seg 0.1727 cnt 5.5275
[stage1] epoch 65/100 step 10 | loss 4.9916 | w [15.0, 8.0, 1.0] | train det 0.0481 seg 0.0367 cnt 3.9759
[stage1] epoch 65/100 step 11 | loss 5.3954 | w [15.0, 8.0, 1.0] | train det 0.0497 seg 0.0559 cnt 4.2034
[stage1] epoch 65/100 step 12 | loss 31.0099 | w [15.0, 8.0, 1.0] | train det 0.0415 seg 0.1347 cnt 29.3099
[stage1] epoch 65/100 step 13 | loss 7.2489 | w [15.0, 8.0, 1.0] | train det 0.0372 seg 0.1648 cnt 5.3725
[stage1] epoch 65/100 step 14 | loss 4.3149 | w [15.0, 8.0, 1.0] | train det 0.1167 seg 0.1222 cnt 1.5876
[stage1] epoch 65/100 step 15 | loss 7.7585 | w [15.0, 8.0, 1.0] | train det 0.0334 seg 0.1885 cnt 5.7494
[stage1] epoch 65/100 step 16 | loss 14.0947 | w [15.0, 8.0, 1.0] | train det 0.0365 seg 0.2169 cnt 11.8124
[stage1] epoch 65/100 step 17 | loss 5.0806 | w [15.0, 8.0, 1.0] | train det 0.0461 seg 0.1742 cnt 2.9951
[stage1] epoch 65/100 step 18 | loss 10.5727 | w [15.0, 8.0, 1.0] | train det 0.2926 seg 0.1728 cnt 4.8017
[stage1] epoch 65/100 step 19 | loss 7.9915 | w [15.0, 8.0, 1.0] | train det 0.1810 seg 0.1009 cnt 4.4694
[stage1] epoch 65/100 step 20 | loss 71.7629 | w [15.0, 8.0, 1.0] | train det 0.0230 seg 0.2033 cnt 69.7913
[stage1] epoch 65/100 step 21 | loss 7.6259 | w [15.0, 8.0, 1.0] | train det 0.0661 seg 0.1206 cnt 5.6694
[stage1] epoch 65/100 step 22 | loss 9.0846 | w [15.0, 8.0, 1.0] | train det 0.0318 seg 0.1801 cnt 7.1658
[stage1] epoch 65/100 step 23 | loss 9.4743 | w [15.0, 8.0, 1.0] | train det 0.1061 seg 0.0822 cnt 7.2248
[stage1] epoch 65/100 step 24 | loss 5.2197 | w [15.0, 8.0, 1.0] | train det 0.1088 seg 0.1397 cnt 2.4696
[stage1] epoch 65/100 step 25 | loss 4.4802 | w [15.0, 8.0, 1.0] | train det 0.0281 seg 0.2624 cnt 1.9600
[stage1] epoch 65/100 step 26 | loss 4.7688 | w [15.0, 8.0, 1.0] | train det 0.0203 seg 0.0824 cnt 3.8055
[stage1] epoch 65/100 step 27 | loss 5.1062 | w [15.0, 8.0, 1.0] | train det 0.0436 seg 0.1761 cnt 3.0428
[stage1] epoch 65/100 step 28 | loss 7.2335 | w [15.0, 8.0, 1.0] | train det 0.0757 seg 0.1105 cnt 5.2137
[stage1] epoch 65/100 step 29 | loss 9.4071 | w [15.0, 8.0, 1.0] | train det 0.0864 seg 0.1158 cnt 7.1840
[stage1] epoch 65/100 step 30 | loss 35.0975 | w [15.0, 8.0, 1.0] | train det 0.0229 seg 0.2616 cnt 32.6608
[stage1] epoch 65/100 step 31 | loss 5.5809 | w [15.0, 8.0, 1.0] | train det 0.0695 seg 0.1965 cnt 2.9665
[stage1] epoch 65/100 step 32 | loss 7.6722 | w [15.0, 8.0, 1.0] | train det 0.0890 seg 0.2710 cnt 4.1691
[stage1] epoch 65/100 step 33 | loss 7.3971 | w [15.0, 8.0, 1.0] | train det 0.0807 seg 0.1308 cnt 5.1397
[stage1] epoch 65/100 step 34 | loss 7.7329 | w [15.0, 8.0, 1.0] | train det 0.1730 seg 0.1745 cnt 3.7422
[stage1] epoch 65/100 step 35 | loss 7.3227 | w [15.0, 8.0, 1.0] | train det 0.1040 seg 0.1168 cnt 4.8292
[stage1] epoch 65/100 step 36 | loss 32.7069 | w [15.0, 8.0, 1.0] | train det 0.0462 seg 0.1583 cnt 30.7478
[stage1] epoch 65/100 step 37 | loss 5.7718 | w [15.0, 8.0, 1.0] | train det 0.1343 seg 0.0835 cnt 3.0898
[stage1] epoch 65/100 step 38 | loss 8.6689 | w [15.0, 8.0, 1.0] | train det 0.3297 seg 0.2096 cnt 2.0469
[stage1] epoch 65/100 step 39 | loss 7.7726 | w [15.0, 8.0, 1.0] | train det 0.0383 seg 0.0602 cnt 6.7163
[stage1] epoch 65/100 step 40 | loss 14.8135 | w [15.0, 8.0, 1.0] | train det 0.1886 seg 0.0871 cnt 11.2876
[stage1] epoch 65/100 step 41 | loss 4.3772 | w [15.0, 8.0, 1.0] | train det 0.0289 seg 0.1719 cnt 2.5683
[stage1] epoch 65/100 step 42 | loss 7.0293 | w [15.0, 8.0, 1.0] | train det 0.1025 seg 0.1270 cnt 4.4756
[stage1] epoch 65/100 step 43 | loss 5.0851 | w [15.0, 8.0, 1.0] | train det 0.0495 seg 0.1239 cnt 3.3504
[stage1] epoch 65/100 | train 10.9347 | det 0.0931 seg 0.1450 cnt 8.3788
[stage1] epoch 65 | val det 0.4324 seg 0.9270 miou 0.6219 cnt 5.5373 dens 9.822038e-01 mae 4.5551 total_mae 21.0343 | ap50 0.5677 | combo 1.409141
[stage1] epoch 66/100 step 1 | loss 9.6916 | w [15.0, 8.0, 1.0] | train det 0.1278 seg 0.1114 cnt 6.8827
[stage1] epoch 66/100 step 2 | loss 8.2660 | w [15.0, 8.0, 1.0] | train det 0.1207 seg 0.1351 cnt 5.3746
[stage1] epoch 66/100 step 3 | loss 9.7725 | w [15.0, 8.0, 1.0] | train det 0.0766 seg 0.1535 cnt 7.3953
[stage1] epoch 66/100 step 4 | loss 5.1569 | w [15.0, 8.0, 1.0] | train det 0.0926 seg 0.0825 cnt 3.1083
[stage1] epoch 66/100 step 5 | loss 14.1759 | w [15.0, 8.0, 1.0] | train det 0.2245 seg 0.1399 cnt 9.6888
[stage1] epoch 66/100 step 6 | loss 6.0282 | w [15.0, 8.0, 1.0] | train det 0.0198 seg 0.0702 cnt 5.1697
[stage1] epoch 66/100 step 7 | loss 6.2786 | w [15.0, 8.0, 1.0] | train det 0.0582 seg 0.1098 cnt 4.5274
[stage1] epoch 66/100 step 8 | loss 8.6360 | w [15.0, 8.0, 1.0] | train det 0.0898 seg 0.1972 cnt 5.7117
[stage1] epoch 66/100 step 9 | loss 6.7997 | w [15.0, 8.0, 1.0] | train det 0.0213 seg 0.0742 cnt 5.8873
[stage1] epoch 66/100 step 10 | loss 5.6016 | w [15.0, 8.0, 1.0] | train det 0.0885 seg 0.1224 cnt 3.2952
[stage1] epoch 66/100 step 11 | loss 10.3412 | w [15.0, 8.0, 1.0] | train det 0.0519 seg 0.1753 cnt 8.1609
[stage1] epoch 66/100 step 12 | loss 5.9282 | w [15.0, 8.0, 1.0] | train det 0.0853 seg 0.1980 cnt 3.0647
[stage1] epoch 66/100 step 13 | loss 7.4138 | w [15.0, 8.0, 1.0] | train det 0.0519 seg 0.1834 cnt 5.1675
[stage1] epoch 66/100 step 14 | loss 14.6579 | w [15.0, 8.0, 1.0] | train det 0.1136 seg 0.2324 cnt 11.0950
[stage1] epoch 66/100 step 15 | loss 6.1121 | w [15.0, 8.0, 1.0] | train det 0.0973 seg 0.1031 cnt 3.8285
[stage1] epoch 66/100 step 16 | loss 8.3252 | w [15.0, 8.0, 1.0] | train det 0.0566 seg 0.1313 cnt 6.4263
[stage1] epoch 66/100 step 17 | loss 5.6223 | w [15.0, 8.0, 1.0] | train det 0.0731 seg 0.1033 cnt 3.6990
[stage1] epoch 66/100 step 18 | loss 6.1148 | w [15.0, 8.0, 1.0] | train det 0.0500 seg 0.1156 cnt 4.4397
[stage1] epoch 66/100 step 19 | loss 6.4484 | w [15.0, 8.0, 1.0] | train det 0.0227 seg 0.0624 cnt 5.6089
[stage1] epoch 66/100 step 20 | loss 5.2952 | w [15.0, 8.0, 1.0] | train det 0.0739 seg 0.0807 cnt 3.5405
[stage1] epoch 66/100 step 21 | loss 6.2374 | w [15.0, 8.0, 1.0] | train det 0.0725 seg 0.1273 cnt 4.1314
[stage1] epoch 66/100 step 22 | loss 7.9600 | w [15.0, 8.0, 1.0] | train det 0.0719 seg 0.1106 cnt 5.9969
[stage1] epoch 66/100 step 23 | loss 4.8423 | w [15.0, 8.0, 1.0] | train det 0.0432 seg 0.1445 cnt 3.0384
[stage1] epoch 66/100 step 24 | loss 4.4924 | w [15.0, 8.0, 1.0] | train det 0.0187 seg 0.1037 cnt 3.3831
[stage1] epoch 66/100 step 25 | loss 8.9466 | w [15.0, 8.0, 1.0] | train det 0.1148 seg 0.1260 cnt 6.2167
[stage1] epoch 66/100 step 26 | loss 8.5395 | w [15.0, 8.0, 1.0] | train det 0.0454 seg 0.1033 cnt 7.0328
[stage1] epoch 66/100 step 27 | loss 12.1619 | w [15.0, 8.0, 1.0] | train det 0.3053 seg 0.0688 cnt 7.0327
[stage1] epoch 66/100 step 28 | loss 4.2251 | w [15.0, 8.0, 1.0] | train det 0.0182 seg 0.1978 cnt 2.3695
[stage1] epoch 66/100 step 29 | loss 11.8685 | w [15.0, 8.0, 1.0] | train det 0.0946 seg 0.1225 cnt 9.4702
[stage1] epoch 66/100 step 30 | loss 7.5552 | w [15.0, 8.0, 1.0] | train det 0.0779 seg 0.1618 cnt 5.0928
[stage1] epoch 66/100 step 31 | loss 5.6217 | w [15.0, 8.0, 1.0] | train det 0.0754 seg 0.0802 cnt 3.8491
[stage1] epoch 66/100 step 32 | loss 9.7222 | w [15.0, 8.0, 1.0] | train det 0.1073 seg 0.1895 cnt 6.5971
[stage1] epoch 66/100 step 33 | loss 9.0222 | w [15.0, 8.0, 1.0] | train det 0.0495 seg 0.0995 cnt 7.4831
[stage1] epoch 66/100 step 34 | loss 5.0637 | w [15.0, 8.0, 1.0] | train det 0.0371 seg 0.0745 cnt 3.9107
[stage1] epoch 66/100 step 35 | loss 7.5191 | w [15.0, 8.0, 1.0] | train det 0.0693 seg 0.0588 cnt 6.0090
[stage1] epoch 66/100 step 36 | loss 3.6617 | w [15.0, 8.0, 1.0] | train det 0.0139 seg 0.1086 cnt 2.5852
[stage1] epoch 66/100 step 37 | loss 7.6918 | w [15.0, 8.0, 1.0] | train det 0.1703 seg 0.1205 cnt 4.1729
[stage1] epoch 66/100 step 38 | loss 9.3677 | w [15.0, 8.0, 1.0] | train det 0.1152 seg 0.1078 cnt 6.7766
[stage1] epoch 66/100 step 39 | loss 6.2027 | w [15.0, 8.0, 1.0] | train det 0.0557 seg 0.2004 cnt 3.7638
[stage1] epoch 66/100 step 40 | loss 10.5979 | w [15.0, 8.0, 1.0] | train det 0.1222 seg 0.1064 cnt 7.9130
[stage1] epoch 66/100 step 41 | loss 8.8912 | w [15.0, 8.0, 1.0] | train det 0.2403 seg 0.1892 cnt 3.7728
[stage1] epoch 66/100 step 42 | loss 5.2160 | w [15.0, 8.0, 1.0] | train det 0.0288 seg 0.0933 cnt 4.0374
[stage1] epoch 66/100 step 43 | loss 9.2302 | w [15.0, 8.0, 1.0] | train det 0.0725 seg 0.2601 cnt 6.0616
[stage1] epoch 66/100 | train 7.7047 | det 0.0841 seg 0.1288 cnt 5.4132
[stage1] epoch 66 | val det 0.4498 seg 0.9497 miou 0.6191 cnt 5.3180 dens 9.820950e-01 mae 4.3359 total_mae 25.4725 | ap50 0.5667 | combo 1.416478
[stage1] epoch 67/100 step 1 | loss 4.9544 | w [15.0, 8.0, 1.0] | train det 0.0318 seg 0.2227 cnt 2.6961
[stage1] epoch 67/100 step 2 | loss 3.8971 | w [15.0, 8.0, 1.0] | train det 0.0387 seg 0.1374 cnt 2.2175
[stage1] epoch 67/100 step 3 | loss 8.0973 | w [15.0, 8.0, 1.0] | train det 0.0647 seg 0.1885 cnt 5.6187
[stage1] epoch 67/100 step 4 | loss 6.3952 | w [15.0, 8.0, 1.0] | train det 0.1135 seg 0.1054 cnt 3.8502
[stage1] epoch 67/100 step 5 | loss 6.0698 | w [15.0, 8.0, 1.0] | train det 0.0773 seg 0.1493 cnt 3.7162
[stage1] epoch 67/100 step 6 | loss 6.5582 | w [15.0, 8.0, 1.0] | train det 0.1815 seg 0.1018 cnt 3.0217
[stage1] epoch 67/100 step 7 | loss 5.3699 | w [15.0, 8.0, 1.0] | train det 0.0248 seg 0.1077 cnt 4.1365
[stage1] epoch 67/100 step 8 | loss 6.1280 | w [15.0, 8.0, 1.0] | train det 0.0577 seg 0.1739 cnt 3.8705
[stage1] epoch 67/100 step 9 | loss 7.7630 | w [15.0, 8.0, 1.0] | train det 0.0610 seg 0.1202 cnt 5.8857
[stage1] epoch 67/100 step 10 | loss 10.5670 | w [15.0, 8.0, 1.0] | train det 0.1429 seg 0.1270 cnt 7.4081
[stage1] epoch 67/100 step 11 | loss 11.8245 | w [15.0, 8.0, 1.0] | train det 0.1313 seg 0.1158 cnt 8.9278
[stage1] epoch 67/100 step 12 | loss 5.5116 | w [15.0, 8.0, 1.0] | train det 0.0474 seg 0.0933 cnt 4.0545
[stage1] epoch 67/100 step 13 | loss 4.6133 | w [15.0, 8.0, 1.0] | train det 0.0578 seg 0.0727 cnt 3.1646
[stage1] epoch 67/100 step 14 | loss 4.8384 | w [15.0, 8.0, 1.0] | train det 0.0446 seg 0.0274 cnt 3.9499
[stage1] epoch 67/100 step 15 | loss 7.8082 | w [15.0, 8.0, 1.0] | train det 0.1415 seg 0.0912 cnt 4.9560
[stage1] epoch 67/100 step 16 | loss 13.3866 | w [15.0, 8.0, 1.0] | train det 0.1741 seg 0.0674 cnt 10.2361
[stage1] epoch 67/100 step 17 | loss 5.4259 | w [15.0, 8.0, 1.0] | train det 0.1990 seg 0.0814 cnt 1.7891
[stage1] epoch 67/100 step 18 | loss 6.0182 | w [15.0, 8.0, 1.0] | train det 0.0506 seg 0.1529 cnt 4.0355
[stage1] epoch 67/100 step 19 | loss 10.2894 | w [15.0, 8.0, 1.0] | train det 0.1697 seg 0.2420 cnt 5.8083
[stage1] epoch 67/100 step 20 | loss 8.7155 | w [15.0, 8.0, 1.0] | train det 0.0341 seg 0.2801 cnt 5.9630
[stage1] epoch 67/100 step 21 | loss 6.0511 | w [15.0, 8.0, 1.0] | train det 0.0702 seg 0.0926 cnt 4.2583
[stage1] epoch 67/100 step 22 | loss 5.6425 | w [15.0, 8.0, 1.0] | train det 0.0569 seg 0.1484 cnt 3.6016
[stage1] epoch 67/100 step 23 | loss 6.0436 | w [15.0, 8.0, 1.0] | train det 0.0284 seg 0.0746 cnt 5.0212
[stage1] epoch 67/100 step 24 | loss 5.5076 | w [15.0, 8.0, 1.0] | train det 0.0633 seg 0.1360 cnt 3.4701
[stage1] epoch 67/100 step 25 | loss 5.1767 | w [15.0, 8.0, 1.0] | train det 0.0555 seg 0.2747 cnt 2.1468
[stage1] epoch 67/100 step 26 | loss 4.5104 | w [15.0, 8.0, 1.0] | train det 0.1038 seg 0.1116 cnt 2.0616
[stage1] epoch 67/100 step 27 | loss 6.4320 | w [15.0, 8.0, 1.0] | train det 0.0423 seg 0.0807 cnt 5.1517
[stage1] epoch 67/100 step 28 | loss 5.7906 | w [15.0, 8.0, 1.0] | train det 0.0716 seg 0.1567 cnt 3.4634
[stage1] epoch 67/100 step 29 | loss 6.8672 | w [15.0, 8.0, 1.0] | train det 0.0890 seg 0.1056 cnt 4.6875
[stage1] epoch 67/100 step 30 | loss 6.3336 | w [15.0, 8.0, 1.0] | train det 0.0845 seg 0.1693 cnt 3.7114
[stage1] epoch 67/100 step 31 | loss 8.3789 | w [15.0, 8.0, 1.0] | train det 0.1487 seg 0.1653 cnt 4.8258
[stage1] epoch 67/100 step 32 | loss 5.5133 | w [15.0, 8.0, 1.0] | train det 0.0705 seg 0.0627 cnt 3.9551
[stage1] epoch 67/100 step 33 | loss 7.9866 | w [15.0, 8.0, 1.0] | train det 0.0248 seg 0.0841 cnt 6.9422
[stage1] epoch 67/100 step 34 | loss 8.0621 | w [15.0, 8.0, 1.0] | train det 0.1002 seg 0.1554 cnt 5.3162
[stage1] epoch 67/100 step 35 | loss 10.3600 | w [15.0, 8.0, 1.0] | train det 0.0478 seg 0.1028 cnt 8.8210
[stage1] epoch 67/100 step 36 | loss 5.9663 | w [15.0, 8.0, 1.0] | train det 0.0524 seg 0.2191 cnt 3.4270
[stage1] epoch 67/100 step 37 | loss 3.1618 | w [15.0, 8.0, 1.0] | train det 0.0362 seg 0.0416 cnt 2.2866
[stage1] epoch 67/100 step 38 | loss 4.2768 | w [15.0, 8.0, 1.0] | train det 0.0387 seg 0.0971 cnt 2.9192
[stage1] epoch 67/100 step 39 | loss 8.2019 | w [15.0, 8.0, 1.0] | train det 0.0528 seg 0.1804 cnt 5.9660
[stage1] epoch 67/100 step 40 | loss 15.8132 | w [15.0, 8.0, 1.0] | train det 0.1318 seg 0.1321 cnt 12.7796
[stage1] epoch 67/100 step 41 | loss 3.9263 | w [15.0, 8.0, 1.0] | train det 0.0856 seg 0.1216 cnt 1.6692
[stage1] epoch 67/100 step 42 | loss 8.2948 | w [15.0, 8.0, 1.0] | train det 0.2138 seg 0.1625 cnt 3.7872
[stage1] epoch 67/100 step 43 | loss 6.8717 | w [15.0, 8.0, 1.0] | train det 0.0295 seg 0.2277 cnt 4.6076
[stage1] epoch 67/100 | train 6.9628 | det 0.0824 seg 0.1340 cnt 4.6554
[stage1] epoch 67 | val det 0.4391 seg 0.9044 miou 0.6159 cnt 5.3019 dens 9.839546e-01 mae 4.3179 total_mae 23.0806 | ap50 0.5641 | combo 1.411642
[stage1] epoch 68/100 step 1 | loss 20.7502 | w [15.0, 8.0, 1.0] | train det 0.0145 seg 0.0967 cnt 19.7588
[stage1] epoch 68/100 step 2 | loss 13.1470 | w [15.0, 8.0, 1.0] | train det 0.1187 seg 0.2141 cnt 9.6545
[stage1] epoch 68/100 step 3 | loss 4.4658 | w [15.0, 8.0, 1.0] | train det 0.1146 seg 0.1950 cnt 1.1862
[stage1] epoch 68/100 step 4 | loss 5.6186 | w [15.0, 8.0, 1.0] | train det 0.0321 seg 0.1579 cnt 3.8733
[stage1] epoch 68/100 step 5 | loss 7.4717 | w [15.0, 8.0, 1.0] | train det 0.1055 seg 0.1267 cnt 4.8754
[stage1] epoch 68/100 step 6 | loss 8.1105 | w [15.0, 8.0, 1.0] | train det 0.2326 seg 0.1225 cnt 3.6410
[stage1] epoch 68/100 step 7 | loss 6.4894 | w [15.0, 8.0, 1.0] | train det 0.0496 seg 0.1755 cnt 4.3415
[stage1] epoch 68/100 step 8 | loss 5.6370 | w [15.0, 8.0, 1.0] | train det 0.1557 seg 0.0624 cnt 2.8013
[stage1] epoch 68/100 step 9 | loss 5.9708 | w [15.0, 8.0, 1.0] | train det 0.1714 seg 0.1069 cnt 2.5455
[stage1] epoch 68/100 step 10 | loss 7.7355 | w [15.0, 8.0, 1.0] | train det 0.1314 seg 0.1451 cnt 4.6030
[stage1] epoch 68/100 step 11 | loss 4.6911 | w [15.0, 8.0, 1.0] | train det 0.0437 seg 0.2035 cnt 2.4083
[stage1] epoch 68/100 step 12 | loss 7.8816 | w [15.0, 8.0, 1.0] | train det 0.2791 seg 0.1031 cnt 2.8705
[stage1] epoch 68/100 step 13 | loss 6.6003 | w [15.0, 8.0, 1.0] | train det 0.1135 seg 0.1341 cnt 3.8253
[stage1] epoch 68/100 step 14 | loss 32.1391 | w [15.0, 8.0, 1.0] | train det 0.1517 seg 0.0800 cnt 29.2238
[stage1] epoch 68/100 step 15 | loss 7.0427 | w [15.0, 8.0, 1.0] | train det 0.0432 seg 0.1723 cnt 5.0162
[stage1] epoch 68/100 step 16 | loss 8.7638 | w [15.0, 8.0, 1.0] | train det 0.0433 seg 0.0555 cnt 7.6695
[stage1] epoch 68/100 step 17 | loss 5.4485 | w [15.0, 8.0, 1.0] | train det 0.0789 seg 0.0797 cnt 3.6277
[stage1] epoch 68/100 step 18 | loss 4.9545 | w [15.0, 8.0, 1.0] | train det 0.0753 seg 0.0633 cnt 3.3189
[stage1] epoch 68/100 step 19 | loss 5.9300 | w [15.0, 8.0, 1.0] | train det 0.1090 seg 0.0777 cnt 3.6736
[stage1] epoch 68/100 step 20 | loss 6.0322 | w [15.0, 8.0, 1.0] | train det 0.0610 seg 0.1869 cnt 3.6219
[stage1] epoch 68/100 step 21 | loss 12.3020 | w [15.0, 8.0, 1.0] | train det 0.0458 seg 0.1658 cnt 10.2888
[stage1] epoch 68/100 step 22 | loss 7.2506 | w [15.0, 8.0, 1.0] | train det 0.0521 seg 0.1929 cnt 4.9257
[stage1] epoch 68/100 step 23 | loss 5.5707 | w [15.0, 8.0, 1.0] | train det 0.0327 seg 0.0749 cnt 4.4806
[stage1] epoch 68/100 step 24 | loss 7.6310 | w [15.0, 8.0, 1.0] | train det 0.2091 seg 0.1613 cnt 3.2035
[stage1] epoch 68/100 step 25 | loss 23.7462 | w [15.0, 8.0, 1.0] | train det 0.4795 seg 0.1302 cnt 15.5118
[stage1] epoch 68/100 step 26 | loss 15.4462 | w [15.0, 8.0, 1.0] | train det 0.0574 seg 0.0871 cnt 13.8878
[stage1] epoch 68/100 step 27 | loss 5.2270 | w [15.0, 8.0, 1.0] | train det 0.1991 seg 0.0915 cnt 1.5076
[stage1] epoch 68/100 step 28 | loss 5.4489 | w [15.0, 8.0, 1.0] | train det 0.0594 seg 0.1492 cnt 3.3634
[stage1] epoch 68/100 step 29 | loss 8.5119 | w [15.0, 8.0, 1.0] | train det 0.1331 seg 0.1606 cnt 5.2310
[stage1] epoch 68/100 step 30 | loss 9.1092 | w [15.0, 8.0, 1.0] | train det 0.0594 seg 0.3141 cnt 5.7057
[stage1] epoch 68/100 step 31 | loss 4.4128 | w [15.0, 8.0, 1.0] | train det 0.0372 seg 0.0743 cnt 3.2597
[stage1] epoch 68/100 step 32 | loss 3.7446 | w [15.0, 8.0, 1.0] | train det 0.0594 seg 0.0405 cnt 2.5295
[stage1] epoch 68/100 step 33 | loss 6.5717 | w [15.0, 8.0, 1.0] | train det 0.2242 seg 0.0988 cnt 2.4185
[stage1] epoch 68/100 step 34 | loss 8.4507 | w [15.0, 8.0, 1.0] | train det 0.2370 seg 0.1594 cnt 3.6204
[stage1] epoch 68/100 step 35 | loss 3.2852 | w [15.0, 8.0, 1.0] | train det 0.0365 seg 0.0870 cnt 2.0423
[stage1] epoch 68/100 step 36 | loss 5.2806 | w [15.0, 8.0, 1.0] | train det 0.1830 seg 0.0773 cnt 1.9169
[stage1] epoch 68/100 step 37 | loss 5.7161 | w [15.0, 8.0, 1.0] | train det 0.0235 seg 0.1176 cnt 4.4232
[stage1] epoch 68/100 step 38 | loss 31.7498 | w [15.0, 8.0, 1.0] | train det 0.1432 seg 0.1648 cnt 28.2840
[stage1] epoch 68/100 step 39 | loss 8.3162 | w [15.0, 8.0, 1.0] | train det 0.1114 seg 0.0872 cnt 5.9469
[stage1] epoch 68/100 step 40 | loss 8.6581 | w [15.0, 8.0, 1.0] | train det 0.0262 seg 0.0840 cnt 7.5930
[stage1] epoch 68/100 step 41 | loss 6.3939 | w [15.0, 8.0, 1.0] | train det 0.1297 seg 0.0537 cnt 4.0193
[stage1] epoch 68/100 step 42 | loss 6.5864 | w [15.0, 8.0, 1.0] | train det 0.1819 seg 0.1036 cnt 3.0291
[stage1] epoch 68/100 step 43 | loss 6.3459 | w [15.0, 8.0, 1.0] | train det 0.0621 seg 0.1096 cnt 4.5377
[stage1] epoch 68/100 | train 8.8520 | det 0.1141 seg 0.1243 cnt 6.1456
[stage1] epoch 68 | val det 0.4438 seg 0.9163 miou 0.6173 cnt 5.2780 dens 9.823701e-01 mae 4.2957 total_mae 23.9264 | ap50 0.5725 | combo 1.422622
[ckpt] new best cached (stage1 epoch 68, combo 1.422622)
[stage1] epoch 69/100 step 1 | loss 3.9900 | w [15.0, 8.0, 1.0] | train det 0.0384 seg 0.1020 cnt 2.5980
[stage1] epoch 69/100 step 2 | loss 12.1316 | w [15.0, 8.0, 1.0] | train det 0.0981 seg 0.1218 cnt 9.6866
[stage1] epoch 69/100 step 3 | loss 6.9445 | w [15.0, 8.0, 1.0] | train det 0.0507 seg 0.1808 cnt 4.7381
[stage1] epoch 69/100 step 4 | loss 4.3260 | w [15.0, 8.0, 1.0] | train det 0.1236 seg 0.0862 cnt 1.7819
[stage1] epoch 69/100 step 5 | loss 10.2933 | w [15.0, 8.0, 1.0] | train det 0.0835 seg 0.1283 cnt 8.0146
[stage1] epoch 69/100 step 6 | loss 7.1858 | w [15.0, 8.0, 1.0] | train det 0.0957 seg 0.1447 cnt 4.5924
[stage1] epoch 69/100 step 7 | loss 9.2577 | w [15.0, 8.0, 1.0] | train det 0.0794 seg 0.1821 cnt 6.6104
[stage1] epoch 69/100 step 8 | loss 17.4858 | w [15.0, 8.0, 1.0] | train det 0.0712 seg 0.0967 cnt 15.6446
[stage1] epoch 69/100 step 9 | loss 8.2191 | w [15.0, 8.0, 1.0] | train det 0.0434 seg 0.1484 cnt 6.3818
[stage1] epoch 69/100 step 10 | loss 9.9956 | w [15.0, 8.0, 1.0] | train det 0.3736 seg 0.1506 cnt 3.1858
[stage1] epoch 69/100 step 11 | loss 5.9891 | w [15.0, 8.0, 1.0] | train det 0.0389 seg 0.0798 cnt 4.7669
[stage1] epoch 69/100 step 12 | loss 4.1094 | w [15.0, 8.0, 1.0] | train det 0.0303 seg 0.0828 cnt 2.9925
[stage1] epoch 69/100 step 13 | loss 5.0269 | w [15.0, 8.0, 1.0] | train det 0.0576 seg 0.1467 cnt 2.9900
[stage1] epoch 69/100 step 14 | loss 4.6492 | w [15.0, 8.0, 1.0] | train det 0.0691 seg 0.0885 cnt 2.9052
[stage1] epoch 69/100 step 15 | loss 4.9077 | w [15.0, 8.0, 1.0] | train det 0.0363 seg 0.1444 cnt 3.2079
[stage1] epoch 69/100 step 16 | loss 11.3529 | w [15.0, 8.0, 1.0] | train det 0.3071 seg 0.1582 cnt 5.4811
[stage1] epoch 69/100 step 17 | loss 6.5104 | w [15.0, 8.0, 1.0] | train det 0.0597 seg 0.2451 cnt 3.6545
[stage1] epoch 69/100 step 18 | loss 4.8790 | w [15.0, 8.0, 1.0] | train det 0.0636 seg 0.0763 cnt 3.3145
[stage1] epoch 69/100 step 19 | loss 7.3283 | w [15.0, 8.0, 1.0] | train det 0.0213 seg 0.1402 cnt 5.8876
[stage1] epoch 69/100 step 20 | loss 7.5360 | w [15.0, 8.0, 1.0] | train det 0.0767 seg 0.1612 cnt 5.0969
[stage1] epoch 69/100 step 21 | loss 5.7150 | w [15.0, 8.0, 1.0] | train det 0.0695 seg 0.0852 cnt 3.9912
[stage1] epoch 69/100 step 22 | loss 5.5169 | w [15.0, 8.0, 1.0] | train det 0.0521 seg 0.0947 cnt 3.9782
[stage1] epoch 69/100 step 23 | loss 3.8862 | w [15.0, 8.0, 1.0] | train det 0.0982 seg 0.0837 cnt 1.7433
[stage1] epoch 69/100 step 24 | loss 6.4248 | w [15.0, 8.0, 1.0] | train det 0.0249 seg 0.1835 cnt 4.5838
[stage1] epoch 69/100 step 25 | loss 4.7097 | w [15.0, 8.0, 1.0] | train det 0.1004 seg 0.1150 cnt 2.2836
[stage1] epoch 69/100 step 26 | loss 12.9032 | w [15.0, 8.0, 1.0] | train det 0.0639 seg 0.1066 cnt 11.0927
[stage1] epoch 69/100 step 27 | loss 6.1238 | w [15.0, 8.0, 1.0] | train det 0.0399 seg 0.1470 cnt 4.3499
[stage1] epoch 69/100 step 28 | loss 3.2334 | w [15.0, 8.0, 1.0] | train det 0.0444 seg 0.1492 cnt 1.3737
[stage1] epoch 69/100 step 29 | loss 11.3272 | w [15.0, 8.0, 1.0] | train det 0.0542 seg 0.1001 cnt 9.7127
[stage1] epoch 69/100 step 30 | loss 7.9788 | w [15.0, 8.0, 1.0] | train det 0.0479 seg 0.1523 cnt 6.0418
[stage1] epoch 69/100 step 31 | loss 6.1923 | w [15.0, 8.0, 1.0] | train det 0.0676 seg 0.1101 cnt 4.2966
[stage1] epoch 69/100 step 32 | loss 9.2445 | w [15.0, 8.0, 1.0] | train det 0.0834 seg 0.2228 cnt 6.2117
[stage1] epoch 69/100 step 33 | loss 7.1540 | w [15.0, 8.0, 1.0] | train det 0.0587 seg 0.1468 cnt 5.0991
[stage1] epoch 69/100 step 34 | loss 6.2321 | w [15.0, 8.0, 1.0] | train det 0.0419 seg 0.2215 cnt 3.8317
[stage1] epoch 69/100 step 35 | loss 6.4253 | w [15.0, 8.0, 1.0] | train det 0.0304 seg 0.1479 cnt 4.7863
[stage1] epoch 69/100 step 36 | loss 3.7151 | w [15.0, 8.0, 1.0] | train det 0.0599 seg 0.0797 cnt 2.1790
[stage1] epoch 69/100 step 37 | loss 4.0123 | w [15.0, 8.0, 1.0] | train det 0.0303 seg 0.0416 cnt 3.2247
[stage1] epoch 69/100 step 38 | loss 7.2532 | w [15.0, 8.0, 1.0] | train det 0.0772 seg 0.1287 cnt 5.0653
[stage1] epoch 69/100 step 39 | loss 5.0945 | w [15.0, 8.0, 1.0] | train det 0.0609 seg 0.1169 cnt 3.2463
[stage1] epoch 69/100 step 40 | loss 10.4492 | w [15.0, 8.0, 1.0] | train det 0.1238 seg 0.2697 cnt 6.4350
[stage1] epoch 69/100 step 41 | loss 7.6992 | w [15.0, 8.0, 1.0] | train det 0.0693 seg 0.3389 cnt 3.9490
[stage1] epoch 69/100 step 42 | loss 5.4948 | w [15.0, 8.0, 1.0] | train det 0.1024 seg 0.1394 cnt 2.8431
[stage1] epoch 69/100 step 43 | loss 7.3693 | w [15.0, 8.0, 1.0] | train det 0.0596 seg 0.0654 cnt 5.9522
[stage1] epoch 69/100 | train 7.1226 | det 0.0763 seg 0.1375 cnt 4.8791
[stage1] epoch 69 | val det 0.4335 seg 0.9355 miou 0.6198 cnt 5.3610 dens 9.872442e-01 mae 4.3738 total_mae 26.5812 | ap50 0.5598 | combo 1.408275
[stage1] epoch 70/100 step 1 | loss 3.7337 | w [15.0, 8.0, 1.0] | train det 0.0665 seg 0.0713 cnt 2.1655
[stage1] epoch 70/100 step 2 | loss 5.3080 | w [15.0, 8.0, 1.0] | train det 0.1054 seg 0.1457 cnt 2.5618
[stage1] epoch 70/100 step 3 | loss 8.8047 | w [15.0, 8.0, 1.0] | train det 0.1486 seg 0.1104 cnt 5.6932
[stage1] epoch 70/100 step 4 | loss 4.4816 | w [15.0, 8.0, 1.0] | train det 0.0249 seg 0.0528 cnt 3.6856
[stage1] epoch 70/100 step 5 | loss 13.2651 | w [15.0, 8.0, 1.0] | train det 0.0299 seg 0.1111 cnt 11.9280
[stage1] epoch 70/100 step 6 | loss 13.4043 | w [15.0, 8.0, 1.0] | train det 0.0608 seg 0.2540 cnt 10.4606
[stage1] epoch 70/100 step 7 | loss 9.6965 | w [15.0, 8.0, 1.0] | train det 0.0568 seg 0.1303 cnt 7.8028
[stage1] epoch 70/100 step 8 | loss 6.1929 | w [15.0, 8.0, 1.0] | train det 0.0947 seg 0.1089 cnt 3.9008
[stage1] epoch 70/100 step 9 | loss 11.6635 | w [15.0, 8.0, 1.0] | train det 0.2900 seg 0.1678 cnt 5.9703
[stage1] epoch 70/100 step 10 | loss 6.4845 | w [15.0, 8.0, 1.0] | train det 0.0481 seg 0.1745 cnt 4.3669
[stage1] epoch 70/100 step 11 | loss 7.0909 | w [15.0, 8.0, 1.0] | train det 0.1066 seg 0.2337 cnt 3.6215
[stage1] epoch 70/100 step 12 | loss 7.1895 | w [15.0, 8.0, 1.0] | train det 0.1160 seg 0.1184 cnt 4.5023
[stage1] epoch 70/100 step 13 | loss 7.7625 | w [15.0, 8.0, 1.0] | train det 0.1267 seg 0.1283 cnt 4.8352
[stage1] epoch 70/100 step 14 | loss 9.5841 | w [15.0, 8.0, 1.0] | train det 0.0418 seg 0.0763 cnt 8.3476
[stage1] epoch 70/100 step 15 | loss 5.9471 | w [15.0, 8.0, 1.0] | train det 0.0714 seg 0.1562 cnt 3.6267
[stage1] epoch 70/100 step 16 | loss 3.7320 | w [15.0, 8.0, 1.0] | train det 0.0516 seg 0.1401 cnt 1.8372
[stage1] epoch 70/100 step 17 | loss 9.1933 | w [15.0, 8.0, 1.0] | train det 0.1194 seg 0.0935 cnt 6.6547
[stage1] epoch 70/100 step 18 | loss 6.1126 | w [15.0, 8.0, 1.0] | train det 0.1309 seg 0.0874 cnt 3.4499
[stage1] epoch 70/100 step 19 | loss 4.6475 | w [15.0, 8.0, 1.0] | train det 0.0571 seg 0.1513 cnt 2.5803
[stage1] epoch 70/100 step 20 | loss 5.4097 | w [15.0, 8.0, 1.0] | train det 0.0381 seg 0.1395 cnt 3.7215
[stage1] epoch 70/100 step 21 | loss 12.0371 | w [15.0, 8.0, 1.0] | train det 0.1435 seg 0.2387 cnt 7.9755
[stage1] epoch 70/100 step 22 | loss 7.6752 | w [15.0, 8.0, 1.0] | train det 0.0207 seg 0.0872 cnt 6.6663
[stage1] epoch 70/100 step 23 | loss 7.9710 | w [15.0, 8.0, 1.0] | train det 0.0195 seg 0.0514 cnt 7.2680
[stage1] epoch 70/100 step 24 | loss 13.8535 | w [15.0, 8.0, 1.0] | train det 0.1087 seg 0.3615 cnt 9.3309
[stage1] epoch 70/100 step 25 | loss 4.5658 | w [15.0, 8.0, 1.0] | train det 0.0680 seg 0.1494 cnt 2.3509
[stage1] epoch 70/100 step 26 | loss 5.7772 | w [15.0, 8.0, 1.0] | train det 0.0859 seg 0.1499 cnt 3.2898
[stage1] epoch 70/100 step 27 | loss 5.7203 | w [15.0, 8.0, 1.0] | train det 0.0342 seg 0.0484 cnt 4.8194
[stage1] epoch 70/100 step 28 | loss 8.9211 | w [15.0, 8.0, 1.0] | train det 0.1728 seg 0.4159 cnt 3.0019
[stage1] epoch 70/100 step 29 | loss 13.2291 | w [15.0, 8.0, 1.0] | train det 0.0281 seg 0.1602 cnt 11.5258
[stage1] epoch 70/100 step 30 | loss 11.9356 | w [15.0, 8.0, 1.0] | train det 0.0993 seg 0.0734 cnt 9.8591
[stage1] epoch 70/100 step 31 | loss 6.5868 | w [15.0, 8.0, 1.0] | train det 0.1165 seg 0.1615 cnt 3.5475
[stage1] epoch 70/100 step 32 | loss 6.4340 | w [15.0, 8.0, 1.0] | train det 0.0366 seg 0.1171 cnt 4.9485
[stage1] epoch 70/100 step 33 | loss 7.9744 | w [15.0, 8.0, 1.0] | train det 0.0515 seg 0.2189 cnt 5.4514
[stage1] epoch 70/100 step 34 | loss 5.9603 | w [15.0, 8.0, 1.0] | train det 0.0446 seg 0.0877 cnt 4.5894
[stage1] epoch 70/100 step 35 | loss 5.7697 | w [15.0, 8.0, 1.0] | train det 0.0432 seg 0.1630 cnt 3.8177
[stage1] epoch 70/100 step 36 | loss 7.0978 | w [15.0, 8.0, 1.0] | train det 0.0321 seg 0.1511 cnt 5.4081
[stage1] epoch 70/100 step 37 | loss 7.8070 | w [15.0, 8.0, 1.0] | train det 0.0692 seg 0.1476 cnt 5.5877
[stage1] epoch 70/100 step 38 | loss 11.3790 | w [15.0, 8.0, 1.0] | train det 0.1112 seg 0.1384 cnt 8.6036
[stage1] epoch 70/100 step 39 | loss 5.4309 | w [15.0, 8.0, 1.0] | train det 0.1425 seg 0.0631 cnt 2.7881
[stage1] epoch 70/100 step 40 | loss 4.3356 | w [15.0, 8.0, 1.0] | train det 0.0321 seg 0.2262 cnt 2.0451
[stage1] epoch 70/100 step 41 | loss 7.6615 | w [15.0, 8.0, 1.0] | train det 0.0167 seg 0.1440 cnt 6.2592
[stage1] epoch 70/100 step 42 | loss 4.9627 | w [15.0, 8.0, 1.0] | train det 0.0722 seg 0.0885 cnt 3.1714
[stage1] epoch 70/100 step 43 | loss 5.3936 | w [15.0, 8.0, 1.0] | train det 0.0403 seg 0.1281 cnt 3.7644
[stage1] epoch 70/100 | train 7.6322 | det 0.0785 seg 0.1447 cnt 5.2973
[stage1] epoch 70 | val det 0.4386 seg 0.9577 miou 0.6215 cnt 8.6317 dens 1.022936e+00 mae 7.6088 total_mae 41.5273 | ap50 0.5722 | combo 1.325142
[stage1] epoch 71/100 step 1 | loss 4.1649 | w [15.0, 8.0, 1.0] | train det 0.0280 seg 0.1160 cnt 2.8169
[stage1] epoch 71/100 step 2 | loss 6.3018 | w [15.0, 8.0, 1.0] | train det 0.0398 seg 0.0848 cnt 5.0264
[stage1] epoch 71/100 step 3 | loss 12.7319 | w [15.0, 8.0, 1.0] | train det 0.0389 seg 0.1259 cnt 11.1413
[stage1] epoch 71/100 step 4 | loss 11.2171 | w [15.0, 8.0, 1.0] | train det 0.0752 seg 0.1568 cnt 8.8354
[stage1] epoch 71/100 step 5 | loss 18.9160 | w [15.0, 8.0, 1.0] | train det 0.2444 seg 0.2287 cnt 13.4208
[stage1] epoch 71/100 step 6 | loss 3.9967 | w [15.0, 8.0, 1.0] | train det 0.0482 seg 0.1762 cnt 1.8641
[stage1] epoch 71/100 step 7 | loss 8.0422 | w [15.0, 8.0, 1.0] | train det 0.0614 seg 0.2164 cnt 5.3897
[stage1] epoch 71/100 step 8 | loss 12.4668 | w [15.0, 8.0, 1.0] | train det 0.4342 seg 0.1365 cnt 4.8616
[stage1] epoch 71/100 step 9 | loss 4.4353 | w [15.0, 8.0, 1.0] | train det 0.0193 seg 0.1072 cnt 3.2879
[stage1] epoch 71/100 step 10 | loss 6.2757 | w [15.0, 8.0, 1.0] | train det 0.0222 seg 0.1578 cnt 4.6805
[stage1] epoch 71/100 step 11 | loss 3.7146 | w [15.0, 8.0, 1.0] | train det 0.0448 seg 0.0870 cnt 2.3474
[stage1] epoch 71/100 step 12 | loss 5.3447 | w [15.0, 8.0, 1.0] | train det 0.0621 seg 0.0705 cnt 3.8499
[stage1] epoch 71/100 step 13 | loss 12.9572 | w [15.0, 8.0, 1.0] | train det 0.2335 seg 0.0992 cnt 8.6613
[stage1] epoch 71/100 step 14 | loss 8.5245 | w [15.0, 8.0, 1.0] | train det 0.0436 seg 0.2143 cnt 6.1568
[stage1] epoch 71/100 step 15 | loss 12.3497 | w [15.0, 8.0, 1.0] | train det 0.2622 seg 0.0969 cnt 7.6419
[stage1] epoch 71/100 step 16 | loss 4.5937 | w [15.0, 8.0, 1.0] | train det 0.0501 seg 0.2449 cnt 1.8827
[stage1] epoch 71/100 step 17 | loss 20.5834 | w [15.0, 8.0, 1.0] | train det 0.2526 seg 0.1869 cnt 15.2998
[stage1] epoch 71/100 step 18 | loss 7.9434 | w [15.0, 8.0, 1.0] | train det 0.0887 seg 0.1695 cnt 5.2574
[stage1] epoch 71/100 step 19 | loss 7.4567 | w [15.0, 8.0, 1.0] | train det 0.0260 seg 0.1343 cnt 5.9920
[stage1] epoch 71/100 step 20 | loss 6.3879 | w [15.0, 8.0, 1.0] | train det 0.0406 seg 0.0770 cnt 5.1628
[stage1] epoch 71/100 step 21 | loss 6.1203 | w [15.0, 8.0, 1.0] | train det 0.0408 seg 0.1446 cnt 4.3522
[stage1] epoch 71/100 step 22 | loss 7.3491 | w [15.0, 8.0, 1.0] | train det 0.0988 seg 0.0930 cnt 5.1229
[stage1] epoch 71/100 step 23 | loss 10.3758 | w [15.0, 8.0, 1.0] | train det 0.0303 seg 0.1426 cnt 8.7807
[stage1] epoch 71/100 step 24 | loss 3.7676 | w [15.0, 8.0, 1.0] | train det 0.0285 seg 0.1271 cnt 2.3224
[stage1] epoch 71/100 step 25 | loss 4.8078 | w [15.0, 8.0, 1.0] | train det 0.0895 seg 0.1409 cnt 2.3382
[stage1] epoch 71/100 step 26 | loss 6.7039 | w [15.0, 8.0, 1.0] | train det 0.0609 seg 0.0839 cnt 5.1197
[stage1] epoch 71/100 step 27 | loss 11.6590 | w [15.0, 8.0, 1.0] | train det 0.0409 seg 0.1571 cnt 9.7888
[stage1] epoch 71/100 step 28 | loss 19.8565 | w [15.0, 8.0, 1.0] | train det 0.4332 seg 0.1250 cnt 12.3579
[stage1] epoch 71/100 step 29 | loss 15.0519 | w [15.0, 8.0, 1.0] | train det 0.0773 seg 0.1014 cnt 13.0815
[stage1] epoch 71/100 step 30 | loss 2.2351 | w [15.0, 8.0, 1.0] | train det 0.0285 seg 0.1080 cnt 0.9434
[stage1] epoch 71/100 step 31 | loss 4.6699 | w [15.0, 8.0, 1.0] | train det 0.0254 seg 0.1242 cnt 3.2952
[stage1] epoch 71/100 step 32 | loss 6.4365 | w [15.0, 8.0, 1.0] | train det 0.1336 seg 0.1469 cnt 3.2569
[stage1] epoch 71/100 step 33 | loss 7.5600 | w [15.0, 8.0, 1.0] | train det 0.2930 seg 0.1109 cnt 2.2781
[stage1] epoch 71/100 step 34 | loss 6.1172 | w [15.0, 8.0, 1.0] | train det 0.0448 seg 0.1296 cnt 4.4084
[stage1] epoch 71/100 step 35 | loss 6.7143 | w [15.0, 8.0, 1.0] | train det 0.1867 seg 0.1036 cnt 3.0853
[stage1] epoch 71/100 step 36 | loss 7.0057 | w [15.0, 8.0, 1.0] | train det 0.0739 seg 0.1716 cnt 4.5248
[stage1] epoch 71/100 step 37 | loss 10.1847 | w [15.0, 8.0, 1.0] | train det 0.0174 seg 0.2741 cnt 7.7311
[stage1] epoch 71/100 step 38 | loss 6.4019 | w [15.0, 8.0, 1.0] | train det 0.0385 seg 0.1022 cnt 5.0067
[stage1] epoch 71/100 step 39 | loss 7.8693 | w [15.0, 8.0, 1.0] | train det 0.0378 seg 0.1722 cnt 5.9242
[stage1] epoch 71/100 step 40 | loss 4.7480 | w [15.0, 8.0, 1.0] | train det 0.0651 seg 0.1277 cnt 2.7501
[stage1] epoch 71/100 step 41 | loss 14.0089 | w [15.0, 8.0, 1.0] | train det 0.2145 seg 0.0687 cnt 10.2427
[stage1] epoch 71/100 step 42 | loss 5.8664 | w [15.0, 8.0, 1.0] | train det 0.0600 seg 0.0516 cnt 4.5538
[stage1] epoch 71/100 step 43 | loss 7.0552 | w [15.0, 8.0, 1.0] | train det 0.0486 seg 0.1572 cnt 5.0684
[stage1] epoch 71/100 | train 8.3946 | det 0.0996 seg 0.1361 cnt 5.8119
[stage1] epoch 71 | val det 0.4479 seg 0.9326 miou 0.6189 cnt 6.8160 dens 9.943631e-01 mae 5.8216 total_mae 27.1001 | ap50 0.5703 | combo 1.360926
[stage1] epoch 72/100 step 1 | loss 9.1510 | w [15.0, 8.0, 1.0] | train det 0.2099 seg 0.1114 cnt 5.1110
[stage1] epoch 72/100 step 2 | loss 7.6410 | w [15.0, 8.0, 1.0] | train det 0.0286 seg 0.2745 cnt 5.0157
[stage1] epoch 72/100 step 3 | loss 5.0857 | w [15.0, 8.0, 1.0] | train det 0.0740 seg 0.0487 cnt 3.5857
[stage1] epoch 72/100 step 4 | loss 5.7680 | w [15.0, 8.0, 1.0] | train det 0.0520 seg 0.1422 cnt 3.8507
[stage1] epoch 72/100 step 5 | loss 6.8593 | w [15.0, 8.0, 1.0] | train det 0.0360 seg 0.1409 cnt 5.1929
[stage1] epoch 72/100 step 6 | loss 5.5520 | w [15.0, 8.0, 1.0] | train det 0.1061 seg 0.1197 cnt 3.0029
[stage1] epoch 72/100 step 7 | loss 6.5832 | w [15.0, 8.0, 1.0] | train det 0.0914 seg 0.1405 cnt 4.0889
[stage1] epoch 72/100 step 8 | loss 37.4077 | w [15.0, 8.0, 1.0] | train det 0.1283 seg 0.1370 cnt 34.3873
[stage1] epoch 72/100 step 9 | loss 11.0235 | w [15.0, 8.0, 1.0] | train det 0.0479 seg 0.1915 cnt 8.7733
[stage1] epoch 72/100 step 10 | loss 4.9587 | w [15.0, 8.0, 1.0] | train det 0.0132 seg 0.1146 cnt 3.8446
[stage1] epoch 72/100 step 11 | loss 8.5475 | w [15.0, 8.0, 1.0] | train det 0.1832 seg 0.1113 cnt 4.9100
[stage1] epoch 72/100 step 12 | loss 5.6061 | w [15.0, 8.0, 1.0] | train det 0.0145 seg 0.1052 cnt 4.5476
[stage1] epoch 72/100 step 13 | loss 3.5106 | w [15.0, 8.0, 1.0] | train det 0.0596 seg 0.1106 cnt 1.7325
[stage1] epoch 72/100 step 14 | loss 6.1619 | w [15.0, 8.0, 1.0] | train det 0.0303 seg 0.1380 cnt 4.6030
[stage1] epoch 72/100 step 15 | loss 10.1439 | w [15.0, 8.0, 1.0] | train det 0.1188 seg 0.0399 cnt 8.0426
[stage1] epoch 72/100 step 16 | loss 6.9754 | w [15.0, 8.0, 1.0] | train det 0.0426 seg 0.0982 cnt 5.5508
[stage1] epoch 72/100 step 17 | loss 6.1380 | w [15.0, 8.0, 1.0] | train det 0.0210 seg 0.1259 cnt 4.8162
[stage1] epoch 72/100 step 18 | loss 7.6890 | w [15.0, 8.0, 1.0] | train det 0.0256 seg 0.1123 cnt 6.4065
[stage1] epoch 72/100 step 19 | loss 6.3245 | w [15.0, 8.0, 1.0] | train det 0.0550 seg 0.0712 cnt 4.9297
[stage1] epoch 72/100 step 20 | loss 3.9970 | w [15.0, 8.0, 1.0] | train det 0.0594 seg 0.1575 cnt 1.8463
[stage1] epoch 72/100 step 21 | loss 3.8150 | w [15.0, 8.0, 1.0] | train det 0.0106 seg 0.2312 cnt 1.8059
[stage1] epoch 72/100 step 22 | loss 5.4853 | w [15.0, 8.0, 1.0] | train det 0.0364 seg 0.1652 cnt 3.6181
[stage1] epoch 72/100 step 23 | loss 10.1723 | w [15.0, 8.0, 1.0] | train det 0.0219 seg 0.1763 cnt 8.4342
[stage1] epoch 72/100 step 24 | loss 11.0501 | w [15.0, 8.0, 1.0] | train det 0.1194 seg 0.1727 cnt 7.8769
[stage1] epoch 72/100 step 25 | loss 5.8415 | w [15.0, 8.0, 1.0] | train det 0.0264 seg 0.0161 cnt 5.3160
[stage1] epoch 72/100 step 26 | loss 8.7434 | w [15.0, 8.0, 1.0] | train det 0.1107 seg 0.1460 cnt 5.9142
[stage1] epoch 72/100 step 27 | loss 9.3201 | w [15.0, 8.0, 1.0] | train det 0.3600 seg 0.0489 cnt 3.5293
[stage1] epoch 72/100 step 28 | loss 8.8190 | w [15.0, 8.0, 1.0] | train det 0.2123 seg 0.1636 cnt 4.3260
[stage1] epoch 72/100 step 29 | loss 7.6026 | w [15.0, 8.0, 1.0] | train det 0.1105 seg 0.0951 cnt 5.1845
[stage1] epoch 72/100 step 30 | loss 5.1762 | w [15.0, 8.0, 1.0] | train det 0.0565 seg 0.1355 cnt 3.2446
[stage1] epoch 72/100 step 31 | loss 5.3776 | w [15.0, 8.0, 1.0] | train det 0.0292 seg 0.0549 cnt 4.4999
[stage1] epoch 72/100 step 32 | loss 32.6856 | w [15.0, 8.0, 1.0] | train det 0.0957 seg 0.0824 cnt 30.5914
[stage1] epoch 72/100 step 33 | loss 13.2021 | w [15.0, 8.0, 1.0] | train det 0.0646 seg 0.1771 cnt 10.8169
[stage1] epoch 72/100 step 34 | loss 7.3960 | w [15.0, 8.0, 1.0] | train det 0.0293 seg 0.0739 cnt 6.3661
[stage1] epoch 72/100 step 35 | loss 6.5914 | w [15.0, 8.0, 1.0] | train det 0.0743 seg 0.1697 cnt 4.1193
[stage1] epoch 72/100 step 36 | loss 5.7537 | w [15.0, 8.0, 1.0] | train det 0.0563 seg 0.1012 cnt 4.0991
[stage1] epoch 72/100 step 37 | loss 6.5401 | w [15.0, 8.0, 1.0] | train det 0.1922 seg 0.1472 cnt 2.4800
[stage1] epoch 72/100 step 38 | loss 5.1138 | w [15.0, 8.0, 1.0] | train det 0.0213 seg 0.1346 cnt 3.7168
[stage1] epoch 72/100 step 39 | loss 10.1665 | w [15.0, 8.0, 1.0] | train det 0.1059 seg 0.1264 cnt 7.5669
[stage1] epoch 72/100 step 40 | loss 6.0361 | w [15.0, 8.0, 1.0] | train det 0.0692 seg 0.0542 cnt 4.5640
[stage1] epoch 72/100 step 41 | loss 6.0591 | w [15.0, 8.0, 1.0] | train det 0.0366 seg 0.0693 cnt 4.9553
[stage1] epoch 72/100 step 42 | loss 8.1372 | w [15.0, 8.0, 1.0] | train det 0.1157 seg 0.1115 cnt 5.5094
[stage1] epoch 72/100 step 43 | loss 5.6509 | w [15.0, 8.0, 1.0] | train det 0.1047 seg 0.0520 cnt 3.6645
[stage1] epoch 72/100 | train 8.3688 | det 0.0804 seg 0.1208 cnt 6.1962
[stage1] epoch 72 | val det 0.4543 seg 0.9457 miou 0.6185 cnt 5.6361 dens 9.769383e-01 mae 4.6591 total_mae 31.3560 | ap50 0.5680 | combo 1.401130
[stage1] epoch 73/100 step 1 | loss 8.9548 | w [15.0, 8.0, 1.0] | train det 0.3053 seg 0.1233 cnt 3.3896
[stage1] epoch 73/100 step 2 | loss 7.2881 | w [15.0, 8.0, 1.0] | train det 0.0457 seg 0.1835 cnt 5.1348
[stage1] epoch 73/100 step 3 | loss 10.4657 | w [15.0, 8.0, 1.0] | train det 0.1893 seg 0.1029 cnt 6.8035
[stage1] epoch 73/100 step 4 | loss 7.2739 | w [15.0, 8.0, 1.0] | train det 0.0853 seg 0.1527 cnt 4.7719
[stage1] epoch 73/100 step 5 | loss 21.3751 | w [15.0, 8.0, 1.0] | train det 0.0468 seg 0.1244 cnt 19.6780
[stage1] epoch 73/100 step 6 | loss 17.3267 | w [15.0, 8.0, 1.0] | train det 0.0820 seg 0.2597 cnt 14.0183
[stage1] epoch 73/100 step 7 | loss 5.3144 | w [15.0, 8.0, 1.0] | train det 0.0452 seg 0.0656 cnt 4.1110
[stage1] epoch 73/100 step 8 | loss 8.9270 | w [15.0, 8.0, 1.0] | train det 0.1004 seg 0.1597 cnt 6.1438
[stage1] epoch 73/100 step 9 | loss 4.7636 | w [15.0, 8.0, 1.0] | train det 0.0655 seg 0.1324 cnt 2.7215
[stage1] epoch 73/100 step 10 | loss 13.6435 | w [15.0, 8.0, 1.0] | train det 0.1238 seg 0.1811 cnt 10.3372
[stage1] epoch 73/100 step 11 | loss 4.9863 | w [15.0, 8.0, 1.0] | train det 0.0424 seg 0.0353 cnt 4.0685
[stage1] epoch 73/100 step 12 | loss 12.2988 | w [15.0, 8.0, 1.0] | train det 0.0137 seg 0.1146 cnt 11.1769
[stage1] epoch 73/100 step 13 | loss 4.7199 | w [15.0, 8.0, 1.0] | train det 0.0456 seg 0.1062 cnt 3.1871
[stage1] epoch 73/100 step 14 | loss 5.2810 | w [15.0, 8.0, 1.0] | train det 0.0481 seg 0.1221 cnt 3.5835
[stage1] epoch 73/100 step 15 | loss 6.4316 | w [15.0, 8.0, 1.0] | train det 0.0234 seg 0.1322 cnt 5.0228
[stage1] epoch 73/100 step 16 | loss 3.6656 | w [15.0, 8.0, 1.0] | train det 0.0375 seg 0.0734 cnt 2.5151
[stage1] epoch 73/100 step 17 | loss 7.9293 | w [15.0, 8.0, 1.0] | train det 0.0892 seg 0.1688 cnt 5.2413
[stage1] epoch 73/100 step 18 | loss 5.5761 | w [15.0, 8.0, 1.0] | train det 0.0337 seg 0.1289 cnt 4.0392
[stage1] epoch 73/100 step 19 | loss 15.4061 | w [15.0, 8.0, 1.0] | train det 0.0875 seg 0.0997 cnt 13.2966
[stage1] epoch 73/100 step 20 | loss 6.0703 | w [15.0, 8.0, 1.0] | train det 0.0488 seg 0.0902 cnt 4.6168
[stage1] epoch 73/100 step 21 | loss 10.2454 | w [15.0, 8.0, 1.0] | train det 0.0768 seg 0.1852 cnt 7.6120
[stage1] epoch 73/100 step 22 | loss 7.5577 | w [15.0, 8.0, 1.0] | train det 0.1335 seg 0.1340 cnt 4.4834
[stage1] epoch 73/100 step 23 | loss 4.3997 | w [15.0, 8.0, 1.0] | train det 0.0453 seg 0.0666 cnt 3.1876
[stage1] epoch 73/100 step 24 | loss 7.7334 | w [15.0, 8.0, 1.0] | train det 0.0973 seg 0.1094 cnt 5.3992
[stage1] epoch 73/100 step 25 | loss 4.3006 | w [15.0, 8.0, 1.0] | train det 0.0522 seg 0.0947 cnt 2.7605
[stage1] epoch 73/100 step 26 | loss 6.8857 | w [15.0, 8.0, 1.0] | train det 0.0461 seg 0.1230 cnt 5.2099
[stage1] epoch 73/100 step 27 | loss 6.4385 | w [15.0, 8.0, 1.0] | train det 0.0210 seg 0.1798 cnt 4.6845
[stage1] epoch 73/100 step 28 | loss 12.5249 | w [15.0, 8.0, 1.0] | train det 0.4047 seg 0.1475 cnt 5.2747
[stage1] epoch 73/100 step 29 | loss 27.8954 | w [15.0, 8.0, 1.0] | train det 0.0190 seg 0.1750 cnt 26.2102
[stage1] epoch 73/100 step 30 | loss 17.7214 | w [15.0, 8.0, 1.0] | train det 0.0384 seg 0.0552 cnt 16.7042
[stage1] epoch 73/100 step 31 | loss 4.7113 | w [15.0, 8.0, 1.0] | train det 0.0296 seg 0.1847 cnt 2.7890
[stage1] epoch 73/100 step 32 | loss 9.7988 | w [15.0, 8.0, 1.0] | train det 0.0581 seg 0.0772 cnt 8.3099
[stage1] epoch 73/100 step 33 | loss 4.6681 | w [15.0, 8.0, 1.0] | train det 0.0673 seg 0.1396 cnt 2.5422
[stage1] epoch 73/100 step 34 | loss 15.3099 | w [15.0, 8.0, 1.0] | train det 0.1650 seg 0.1420 cnt 11.6979
[stage1] epoch 73/100 step 35 | loss 6.3955 | w [15.0, 8.0, 1.0] | train det 0.1250 seg 0.0736 cnt 3.9317
[stage1] epoch 73/100 step 36 | loss 14.9754 | w [15.0, 8.0, 1.0] | train det 0.1446 seg 0.1195 cnt 11.8501
[stage1] epoch 73/100 step 37 | loss 8.2251 | w [15.0, 8.0, 1.0] | train det 0.2551 seg 0.1517 cnt 3.1845
[stage1] epoch 73/100 step 38 | loss 4.6658 | w [15.0, 8.0, 1.0] | train det 0.0265 seg 0.0578 cnt 3.8055
[stage1] epoch 73/100 step 39 | loss 8.1032 | w [15.0, 8.0, 1.0] | train det 0.1523 seg 0.0638 cnt 5.3083
[stage1] epoch 73/100 step 40 | loss 5.0321 | w [15.0, 8.0, 1.0] | train det 0.0941 seg 0.1358 cnt 2.5348
[stage1] epoch 73/100 step 41 | loss 5.8714 | w [15.0, 8.0, 1.0] | train det 0.0259 seg 0.0800 cnt 4.8432
[stage1] epoch 73/100 step 42 | loss 5.8139 | w [15.0, 8.0, 1.0] | train det 0.0763 seg 0.0836 cnt 4.0005
[stage1] epoch 73/100 step 43 | loss 10.3718 | w [15.0, 8.0, 1.0] | train det 0.1301 seg 0.0692 cnt 7.8662
[stage1] epoch 73/100 | train 9.0080 | det 0.0894 seg 0.1211 cnt 6.6988
[stage1] epoch 73 | val det 0.4717 seg 0.9437 miou 0.6180 cnt 5.6040 dens 9.796785e-01 mae 4.6243 total_mae 29.7701 | ap50 0.5672 | combo 1.401355
[stage1] epoch 74/100 step 1 | loss 5.6982 | w [15.0, 8.0, 1.0] | train det 0.0512 seg 0.1149 cnt 4.0110
[stage1] epoch 74/100 step 2 | loss 20.6292 | w [15.0, 8.0, 1.0] | train det 0.4478 seg 0.1501 cnt 12.7112
[stage1] epoch 74/100 step 3 | loss 10.3082 | w [15.0, 8.0, 1.0] | train det 0.2147 seg 0.1873 cnt 5.5888
[stage1] epoch 74/100 step 4 | loss 9.4808 | w [15.0, 8.0, 1.0] | train det 0.1263 seg 0.2710 cnt 5.4184
[stage1] epoch 74/100 step 5 | loss 8.5534 | w [15.0, 8.0, 1.0] | train det 0.2551 seg 0.0231 cnt 4.5420
[stage1] epoch 74/100 step 6 | loss 5.9624 | w [15.0, 8.0, 1.0] | train det 0.0074 seg 0.1216 cnt 4.8794
[stage1] epoch 74/100 step 7 | loss 7.1310 | w [15.0, 8.0, 1.0] | train det 0.0213 seg 0.1178 cnt 5.8698
[stage1] epoch 74/100 step 8 | loss 9.8728 | w [15.0, 8.0, 1.0] | train det 0.1231 seg 0.0998 cnt 7.2281
[stage1] epoch 74/100 step 9 | loss 19.1586 | w [15.0, 8.0, 1.0] | train det 0.1007 seg 0.0741 cnt 17.0549
[stage1] epoch 74/100 step 10 | loss 5.4241 | w [15.0, 8.0, 1.0] | train det 0.1262 seg 0.1768 cnt 2.1175
[stage1] epoch 74/100 step 11 | loss 8.2839 | w [15.0, 8.0, 1.0] | train det 0.1763 seg 0.0976 cnt 4.8586
[stage1] epoch 74/100 step 12 | loss 14.4668 | w [15.0, 8.0, 1.0] | train det 0.0365 seg 0.0345 cnt 13.6432
[stage1] epoch 74/100 step 13 | loss 5.3929 | w [15.0, 8.0, 1.0] | train det 0.0861 seg 0.0796 cnt 3.4652
[stage1] epoch 74/100 step 14 | loss 15.2852 | w [15.0, 8.0, 1.0] | train det 0.0280 seg 0.0965 cnt 14.0939
[stage1] epoch 74/100 step 15 | loss 7.1993 | w [15.0, 8.0, 1.0] | train det 0.0263 seg 0.0911 cnt 6.0750
[stage1] epoch 74/100 step 16 | loss 11.4738 | w [15.0, 8.0, 1.0] | train det 0.1056 seg 0.1882 cnt 8.3839
[stage1] epoch 74/100 step 17 | loss 20.1805 | w [15.0, 8.0, 1.0] | train det 0.0648 seg 0.1130 cnt 18.3043
[stage1] epoch 74/100 step 18 | loss 8.1262 | w [15.0, 8.0, 1.0] | train det 0.1127 seg 0.1628 cnt 5.1327
[stage1] epoch 74/100 step 19 | loss 8.0407 | w [15.0, 8.0, 1.0] | train det 0.0640 seg 0.1563 cnt 5.8304
[stage1] epoch 74/100 step 20 | loss 5.2918 | w [15.0, 8.0, 1.0] | train det 0.1634 seg 0.1008 cnt 2.0345
[stage1] epoch 74/100 step 21 | loss 14.5797 | w [15.0, 8.0, 1.0] | train det 0.0646 seg 0.1419 cnt 12.4757
[stage1] epoch 74/100 step 22 | loss 6.5522 | w [15.0, 8.0, 1.0] | train det 0.2565 seg 0.1594 cnt 1.4305
[stage1] epoch 74/100 step 23 | loss 6.4764 | w [15.0, 8.0, 1.0] | train det 0.0614 seg 0.0458 cnt 5.1884
[stage1] epoch 74/100 step 24 | loss 6.8414 | w [15.0, 8.0, 1.0] | train det 0.0339 seg 0.3242 cnt 3.7393
[stage1] epoch 74/100 step 25 | loss 4.5601 | w [15.0, 8.0, 1.0] | train det 0.0178 seg 0.1380 cnt 3.1887
[stage1] epoch 74/100 step 26 | loss 13.2428 | w [15.0, 8.0, 1.0] | train det 0.0678 seg 0.1239 cnt 11.2340
[stage1] epoch 74/100 step 27 | loss 8.0587 | w [15.0, 8.0, 1.0] | train det 0.0824 seg 0.2035 cnt 5.1943
[stage1] epoch 74/100 step 28 | loss 7.9201 | w [15.0, 8.0, 1.0] | train det 0.0540 seg 0.0665 cnt 6.5772
[stage1] epoch 74/100 step 29 | loss 6.6513 | w [15.0, 8.0, 1.0] | train det 0.0706 seg 0.0574 cnt 5.1323
[stage1] epoch 74/100 step 30 | loss 6.1665 | w [15.0, 8.0, 1.0] | train det 0.0864 seg 0.1376 cnt 3.7700
[stage1] epoch 74/100 step 31 | loss 6.5552 | w [15.0, 8.0, 1.0] | train det 0.0316 seg 0.0986 cnt 5.2923
[stage1] epoch 74/100 step 32 | loss 6.5868 | w [15.0, 8.0, 1.0] | train det 0.0792 seg 0.1944 cnt 3.8435
[stage1] epoch 74/100 step 33 | loss 14.5600 | w [15.0, 8.0, 1.0] | train det 0.0418 seg 0.1648 cnt 12.6153
[stage1] epoch 74/100 step 34 | loss 5.7505 | w [15.0, 8.0, 1.0] | train det 0.0689 seg 0.3319 cnt 2.0615
[stage1] epoch 74/100 step 35 | loss 5.8664 | w [15.0, 8.0, 1.0] | train det 0.0181 seg 0.1136 cnt 4.6866
[stage1] epoch 74/100 step 36 | loss 18.5625 | w [15.0, 8.0, 1.0] | train det 0.3128 seg 0.0428 cnt 13.5284
[stage1] epoch 74/100 step 37 | loss 6.4632 | w [15.0, 8.0, 1.0] | train det 0.0529 seg 0.1767 cnt 4.2554
[stage1] epoch 74/100 step 38 | loss 20.6037 | w [15.0, 8.0, 1.0] | train det 0.4372 seg 0.2133 cnt 12.3396
[stage1] epoch 74/100 step 39 | loss 9.7413 | w [15.0, 8.0, 1.0] | train det 0.2052 seg 0.1389 cnt 5.5523
[stage1] epoch 74/100 step 40 | loss 11.3237 | w [15.0, 8.0, 1.0] | train det 0.1598 seg 0.1365 cnt 7.8337
[stage1] epoch 74/100 step 41 | loss 23.2895 | w [15.0, 8.0, 1.0] | train det 0.3797 seg 0.1727 cnt 16.2120
[stage1] epoch 74/100 step 42 | loss 7.3554 | w [15.0, 8.0, 1.0] | train det 0.0085 seg 0.1795 cnt 5.7919
[stage1] epoch 74/100 step 43 | loss 7.6140 | w [15.0, 8.0, 1.0] | train det 0.0317 seg 0.2420 cnt 5.2024
[stage1] epoch 74/100 | train 10.0298 | det 0.1154 seg 0.1409 cnt 7.1718
[stage1] epoch 74 | val det 0.4771 seg 0.9704 miou 0.6163 cnt 5.2780 dens 9.761706e-01 mae 4.3018 total_mae 24.9727 | ap50 0.5633 | combo 1.411980
[stage1] epoch 75/100 step 1 | loss 4.6901 | w [15.0, 8.0, 1.0] | train det 0.0380 seg 0.1253 cnt 3.1177
[stage1] epoch 75/100 step 2 | loss 13.3333 | w [15.0, 8.0, 1.0] | train det 0.2987 seg 0.0914 cnt 8.1220
[stage1] epoch 75/100 step 3 | loss 5.6236 | w [15.0, 8.0, 1.0] | train det 0.1718 seg 0.1319 cnt 1.9909
[stage1] epoch 75/100 step 4 | loss 6.0170 | w [15.0, 8.0, 1.0] | train det 0.1007 seg 0.0472 cnt 4.1286
[stage1] epoch 75/100 step 5 | loss 5.7517 | w [15.0, 8.0, 1.0] | train det 0.0312 seg 0.1524 cnt 4.0644
[stage1] epoch 75/100 step 6 | loss 4.9878 | w [15.0, 8.0, 1.0] | train det 0.0320 seg 0.1182 cnt 3.5623
[stage1] epoch 75/100 step 7 | loss 8.1060 | w [15.0, 8.0, 1.0] | train det 0.0840 seg 0.0393 cnt 6.5324
[stage1] epoch 75/100 step 8 | loss 9.6874 | w [15.0, 8.0, 1.0] | train det 0.0655 seg 0.1628 cnt 7.4021
[stage1] epoch 75/100 step 9 | loss 5.0994 | w [15.0, 8.0, 1.0] | train det 0.0740 seg 0.0977 cnt 3.2074
[stage1] epoch 75/100 step 10 | loss 5.9382 | w [15.0, 8.0, 1.0] | train det 0.0536 seg 0.1719 cnt 3.7581
[stage1] epoch 75/100 step 11 | loss 14.3078 | w [15.0, 8.0, 1.0] | train det 0.1681 seg 0.0423 cnt 11.4484
[stage1] epoch 75/100 step 12 | loss 7.6229 | w [15.0, 8.0, 1.0] | train det 0.0609 seg 0.0060 cnt 6.6616
[stage1] epoch 75/100 step 13 | loss 4.9709 | w [15.0, 8.0, 1.0] | train det 0.0216 seg 0.1428 cnt 3.5040
[stage1] epoch 75/100 step 14 | loss 14.9716 | w [15.0, 8.0, 1.0] | train det 0.0451 seg 0.2128 cnt 12.5921
[stage1] epoch 75/100 step 15 | loss 8.1683 | w [15.0, 8.0, 1.0] | train det 0.0834 seg 0.0828 cnt 6.2550
[stage1] epoch 75/100 step 16 | loss 13.4999 | w [15.0, 8.0, 1.0] | train det 0.0645 seg 0.1774 cnt 11.1137
[stage1] epoch 75/100 step 17 | loss 5.9561 | w [15.0, 8.0, 1.0] | train det 0.0381 seg 0.1049 cnt 4.5451
[stage1] epoch 75/100 step 18 | loss 6.0966 | w [15.0, 8.0, 1.0] | train det 0.0257 seg 0.0929 cnt 4.9675
[stage1] epoch 75/100 step 19 | loss 4.3324 | w [15.0, 8.0, 1.0] | train det 0.0559 seg 0.1041 cnt 2.6619
[stage1] epoch 75/100 step 20 | loss 3.6730 | w [15.0, 8.0, 1.0] | train det 0.0651 seg 0.0421 cnt 2.3593
[stage1] epoch 75/100 step 21 | loss 9.5182 | w [15.0, 8.0, 1.0] | train det 0.0512 seg 0.0854 cnt 8.0671
[stage1] epoch 75/100 step 22 | loss 8.6762 | w [15.0, 8.0, 1.0] | train det 0.0596 seg 0.0653 cnt 7.2588
[stage1] epoch 75/100 step 23 | loss 5.2638 | w [15.0, 8.0, 1.0] | train det 0.1299 seg 0.0718 cnt 2.7410
[stage1] epoch 75/100 step 24 | loss 6.0902 | w [15.0, 8.0, 1.0] | train det 0.0615 seg 0.0690 cnt 4.6166
[stage1] epoch 75/100 step 25 | loss 4.8883 | w [15.0, 8.0, 1.0] | train det 0.0308 seg 0.0995 cnt 3.6297
[stage1] epoch 75/100 step 26 | loss 11.3219 | w [15.0, 8.0, 1.0] | train det 0.0447 seg 0.1888 cnt 9.1414
[stage1] epoch 75/100 step 27 | loss 4.1653 | w [15.0, 8.0, 1.0] | train det 0.0815 seg 0.1108 cnt 2.0563
[stage1] epoch 75/100 step 28 | loss 6.4777 | w [15.0, 8.0, 1.0] | train det 0.0611 seg 0.2068 cnt 3.9070
[stage1] epoch 75/100 step 29 | loss 4.5125 | w [15.0, 8.0, 1.0] | train det 0.0429 seg 0.0793 cnt 3.2354
[stage1] epoch 75/100 step 30 | loss 12.4630 | w [15.0, 8.0, 1.0] | train det 0.5009 seg 0.1871 cnt 3.4525
[stage1] epoch 75/100 step 31 | loss 6.9329 | w [15.0, 8.0, 1.0] | train det 0.0342 seg 0.0740 cnt 5.8281
[stage1] epoch 75/100 step 32 | loss 9.4907 | w [15.0, 8.0, 1.0] | train det 0.0646 seg 0.1433 cnt 7.3755
[stage1] epoch 75/100 step 33 | loss 4.5161 | w [15.0, 8.0, 1.0] | train det 0.0803 seg 0.0615 cnt 2.8189
[stage1] epoch 75/100 step 34 | loss 6.1028 | w [15.0, 8.0, 1.0] | train det 0.0341 seg 0.1961 cnt 4.0228
[stage1] epoch 75/100 step 35 | loss 11.5250 | w [15.0, 8.0, 1.0] | train det 0.1767 seg 0.1106 cnt 7.9905
[stage1] epoch 75/100 step 36 | loss 18.0378 | w [15.0, 8.0, 1.0] | train det 0.5186 seg 0.1866 cnt 8.7667
[stage1] epoch 75/100 step 37 | loss 5.5284 | w [15.0, 8.0, 1.0] | train det 0.0451 seg 0.0831 cnt 4.1870
[stage1] epoch 75/100 step 38 | loss 17.1292 | w [15.0, 8.0, 1.0] | train det 0.2699 seg 0.0989 cnt 12.2890
[stage1] epoch 75/100 step 39 | loss 10.3963 | w [15.0, 8.0, 1.0] | train det 0.1542 seg 0.1651 cnt 6.7621
[stage1] epoch 75/100 step 40 | loss 13.9076 | w [15.0, 8.0, 1.0] | train det 0.0832 seg 0.0419 cnt 12.3244
[stage1] epoch 75/100 step 41 | loss 5.7196 | w [15.0, 8.0, 1.0] | train det 0.0352 seg 0.0687 cnt 4.6416
[stage1] epoch 75/100 step 42 | loss 6.7739 | w [15.0, 8.0, 1.0] | train det 0.0290 seg 0.1036 cnt 5.5103
[stage1] epoch 75/100 step 43 | loss 5.4502 | w [15.0, 8.0, 1.0] | train det 0.1002 seg 0.1198 cnt 2.9885
[stage1] epoch 75/100 | train 8.0866 | det 0.0992 seg 0.1108 cnt 5.7118
[stage1] epoch 75 | val det 0.4632 seg 0.9759 miou 0.6210 cnt 5.2895 dens 9.771235e-01 mae 4.3124 total_mae 23.0873 | ap50 0.5624 | combo 1.415243
[stage1] epoch 76/100 step 1 | loss 7.1661 | w [15.0, 8.0, 1.0] | train det 0.0519 seg 0.1401 cnt 5.2673
[stage1] epoch 76/100 step 2 | loss 6.3222 | w [15.0, 8.0, 1.0] | train det 0.0735 seg 0.0785 cnt 4.5910
[stage1] epoch 76/100 step 3 | loss 7.4729 | w [15.0, 8.0, 1.0] | train det 0.0926 seg 0.1044 cnt 5.2486
[stage1] epoch 76/100 step 4 | loss 8.2374 | w [15.0, 8.0, 1.0] | train det 0.1160 seg 0.1809 cnt 5.0496
[stage1] epoch 76/100 step 5 | loss 8.5844 | w [15.0, 8.0, 1.0] | train det 0.2363 seg 0.0908 cnt 4.3137
[stage1] epoch 76/100 step 6 | loss 8.3301 | w [15.0, 8.0, 1.0] | train det 0.3484 seg 0.1153 cnt 2.1815
[stage1] epoch 76/100 step 7 | loss 16.6594 | w [15.0, 8.0, 1.0] | train det 0.1030 seg 0.1048 cnt 14.2762
[stage1] epoch 76/100 step 8 | loss 5.1470 | w [15.0, 8.0, 1.0] | train det 0.0489 seg 0.0874 cnt 3.7147
[stage1] epoch 76/100 step 9 | loss 10.5385 | w [15.0, 8.0, 1.0] | train det 0.0564 seg 0.1465 cnt 8.5199
[stage1] epoch 76/100 step 10 | loss 5.5801 | w [15.0, 8.0, 1.0] | train det 0.0414 seg 0.0276 cnt 4.7382
[stage1] epoch 76/100 step 11 | loss 6.9770 | w [15.0, 8.0, 1.0] | train det 0.1095 seg 0.1301 cnt 4.2941
[stage1] epoch 76/100 step 12 | loss 7.1564 | w [15.0, 8.0, 1.0] | train det 0.0484 seg 0.1432 cnt 5.2846
[stage1] epoch 76/100 step 13 | loss 8.3823 | w [15.0, 8.0, 1.0] | train det 0.0573 seg 0.1330 cnt 6.4597
[stage1] epoch 76/100 step 14 | loss 15.3158 | w [15.0, 8.0, 1.0] | train det 0.2368 seg 0.0792 cnt 11.1302
[stage1] epoch 76/100 step 15 | loss 10.5769 | w [15.0, 8.0, 1.0] | train det 0.0900 seg 0.0885 cnt 8.5198
[stage1] epoch 76/100 step 16 | loss 9.1426 | w [15.0, 8.0, 1.0] | train det 0.1108 seg 0.0534 cnt 7.0536
[stage1] epoch 76/100 step 17 | loss 13.2057 | w [15.0, 8.0, 1.0] | train det 0.0518 seg 0.1195 cnt 11.4720
[stage1] epoch 76/100 step 18 | loss 5.6360 | w [15.0, 8.0, 1.0] | train det 0.0702 seg 0.1608 cnt 3.2967
[stage1] epoch 76/100 step 19 | loss 5.9809 | w [15.0, 8.0, 1.0] | train det 0.0700 seg 0.1095 cnt 4.0551
[stage1] epoch 76/100 step 20 | loss 11.6625 | w [15.0, 8.0, 1.0] | train det 0.0314 seg 0.0854 cnt 10.5085
[stage1] epoch 76/100 step 21 | loss 8.3696 | w [15.0, 8.0, 1.0] | train det 0.0820 seg 0.0576 cnt 6.6785
[stage1] epoch 76/100 step 22 | loss 5.8701 | w [15.0, 8.0, 1.0] | train det 0.0669 seg 0.0644 cnt 4.3517
[stage1] epoch 76/100 step 23 | loss 14.3695 | w [15.0, 8.0, 1.0] | train det 0.1129 seg 0.1161 cnt 11.7474
[stage1] epoch 76/100 step 24 | loss 4.9792 | w [15.0, 8.0, 1.0] | train det 0.0467 seg 0.1517 cnt 3.0650
[stage1] epoch 76/100 step 25 | loss 8.1652 | w [15.0, 8.0, 1.0] | train det 0.1019 seg 0.0969 cnt 5.8619
[stage1] epoch 76/100 step 26 | loss 6.0090 | w [15.0, 8.0, 1.0] | train det 0.0187 seg 0.0979 cnt 4.9449
[stage1] epoch 76/100 step 27 | loss 8.5450 | w [15.0, 8.0, 1.0] | train det 0.0737 seg 0.2107 cnt 5.7542
[stage1] epoch 76/100 step 28 | loss 7.7863 | w [15.0, 8.0, 1.0] | train det 0.0547 seg 0.2282 cnt 5.1403
[stage1] epoch 76/100 step 29 | loss 4.7117 | w [15.0, 8.0, 1.0] | train det 0.0273 seg 0.0735 cnt 3.7151
[stage1] epoch 76/100 step 30 | loss 5.4729 | w [15.0, 8.0, 1.0] | train det 0.0702 seg 0.1650 cnt 3.1002
[stage1] epoch 76/100 step 31 | loss 10.7632 | w [15.0, 8.0, 1.0] | train det 0.1131 seg 0.0525 cnt 8.6458
[stage1] epoch 76/100 step 32 | loss 4.5801 | w [15.0, 8.0, 1.0] | train det 0.0334 seg 0.0748 cnt 3.4804
[stage1] epoch 76/100 step 33 | loss 9.1594 | w [15.0, 8.0, 1.0] | train det 0.0298 seg 0.1021 cnt 7.8952
[stage1] epoch 76/100 step 34 | loss 8.9274 | w [15.0, 8.0, 1.0] | train det 0.3282 seg 0.0903 cnt 3.2817
[stage1] epoch 76/100 step 35 | loss 6.6043 | w [15.0, 8.0, 1.0] | train det 0.0733 seg 0.1422 cnt 4.3664
[stage1] epoch 76/100 step 36 | loss 5.8527 | w [15.0, 8.0, 1.0] | train det 0.0423 seg 0.1176 cnt 4.2765
[stage1] epoch 76/100 step 37 | loss 7.3251 | w [15.0, 8.0, 1.0] | train det 0.0299 seg 0.1505 cnt 5.6731
[stage1] epoch 76/100 step 38 | loss 14.8725 | w [15.0, 8.0, 1.0] | train det 0.0564 seg 0.1504 cnt 12.8230
[stage1] epoch 76/100 step 39 | loss 10.4433 | w [15.0, 8.0, 1.0] | train det 0.0715 seg 0.1087 cnt 8.5012
[stage1] epoch 76/100 step 40 | loss 8.3107 | w [15.0, 8.0, 1.0] | train det 0.1226 seg 0.0921 cnt 5.7343
[stage1] epoch 76/100 step 41 | loss 13.2736 | w [15.0, 8.0, 1.0] | train det 0.1905 seg 0.0546 cnt 9.9784
[stage1] epoch 76/100 step 42 | loss 10.9010 | w [15.0, 8.0, 1.0] | train det 0.3666 seg 0.1335 cnt 4.3346
[stage1] epoch 76/100 step 43 | loss 10.5904 | w [15.0, 8.0, 1.0] | train det 0.1150 seg 0.4772 cnt 5.0475
[stage1] epoch 76/100 | train 8.6967 | det 0.0994 seg 0.1206 cnt 6.2412
[stage1] epoch 76 | val det 0.4666 seg 0.9827 miou 0.6138 cnt 5.4099 dens 9.850036e-01 mae 4.4249 total_mae 21.7110 | ap50 0.5694 | combo 1.409211
[stage1] epoch 77/100 step 1 | loss 7.6219 | w [15.0, 8.0, 1.0] | train det 0.1247 seg 0.1264 cnt 4.7400
[stage1] epoch 77/100 step 2 | loss 4.7212 | w [15.0, 8.0, 1.0] | train det 0.0359 seg 0.1688 cnt 2.8327
[stage1] epoch 77/100 step 3 | loss 7.0431 | w [15.0, 8.0, 1.0] | train det 0.0616 seg 0.0872 cnt 5.4212
[stage1] epoch 77/100 step 4 | loss 17.5932 | w [15.0, 8.0, 1.0] | train det 0.0211 seg 0.0912 cnt 16.5476
[stage1] epoch 77/100 step 5 | loss 10.5456 | w [15.0, 8.0, 1.0] | train det 0.0634 seg 0.0996 cnt 8.7986
[stage1] epoch 77/100 step 6 | loss 7.2446 | w [15.0, 8.0, 1.0] | train det 0.0520 seg 0.1390 cnt 5.3522
[stage1] epoch 77/100 step 7 | loss 11.5431 | w [15.0, 8.0, 1.0] | train det 0.2190 seg 0.1467 cnt 7.0844
[stage1] epoch 77/100 step 8 | loss 4.6686 | w [15.0, 8.0, 1.0] | train det 0.0701 seg 0.1245 cnt 2.6208
[stage1] epoch 77/100 step 9 | loss 7.4142 | w [15.0, 8.0, 1.0] | train det 0.0451 seg 0.0948 cnt 5.9797
[stage1] epoch 77/100 step 10 | loss 4.0856 | w [15.0, 8.0, 1.0] | train det 0.0524 seg 0.1251 cnt 2.2982
[stage1] epoch 77/100 step 11 | loss 7.4196 | w [15.0, 8.0, 1.0] | train det 0.0894 seg 0.0717 cnt 5.5049
[stage1] epoch 77/100 step 12 | loss 8.4409 | w [15.0, 8.0, 1.0] | train det 0.0799 seg 0.1437 cnt 6.0926
[stage1] epoch 77/100 step 13 | loss 5.8094 | w [15.0, 8.0, 1.0] | train det 0.0373 seg 0.1486 cnt 4.0615
[stage1] epoch 77/100 step 14 | loss 4.5869 | w [15.0, 8.0, 1.0] | train det 0.0230 seg 0.1053 cnt 3.3988
[stage1] epoch 77/100 step 15 | loss 9.2354 | w [15.0, 8.0, 1.0] | train det 0.2693 seg 0.1144 cnt 4.2810
[stage1] epoch 77/100 step 16 | loss 5.4084 | w [15.0, 8.0, 1.0] | train det 0.1141 seg 0.1566 cnt 2.4445
[stage1] epoch 77/100 step 17 | loss 8.3285 | w [15.0, 8.0, 1.0] | train det 0.1236 seg 0.1591 cnt 5.2014
[stage1] epoch 77/100 step 18 | loss 8.0428 | w [15.0, 8.0, 1.0] | train det 0.0474 seg 0.0983 cnt 6.5454
[stage1] epoch 77/100 step 19 | loss 6.9163 | w [15.0, 8.0, 1.0] | train det 0.0215 seg 0.1574 cnt 5.3338
[stage1] epoch 77/100 step 20 | loss 5.8417 | w [15.0, 8.0, 1.0] | train det 0.1561 seg 0.1533 cnt 2.2728
[stage1] epoch 77/100 step 21 | loss 6.5661 | w [15.0, 8.0, 1.0] | train det 0.0789 seg 0.1070 cnt 4.5267
[stage1] epoch 77/100 step 22 | loss 4.8903 | w [15.0, 8.0, 1.0] | train det 0.0900 seg 0.0450 cnt 3.1810
[stage1] epoch 77/100 step 23 | loss 7.2463 | w [15.0, 8.0, 1.0] | train det 0.1119 seg 0.0612 cnt 5.0789
[stage1] epoch 77/100 step 24 | loss 5.9742 | w [15.0, 8.0, 1.0] | train det 0.0540 seg 0.1555 cnt 3.9197
[stage1] epoch 77/100 step 25 | loss 6.5340 | w [15.0, 8.0, 1.0] | train det 0.1353 seg 0.0614 cnt 4.0132
[stage1] epoch 77/100 step 26 | loss 6.3945 | w [15.0, 8.0, 1.0] | train det 0.1994 seg 0.1125 cnt 2.5035
[stage1] epoch 77/100 step 27 | loss 11.5036 | w [15.0, 8.0, 1.0] | train det 0.2222 seg 0.2360 cnt 6.2819
[stage1] epoch 77/100 step 28 | loss 13.1094 | w [15.0, 8.0, 1.0] | train det 0.0719 seg 0.0543 cnt 11.5958
[stage1] epoch 77/100 step 29 | loss 9.8680 | w [15.0, 8.0, 1.0] | train det 0.1390 seg 0.0795 cnt 7.1474
[stage1] epoch 77/100 step 30 | loss 6.0598 | w [15.0, 8.0, 1.0] | train det 0.0932 seg 0.0718 cnt 4.0877
[stage1] epoch 77/100 step 31 | loss 11.2997 | w [15.0, 8.0, 1.0] | train det 0.2461 seg 0.0677 cnt 7.0658
[stage1] epoch 77/100 step 32 | loss 6.4476 | w [15.0, 8.0, 1.0] | train det 0.2020 seg 0.1208 cnt 2.4514
[stage1] epoch 77/100 step 33 | loss 7.0639 | w [15.0, 8.0, 1.0] | train det 0.0802 seg 0.2027 cnt 4.2387
[stage1] epoch 77/100 step 34 | loss 5.8336 | w [15.0, 8.0, 1.0] | train det 0.1284 seg 0.1206 cnt 2.9435
[stage1] epoch 77/100 step 35 | loss 8.4846 | w [15.0, 8.0, 1.0] | train det 0.0681 seg 0.1677 cnt 6.1216
[stage1] epoch 77/100 step 36 | loss 7.2350 | w [15.0, 8.0, 1.0] | train det 0.0459 seg 0.1914 cnt 5.0155
[stage1] epoch 77/100 step 37 | loss 6.4671 | w [15.0, 8.0, 1.0] | train det 0.1314 seg 0.0848 cnt 3.8183
[stage1] epoch 77/100 step 38 | loss 4.5403 | w [15.0, 8.0, 1.0] | train det 0.0287 seg 0.0481 cnt 3.7256
[stage1] epoch 77/100 step 39 | loss 6.1421 | w [15.0, 8.0, 1.0] | train det 0.0466 seg 0.1465 cnt 4.2711
[stage1] epoch 77/100 step 40 | loss 3.7261 | w [15.0, 8.0, 1.0] | train det 0.0299 seg 0.1042 cnt 2.4442
[stage1] epoch 77/100 step 41 | loss 7.1115 | w [15.0, 8.0, 1.0] | train det 0.0620 seg 0.1640 cnt 4.8698
[stage1] epoch 77/100 step 42 | loss 7.9955 | w [15.0, 8.0, 1.0] | train det 0.0409 seg 0.1011 cnt 6.5727
[stage1] epoch 77/100 step 43 | loss 6.9974 | w [15.0, 8.0, 1.0] | train det 0.1768 seg 0.0459 cnt 3.9788
[stage1] epoch 77/100 | train 7.4419 | det 0.0974 seg 0.1177 cnt 5.0387
[stage1] epoch 77 | val det 0.4621 seg 0.9769 miou 0.6167 cnt 5.2656 dens 9.839257e-01 mae 4.2816 total_mae 20.3383 | ap50 0.5670 | combo 1.417247
[stage1] epoch 78/100 step 1 | loss 6.8133 | w [15.0, 8.0, 1.0] | train det 0.0350 seg 0.0461 cnt 5.9195
[stage1] epoch 78/100 step 2 | loss 10.3853 | w [15.0, 8.0, 1.0] | train det 0.0743 seg 0.1024 cnt 8.4521
[stage1] epoch 78/100 step 3 | loss 7.9604 | w [15.0, 8.0, 1.0] | train det 0.0652 seg 0.1283 cnt 5.9568
[stage1] epoch 78/100 step 4 | loss 4.1705 | w [15.0, 8.0, 1.0] | train det 0.0289 seg 0.1308 cnt 2.6909
[stage1] epoch 78/100 step 5 | loss 4.7052 | w [15.0, 8.0, 1.0] | train det 0.0201 seg 0.1139 cnt 3.4924
[stage1] epoch 78/100 step 6 | loss 9.8696 | w [15.0, 8.0, 1.0] | train det 0.0452 seg 0.1263 cnt 8.1818
[stage1] epoch 78/100 step 7 | loss 3.9760 | w [15.0, 8.0, 1.0] | train det 0.0185 seg 0.2199 cnt 1.9394
[stage1] epoch 78/100 step 8 | loss 10.2367 | w [15.0, 8.0, 1.0] | train det 0.0891 seg 0.1673 cnt 7.5618
[stage1] epoch 78/100 step 9 | loss 10.8635 | w [15.0, 8.0, 1.0] | train det 0.0561 seg 0.0760 cnt 9.4138
[stage1] epoch 78/100 step 10 | loss 6.9665 | w [15.0, 8.0, 1.0] | train det 0.1326 seg 0.0852 cnt 4.2963
[stage1] epoch 78/100 step 11 | loss 7.9333 | w [15.0, 8.0, 1.0] | train det 0.0936 seg 0.1090 cnt 5.6575
[stage1] epoch 78/100 step 12 | loss 6.8746 | w [15.0, 8.0, 1.0] | train det 0.0976 seg 0.0937 cnt 4.6609
[stage1] epoch 78/100 step 13 | loss 6.4599 | w [15.0, 8.0, 1.0] | train det 0.0412 seg 0.1090 cnt 4.9704
[stage1] epoch 78/100 step 14 | loss 12.0225 | w [15.0, 8.0, 1.0] | train det 0.0922 seg 0.0876 cnt 9.9380
[stage1] epoch 78/100 step 15 | loss 10.2564 | w [15.0, 8.0, 1.0] | train det 0.4281 seg 0.1189 cnt 2.8833
[stage1] epoch 78/100 step 16 | loss 7.2197 | w [15.0, 8.0, 1.0] | train det 0.1715 seg 0.1915 cnt 3.1157
[stage1] epoch 78/100 step 17 | loss 5.3911 | w [15.0, 8.0, 1.0] | train det 0.0454 seg 0.1441 cnt 3.5574
[stage1] epoch 78/100 step 18 | loss 9.3002 | w [15.0, 8.0, 1.0] | train det 0.0288 seg 0.1362 cnt 7.7779
[stage1] epoch 78/100 step 19 | loss 5.4693 | w [15.0, 8.0, 1.0] | train det 0.0724 seg 0.0374 cnt 4.0840
[stage1] epoch 78/100 step 20 | loss 9.7171 | w [15.0, 8.0, 1.0] | train det 0.1465 seg 0.1152 cnt 6.5978
[stage1] epoch 78/100 step 21 | loss 10.7249 | w [15.0, 8.0, 1.0] | train det 0.0800 seg 0.1130 cnt 8.6211
[stage1] epoch 78/100 step 22 | loss 7.0071 | w [15.0, 8.0, 1.0] | train det 0.0219 seg 0.1725 cnt 5.2995
[stage1] epoch 78/100 step 23 | loss 5.8480 | w [15.0, 8.0, 1.0] | train det 0.1175 seg 0.1377 cnt 2.9842
[stage1] epoch 78/100 step 24 | loss 14.6865 | w [15.0, 8.0, 1.0] | train det 0.5575 seg 0.1396 cnt 5.2068
[stage1] epoch 78/100 step 25 | loss 8.6763 | w [15.0, 8.0, 1.0] | train det 0.0885 seg 0.1526 cnt 6.1282
[stage1] epoch 78/100 step 26 | loss 11.3976 | w [15.0, 8.0, 1.0] | train det 0.0222 seg 0.1538 cnt 9.8340
[stage1] epoch 78/100 step 27 | loss 8.2758 | w [15.0, 8.0, 1.0] | train det 0.1103 seg 0.1524 cnt 5.4016
[stage1] epoch 78/100 step 28 | loss 4.2050 | w [15.0, 8.0, 1.0] | train det 0.0493 seg 0.0672 cnt 2.9277
[stage1] epoch 78/100 step 29 | loss 5.0981 | w [15.0, 8.0, 1.0] | train det 0.0290 seg 0.1361 cnt 3.5739
[stage1] epoch 78/100 step 30 | loss 9.3945 | w [15.0, 8.0, 1.0] | train det 0.0187 seg 0.1986 cnt 7.5245
[stage1] epoch 78/100 step 31 | loss 5.8110 | w [15.0, 8.0, 1.0] | train det 0.1578 seg 0.0723 cnt 2.8651
[stage1] epoch 78/100 step 32 | loss 10.6995 | w [15.0, 8.0, 1.0] | train det 0.0755 seg 0.1273 cnt 8.5483
[stage1] epoch 78/100 step 33 | loss 11.5491 | w [15.0, 8.0, 1.0] | train det 0.0963 seg 0.1662 cnt 8.7746
[stage1] epoch 78/100 step 34 | loss 7.9893 | w [15.0, 8.0, 1.0] | train det 0.1047 seg 0.1462 cnt 5.2490
[stage1] epoch 78/100 step 35 | loss 6.6011 | w [15.0, 8.0, 1.0] | train det 0.0765 seg 0.0559 cnt 5.0062
[stage1] epoch 78/100 step 36 | loss 5.0210 | w [15.0, 8.0, 1.0] | train det 0.0134 seg 0.0666 cnt 4.2868
[stage1] epoch 78/100 step 37 | loss 6.4654 | w [15.0, 8.0, 1.0] | train det 0.0695 seg 0.0600 cnt 4.9430
[stage1] epoch 78/100 step 38 | loss 11.4833 | w [15.0, 8.0, 1.0] | train det 0.0808 seg 0.2087 cnt 8.6023
[stage1] epoch 78/100 step 39 | loss 4.2229 | w [15.0, 8.0, 1.0] | train det 0.0364 seg 0.1289 cnt 2.6455
[stage1] epoch 78/100 step 40 | loss 5.4665 | w [15.0, 8.0, 1.0] | train det 0.0383 seg 0.1615 cnt 3.6005
[stage1] epoch 78/100 step 41 | loss 5.2505 | w [15.0, 8.0, 1.0] | train det 0.0286 seg 0.1092 cnt 3.9471
[stage1] epoch 78/100 step 42 | loss 9.3460 | w [15.0, 8.0, 1.0] | train det 0.0405 seg 0.1529 cnt 7.5158
[stage1] epoch 78/100 step 43 | loss 5.7621 | w [15.0, 8.0, 1.0] | train det 0.0289 seg 0.1700 cnt 3.9679
[stage1] epoch 78/100 | train 7.8505 | det 0.0866 seg 0.1253 cnt 5.5489
[stage1] epoch 78 | val det 0.4623 seg 0.9719 miou 0.6197 cnt 5.1632 dens 9.806974e-01 mae 4.1825 total_mae 20.3726 | ap50 0.5689 | combo 1.427685
[ckpt] new best cached (stage1 epoch 78, combo 1.427685)
[stage1] epoch 79/100 step 1 | loss 6.2222 | w [15.0, 8.0, 1.0] | train det 0.0902 seg 0.1387 cnt 3.7605
[stage1] epoch 79/100 step 2 | loss 7.3931 | w [15.0, 8.0, 1.0] | train det 0.0372 seg 0.0719 cnt 6.2588
[stage1] epoch 79/100 step 3 | loss 6.5465 | w [15.0, 8.0, 1.0] | train det 0.0261 seg 0.1026 cnt 5.3342
[stage1] epoch 79/100 step 4 | loss 5.6881 | w [15.0, 8.0, 1.0] | train det 0.0186 seg 0.1889 cnt 3.8984
[stage1] epoch 79/100 step 5 | loss 6.7612 | w [15.0, 8.0, 1.0] | train det 0.0636 seg 0.1473 cnt 4.6286
[stage1] epoch 79/100 step 6 | loss 5.2805 | w [15.0, 8.0, 1.0] | train det 0.0590 seg 0.0831 cnt 3.7305
[stage1] epoch 79/100 step 7 | loss 3.8715 | w [15.0, 8.0, 1.0] | train det 0.0184 seg 0.1010 cnt 2.7877
[stage1] epoch 79/100 step 8 | loss 14.9132 | w [15.0, 8.0, 1.0] | train det 0.0150 seg 0.0518 cnt 14.2740
[stage1] epoch 79/100 step 9 | loss 5.8836 | w [15.0, 8.0, 1.0] | train det 0.0310 seg 0.1460 cnt 4.2512
[stage1] epoch 79/100 step 10 | loss 4.8420 | w [15.0, 8.0, 1.0] | train det 0.0205 seg 0.1131 cnt 3.6294
[stage1] epoch 79/100 step 11 | loss 3.9409 | w [15.0, 8.0, 1.0] | train det 0.0752 seg 0.1144 cnt 1.8969
[stage1] epoch 79/100 step 12 | loss 7.0027 | w [15.0, 8.0, 1.0] | train det 0.0468 seg 0.0616 cnt 5.8083
[stage1] epoch 79/100 step 13 | loss 6.0256 | w [15.0, 8.0, 1.0] | train det 0.0784 seg 0.0757 cnt 4.2448
[stage1] epoch 79/100 step 14 | loss 14.8545 | w [15.0, 8.0, 1.0] | train det 0.0699 seg 0.1239 cnt 12.8146
[stage1] epoch 79/100 step 15 | loss 11.8788 | w [15.0, 8.0, 1.0] | train det 0.2431 seg 0.1787 cnt 6.8033
[stage1] epoch 79/100 step 16 | loss 7.9802 | w [15.0, 8.0, 1.0] | train det 0.0206 seg 0.0899 cnt 6.9521
[stage1] epoch 79/100 step 17 | loss 10.9102 | w [15.0, 8.0, 1.0] | train det 0.0581 seg 0.0482 cnt 9.6527
[stage1] epoch 79/100 step 18 | loss 13.8843 | w [15.0, 8.0, 1.0] | train det 0.0257 seg 0.0493 cnt 13.1042
[stage1] epoch 79/100 step 19 | loss 17.8475 | w [15.0, 8.0, 1.0] | train det 0.3261 seg 0.1243 cnt 11.9615
[stage1] epoch 79/100 step 20 | loss 9.3302 | w [15.0, 8.0, 1.0] | train det 0.0577 seg 0.0870 cnt 7.7685
[stage1] epoch 79/100 step 21 | loss 5.1248 | w [15.0, 8.0, 1.0] | train det 0.0494 seg 0.0265 cnt 4.1717
[stage1] epoch 79/100 step 22 | loss 5.7647 | w [15.0, 8.0, 1.0] | train det 0.0701 seg 0.1304 cnt 3.6707
[stage1] epoch 79/100 step 23 | loss 10.2005 | w [15.0, 8.0, 1.0] | train det 0.3624 seg 0.0811 cnt 4.1152
[stage1] epoch 79/100 step 24 | loss 14.5203 | w [15.0, 8.0, 1.0] | train det 0.0626 seg 0.1263 cnt 12.5712
[stage1] epoch 79/100 step 25 | loss 4.5242 | w [15.0, 8.0, 1.0] | train det 0.0433 seg 0.0314 cnt 3.6245
[stage1] epoch 79/100 step 26 | loss 7.6666 | w [15.0, 8.0, 1.0] | train det 0.0473 seg 0.0662 cnt 6.4281
[stage1] epoch 79/100 step 27 | loss 10.9066 | w [15.0, 8.0, 1.0] | train det 0.0385 seg 0.1981 cnt 8.7435
[stage1] epoch 79/100 step 28 | loss 5.5886 | w [15.0, 8.0, 1.0] | train det 0.0906 seg 0.0545 cnt 3.7940
[stage1] epoch 79/100 step 29 | loss 8.8966 | w [15.0, 8.0, 1.0] | train det 0.1722 seg 0.2807 cnt 4.0690
[stage1] epoch 79/100 step 30 | loss 5.9828 | w [15.0, 8.0, 1.0] | train det 0.0924 seg 0.0588 cnt 4.1263
[stage1] epoch 79/100 step 31 | loss 4.5459 | w [15.0, 8.0, 1.0] | train det 0.0638 seg 0.0863 cnt 2.8992
[stage1] epoch 79/100 step 32 | loss 18.8519 | w [15.0, 8.0, 1.0] | train det 0.0731 seg 0.0989 cnt 16.9635
[stage1] epoch 79/100 step 33 | loss 8.8148 | w [15.0, 8.0, 1.0] | train det 0.1830 seg 0.0990 cnt 5.2775
[stage1] epoch 79/100 step 34 | loss 8.9971 | w [15.0, 8.0, 1.0] | train det 0.0556 seg 0.2382 cnt 6.2576
[stage1] epoch 79/100 step 35 | loss 4.7825 | w [15.0, 8.0, 1.0] | train det 0.0361 seg 0.0822 cnt 3.5837
[stage1] epoch 79/100 step 36 | loss 7.7025 | w [15.0, 8.0, 1.0] | train det 0.0642 seg 0.1361 cnt 5.6507
[stage1] epoch 79/100 step 37 | loss 6.6946 | w [15.0, 8.0, 1.0] | train det 0.1045 seg 0.0741 cnt 4.5340
[stage1] epoch 79/100 step 38 | loss 12.7071 | w [15.0, 8.0, 1.0] | train det 0.0342 seg 0.0663 cnt 11.6634
[stage1] epoch 79/100 step 39 | loss 9.8677 | w [15.0, 8.0, 1.0] | train det 0.0214 seg 0.1662 cnt 8.2180
[stage1] epoch 79/100 step 40 | loss 8.5597 | w [15.0, 8.0, 1.0] | train det 0.0218 seg 0.0767 cnt 7.6195
[stage1] epoch 79/100 step 41 | loss 9.9487 | w [15.0, 8.0, 1.0] | train det 0.0693 seg 0.1356 cnt 7.8239
[stage1] epoch 79/100 step 42 | loss 6.4397 | w [15.0, 8.0, 1.0] | train det 0.0719 seg 0.0638 cnt 4.8504
[stage1] epoch 79/100 step 43 | loss 5.0341 | w [15.0, 8.0, 1.0] | train det 0.0247 seg 0.1233 cnt 3.6768
[stage1] epoch 79/100 | train 8.4460 | det 0.0752 seg 0.1069 cnt 6.4626
[stage1] epoch 79 | val det 0.4587 seg 0.9692 miou 0.6169 cnt 5.2948 dens 9.834067e-01 mae 4.3114 total_mae 23.6123 | ap50 0.5670 | combo 1.415909
[stage1] epoch 80/100 step 1 | loss 6.7858 | w [15.0, 8.0, 1.0] | train det 0.0919 seg 0.0956 cnt 4.6419
[stage1] epoch 80/100 step 2 | loss 3.4402 | w [15.0, 8.0, 1.0] | train det 0.0520 seg 0.0098 cnt 2.5821
[stage1] epoch 80/100 step 3 | loss 5.2153 | w [15.0, 8.0, 1.0] | train det 0.0360 seg 0.0900 cnt 3.9545
[stage1] epoch 80/100 step 4 | loss 8.6280 | w [15.0, 8.0, 1.0] | train det 0.0373 seg 0.1546 cnt 6.8316
[stage1] epoch 80/100 step 5 | loss 11.3045 | w [15.0, 8.0, 1.0] | train det 0.1440 seg 0.1942 cnt 7.5915
[stage1] epoch 80/100 step 6 | loss 6.5418 | w [15.0, 8.0, 1.0] | train det 0.0626 seg 0.0952 cnt 4.8404
[stage1] epoch 80/100 step 7 | loss 9.9250 | w [15.0, 8.0, 1.0] | train det 0.0351 seg 0.1307 cnt 8.3532
[stage1] epoch 80/100 step 8 | loss 5.9035 | w [15.0, 8.0, 1.0] | train det 0.0332 seg 0.1112 cnt 4.5167
[stage1] epoch 80/100 step 9 | loss 6.9396 | w [15.0, 8.0, 1.0] | train det 0.2091 seg 0.1194 cnt 2.8479
[stage1] epoch 80/100 step 10 | loss 5.9694 | w [15.0, 8.0, 1.0] | train det 0.0319 seg 0.0745 cnt 4.8950
[stage1] epoch 80/100 step 11 | loss 5.8892 | w [15.0, 8.0, 1.0] | train det 0.0462 seg 0.1441 cnt 4.0438
[stage1] epoch 80/100 step 12 | loss 7.9401 | w [15.0, 8.0, 1.0] | train det 0.0490 seg 0.0664 cnt 6.6741
[stage1] epoch 80/100 step 13 | loss 11.3460 | w [15.0, 8.0, 1.0] | train det 0.0835 seg 0.1078 cnt 9.2317
[stage1] epoch 80/100 step 14 | loss 6.9169 | w [15.0, 8.0, 1.0] | train det 0.0292 seg 0.1496 cnt 5.2831
[stage1] epoch 80/100 step 15 | loss 8.9764 | w [15.0, 8.0, 1.0] | train det 0.1085 seg 0.0513 cnt 6.9390
[stage1] epoch 80/100 step 16 | loss 9.1411 | w [15.0, 8.0, 1.0] | train det 0.0559 seg 0.0672 cnt 7.7640
[stage1] epoch 80/100 step 17 | loss 9.4458 | w [15.0, 8.0, 1.0] | train det 0.0632 seg 0.1494 cnt 7.3029
[stage1] epoch 80/100 step 18 | loss 7.0172 | w [15.0, 8.0, 1.0] | train det 0.0594 seg 0.1012 cnt 5.3170
[stage1] epoch 80/100 step 19 | loss 5.0187 | w [15.0, 8.0, 1.0] | train det 0.1428 seg 0.0800 cnt 2.2374
[stage1] epoch 80/100 step 20 | loss 4.4059 | w [15.0, 8.0, 1.0] | train det 0.0588 seg 0.1012 cnt 2.7149
[stage1] epoch 80/100 step 21 | loss 13.9631 | w [15.0, 8.0, 1.0] | train det 0.0455 seg 0.0530 cnt 12.8561
[stage1] epoch 80/100 step 22 | loss 11.9697 | w [15.0, 8.0, 1.0] | train det 0.2292 seg 0.0516 cnt 8.1192
[stage1] epoch 80/100 step 23 | loss 7.6982 | w [15.0, 8.0, 1.0] | train det 0.0373 seg 0.0686 cnt 6.5906
[stage1] epoch 80/100 step 24 | loss 7.1754 | w [15.0, 8.0, 1.0] | train det 0.2306 seg 0.1528 cnt 2.4943
[stage1] epoch 80/100 step 25 | loss 5.8244 | w [15.0, 8.0, 1.0] | train det 0.0385 seg 0.0726 cnt 4.6656
[stage1] epoch 80/100 step 26 | loss 4.7024 | w [15.0, 8.0, 1.0] | train det 0.0775 seg 0.0834 cnt 2.8727
[stage1] epoch 80/100 step 27 | loss 6.6075 | w [15.0, 8.0, 1.0] | train det 0.1300 seg 0.1530 cnt 3.4342
[stage1] epoch 80/100 step 28 | loss 8.9665 | w [15.0, 8.0, 1.0] | train det 0.0898 seg 0.0846 cnt 6.9428
[stage1] epoch 80/100 step 29 | loss 7.9075 | w [15.0, 8.0, 1.0] | train det 0.0609 seg 0.1802 cnt 5.5526
[stage1] epoch 80/100 step 30 | loss 6.7233 | w [15.0, 8.0, 1.0] | train det 0.0317 seg 0.1558 cnt 5.0013
[stage1] epoch 80/100 step 31 | loss 9.9698 | w [15.0, 8.0, 1.0] | train det 0.1158 seg 0.1247 cnt 7.2352
[stage1] epoch 80/100 step 32 | loss 9.6337 | w [15.0, 8.0, 1.0] | train det 0.1849 seg 0.2413 cnt 4.9298
[stage1] epoch 80/100 step 33 | loss 5.5479 | w [15.0, 8.0, 1.0] | train det 0.1864 seg 0.0829 cnt 2.0877
[stage1] epoch 80/100 step 34 | loss 6.8400 | w [15.0, 8.0, 1.0] | train det 0.0716 seg 0.1254 cnt 4.7627
[stage1] epoch 80/100 step 35 | loss 6.2043 | w [15.0, 8.0, 1.0] | train det 0.0587 seg 0.1376 cnt 4.2236
[stage1] epoch 80/100 step 36 | loss 11.4455 | w [15.0, 8.0, 1.0] | train det 0.1052 seg 0.1074 cnt 9.0077
[stage1] epoch 80/100 step 37 | loss 9.7808 | w [15.0, 8.0, 1.0] | train det 0.0892 seg 0.0442 cnt 8.0889
[stage1] epoch 80/100 step 38 | loss 6.8800 | w [15.0, 8.0, 1.0] | train det 0.0765 seg 0.0811 cnt 5.0836
[stage1] epoch 80/100 step 39 | loss 8.0857 | w [15.0, 8.0, 1.0] | train det 0.0421 seg 0.1217 cnt 6.4808
[stage1] epoch 80/100 step 40 | loss 8.8770 | w [15.0, 8.0, 1.0] | train det 0.0431 seg 0.0805 cnt 7.5870
[stage1] epoch 80/100 step 41 | loss 9.0748 | w [15.0, 8.0, 1.0] | train det 0.1577 seg 0.1347 cnt 5.6324
[stage1] epoch 80/100 step 42 | loss 7.4697 | w [15.0, 8.0, 1.0] | train det 0.0754 seg 0.1088 cnt 5.4690
[stage1] epoch 80/100 step 43 | loss 4.5952 | w [15.0, 8.0, 1.0] | train det 0.0658 seg 0.1968 cnt 2.0341
[stage1] epoch 80/100 | train 7.7371 | det 0.0854 seg 0.1101 cnt 5.5748
[stage1] epoch 80 | val det 0.4732 seg 0.9749 miou 0.6154 cnt 5.6762 dens 9.950916e-01 mae 4.6811 total_mae 22.7297 | ap50 0.5683 | combo 1.397319
[stage1] epoch 81/100 step 1 | loss 4.5889 | w [15.0, 8.0, 1.0] | train det 0.0307 seg 0.0929 cnt 3.3857
[stage1] epoch 81/100 step 2 | loss 4.6719 | w [15.0, 8.0, 1.0] | train det 0.0878 seg 0.1301 cnt 2.3136
[stage1] epoch 81/100 step 3 | loss 10.1161 | w [15.0, 8.0, 1.0] | train det 0.0711 seg 0.1477 cnt 7.8684
[stage1] epoch 81/100 step 4 | loss 4.7942 | w [15.0, 8.0, 1.0] | train det 0.0335 seg 0.0811 cnt 3.6425
[stage1] epoch 81/100 step 5 | loss 8.0661 | w [15.0, 8.0, 1.0] | train det 0.0436 seg 0.0979 cnt 6.6297
[stage1] epoch 81/100 step 6 | loss 10.7099 | w [15.0, 8.0, 1.0] | train det 0.2146 seg 0.0786 cnt 6.8618
[stage1] epoch 81/100 step 7 | loss 4.7667 | w [15.0, 8.0, 1.0] | train det 0.1117 seg 0.1166 cnt 2.1580
[stage1] epoch 81/100 step 8 | loss 4.4129 | w [15.0, 8.0, 1.0] | train det 0.0392 seg 0.1554 cnt 2.5816
[stage1] epoch 81/100 step 9 | loss 8.3867 | w [15.0, 8.0, 1.0] | train det 0.1768 seg 0.1356 cnt 4.6496
[stage1] epoch 81/100 step 10 | loss 12.3579 | w [15.0, 8.0, 1.0] | train det 0.1266 seg 0.1174 cnt 9.5196
[stage1] epoch 81/100 step 11 | loss 13.2389 | w [15.0, 8.0, 1.0] | train det 0.1768 seg 0.1154 cnt 9.6643
[stage1] epoch 81/100 step 12 | loss 5.3163 | w [15.0, 8.0, 1.0] | train det 0.0847 seg 0.1234 cnt 3.0583
[stage1] epoch 81/100 step 13 | loss 10.7843 | w [15.0, 8.0, 1.0] | train det 0.0267 seg 0.1576 cnt 9.1233
[stage1] epoch 81/100 step 14 | loss 3.4438 | w [15.0, 8.0, 1.0] | train det 0.0555 seg 0.1051 cnt 1.7701
[stage1] epoch 81/100 step 15 | loss 5.0171 | w [15.0, 8.0, 1.0] | train det 0.1478 seg 0.0927 cnt 2.0590
[stage1] epoch 81/100 step 16 | loss 4.4948 | w [15.0, 8.0, 1.0] | train det 0.0687 seg 0.1076 cnt 2.6034
[stage1] epoch 81/100 step 17 | loss 7.6048 | w [15.0, 8.0, 1.0] | train det 0.0567 seg 0.1048 cnt 5.9156
[stage1] epoch 81/100 step 18 | loss 3.4204 | w [15.0, 8.0, 1.0] | train det 0.0244 seg 0.1076 cnt 2.1928
[stage1] epoch 81/100 step 19 | loss 6.7631 | w [15.0, 8.0, 1.0] | train det 0.0680 seg 0.2367 cnt 3.8496
[stage1] epoch 81/100 step 20 | loss 3.7446 | w [15.0, 8.0, 1.0] | train det 0.0384 seg 0.0873 cnt 2.4700
[stage1] epoch 81/100 step 21 | loss 5.3474 | w [15.0, 8.0, 1.0] | train det 0.0442 seg 0.0818 cnt 4.0300
[stage1] epoch 81/100 step 22 | loss 6.8338 | w [15.0, 8.0, 1.0] | train det 0.0673 seg 0.0872 cnt 5.1272
[stage1] epoch 81/100 step 23 | loss 5.4439 | w [15.0, 8.0, 1.0] | train det 0.0367 seg 0.0870 cnt 4.1971
[stage1] epoch 81/100 step 24 | loss 14.0676 | w [15.0, 8.0, 1.0] | train det 0.1135 seg 0.0703 cnt 11.8023
[stage1] epoch 81/100 step 25 | loss 7.9838 | w [15.0, 8.0, 1.0] | train det 0.0426 seg 0.3060 cnt 4.8964
[stage1] epoch 81/100 step 26 | loss 2.9156 | w [15.0, 8.0, 1.0] | train det 0.0082 seg 0.0773 cnt 2.1741
[stage1] epoch 81/100 step 27 | loss 16.4802 | w [15.0, 8.0, 1.0] | train det 0.0813 seg 0.1714 cnt 13.8894
[stage1] epoch 81/100 step 28 | loss 4.9407 | w [15.0, 8.0, 1.0] | train det 0.0494 seg 0.1168 cnt 3.2654
[stage1] epoch 81/100 step 29 | loss 9.3130 | w [15.0, 8.0, 1.0] | train det 0.0491 seg 0.1376 cnt 7.4763
[stage1] epoch 81/100 step 30 | loss 8.5586 | w [15.0, 8.0, 1.0] | train det 0.0562 seg 0.1476 cnt 6.5338
[stage1] epoch 81/100 step 31 | loss 3.3531 | w [15.0, 8.0, 1.0] | train det 0.0197 seg 0.1203 cnt 2.0950
[stage1] epoch 81/100 step 32 | loss 6.2576 | w [15.0, 8.0, 1.0] | train det 0.1428 seg 0.0736 cnt 3.5272
[stage1] epoch 81/100 step 33 | loss 6.0911 | w [15.0, 8.0, 1.0] | train det 0.1261 seg 0.0434 cnt 3.8530
[stage1] epoch 81/100 step 34 | loss 10.5247 | w [15.0, 8.0, 1.0] | train det 0.1492 seg 0.0427 cnt 7.9450
[stage1] epoch 81/100 step 35 | loss 12.8325 | w [15.0, 8.0, 1.0] | train det 0.1396 seg 0.0918 cnt 10.0032
[stage1] epoch 81/100 step 36 | loss 9.7316 | w [15.0, 8.0, 1.0] | train det 0.4077 seg 0.0884 cnt 2.9090
[stage1] epoch 81/100 step 37 | loss 13.1854 | w [15.0, 8.0, 1.0] | train det 0.0421 seg 0.0900 cnt 11.8346
[stage1] epoch 81/100 step 38 | loss 4.6670 | w [15.0, 8.0, 1.0] | train det 0.0824 seg 0.2130 cnt 1.7275
[stage1] epoch 81/100 step 39 | loss 3.9755 | w [15.0, 8.0, 1.0] | train det 0.0635 seg 0.0606 cnt 2.5374
[stage1] epoch 81/100 step 40 | loss 5.2000 | w [15.0, 8.0, 1.0] | train det 0.0247 seg 0.0562 cnt 4.3803
[stage1] epoch 81/100 step 41 | loss 6.1457 | w [15.0, 8.0, 1.0] | train det 0.0750 seg 0.0693 cnt 4.4667
[stage1] epoch 81/100 step 42 | loss 8.7521 | w [15.0, 8.0, 1.0] | train det 0.3204 seg 0.1418 cnt 2.8116
[stage1] epoch 81/100 step 43 | loss 5.8217 | w [15.0, 8.0, 1.0] | train det 0.1283 seg 0.0685 cnt 3.3490
[stage1] epoch 81/100 | train 7.3284 | det 0.0919 seg 0.1124 cnt 5.0500
[stage1] epoch 81 | val det 0.4628 seg 0.9814 miou 0.6217 cnt 5.8193 dens 9.879920e-01 mae 4.8313 total_mae 23.8340 | ap50 0.5686 | combo 1.397223
[stage1] epoch 82/100 step 1 | loss 5.7867 | w [15.0, 8.0, 1.0] | train det 0.0681 seg 0.1422 cnt 3.6283
[stage1] epoch 82/100 step 2 | loss 8.4005 | w [15.0, 8.0, 1.0] | train det 0.1467 seg 0.1316 cnt 5.1478
[stage1] epoch 82/100 step 3 | loss 5.7636 | w [15.0, 8.0, 1.0] | train det 0.0839 seg 0.1323 cnt 3.4468
[stage1] epoch 82/100 step 4 | loss 4.0187 | w [15.0, 8.0, 1.0] | train det 0.0687 seg 0.0907 cnt 2.2629
[stage1] epoch 82/100 step 5 | loss 4.9093 | w [15.0, 8.0, 1.0] | train det 0.0518 seg 0.0427 cnt 3.7906
[stage1] epoch 82/100 step 6 | loss 6.0249 | w [15.0, 8.0, 1.0] | train det 0.0575 seg 0.1408 cnt 4.0359
[stage1] epoch 82/100 step 7 | loss 9.4527 | w [15.0, 8.0, 1.0] | train det 0.1364 seg 0.0746 cnt 6.8101
[stage1] epoch 82/100 step 8 | loss 6.5452 | w [15.0, 8.0, 1.0] | train det 0.0164 seg 0.1181 cnt 5.3550
[stage1] epoch 82/100 step 9 | loss 5.8199 | w [15.0, 8.0, 1.0] | train det 0.0823 seg 0.1051 cnt 3.7448
[stage1] epoch 82/100 step 10 | loss 7.2625 | w [15.0, 8.0, 1.0] | train det 0.1194 seg 0.1722 cnt 4.0929
[stage1] epoch 82/100 step 11 | loss 9.3463 | w [15.0, 8.0, 1.0] | train det 0.1000 seg 0.2591 cnt 5.7728
[stage1] epoch 82/100 step 12 | loss 12.4264 | w [15.0, 8.0, 1.0] | train det 0.0744 seg 0.0738 cnt 10.7195
[stage1] epoch 82/100 step 13 | loss 11.4591 | w [15.0, 8.0, 1.0] | train det 0.0617 seg 0.0938 cnt 9.7827
[stage1] epoch 82/100 step 14 | loss 6.5848 | w [15.0, 8.0, 1.0] | train det 0.0787 seg 0.1826 cnt 3.9435
[stage1] epoch 82/100 step 15 | loss 9.1589 | w [15.0, 8.0, 1.0] | train det 0.0552 seg 0.1320 cnt 7.2747
[stage1] epoch 82/100 step 16 | loss 8.1357 | w [15.0, 8.0, 1.0] | train det 0.0284 seg 0.1057 cnt 6.8643
[stage1] epoch 82/100 step 17 | loss 6.4626 | w [15.0, 8.0, 1.0] | train det 0.0606 seg 0.1476 cnt 4.3728
[stage1] epoch 82/100 step 18 | loss 5.3868 | w [15.0, 8.0, 1.0] | train det 0.1550 seg 0.1341 cnt 1.9898
[stage1] epoch 82/100 step 19 | loss 6.6588 | w [15.0, 8.0, 1.0] | train det 0.0929 seg 0.0582 cnt 4.8000
[stage1] epoch 82/100 step 20 | loss 12.8590 | w [15.0, 8.0, 1.0] | train det 0.4856 seg 0.0516 cnt 5.1624
[stage1] epoch 82/100 step 21 | loss 7.5307 | w [15.0, 8.0, 1.0] | train det 0.0282 seg 0.0988 cnt 6.3168
[stage1] epoch 82/100 step 22 | loss 6.9410 | w [15.0, 8.0, 1.0] | train det 0.0542 seg 0.0977 cnt 5.3460
[stage1] epoch 82/100 step 23 | loss 8.8880 | w [15.0, 8.0, 1.0] | train det 0.0550 seg 0.0929 cnt 7.3196
[stage1] epoch 82/100 step 24 | loss 8.1688 | w [15.0, 8.0, 1.0] | train det 0.0684 seg 0.1239 cnt 6.1520
[stage1] epoch 82/100 step 25 | loss 12.0383 | w [15.0, 8.0, 1.0] | train det 0.4761 seg 0.1666 cnt 3.5639
[stage1] epoch 82/100 step 26 | loss 6.9977 | w [15.0, 8.0, 1.0] | train det 0.0209 seg 0.1898 cnt 5.1650
[stage1] epoch 82/100 step 27 | loss 9.8866 | w [15.0, 8.0, 1.0] | train det 0.3801 seg 0.1439 cnt 3.0346
[stage1] epoch 82/100 step 28 | loss 8.1756 | w [15.0, 8.0, 1.0] | train det 0.2922 seg 0.1987 cnt 2.2025
[stage1] epoch 82/100 step 29 | loss 5.0104 | w [15.0, 8.0, 1.0] | train det 0.0399 seg 0.1206 cnt 3.4471
[stage1] epoch 82/100 step 30 | loss 6.6262 | w [15.0, 8.0, 1.0] | train det 0.0454 seg 0.2649 cnt 3.8260
[stage1] epoch 82/100 step 31 | loss 7.1053 | w [15.0, 8.0, 1.0] | train det 0.0440 seg 0.1000 cnt 5.6446
[stage1] epoch 82/100 step 32 | loss 7.2858 | w [15.0, 8.0, 1.0] | train det 0.0708 seg 0.0876 cnt 5.5231
[stage1] epoch 82/100 step 33 | loss 5.9506 | w [15.0, 8.0, 1.0] | train det 0.0363 seg 0.2164 cnt 3.6746
[stage1] epoch 82/100 step 34 | loss 5.9500 | w [15.0, 8.0, 1.0] | train det 0.0334 seg 0.0492 cnt 5.0553
[stage1] epoch 82/100 step 35 | loss 5.9163 | w [15.0, 8.0, 1.0] | train det 0.0410 seg 0.0568 cnt 4.8464
[stage1] epoch 82/100 step 36 | loss 9.4007 | w [15.0, 8.0, 1.0] | train det 0.0177 seg 0.1232 cnt 8.1493
[stage1] epoch 82/100 step 37 | loss 13.0506 | w [15.0, 8.0, 1.0] | train det 0.0580 seg 0.0980 cnt 11.3963
[stage1] epoch 82/100 step 38 | loss 8.4020 | w [15.0, 8.0, 1.0] | train det 0.2198 seg 0.0888 cnt 4.3938
[stage1] epoch 82/100 step 39 | loss 7.9371 | w [15.0, 8.0, 1.0] | train det 0.0768 seg 0.0611 cnt 6.2966
[stage1] epoch 82/100 step 40 | loss 8.2773 | w [15.0, 8.0, 1.0] | train det 0.0540 seg 0.1190 cnt 6.5152
[stage1] epoch 82/100 step 41 | loss 6.5149 | w [15.0, 8.0, 1.0] | train det 0.0526 seg 0.2093 cnt 4.0521
[stage1] epoch 82/100 step 42 | loss 4.2810 | w [15.0, 8.0, 1.0] | train det 0.0619 seg 0.1107 cnt 2.4673
[stage1] epoch 82/100 step 43 | loss 7.4984 | w [15.0, 8.0, 1.0] | train det 0.1341 seg 0.1648 cnt 4.1689
[stage1] epoch 82/100 | train 7.6813 | det 0.1020 seg 0.1249 cnt 5.1524
[stage1] epoch 82 | val det 0.4633 seg 0.9717 miou 0.6144 cnt 5.1801 dens 9.860277e-01 mae 4.1941 total_mae 22.7507 | ap50 0.5647 | combo 1.417559
[stage1] epoch 83/100 step 1 | loss 5.1645 | w [15.0, 8.0, 1.0] | train det 0.0424 seg 0.0666 cnt 3.9954
[stage1] epoch 83/100 step 2 | loss 4.5975 | w [15.0, 8.0, 1.0] | train det 0.0856 seg 0.0971 cnt 2.5371
[stage1] epoch 83/100 step 3 | loss 3.5973 | w [15.0, 8.0, 1.0] | train det 0.0188 seg 0.0333 cnt 3.0488
[stage1] epoch 83/100 step 4 | loss 10.0128 | w [15.0, 8.0, 1.0] | train det 0.3958 seg 0.0557 cnt 3.6293
[stage1] epoch 83/100 step 5 | loss 3.9701 | w [15.0, 8.0, 1.0] | train det 0.0477 seg 0.0976 cnt 2.4745
[stage1] epoch 83/100 step 6 | loss 8.0178 | w [15.0, 8.0, 1.0] | train det 0.1934 seg 0.0386 cnt 4.8084
[stage1] epoch 83/100 step 7 | loss 5.4085 | w [15.0, 8.0, 1.0] | train det 0.0209 seg 0.1051 cnt 4.2548
[stage1] epoch 83/100 step 8 | loss 13.2810 | w [15.0, 8.0, 1.0] | train det 0.3391 seg 0.1099 cnt 7.3142
[stage1] epoch 83/100 step 9 | loss 3.3422 | w [15.0, 8.0, 1.0] | train det 0.0627 seg 0.0671 cnt 1.8649
[stage1] epoch 83/100 step 10 | loss 7.8342 | w [15.0, 8.0, 1.0] | train det 0.2703 seg 0.0905 cnt 3.0551
[stage1] epoch 83/100 step 11 | loss 10.7671 | w [15.0, 8.0, 1.0] | train det 0.4895 seg 0.1082 cnt 2.5594
[stage1] epoch 83/100 step 12 | loss 11.3339 | w [15.0, 8.0, 1.0] | train det 0.1533 seg 0.0458 cnt 8.6682
[stage1] epoch 83/100 step 13 | loss 5.3315 | w [15.0, 8.0, 1.0] | train det 0.0783 seg 0.1464 cnt 2.9854
[stage1] epoch 83/100 step 14 | loss 6.4920 | w [15.0, 8.0, 1.0] | train det 0.0655 seg 0.1057 cnt 4.6640
[stage1] epoch 83/100 step 15 | loss 8.1442 | w [15.0, 8.0, 1.0] | train det 0.1407 seg 0.0741 cnt 5.4410
[stage1] epoch 83/100 step 16 | loss 6.9742 | w [15.0, 8.0, 1.0] | train det 0.0919 seg 0.0695 cnt 5.0401
[stage1] epoch 83/100 step 17 | loss 4.3483 | w [15.0, 8.0, 1.0] | train det 0.0894 seg 0.0712 cnt 2.4379
[stage1] epoch 83/100 step 18 | loss 6.1430 | w [15.0, 8.0, 1.0] | train det 0.0333 seg 0.1125 cnt 4.7437
[stage1] epoch 83/100 step 19 | loss 8.3048 | w [15.0, 8.0, 1.0] | train det 0.0332 seg 0.1496 cnt 6.6098
[stage1] epoch 83/100 step 20 | loss 7.0642 | w [15.0, 8.0, 1.0] | train det 0.0570 seg 0.1752 cnt 4.8070
[stage1] epoch 83/100 step 21 | loss 7.7399 | w [15.0, 8.0, 1.0] | train det 0.0634 seg 0.1426 cnt 5.6478
[stage1] epoch 83/100 step 22 | loss 7.1391 | w [15.0, 8.0, 1.0] | train det 0.0656 seg 0.0768 cnt 5.5408
[stage1] epoch 83/100 step 23 | loss 5.3557 | w [15.0, 8.0, 1.0] | train det 0.1046 seg 0.1080 cnt 2.9231
[stage1] epoch 83/100 step 24 | loss 92.3151 | w [15.0, 8.0, 1.0] | train det 0.0711 seg 0.1239 cnt 90.2579
[stage1] epoch 83/100 step 25 | loss 4.5576 | w [15.0, 8.0, 1.0] | train det 0.0398 seg 0.0826 cnt 3.3001
[stage1] epoch 83/100 step 26 | loss 4.4253 | w [15.0, 8.0, 1.0] | train det 0.1045 seg 0.1143 cnt 1.9433
[stage1] epoch 83/100 step 27 | loss 6.8565 | w [15.0, 8.0, 1.0] | train det 0.0578 seg 0.2947 cnt 3.6313
[stage1] epoch 83/100 step 28 | loss 5.1353 | w [15.0, 8.0, 1.0] | train det 0.0484 seg 0.1250 cnt 3.4085
[stage1] epoch 83/100 step 29 | loss 6.0482 | w [15.0, 8.0, 1.0] | train det 0.1183 seg 0.1414 cnt 3.1427
[stage1] epoch 83/100 step 30 | loss 5.5136 | w [15.0, 8.0, 1.0] | train det 0.0230 seg 0.0792 cnt 4.5342
[stage1] epoch 83/100 step 31 | loss 4.6276 | w [15.0, 8.0, 1.0] | train det 0.0494 seg 0.0623 cnt 3.3884
[stage1] epoch 83/100 step 32 | loss 8.2481 | w [15.0, 8.0, 1.0] | train det 0.0847 seg 0.0810 cnt 6.3288
[stage1] epoch 83/100 step 33 | loss 4.7810 | w [15.0, 8.0, 1.0] | train det 0.0699 seg 0.2133 cnt 2.0260
[stage1] epoch 83/100 step 34 | loss 7.3686 | w [15.0, 8.0, 1.0] | train det 0.2317 seg 0.1039 cnt 3.0627
[stage1] epoch 83/100 step 35 | loss 5.1185 | w [15.0, 8.0, 1.0] | train det 0.1201 seg 0.0934 cnt 2.5693
[stage1] epoch 83/100 step 36 | loss 7.6409 | w [15.0, 8.0, 1.0] | train det 0.0552 seg 0.1058 cnt 5.9668
[stage1] epoch 83/100 step 37 | loss 4.9218 | w [15.0, 8.0, 1.0] | train det 0.0589 seg 0.1462 cnt 2.8686
[stage1] epoch 83/100 step 38 | loss 5.6116 | w [15.0, 8.0, 1.0] | train det 0.0837 seg 0.0637 cnt 3.8470
[stage1] epoch 83/100 step 39 | loss 6.2450 | w [15.0, 8.0, 1.0] | train det 0.0229 seg 0.1071 cnt 5.0440
[stage1] epoch 83/100 step 40 | loss 12.5971 | w [15.0, 8.0, 1.0] | train det 0.3666 seg 0.0584 cnt 6.6303
[stage1] epoch 83/100 step 41 | loss 4.6666 | w [15.0, 8.0, 1.0] | train det 0.0606 seg 0.1675 cnt 2.4170
[stage1] epoch 83/100 step 42 | loss 10.7052 | w [15.0, 8.0, 1.0] | train det 0.2139 seg 0.1455 cnt 6.3335
[stage1] epoch 83/100 step 43 | loss 8.3458 | w [15.0, 8.0, 1.0] | train det 0.0146 seg 0.0755 cnt 7.5222
[stage1] epoch 83/100 | train 8.7463 | det 0.1125 seg 0.1054 cnt 6.2157
[stage1] epoch 83 | val det 0.4704 seg 1.0163 miou 0.6187 cnt 5.0154 dens 9.843579e-01 mae 4.0311 total_mae 19.8980 | ap50 0.5719 | combo 1.438677
[ckpt] new best cached (stage1 epoch 83, combo 1.438677)
[stage1] epoch 84/100 step 1 | loss 8.8941 | w [15.0, 8.0, 1.0] | train det 0.2359 seg 0.1628 cnt 4.0538
[stage1] epoch 84/100 step 2 | loss 5.6590 | w [15.0, 8.0, 1.0] | train det 0.0292 seg 0.2020 cnt 3.6049
[stage1] epoch 84/100 step 3 | loss 9.1082 | w [15.0, 8.0, 1.0] | train det 0.0352 seg 0.1549 cnt 7.3408
[stage1] epoch 84/100 step 4 | loss 7.4377 | w [15.0, 8.0, 1.0] | train det 0.0353 seg 0.0565 cnt 6.4566
[stage1] epoch 84/100 step 5 | loss 5.3276 | w [15.0, 8.0, 1.0] | train det 0.0681 seg 0.1005 cnt 3.5011
[stage1] epoch 84/100 step 6 | loss 4.5229 | w [15.0, 8.0, 1.0] | train det 0.0805 seg 0.0998 cnt 2.5169
[stage1] epoch 84/100 step 7 | loss 8.5093 | w [15.0, 8.0, 1.0] | train det 0.0899 seg 0.0951 cnt 6.4009
[stage1] epoch 84/100 step 8 | loss 9.5415 | w [15.0, 8.0, 1.0] | train det 0.0745 seg 0.0785 cnt 7.7957
[stage1] epoch 84/100 step 9 | loss 13.5366 | w [15.0, 8.0, 1.0] | train det 0.1104 seg 0.0987 cnt 11.0915
[stage1] epoch 84/100 step 10 | loss 6.2945 | w [15.0, 8.0, 1.0] | train det 0.0544 seg 0.1246 cnt 4.4820
[stage1] epoch 84/100 step 11 | loss 5.6394 | w [15.0, 8.0, 1.0] | train det 0.0782 seg 0.0855 cnt 3.7828
[stage1] epoch 84/100 step 12 | loss 4.1794 | w [15.0, 8.0, 1.0] | train det 0.0407 seg 0.1093 cnt 2.6941
[stage1] epoch 84/100 step 13 | loss 4.8058 | w [15.0, 8.0, 1.0] | train det 0.0456 seg 0.1412 cnt 2.9930
[stage1] epoch 84/100 step 14 | loss 10.2909 | w [15.0, 8.0, 1.0] | train det 0.0356 seg 0.0971 cnt 8.9797
[stage1] epoch 84/100 step 15 | loss 6.3693 | w [15.0, 8.0, 1.0] | train det 0.0510 seg 0.0759 cnt 4.9978
[stage1] epoch 84/100 step 16 | loss 3.9247 | w [15.0, 8.0, 1.0] | train det 0.0313 seg 0.1868 cnt 1.9615
[stage1] epoch 84/100 step 17 | loss 5.3843 | w [15.0, 8.0, 1.0] | train det 0.0814 seg 0.0673 cnt 3.6247
[stage1] epoch 84/100 step 18 | loss 22.7215 | w [15.0, 8.0, 1.0] | train det 0.0404 seg 0.1840 cnt 20.6432
[stage1] epoch 84/100 step 19 | loss 5.8508 | w [15.0, 8.0, 1.0] | train det 0.0411 seg 0.0462 cnt 4.8650
[stage1] epoch 84/100 step 20 | loss 3.6944 | w [15.0, 8.0, 1.0] | train det 0.0497 seg 0.1189 cnt 1.9972
[stage1] epoch 84/100 step 21 | loss 7.9342 | w [15.0, 8.0, 1.0] | train det 0.0497 seg 0.2999 cnt 4.7905
[stage1] epoch 84/100 step 22 | loss 5.5228 | w [15.0, 8.0, 1.0] | train det 0.0396 seg 0.2072 cnt 3.2712
[stage1] epoch 84/100 step 23 | loss 4.4852 | w [15.0, 8.0, 1.0] | train det 0.0657 seg 0.0305 cnt 3.2562
[stage1] epoch 84/100 step 24 | loss 5.8338 | w [15.0, 8.0, 1.0] | train det 0.0488 seg 0.1401 cnt 3.9814
[stage1] epoch 84/100 step 25 | loss 7.1845 | w [15.0, 8.0, 1.0] | train det 0.1504 seg 0.1093 cnt 4.0539
[stage1] epoch 84/100 step 26 | loss 4.1473 | w [15.0, 8.0, 1.0] | train det 0.0462 seg 0.0653 cnt 2.9321
[stage1] epoch 84/100 step 27 | loss 11.3068 | w [15.0, 8.0, 1.0] | train det 0.0929 seg 0.2012 cnt 8.3040
[stage1] epoch 84/100 step 28 | loss 10.1717 | w [15.0, 8.0, 1.0] | train det 0.1517 seg 0.1556 cnt 6.6516
[stage1] epoch 84/100 step 29 | loss 7.7070 | w [15.0, 8.0, 1.0] | train det 0.1723 seg 0.1062 cnt 4.2725
[stage1] epoch 84/100 step 30 | loss 5.9650 | w [15.0, 8.0, 1.0] | train det 0.1411 seg 0.0760 cnt 3.2408
[stage1] epoch 84/100 step 31 | loss 6.7825 | w [15.0, 8.0, 1.0] | train det 0.0366 seg 0.0709 cnt 5.6655
[stage1] epoch 84/100 step 32 | loss 10.9349 | w [15.0, 8.0, 1.0] | train det 0.0784 seg 0.2020 cnt 8.1427
[stage1] epoch 84/100 step 33 | loss 11.4990 | w [15.0, 8.0, 1.0] | train det 0.0167 seg 0.1177 cnt 10.3067
[stage1] epoch 84/100 step 34 | loss 6.0623 | w [15.0, 8.0, 1.0] | train det 0.0407 seg 0.0755 cnt 4.8479
[stage1] epoch 84/100 step 35 | loss 6.0211 | w [15.0, 8.0, 1.0] | train det 0.0875 seg 0.0824 cnt 4.0497
[stage1] epoch 84/100 step 36 | loss 5.4453 | w [15.0, 8.0, 1.0] | train det 0.0705 seg 0.0829 cnt 3.7240
[stage1] epoch 84/100 step 37 | loss 8.2618 | w [15.0, 8.0, 1.0] | train det 0.2532 seg 0.1005 cnt 3.6597
[stage1] epoch 84/100 step 38 | loss 9.9444 | w [15.0, 8.0, 1.0] | train det 0.0338 seg 0.1581 cnt 8.1718
[stage1] epoch 84/100 step 39 | loss 6.1085 | w [15.0, 8.0, 1.0] | train det 0.0336 seg 0.1035 cnt 4.7769
[stage1] epoch 84/100 step 40 | loss 3.4698 | w [15.0, 8.0, 1.0] | train det 0.0374 seg 0.0882 cnt 2.2032
[stage1] epoch 84/100 step 41 | loss 6.5051 | w [15.0, 8.0, 1.0] | train det 0.0399 seg 0.1348 cnt 4.8284
[stage1] epoch 84/100 step 42 | loss 28.3016 | w [15.0, 8.0, 1.0] | train det 0.0732 seg 0.1497 cnt 26.0065
[stage1] epoch 84/100 step 43 | loss 3.7104 | w [15.0, 8.0, 1.0] | train det 0.0597 seg 0.1284 cnt 1.7873
[stage1] epoch 84/100 | train 7.7906 | det 0.0727 seg 0.1203 cnt 5.7374
[stage1] epoch 84 | val det 0.4842 seg 0.9979 miou 0.6149 cnt 5.1968 dens 9.799049e-01 mae 4.2168 total_mae 23.6886 | ap50 0.5745 | combo 1.426538
[stage1] epoch 85/100 step 1 | loss 28.7626 | w [15.0, 8.0, 1.0] | train det 0.0259 seg 0.0758 cnt 27.7682
[stage1] epoch 85/100 step 2 | loss 5.8023 | w [15.0, 8.0, 1.0] | train det 0.1236 seg 0.0395 cnt 3.6316
[stage1] epoch 85/100 step 3 | loss 7.9875 | w [15.0, 8.0, 1.0] | train det 0.0159 seg 0.1941 cnt 6.1962
[stage1] epoch 85/100 step 4 | loss 5.6394 | w [15.0, 8.0, 1.0] | train det 0.1149 seg 0.1052 cnt 3.0739
[stage1] epoch 85/100 step 5 | loss 4.8370 | w [15.0, 8.0, 1.0] | train det 0.0450 seg 0.0635 cnt 3.6539
[stage1] epoch 85/100 step 6 | loss 11.5565 | w [15.0, 8.0, 1.0] | train det 0.0483 seg 0.1049 cnt 9.9923
[stage1] epoch 85/100 step 7 | loss 4.4515 | w [15.0, 8.0, 1.0] | train det 0.0515 seg 0.0795 cnt 3.0421
[stage1] epoch 85/100 step 8 | loss 4.8945 | w [15.0, 8.0, 1.0] | train det 0.0917 seg 0.1064 cnt 2.6680
[stage1] epoch 85/100 step 9 | loss 8.2915 | w [15.0, 8.0, 1.0] | train det 0.0922 seg 0.0876 cnt 6.2080
[stage1] epoch 85/100 step 10 | loss 5.6502 | w [15.0, 8.0, 1.0] | train det 0.0222 seg 0.1045 cnt 4.4813
[stage1] epoch 85/100 step 11 | loss 6.6709 | w [15.0, 8.0, 1.0] | train det 0.1109 seg 0.0580 cnt 4.5430
[stage1] epoch 85/100 step 12 | loss 11.4340 | w [15.0, 8.0, 1.0] | train det 0.1953 seg 0.1227 cnt 7.5232
[stage1] epoch 85/100 step 13 | loss 6.9326 | w [15.0, 8.0, 1.0] | train det 0.0385 seg 0.1116 cnt 5.4624
[stage1] epoch 85/100 step 14 | loss 9.9509 | w [15.0, 8.0, 1.0] | train det 0.0386 seg 0.1049 cnt 8.5330
[stage1] epoch 85/100 step 15 | loss 10.2082 | w [15.0, 8.0, 1.0] | train det 0.2132 seg 0.3110 cnt 4.5216
[stage1] epoch 85/100 step 16 | loss 7.5592 | w [15.0, 8.0, 1.0] | train det 0.0651 seg 0.1264 cnt 5.5705
[stage1] epoch 85/100 step 17 | loss 9.2723 | w [15.0, 8.0, 1.0] | train det 0.2405 seg 0.0993 cnt 4.8700
[stage1] epoch 85/100 step 18 | loss 5.2313 | w [15.0, 8.0, 1.0] | train det 0.0498 seg 0.1373 cnt 3.3864
[stage1] epoch 85/100 step 19 | loss 4.4797 | w [15.0, 8.0, 1.0] | train det 0.0741 seg 0.0663 cnt 2.8378
[stage1] epoch 85/100 step 20 | loss 11.9856 | w [15.0, 8.0, 1.0] | train det 0.0328 seg 0.1491 cnt 10.3003
[stage1] epoch 85/100 step 21 | loss 4.6481 | w [15.0, 8.0, 1.0] | train det 0.0504 seg 0.0993 cnt 3.0976
[stage1] epoch 85/100 step 22 | loss 7.0845 | w [15.0, 8.0, 1.0] | train det 0.0488 seg 0.1109 cnt 5.4646
[stage1] epoch 85/100 step 23 | loss 9.2997 | w [15.0, 8.0, 1.0] | train det 0.0390 seg 0.1257 cnt 7.7082
[stage1] epoch 85/100 step 24 | loss 11.2056 | w [15.0, 8.0, 1.0] | train det 0.0297 seg 0.0484 cnt 10.3725
[stage1] epoch 85/100 step 25 | loss 29.3218 | w [15.0, 8.0, 1.0] | train det 0.0440 seg 0.0523 cnt 28.2443
[stage1] epoch 85/100 step 26 | loss 5.3117 | w [15.0, 8.0, 1.0] | train det 0.1214 seg 0.0273 cnt 3.2727
[stage1] epoch 85/100 step 27 | loss 7.7401 | w [15.0, 8.0, 1.0] | train det 0.1050 seg 0.1227 cnt 5.1845
[stage1] epoch 85/100 step 28 | loss 10.9001 | w [15.0, 8.0, 1.0] | train det 0.0257 seg 0.1988 cnt 8.9245
[stage1] epoch 85/100 step 29 | loss 8.6157 | w [15.0, 8.0, 1.0] | train det 0.1354 seg 0.1485 cnt 5.3972
[stage1] epoch 85/100 step 30 | loss 11.6757 | w [15.0, 8.0, 1.0] | train det 0.0294 seg 0.0684 cnt 10.6884
[stage1] epoch 85/100 step 31 | loss 4.2280 | w [15.0, 8.0, 1.0] | train det 0.0417 seg 0.0402 cnt 3.2809
[stage1] epoch 85/100 step 32 | loss 3.4476 | w [15.0, 8.0, 1.0] | train det 0.0488 seg 0.0666 cnt 2.1823
[stage1] epoch 85/100 step 33 | loss 8.4646 | w [15.0, 8.0, 1.0] | train det 0.0377 seg 0.1069 cnt 7.0438
[stage1] epoch 85/100 step 34 | loss 4.9709 | w [15.0, 8.0, 1.0] | train det 0.0505 seg 0.1624 cnt 2.9135
[stage1] epoch 85/100 step 35 | loss 6.4749 | w [15.0, 8.0, 1.0] | train det 0.0307 seg 0.0782 cnt 5.3883
[stage1] epoch 85/100 step 36 | loss 7.7076 | w [15.0, 8.0, 1.0] | train det 0.0407 seg 0.0920 cnt 6.3603
[stage1] epoch 85/100 step 37 | loss 6.8149 | w [15.0, 8.0, 1.0] | train det 0.0181 seg 0.1050 cnt 5.7027
[stage1] epoch 85/100 step 38 | loss 16.1634 | w [15.0, 8.0, 1.0] | train det 0.0928 seg 0.1517 cnt 13.5578
[stage1] epoch 85/100 step 39 | loss 6.0784 | w [15.0, 8.0, 1.0] | train det 0.0167 seg 0.0995 cnt 5.0314
[stage1] epoch 85/100 step 40 | loss 9.8355 | w [15.0, 8.0, 1.0] | train det 0.1092 seg 0.1000 cnt 7.3980
[stage1] epoch 85/100 step 41 | loss 9.3830 | w [15.0, 8.0, 1.0] | train det 0.0324 seg 0.1176 cnt 7.9562
[stage1] epoch 85/100 step 42 | loss 5.6529 | w [15.0, 8.0, 1.0] | train det 0.0347 seg 0.1131 cnt 4.2272
[stage1] epoch 85/100 step 43 | loss 5.7107 | w [15.0, 8.0, 1.0] | train det 0.0472 seg 0.1400 cnt 3.8821
[stage1] epoch 85/100 | train 8.6589 | det 0.0679 seg 0.1075 cnt 6.7801
[stage1] epoch 85 | val det 0.4573 seg 0.9983 miou 0.6160 cnt 5.4994 dens 9.840410e-01 mae 4.5154 total_mae 24.6576 | ap50 0.5770 | combo 1.414514
[stage1] epoch 86/100 step 1 | loss 7.7942 | w [15.0, 8.0, 1.0] | train det 0.1534 seg 0.1526 cnt 4.2720
[stage1] epoch 86/100 step 2 | loss 7.2947 | w [15.0, 8.0, 1.0] | train det 0.0212 seg 0.0603 cnt 6.4949
[stage1] epoch 86/100 step 3 | loss 9.6905 | w [15.0, 8.0, 1.0] | train det 0.0274 seg 0.1053 cnt 8.4374
[stage1] epoch 86/100 step 4 | loss 5.3558 | w [15.0, 8.0, 1.0] | train det 0.0403 seg 0.1080 cnt 3.8869
[stage1] epoch 86/100 step 5 | loss 10.0385 | w [15.0, 8.0, 1.0] | train det 0.2919 seg 0.1901 cnt 4.1388
[stage1] epoch 86/100 step 6 | loss 7.0790 | w [15.0, 8.0, 1.0] | train det 0.0251 seg 0.0656 cnt 6.1776
[stage1] epoch 86/100 step 7 | loss 11.1961 | w [15.0, 8.0, 1.0] | train det 0.2632 seg 0.1268 cnt 6.2338
[stage1] epoch 86/100 step 8 | loss 5.8923 | w [15.0, 8.0, 1.0] | train det 0.0478 seg 0.0582 cnt 4.7097
[stage1] epoch 86/100 step 9 | loss 9.8403 | w [15.0, 8.0, 1.0] | train det 0.0768 seg 0.1179 cnt 7.7452
[stage1] epoch 86/100 step 10 | loss 10.3841 | w [15.0, 8.0, 1.0] | train det 0.1153 seg 0.0770 cnt 8.0386
[stage1] epoch 86/100 step 11 | loss 6.2854 | w [15.0, 8.0, 1.0] | train det 0.0504 seg 0.1200 cnt 4.5694
[stage1] epoch 86/100 step 12 | loss 6.3415 | w [15.0, 8.0, 1.0] | train det 0.0360 seg 0.1218 cnt 4.8263
[stage1] epoch 86/100 step 13 | loss 4.4712 | w [15.0, 8.0, 1.0] | train det 0.0523 seg 0.0337 cnt 3.4178
[stage1] epoch 86/100 step 14 | loss 6.4157 | w [15.0, 8.0, 1.0] | train det 0.0637 seg 0.1142 cnt 4.5465
[stage1] epoch 86/100 step 15 | loss 5.3881 | w [15.0, 8.0, 1.0] | train det 0.0843 seg 0.0901 cnt 3.4022
[stage1] epoch 86/100 step 16 | loss 3.4919 | w [15.0, 8.0, 1.0] | train det 0.0468 seg 0.1063 cnt 1.9391
[stage1] epoch 86/100 step 17 | loss 12.3066 | w [15.0, 8.0, 1.0] | train det 0.6196 seg 0.0854 cnt 2.3289
[stage1] epoch 86/100 step 18 | loss 8.3989 | w [15.0, 8.0, 1.0] | train det 0.0228 seg 0.0433 cnt 7.7094
[stage1] epoch 86/100 step 19 | loss 6.2432 | w [15.0, 8.0, 1.0] | train det 0.1345 seg 0.0637 cnt 3.7165
[stage1] epoch 86/100 step 20 | loss 4.5770 | w [15.0, 8.0, 1.0] | train det 0.0718 seg 0.0848 cnt 2.8211
[stage1] epoch 86/100 step 21 | loss 9.7773 | w [15.0, 8.0, 1.0] | train det 0.1946 seg 0.1541 cnt 5.6262
[stage1] epoch 86/100 step 22 | loss 6.6481 | w [15.0, 8.0, 1.0] | train det 0.0295 seg 0.1224 cnt 5.2261
[stage1] epoch 86/100 step 23 | loss 3.7280 | w [15.0, 8.0, 1.0] | train det 0.0481 seg 0.0947 cnt 2.2490
[stage1] epoch 86/100 step 24 | loss 4.6195 | w [15.0, 8.0, 1.0] | train det 0.0390 seg 0.0695 cnt 3.4791
[stage1] epoch 86/100 step 25 | loss 5.4798 | w [15.0, 8.0, 1.0] | train det 0.0504 seg 0.1350 cnt 3.6449
[stage1] epoch 86/100 step 26 | loss 9.3480 | w [15.0, 8.0, 1.0] | train det 0.1080 seg 0.1064 cnt 6.8773
[stage1] epoch 86/100 step 27 | loss 9.3182 | w [15.0, 8.0, 1.0] | train det 0.0834 seg 0.1200 cnt 7.1078
[stage1] epoch 86/100 step 28 | loss 11.5201 | w [15.0, 8.0, 1.0] | train det 0.4013 seg 0.2191 cnt 3.7477
[stage1] epoch 86/100 step 29 | loss 6.1209 | w [15.0, 8.0, 1.0] | train det 0.0698 seg 0.1498 cnt 3.8745
[stage1] epoch 86/100 step 30 | loss 8.6761 | w [15.0, 8.0, 1.0] | train det 0.0499 seg 0.2300 cnt 6.0877
[stage1] epoch 86/100 step 31 | loss 7.3048 | w [15.0, 8.0, 1.0] | train det 0.0537 seg 0.1600 cnt 5.2190
[stage1] epoch 86/100 step 32 | loss 6.2788 | w [15.0, 8.0, 1.0] | train det 0.0199 seg 0.1071 cnt 5.1239
[stage1] epoch 86/100 step 33 | loss 14.5915 | w [15.0, 8.0, 1.0] | train det 0.0749 seg 0.2856 cnt 11.1830
[stage1] epoch 86/100 step 34 | loss 9.2017 | w [15.0, 8.0, 1.0] | train det 0.0883 seg 0.0421 cnt 7.5404
[stage1] epoch 86/100 step 35 | loss 7.8249 | w [15.0, 8.0, 1.0] | train det 0.0489 seg 0.1818 cnt 5.6374
[stage1] epoch 86/100 step 36 | loss 9.0174 | w [15.0, 8.0, 1.0] | train det 0.0980 seg 0.1352 cnt 6.4651
[stage1] epoch 86/100 step 37 | loss 5.0939 | w [15.0, 8.0, 1.0] | train det 0.1427 seg 0.0741 cnt 2.3600
[stage1] epoch 86/100 step 38 | loss 6.1158 | w [15.0, 8.0, 1.0] | train det 0.0342 seg 0.1465 cnt 4.4315
[stage1] epoch 86/100 step 39 | loss 5.7976 | w [15.0, 8.0, 1.0] | train det 0.0306 seg 0.1373 cnt 4.2410
[stage1] epoch 86/100 step 40 | loss 3.3080 | w [15.0, 8.0, 1.0] | train det 0.0449 seg 0.0892 cnt 1.9201
[stage1] epoch 86/100 step 41 | loss 6.7926 | w [15.0, 8.0, 1.0] | train det 0.2515 seg 0.1595 cnt 1.7440
[stage1] epoch 86/100 step 42 | loss 5.3858 | w [15.0, 8.0, 1.0] | train det 0.0352 seg 0.0710 cnt 4.2890
[stage1] epoch 86/100 step 43 | loss 8.2999 | w [15.0, 8.0, 1.0] | train det 0.2779 seg 0.1651 cnt 2.8110
[stage1] epoch 86/100 | train 7.4124 | det 0.1051 seg 0.1181 cnt 4.8907
[stage1] epoch 86 | val det 0.4682 seg 1.0044 miou 0.6178 cnt 6.1415 dens 9.806440e-01 mae 5.1608 total_mae 37.4481 | ap50 0.5746 | combo 1.386213
[stage1] epoch 87/100 step 1 | loss 5.8342 | w [15.0, 8.0, 1.0] | train det 0.0706 seg 0.1108 cnt 3.8881
[stage1] epoch 87/100 step 2 | loss 5.2149 | w [15.0, 8.0, 1.0] | train det 0.0669 seg 0.2467 cnt 2.2375
[stage1] epoch 87/100 step 3 | loss 5.8634 | w [15.0, 8.0, 1.0] | train det 0.0539 seg 0.1290 cnt 4.0234
[stage1] epoch 87/100 step 4 | loss 4.5495 | w [15.0, 8.0, 1.0] | train det 0.0550 seg 0.1707 cnt 2.3583
[stage1] epoch 87/100 step 5 | loss 4.5950 | w [15.0, 8.0, 1.0] | train det 0.1001 seg 0.1603 cnt 1.8112
[stage1] epoch 87/100 step 6 | loss 8.8716 | w [15.0, 8.0, 1.0] | train det 0.1008 seg 0.1647 cnt 6.0419
[stage1] epoch 87/100 step 7 | loss 5.5695 | w [15.0, 8.0, 1.0] | train det 0.0682 seg 0.0463 cnt 4.1759
[stage1] epoch 87/100 step 8 | loss 4.3033 | w [15.0, 8.0, 1.0] | train det 0.0540 seg 0.0547 cnt 3.0566
[stage1] epoch 87/100 step 9 | loss 12.0167 | w [15.0, 8.0, 1.0] | train det 0.1218 seg 0.0944 cnt 9.4339
[stage1] epoch 87/100 step 10 | loss 4.2676 | w [15.0, 8.0, 1.0] | train det 0.1035 seg 0.0718 cnt 2.1407
[stage1] epoch 87/100 step 11 | loss 15.7234 | w [15.0, 8.0, 1.0] | train det 0.0580 seg 0.1001 cnt 14.0532
[stage1] epoch 87/100 step 12 | loss 4.2721 | w [15.0, 8.0, 1.0] | train det 0.0578 seg 0.0589 cnt 2.9343
[stage1] epoch 87/100 step 13 | loss 15.6385 | w [15.0, 8.0, 1.0] | train det 0.3885 seg 0.1090 cnt 8.9384
[stage1] epoch 87/100 step 14 | loss 4.3164 | w [15.0, 8.0, 1.0] | train det 0.0228 seg 0.0872 cnt 3.2770
[stage1] epoch 87/100 step 15 | loss 7.8621 | w [15.0, 8.0, 1.0] | train det 0.0333 seg 0.0849 cnt 6.6833
[stage1] epoch 87/100 step 16 | loss 4.3914 | w [15.0, 8.0, 1.0] | train det 0.0124 seg 0.1327 cnt 3.1439
[stage1] epoch 87/100 step 17 | loss 6.3384 | w [15.0, 8.0, 1.0] | train det 0.0996 seg 0.1383 cnt 3.7374
[stage1] epoch 87/100 step 18 | loss 5.7105 | w [15.0, 8.0, 1.0] | train det 0.0542 seg 0.1158 cnt 3.9717
[stage1] epoch 87/100 step 19 | loss 6.8524 | w [15.0, 8.0, 1.0] | train det 0.0334 seg 0.0412 cnt 6.0220
[stage1] epoch 87/100 step 20 | loss 6.0465 | w [15.0, 8.0, 1.0] | train det 0.0224 seg 0.0854 cnt 5.0264
[stage1] epoch 87/100 step 21 | loss 7.2605 | w [15.0, 8.0, 1.0] | train det 0.0661 seg 0.1412 cnt 5.1395
[stage1] epoch 87/100 step 22 | loss 4.0143 | w [15.0, 8.0, 1.0] | train det 0.0361 seg 0.1536 cnt 2.2436
[stage1] epoch 87/100 step 23 | loss 4.6787 | w [15.0, 8.0, 1.0] | train det 0.0716 seg 0.0270 cnt 3.3886
[stage1] epoch 87/100 step 24 | loss 5.4017 | w [15.0, 8.0, 1.0] | train det 0.1422 seg 0.0727 cnt 2.6875
[stage1] epoch 87/100 step 25 | loss 7.2124 | w [15.0, 8.0, 1.0] | train det 0.0582 seg 0.1271 cnt 5.3226
[stage1] epoch 87/100 step 26 | loss 3.9436 | w [15.0, 8.0, 1.0] | train det 0.0841 seg 0.0939 cnt 1.9306
[stage1] epoch 87/100 step 27 | loss 5.8852 | w [15.0, 8.0, 1.0] | train det 0.0846 seg 0.0780 cnt 3.9919
[stage1] epoch 87/100 step 28 | loss 13.2425 | w [15.0, 8.0, 1.0] | train det 0.5328 seg 0.2346 cnt 3.3733
[stage1] epoch 87/100 step 29 | loss 5.8147 | w [15.0, 8.0, 1.0] | train det 0.1092 seg 0.1665 cnt 2.8454
[stage1] epoch 87/100 step 30 | loss 7.8218 | w [15.0, 8.0, 1.0] | train det 0.0521 seg 0.0485 cnt 6.6523
[stage1] epoch 87/100 step 31 | loss 5.8528 | w [15.0, 8.0, 1.0] | train det 0.0326 seg 0.1007 cnt 4.5587
[stage1] epoch 87/100 step 32 | loss 4.7740 | w [15.0, 8.0, 1.0] | train det 0.0594 seg 0.0605 cnt 3.3994
[stage1] epoch 87/100 step 33 | loss 11.1710 | w [15.0, 8.0, 1.0] | train det 0.1749 seg 0.0608 cnt 8.0607
[stage1] epoch 87/100 step 34 | loss 7.6129 | w [15.0, 8.0, 1.0] | train det 0.3119 seg 0.0812 cnt 2.2846
[stage1] epoch 87/100 step 35 | loss 10.9485 | w [15.0, 8.0, 1.0] | train det 0.1511 seg 0.1094 cnt 7.8061
[stage1] epoch 87/100 step 36 | loss 6.9449 | w [15.0, 8.0, 1.0] | train det 0.2166 seg 0.0989 cnt 2.9047
[stage1] epoch 87/100 step 37 | loss 11.9675 | w [15.0, 8.0, 1.0] | train det 0.0743 seg 0.1157 cnt 9.9277
[stage1] epoch 87/100 step 38 | loss 5.9547 | w [15.0, 8.0, 1.0] | train det 0.0829 seg 0.1180 cnt 3.7669
[stage1] epoch 87/100 step 39 | loss 9.1187 | w [15.0, 8.0, 1.0] | train det 0.0513 seg 0.0816 cnt 7.6973
[stage1] epoch 87/100 step 40 | loss 6.3114 | w [15.0, 8.0, 1.0] | train det 0.0575 seg 0.0675 cnt 4.9093
[stage1] epoch 87/100 step 41 | loss 6.3818 | w [15.0, 8.0, 1.0] | train det 0.1197 seg 0.1492 cnt 3.3926
[stage1] epoch 87/100 step 42 | loss 5.9597 | w [15.0, 8.0, 1.0] | train det 0.0614 seg 0.1129 cnt 4.1359
[stage1] epoch 87/100 step 43 | loss 6.5836 | w [15.0, 8.0, 1.0] | train det 0.0665 seg 0.1313 cnt 4.5353
[stage1] epoch 87/100 | train 7.0487 | det 0.0994 seg 0.1078 cnt 4.6956
[stage1] epoch 87 | val det 0.4761 seg 1.0089 miou 0.6138 cnt 8.8930 dens 9.828820e-01 mae 7.9101 total_mae 49.1610 | ap50 0.5680 | combo 1.308224
[stage1] epoch 88/100 step 1 | loss 6.2415 | w [15.0, 8.0, 1.0] | train det 0.0803 seg 0.0978 cnt 4.2542
[stage1] epoch 88/100 step 2 | loss 5.4945 | w [15.0, 8.0, 1.0] | train det 0.0975 seg 0.1851 cnt 2.5517
[stage1] epoch 88/100 step 3 | loss 2.7542 | w [15.0, 8.0, 1.0] | train det 0.0317 seg 0.0602 cnt 1.7979
[stage1] epoch 88/100 step 4 | loss 5.8660 | w [15.0, 8.0, 1.0] | train det 0.1070 seg 0.1332 cnt 3.1954
[stage1] epoch 88/100 step 5 | loss 5.2276 | w [15.0, 8.0, 1.0] | train det 0.0434 seg 0.1164 cnt 3.6450
[stage1] epoch 88/100 step 6 | loss 7.2693 | w [15.0, 8.0, 1.0] | train det 0.0829 seg 0.0510 cnt 5.6172
[stage1] epoch 88/100 step 7 | loss 3.7290 | w [15.0, 8.0, 1.0] | train det 0.0589 seg 0.0859 cnt 2.1582
[stage1] epoch 88/100 step 8 | loss 4.8804 | w [15.0, 8.0, 1.0] | train det 0.0467 seg 0.1769 cnt 2.7641
[stage1] epoch 88/100 step 9 | loss 7.2774 | w [15.0, 8.0, 1.0] | train det 0.1247 seg 0.1317 cnt 4.3531
[stage1] epoch 88/100 step 10 | loss 4.3774 | w [15.0, 8.0, 1.0] | train det 0.0414 seg 0.0430 cnt 3.4122
[stage1] epoch 88/100 step 11 | loss 11.6598 | w [15.0, 8.0, 1.0] | train det 0.0529 seg 0.1408 cnt 9.7401
[stage1] epoch 88/100 step 12 | loss 11.2288 | w [15.0, 8.0, 1.0] | train det 0.0774 seg 0.0972 cnt 9.2896
[stage1] epoch 88/100 step 13 | loss 2.9633 | w [15.0, 8.0, 1.0] | train det 0.0187 seg 0.0481 cnt 2.2980
[stage1] epoch 88/100 step 14 | loss 7.5203 | w [15.0, 8.0, 1.0] | train det 0.0229 seg 0.1089 cnt 6.3057
[stage1] epoch 88/100 step 15 | loss 7.3494 | w [15.0, 8.0, 1.0] | train det 0.0503 seg 0.0287 cnt 6.3654
[stage1] epoch 88/100 step 16 | loss 5.6654 | w [15.0, 8.0, 1.0] | train det 0.0260 seg 0.1500 cnt 4.0759
[stage1] epoch 88/100 step 17 | loss 4.4377 | w [15.0, 8.0, 1.0] | train det 0.0272 seg 0.0722 cnt 3.4527
[stage1] epoch 88/100 step 18 | loss 9.9926 | w [15.0, 8.0, 1.0] | train det 0.1042 seg 0.0288 cnt 8.1989
[stage1] epoch 88/100 step 19 | loss 8.9009 | w [15.0, 8.0, 1.0] | train det 0.0777 seg 0.1143 cnt 6.8206
[stage1] epoch 88/100 step 20 | loss 9.7209 | w [15.0, 8.0, 1.0] | train det 0.1635 seg 0.0930 cnt 6.5245
[stage1] epoch 88/100 step 21 | loss 4.9956 | w [15.0, 8.0, 1.0] | train det 0.0561 seg 0.1318 cnt 3.0991
[stage1] epoch 88/100 step 22 | loss 30.7923 | w [15.0, 8.0, 1.0] | train det 0.0215 seg 0.0920 cnt 29.7339
[stage1] epoch 88/100 step 23 | loss 2.9179 | w [15.0, 8.0, 1.0] | train det 0.0374 seg 0.1296 cnt 1.3204
[stage1] epoch 88/100 step 24 | loss 4.5965 | w [15.0, 8.0, 1.0] | train det 0.0378 seg 0.1028 cnt 3.2076
[stage1] epoch 88/100 step 25 | loss 5.2203 | w [15.0, 8.0, 1.0] | train det 0.0273 seg 0.1190 cnt 3.8586
[stage1] epoch 88/100 step 26 | loss 3.7160 | w [15.0, 8.0, 1.0] | train det 0.0262 seg 0.0762 cnt 2.7143
[stage1] epoch 88/100 step 27 | loss 6.0682 | w [15.0, 8.0, 1.0] | train det 0.2850 seg 0.0374 cnt 1.4934
[stage1] epoch 88/100 step 28 | loss 6.7885 | w [15.0, 8.0, 1.0] | train det 0.1602 seg 0.0719 cnt 3.8109
[stage1] epoch 88/100 step 29 | loss 6.5232 | w [15.0, 8.0, 1.0] | train det 0.0662 seg 0.1506 cnt 4.3255
[stage1] epoch 88/100 step 30 | loss 6.6565 | w [15.0, 8.0, 1.0] | train det 0.0588 seg 0.0980 cnt 4.9903
[stage1] epoch 88/100 step 31 | loss 5.5949 | w [15.0, 8.0, 1.0] | train det 0.0740 seg 0.2543 cnt 2.4510
[stage1] epoch 88/100 step 32 | loss 4.6761 | w [15.0, 8.0, 1.0] | train det 0.0499 seg 0.1513 cnt 2.7172
[stage1] epoch 88/100 step 33 | loss 7.3721 | w [15.0, 8.0, 1.0] | train det 0.0856 seg 0.2441 cnt 4.1355
[stage1] epoch 88/100 step 34 | loss 3.4688 | w [15.0, 8.0, 1.0] | train det 0.0564 seg 0.0778 cnt 2.0002
[stage1] epoch 88/100 step 35 | loss 7.0931 | w [15.0, 8.0, 1.0] | train det 0.0343 seg 0.0996 cnt 5.7819
[stage1] epoch 88/100 step 36 | loss 5.3296 | w [15.0, 8.0, 1.0] | train det 0.0219 seg 0.1265 cnt 3.9897
[stage1] epoch 88/100 step 37 | loss 3.6960 | w [15.0, 8.0, 1.0] | train det 0.0599 seg 0.0639 cnt 2.2873
[stage1] epoch 88/100 step 38 | loss 7.6841 | w [15.0, 8.0, 1.0] | train det 0.0960 seg 0.0607 cnt 5.7579
[stage1] epoch 88/100 step 39 | loss 4.9852 | w [15.0, 8.0, 1.0] | train det 0.0168 seg 0.0887 cnt 4.0239
[stage1] epoch 88/100 step 40 | loss 6.0673 | w [15.0, 8.0, 1.0] | train det 0.0751 seg 0.0764 cnt 4.3294
[stage1] epoch 88/100 step 41 | loss 4.0397 | w [15.0, 8.0, 1.0] | train det 0.0395 seg 0.1664 cnt 2.1165
[stage1] epoch 88/100 step 42 | loss 8.1801 | w [15.0, 8.0, 1.0] | train det 0.0555 seg 0.0942 cnt 6.5933
[stage1] epoch 88/100 step 43 | loss 6.9684 | w [15.0, 8.0, 1.0] | train det 0.0456 seg 0.1129 cnt 5.3817
[stage1] epoch 88/100 | train 6.6509 | det 0.0656 seg 0.1067 cnt 4.8126
[stage1] epoch 88 | val det 0.4602 seg 1.0265 miou 0.6132 cnt 5.0299 dens 9.702241e-01 mae 4.0597 total_mae 19.5544 | ap50 0.5737 | combo 1.433262
[stage1] epoch 89/100 step 1 | loss 12.9801 | w [15.0, 8.0, 1.0] | train det 0.0529 seg 0.2450 cnt 10.2272
[stage1] epoch 89/100 step 2 | loss 9.5580 | w [15.0, 8.0, 1.0] | train det 0.0544 seg 0.1524 cnt 7.5220
[stage1] epoch 89/100 step 3 | loss 9.6107 | w [15.0, 8.0, 1.0] | train det 0.1138 seg 0.1832 cnt 6.4380
[stage1] epoch 89/100 step 4 | loss 7.0680 | w [15.0, 8.0, 1.0] | train det 0.1027 seg 0.0911 cnt 4.7985
[stage1] epoch 89/100 step 5 | loss 6.8072 | w [15.0, 8.0, 1.0] | train det 0.1159 seg 0.0970 cnt 4.2933
[stage1] epoch 89/100 step 6 | loss 4.1215 | w [15.0, 8.0, 1.0] | train det 0.0673 seg 0.0724 cnt 2.5332
[stage1] epoch 89/100 step 7 | loss 12.3115 | w [15.0, 8.0, 1.0] | train det 0.2413 seg 0.0299 cnt 8.4533
[stage1] epoch 89/100 step 8 | loss 7.3339 | w [15.0, 8.0, 1.0] | train det 0.0519 seg 0.1204 cnt 5.5930
[stage1] epoch 89/100 step 9 | loss 4.4687 | w [15.0, 8.0, 1.0] | train det 0.0754 seg 0.1144 cnt 2.4231
[stage1] epoch 89/100 step 10 | loss 5.1034 | w [15.0, 8.0, 1.0] | train det 0.0411 seg 0.1050 cnt 3.6469
[stage1] epoch 89/100 step 11 | loss 6.2247 | w [15.0, 8.0, 1.0] | train det 0.0497 seg 0.0886 cnt 4.7699
[stage1] epoch 89/100 step 12 | loss 6.4388 | w [15.0, 8.0, 1.0] | train det 0.0383 seg 0.2095 cnt 4.1884
[stage1] epoch 89/100 step 13 | loss 9.0324 | w [15.0, 8.0, 1.0] | train det 0.0229 seg 0.0394 cnt 8.3729
[stage1] epoch 89/100 step 14 | loss 5.5335 | w [15.0, 8.0, 1.0] | train det 0.0328 seg 0.0458 cnt 4.6760
[stage1] epoch 89/100 step 15 | loss 9.3487 | w [15.0, 8.0, 1.0] | train det 0.2414 seg 0.0890 cnt 5.0164
[stage1] epoch 89/100 step 16 | loss 7.9298 | w [15.0, 8.0, 1.0] | train det 0.0988 seg 0.1656 cnt 5.1227
[stage1] epoch 89/100 step 17 | loss 6.3071 | w [15.0, 8.0, 1.0] | train det 0.1100 seg 0.1028 cnt 3.8347
[stage1] epoch 89/100 step 18 | loss 7.0651 | w [15.0, 8.0, 1.0] | train det 0.1833 seg 0.1329 cnt 3.2523
[stage1] epoch 89/100 step 19 | loss 6.8599 | w [15.0, 8.0, 1.0] | train det 0.0430 seg 0.1308 cnt 5.1685
[stage1] epoch 89/100 step 20 | loss 6.5387 | w [15.0, 8.0, 1.0] | train det 0.0280 seg 0.0449 cnt 5.7602
[stage1] epoch 89/100 step 21 | loss 4.1216 | w [15.0, 8.0, 1.0] | train det 0.0102 seg 0.0631 cnt 3.4635
[stage1] epoch 89/100 step 22 | loss 8.5136 | w [15.0, 8.0, 1.0] | train det 0.0248 seg 0.1084 cnt 7.2748
[stage1] epoch 89/100 step 23 | loss 8.7947 | w [15.0, 8.0, 1.0] | train det 0.0595 seg 0.1718 cnt 6.5274
[stage1] epoch 89/100 step 24 | loss 8.4748 | w [15.0, 8.0, 1.0] | train det 0.0805 seg 0.1041 cnt 6.4337
[stage1] epoch 89/100 step 25 | loss 10.3817 | w [15.0, 8.0, 1.0] | train det 0.0371 seg 0.2149 cnt 8.1060
[stage1] epoch 89/100 step 26 | loss 6.1772 | w [15.0, 8.0, 1.0] | train det 0.0220 seg 0.1061 cnt 4.9980
[stage1] epoch 89/100 step 27 | loss 4.7772 | w [15.0, 8.0, 1.0] | train det 0.0262 seg 0.1205 cnt 3.4201
[stage1] epoch 89/100 step 28 | loss 6.6073 | w [15.0, 8.0, 1.0] | train det 0.0458 seg 0.1541 cnt 4.6870
[stage1] epoch 89/100 step 29 | loss 5.4969 | w [15.0, 8.0, 1.0] | train det 0.0258 seg 0.0681 cnt 4.5647
[stage1] epoch 89/100 step 30 | loss 3.7395 | w [15.0, 8.0, 1.0] | train det 0.0133 seg 0.1468 cnt 2.3664
[stage1] epoch 89/100 step 31 | loss 9.3830 | w [15.0, 8.0, 1.0] | train det 0.0394 seg 0.1292 cnt 7.7581
[stage1] epoch 89/100 step 32 | loss 7.0414 | w [15.0, 8.0, 1.0] | train det 0.0571 seg 0.0395 cnt 5.8687
[stage1] epoch 89/100 step 33 | loss 4.1436 | w [15.0, 8.0, 1.0] | train det 0.0434 seg 0.0994 cnt 2.6971
[stage1] epoch 89/100 step 34 | loss 5.2151 | w [15.0, 8.0, 1.0] | train det 0.0318 seg 0.0955 cnt 3.9731
[stage1] epoch 89/100 step 35 | loss 9.2873 | w [15.0, 8.0, 1.0] | train det 0.1896 seg 0.2206 cnt 4.6778
[stage1] epoch 89/100 step 36 | loss 4.7958 | w [15.0, 8.0, 1.0] | train det 0.0131 seg 0.0762 cnt 3.9898
[stage1] epoch 89/100 step 37 | loss 9.0361 | w [15.0, 8.0, 1.0] | train det 0.0340 seg 0.0666 cnt 7.9932
[stage1] epoch 89/100 step 38 | loss 5.5466 | w [15.0, 8.0, 1.0] | train det 0.0526 seg 0.1074 cnt 3.8982
[stage1] epoch 89/100 step 39 | loss 7.5123 | w [15.0, 8.0, 1.0] | train det 0.0910 seg 0.1513 cnt 4.9368
[stage1] epoch 89/100 step 40 | loss 6.9501 | w [15.0, 8.0, 1.0] | train det 0.0856 seg 0.1171 cnt 4.7294
[stage1] epoch 89/100 step 41 | loss 5.9803 | w [15.0, 8.0, 1.0] | train det 0.0924 seg 0.0565 cnt 4.1430
[stage1] epoch 89/100 step 42 | loss 5.6195 | w [15.0, 8.0, 1.0] | train det 0.0456 seg 0.1426 cnt 3.7952
[stage1] epoch 89/100 step 43 | loss 10.6783 | w [15.0, 8.0, 1.0] | train det 0.2258 seg 0.2437 cnt 5.3421
[stage1] epoch 89/100 | train 7.1841 | det 0.0724 seg 0.1178 cnt 5.1566
[stage1] epoch 89 | val det 0.4627 seg 1.0399 miou 0.6184 cnt 8.2410 dens 9.835951e-01 mae 7.2574 total_mae 43.9242 | ap50 0.5743 | combo 1.330521
[stage1] epoch 90/100 step 1 | loss 7.6843 | w [15.0, 8.0, 1.0] | train det 0.0826 seg 0.2278 cnt 4.6219
[stage1] epoch 90/100 step 2 | loss 5.5142 | w [15.0, 8.0, 1.0] | train det 0.0215 seg 0.0298 cnt 4.9538
[stage1] epoch 90/100 step 3 | loss 3.9188 | w [15.0, 8.0, 1.0] | train det 0.0120 seg 0.0919 cnt 3.0029
[stage1] epoch 90/100 step 4 | loss 4.6232 | w [15.0, 8.0, 1.0] | train det 0.0300 seg 0.0892 cnt 3.4593
[stage1] epoch 90/100 step 5 | loss 7.3598 | w [15.0, 8.0, 1.0] | train det 0.0749 seg 0.1246 cnt 5.2401
[stage1] epoch 90/100 step 6 | loss 4.6420 | w [15.0, 8.0, 1.0] | train det 0.0358 seg 0.1391 cnt 2.9930
[stage1] epoch 90/100 step 7 | loss 5.6715 | w [15.0, 8.0, 1.0] | train det 0.0238 seg 0.1295 cnt 4.2776
[stage1] epoch 90/100 step 8 | loss 6.4494 | w [15.0, 8.0, 1.0] | train det 0.0188 seg 0.0830 cnt 5.5040
[stage1] epoch 90/100 step 9 | loss 6.3968 | w [15.0, 8.0, 1.0] | train det 0.0506 seg 0.1104 cnt 4.7544
[stage1] epoch 90/100 step 10 | loss 7.3065 | w [15.0, 8.0, 1.0] | train det 0.2128 seg 0.1365 cnt 3.0227
[stage1] epoch 90/100 step 11 | loss 4.1467 | w [15.0, 8.0, 1.0] | train det 0.0121 seg 0.1136 cnt 3.0565
[stage1] epoch 90/100 step 12 | loss 5.2625 | w [15.0, 8.0, 1.0] | train det 0.0401 seg 0.1174 cnt 3.7210
[stage1] epoch 90/100 step 13 | loss 4.0386 | w [15.0, 8.0, 1.0] | train det 0.0362 seg 0.1109 cnt 2.6091
[stage1] epoch 90/100 step 14 | loss 2.9606 | w [15.0, 8.0, 1.0] | train det 0.0332 seg 0.1077 cnt 1.6009
[stage1] epoch 90/100 step 15 | loss 5.1643 | w [15.0, 8.0, 1.0] | train det 0.0255 seg 0.1135 cnt 3.8745
[stage1] epoch 90/100 step 16 | loss 4.1034 | w [15.0, 8.0, 1.0] | train det 0.0191 seg 0.1452 cnt 2.6553
[stage1] epoch 90/100 step 17 | loss 5.9506 | w [15.0, 8.0, 1.0] | train det 0.0750 seg 0.0428 cnt 4.4835
[stage1] epoch 90/100 step 18 | loss 2.0827 | w [15.0, 8.0, 1.0] | train det 0.0082 seg 0.0546 cnt 1.5223
[stage1] epoch 90/100 step 19 | loss 4.5851 | w [15.0, 8.0, 1.0] | train det 0.0336 seg 0.1228 cnt 3.0986
[stage1] epoch 90/100 step 20 | loss 13.9501 | w [15.0, 8.0, 1.0] | train det 0.0129 seg 0.1118 cnt 12.8630
[stage1] epoch 90/100 step 21 | loss 5.2306 | w [15.0, 8.0, 1.0] | train det 0.0468 seg 0.0532 cnt 4.1028
[stage1] epoch 90/100 step 22 | loss 9.0994 | w [15.0, 8.0, 1.0] | train det 0.0177 seg 0.1098 cnt 7.9548
[stage1] epoch 90/100 step 23 | loss 4.6274 | w [15.0, 8.0, 1.0] | train det 0.0125 seg 0.1258 cnt 3.4328
[stage1] epoch 90/100 step 24 | loss 4.2964 | w [15.0, 8.0, 1.0] | train det 0.0312 seg 0.0959 cnt 3.0610
[stage1] epoch 90/100 step 25 | loss 4.5134 | w [15.0, 8.0, 1.0] | train det 0.0263 seg 0.0942 cnt 3.3656
[stage1] epoch 90/100 step 26 | loss 7.6501 | w [15.0, 8.0, 1.0] | train det 0.1037 seg 0.0803 cnt 5.4516
[stage1] epoch 90/100 step 27 | loss 4.6943 | w [15.0, 8.0, 1.0] | train det 0.0381 seg 0.1538 cnt 2.8923
[stage1] epoch 90/100 step 28 | loss 3.3890 | w [15.0, 8.0, 1.0] | train det 0.0284 seg 0.0810 cnt 2.3146
[stage1] epoch 90/100 step 29 | loss 5.7081 | w [15.0, 8.0, 1.0] | train det 0.0918 seg 0.0612 cnt 3.8411
[stage1] epoch 90/100 step 30 | loss 8.4352 | w [15.0, 8.0, 1.0] | train det 0.2638 seg 0.1165 cnt 3.5465
[stage1] epoch 90/100 step 31 | loss 6.4080 | w [15.0, 8.0, 1.0] | train det 0.1195 seg 0.2270 cnt 2.7992
[stage1] epoch 90/100 step 32 | loss 6.3353 | w [15.0, 8.0, 1.0] | train det 0.0781 seg 0.0883 cnt 4.4565
[stage1] epoch 90/100 step 33 | loss 6.7345 | w [15.0, 8.0, 1.0] | train det 0.0484 seg 0.1172 cnt 5.0707
[stage1] epoch 90/100 step 34 | loss 2.5141 | w [15.0, 8.0, 1.0] | train det 0.0357 seg 0.0495 cnt 1.5825
[stage1] epoch 90/100 step 35 | loss 4.7968 | w [15.0, 8.0, 1.0] | train det 0.0431 seg 0.0787 cnt 3.5211
[stage1] epoch 90/100 step 36 | loss 6.0854 | w [15.0, 8.0, 1.0] | train det 0.0546 seg 0.1234 cnt 4.2791
[stage1] epoch 90/100 step 37 | loss 5.4604 | w [15.0, 8.0, 1.0] | train det 0.0882 seg 0.1334 cnt 3.0709
[stage1] epoch 90/100 step 38 | loss 3.1473 | w [15.0, 8.0, 1.0] | train det 0.0273 seg 0.0988 cnt 1.9483
[stage1] epoch 90/100 step 39 | loss 3.2136 | w [15.0, 8.0, 1.0] | train det 0.0164 seg 0.1177 cnt 2.0258
[stage1] epoch 90/100 step 40 | loss 3.4981 | w [15.0, 8.0, 1.0] | train det 0.0305 seg 0.0577 cnt 2.5784
[stage1] epoch 90/100 step 41 | loss 6.4039 | w [15.0, 8.0, 1.0] | train det 0.0672 seg 0.0796 cnt 4.7589
[stage1] epoch 90/100 step 42 | loss 2.9453 | w [15.0, 8.0, 1.0] | train det 0.0518 seg 0.0751 cnt 1.5670
[stage1] epoch 90/100 step 43 | loss 4.3287 | w [15.0, 8.0, 1.0] | train det 0.0362 seg 0.0944 cnt 3.0309
[stage1] epoch 90/100 | train 5.3797 | det 0.0515 seg 0.1050 cnt 3.7667
[stage1] epoch 90 | val det 0.4973 seg 1.0493 miou 0.6181 cnt 5.1332 dens 9.796194e-01 mae 4.1536 total_mae 22.1333 | ap50 0.5684 | combo 1.427303
[stage1] epoch 91/100 step 1 | loss 13.6554 | w [15.0, 8.0, 1.0] | train det 0.1331 seg 0.1069 cnt 10.8030
[stage1] epoch 91/100 step 2 | loss 4.8196 | w [15.0, 8.0, 1.0] | train det 0.0614 seg 0.0816 cnt 3.2450
[stage1] epoch 91/100 step 3 | loss 6.2369 | w [15.0, 8.0, 1.0] | train det 0.0425 seg 0.0869 cnt 4.9046
[stage1] epoch 91/100 step 4 | loss 4.5654 | w [15.0, 8.0, 1.0] | train det 0.0264 seg 0.0882 cnt 3.4634
[stage1] epoch 91/100 step 5 | loss 6.0425 | w [15.0, 8.0, 1.0] | train det 0.0281 seg 0.0437 cnt 5.2713
[stage1] epoch 91/100 step 6 | loss 9.0805 | w [15.0, 8.0, 1.0] | train det 0.1062 seg 0.0989 cnt 6.6960
[stage1] epoch 91/100 step 7 | loss 6.5709 | w [15.0, 8.0, 1.0] | train det 0.0371 seg 0.1326 cnt 4.9529
[stage1] epoch 91/100 step 8 | loss 4.9266 | w [15.0, 8.0, 1.0] | train det 0.0575 seg 0.0400 cnt 3.7438
[stage1] epoch 91/100 step 9 | loss 3.3693 | w [15.0, 8.0, 1.0] | train det 0.0391 seg 0.0886 cnt 2.0750
[stage1] epoch 91/100 step 10 | loss 6.5879 | w [15.0, 8.0, 1.0] | train det 0.0678 seg 0.1055 cnt 4.7261
[stage1] epoch 91/100 step 11 | loss 6.8213 | w [15.0, 8.0, 1.0] | train det 0.0306 seg 0.0825 cnt 5.7022
[stage1] epoch 91/100 step 12 | loss 5.9522 | w [15.0, 8.0, 1.0] | train det 0.0511 seg 0.0761 cnt 4.5766
[stage1] epoch 91/100 step 13 | loss 3.6887 | w [15.0, 8.0, 1.0] | train det 0.0404 seg 0.1319 cnt 2.0281
[stage1] epoch 91/100 step 14 | loss 6.9168 | w [15.0, 8.0, 1.0] | train det 0.0334 seg 0.0578 cnt 5.9530
[stage1] epoch 91/100 step 15 | loss 7.7894 | w [15.0, 8.0, 1.0] | train det 0.1054 seg 0.1873 cnt 4.7093
[stage1] epoch 91/100 step 16 | loss 4.0157 | w [15.0, 8.0, 1.0] | train det 0.0428 seg 0.1239 cnt 2.3821
[stage1] epoch 91/100 step 17 | loss 3.9265 | w [15.0, 8.0, 1.0] | train det 0.0261 seg 0.0941 cnt 2.7816
[stage1] epoch 91/100 step 18 | loss 5.3548 | w [15.0, 8.0, 1.0] | train det 0.0907 seg 0.0709 cnt 3.4276
[stage1] epoch 91/100 step 19 | loss 11.5103 | w [15.0, 8.0, 1.0] | train det 0.2416 seg 0.0615 cnt 7.3945
[stage1] epoch 91/100 step 20 | loss 8.5561 | w [15.0, 8.0, 1.0] | train det 0.2090 seg 0.0363 cnt 5.1298
[stage1] epoch 91/100 step 21 | loss 4.5245 | w [15.0, 8.0, 1.0] | train det 0.0570 seg 0.1181 cnt 2.7250
[stage1] epoch 91/100 step 22 | loss 6.4961 | w [15.0, 8.0, 1.0] | train det 0.0263 seg 0.0601 cnt 5.6216
[stage1] epoch 91/100 step 23 | loss 3.6162 | w [15.0, 8.0, 1.0] | train det 0.0846 seg 0.0316 cnt 2.0944
[stage1] epoch 91/100 step 24 | loss 7.9483 | w [15.0, 8.0, 1.0] | train det 0.3234 seg 0.0735 cnt 2.5096
[stage1] epoch 91/100 step 25 | loss 13.5605 | w [15.0, 8.0, 1.0] | train det 0.0636 seg 0.2017 cnt 10.9930
[stage1] epoch 91/100 step 26 | loss 3.8056 | w [15.0, 8.0, 1.0] | train det 0.0220 seg 0.0787 cnt 2.8453
[stage1] epoch 91/100 step 27 | loss 7.4498 | w [15.0, 8.0, 1.0] | train det 0.1330 seg 0.1247 cnt 4.4565
[stage1] epoch 91/100 step 28 | loss 8.7252 | w [15.0, 8.0, 1.0] | train det 0.2636 seg 0.0609 cnt 4.2844
[stage1] epoch 91/100 step 29 | loss 5.6218 | w [15.0, 8.0, 1.0] | train det 0.0334 seg 0.1008 cnt 4.3148
[stage1] epoch 91/100 step 30 | loss 8.0648 | w [15.0, 8.0, 1.0] | train det 0.0209 seg 0.0934 cnt 7.0032
[stage1] epoch 91/100 step 31 | loss 5.7630 | w [15.0, 8.0, 1.0] | train det 0.0525 seg 0.0820 cnt 4.3193
[stage1] epoch 91/100 step 32 | loss 5.7118 | w [15.0, 8.0, 1.0] | train det 0.0738 seg 0.1578 cnt 3.3435
[stage1] epoch 91/100 step 33 | loss 4.7293 | w [15.0, 8.0, 1.0] | train det 0.0423 seg 0.1065 cnt 3.2427
[stage1] epoch 91/100 step 34 | loss 4.4746 | w [15.0, 8.0, 1.0] | train det 0.0275 seg 0.0739 cnt 3.4714
[stage1] epoch 91/100 step 35 | loss 6.2396 | w [15.0, 8.0, 1.0] | train det 0.0407 seg 0.1030 cnt 4.8051
[stage1] epoch 91/100 step 36 | loss 8.1472 | w [15.0, 8.0, 1.0] | train det 0.0875 seg 0.1466 cnt 5.6622
[stage1] epoch 91/100 step 37 | loss 4.8455 | w [15.0, 8.0, 1.0] | train det 0.1461 seg 0.1270 cnt 1.6384
[stage1] epoch 91/100 step 38 | loss 7.6754 | w [15.0, 8.0, 1.0] | train det 0.0544 seg 0.1927 cnt 5.3173
[stage1] epoch 91/100 step 39 | loss 7.3032 | w [15.0, 8.0, 1.0] | train det 0.0412 seg 0.1489 cnt 5.4943
[stage1] epoch 91/100 step 40 | loss 2.7910 | w [15.0, 8.0, 1.0] | train det 0.0210 seg 0.1210 cnt 1.5083
[stage1] epoch 91/100 step 41 | loss 4.4236 | w [15.0, 8.0, 1.0] | train det 0.0487 seg 0.1008 cnt 2.8864
[stage1] epoch 91/100 step 42 | loss 6.7346 | w [15.0, 8.0, 1.0] | train det 0.1433 seg 0.0685 cnt 4.0375
[stage1] epoch 91/100 step 43 | loss 7.9463 | w [15.0, 8.0, 1.0] | train det 0.0385 seg 0.0356 cnt 7.0830
[stage1] epoch 91/100 | train 6.4415 | det 0.0771 seg 0.0977 cnt 4.5029
[stage1] epoch 91 | val det 0.4822 seg 1.0277 miou 0.6207 cnt 5.2792 dens 9.721178e-01 mae 4.3071 total_mae 20.8530 | ap50 0.5732 | combo 1.426073
[stage1] epoch 92/100 step 1 | loss 5.1637 | w [15.0, 8.0, 1.0] | train det 0.0367 seg 0.1027 cnt 3.7914
[stage1] epoch 92/100 step 2 | loss 13.8849 | w [15.0, 8.0, 1.0] | train det 0.0992 seg 0.1537 cnt 11.1678
[stage1] epoch 92/100 step 3 | loss 5.9000 | w [15.0, 8.0, 1.0] | train det 0.0211 seg 0.0820 cnt 4.9284
[stage1] epoch 92/100 step 4 | loss 12.2313 | w [15.0, 8.0, 1.0] | train det 0.4940 seg 0.1575 cnt 3.5610
[stage1] epoch 92/100 step 5 | loss 5.0706 | w [15.0, 8.0, 1.0] | train det 0.1133 seg 0.1067 cnt 2.5186
[stage1] epoch 92/100 step 6 | loss 4.6006 | w [15.0, 8.0, 1.0] | train det 0.0757 seg 0.1253 cnt 2.4622
[stage1] epoch 92/100 step 7 | loss 11.8360 | w [15.0, 8.0, 1.0] | train det 0.0986 seg 0.0776 cnt 9.7360
[stage1] epoch 92/100 step 8 | loss 2.9082 | w [15.0, 8.0, 1.0] | train det 0.0281 seg 0.0533 cnt 2.0604
[stage1] epoch 92/100 step 9 | loss 6.1935 | w [15.0, 8.0, 1.0] | train det 0.0632 seg 0.1006 cnt 4.4415
[stage1] epoch 92/100 step 10 | loss 11.2997 | w [15.0, 8.0, 1.0] | train det 0.5053 seg 0.0772 cnt 3.1019
[stage1] epoch 92/100 step 11 | loss 6.0147 | w [15.0, 8.0, 1.0] | train det 0.0347 seg 0.1473 cnt 4.3156
[stage1] epoch 92/100 step 12 | loss 6.8744 | w [15.0, 8.0, 1.0] | train det 0.0521 seg 0.0831 cnt 5.4282
[stage1] epoch 92/100 step 13 | loss 9.3195 | w [15.0, 8.0, 1.0] | train det 0.4199 seg 0.1034 cnt 2.1934
[stage1] epoch 92/100 step 14 | loss 4.2556 | w [15.0, 8.0, 1.0] | train det 0.0539 seg 0.1689 cnt 2.0963
[stage1] epoch 92/100 step 15 | loss 4.6404 | w [15.0, 8.0, 1.0] | train det 0.0616 seg 0.0900 cnt 2.9962
[stage1] epoch 92/100 step 16 | loss 10.9898 | w [15.0, 8.0, 1.0] | train det 0.1425 seg 0.0783 cnt 8.2256
[stage1] epoch 92/100 step 17 | loss 3.1043 | w [15.0, 8.0, 1.0] | train det 0.0316 seg 0.0569 cnt 2.1759
[stage1] epoch 92/100 step 18 | loss 5.1987 | w [15.0, 8.0, 1.0] | train det 0.0993 seg 0.1033 cnt 2.8819
[stage1] epoch 92/100 step 19 | loss 7.1824 | w [15.0, 8.0, 1.0] | train det 0.0397 seg 0.1453 cnt 5.4249
[stage1] epoch 92/100 step 20 | loss 9.7569 | w [15.0, 8.0, 1.0] | train det 0.0594 seg 0.0995 cnt 8.0700
[stage1] epoch 92/100 step 21 | loss 4.9093 | w [15.0, 8.0, 1.0] | train det 0.0458 seg 0.0436 cnt 3.8730
[stage1] epoch 92/100 step 22 | loss 4.7686 | w [15.0, 8.0, 1.0] | train det 0.0853 seg 0.0686 cnt 2.9401
[stage1] epoch 92/100 step 23 | loss 5.0104 | w [15.0, 8.0, 1.0] | train det 0.0602 seg 0.1414 cnt 2.9756
[stage1] epoch 92/100 step 24 | loss 8.1140 | w [15.0, 8.0, 1.0] | train det 0.3526 seg 0.1057 cnt 1.9787
[stage1] epoch 92/100 step 25 | loss 5.1826 | w [15.0, 8.0, 1.0] | train det 0.0577 seg 0.0628 cnt 3.8150
[stage1] epoch 92/100 step 26 | loss 10.1498 | w [15.0, 8.0, 1.0] | train det 0.0210 seg 0.0717 cnt 9.2612
[stage1] epoch 92/100 step 27 | loss 6.3829 | w [15.0, 8.0, 1.0] | train det 0.0318 seg 0.0517 cnt 5.4922
[stage1] epoch 92/100 step 28 | loss 4.7580 | w [15.0, 8.0, 1.0] | train det 0.0381 seg 0.1145 cnt 3.2696
[stage1] epoch 92/100 step 29 | loss 9.9459 | w [15.0, 8.0, 1.0] | train det 0.4378 seg 0.0819 cnt 2.7240
[stage1] epoch 92/100 step 30 | loss 7.6746 | w [15.0, 8.0, 1.0] | train det 0.2483 seg 0.1319 cnt 2.8945
[stage1] epoch 92/100 step 31 | loss 12.5822 | w [15.0, 8.0, 1.0] | train det 0.0986 seg 0.1698 cnt 9.7449
[stage1] epoch 92/100 step 32 | loss 4.1052 | w [15.0, 8.0, 1.0] | train det 0.0600 seg 0.1617 cnt 1.9111
[stage1] epoch 92/100 step 33 | loss 8.1019 | w [15.0, 8.0, 1.0] | train det 0.0763 seg 0.1042 cnt 6.1241
[stage1] epoch 92/100 step 34 | loss 5.0627 | w [15.0, 8.0, 1.0] | train det 0.0434 seg 0.1124 cnt 3.5125
[stage1] epoch 92/100 step 35 | loss 5.1178 | w [15.0, 8.0, 1.0] | train det 0.0955 seg 0.1222 cnt 2.7067
[stage1] epoch 92/100 step 36 | loss 5.7725 | w [15.0, 8.0, 1.0] | train det 0.0276 seg 0.0884 cnt 4.6517
[stage1] epoch 92/100 step 37 | loss 3.3382 | w [15.0, 8.0, 1.0] | train det 0.0448 seg 0.0610 cnt 2.1780
[stage1] epoch 92/100 step 38 | loss 5.4461 | w [15.0, 8.0, 1.0] | train det 0.1455 seg 0.1132 cnt 2.3573
[stage1] epoch 92/100 step 39 | loss 4.7585 | w [15.0, 8.0, 1.0] | train det 0.0313 seg 0.1654 cnt 2.9663
[stage1] epoch 92/100 step 40 | loss 15.9543 | w [15.0, 8.0, 1.0] | train det 0.5011 seg 0.0836 cnt 7.7687
[stage1] epoch 92/100 step 41 | loss 5.2498 | w [15.0, 8.0, 1.0] | train det 0.1204 seg 0.1419 cnt 2.3092
[stage1] epoch 92/100 step 42 | loss 4.8591 | w [15.0, 8.0, 1.0] | train det 0.0760 seg 0.0750 cnt 3.1185
[stage1] epoch 92/100 step 43 | loss 6.9651 | w [15.0, 8.0, 1.0] | train det 0.0785 seg 0.0468 cnt 5.4132
[stage1] epoch 92/100 | train 6.9915 | det 0.1234 seg 0.1031 cnt 4.3154
[stage1] epoch 92 | val det 0.4793 seg 1.0254 miou 0.6199 cnt 5.3589 dens 9.781613e-01 mae 4.3807 total_mae 20.6702 | ap50 0.5733 | combo 1.421481
[stage1] epoch 93/100 step 1 | loss 6.8467 | w [15.0, 8.0, 1.0] | train det 0.0400 seg 0.1128 cnt 5.3451
[stage1] epoch 93/100 step 2 | loss 4.2030 | w [15.0, 8.0, 1.0] | train det 0.0275 seg 0.2072 cnt 2.1330
[stage1] epoch 93/100 step 3 | loss 7.5695 | w [15.0, 8.0, 1.0] | train det 0.1726 seg 0.1169 cnt 4.0454
[stage1] epoch 93/100 step 4 | loss 6.1335 | w [15.0, 8.0, 1.0] | train det 0.0575 seg 0.0680 cnt 4.7269
[stage1] epoch 93/100 step 5 | loss 7.7797 | w [15.0, 8.0, 1.0] | train det 0.0360 seg 0.1062 cnt 6.3910
[stage1] epoch 93/100 step 6 | loss 4.8139 | w [15.0, 8.0, 1.0] | train det 0.0598 seg 0.1023 cnt 3.0985
[stage1] epoch 93/100 step 7 | loss 5.7813 | w [15.0, 8.0, 1.0] | train det 0.0405 seg 0.1008 cnt 4.3675
[stage1] epoch 93/100 step 8 | loss 6.5936 | w [15.0, 8.0, 1.0] | train det 0.0279 seg 0.0640 cnt 5.6621
[stage1] epoch 93/100 step 9 | loss 4.1892 | w [15.0, 8.0, 1.0] | train det 0.0236 seg 0.0896 cnt 3.1186
[stage1] epoch 93/100 step 10 | loss 6.2925 | w [15.0, 8.0, 1.0] | train det 0.0511 seg 0.1037 cnt 4.6960
[stage1] epoch 93/100 step 11 | loss 7.3897 | w [15.0, 8.0, 1.0] | train det 0.0353 seg 0.1140 cnt 5.9478
[stage1] epoch 93/100 step 12 | loss 8.7863 | w [15.0, 8.0, 1.0] | train det 0.1928 seg 0.0994 cnt 5.0988
[stage1] epoch 93/100 step 13 | loss 7.2104 | w [15.0, 8.0, 1.0] | train det 0.0424 seg 0.1479 cnt 5.3906
[stage1] epoch 93/100 step 14 | loss 5.6293 | w [15.0, 8.0, 1.0] | train det 0.0413 seg 0.0991 cnt 4.2166
[stage1] epoch 93/100 step 15 | loss 6.3330 | w [15.0, 8.0, 1.0] | train det 0.0305 seg 0.1272 cnt 4.8577
[stage1] epoch 93/100 step 16 | loss 8.9287 | w [15.0, 8.0, 1.0] | train det 0.0852 seg 0.0861 cnt 6.9617
[stage1] epoch 93/100 step 17 | loss 2.7495 | w [15.0, 8.0, 1.0] | train det 0.0601 seg 0.0772 cnt 1.2311
[stage1] epoch 93/100 step 18 | loss 6.1118 | w [15.0, 8.0, 1.0] | train det 0.0196 seg 0.2647 cnt 3.6994
[stage1] epoch 93/100 step 19 | loss 23.6134 | w [15.0, 8.0, 1.0] | train det 0.0359 seg 0.0935 cnt 22.3263
[stage1] epoch 93/100 step 20 | loss 8.3147 | w [15.0, 8.0, 1.0] | train det 0.1092 seg 0.0658 cnt 6.1512
[stage1] epoch 93/100 step 21 | loss 2.7508 | w [15.0, 8.0, 1.0] | train det 0.0391 seg 0.0209 cnt 1.9972
[stage1] epoch 93/100 step 22 | loss 3.9870 | w [15.0, 8.0, 1.0] | train det 0.0730 seg 0.0672 cnt 2.3538
[stage1] epoch 93/100 step 23 | loss 3.7740 | w [15.0, 8.0, 1.0] | train det 0.0818 seg 0.0820 cnt 1.8913
[stage1] epoch 93/100 step 24 | loss 8.7204 | w [15.0, 8.0, 1.0] | train det 0.0418 seg 0.1174 cnt 7.1545
[stage1] epoch 93/100 step 25 | loss 9.6868 | w [15.0, 8.0, 1.0] | train det 0.0458 seg 0.1234 cnt 8.0123
[stage1] epoch 93/100 step 26 | loss 5.5637 | w [15.0, 8.0, 1.0] | train det 0.1924 seg 0.0278 cnt 2.4560
[stage1] epoch 93/100 step 27 | loss 7.6551 | w [15.0, 8.0, 1.0] | train det 0.0823 seg 0.1622 cnt 5.1230
[stage1] epoch 93/100 step 28 | loss 6.1023 | w [15.0, 8.0, 1.0] | train det 0.0361 seg 0.1268 cnt 4.5467
[stage1] epoch 93/100 step 29 | loss 13.4407 | w [15.0, 8.0, 1.0] | train det 0.0322 seg 0.0940 cnt 12.2065
[stage1] epoch 93/100 step 30 | loss 5.3266 | w [15.0, 8.0, 1.0] | train det 0.1124 seg 0.0659 cnt 3.1136
[stage1] epoch 93/100 step 31 | loss 5.6661 | w [15.0, 8.0, 1.0] | train det 0.0608 seg 0.0862 cnt 4.0638
[stage1] epoch 93/100 step 32 | loss 4.6968 | w [15.0, 8.0, 1.0] | train det 0.0446 seg 0.0712 cnt 3.4584
[stage1] epoch 93/100 step 33 | loss 6.6585 | w [15.0, 8.0, 1.0] | train det 0.0583 seg 0.0857 cnt 5.0981
[stage1] epoch 93/100 step 34 | loss 7.1739 | w [15.0, 8.0, 1.0] | train det 0.0465 seg 0.1002 cnt 5.6751
[stage1] epoch 93/100 step 35 | loss 9.5671 | w [15.0, 8.0, 1.0] | train det 0.0667 seg 0.0745 cnt 7.9705
[stage1] epoch 93/100 step 36 | loss 4.5837 | w [15.0, 8.0, 1.0] | train det 0.0266 seg 0.0842 cnt 3.5117
[stage1] epoch 93/100 step 37 | loss 8.1887 | w [15.0, 8.0, 1.0] | train det 0.0431 seg 0.0310 cnt 7.2948
[stage1] epoch 93/100 step 38 | loss 8.4440 | w [15.0, 8.0, 1.0] | train det 0.0240 seg 0.1259 cnt 7.0760
[stage1] epoch 93/100 step 39 | loss 10.6306 | w [15.0, 8.0, 1.0] | train det 0.1768 seg 0.2554 cnt 5.9350
[stage1] epoch 93/100 step 40 | loss 7.8449 | w [15.0, 8.0, 1.0] | train det 0.0386 seg 0.1120 cnt 6.3699
[stage1] epoch 93/100 step 41 | loss 2.9214 | w [15.0, 8.0, 1.0] | train det 0.0252 seg 0.0980 cnt 1.7601
[stage1] epoch 93/100 step 42 | loss 5.1774 | w [15.0, 8.0, 1.0] | train det 0.0756 seg 0.0439 cnt 3.6918
[stage1] epoch 93/100 step 43 | loss 19.5401 | w [15.0, 8.0, 1.0] | train det 0.0318 seg 0.0176 cnt 18.9221
[stage1] epoch 93/100 | train 7.2877 | det 0.0615 seg 0.1005 cnt 5.5616
[stage1] epoch 93 | val det 0.4874 seg 1.0324 miou 0.6155 cnt 5.6643 dens 9.781955e-01 mae 4.6861 total_mae 23.1296 | ap50 0.5708 | combo 1.399642
[stage1] epoch 94/100 step 1 | loss 7.5901 | w [15.0, 8.0, 1.0] | train det 0.2270 seg 0.1019 cnt 3.3708
[stage1] epoch 94/100 step 2 | loss 6.4623 | w [15.0, 8.0, 1.0] | train det 0.0513 seg 0.1261 cnt 4.6830
[stage1] epoch 94/100 step 3 | loss 6.6845 | w [15.0, 8.0, 1.0] | train det 0.0755 seg 0.0827 cnt 4.8902
[stage1] epoch 94/100 step 4 | loss 7.9385 | w [15.0, 8.0, 1.0] | train det 0.0764 seg 0.1870 cnt 5.2974
[stage1] epoch 94/100 step 5 | loss 15.2782 | w [15.0, 8.0, 1.0] | train det 0.0457 seg 0.0315 cnt 14.3413
[stage1] epoch 94/100 step 6 | loss 8.3363 | w [15.0, 8.0, 1.0] | train det 0.2623 seg 0.1134 cnt 3.4946
[stage1] epoch 94/100 step 7 | loss 12.4254 | w [15.0, 8.0, 1.0] | train det 0.0699 seg 0.0841 cnt 10.7036
[stage1] epoch 94/100 step 8 | loss 4.5234 | w [15.0, 8.0, 1.0] | train det 0.0680 seg 0.1275 cnt 2.4831
[stage1] epoch 94/100 step 9 | loss 5.9907 | w [15.0, 8.0, 1.0] | train det 0.0317 seg 0.0854 cnt 4.8318
[stage1] epoch 94/100 step 10 | loss 5.8751 | w [15.0, 8.0, 1.0] | train det 0.1024 seg 0.0702 cnt 3.7769
[stage1] epoch 94/100 step 11 | loss 5.8335 | w [15.0, 8.0, 1.0] | train det 0.0328 seg 0.0951 cnt 4.5809
[stage1] epoch 94/100 step 12 | loss 6.8582 | w [15.0, 8.0, 1.0] | train det 0.0735 seg 0.1133 cnt 4.8497
[stage1] epoch 94/100 step 13 | loss 7.0765 | w [15.0, 8.0, 1.0] | train det 0.0230 seg 0.2214 cnt 4.9611
[stage1] epoch 94/100 step 14 | loss 5.4848 | w [15.0, 8.0, 1.0] | train det 0.0848 seg 0.0799 cnt 3.5733
[stage1] epoch 94/100 step 15 | loss 9.6486 | w [15.0, 8.0, 1.0] | train det 0.0384 seg 0.1222 cnt 8.0957
[stage1] epoch 94/100 step 16 | loss 4.3214 | w [15.0, 8.0, 1.0] | train det 0.0408 seg 0.0450 cnt 3.3492
[stage1] epoch 94/100 step 17 | loss 9.9789 | w [15.0, 8.0, 1.0] | train det 0.0866 seg 0.1576 cnt 7.4187
[stage1] epoch 94/100 step 18 | loss 7.6577 | w [15.0, 8.0, 1.0] | train det 0.0765 seg 0.1473 cnt 5.3310
[stage1] epoch 94/100 step 19 | loss 4.9287 | w [15.0, 8.0, 1.0] | train det 0.0555 seg 0.0636 cnt 3.5879
[stage1] epoch 94/100 step 20 | loss 3.8798 | w [15.0, 8.0, 1.0] | train det 0.0246 seg 0.0698 cnt 2.9532
[stage1] epoch 94/100 step 21 | loss 6.1410 | w [15.0, 8.0, 1.0] | train det 0.0644 seg 0.1027 cnt 4.3537
[stage1] epoch 94/100 step 22 | loss 7.2449 | w [15.0, 8.0, 1.0] | train det 0.2424 seg 0.0704 cnt 3.0458
[stage1] epoch 94/100 step 23 | loss 4.4624 | w [15.0, 8.0, 1.0] | train det 0.0217 seg 0.1266 cnt 3.1232
[stage1] epoch 94/100 step 24 | loss 9.2300 | w [15.0, 8.0, 1.0] | train det 0.0911 seg 0.3084 cnt 5.3957
[stage1] epoch 94/100 step 25 | loss 4.7507 | w [15.0, 8.0, 1.0] | train det 0.0397 seg 0.1327 cnt 3.0941
[stage1] epoch 94/100 step 26 | loss 6.4916 | w [15.0, 8.0, 1.0] | train det 0.0510 seg 0.1114 cnt 4.8345
[stage1] epoch 94/100 step 27 | loss 6.6431 | w [15.0, 8.0, 1.0] | train det 0.0691 seg 0.0948 cnt 4.8485
[stage1] epoch 94/100 step 28 | loss 7.9763 | w [15.0, 8.0, 1.0] | train det 0.0364 seg 0.1347 cnt 6.3529
[stage1] epoch 94/100 step 29 | loss 26.1479 | w [15.0, 8.0, 1.0] | train det 0.0178 seg 0.1602 cnt 24.5985
[stage1] epoch 94/100 step 30 | loss 6.1173 | w [15.0, 8.0, 1.0] | train det 0.1286 seg 0.1187 cnt 3.2391
[stage1] epoch 94/100 step 31 | loss 10.1467 | w [15.0, 8.0, 1.0] | train det 0.0137 seg 0.0999 cnt 9.1425
[stage1] epoch 94/100 step 32 | loss 3.3295 | w [15.0, 8.0, 1.0] | train det 0.0455 seg 0.0638 cnt 2.1373
[stage1] epoch 94/100 step 33 | loss 5.8045 | w [15.0, 8.0, 1.0] | train det 0.0406 seg 0.0532 cnt 4.7693
[stage1] epoch 94/100 step 34 | loss 6.4105 | w [15.0, 8.0, 1.0] | train det 0.1261 seg 0.0532 cnt 4.0927
[stage1] epoch 94/100 step 35 | loss 6.2316 | w [15.0, 8.0, 1.0] | train det 0.0264 seg 0.1675 cnt 4.4968
[stage1] epoch 94/100 step 36 | loss 9.2005 | w [15.0, 8.0, 1.0] | train det 0.3767 seg 0.1006 cnt 2.7456
[stage1] epoch 94/100 step 37 | loss 10.2365 | w [15.0, 8.0, 1.0] | train det 0.2174 seg 0.0543 cnt 6.5405
[stage1] epoch 94/100 step 38 | loss 5.8942 | w [15.0, 8.0, 1.0] | train det 0.0433 seg 0.2523 cnt 3.2259
[stage1] epoch 94/100 step 39 | loss 8.5188 | w [15.0, 8.0, 1.0] | train det 0.0696 seg 0.0706 cnt 6.9099
[stage1] epoch 94/100 step 40 | loss 6.0284 | w [15.0, 8.0, 1.0] | train det 0.1074 seg 0.1705 cnt 3.0537
[stage1] epoch 94/100 step 41 | loss 9.2377 | w [15.0, 8.0, 1.0] | train det 0.0516 seg 0.1388 cnt 7.3542
[stage1] epoch 94/100 step 42 | loss 11.6617 | w [15.0, 8.0, 1.0] | train det 0.3282 seg 0.1277 cnt 5.7173
[stage1] epoch 94/100 step 43 | loss 5.3295 | w [15.0, 8.0, 1.0] | train det 0.0709 seg 0.0869 cnt 3.5707
[stage1] epoch 94/100 | train 7.6746 | det 0.0890 seg 0.1145 cnt 5.4236
[stage1] epoch 94 | val det 0.4805 seg 1.0245 miou 0.6194 cnt 5.1814 dens 9.793412e-01 mae 4.2021 total_mae 20.1127 | ap50 0.5673 | combo 1.424685
[stage1] epoch 95/100 step 1 | loss 5.6881 | w [15.0, 8.0, 1.0] | train det 0.1086 seg 0.1110 cnt 3.1712
[stage1] epoch 95/100 step 2 | loss 10.9742 | w [15.0, 8.0, 1.0] | train det 0.0960 seg 0.0690 cnt 8.9818
[stage1] epoch 95/100 step 3 | loss 6.3249 | w [15.0, 8.0, 1.0] | train det 0.0334 seg 0.2387 cnt 3.9140
[stage1] epoch 95/100 step 4 | loss 4.5983 | w [15.0, 8.0, 1.0] | train det 0.0745 seg 0.1344 cnt 2.4047
[stage1] epoch 95/100 step 5 | loss 5.9230 | w [15.0, 8.0, 1.0] | train det 0.1114 seg 0.0715 cnt 3.6794
[stage1] epoch 95/100 step 6 | loss 3.3705 | w [15.0, 8.0, 1.0] | train det 0.0304 seg 0.1158 cnt 1.9882
[stage1] epoch 95/100 step 7 | loss 5.6529 | w [15.0, 8.0, 1.0] | train det 0.0289 seg 0.0591 cnt 4.7465
[stage1] epoch 95/100 step 8 | loss 4.9390 | w [15.0, 8.0, 1.0] | train det 0.0208 seg 0.0598 cnt 4.1488
[stage1] epoch 95/100 step 9 | loss 4.5798 | w [15.0, 8.0, 1.0] | train det 0.0346 seg 0.0730 cnt 3.4775
[stage1] epoch 95/100 step 10 | loss 5.1873 | w [15.0, 8.0, 1.0] | train det 0.0278 seg 0.1402 cnt 3.6488
[stage1] epoch 95/100 step 11 | loss 5.7114 | w [15.0, 8.0, 1.0] | train det 0.0142 seg 0.0639 cnt 4.9863
[stage1] epoch 95/100 step 12 | loss 6.5263 | w [15.0, 8.0, 1.0] | train det 0.1387 seg 0.0880 cnt 3.7411
[stage1] epoch 95/100 step 13 | loss 8.4305 | w [15.0, 8.0, 1.0] | train det 0.0751 seg 0.0733 cnt 6.7176
[stage1] epoch 95/100 step 14 | loss 12.2679 | w [15.0, 8.0, 1.0] | train det 0.3346 seg 0.1265 cnt 6.2371
[stage1] epoch 95/100 step 15 | loss 5.1148 | w [15.0, 8.0, 1.0] | train det 0.1218 seg 0.1250 cnt 2.2873
[stage1] epoch 95/100 step 16 | loss 5.7233 | w [15.0, 8.0, 1.0] | train det 0.1093 seg 0.0892 cnt 3.3709
[stage1] epoch 95/100 step 17 | loss 10.5892 | w [15.0, 8.0, 1.0] | train det 0.0305 seg 0.0310 cnt 9.8841
[stage1] epoch 95/100 step 18 | loss 9.3016 | w [15.0, 8.0, 1.0] | train det 0.1380 seg 0.0701 cnt 6.6712
[stage1] epoch 95/100 step 19 | loss 8.1582 | w [15.0, 8.0, 1.0] | train det 0.0348 seg 0.1069 cnt 6.7812
[stage1] epoch 95/100 step 20 | loss 7.9478 | w [15.0, 8.0, 1.0] | train det 0.0835 seg 0.1372 cnt 5.5974
[stage1] epoch 95/100 step 21 | loss 4.9196 | w [15.0, 8.0, 1.0] | train det 0.0893 seg 0.1150 cnt 2.6594
[stage1] epoch 95/100 step 22 | loss 9.1288 | w [15.0, 8.0, 1.0] | train det 0.0327 seg 0.1036 cnt 7.8091
[stage1] epoch 95/100 step 23 | loss 7.8488 | w [15.0, 8.0, 1.0] | train det 0.0522 seg 0.0822 cnt 6.4079
[stage1] epoch 95/100 step 24 | loss 3.7892 | w [15.0, 8.0, 1.0] | train det 0.0204 seg 0.1483 cnt 2.2971
[stage1] epoch 95/100 step 25 | loss 5.7639 | w [15.0, 8.0, 1.0] | train det 0.0464 seg 0.0621 cnt 4.5717
[stage1] epoch 95/100 step 26 | loss 11.8667 | w [15.0, 8.0, 1.0] | train det 0.2209 seg 0.1348 cnt 7.4745
[stage1] epoch 95/100 step 27 | loss 6.5665 | w [15.0, 8.0, 1.0] | train det 0.1527 seg 0.0614 cnt 3.7842
[stage1] epoch 95/100 step 28 | loss 4.3396 | w [15.0, 8.0, 1.0] | train det 0.0817 seg 0.0960 cnt 2.3462
[stage1] epoch 95/100 step 29 | loss 5.5453 | w [15.0, 8.0, 1.0] | train det 0.0323 seg 0.0760 cnt 4.4535
[stage1] epoch 95/100 step 30 | loss 5.1105 | w [15.0, 8.0, 1.0] | train det 0.1792 seg 0.0920 cnt 1.6862
[stage1] epoch 95/100 step 31 | loss 7.5369 | w [15.0, 8.0, 1.0] | train det 0.0937 seg 0.1721 cnt 4.7551
[stage1] epoch 95/100 step 32 | loss 4.9584 | w [15.0, 8.0, 1.0] | train det 0.0234 seg 0.0935 cnt 3.8598
[stage1] epoch 95/100 step 33 | loss 6.2985 | w [15.0, 8.0, 1.0] | train det 0.0694 seg 0.0781 cnt 4.6333
[stage1] epoch 95/100 step 34 | loss 3.7385 | w [15.0, 8.0, 1.0] | train det 0.0176 seg 0.0924 cnt 2.7357
[stage1] epoch 95/100 step 35 | loss 6.7464 | w [15.0, 8.0, 1.0] | train det 0.1124 seg 0.0746 cnt 4.4629
[stage1] epoch 95/100 step 36 | loss 7.0892 | w [15.0, 8.0, 1.0] | train det 0.0879 seg 0.1352 cnt 4.6881
[stage1] epoch 95/100 step 37 | loss 9.6710 | w [15.0, 8.0, 1.0] | train det 0.0868 seg 0.1981 cnt 6.7843
[stage1] epoch 95/100 step 38 | loss 8.7173 | w [15.0, 8.0, 1.0] | train det 0.1279 seg 0.1188 cnt 5.8488
[stage1] epoch 95/100 step 39 | loss 3.9657 | w [15.0, 8.0, 1.0] | train det 0.0214 seg 0.1332 cnt 2.5793
[stage1] epoch 95/100 step 40 | loss 4.5835 | w [15.0, 8.0, 1.0] | train det 0.0744 seg 0.0744 cnt 2.8715
[stage1] epoch 95/100 step 41 | loss 13.0943 | w [15.0, 8.0, 1.0] | train det 0.1131 seg 0.0785 cnt 10.7692
[stage1] epoch 95/100 step 42 | loss 5.0271 | w [15.0, 8.0, 1.0] | train det 0.0296 seg 0.1028 cnt 3.7609
[stage1] epoch 95/100 step 43 | loss 8.4011 | w [15.0, 8.0, 1.0] | train det 0.0437 seg 0.0758 cnt 7.1390
[stage1] epoch 95/100 | train 6.7841 | det 0.0804 seg 0.1019 cnt 4.7631
[stage1] epoch 95 | val det 0.4709 seg 1.0287 miou 0.6171 cnt 5.1803 dens 9.821138e-01 mae 4.1982 total_mae 20.4920 | ap50 0.5736 | combo 1.428951
[stage1] epoch 96/100 step 1 | loss 6.0399 | w [15.0, 8.0, 1.0] | train det 0.1092 seg 0.0421 cnt 4.0649
[stage1] epoch 96/100 step 2 | loss 9.2980 | w [15.0, 8.0, 1.0] | train det 0.1217 seg 0.1052 cnt 6.6312
[stage1] epoch 96/100 step 3 | loss 5.0107 | w [15.0, 8.0, 1.0] | train det 0.0241 seg 0.0338 cnt 4.3791
[stage1] epoch 96/100 step 4 | loss 7.8718 | w [15.0, 8.0, 1.0] | train det 0.0201 seg 0.1250 cnt 6.5700
[stage1] epoch 96/100 step 5 | loss 5.5076 | w [15.0, 8.0, 1.0] | train det 0.0337 seg 0.1099 cnt 4.1231
[stage1] epoch 96/100 step 6 | loss 4.4594 | w [15.0, 8.0, 1.0] | train det 0.0488 seg 0.0669 cnt 3.1927
[stage1] epoch 96/100 step 7 | loss 7.6015 | w [15.0, 8.0, 1.0] | train det 0.0150 seg 0.0462 cnt 7.0070
[stage1] epoch 96/100 step 8 | loss 6.6314 | w [15.0, 8.0, 1.0] | train det 0.1156 seg 0.1477 cnt 3.7151
[stage1] epoch 96/100 step 9 | loss 8.0671 | w [15.0, 8.0, 1.0] | train det 0.2637 seg 0.2103 cnt 2.4292
[stage1] epoch 96/100 step 10 | loss 18.8549 | w [15.0, 8.0, 1.0] | train det 0.0748 seg 0.1610 cnt 16.4443
[stage1] epoch 96/100 step 11 | loss 5.2917 | w [15.0, 8.0, 1.0] | train det 0.0688 seg 0.0316 cnt 4.0068
[stage1] epoch 96/100 step 12 | loss 4.1402 | w [15.0, 8.0, 1.0] | train det 0.0703 seg 0.1123 cnt 2.1875
[stage1] epoch 96/100 step 13 | loss 3.2115 | w [15.0, 8.0, 1.0] | train det 0.0548 seg 0.0834 cnt 1.7224
[stage1] epoch 96/100 step 14 | loss 11.4375 | w [15.0, 8.0, 1.0] | train det 0.0800 seg 0.1843 cnt 8.7627
[stage1] epoch 96/100 step 15 | loss 18.6993 | w [15.0, 8.0, 1.0] | train det 0.2173 seg 0.1030 cnt 14.6167
[stage1] epoch 96/100 step 16 | loss 11.5572 | w [15.0, 8.0, 1.0] | train det 0.0595 seg 0.0948 cnt 9.9057
[stage1] epoch 96/100 step 17 | loss 8.0017 | w [15.0, 8.0, 1.0] | train det 0.1517 seg 0.0638 cnt 5.2153
[stage1] epoch 96/100 step 18 | loss 6.0997 | w [15.0, 8.0, 1.0] | train det 0.1729 seg 0.1039 cnt 2.6745
[stage1] epoch 96/100 step 19 | loss 8.7671 | w [15.0, 8.0, 1.0] | train det 0.4387 seg 0.0821 cnt 1.5299
[stage1] epoch 96/100 step 20 | loss 63.1833 | w [15.0, 8.0, 1.0] | train det 0.0460 seg 0.0683 cnt 61.9471
[stage1] epoch 96/100 step 21 | loss 12.2877 | w [15.0, 8.0, 1.0] | train det 0.0834 seg 0.1478 cnt 9.8539
[stage1] epoch 96/100 step 22 | loss 9.5056 | w [15.0, 8.0, 1.0] | train det 0.2842 seg 0.1097 cnt 4.3654
[stage1] epoch 96/100 step 23 | loss 5.0064 | w [15.0, 8.0, 1.0] | train det 0.0521 seg 0.1131 cnt 3.3197
[stage1] epoch 96/100 step 24 | loss 9.4735 | w [15.0, 8.0, 1.0] | train det 0.0419 seg 0.1956 cnt 7.2804
[stage1] epoch 96/100 step 25 | loss 6.8679 | w [15.0, 8.0, 1.0] | train det 0.0578 seg 0.0596 cnt 5.5246
[stage1] epoch 96/100 step 26 | loss 10.7925 | w [15.0, 8.0, 1.0] | train det 0.0371 seg 0.1426 cnt 9.0960
[stage1] epoch 96/100 step 27 | loss 7.4316 | w [15.0, 8.0, 1.0] | train det 0.1402 seg 0.0735 cnt 4.7408
[stage1] epoch 96/100 step 28 | loss 8.2054 | w [15.0, 8.0, 1.0] | train det 0.1364 seg 0.1372 cnt 5.0613
[stage1] epoch 96/100 step 29 | loss 5.9004 | w [15.0, 8.0, 1.0] | train det 0.0630 seg 0.1276 cnt 3.9339
[stage1] epoch 96/100 step 30 | loss 5.6739 | w [15.0, 8.0, 1.0] | train det 0.0410 seg 0.0652 cnt 4.5369
[stage1] epoch 96/100 step 31 | loss 12.9251 | w [15.0, 8.0, 1.0] | train det 0.0337 seg 0.0254 cnt 12.2170
[stage1] epoch 96/100 step 32 | loss 4.4022 | w [15.0, 8.0, 1.0] | train det 0.0544 seg 0.0911 cnt 2.8580
[stage1] epoch 96/100 step 33 | loss 5.9166 | w [15.0, 8.0, 1.0] | train det 0.1906 seg 0.0477 cnt 2.6755
[stage1] epoch 96/100 step 34 | loss 25.8130 | w [15.0, 8.0, 1.0] | train det 0.1889 seg 0.0746 cnt 22.3831
[stage1] epoch 96/100 step 35 | loss 6.7128 | w [15.0, 8.0, 1.0] | train det 0.0662 seg 0.1901 cnt 4.1991
[stage1] epoch 96/100 step 36 | loss 3.8315 | w [15.0, 8.0, 1.0] | train det 0.0979 seg 0.0860 cnt 1.6753
[stage1] epoch 96/100 step 37 | loss 5.2640 | w [15.0, 8.0, 1.0] | train det 0.1243 seg 0.0557 cnt 2.9534
[stage1] epoch 96/100 step 38 | loss 7.0907 | w [15.0, 8.0, 1.0] | train det 0.0890 seg 0.1506 cnt 4.5505
[stage1] epoch 96/100 step 39 | loss 14.9707 | w [15.0, 8.0, 1.0] | train det 0.0307 seg 0.1301 cnt 13.4701
[stage1] epoch 96/100 step 40 | loss 13.2976 | w [15.0, 8.0, 1.0] | train det 0.0245 seg 0.1271 cnt 11.9136
[stage1] epoch 96/100 step 41 | loss 6.0707 | w [15.0, 8.0, 1.0] | train det 0.0162 seg 0.0907 cnt 5.1022
[stage1] epoch 96/100 step 42 | loss 5.2941 | w [15.0, 8.0, 1.0] | train det 0.0515 seg 0.1142 cnt 3.6083
[stage1] epoch 96/100 step 43 | loss 3.9166 | w [15.0, 8.0, 1.0] | train det 0.0180 seg 0.0903 cnt 2.9242
[stage1] epoch 96/100 | train 9.6833 | det 0.0956 seg 0.1028 cnt 7.4272
[stage1] epoch 96 | val det 0.4831 seg 1.0435 miou 0.6170 cnt 5.4015 dens 9.798767e-01 mae 4.4216 total_mae 21.0217 | ap50 0.5745 | combo 1.417615
[stage1] epoch 97/100 step 1 | loss 5.1962 | w [15.0, 8.0, 1.0] | train det 0.0218 seg 0.1162 cnt 3.9401
[stage1] epoch 97/100 step 2 | loss 22.4569 | w [15.0, 8.0, 1.0] | train det 0.0287 seg 0.0565 cnt 21.5740
[stage1] epoch 97/100 step 3 | loss 5.8280 | w [15.0, 8.0, 1.0] | train det 0.0953 seg 0.0809 cnt 3.7506
[stage1] epoch 97/100 step 4 | loss 9.7889 | w [15.0, 8.0, 1.0] | train det 0.0520 seg 0.0881 cnt 8.3040
[stage1] epoch 97/100 step 5 | loss 9.0956 | w [15.0, 8.0, 1.0] | train det 0.3586 seg 0.0916 cnt 2.9843
[stage1] epoch 97/100 step 6 | loss 7.7451 | w [15.0, 8.0, 1.0] | train det 0.0534 seg 0.1069 cnt 6.0882
[stage1] epoch 97/100 step 7 | loss 5.4988 | w [15.0, 8.0, 1.0] | train det 0.0873 seg 0.1579 cnt 2.9261
[stage1] epoch 97/100 step 8 | loss 6.0105 | w [15.0, 8.0, 1.0] | train det 0.0181 seg 0.0720 cnt 5.1628
[stage1] epoch 97/100 step 9 | loss 3.5740 | w [15.0, 8.0, 1.0] | train det 0.0134 seg 0.1182 cnt 2.4280
[stage1] epoch 97/100 step 10 | loss 6.0892 | w [15.0, 8.0, 1.0] | train det 0.1050 seg 0.1097 cnt 3.6368
[stage1] epoch 97/100 step 11 | loss 14.7333 | w [15.0, 8.0, 1.0] | train det 0.4383 seg 0.0495 cnt 7.7631
[stage1] epoch 97/100 step 12 | loss 5.0104 | w [15.0, 8.0, 1.0] | train det 0.0308 seg 0.0259 cnt 4.3407
[stage1] epoch 97/100 step 13 | loss 6.5985 | w [15.0, 8.0, 1.0] | train det 0.1273 seg 0.1496 cnt 3.4915
[stage1] epoch 97/100 step 14 | loss 5.8449 | w [15.0, 8.0, 1.0] | train det 0.0480 seg 0.1425 cnt 3.9841
[stage1] epoch 97/100 step 15 | loss 5.9711 | w [15.0, 8.0, 1.0] | train det 0.0524 seg 0.0685 cnt 4.6372
[stage1] epoch 97/100 step 16 | loss 8.3874 | w [15.0, 8.0, 1.0] | train det 0.4128 seg 0.0870 cnt 1.4995
[stage1] epoch 97/100 step 17 | loss 4.8869 | w [15.0, 8.0, 1.0] | train det 0.0967 seg 0.0981 cnt 2.6507
[stage1] epoch 97/100 step 18 | loss 6.6026 | w [15.0, 8.0, 1.0] | train det 0.0350 seg 0.0929 cnt 5.3348
[stage1] epoch 97/100 step 19 | loss 6.2660 | w [15.0, 8.0, 1.0] | train det 0.2385 seg 0.0575 cnt 2.2292
[stage1] epoch 97/100 step 20 | loss 5.8739 | w [15.0, 8.0, 1.0] | train det 0.0789 seg 0.0977 cnt 3.9095
[stage1] epoch 97/100 step 21 | loss 6.7270 | w [15.0, 8.0, 1.0] | train det 0.0946 seg 0.0794 cnt 4.6718
[stage1] epoch 97/100 step 22 | loss 5.7071 | w [15.0, 8.0, 1.0] | train det 0.0364 seg 0.0939 cnt 4.4097
[stage1] epoch 97/100 step 23 | loss 6.0048 | w [15.0, 8.0, 1.0] | train det 0.0286 seg 0.1485 cnt 4.3873
[stage1] epoch 97/100 step 24 | loss 21.2860 | w [15.0, 8.0, 1.0] | train det 0.4022 seg 0.0626 cnt 14.7523
[stage1] epoch 97/100 step 25 | loss 4.8983 | w [15.0, 8.0, 1.0] | train det 0.0305 seg 0.1201 cnt 3.4800
[stage1] epoch 97/100 step 26 | loss 13.8491 | w [15.0, 8.0, 1.0] | train det 0.0550 seg 0.0805 cnt 12.3801
[stage1] epoch 97/100 step 27 | loss 4.9764 | w [15.0, 8.0, 1.0] | train det 0.0415 seg 0.0651 cnt 3.8336
[stage1] epoch 97/100 step 28 | loss 9.8419 | w [15.0, 8.0, 1.0] | train det 0.0706 seg 0.0753 cnt 8.1810
[stage1] epoch 97/100 step 29 | loss 5.1768 | w [15.0, 8.0, 1.0] | train det 0.1022 seg 0.1050 cnt 2.8037
[stage1] epoch 97/100 step 30 | loss 8.5828 | w [15.0, 8.0, 1.0] | train det 0.0810 seg 0.1079 cnt 6.5053
[stage1] epoch 97/100 step 31 | loss 4.4829 | w [15.0, 8.0, 1.0] | train det 0.0251 seg 0.1177 cnt 3.1644
[stage1] epoch 97/100 step 32 | loss 7.1174 | w [15.0, 8.0, 1.0] | train det 0.0456 seg 0.0404 cnt 6.1102
[stage1] epoch 97/100 step 33 | loss 4.5312 | w [15.0, 8.0, 1.0] | train det 0.0547 seg 0.1257 cnt 2.7052
[stage1] epoch 97/100 step 34 | loss 3.4147 | w [15.0, 8.0, 1.0] | train det 0.0150 seg 0.0922 cnt 2.4516
[stage1] epoch 97/100 step 35 | loss 9.2934 | w [15.0, 8.0, 1.0] | train det 0.0217 seg 0.0538 cnt 8.5372
[stage1] epoch 97/100 step 36 | loss 5.7280 | w [15.0, 8.0, 1.0] | train det 0.0249 seg 0.1205 cnt 4.3904
[stage1] epoch 97/100 step 37 | loss 4.7545 | w [15.0, 8.0, 1.0] | train det 0.0207 seg 0.1230 cnt 3.4603
[stage1] epoch 97/100 step 38 | loss 4.9237 | w [15.0, 8.0, 1.0] | train det 0.0381 seg 0.0522 cnt 3.9350
[stage1] epoch 97/100 step 39 | loss 6.2448 | w [15.0, 8.0, 1.0] | train det 0.0999 seg 0.1451 cnt 3.5858
[stage1] epoch 97/100 step 40 | loss 2.9935 | w [15.0, 8.0, 1.0] | train det 0.0732 seg 0.0482 cnt 1.5103
[stage1] epoch 97/100 step 41 | loss 7.9626 | w [15.0, 8.0, 1.0] | train det 0.3411 seg 0.1184 cnt 1.8982
[stage1] epoch 97/100 step 42 | loss 6.5138 | w [15.0, 8.0, 1.0] | train det 0.0535 seg 0.0770 cnt 5.0958
[stage1] epoch 97/100 step 43 | loss 3.8878 | w [15.0, 8.0, 1.0] | train det 0.0700 seg 0.0925 cnt 2.0978
[stage1] epoch 97/100 | train 7.2176 | det 0.0981 seg 0.0933 cnt 4.9996
[stage1] epoch 97 | val det 0.4912 seg 1.0510 miou 0.6163 cnt 8.5348 dens 1.000684e+00 mae 7.5341 total_mae 38.4170 | ap50 0.5733 | combo 1.322292
[stage1] epoch 98/100 step 1 | loss 3.5239 | w [15.0, 8.0, 1.0] | train det 0.0287 seg 0.1060 cnt 2.2452
[stage1] epoch 98/100 step 2 | loss 4.7354 | w [15.0, 8.0, 1.0] | train det 0.0682 seg 0.1042 cnt 2.8789
[stage1] epoch 98/100 step 3 | loss 6.7615 | w [15.0, 8.0, 1.0] | train det 0.1093 seg 0.0517 cnt 4.7078
[stage1] epoch 98/100 step 4 | loss 5.7178 | w [15.0, 8.0, 1.0] | train det 0.1418 seg 0.1622 cnt 2.2934
[stage1] epoch 98/100 step 5 | loss 4.2445 | w [15.0, 8.0, 1.0] | train det 0.0521 seg 0.0766 cnt 2.8505
[stage1] epoch 98/100 step 6 | loss 6.5114 | w [15.0, 8.0, 1.0] | train det 0.2373 seg 0.0702 cnt 2.3903
[stage1] epoch 98/100 step 7 | loss 5.0479 | w [15.0, 8.0, 1.0] | train det 0.0335 seg 0.0726 cnt 3.9646
[stage1] epoch 98/100 step 8 | loss 7.7882 | w [15.0, 8.0, 1.0] | train det 0.0955 seg 0.1153 cnt 5.4324
[stage1] epoch 98/100 step 9 | loss 7.7359 | w [15.0, 8.0, 1.0] | train det 0.0647 seg 0.0499 cnt 6.3659
[stage1] epoch 98/100 step 10 | loss 10.5249 | w [15.0, 8.0, 1.0] | train det 0.2192 seg 0.1164 cnt 6.3053
[stage1] epoch 98/100 step 11 | loss 5.5570 | w [15.0, 8.0, 1.0] | train det 0.0395 seg 0.1180 cnt 4.0210
[stage1] epoch 98/100 step 12 | loss 5.7626 | w [15.0, 8.0, 1.0] | train det 0.0549 seg 0.0702 cnt 4.3773
[stage1] epoch 98/100 step 13 | loss 7.3120 | w [15.0, 8.0, 1.0] | train det 0.0951 seg 0.0460 cnt 5.5170
[stage1] epoch 98/100 step 14 | loss 10.6205 | w [15.0, 8.0, 1.0] | train det 0.1328 seg 0.0681 cnt 8.0831
[stage1] epoch 98/100 step 15 | loss 9.4412 | w [15.0, 8.0, 1.0] | train det 0.2408 seg 0.1875 cnt 4.3282
[stage1] epoch 98/100 step 16 | loss 7.1115 | w [15.0, 8.0, 1.0] | train det 0.0837 seg 0.0484 cnt 5.4693
[stage1] epoch 98/100 step 17 | loss 13.4228 | w [15.0, 8.0, 1.0] | train det 0.0658 seg 0.1564 cnt 11.1850
[stage1] epoch 98/100 step 18 | loss 11.2381 | w [15.0, 8.0, 1.0] | train det 0.1966 seg 0.1614 cnt 6.9979
[stage1] epoch 98/100 step 19 | loss 40.5854 | w [15.0, 8.0, 1.0] | train det 0.0235 seg 0.0360 cnt 39.9446
[stage1] epoch 98/100 step 20 | loss 4.4821 | w [15.0, 8.0, 1.0] | train det 0.0200 seg 0.1275 cnt 3.1620
[stage1] epoch 98/100 step 21 | loss 4.9043 | w [15.0, 8.0, 1.0] | train det 0.1126 seg 0.0794 cnt 2.5802
[stage1] epoch 98/100 step 22 | loss 5.0481 | w [15.0, 8.0, 1.0] | train det 0.0393 seg 0.0797 cnt 3.8214
[stage1] epoch 98/100 step 23 | loss 9.3566 | w [15.0, 8.0, 1.0] | train det 0.0339 seg 0.1453 cnt 7.6864
[stage1] epoch 98/100 step 24 | loss 11.3957 | w [15.0, 8.0, 1.0] | train det 0.0231 seg 0.1367 cnt 9.9559
[stage1] epoch 98/100 step 25 | loss 3.6518 | w [15.0, 8.0, 1.0] | train det 0.0254 seg 0.0375 cnt 2.9708
[stage1] epoch 98/100 step 26 | loss 5.5996 | w [15.0, 8.0, 1.0] | train det 0.0357 seg 0.0687 cnt 4.5144
[stage1] epoch 98/100 step 27 | loss 6.1016 | w [15.0, 8.0, 1.0] | train det 0.0547 seg 0.1299 cnt 4.2425
[stage1] epoch 98/100 step 28 | loss 4.6999 | w [15.0, 8.0, 1.0] | train det 0.0782 seg 0.1330 cnt 2.4621
[stage1] epoch 98/100 step 29 | loss 4.3105 | w [15.0, 8.0, 1.0] | train det 0.0327 seg 0.0796 cnt 3.1833
[stage1] epoch 98/100 step 30 | loss 4.5574 | w [15.0, 8.0, 1.0] | train det 0.0600 seg 0.0930 cnt 2.9132
[stage1] epoch 98/100 step 31 | loss 3.2050 | w [15.0, 8.0, 1.0] | train det 0.0384 seg 0.0586 cnt 2.1609
[stage1] epoch 98/100 step 32 | loss 8.0976 | w [15.0, 8.0, 1.0] | train det 0.1475 seg 0.0744 cnt 5.2894
[stage1] epoch 98/100 step 33 | loss 10.8743 | w [15.0, 8.0, 1.0] | train det 0.3184 seg 0.1704 cnt 4.7348
[stage1] epoch 98/100 step 34 | loss 6.2273 | w [15.0, 8.0, 1.0] | train det 0.0460 seg 0.0658 cnt 5.0106
[stage1] epoch 98/100 step 35 | loss 6.1614 | w [15.0, 8.0, 1.0] | train det 0.0639 seg 0.1245 cnt 4.2074
[stage1] epoch 98/100 step 36 | loss 14.3125 | w [15.0, 8.0, 1.0] | train det 0.6357 seg 0.1081 cnt 3.9127
[stage1] epoch 98/100 step 37 | loss 10.4640 | w [15.0, 8.0, 1.0] | train det 0.0202 seg 0.0805 cnt 9.5164
[stage1] epoch 98/100 step 38 | loss 13.5926 | w [15.0, 8.0, 1.0] | train det 0.1048 seg 0.1110 cnt 11.1331
[stage1] epoch 98/100 step 39 | loss 7.6227 | w [15.0, 8.0, 1.0] | train det 0.1578 seg 0.1295 cnt 4.2190
[stage1] epoch 98/100 step 40 | loss 8.5839 | w [15.0, 8.0, 1.0] | train det 0.1400 seg 0.0531 cnt 6.0594
[stage1] epoch 98/100 step 41 | loss 6.1511 | w [15.0, 8.0, 1.0] | train det 0.0782 seg 0.0785 cnt 4.3506
[stage1] epoch 98/100 step 42 | loss 10.7556 | w [15.0, 8.0, 1.0] | train det 0.2389 seg 0.0960 cnt 6.4036
[stage1] epoch 98/100 step 43 | loss 115.9348 | w [15.0, 8.0, 1.0] | train det 0.0282 seg 0.1492 cnt 114.3190
[stage1] epoch 98/100 | train 10.6915 | det 0.1050 seg 0.0983 cnt 8.3295
[stage1] epoch 98 | val det 0.4944 seg 1.0209 miou 0.6199 cnt 5.2663 dens 9.769802e-01 mae 4.2893 total_mae 20.3017 | ap50 0.5749 | combo 1.427999
[stage1] epoch 99/100 step 1 | loss 5.0365 | w [15.0, 8.0, 1.0] | train det 0.0301 seg 0.1097 cnt 3.7079
[stage1] epoch 99/100 step 2 | loss 5.8416 | w [15.0, 8.0, 1.0] | train det 0.0438 seg 0.1730 cnt 3.8002
[stage1] epoch 99/100 step 3 | loss 9.3833 | w [15.0, 8.0, 1.0] | train det 0.1529 seg 0.1223 cnt 6.1115
[stage1] epoch 99/100 step 4 | loss 4.8453 | w [15.0, 8.0, 1.0] | train det 0.0619 seg 0.1394 cnt 2.8019
[stage1] epoch 99/100 step 5 | loss 5.0826 | w [15.0, 8.0, 1.0] | train det 0.0295 seg 0.1015 cnt 3.8277
[stage1] epoch 99/100 step 6 | loss 10.8351 | w [15.0, 8.0, 1.0] | train det 0.0974 seg 0.1280 cnt 8.3511
[stage1] epoch 99/100 step 7 | loss 6.5660 | w [15.0, 8.0, 1.0] | train det 0.1036 seg 0.1415 cnt 3.8799
[stage1] epoch 99/100 step 8 | loss 7.7740 | w [15.0, 8.0, 1.0] | train det 0.0468 seg 0.1037 cnt 6.2426
[stage1] epoch 99/100 step 9 | loss 8.8250 | w [15.0, 8.0, 1.0] | train det 0.1736 seg 0.0801 cnt 5.5799
[stage1] epoch 99/100 step 10 | loss 7.9725 | w [15.0, 8.0, 1.0] | train det 0.0591 seg 0.0907 cnt 6.3602
[stage1] epoch 99/100 step 11 | loss 9.3421 | w [15.0, 8.0, 1.0] | train det 0.0625 seg 0.0718 cnt 7.8309
[stage1] epoch 99/100 step 12 | loss 4.2924 | w [15.0, 8.0, 1.0] | train det 0.0274 seg 0.1509 cnt 2.6741
[stage1] epoch 99/100 step 13 | loss 7.1674 | w [15.0, 8.0, 1.0] | train det 0.1386 seg 0.0855 cnt 4.4052
[stage1] epoch 99/100 step 14 | loss 65.8771 | w [15.0, 8.0, 1.0] | train det 0.2066 seg 0.1323 cnt 61.7203
[stage1] epoch 99/100 step 15 | loss 6.7034 | w [15.0, 8.0, 1.0] | train det 0.0624 seg 0.0688 cnt 5.2180
[stage1] epoch 99/100 step 16 | loss 5.1370 | w [15.0, 8.0, 1.0] | train det 0.0539 seg 0.0961 cnt 3.5597
[stage1] epoch 99/100 step 17 | loss 10.8839 | w [15.0, 8.0, 1.0] | train det 0.0416 seg 0.0689 cnt 9.7091
[stage1] epoch 99/100 step 18 | loss 6.0415 | w [15.0, 8.0, 1.0] | train det 0.0515 seg 0.0946 cnt 4.5121
[stage1] epoch 99/100 step 19 | loss 8.3900 | w [15.0, 8.0, 1.0] | train det 0.0766 seg 0.0643 cnt 6.7261
[stage1] epoch 99/100 step 20 | loss 11.6361 | w [15.0, 8.0, 1.0] | train det 0.0194 seg 0.1791 cnt 9.9114
[stage1] epoch 99/100 step 21 | loss 6.7122 | w [15.0, 8.0, 1.0] | train det 0.1016 seg 0.0456 cnt 4.8226
[stage1] epoch 99/100 step 22 | loss 3.2507 | w [15.0, 8.0, 1.0] | train det 0.0529 seg 0.1042 cnt 1.6234
[stage1] epoch 99/100 step 23 | loss 3.7215 | w [15.0, 8.0, 1.0] | train det 0.1223 seg 0.0374 cnt 1.5884
[stage1] epoch 99/100 step 24 | loss 10.2788 | w [15.0, 8.0, 1.0] | train det 0.0339 seg 0.0681 cnt 9.2251
[stage1] epoch 99/100 step 25 | loss 5.0633 | w [15.0, 8.0, 1.0] | train det 0.0514 seg 0.0830 cnt 3.6283
[stage1] epoch 99/100 step 26 | loss 7.8147 | w [15.0, 8.0, 1.0] | train det 0.0436 seg 0.1469 cnt 5.9854
[stage1] epoch 99/100 step 27 | loss 8.8584 | w [15.0, 8.0, 1.0] | train det 0.0275 seg 0.1010 cnt 7.6381
[stage1] epoch 99/100 step 28 | loss 5.0410 | w [15.0, 8.0, 1.0] | train det 0.1137 seg 0.1426 cnt 2.1950
[stage1] epoch 99/100 step 29 | loss 5.0589 | w [15.0, 8.0, 1.0] | train det 0.0528 seg 0.1244 cnt 3.2723
[stage1] epoch 99/100 step 30 | loss 12.1696 | w [15.0, 8.0, 1.0] | train det 0.0362 seg 0.1526 cnt 10.4059
[stage1] epoch 99/100 step 31 | loss 5.4967 | w [15.0, 8.0, 1.0] | train det 0.0540 seg 0.0828 cnt 4.0247
[stage1] epoch 99/100 step 32 | loss 9.5017 | w [15.0, 8.0, 1.0] | train det 0.0947 seg 0.1720 cnt 6.7055
[stage1] epoch 99/100 step 33 | loss 13.3412 | w [15.0, 8.0, 1.0] | train det 0.5533 seg 0.0612 cnt 4.5513
[stage1] epoch 99/100 step 34 | loss 7.0948 | w [15.0, 8.0, 1.0] | train det 0.0796 seg 0.0763 cnt 5.2906
[stage1] epoch 99/100 step 35 | loss 8.3237 | w [15.0, 8.0, 1.0] | train det 0.0363 seg 0.1192 cnt 6.8260
[stage1] epoch 99/100 step 36 | loss 7.1297 | w [15.0, 8.0, 1.0] | train det 0.2121 seg 0.1533 cnt 2.7228
[stage1] epoch 99/100 step 37 | loss 5.2819 | w [15.0, 8.0, 1.0] | train det 0.0232 seg 0.1866 cnt 3.4413
[stage1] epoch 99/100 step 38 | loss 44.3171 | w [15.0, 8.0, 1.0] | train det 0.0593 seg 0.1098 cnt 42.5491
[stage1] epoch 99/100 step 39 | loss 7.0612 | w [15.0, 8.0, 1.0] | train det 0.1844 seg 0.1179 cnt 3.3524
[stage1] epoch 99/100 step 40 | loss 5.2105 | w [15.0, 8.0, 1.0] | train det 0.1014 seg 0.0984 cnt 2.9020
[stage1] epoch 99/100 step 41 | loss 8.3053 | w [15.0, 8.0, 1.0] | train det 0.0384 seg 0.0680 cnt 7.1854
[stage1] epoch 99/100 step 42 | loss 7.0684 | w [15.0, 8.0, 1.0] | train det 0.1449 seg 0.0599 cnt 4.4152
[stage1] epoch 99/100 step 43 | loss 8.0218 | w [15.0, 8.0, 1.0] | train det 0.0777 seg 0.1244 cnt 5.8608
[stage1] epoch 99/100 | train 9.5757 | det 0.0892 seg 0.1079 cnt 7.3754
[stage1] epoch 99 | val det 0.4599 seg 1.0408 miou 0.6194 cnt 5.7635 dens 9.754166e-01 mae 4.7881 total_mae 22.4958 | ap50 0.5647 | combo 1.392953
[stage1] epoch 100/100 step 1 | loss 6.4393 | w [15.0, 8.0, 1.0] | train det 0.0326 seg 0.0942 cnt 5.1960
[stage1] epoch 100/100 step 2 | loss 5.7875 | w [15.0, 8.0, 1.0] | train det 0.0526 seg 0.1204 cnt 4.0354
[stage1] epoch 100/100 step 3 | loss 8.6078 | w [15.0, 8.0, 1.0] | train det 0.3150 seg 0.1047 cnt 3.0447
[stage1] epoch 100/100 step 4 | loss 6.4796 | w [15.0, 8.0, 1.0] | train det 0.0941 seg 0.0522 cnt 4.6506
[stage1] epoch 100/100 step 5 | loss 10.0727 | w [15.0, 8.0, 1.0] | train det 0.4349 seg 0.0524 cnt 3.1305
[stage1] epoch 100/100 step 6 | loss 8.9238 | w [15.0, 8.0, 1.0] | train det 0.2883 seg 0.0697 cnt 4.0425
[stage1] epoch 100/100 step 7 | loss 6.7867 | w [15.0, 8.0, 1.0] | train det 0.1098 seg 0.1492 cnt 3.9463
[stage1] epoch 100/100 step 8 | loss 5.6893 | w [15.0, 8.0, 1.0] | train det 0.1993 seg 0.0586 cnt 2.2316
[stage1] epoch 100/100 step 9 | loss 4.7455 | w [15.0, 8.0, 1.0] | train det 0.0336 seg 0.0901 cnt 3.5207
[stage1] epoch 100/100 step 10 | loss 11.6571 | w [15.0, 8.0, 1.0] | train det 0.0673 seg 0.1354 cnt 9.5639
[stage1] epoch 100/100 step 11 | loss 34.9727 | w [15.0, 8.0, 1.0] | train det 0.2675 seg 0.0576 cnt 30.4994
[stage1] epoch 100/100 step 12 | loss 3.9592 | w [15.0, 8.0, 1.0] | train det 0.0798 seg 0.0781 cnt 2.1374
[stage1] epoch 100/100 step 13 | loss 6.4908 | w [15.0, 8.0, 1.0] | train det 0.0448 seg 0.1402 cnt 4.6969
[stage1] epoch 100/100 step 14 | loss 3.5448 | w [15.0, 8.0, 1.0] | train det 0.0201 seg 0.1239 cnt 2.2516
[stage1] epoch 100/100 step 15 | loss 6.6896 | w [15.0, 8.0, 1.0] | train det 0.1932 seg 0.0931 cnt 3.0471
[stage1] epoch 100/100 step 16 | loss 8.9468 | w [15.0, 8.0, 1.0] | train det 0.4047 seg 0.0595 cnt 2.4013
[stage1] epoch 100/100 step 17 | loss 5.9482 | w [15.0, 8.0, 1.0] | train det 0.0781 seg 0.1295 cnt 3.7404
[stage1] epoch 100/100 step 18 | loss 6.3798 | w [15.0, 8.0, 1.0] | train det 0.0298 seg 0.1070 cnt 5.0770
[stage1] epoch 100/100 step 19 | loss 6.3347 | w [15.0, 8.0, 1.0] | train det 0.0293 seg 0.0572 cnt 5.4376
[stage1] epoch 100/100 step 20 | loss 5.7718 | w [15.0, 8.0, 1.0] | train det 0.1123 seg 0.0307 cnt 3.8412
[stage1] epoch 100/100 step 21 | loss 5.6510 | w [15.0, 8.0, 1.0] | train det 0.0445 seg 0.1741 cnt 3.5910
[stage1] epoch 100/100 step 22 | loss 6.5434 | w [15.0, 8.0, 1.0] | train det 0.0885 seg 0.0788 cnt 4.5857
[stage1] epoch 100/100 step 23 | loss 10.0832 | w [15.0, 8.0, 1.0] | train det 0.1224 seg 0.1036 cnt 7.4182
[stage1] epoch 100/100 step 24 | loss 6.8376 | w [15.0, 8.0, 1.0] | train det 0.0900 seg 0.0931 cnt 4.7432
[stage1] epoch 100/100 step 25 | loss 4.4610 | w [15.0, 8.0, 1.0] | train det 0.0282 seg 0.0875 cnt 3.3383
[stage1] epoch 100/100 step 26 | loss 4.7946 | w [15.0, 8.0, 1.0] | train det 0.0206 seg 0.0612 cnt 3.9955
[stage1] epoch 100/100 step 27 | loss 5.0664 | w [15.0, 8.0, 1.0] | train det 0.0976 seg 0.0530 cnt 3.1790
[stage1] epoch 100/100 step 28 | loss 5.8728 | w [15.0, 8.0, 1.0] | train det 0.0512 seg 0.0575 cnt 4.6454
[stage1] epoch 100/100 step 29 | loss 5.5371 | w [15.0, 8.0, 1.0] | train det 0.1914 seg 0.0551 cnt 2.2252
[stage1] epoch 100/100 step 30 | loss 5.1754 | w [15.0, 8.0, 1.0] | train det 0.0476 seg 0.1173 cnt 3.5224
[stage1] epoch 100/100 step 31 | loss 5.2893 | w [15.0, 8.0, 1.0] | train det 0.0886 seg 0.0796 cnt 3.3231
[stage1] epoch 100/100 step 32 | loss 7.3218 | w [15.0, 8.0, 1.0] | train det 0.1524 seg 0.2098 cnt 3.3573
[stage1] epoch 100/100 step 33 | loss 4.5641 | w [15.0, 8.0, 1.0] | train det 0.0203 seg 0.1176 cnt 3.3196
[stage1] epoch 100/100 step 34 | loss 12.6062 | w [15.0, 8.0, 1.0] | train det 0.1063 seg 0.0382 cnt 10.7064
[stage1] epoch 100/100 step 35 | loss 25.9055 | w [15.0, 8.0, 1.0] | train det 0.0310 seg 0.1605 cnt 24.1565
[stage1] epoch 100/100 step 36 | loss 4.8229 | w [15.0, 8.0, 1.0] | train det 0.1337 seg 0.0756 cnt 2.2136
[stage1] epoch 100/100 step 37 | loss 7.0211 | w [15.0, 8.0, 1.0] | train det 0.0159 seg 0.0716 cnt 6.2106
[stage1] epoch 100/100 step 38 | loss 3.9680 | w [15.0, 8.0, 1.0] | train det 0.0372 seg 0.0956 cnt 2.6454
[stage1] epoch 100/100 step 39 | loss 7.7205 | w [15.0, 8.0, 1.0] | train det 0.3080 seg 0.1325 cnt 2.0396
[stage1] epoch 100/100 step 40 | loss 3.6342 | w [15.0, 8.0, 1.0] | train det 0.0492 seg 0.0837 cnt 2.2266
[stage1] epoch 100/100 step 41 | loss 9.1301 | w [15.0, 8.0, 1.0] | train det 0.3013 seg 0.1581 cnt 3.3451
[stage1] epoch 100/100 step 42 | loss 9.2484 | w [15.0, 8.0, 1.0] | train det 0.2880 seg 0.1241 cnt 3.9349
[stage1] epoch 100/100 step 43 | loss 7.4966 | w [15.0, 8.0, 1.0] | train det 0.1195 seg 0.1089 cnt 4.8325
[stage1] epoch 100/100 | train 7.7437 | det 0.1237 seg 0.0963 cnt 5.1174
[stage1] epoch 100 | val det 0.4661 seg 1.0328 miou 0.6182 cnt 5.6169 dens 9.675008e-01 mae 4.6494 total_mae 21.1088 | ap50 0.5763 | combo 1.409650
[ckpt] saved stage1 best -> runs/115_grpo_mainonly_vitmae/stage1_best.pt (combo 1.438677)
/data/xiangyuyue/ULLM-zf/fsl-20260209/ours_IJEPA/115_grpo_mainonly_vitmae/utils.py:95: FutureWarning: You are using `torch.load` with `weights_only=False` (the current default value), which uses the default pickle module implicitly. It is possible to construct malicious pickle data which will execute arbitrary code during unpickling (See https://github.com/pytorch/pytorch/blob/main/SECURITY.md#untrusted-models for more details). In a future release, the default value for `weights_only` will be flipped to `True`. This limits the functions that could be executed during unpickling. Arbitrary objects will no longer be allowed to be loaded via this mode unless they are explicitly allowlisted by the user via `torch.serialization.add_safe_globals`. We recommend you start setting `weights_only=True` for any use case where you don't have full control of the loaded file. Please open an issue on GitHub for any issues related to this experimental feature.
  ckpt = torch.load(p, map_location=map_location)
[ckpt] load complete: runs/115_grpo_mainonly_vitmae/stage1_best.pt
[ckpt]   shared: complete=1 missing=0 unexpected=0
[ckpt]   detector: complete=1 missing=0 unexpected=0
[ckpt]   seg_head: complete=1 missing=0 unexpected=0
[ckpt]   cnt_head: complete=1 missing=0 unexpected=0
[stage2] epoch 1/50 step 1 | loss 13.5727 | train det 0.0571 seg 0.1692 cnt 11.3634 | shared_pairs det_seg 144/384 det_cnt 150/384 seg_cnt 90/384 | scores det_seg -2.0629 det_cnt 1.6663 seg_cnt 0.8409
[stage2] epoch 1/50 step 2 | loss 15.5891 | train det 0.1841 seg 0.0506 cnt 12.4234 | shared_pairs det_seg 146/384 det_cnt 166/384 seg_cnt 72/384 | scores det_seg 1.4976 det_cnt 3.7450 seg_cnt -0.9303
[stage2] epoch 1/50 step 3 | loss 13.0147 | train det 0.1063 seg 0.2878 cnt 9.1185 | shared_pairs det_seg 144/384 det_cnt 151/384 seg_cnt 89/384 | scores det_seg -2.0719 det_cnt 0.3513 seg_cnt 0.1861
[stage2] epoch 1/50 step 4 | loss 4.6545 | train det 0.1239 seg 0.1069 cnt 1.9405 | shared_pairs det_seg 172/384 det_cnt 134/384 seg_cnt 78/384 | scores det_seg 2.1960 det_cnt -1.0621 seg_cnt -0.6718
[stage2] epoch 1/50 step 5 | loss 4.3563 | train det 0.0297 seg 0.1184 cnt 2.9645 | shared_pairs det_seg 166/384 det_cnt 152/384 seg_cnt 66/384 | scores det_seg 0.9701 det_cnt -0.0358 seg_cnt -2.5661
[stage2] epoch 1/50 step 6 | loss 6.8161 | train det 0.1215 seg 0.1503 cnt 3.7908 | shared_pairs det_seg 166/384 det_cnt 143/384 seg_cnt 75/384 | scores det_seg 0.1229 det_cnt 0.4090 seg_cnt -0.4150
[stage2] epoch 1/50 step 7 | loss 3.9191 | train det 0.0326 seg 0.1036 cnt 2.6023 | shared_pairs det_seg 167/384 det_cnt 123/384 seg_cnt 94/384 | scores det_seg 2.2963 det_cnt -1.6268 seg_cnt 2.5643
[stage2] epoch 1/50 step 8 | loss 5.7863 | train det 0.0610 seg 0.1204 cnt 3.9078 | shared_pairs det_seg 153/384 det_cnt 147/384 seg_cnt 84/384 | scores det_seg -1.7337 det_cnt -0.8334 seg_cnt 0.2904
[stage2] epoch 1/50 step 9 | loss 4.1320 | train det 0.0377 seg 0.2289 cnt 1.7353 | shared_pairs det_seg 191/384 det_cnt 131/384 seg_cnt 62/384 | scores det_seg 1.6469 det_cnt 0.9861 seg_cnt -0.3574
[stage2] epoch 1/50 step 10 | loss 9.2849 | train det 0.0228 seg 0.1083 cnt 8.0764 | shared_pairs det_seg 181/384 det_cnt 142/384 seg_cnt 61/384 | scores det_seg 1.7777 det_cnt 1.2922 seg_cnt -0.4142
[stage2] epoch 1/50 step 11 | loss 5.1586 | train det 0.1237 seg 0.1518 cnt 2.0882 | shared_pairs det_seg 176/384 det_cnt 125/384 seg_cnt 83/384 | scores det_seg -0.3871 det_cnt -1.9743 seg_cnt 0.3061
[stage2] epoch 1/50 step 12 | loss 8.4291 | train det 0.1086 seg 0.0812 cnt 6.1514 | shared_pairs det_seg 177/384 det_cnt 118/384 seg_cnt 89/384 | scores det_seg -0.1865 det_cnt -2.3023 seg_cnt 2.9195
[stage2] epoch 1/50 step 13 | loss 5.4779 | train det 0.0458 seg 0.2607 cnt 2.7061 | shared_pairs det_seg 164/384 det_cnt 146/384 seg_cnt 74/384 | scores det_seg 1.5065 det_cnt 0.3827 seg_cnt 0.3130
[stage2] epoch 1/50 step 14 | loss 8.7607 | train det 0.3058 seg 0.1764 cnt 2.7619 | shared_pairs det_seg 175/384 det_cnt 145/384 seg_cnt 64/384 | scores det_seg 1.5513 det_cnt 1.4123 seg_cnt -1.0782
[stage2] epoch 1/50 step 15 | loss 6.3574 | train det 0.0668 seg 0.1229 cnt 4.3723 | shared_pairs det_seg 165/384 det_cnt 125/384 seg_cnt 94/384 | scores det_seg -2.0973 det_cnt -3.6798 seg_cnt -0.5270
[stage2] epoch 1/50 step 16 | loss 2.9160 | train det 0.0380 seg 0.0807 cnt 1.7012 | shared_pairs det_seg 176/384 det_cnt 135/384 seg_cnt 73/384 | scores det_seg -1.0218 det_cnt -0.4575 seg_cnt -1.0945
[stage2] epoch 1/50 step 17 | loss 12.6123 | train det 0.3839 seg 0.0988 cnt 6.0639 | shared_pairs det_seg 158/384 det_cnt 138/384 seg_cnt 88/384 | scores det_seg -1.5297 det_cnt -0.5460 seg_cnt 0.1819
[stage2] epoch 1/50 step 18 | loss 3.9946 | train det 0.0343 seg 0.0839 cnt 2.8093 | shared_pairs det_seg 161/384 det_cnt 135/384 seg_cnt 88/384 | scores det_seg 0.7440 det_cnt 1.8160 seg_cnt 1.2219
[stage2] epoch 1/50 step 19 | loss 17.5607 | train det 0.5752 seg 0.1191 cnt 7.9788 | shared_pairs det_seg 196/384 det_cnt 123/384 seg_cnt 65/384 | scores det_seg 0.6806 det_cnt -2.2996 seg_cnt -0.0945
[stage2] epoch 1/50 step 20 | loss 6.2193 | train det 0.1523 seg 0.1572 cnt 2.6765 | shared_pairs det_seg 149/384 det_cnt 157/384 seg_cnt 78/384 | scores det_seg -0.5406 det_cnt 3.2125 seg_cnt 0.4940
[stage2] epoch 1/50 step 21 | loss 7.1264 | train det 0.0357 seg 0.1876 cnt 5.0901 | shared_pairs det_seg 177/384 det_cnt 126/384 seg_cnt 81/384 | scores det_seg -0.6304 det_cnt -4.6030 seg_cnt -1.5820
[stage2] epoch 1/50 step 22 | loss 5.2999 | train det 0.0288 seg 0.0817 cnt 4.2145 | shared_pairs det_seg 175/384 det_cnt 133/384 seg_cnt 76/384 | scores det_seg 0.1088 det_cnt -2.1566 seg_cnt -0.6661
[stage2] epoch 1/50 step 23 | loss 8.2172 | train det 0.0688 seg 0.0989 cnt 6.3937 | shared_pairs det_seg 162/384 det_cnt 132/384 seg_cnt 90/384 | scores det_seg 0.4205 det_cnt 1.3093 seg_cnt 2.7621
[stage2] epoch 1/50 step 24 | loss 10.6777 | train det 0.0477 seg 0.1174 cnt 9.0226 | shared_pairs det_seg 158/384 det_cnt 160/384 seg_cnt 66/384 | scores det_seg 1.4977 det_cnt 0.2788 seg_cnt -1.6951
[stage2] epoch 1/50 step 25 | loss 10.5613 | train det 0.1062 seg 0.1624 cnt 7.6692 | shared_pairs det_seg 177/384 det_cnt 141/384 seg_cnt 66/384 | scores det_seg 1.0836 det_cnt -0.6315 seg_cnt -1.0686
[stage2] epoch 1/50 step 26 | loss 9.6905 | train det 0.0386 seg 0.0452 cnt 8.7502 | shared_pairs det_seg 170/384 det_cnt 122/384 seg_cnt 92/384 | scores det_seg -0.0445 det_cnt -3.5860 seg_cnt -0.8898
[stage2] epoch 1/50 step 27 | loss 11.7358 | train det 0.1426 seg 0.0629 cnt 9.0935 | shared_pairs det_seg 160/384 det_cnt 145/384 seg_cnt 79/384 | scores det_seg 0.2264 det_cnt 0.0786 seg_cnt 0.0008
[stage2] epoch 1/50 step 28 | loss 2.9923 | train det 0.0295 seg 0.0580 cnt 2.0857 | shared_pairs det_seg 153/384 det_cnt 151/384 seg_cnt 80/384 | scores det_seg -1.9696 det_cnt 0.3952 seg_cnt 0.3696
[stage2] epoch 1/50 step 29 | loss 8.2333 | train det 0.2860 seg 0.1103 cnt 3.0613 | shared_pairs det_seg 176/384 det_cnt 130/384 seg_cnt 78/384 | scores det_seg 1.4629 det_cnt -1.6580 seg_cnt 1.5775
[stage2] epoch 1/50 step 30 | loss 5.4618 | train det 0.0521 seg 0.1433 cnt 3.5340 | shared_pairs det_seg 165/384 det_cnt 140/384 seg_cnt 79/384 | scores det_seg -2.1149 det_cnt -0.9068 seg_cnt 1.2885
[stage2] epoch 1/50 step 31 | loss 6.1008 | train det 0.0724 seg 0.1092 cnt 4.1403 | shared_pairs det_seg 165/384 det_cnt 144/384 seg_cnt 75/384 | scores det_seg 2.1528 det_cnt 2.3246 seg_cnt 0.4769
[stage2] epoch 1/50 step 32 | loss 8.6228 | train det 0.2706 seg 0.0452 cnt 4.2017 | shared_pairs det_seg 174/384 det_cnt 135/384 seg_cnt 75/384 | scores det_seg 0.1969 det_cnt -2.8159 seg_cnt -2.0343
[stage2] epoch 1/50 step 33 | loss 8.6731 | train det 0.3507 seg 0.1099 cnt 2.5325 | shared_pairs det_seg 161/384 det_cnt 134/384 seg_cnt 89/384 | scores det_seg -0.0141 det_cnt -1.3723 seg_cnt -0.3698
[stage2] epoch 1/50 step 34 | loss 7.5993 | train det 0.1003 seg 0.1701 cnt 4.7342 | shared_pairs det_seg 178/384 det_cnt 146/384 seg_cnt 60/384 | scores det_seg 1.6619 det_cnt 0.8112 seg_cnt -1.4798
[stage2] epoch 1/50 step 35 | loss 4.0207 | train det 0.0254 seg 0.0745 cnt 3.0443 | shared_pairs det_seg 156/384 det_cnt 145/384 seg_cnt 83/384 | scores det_seg 0.3335 det_cnt -1.0859 seg_cnt -0.6428
[stage2] epoch 1/50 step 36 | loss 7.6436 | train det 0.0317 seg 0.1760 cnt 5.7604 | shared_pairs det_seg 170/384 det_cnt 124/384 seg_cnt 90/384 | scores det_seg -2.4328 det_cnt -1.6835 seg_cnt 0.2791
[stage2] epoch 1/50 step 37 | loss 5.1374 | train det 0.0484 seg 0.1387 cnt 3.3027 | shared_pairs det_seg 150/384 det_cnt 166/384 seg_cnt 68/384 | scores det_seg -1.1381 det_cnt 2.8770 seg_cnt -0.4477
[stage2] epoch 1/50 step 38 | loss 8.3658 | train det 0.1961 seg 0.1178 cnt 4.4816 | shared_pairs det_seg 174/384 det_cnt 137/384 seg_cnt 73/384 | scores det_seg -0.6750 det_cnt 1.8129 seg_cnt -0.8316
[stage2] epoch 1/50 step 39 | loss 7.7910 | train det 0.1257 seg 0.1017 cnt 5.0910 | shared_pairs det_seg 162/384 det_cnt 151/384 seg_cnt 71/384 | scores det_seg -0.3382 det_cnt -0.5348 seg_cnt -0.1343
[stage2] epoch 1/50 step 40 | loss 4.5715 | train det 0.1088 seg 0.1265 cnt 1.9278 | shared_pairs det_seg 161/384 det_cnt 132/384 seg_cnt 91/384 | scores det_seg -1.9826 det_cnt -2.5703 seg_cnt 1.4998
[stage2] epoch 1/50 step 41 | loss 7.5050 | train det 0.0332 seg 0.1527 cnt 5.7856 | shared_pairs det_seg 187/384 det_cnt 131/384 seg_cnt 66/384 | scores det_seg 2.5330 det_cnt 2.1024 seg_cnt -0.6834
[stage2] epoch 1/50 step 42 | loss 5.1258 | train det 0.0970 seg 0.1064 cnt 2.8194 | shared_pairs det_seg 185/384 det_cnt 118/384 seg_cnt 81/384 | scores det_seg -0.0293 det_cnt -1.3614 seg_cnt 0.0896
[stage2] epoch 1/50 step 43 | loss 9.5668 | train det 0.0460 seg 0.0785 cnt 8.2479 | shared_pairs det_seg 154/384 det_cnt 152/384 seg_cnt 78/384 | scores det_seg -0.4711 det_cnt 2.4514 seg_cnt -0.1710
[stage2] epoch 1/50 | train 7.6589 | det 0.1152 seg 0.1245 cnt 4.9353 | selected_by_matrix_unit det_seg 7177 det_cnt 5981 seg_cnt 3354
[stage2] epoch 1 | val det 0.4563 seg 1.0156 miou 0.6121 cnt 5.5487 dens 9.844144e-01 mae 4.5643 total_mae 24.1119 | ap50 0.5676 | combo 1.398751
[ckpt] new best cached (stage2 epoch 1, combo 1.398751)
[stage2] epoch 2/50 step 1 | loss 5.8169 | train det 0.0209 seg 0.1212 cnt 4.5333 | shared_pairs det_seg 175/384 det_cnt 130/384 seg_cnt 79/384 | scores det_seg 1.3402 det_cnt -0.1267 seg_cnt 1.3122
[stage2] epoch 2/50 step 2 | loss 3.5163 | train det 0.0252 seg 0.0635 cnt 2.6305 | shared_pairs det_seg 164/384 det_cnt 149/384 seg_cnt 71/384 | scores det_seg -0.4928 det_cnt 0.3922 seg_cnt -0.0526
[stage2] epoch 2/50 step 3 | loss 6.2003 | train det 0.0490 seg 0.0851 cnt 4.7841 | shared_pairs det_seg 153/384 det_cnt 148/384 seg_cnt 83/384 | scores det_seg -1.3437 det_cnt -0.6565 seg_cnt 1.6019
[stage2] epoch 2/50 step 4 | loss 6.4735 | train det 0.1158 seg 0.2023 cnt 3.1188 | shared_pairs det_seg 162/384 det_cnt 129/384 seg_cnt 93/384 | scores det_seg 0.5686 det_cnt -0.2552 seg_cnt 1.7390
[stage2] epoch 2/50 step 5 | loss 5.9117 | train det 0.0846 seg 0.1319 cnt 3.5872 | shared_pairs det_seg 165/384 det_cnt 151/384 seg_cnt 68/384 | scores det_seg 0.4278 det_cnt -0.0813 seg_cnt -2.0569
[stage2] epoch 2/50 step 6 | loss 4.5328 | train det 0.0972 seg 0.1496 cnt 1.8777 | shared_pairs det_seg 160/384 det_cnt 143/384 seg_cnt 81/384 | scores det_seg 0.7302 det_cnt -0.4182 seg_cnt -0.8210
[stage2] epoch 2/50 step 7 | loss 4.3579 | train det 0.0594 seg 0.0923 cnt 2.7293 | shared_pairs det_seg 140/384 det_cnt 167/384 seg_cnt 77/384 | scores det_seg -2.2378 det_cnt 4.3563 seg_cnt -0.3227
[stage2] epoch 2/50 step 8 | loss 6.2653 | train det 0.0768 seg 0.0484 cnt 4.7259 | shared_pairs det_seg 175/384 det_cnt 141/384 seg_cnt 68/384 | scores det_seg 2.2726 det_cnt 1.9082 seg_cnt 0.4488
[stage2] epoch 2/50 step 9 | loss 6.4592 | train det 0.0636 seg 0.0668 cnt 4.9702 | shared_pairs det_seg 163/384 det_cnt 132/384 seg_cnt 89/384 | scores det_seg -0.3404 det_cnt 0.0885 seg_cnt 0.3127
[stage2] epoch 2/50 step 10 | loss 6.8050 | train det 0.0301 seg 0.0769 cnt 5.7380 | shared_pairs det_seg 144/384 det_cnt 136/384 seg_cnt 104/384 | scores det_seg -2.2734 det_cnt 0.5700 seg_cnt 2.9362
[stage2] epoch 2/50 step 11 | loss 8.0123 | train det 0.2430 seg 0.1640 cnt 3.0554 | shared_pairs det_seg 166/384 det_cnt 152/384 seg_cnt 66/384 | scores det_seg 0.5669 det_cnt 2.7102 seg_cnt -0.3867
[stage2] epoch 2/50 step 12 | loss 8.9597 | train det 0.1111 seg 0.1015 cnt 6.4811 | shared_pairs det_seg 164/384 det_cnt 141/384 seg_cnt 79/384 | scores det_seg -0.1225 det_cnt 0.8997 seg_cnt -0.3894
[stage2] epoch 2/50 step 13 | loss 5.8743 | train det 0.0589 seg 0.0464 cnt 4.6200 | shared_pairs det_seg 160/384 det_cnt 149/384 seg_cnt 75/384 | scores det_seg 0.2133 det_cnt 1.3357 seg_cnt 0.5999
[stage2] epoch 2/50 step 14 | loss 30.2625 | train det 0.0961 seg 0.1173 cnt 27.8825 | shared_pairs det_seg 157/384 det_cnt 146/384 seg_cnt 81/384 | scores det_seg -0.1672 det_cnt 0.0309 seg_cnt -1.2804
[stage2] epoch 2/50 step 15 | loss 6.9860 | train det 0.0472 seg 0.3330 cnt 3.6149 | shared_pairs det_seg 173/384 det_cnt 154/384 seg_cnt 57/384 | scores det_seg 2.5890 det_cnt 2.6690 seg_cnt 0.8333
[stage2] epoch 2/50 step 16 | loss 9.3550 | train det 0.0728 seg 0.0854 cnt 7.5795 | shared_pairs det_seg 170/384 det_cnt 138/384 seg_cnt 76/384 | scores det_seg -0.9042 det_cnt -0.9061 seg_cnt -1.9466
[stage2] epoch 2/50 step 17 | loss 7.4571 | train det 0.1294 seg 0.1634 cnt 4.2091 | shared_pairs det_seg 150/384 det_cnt 154/384 seg_cnt 80/384 | scores det_seg -0.9356 det_cnt 1.1608 seg_cnt 1.1199
[stage2] epoch 2/50 step 18 | loss 10.0622 | train det 0.3117 seg 0.0859 cnt 4.6991 | shared_pairs det_seg 185/384 det_cnt 124/384 seg_cnt 75/384 | scores det_seg 0.7198 det_cnt -2.0918 seg_cnt 0.1780
[stage2] epoch 2/50 step 19 | loss 10.7086 | train det 0.1452 seg 0.0907 cnt 7.8055 | shared_pairs det_seg 149/384 det_cnt 170/384 seg_cnt 65/384 | scores det_seg -0.0314 det_cnt 3.0259 seg_cnt -0.6095
[stage2] epoch 2/50 step 20 | loss 11.5631 | train det 0.0787 seg 0.1294 cnt 9.3470 | shared_pairs det_seg 186/384 det_cnt 137/384 seg_cnt 61/384 | scores det_seg 2.5608 det_cnt 0.7270 seg_cnt -0.6871
[stage2] epoch 2/50 step 21 | loss 8.1747 | train det 0.0739 seg 0.1777 cnt 5.6445 | shared_pairs det_seg 175/384 det_cnt 139/384 seg_cnt 70/384 | scores det_seg 1.0743 det_cnt 0.3280 seg_cnt -1.2845
[stage2] epoch 2/50 step 22 | loss 5.7684 | train det 0.0467 seg 0.1213 cnt 4.0976 | shared_pairs det_seg 152/384 det_cnt 163/384 seg_cnt 69/384 | scores det_seg 0.3173 det_cnt 4.1213 seg_cnt -1.5204
[stage2] epoch 2/50 step 23 | loss 4.6130 | train det 0.0407 seg 0.0638 cnt 3.4932 | shared_pairs det_seg 176/384 det_cnt 130/384 seg_cnt 78/384 | scores det_seg -1.7480 det_cnt -0.4413 seg_cnt -1.7829
[stage2] epoch 2/50 step 24 | loss 7.1419 | train det 0.1194 seg 0.0926 cnt 4.6095 | shared_pairs det_seg 174/384 det_cnt 132/384 seg_cnt 78/384 | scores det_seg 3.7940 det_cnt 0.3752 seg_cnt -0.0323
[stage2] epoch 2/50 step 25 | loss 10.5137 | train det 0.2794 seg 0.0913 cnt 5.5926 | shared_pairs det_seg 186/384 det_cnt 124/384 seg_cnt 74/384 | scores det_seg 1.1808 det_cnt -0.0002 seg_cnt -0.8282
[stage2] epoch 2/50 step 26 | loss 6.0198 | train det 0.0164 seg 0.1400 cnt 4.6536 | shared_pairs det_seg 174/384 det_cnt 143/384 seg_cnt 67/384 | scores det_seg 3.5952 det_cnt 0.1195 seg_cnt 0.4803
[stage2] epoch 2/50 step 27 | loss 7.2537 | train det 0.0702 seg 0.1638 cnt 4.8906 | shared_pairs det_seg 167/384 det_cnt 136/384 seg_cnt 81/384 | scores det_seg 2.6195 det_cnt -0.3059 seg_cnt 1.3915
[stage2] epoch 2/50 step 28 | loss 4.5476 | train det 0.0581 seg 0.1149 cnt 2.7566 | shared_pairs det_seg 162/384 det_cnt 131/384 seg_cnt 91/384 | scores det_seg 0.8480 det_cnt 0.3034 seg_cnt 2.2208
[stage2] epoch 2/50 step 29 | loss 4.9383 | train det 0.0816 seg 0.1350 cnt 2.6347 | shared_pairs det_seg 160/384 det_cnt 150/384 seg_cnt 74/384 | scores det_seg 0.6979 det_cnt 2.1359 seg_cnt 1.0705
[stage2] epoch 2/50 step 30 | loss 3.6340 | train det 0.0361 seg 0.0935 cnt 2.3441 | shared_pairs det_seg 163/384 det_cnt 151/384 seg_cnt 70/384 | scores det_seg 0.0872 det_cnt -0.0580 seg_cnt -2.3793
[stage2] epoch 2/50 step 31 | loss 9.4408 | train det 0.4312 seg 0.0826 cnt 2.3128 | shared_pairs det_seg 170/384 det_cnt 118/384 seg_cnt 96/384 | scores det_seg 1.0370 det_cnt -2.5045 seg_cnt 1.9408
[stage2] epoch 2/50 step 32 | loss 7.5555 | train det 0.0434 seg 0.1335 cnt 5.8371 | shared_pairs det_seg 171/384 det_cnt 138/384 seg_cnt 75/384 | scores det_seg 0.5153 det_cnt 0.4495 seg_cnt 1.1714
[stage2] epoch 2/50 step 33 | loss 8.0054 | train det 0.1287 seg 0.0912 cnt 5.3453 | shared_pairs det_seg 159/384 det_cnt 148/384 seg_cnt 77/384 | scores det_seg -0.7570 det_cnt -0.6571 seg_cnt 0.7218
[stage2] epoch 2/50 step 34 | loss 7.2412 | train det 0.0355 seg 0.1516 cnt 5.4962 | shared_pairs det_seg 196/384 det_cnt 118/384 seg_cnt 70/384 | scores det_seg 1.5477 det_cnt -3.4665 seg_cnt -3.1152
[stage2] epoch 2/50 step 35 | loss 6.6976 | train det 0.1436 seg 0.0870 cnt 3.8476 | shared_pairs det_seg 159/384 det_cnt 155/384 seg_cnt 70/384 | scores det_seg 0.3822 det_cnt 0.5339 seg_cnt 0.4747
[stage2] epoch 2/50 step 36 | loss 7.4626 | train det 0.0180 seg 0.0615 cnt 6.7011 | shared_pairs det_seg 168/384 det_cnt 149/384 seg_cnt 67/384 | scores det_seg 0.0370 det_cnt 2.4437 seg_cnt -0.4392
[stage2] epoch 2/50 step 37 | loss 5.8536 | train det 0.0318 seg 0.1744 cnt 3.9817 | shared_pairs det_seg 176/384 det_cnt 121/384 seg_cnt 87/384 | scores det_seg -0.1286 det_cnt -0.3444 seg_cnt 0.6952
[stage2] epoch 2/50 step 38 | loss 24.1308 | train det 0.0248 seg 0.2526 cnt 21.7376 | shared_pairs det_seg 160/384 det_cnt 144/384 seg_cnt 80/384 | scores det_seg -1.3516 det_cnt -0.8574 seg_cnt -0.8276
[stage2] epoch 2/50 step 39 | loss 4.2512 | train det 0.0323 seg 0.1095 cnt 2.8897 | shared_pairs det_seg 159/384 det_cnt 150/384 seg_cnt 75/384 | scores det_seg 0.0492 det_cnt 3.3675 seg_cnt -2.4223
[stage2] epoch 2/50 step 40 | loss 7.0199 | train det 0.1024 seg 0.0868 cnt 4.7898 | shared_pairs det_seg 157/384 det_cnt 144/384 seg_cnt 83/384 | scores det_seg 0.9540 det_cnt -0.3520 seg_cnt 1.2872
[stage2] epoch 2/50 step 41 | loss 8.2439 | train det 0.1196 seg 0.1929 cnt 4.9064 | shared_pairs det_seg 176/384 det_cnt 133/384 seg_cnt 75/384 | scores det_seg -0.8207 det_cnt -1.4270 seg_cnt 0.7945
[stage2] epoch 2/50 step 42 | loss 5.2350 | train det 0.1043 seg 0.1718 cnt 2.2966 | shared_pairs det_seg 173/384 det_cnt 133/384 seg_cnt 78/384 | scores det_seg 1.5343 det_cnt -1.3040 seg_cnt 1.6354
[stage2] epoch 2/50 step 43 | loss 8.2555 | train det 0.0607 seg 0.2046 cnt 5.7078 | shared_pairs det_seg 163/384 det_cnt 145/384 seg_cnt 76/384 | scores det_seg 0.4539 det_cnt 1.8421 seg_cnt 0.6774
[stage2] epoch 2/50 | train 7.8506 | det 0.0934 seg 0.1244 cnt 5.4548 | selected_by_matrix_unit det_seg 7137 det_cnt 6086 seg_cnt 3289
[stage2] epoch 2 | val det 0.4606 seg 0.9792 miou 0.6223 cnt 5.2523 dens 9.761995e-01 mae 4.2761 total_mae 21.1234 | ap50 0.5758 | combo 1.431983
[ckpt] new best cached (stage2 epoch 2, combo 1.431983)
[stage2] epoch 3/50 step 1 | loss 6.7157 | train det 0.0394 seg 0.1017 cnt 5.3117 | shared_pairs det_seg 178/384 det_cnt 133/384 seg_cnt 73/384 | scores det_seg 2.9230 det_cnt -0.1243 seg_cnt -0.5208
[stage2] epoch 3/50 step 2 | loss 9.5512 | train det 0.1179 seg 0.0681 cnt 7.2375 | shared_pairs det_seg 195/384 det_cnt 126/384 seg_cnt 63/384 | scores det_seg 3.7185 det_cnt -1.3638 seg_cnt -0.9602
[stage2] epoch 3/50 step 3 | loss 8.8285 | train det 0.0262 seg 0.0793 cnt 7.8003 | shared_pairs det_seg 199/384 det_cnt 122/384 seg_cnt 63/384 | scores det_seg 0.5283 det_cnt -3.2409 seg_cnt -0.3830
[stage2] epoch 3/50 step 4 | loss 4.7093 | train det 0.0351 seg 0.0323 cnt 3.9238 | shared_pairs det_seg 173/384 det_cnt 144/384 seg_cnt 67/384 | scores det_seg -0.7309 det_cnt 1.0916 seg_cnt -3.0488
[stage2] epoch 3/50 step 5 | loss 9.9070 | train det 0.2953 seg 0.1023 cnt 4.6588 | shared_pairs det_seg 167/384 det_cnt 142/384 seg_cnt 75/384 | scores det_seg 1.4777 det_cnt -1.5477 seg_cnt -0.2255
[stage2] epoch 3/50 step 6 | loss 9.5674 | train det 0.2328 seg 0.2468 cnt 4.1019 | shared_pairs det_seg 167/384 det_cnt 137/384 seg_cnt 80/384 | scores det_seg -0.0148 det_cnt 1.2451 seg_cnt 1.1390
[stage2] epoch 3/50 step 7 | loss 11.1314 | train det 0.0400 seg 0.1869 cnt 9.0369 | shared_pairs det_seg 162/384 det_cnt 153/384 seg_cnt 69/384 | scores det_seg 0.2212 det_cnt -1.4905 seg_cnt -0.9274
[stage2] epoch 3/50 step 8 | loss 5.1495 | train det 0.0627 seg 0.1708 cnt 2.8429 | shared_pairs det_seg 183/384 det_cnt 138/384 seg_cnt 63/384 | scores det_seg 0.5037 det_cnt -0.7962 seg_cnt -3.3703
[stage2] epoch 3/50 step 9 | loss 10.1317 | train det 0.0555 seg 0.0845 cnt 8.6231 | shared_pairs det_seg 168/384 det_cnt 132/384 seg_cnt 84/384 | scores det_seg 1.6805 det_cnt 1.2104 seg_cnt -0.8595
[stage2] epoch 3/50 step 10 | loss 3.8911 | train det 0.1138 seg 0.0753 cnt 1.5813 | shared_pairs det_seg 163/384 det_cnt 149/384 seg_cnt 72/384 | scores det_seg 0.7213 det_cnt 0.9492 seg_cnt -1.4096
[stage2] epoch 3/50 step 11 | loss 5.3191 | train det 0.0949 seg 0.1182 cnt 2.9507 | shared_pairs det_seg 143/384 det_cnt 170/384 seg_cnt 71/384 | scores det_seg -1.1281 det_cnt 2.5721 seg_cnt -0.6896
[stage2] epoch 3/50 step 12 | loss 5.7913 | train det 0.0572 seg 0.2423 cnt 2.9947 | shared_pairs det_seg 171/384 det_cnt 133/384 seg_cnt 80/384 | scores det_seg -0.3398 det_cnt -1.8052 seg_cnt 1.6128
[stage2] epoch 3/50 step 13 | loss 4.0794 | train det 0.0239 seg 0.1645 cnt 2.4052 | shared_pairs det_seg 162/384 det_cnt 133/384 seg_cnt 89/384 | scores det_seg -2.2748 det_cnt -0.7195 seg_cnt 1.0920
[stage2] epoch 3/50 step 14 | loss 7.1948 | train det 0.0412 seg 0.1176 cnt 5.6362 | shared_pairs det_seg 188/384 det_cnt 137/384 seg_cnt 59/384 | scores det_seg 0.9175 det_cnt -1.0361 seg_cnt -3.6662
[stage2] epoch 3/50 step 15 | loss 3.0611 | train det 0.0186 seg 0.1305 cnt 1.7389 | shared_pairs det_seg 156/384 det_cnt 152/384 seg_cnt 76/384 | scores det_seg 0.1991 det_cnt 1.9722 seg_cnt 1.5344
[stage2] epoch 3/50 step 16 | loss 5.5905 | train det 0.0403 seg 0.1322 cnt 3.9287 | shared_pairs det_seg 163/384 det_cnt 140/384 seg_cnt 81/384 | scores det_seg 1.4285 det_cnt 0.6719 seg_cnt 0.4583
[stage2] epoch 3/50 step 17 | loss 4.7149 | train det 0.1059 seg 0.1132 cnt 2.2201 | shared_pairs det_seg 167/384 det_cnt 149/384 seg_cnt 68/384 | scores det_seg -2.2239 det_cnt -2.2815 seg_cnt -2.8050
[stage2] epoch 3/50 step 18 | loss 3.6625 | train det 0.0347 seg 0.0347 cnt 2.8641 | shared_pairs det_seg 182/384 det_cnt 135/384 seg_cnt 67/384 | scores det_seg 2.0934 det_cnt -0.6749 seg_cnt 0.1319
[stage2] epoch 3/50 step 19 | loss 7.9379 | train det 0.1409 seg 0.1183 cnt 4.8780 | shared_pairs det_seg 159/384 det_cnt 142/384 seg_cnt 83/384 | scores det_seg -1.1732 det_cnt 0.7377 seg_cnt 1.4078
[stage2] epoch 3/50 step 20 | loss 8.0938 | train det 0.2370 seg 0.0813 cnt 3.8887 | shared_pairs det_seg 171/384 det_cnt 126/384 seg_cnt 87/384 | scores det_seg -0.0560 det_cnt 0.5463 seg_cnt -0.7828
[stage2] epoch 3/50 step 21 | loss 4.0865 | train det 0.0485 seg 0.0718 cnt 2.7856 | shared_pairs det_seg 173/384 det_cnt 121/384 seg_cnt 90/384 | scores det_seg 1.7699 det_cnt -3.0387 seg_cnt -0.9432
[stage2] epoch 3/50 step 22 | loss 9.8809 | train det 0.1284 seg 0.0428 cnt 7.6126 | shared_pairs det_seg 159/384 det_cnt 153/384 seg_cnt 72/384 | scores det_seg 0.3746 det_cnt 1.2607 seg_cnt -0.5754
[stage2] epoch 3/50 step 23 | loss 4.9810 | train det 0.0347 seg 0.0924 cnt 3.7217 | shared_pairs det_seg 167/384 det_cnt 159/384 seg_cnt 58/384 | scores det_seg -0.0044 det_cnt 1.6484 seg_cnt -0.3576
[stage2] epoch 3/50 step 24 | loss 13.5714 | train det 0.0606 seg 0.0728 cnt 12.0806 | shared_pairs det_seg 149/384 det_cnt 159/384 seg_cnt 76/384 | scores det_seg -0.5067 det_cnt 1.4034 seg_cnt 0.4314
[stage2] epoch 3/50 step 25 | loss 6.4051 | train det 0.0283 seg 0.1443 cnt 4.8259 | shared_pairs det_seg 146/384 det_cnt 156/384 seg_cnt 82/384 | scores det_seg -1.3973 det_cnt 2.6067 seg_cnt 0.8302
[stage2] epoch 3/50 step 26 | loss 8.4107 | train det 0.0548 seg 0.1069 cnt 6.7334 | shared_pairs det_seg 159/384 det_cnt 131/384 seg_cnt 94/384 | scores det_seg 0.4649 det_cnt -1.9597 seg_cnt -0.5392
[stage2] epoch 3/50 step 27 | loss 12.7788 | train det 0.0496 seg 0.1324 cnt 10.9750 | shared_pairs det_seg 172/384 det_cnt 142/384 seg_cnt 70/384 | scores det_seg 2.5475 det_cnt 1.4247 seg_cnt -0.2468
[stage2] epoch 3/50 step 28 | loss 6.4717 | train det 0.1243 seg 0.0910 cnt 3.8795 | shared_pairs det_seg 167/384 det_cnt 138/384 seg_cnt 79/384 | scores det_seg 1.2509 det_cnt -1.5366 seg_cnt -0.6230
[stage2] epoch 3/50 step 29 | loss 5.6920 | train det 0.1110 seg 0.0856 cnt 3.3420 | shared_pairs det_seg 160/384 det_cnt 146/384 seg_cnt 78/384 | scores det_seg 0.8279 det_cnt 1.6470 seg_cnt 2.6181
[stage2] epoch 3/50 step 30 | loss 6.5525 | train det 0.0371 seg 0.1255 cnt 4.9919 | shared_pairs det_seg 164/384 det_cnt 157/384 seg_cnt 63/384 | scores det_seg 1.4756 det_cnt 1.4499 seg_cnt 0.0211
[stage2] epoch 3/50 step 31 | loss 9.5174 | train det 0.0802 seg 0.1138 cnt 7.4043 | shared_pairs det_seg 152/384 det_cnt 156/384 seg_cnt 76/384 | scores det_seg -0.9975 det_cnt -0.3188 seg_cnt 0.0040
[stage2] epoch 3/50 step 32 | loss 3.7113 | train det 0.0307 seg 0.0659 cnt 2.7238 | shared_pairs det_seg 148/384 det_cnt 157/384 seg_cnt 79/384 | scores det_seg -1.4799 det_cnt 1.5768 seg_cnt -1.2816
[stage2] epoch 3/50 step 33 | loss 7.8715 | train det 0.0394 seg 0.1358 cnt 6.1935 | shared_pairs det_seg 174/384 det_cnt 127/384 seg_cnt 83/384 | scores det_seg -0.0072 det_cnt -1.4117 seg_cnt 2.1417
[stage2] epoch 3/50 step 34 | loss 3.2707 | train det 0.0386 seg 0.1225 cnt 1.7110 | shared_pairs det_seg 174/384 det_cnt 136/384 seg_cnt 74/384 | scores det_seg 0.3093 det_cnt -1.5815 seg_cnt -0.2876
[stage2] epoch 3/50 step 35 | loss 7.9427 | train det 0.1680 seg 0.1903 cnt 3.9004 | shared_pairs det_seg 164/384 det_cnt 146/384 seg_cnt 74/384 | scores det_seg 2.1711 det_cnt -0.3534 seg_cnt -0.9545
[stage2] epoch 3/50 step 36 | loss 3.7076 | train det 0.0417 seg 0.0693 cnt 2.5269 | shared_pairs det_seg 162/384 det_cnt 157/384 seg_cnt 65/384 | scores det_seg -2.4998 det_cnt 0.6523 seg_cnt -1.3084
[stage2] epoch 3/50 step 37 | loss 2.7919 | train det 0.0242 seg 0.0447 cnt 2.0708 | shared_pairs det_seg 160/384 det_cnt 150/384 seg_cnt 74/384 | scores det_seg 0.1918 det_cnt 0.5623 seg_cnt 0.6980
[stage2] epoch 3/50 step 38 | loss 7.5067 | train det 0.0849 seg 0.0758 cnt 5.6278 | shared_pairs det_seg 170/384 det_cnt 146/384 seg_cnt 68/384 | scores det_seg -0.0262 det_cnt -1.0505 seg_cnt 0.6527
[stage2] epoch 3/50 step 39 | loss 3.5139 | train det 0.0331 seg 0.1643 cnt 1.7032 | shared_pairs det_seg 172/384 det_cnt 133/384 seg_cnt 79/384 | scores det_seg 0.2424 det_cnt -2.3606 seg_cnt 1.0311
[stage2] epoch 3/50 step 40 | loss 2.5837 | train det 0.0344 seg 0.1059 cnt 1.2195 | shared_pairs det_seg 165/384 det_cnt 147/384 seg_cnt 72/384 | scores det_seg -1.6391 det_cnt -1.2503 seg_cnt -3.7407
[stage2] epoch 3/50 step 41 | loss 7.2216 | train det 0.2868 seg 0.0708 cnt 2.3536 | shared_pairs det_seg 161/384 det_cnt 140/384 seg_cnt 83/384 | scores det_seg 1.6494 det_cnt -1.0867 seg_cnt 0.1364
[stage2] epoch 3/50 step 42 | loss 7.0790 | train det 0.2598 seg 0.0905 cnt 2.4586 | shared_pairs det_seg 178/384 det_cnt 132/384 seg_cnt 74/384 | scores det_seg 1.6202 det_cnt -0.1172 seg_cnt -0.1225
[stage2] epoch 3/50 step 43 | loss 6.4661 | train det 0.0514 seg 0.1572 cnt 4.4368 | shared_pairs det_seg 154/384 det_cnt 142/384 seg_cnt 88/384 | scores det_seg -0.9181 det_cnt -0.2229 seg_cnt 0.8610
[stage2] epoch 3/50 | train 6.6754 | det 0.0852 seg 0.1110 cnt 4.5094 | selected_by_matrix_unit det_seg 7167 det_cnt 6124 seg_cnt 3221
[stage2] epoch 3 | val det 0.4683 seg 1.0007 miou 0.6167 cnt 4.9877 dens 9.747954e-01 mae 4.0129 total_mae 21.3323 | ap50 0.5746 | combo 1.440472
[ckpt] new best cached (stage2 epoch 3, combo 1.440472)
[stage2] epoch 4/50 step 1 | loss 5.3025 | train det 0.1176 seg 0.1624 cnt 2.2402 | shared_pairs det_seg 152/384 det_cnt 144/384 seg_cnt 88/384 | scores det_seg -0.7775 det_cnt 2.1277 seg_cnt 0.7443
[stage2] epoch 4/50 step 2 | loss 5.2829 | train det 0.0312 seg 0.1138 cnt 3.9041 | shared_pairs det_seg 167/384 det_cnt 142/384 seg_cnt 75/384 | scores det_seg 0.5155 det_cnt -0.2087 seg_cnt 0.6436
[stage2] epoch 4/50 step 3 | loss 4.4970 | train det 0.0856 seg 0.1061 cnt 2.3648 | shared_pairs det_seg 174/384 det_cnt 126/384 seg_cnt 84/384 | scores det_seg 0.7236 det_cnt -2.3101 seg_cnt -0.2852
[stage2] epoch 4/50 step 4 | loss 6.5080 | train det 0.0299 seg 0.0691 cnt 5.5072 | shared_pairs det_seg 165/384 det_cnt 147/384 seg_cnt 72/384 | scores det_seg 0.8567 det_cnt 0.1653 seg_cnt -0.2190
[stage2] epoch 4/50 step 5 | loss 6.3963 | train det 0.0412 seg 0.1169 cnt 4.8427 | shared_pairs det_seg 160/384 det_cnt 136/384 seg_cnt 88/384 | scores det_seg -3.2934 det_cnt -1.5545 seg_cnt 0.5106
[stage2] epoch 4/50 step 6 | loss 5.4770 | train det 0.0789 seg 0.0812 cnt 3.6433 | shared_pairs det_seg 164/384 det_cnt 141/384 seg_cnt 79/384 | scores det_seg -0.9142 det_cnt 1.1148 seg_cnt -0.6049
[stage2] epoch 4/50 step 7 | loss 5.1860 | train det 0.1168 seg 0.0471 cnt 3.0570 | shared_pairs det_seg 186/384 det_cnt 118/384 seg_cnt 80/384 | scores det_seg 1.3618 det_cnt -0.3040 seg_cnt -1.1969
[stage2] epoch 4/50 step 8 | loss 2.9153 | train det 0.0275 seg 0.0909 cnt 1.7749 | shared_pairs det_seg 174/384 det_cnt 127/384 seg_cnt 83/384 | scores det_seg -3.9369 det_cnt -1.7588 seg_cnt -0.6119
[stage2] epoch 4/50 step 9 | loss 5.7839 | train det 0.1520 seg 0.0986 cnt 2.7145 | shared_pairs det_seg 160/384 det_cnt 145/384 seg_cnt 79/384 | scores det_seg 0.1123 det_cnt 1.3706 seg_cnt 1.0763
[stage2] epoch 4/50 step 10 | loss 4.9945 | train det 0.0445 seg 0.0556 cnt 3.8819 | shared_pairs det_seg 157/384 det_cnt 143/384 seg_cnt 84/384 | scores det_seg -0.7127 det_cnt 0.0637 seg_cnt 0.1237
[stage2] epoch 4/50 step 11 | loss 4.1628 | train det 0.0272 seg 0.1424 cnt 2.6160 | shared_pairs det_seg 169/384 det_cnt 150/384 seg_cnt 65/384 | scores det_seg -0.2313 det_cnt 1.2016 seg_cnt -1.4667
[stage2] epoch 4/50 step 12 | loss 9.5854 | train det 0.2509 seg 0.1144 cnt 4.9060 | shared_pairs det_seg 177/384 det_cnt 145/384 seg_cnt 62/384 | scores det_seg 0.8543 det_cnt 0.6177 seg_cnt -2.6386
[stage2] epoch 4/50 step 13 | loss 8.9213 | train det 0.0393 seg 0.0789 cnt 7.7000 | shared_pairs det_seg 150/384 det_cnt 166/384 seg_cnt 68/384 | scores det_seg -0.7202 det_cnt 0.5845 seg_cnt -1.3850
[stage2] epoch 4/50 step 14 | loss 9.5561 | train det 0.0411 seg 0.1159 cnt 8.0119 | shared_pairs det_seg 169/384 det_cnt 146/384 seg_cnt 69/384 | scores det_seg 0.9703 det_cnt 1.4538 seg_cnt 0.5150
[stage2] epoch 4/50 step 15 | loss 6.2029 | train det 0.0288 seg 0.0611 cnt 5.2816 | shared_pairs det_seg 167/384 det_cnt 136/384 seg_cnt 81/384 | scores det_seg -2.7124 det_cnt 0.0997 seg_cnt 1.1489
[stage2] epoch 4/50 step 16 | loss 9.8699 | train det 0.0491 seg 0.1392 cnt 8.0194 | shared_pairs det_seg 171/384 det_cnt 149/384 seg_cnt 64/384 | scores det_seg 1.3460 det_cnt 0.3525 seg_cnt -1.3677
[stage2] epoch 4/50 step 17 | loss 10.7881 | train det 0.0821 seg 0.0944 cnt 8.8006 | shared_pairs det_seg 158/384 det_cnt 150/384 seg_cnt 76/384 | scores det_seg 2.2796 det_cnt 2.7293 seg_cnt -1.2687
[stage2] epoch 4/50 step 18 | loss 7.2221 | train det 0.0439 seg 0.1702 cnt 5.2025 | shared_pairs det_seg 167/384 det_cnt 149/384 seg_cnt 68/384 | scores det_seg 0.4164 det_cnt 0.0521 seg_cnt -1.1703
[stage2] epoch 4/50 step 19 | loss 7.3128 | train det 0.0802 seg 0.1515 cnt 4.8976 | shared_pairs det_seg 187/384 det_cnt 112/384 seg_cnt 85/384 | scores det_seg 2.6149 det_cnt -3.5613 seg_cnt 1.8369
[stage2] epoch 4/50 step 20 | loss 8.3979 | train det 0.0710 seg 0.0872 cnt 6.6353 | shared_pairs det_seg 180/384 det_cnt 140/384 seg_cnt 64/384 | scores det_seg 0.5153 det_cnt 2.0608 seg_cnt -2.7353
[stage2] epoch 4/50 step 21 | loss 13.9707 | train det 0.2366 seg 0.1173 cnt 9.4834 | shared_pairs det_seg 161/384 det_cnt 145/384 seg_cnt 78/384 | scores det_seg 0.1328 det_cnt 1.5011 seg_cnt 0.3599
[stage2] epoch 4/50 step 22 | loss 6.5629 | train det 0.1573 seg 0.0820 cnt 3.5478 | shared_pairs det_seg 150/384 det_cnt 166/384 seg_cnt 68/384 | scores det_seg 0.3345 det_cnt 1.9412 seg_cnt -0.9377
[stage2] epoch 4/50 step 23 | loss 3.9804 | train det 0.0489 seg 0.1608 cnt 1.9605 | shared_pairs det_seg 167/384 det_cnt 138/384 seg_cnt 79/384 | scores det_seg -2.7407 det_cnt -2.3307 seg_cnt -1.4159
[stage2] epoch 4/50 step 24 | loss 7.5220 | train det 0.1254 seg 0.0646 cnt 5.1237 | shared_pairs det_seg 176/384 det_cnt 142/384 seg_cnt 66/384 | scores det_seg 1.3780 det_cnt 0.6571 seg_cnt -1.4361
[stage2] epoch 4/50 step 25 | loss 3.1196 | train det 0.0181 seg 0.0387 cnt 2.5381 | shared_pairs det_seg 171/384 det_cnt 132/384 seg_cnt 81/384 | scores det_seg -0.5595 det_cnt -0.9582 seg_cnt -0.9252
[stage2] epoch 4/50 step 26 | loss 7.8352 | train det 0.1176 seg 0.2519 cnt 4.0564 | shared_pairs det_seg 145/384 det_cnt 180/384 seg_cnt 59/384 | scores det_seg 0.1650 det_cnt 5.8554 seg_cnt -1.0454
[stage2] epoch 4/50 step 27 | loss 5.2757 | train det 0.0412 seg 0.1418 cnt 3.5240 | shared_pairs det_seg 154/384 det_cnt 146/384 seg_cnt 84/384 | scores det_seg -1.7462 det_cnt 0.3294 seg_cnt -0.1686
[stage2] epoch 4/50 step 28 | loss 11.0885 | train det 0.2048 seg 0.1582 cnt 6.7510 | shared_pairs det_seg 171/384 det_cnt 131/384 seg_cnt 82/384 | scores det_seg -0.1407 det_cnt -0.1792 seg_cnt 0.3722
[stage2] epoch 4/50 step 29 | loss 6.7184 | train det 0.0753 seg 0.0793 cnt 4.9552 | shared_pairs det_seg 180/384 det_cnt 130/384 seg_cnt 74/384 | scores det_seg 0.2606 det_cnt -1.9226 seg_cnt -1.3226
[stage2] epoch 4/50 step 30 | loss 5.7677 | train det 0.0872 seg 0.1723 cnt 3.0814 | shared_pairs det_seg 175/384 det_cnt 137/384 seg_cnt 72/384 | scores det_seg 1.1042 det_cnt 0.9116 seg_cnt 0.4400
[stage2] epoch 4/50 step 31 | loss 6.1161 | train det 0.0710 seg 0.1400 cnt 3.9309 | shared_pairs det_seg 149/384 det_cnt 159/384 seg_cnt 76/384 | scores det_seg 0.3247 det_cnt 4.4904 seg_cnt 0.3986
[stage2] epoch 4/50 step 32 | loss 3.5779 | train det 0.0325 seg 0.1273 cnt 2.0714 | shared_pairs det_seg 140/384 det_cnt 151/384 seg_cnt 93/384 | scores det_seg -2.3194 det_cnt -1.0059 seg_cnt 1.3688
[stage2] epoch 4/50 step 33 | loss 5.6792 | train det 0.0255 seg 0.1292 cnt 4.2641 | shared_pairs det_seg 161/384 det_cnt 138/384 seg_cnt 85/384 | scores det_seg -0.4188 det_cnt -1.1531 seg_cnt 1.3477
[stage2] epoch 4/50 step 34 | loss 5.6650 | train det 0.1573 seg 0.0828 cnt 2.6425 | shared_pairs det_seg 164/384 det_cnt 137/384 seg_cnt 83/384 | scores det_seg 0.0908 det_cnt -1.6519 seg_cnt 1.8469
[stage2] epoch 4/50 step 35 | loss 7.6559 | train det 0.2791 seg 0.0844 cnt 2.7941 | shared_pairs det_seg 159/384 det_cnt 154/384 seg_cnt 71/384 | scores det_seg -0.9616 det_cnt 0.3151 seg_cnt 0.9818
[stage2] epoch 4/50 step 36 | loss 6.3523 | train det 0.0518 seg 0.1743 cnt 4.1813 | shared_pairs det_seg 174/384 det_cnt 135/384 seg_cnt 75/384 | scores det_seg 0.8202 det_cnt -1.9582 seg_cnt -0.0681
[stage2] epoch 4/50 step 37 | loss 10.9712 | train det 0.1179 seg 0.0639 cnt 8.6911 | shared_pairs det_seg 169/384 det_cnt 133/384 seg_cnt 82/384 | scores det_seg -0.8784 det_cnt -1.8602 seg_cnt -0.1662
[stage2] epoch 4/50 step 38 | loss 9.6399 | train det 0.0277 seg 0.1178 cnt 8.2813 | shared_pairs det_seg 172/384 det_cnt 142/384 seg_cnt 70/384 | scores det_seg -2.5359 det_cnt -1.8304 seg_cnt -1.1301
[stage2] epoch 4/50 step 39 | loss 6.9740 | train det 0.1043 seg 0.1594 cnt 4.1346 | shared_pairs det_seg 157/384 det_cnt 162/384 seg_cnt 65/384 | scores det_seg 0.0965 det_cnt 2.8389 seg_cnt -1.3015
[stage2] epoch 4/50 step 40 | loss 6.6478 | train det 0.0273 seg 0.0973 cnt 5.4590 | shared_pairs det_seg 166/384 det_cnt 151/384 seg_cnt 67/384 | scores det_seg -1.8243 det_cnt 0.2614 seg_cnt -2.0157
[stage2] epoch 4/50 step 41 | loss 7.5478 | train det 0.0611 seg 0.0411 cnt 6.3021 | shared_pairs det_seg 155/384 det_cnt 145/384 seg_cnt 84/384 | scores det_seg -0.5793 det_cnt -0.7155 seg_cnt 1.0602
[stage2] epoch 4/50 step 42 | loss 7.2362 | train det 0.0936 seg 0.1282 cnt 4.8064 | shared_pairs det_seg 185/384 det_cnt 131/384 seg_cnt 68/384 | scores det_seg 0.3296 det_cnt -0.1860 seg_cnt -1.0977
[stage2] epoch 4/50 step 43 | loss 9.0714 | train det 0.1329 seg 0.1605 cnt 5.7944 | shared_pairs det_seg 183/384 det_cnt 136/384 seg_cnt 65/384 | scores det_seg 2.6757 det_cnt 0.6069 seg_cnt -0.2688
[stage2] epoch 4/50 | train 6.9614 | det 0.0868 seg 0.1133 cnt 4.7529 | selected_by_matrix_unit det_seg 7138 det_cnt 6133 seg_cnt 3241
[stage2] epoch 4 | val det 0.4468 seg 1.0062 miou 0.6173 cnt 5.0816 dens 9.763803e-01 mae 4.1053 total_mae 23.3086 | ap50 0.5726 | combo 1.433438
[stage2] epoch 5/50 step 1 | loss 3.6248 | train det 0.0675 seg 0.1136 cnt 1.7040 | shared_pairs det_seg 149/384 det_cnt 147/384 seg_cnt 88/384 | scores det_seg -1.7902 det_cnt -1.7897 seg_cnt 2.2415
[stage2] epoch 5/50 step 2 | loss 9.0663 | train det 0.0394 seg 0.0976 cnt 7.6941 | shared_pairs det_seg 163/384 det_cnt 141/384 seg_cnt 80/384 | scores det_seg 1.5649 det_cnt -0.9630 seg_cnt 0.4329
[stage2] epoch 5/50 step 3 | loss 8.1947 | train det 0.0226 seg 0.1260 cnt 6.8473 | shared_pairs det_seg 183/384 det_cnt 131/384 seg_cnt 70/384 | scores det_seg 2.1627 det_cnt -0.0271 seg_cnt -0.4785
[stage2] epoch 5/50 step 4 | loss 5.2811 | train det 0.0442 seg 0.1312 cnt 3.5678 | shared_pairs det_seg 161/384 det_cnt 130/384 seg_cnt 93/384 | scores det_seg 0.2036 det_cnt -1.2923 seg_cnt -0.3001
[stage2] epoch 5/50 step 5 | loss 6.8574 | train det 0.0416 seg 0.0843 cnt 5.5581 | shared_pairs det_seg 169/384 det_cnt 146/384 seg_cnt 69/384 | scores det_seg -1.7878 det_cnt -1.9912 seg_cnt -1.7501
[stage2] epoch 5/50 step 6 | loss 9.1262 | train det 0.0437 seg 0.0639 cnt 7.9589 | shared_pairs det_seg 157/384 det_cnt 134/384 seg_cnt 93/384 | scores det_seg -0.0240 det_cnt 0.3266 seg_cnt 2.3874
[stage2] epoch 5/50 step 7 | loss 7.5036 | train det 0.0420 seg 0.0640 cnt 6.3621 | shared_pairs det_seg 186/384 det_cnt 134/384 seg_cnt 64/384 | scores det_seg 1.3150 det_cnt -1.2661 seg_cnt -0.4030
[stage2] epoch 5/50 step 8 | loss 7.0384 | train det 0.0324 seg 0.0817 cnt 5.8981 | shared_pairs det_seg 149/384 det_cnt 147/384 seg_cnt 88/384 | scores det_seg -0.1754 det_cnt 0.6610 seg_cnt 0.4654
[stage2] epoch 5/50 step 9 | loss 4.3213 | train det 0.0347 seg 0.0930 cnt 3.0571 | shared_pairs det_seg 178/384 det_cnt 125/384 seg_cnt 81/384 | scores det_seg 0.8128 det_cnt -2.7004 seg_cnt 1.2284
[stage2] epoch 5/50 step 10 | loss 4.6281 | train det 0.0702 seg 0.2803 cnt 1.3325 | shared_pairs det_seg 174/384 det_cnt 146/384 seg_cnt 64/384 | scores det_seg 0.2676 det_cnt 1.2178 seg_cnt 0.5485
[stage2] epoch 5/50 step 11 | loss 7.7145 | train det 0.0611 seg 0.0494 cnt 6.4023 | shared_pairs det_seg 177/384 det_cnt 125/384 seg_cnt 82/384 | scores det_seg 0.7189 det_cnt -0.7545 seg_cnt 1.7508
[stage2] epoch 5/50 step 12 | loss 4.5700 | train det 0.0828 seg 0.0887 cnt 2.6189 | shared_pairs det_seg 182/384 det_cnt 129/384 seg_cnt 73/384 | scores det_seg -0.1922 det_cnt -3.0696 seg_cnt -3.0940
[stage2] epoch 5/50 step 13 | loss 6.2998 | train det 0.0678 seg 0.0856 cnt 4.5982 | shared_pairs det_seg 176/384 det_cnt 130/384 seg_cnt 78/384 | scores det_seg -0.3913 det_cnt -1.8821 seg_cnt -1.1091
[stage2] epoch 5/50 step 14 | loss 6.5183 | train det 0.0643 seg 0.0994 cnt 4.7590 | shared_pairs det_seg 160/384 det_cnt 148/384 seg_cnt 76/384 | scores det_seg 1.0109 det_cnt 1.6913 seg_cnt 1.3375
[stage2] epoch 5/50 step 15 | loss 4.8335 | train det 0.1201 seg 0.0865 cnt 2.3395 | shared_pairs det_seg 165/384 det_cnt 144/384 seg_cnt 75/384 | scores det_seg -1.6255 det_cnt 0.3234 seg_cnt 0.2680
[stage2] epoch 5/50 step 16 | loss 10.6644 | train det 0.2491 seg 0.0733 cnt 6.3418 | shared_pairs det_seg 162/384 det_cnt 162/384 seg_cnt 60/384 | scores det_seg -0.0080 det_cnt 3.3987 seg_cnt -0.2196
[stage2] epoch 5/50 step 17 | loss 4.3705 | train det 0.0983 seg 0.1184 cnt 1.9490 | shared_pairs det_seg 163/384 det_cnt 134/384 seg_cnt 87/384 | scores det_seg -1.6125 det_cnt -0.3218 seg_cnt 2.1288
[stage2] epoch 5/50 step 18 | loss 6.4700 | train det 0.0548 seg 0.1063 cnt 4.7973 | shared_pairs det_seg 161/384 det_cnt 165/384 seg_cnt 58/384 | scores det_seg 0.5487 det_cnt 3.5507 seg_cnt -0.6667
[stage2] epoch 5/50 step 19 | loss 4.2278 | train det 0.0519 seg 0.0926 cnt 2.7078 | shared_pairs det_seg 190/384 det_cnt 127/384 seg_cnt 67/384 | scores det_seg 0.7071 det_cnt -1.5320 seg_cnt -3.2577
[stage2] epoch 5/50 step 20 | loss 5.8244 | train det 0.0305 seg 0.1879 cnt 3.8626 | shared_pairs det_seg 157/384 det_cnt 161/384 seg_cnt 66/384 | scores det_seg -0.7171 det_cnt 2.7404 seg_cnt 0.0307
[stage2] epoch 5/50 step 21 | loss 5.1400 | train det 0.0779 seg 0.0761 cnt 3.3620 | shared_pairs det_seg 159/384 det_cnt 124/384 seg_cnt 101/384 | scores det_seg -0.5145 det_cnt -2.8560 seg_cnt 3.7928
[stage2] epoch 5/50 step 22 | loss 7.1805 | train det 0.0233 seg 0.1339 cnt 5.7599 | shared_pairs det_seg 143/384 det_cnt 158/384 seg_cnt 83/384 | scores det_seg -3.5690 det_cnt 4.4095 seg_cnt 0.8462
[stage2] epoch 5/50 step 23 | loss 4.3971 | train det 0.0921 seg 0.0619 cnt 2.5194 | shared_pairs det_seg 151/384 det_cnt 158/384 seg_cnt 75/384 | scores det_seg -1.4680 det_cnt 0.7135 seg_cnt -0.6735
[stage2] epoch 5/50 step 24 | loss 6.0592 | train det 0.1778 seg 0.1195 cnt 2.4367 | shared_pairs det_seg 161/384 det_cnt 133/384 seg_cnt 90/384 | scores det_seg -0.6538 det_cnt -1.6030 seg_cnt 2.3164
[stage2] epoch 5/50 step 25 | loss 3.3306 | train det 0.0239 seg 0.1030 cnt 2.1482 | shared_pairs det_seg 168/384 det_cnt 130/384 seg_cnt 86/384 | scores det_seg -0.5749 det_cnt -0.3745 seg_cnt 1.3121
[stage2] epoch 5/50 step 26 | loss 8.9625 | train det 0.0454 seg 0.0853 cnt 7.5989 | shared_pairs det_seg 151/384 det_cnt 171/384 seg_cnt 62/384 | scores det_seg -0.0883 det_cnt 3.5777 seg_cnt -4.4993
[stage2] epoch 5/50 step 27 | loss 6.8246 | train det 0.0956 seg 0.0792 cnt 4.7563 | shared_pairs det_seg 152/384 det_cnt 159/384 seg_cnt 73/384 | scores det_seg -0.1646 det_cnt 0.3019 seg_cnt -0.1629
[stage2] epoch 5/50 step 28 | loss 8.4413 | train det 0.1590 seg 0.0938 cnt 5.3055 | shared_pairs det_seg 162/384 det_cnt 153/384 seg_cnt 69/384 | scores det_seg 0.7651 det_cnt 2.2286 seg_cnt -1.6035
[stage2] epoch 5/50 step 29 | loss 7.1440 | train det 0.0810 seg 0.1294 cnt 4.8932 | shared_pairs det_seg 182/384 det_cnt 127/384 seg_cnt 75/384 | scores det_seg 0.5699 det_cnt -2.2989 seg_cnt -1.2192
[stage2] epoch 5/50 step 30 | loss 10.5047 | train det 0.0304 seg 0.1025 cnt 9.2288 | shared_pairs det_seg 162/384 det_cnt 137/384 seg_cnt 85/384 | scores det_seg 0.6616 det_cnt -0.9919 seg_cnt 0.7979
[stage2] epoch 5/50 step 31 | loss 10.1409 | train det 0.0663 seg 0.1364 cnt 8.0557 | shared_pairs det_seg 168/384 det_cnt 137/384 seg_cnt 79/384 | scores det_seg -3.4936 det_cnt -3.4763 seg_cnt 0.0181
[stage2] epoch 5/50 step 32 | loss 7.7938 | train det 0.0419 seg 0.0994 cnt 6.3702 | shared_pairs det_seg 170/384 det_cnt 144/384 seg_cnt 70/384 | scores det_seg 0.6185 det_cnt 1.2629 seg_cnt -0.2046
[stage2] epoch 5/50 step 33 | loss 5.3739 | train det 0.0904 seg 0.0727 cnt 3.4361 | shared_pairs det_seg 166/384 det_cnt 144/384 seg_cnt 74/384 | scores det_seg -0.1637 det_cnt -2.0680 seg_cnt -0.1145
[stage2] epoch 5/50 step 34 | loss 3.7705 | train det 0.0592 seg 0.1181 cnt 1.9377 | shared_pairs det_seg 179/384 det_cnt 134/384 seg_cnt 71/384 | scores det_seg 1.8224 det_cnt -2.8624 seg_cnt -1.2586
[stage2] epoch 5/50 step 35 | loss 9.5082 | train det 0.2297 seg 0.0479 cnt 5.6786 | shared_pairs det_seg 179/384 det_cnt 126/384 seg_cnt 79/384 | scores det_seg -0.1819 det_cnt -2.8943 seg_cnt -0.3941
[stage2] epoch 5/50 step 36 | loss 4.2400 | train det 0.0598 seg 0.0816 cnt 2.6894 | shared_pairs det_seg 153/384 det_cnt 156/384 seg_cnt 75/384 | scores det_seg -1.7567 det_cnt 0.0468 seg_cnt -0.6761
[stage2] epoch 5/50 step 37 | loss 6.3185 | train det 0.0530 seg 0.1227 cnt 4.5415 | shared_pairs det_seg 160/384 det_cnt 150/384 seg_cnt 74/384 | scores det_seg -0.6070 det_cnt -1.3068 seg_cnt -2.0939
[stage2] epoch 5/50 step 38 | loss 6.6974 | train det 0.0319 seg 0.1383 cnt 5.1127 | shared_pairs det_seg 173/384 det_cnt 130/384 seg_cnt 81/384 | scores det_seg -2.1483 det_cnt -3.4200 seg_cnt 0.4541
[stage2] epoch 5/50 step 39 | loss 3.4423 | train det 0.0274 seg 0.0794 cnt 2.3964 | shared_pairs det_seg 172/384 det_cnt 140/384 seg_cnt 72/384 | scores det_seg 0.1515 det_cnt 1.1100 seg_cnt -1.2088
[stage2] epoch 5/50 step 40 | loss 8.7039 | train det 0.0424 seg 0.1305 cnt 7.0247 | shared_pairs det_seg 150/384 det_cnt 142/384 seg_cnt 92/384 | scores det_seg -1.3940 det_cnt 2.7509 seg_cnt 0.8818
[stage2] epoch 5/50 step 41 | loss 4.8619 | train det 0.0348 seg 0.1055 cnt 3.4958 | shared_pairs det_seg 166/384 det_cnt 132/384 seg_cnt 86/384 | scores det_seg -1.8048 det_cnt -0.0061 seg_cnt -0.7912
[stage2] epoch 5/50 step 42 | loss 5.3911 | train det 0.0416 seg 0.1331 cnt 3.7018 | shared_pairs det_seg 187/384 det_cnt 124/384 seg_cnt 73/384 | scores det_seg 1.3316 det_cnt 0.5759 seg_cnt -0.9207
[stage2] epoch 5/50 step 43 | loss 3.9293 | train det 0.0396 seg 0.1619 cnt 2.0400 | shared_pairs det_seg 148/384 det_cnt 148/384 seg_cnt 88/384 | scores det_seg -1.4230 det_cnt 2.4209 seg_cnt 1.2368
[stage2] epoch 5/50 | train 6.4021 | det 0.0685 seg 0.1055 cnt 4.5313 | selected_by_matrix_unit det_seg 7124 det_cnt 6063 seg_cnt 3325
[stage2] epoch 5 | val det 0.4829 seg 0.9968 miou 0.6209 cnt 5.2715 dens 9.768289e-01 mae 4.2947 total_mae 22.3179 | ap50 0.5662 | combo 1.419894
[stage2] epoch 6/50 step 1 | loss 7.3973 | train det 0.0894 seg 0.1568 cnt 4.8018 | shared_pairs det_seg 165/384 det_cnt 137/384 seg_cnt 82/384 | scores det_seg -0.3600 det_cnt -0.8207 seg_cnt 2.4933
[stage2] epoch 6/50 step 2 | loss 6.2107 | train det 0.0512 seg 0.0559 cnt 4.9958 | shared_pairs det_seg 164/384 det_cnt 140/384 seg_cnt 80/384 | scores det_seg -1.2700 det_cnt -1.9870 seg_cnt -2.2337
[stage2] epoch 6/50 step 3 | loss 9.6001 | train det 0.1555 seg 0.0732 cnt 6.6815 | shared_pairs det_seg 162/384 det_cnt 147/384 seg_cnt 75/384 | scores det_seg 0.2516 det_cnt 1.1865 seg_cnt -1.0542
[stage2] epoch 6/50 step 4 | loss 6.3193 | train det 0.0430 seg 0.1089 cnt 4.8028 | shared_pairs det_seg 169/384 det_cnt 145/384 seg_cnt 70/384 | scores det_seg -0.7989 det_cnt 1.6944 seg_cnt -0.6554
[stage2] epoch 6/50 step 5 | loss 8.2960 | train det 0.0906 seg 0.0669 cnt 6.4017 | shared_pairs det_seg 172/384 det_cnt 139/384 seg_cnt 73/384 | scores det_seg -0.7688 det_cnt -1.6290 seg_cnt -0.8770
[stage2] epoch 6/50 step 6 | loss 7.7874 | train det 0.0872 seg 0.3013 cnt 4.0688 | shared_pairs det_seg 180/384 det_cnt 123/384 seg_cnt 81/384 | scores det_seg 2.3185 det_cnt -1.0283 seg_cnt -0.4900
[stage2] epoch 6/50 step 7 | loss 7.7289 | train det 0.1788 seg 0.1016 cnt 4.2347 | shared_pairs det_seg 156/384 det_cnt 151/384 seg_cnt 77/384 | scores det_seg -0.1679 det_cnt 1.9216 seg_cnt -0.7323
[stage2] epoch 6/50 step 8 | loss 5.8188 | train det 0.1519 seg 0.0849 cnt 2.8614 | shared_pairs det_seg 199/384 det_cnt 122/384 seg_cnt 63/384 | scores det_seg 1.2226 det_cnt -1.9130 seg_cnt -1.9326
[stage2] epoch 6/50 step 9 | loss 4.0767 | train det 0.0291 seg 0.0605 cnt 3.1565 | shared_pairs det_seg 168/384 det_cnt 133/384 seg_cnt 83/384 | scores det_seg -0.0087 det_cnt -1.0935 seg_cnt 0.4652
[stage2] epoch 6/50 step 10 | loss 4.3981 | train det 0.0145 seg 0.0954 cnt 3.4177 | shared_pairs det_seg 172/384 det_cnt 130/384 seg_cnt 82/384 | scores det_seg 1.5825 det_cnt 0.1755 seg_cnt 2.0512
[stage2] epoch 6/50 step 11 | loss 5.5030 | train det 0.0390 seg 0.1285 cnt 3.8898 | shared_pairs det_seg 168/384 det_cnt 145/384 seg_cnt 71/384 | scores det_seg -0.7239 det_cnt 0.2055 seg_cnt -1.0090
[stage2] epoch 6/50 step 12 | loss 11.7815 | train det 0.4351 seg 0.2031 cnt 3.6301 | shared_pairs det_seg 164/384 det_cnt 124/384 seg_cnt 96/384 | scores det_seg -2.6931 det_cnt -1.5417 seg_cnt 3.4836
[stage2] epoch 6/50 step 13 | loss 4.4867 | train det 0.0155 seg 0.1561 cnt 3.0049 | shared_pairs det_seg 175/384 det_cnt 140/384 seg_cnt 69/384 | scores det_seg 1.1361 det_cnt -0.5236 seg_cnt 1.7417
[stage2] epoch 6/50 step 14 | loss 9.9289 | train det 0.0525 seg 0.0906 cnt 8.4176 | shared_pairs det_seg 172/384 det_cnt 128/384 seg_cnt 84/384 | scores det_seg 1.6211 det_cnt -0.5119 seg_cnt 0.8717
[stage2] epoch 6/50 step 15 | loss 5.2455 | train det 0.0367 seg 0.0755 cnt 4.0914 | shared_pairs det_seg 175/384 det_cnt 134/384 seg_cnt 75/384 | scores det_seg 2.9475 det_cnt 0.5207 seg_cnt -0.0035
[stage2] epoch 6/50 step 16 | loss 5.5663 | train det 0.0279 seg 0.1755 cnt 3.7432 | shared_pairs det_seg 133/384 det_cnt 162/384 seg_cnt 89/384 | scores det_seg -3.2611 det_cnt 2.4612 seg_cnt 1.4440
[stage2] epoch 6/50 step 17 | loss 7.1722 | train det 0.0700 seg 0.0619 cnt 5.6260 | shared_pairs det_seg 165/384 det_cnt 142/384 seg_cnt 77/384 | scores det_seg 0.0402 det_cnt -1.0725 seg_cnt -1.4181
[stage2] epoch 6/50 step 18 | loss 5.7272 | train det 0.0379 seg 0.0658 cnt 4.6330 | shared_pairs det_seg 173/384 det_cnt 130/384 seg_cnt 81/384 | scores det_seg -0.0277 det_cnt -1.4297 seg_cnt -0.1640
[stage2] epoch 6/50 step 19 | loss 12.6244 | train det 0.1253 seg 0.1898 cnt 9.2263 | shared_pairs det_seg 176/384 det_cnt 125/384 seg_cnt 83/384 | scores det_seg -1.0431 det_cnt -2.3859 seg_cnt -0.1171
[stage2] epoch 6/50 step 20 | loss 5.9639 | train det 0.1317 seg 0.0772 cnt 3.3706 | shared_pairs det_seg 164/384 det_cnt 137/384 seg_cnt 83/384 | scores det_seg -0.7827 det_cnt -1.6941 seg_cnt 0.5552
[stage2] epoch 6/50 step 21 | loss 5.6014 | train det 0.0441 seg 0.0899 cnt 4.2205 | shared_pairs det_seg 176/384 det_cnt 130/384 seg_cnt 78/384 | scores det_seg 1.3196 det_cnt -0.0221 seg_cnt 1.0965
[stage2] epoch 6/50 step 22 | loss 5.6138 | train det 0.0206 seg 0.2765 cnt 3.0936 | shared_pairs det_seg 159/384 det_cnt 130/384 seg_cnt 95/384 | scores det_seg 0.3281 det_cnt -2.9812 seg_cnt -0.4126
[stage2] epoch 6/50 step 23 | loss 12.2454 | train det 0.0750 seg 0.1476 cnt 9.9397 | shared_pairs det_seg 186/384 det_cnt 137/384 seg_cnt 61/384 | scores det_seg 3.2205 det_cnt 0.3149 seg_cnt -0.4655
[stage2] epoch 6/50 step 24 | loss 8.7592 | train det 0.1540 seg 0.0913 cnt 5.7190 | shared_pairs det_seg 145/384 det_cnt 170/384 seg_cnt 69/384 | scores det_seg -1.1501 det_cnt 2.6825 seg_cnt -0.9687
[stage2] epoch 6/50 step 25 | loss 5.8853 | train det 0.0351 seg 0.1293 cnt 4.3236 | shared_pairs det_seg 149/384 det_cnt 151/384 seg_cnt 84/384 | scores det_seg -1.3209 det_cnt 1.7014 seg_cnt 0.0314
[stage2] epoch 6/50 step 26 | loss 6.5480 | train det 0.0628 seg 0.0642 cnt 5.0931 | shared_pairs det_seg 162/384 det_cnt 137/384 seg_cnt 85/384 | scores det_seg 1.8728 det_cnt -0.1561 seg_cnt -1.8904
[stage2] epoch 6/50 step 27 | loss 9.1085 | train det 0.0314 seg 0.0742 cnt 8.0442 | shared_pairs det_seg 175/384 det_cnt 137/384 seg_cnt 72/384 | scores det_seg 1.2570 det_cnt 0.1228 seg_cnt -1.1456
[stage2] epoch 6/50 step 28 | loss 7.2156 | train det 0.1424 seg 0.0643 cnt 4.5655 | shared_pairs det_seg 162/384 det_cnt 160/384 seg_cnt 62/384 | scores det_seg 0.7411 det_cnt -0.4125 seg_cnt -0.5932
[stage2] epoch 6/50 step 29 | loss 14.0711 | train det 0.5432 seg 0.1143 cnt 5.0089 | shared_pairs det_seg 155/384 det_cnt 142/384 seg_cnt 87/384 | scores det_seg -1.7417 det_cnt 0.0290 seg_cnt 2.1512
[stage2] epoch 6/50 step 30 | loss 6.6351 | train det 0.1056 seg 0.0968 cnt 4.2764 | shared_pairs det_seg 174/384 det_cnt 120/384 seg_cnt 90/384 | scores det_seg 0.7387 det_cnt -2.6841 seg_cnt 1.0721
[stage2] epoch 6/50 step 31 | loss 5.8115 | train det 0.0692 seg 0.0582 cnt 4.3082 | shared_pairs det_seg 131/384 det_cnt 161/384 seg_cnt 92/384 | scores det_seg -3.1713 det_cnt 2.8779 seg_cnt -0.6063
[stage2] epoch 6/50 step 32 | loss 4.4828 | train det 0.0612 seg 0.1193 cnt 2.6097 | shared_pairs det_seg 150/384 det_cnt 149/384 seg_cnt 85/384 | scores det_seg -0.7815 det_cnt 0.2855 seg_cnt 0.5372
[stage2] epoch 6/50 step 33 | loss 4.4991 | train det 0.0637 seg 0.0182 cnt 3.3985 | shared_pairs det_seg 163/384 det_cnt 142/384 seg_cnt 79/384 | scores det_seg -0.3991 det_cnt -0.3553 seg_cnt -0.6534
[stage2] epoch 6/50 step 34 | loss 5.3149 | train det 0.0717 seg 0.0879 cnt 3.5359 | shared_pairs det_seg 156/384 det_cnt 155/384 seg_cnt 73/384 | scores det_seg 0.8867 det_cnt 1.2947 seg_cnt -0.9763
[stage2] epoch 6/50 step 35 | loss 5.8599 | train det 0.0749 seg 0.1318 cnt 3.6820 | shared_pairs det_seg 184/384 det_cnt 131/384 seg_cnt 69/384 | scores det_seg 1.6264 det_cnt 0.1772 seg_cnt -0.5899
[stage2] epoch 6/50 step 36 | loss 7.6726 | train det 0.1423 seg 0.1604 cnt 4.2554 | shared_pairs det_seg 174/384 det_cnt 136/384 seg_cnt 74/384 | scores det_seg 0.9366 det_cnt 0.0139 seg_cnt 0.4499
[stage2] epoch 6/50 step 37 | loss 5.1726 | train det 0.0969 seg 0.1104 cnt 2.8359 | shared_pairs det_seg 171/384 det_cnt 139/384 seg_cnt 74/384 | scores det_seg -0.6506 det_cnt -2.5823 seg_cnt -0.9508
[stage2] epoch 6/50 step 38 | loss 11.4905 | train det 0.0440 seg 0.1151 cnt 9.9093 | shared_pairs det_seg 160/384 det_cnt 150/384 seg_cnt 74/384 | scores det_seg -0.5751 det_cnt 1.1022 seg_cnt -0.6015
[stage2] epoch 6/50 step 39 | loss 6.8168 | train det 0.1470 seg 0.0264 cnt 4.4012 | shared_pairs det_seg 133/384 det_cnt 155/384 seg_cnt 96/384 | scores det_seg -1.8529 det_cnt -1.8515 seg_cnt 1.4415
[stage2] epoch 6/50 step 40 | loss 4.1868 | train det 0.0381 seg 0.1332 cnt 2.5490 | shared_pairs det_seg 165/384 det_cnt 142/384 seg_cnt 77/384 | scores det_seg -0.6121 det_cnt -0.7841 seg_cnt -1.6305
[stage2] epoch 6/50 step 41 | loss 7.9108 | train det 0.1012 seg 0.1419 cnt 5.2570 | shared_pairs det_seg 164/384 det_cnt 137/384 seg_cnt 83/384 | scores det_seg 0.4198 det_cnt -0.1229 seg_cnt -0.2231
[stage2] epoch 6/50 step 42 | loss 8.7577 | train det 0.0991 seg 0.1670 cnt 5.9355 | shared_pairs det_seg 177/384 det_cnt 127/384 seg_cnt 80/384 | scores det_seg -0.0615 det_cnt -0.4529 seg_cnt 1.4158
[stage2] epoch 6/50 step 43 | loss 11.3938 | train det 0.1292 seg 0.1331 cnt 8.3912 | shared_pairs det_seg 168/384 det_cnt 128/384 seg_cnt 88/384 | scores det_seg 1.9242 det_cnt -1.1339 seg_cnt 1.3546
[stage2] epoch 6/50 | train 7.2718 | det 0.0980 seg 0.1135 cnt 4.8932 | selected_by_matrix_unit det_seg 7111 det_cnt 6000 seg_cnt 3401
[stage2] epoch 6 | val det 0.4560 seg 0.9992 miou 0.6205 cnt 5.3666 dens 9.771405e-01 mae 4.3894 total_mae 23.3660 | ap50 0.5626 | combo 1.410954
[stage2] epoch 7/50 step 1 | loss 18.2777 | train det 0.1380 seg 0.1115 cnt 15.3156 | shared_pairs det_seg 172/384 det_cnt 144/384 seg_cnt 68/384 | scores det_seg 1.5827 det_cnt 2.0504 seg_cnt -1.1261
[stage2] epoch 7/50 step 2 | loss 25.7201 | train det 0.0264 seg 0.0738 cnt 24.7335 | shared_pairs det_seg 150/384 det_cnt 150/384 seg_cnt 84/384 | scores det_seg -2.1078 det_cnt 1.6658 seg_cnt 0.4691
[stage2] epoch 7/50 step 3 | loss 4.9690 | train det 0.0975 seg 0.0751 cnt 2.9065 | shared_pairs det_seg 157/384 det_cnt 167/384 seg_cnt 60/384 | scores det_seg -0.0251 det_cnt 4.2961 seg_cnt -0.9302
[stage2] epoch 7/50 step 4 | loss 5.9026 | train det 0.0350 seg 0.0553 cnt 4.9351 | shared_pairs det_seg 134/384 det_cnt 166/384 seg_cnt 84/384 | scores det_seg -0.8507 det_cnt 3.4260 seg_cnt 1.0512
[stage2] epoch 7/50 step 5 | loss 7.5430 | train det 0.0597 seg 0.1210 cnt 5.6790 | shared_pairs det_seg 157/384 det_cnt 154/384 seg_cnt 73/384 | scores det_seg 1.3062 det_cnt 3.0635 seg_cnt 0.4211
[stage2] epoch 7/50 step 6 | loss 9.2003 | train det 0.0306 seg 0.0638 cnt 8.2315 | shared_pairs det_seg 194/384 det_cnt 127/384 seg_cnt 63/384 | scores det_seg 2.9689 det_cnt -1.2171 seg_cnt -0.1541
[stage2] epoch 7/50 step 7 | loss 4.2749 | train det 0.0398 seg 0.0642 cnt 3.1654 | shared_pairs det_seg 152/384 det_cnt 151/384 seg_cnt 81/384 | scores det_seg -1.3970 det_cnt -0.9522 seg_cnt -0.2813
[stage2] epoch 7/50 step 8 | loss 10.2954 | train det 0.0927 seg 0.0601 cnt 8.4245 | shared_pairs det_seg 158/384 det_cnt 147/384 seg_cnt 79/384 | scores det_seg 0.3636 det_cnt -2.2361 seg_cnt -1.0653
[stage2] epoch 7/50 step 9 | loss 14.0876 | train det 0.0649 seg 0.1013 cnt 12.3031 | shared_pairs det_seg 173/384 det_cnt 139/384 seg_cnt 72/384 | scores det_seg 1.1369 det_cnt -0.7231 seg_cnt 0.6552
[stage2] epoch 7/50 step 10 | loss 4.1482 | train det 0.0662 seg 0.0766 cnt 2.5422 | shared_pairs det_seg 157/384 det_cnt 144/384 seg_cnt 83/384 | scores det_seg -1.7549 det_cnt 1.7901 seg_cnt 0.5922
[stage2] epoch 7/50 step 11 | loss 5.8720 | train det 0.0434 seg 0.1039 cnt 4.3896 | shared_pairs det_seg 175/384 det_cnt 121/384 seg_cnt 88/384 | scores det_seg 0.5146 det_cnt -3.5742 seg_cnt 1.5125
[stage2] epoch 7/50 step 12 | loss 6.2263 | train det 0.0296 seg 0.1448 cnt 4.6233 | shared_pairs det_seg 156/384 det_cnt 143/384 seg_cnt 85/384 | scores det_seg -1.2517 det_cnt 0.1596 seg_cnt -0.8762
[stage2] epoch 7/50 step 13 | loss 4.1602 | train det 0.0342 seg 0.1738 cnt 2.2577 | shared_pairs det_seg 170/384 det_cnt 127/384 seg_cnt 87/384 | scores det_seg -1.5514 det_cnt -1.1535 seg_cnt 0.7634
[stage2] epoch 7/50 step 14 | loss 3.1633 | train det 0.0593 seg 0.0935 cnt 1.5256 | shared_pairs det_seg 151/384 det_cnt 166/384 seg_cnt 67/384 | scores det_seg 1.4359 det_cnt 3.2803 seg_cnt 0.1934
[stage2] epoch 7/50 step 15 | loss 8.9400 | train det 0.0402 seg 0.1065 cnt 7.4855 | shared_pairs det_seg 178/384 det_cnt 116/384 seg_cnt 90/384 | scores det_seg 2.0064 det_cnt -1.3032 seg_cnt 0.7366
[stage2] epoch 7/50 step 16 | loss 10.7133 | train det 0.3214 seg 0.1160 cnt 4.9637 | shared_pairs det_seg 166/384 det_cnt 125/384 seg_cnt 93/384 | scores det_seg -1.6283 det_cnt -1.2619 seg_cnt 0.7526
[stage2] epoch 7/50 step 17 | loss 5.1173 | train det 0.0406 seg 0.1043 cnt 3.6750 | shared_pairs det_seg 159/384 det_cnt 135/384 seg_cnt 90/384 | scores det_seg -0.6048 det_cnt 0.3419 seg_cnt 0.9010
[stage2] epoch 7/50 step 18 | loss 5.5092 | train det 0.0290 seg 0.2092 cnt 3.3997 | shared_pairs det_seg 174/384 det_cnt 145/384 seg_cnt 65/384 | scores det_seg -0.9321 det_cnt -0.1884 seg_cnt -1.3895
[stage2] epoch 7/50 step 19 | loss 7.4612 | train det 0.2088 seg 0.0921 cnt 3.5918 | shared_pairs det_seg 151/384 det_cnt 149/384 seg_cnt 84/384 | scores det_seg -0.2422 det_cnt 3.6019 seg_cnt 1.0961
[stage2] epoch 7/50 step 20 | loss 5.8416 | train det 0.2012 seg 0.0965 cnt 2.0517 | shared_pairs det_seg 177/384 det_cnt 130/384 seg_cnt 77/384 | scores det_seg 1.0980 det_cnt 0.0417 seg_cnt 0.2733
[stage2] epoch 7/50 step 21 | loss 8.3090 | train det 0.2647 seg 0.0930 cnt 3.5936 | shared_pairs det_seg 146/384 det_cnt 160/384 seg_cnt 78/384 | scores det_seg -2.4753 det_cnt 2.7527 seg_cnt 0.1155
[stage2] epoch 7/50 step 22 | loss 8.0387 | train det 0.0621 seg 0.0711 cnt 6.5388 | shared_pairs det_seg 159/384 det_cnt 132/384 seg_cnt 93/384 | scores det_seg -1.5491 det_cnt -2.4843 seg_cnt 1.5855
[stage2] epoch 7/50 step 23 | loss 11.6105 | train det 0.3664 seg 0.0580 cnt 5.6509 | shared_pairs det_seg 158/384 det_cnt 143/384 seg_cnt 83/384 | scores det_seg 0.1978 det_cnt 1.7521 seg_cnt 0.4342
[stage2] epoch 7/50 step 24 | loss 4.9159 | train det 0.0677 seg 0.0854 cnt 3.2181 | shared_pairs det_seg 171/384 det_cnt 150/384 seg_cnt 63/384 | scores det_seg -1.5024 det_cnt 0.2516 seg_cnt -0.7170
[stage2] epoch 7/50 step 25 | loss 19.0024 | train det 0.3515 seg 0.1317 cnt 12.6768 | shared_pairs det_seg 171/384 det_cnt 143/384 seg_cnt 70/384 | scores det_seg 1.5250 det_cnt -0.1528 seg_cnt -1.8842
[stage2] epoch 7/50 step 26 | loss 20.3546 | train det 0.0093 seg 0.1863 cnt 18.7243 | shared_pairs det_seg 156/384 det_cnt 151/384 seg_cnt 77/384 | scores det_seg 1.0938 det_cnt 2.7947 seg_cnt -0.4326
[stage2] epoch 7/50 step 27 | loss 5.3684 | train det 0.0734 seg 0.1394 cnt 3.1529 | shared_pairs det_seg 150/384 det_cnt 145/384 seg_cnt 89/384 | scores det_seg -1.0022 det_cnt 1.4556 seg_cnt 1.7348
[stage2] epoch 7/50 step 28 | loss 7.8948 | train det 0.0647 seg 0.1665 cnt 5.5926 | shared_pairs det_seg 185/384 det_cnt 111/384 seg_cnt 88/384 | scores det_seg 0.9676 det_cnt -3.2429 seg_cnt -0.8520
[stage2] epoch 7/50 step 29 | loss 4.8105 | train det 0.1130 seg 0.0693 cnt 2.5606 | shared_pairs det_seg 165/384 det_cnt 132/384 seg_cnt 87/384 | scores det_seg -0.8466 det_cnt -1.2929 seg_cnt 0.0668
[stage2] epoch 7/50 step 30 | loss 8.2847 | train det 0.0453 seg 0.1274 cnt 6.5851 | shared_pairs det_seg 167/384 det_cnt 146/384 seg_cnt 71/384 | scores det_seg 1.5232 det_cnt 0.1763 seg_cnt -1.5373
[stage2] epoch 7/50 step 31 | loss 4.7545 | train det 0.0568 seg 0.0946 cnt 3.1450 | shared_pairs det_seg 163/384 det_cnt 151/384 seg_cnt 70/384 | scores det_seg 1.6950 det_cnt 0.7593 seg_cnt -2.3049
[stage2] epoch 7/50 step 32 | loss 6.0800 | train det 0.0668 seg 0.2407 cnt 3.1521 | shared_pairs det_seg 155/384 det_cnt 150/384 seg_cnt 79/384 | scores det_seg -0.9302 det_cnt -0.8381 seg_cnt -0.4775
[stage2] epoch 7/50 step 33 | loss 12.1113 | train det 0.0872 seg 0.0986 cnt 10.0145 | shared_pairs det_seg 150/384 det_cnt 164/384 seg_cnt 70/384 | scores det_seg -0.2575 det_cnt 1.8696 seg_cnt -1.1011
[stage2] epoch 7/50 step 34 | loss 5.6060 | train det 0.1345 seg 0.1930 cnt 2.0438 | shared_pairs det_seg 146/384 det_cnt 145/384 seg_cnt 93/384 | scores det_seg -1.7258 det_cnt 2.6228 seg_cnt 1.0377
[stage2] epoch 7/50 step 35 | loss 5.9495 | train det 0.1198 seg 0.1167 cnt 3.2197 | shared_pairs det_seg 177/384 det_cnt 123/384 seg_cnt 84/384 | scores det_seg 2.4205 det_cnt -1.0551 seg_cnt -0.5080
[stage2] epoch 7/50 step 36 | loss 7.2797 | train det 0.0658 seg 0.0418 cnt 5.9577 | shared_pairs det_seg 159/384 det_cnt 141/384 seg_cnt 84/384 | scores det_seg -1.1081 det_cnt 1.2077 seg_cnt 1.7411
[stage2] epoch 7/50 step 37 | loss 4.1722 | train det 0.1079 seg 0.0971 cnt 1.7777 | shared_pairs det_seg 153/384 det_cnt 140/384 seg_cnt 91/384 | scores det_seg -2.1839 det_cnt -1.7087 seg_cnt 2.4634
[stage2] epoch 7/50 step 38 | loss 2.3263 | train det 0.0321 seg 0.0713 cnt 1.2744 | shared_pairs det_seg 156/384 det_cnt 153/384 seg_cnt 75/384 | scores det_seg 0.1791 det_cnt 1.1724 seg_cnt -0.2864
[stage2] epoch 7/50 step 39 | loss 11.7916 | train det 0.1024 seg 0.1409 cnt 9.1277 | shared_pairs det_seg 141/384 det_cnt 166/384 seg_cnt 77/384 | scores det_seg -0.8719 det_cnt 2.7274 seg_cnt 0.7294
[stage2] epoch 7/50 step 40 | loss 4.7884 | train det 0.0314 seg 0.0825 cnt 3.6577 | shared_pairs det_seg 172/384 det_cnt 138/384 seg_cnt 74/384 | scores det_seg 1.8844 det_cnt 0.6661 seg_cnt 1.4044
[stage2] epoch 7/50 step 41 | loss 3.9567 | train det 0.0490 seg 0.1318 cnt 2.1671 | shared_pairs det_seg 149/384 det_cnt 150/384 seg_cnt 85/384 | scores det_seg -2.2213 det_cnt -0.1759 seg_cnt 1.2136
[stage2] epoch 7/50 step 42 | loss 5.0845 | train det 0.0335 seg 0.1029 cnt 3.7586 | shared_pairs det_seg 172/384 det_cnt 135/384 seg_cnt 77/384 | scores det_seg 0.8861 det_cnt 1.4089 seg_cnt -0.1443
[stage2] epoch 7/50 step 43 | loss 5.4057 | train det 0.0342 seg 0.0861 cnt 4.2044 | shared_pairs det_seg 151/384 det_cnt 160/384 seg_cnt 73/384 | scores det_seg -1.4476 det_cnt 4.3282 seg_cnt -0.5188
[stage2] epoch 7/50 | train 8.0307 | det 0.0930 seg 0.1086 cnt 5.7673 | selected_by_matrix_unit det_seg 6933 det_cnt 6175 seg_cnt 3404
[stage2] epoch 7 | val det 0.4859 seg 0.9990 miou 0.6148 cnt 5.7305 dens 9.770476e-01 mae 4.7535 total_mae 29.9284 | ap50 0.5607 | combo 1.385796
[stage2] epoch 8/50 step 1 | loss 4.8819 | train det 0.0298 seg 0.1084 cnt 3.5670 | shared_pairs det_seg 173/384 det_cnt 126/384 seg_cnt 85/384 | scores det_seg -0.1473 det_cnt -1.7134 seg_cnt -0.0746
[stage2] epoch 8/50 step 2 | loss 5.2218 | train det 0.0778 seg 0.1252 cnt 3.0536 | shared_pairs det_seg 170/384 det_cnt 151/384 seg_cnt 63/384 | scores det_seg 2.0346 det_cnt 1.7183 seg_cnt -1.8770
[stage2] epoch 8/50 step 3 | loss 10.6155 | train det 0.3162 seg 0.1732 cnt 4.4865 | shared_pairs det_seg 169/384 det_cnt 137/384 seg_cnt 78/384 | scores det_seg 0.5547 det_cnt -2.1986 seg_cnt -0.7835
[stage2] epoch 8/50 step 4 | loss 10.8237 | train det 0.0160 seg 0.0856 cnt 9.8998 | shared_pairs det_seg 176/384 det_cnt 128/384 seg_cnt 80/384 | scores det_seg -0.8733 det_cnt -1.2086 seg_cnt -0.7560
[stage2] epoch 8/50 step 5 | loss 6.3866 | train det 0.1152 seg 0.0856 cnt 3.9747 | shared_pairs det_seg 160/384 det_cnt 144/384 seg_cnt 80/384 | scores det_seg 0.0741 det_cnt -0.4737 seg_cnt 0.7509
[stage2] epoch 8/50 step 6 | loss 7.7318 | train det 0.1731 seg 0.1050 cnt 4.2952 | shared_pairs det_seg 159/384 det_cnt 155/384 seg_cnt 70/384 | scores det_seg 2.1586 det_cnt -1.0770 seg_cnt 0.1466
[stage2] epoch 8/50 step 7 | loss 5.5203 | train det 0.1487 seg 0.1515 cnt 2.0776 | shared_pairs det_seg 164/384 det_cnt 147/384 seg_cnt 73/384 | scores det_seg 0.3083 det_cnt 1.5019 seg_cnt 0.6544
[stage2] epoch 8/50 step 8 | loss 5.7034 | train det 0.1294 seg 0.1239 cnt 2.7710 | shared_pairs det_seg 185/384 det_cnt 122/384 seg_cnt 77/384 | scores det_seg -0.1661 det_cnt -4.3858 seg_cnt 0.6271
[stage2] epoch 8/50 step 9 | loss 11.9697 | train det 0.4287 seg 0.0621 cnt 5.0430 | shared_pairs det_seg 161/384 det_cnt 142/384 seg_cnt 81/384 | scores det_seg 0.5117 det_cnt 1.1716 seg_cnt -0.1125
[stage2] epoch 8/50 step 10 | loss 7.9835 | train det 0.0390 seg 0.1263 cnt 6.3884 | shared_pairs det_seg 156/384 det_cnt 149/384 seg_cnt 79/384 | scores det_seg -2.0457 det_cnt 0.3234 seg_cnt 0.0094
[stage2] epoch 8/50 step 11 | loss 4.4589 | train det 0.0193 seg 0.0618 cnt 3.6753 | shared_pairs det_seg 161/384 det_cnt 142/384 seg_cnt 81/384 | scores det_seg -0.6880 det_cnt 1.5446 seg_cnt 0.7812
[stage2] epoch 8/50 step 12 | loss 4.4771 | train det 0.0350 seg 0.1533 cnt 2.7258 | shared_pairs det_seg 165/384 det_cnt 148/384 seg_cnt 71/384 | scores det_seg -0.8766 det_cnt 0.8145 seg_cnt -2.0548
[stage2] epoch 8/50 step 13 | loss 6.9320 | train det 0.0267 seg 0.1085 cnt 5.6630 | shared_pairs det_seg 182/384 det_cnt 122/384 seg_cnt 80/384 | scores det_seg 1.1156 det_cnt -3.5175 seg_cnt -1.8272
[stage2] epoch 8/50 step 14 | loss 6.9399 | train det 0.0198 seg 0.1578 cnt 5.3803 | shared_pairs det_seg 169/384 det_cnt 134/384 seg_cnt 81/384 | scores det_seg 1.3392 det_cnt -0.3820 seg_cnt -0.0566
[stage2] epoch 8/50 step 15 | loss 7.3174 | train det 0.0425 seg 0.1511 cnt 5.4711 | shared_pairs det_seg 152/384 det_cnt 142/384 seg_cnt 90/384 | scores det_seg -0.7824 det_cnt 2.6994 seg_cnt 1.5106
[stage2] epoch 8/50 step 16 | loss 10.8690 | train det 0.0214 seg 0.0810 cnt 9.9003 | shared_pairs det_seg 134/384 det_cnt 163/384 seg_cnt 87/384 | scores det_seg -0.2641 det_cnt 0.9960 seg_cnt 1.0545
[stage2] epoch 8/50 step 17 | loss 3.9996 | train det 0.0485 seg 0.0585 cnt 2.8043 | shared_pairs det_seg 172/384 det_cnt 140/384 seg_cnt 72/384 | scores det_seg -0.2609 det_cnt 1.5917 seg_cnt -0.5786
[stage2] epoch 8/50 step 18 | loss 26.9328 | train det 0.0411 seg 0.0793 cnt 25.6823 | shared_pairs det_seg 159/384 det_cnt 132/384 seg_cnt 93/384 | scores det_seg -3.2408 det_cnt -2.2790 seg_cnt -0.1899
[stage2] epoch 8/50 step 19 | loss 11.5428 | train det 0.3971 seg 0.1206 cnt 4.6214 | shared_pairs det_seg 166/384 det_cnt 133/384 seg_cnt 85/384 | scores det_seg -1.0593 det_cnt -2.9884 seg_cnt -0.5674
[stage2] epoch 8/50 step 20 | loss 5.4830 | train det 0.0502 seg 0.1267 cnt 3.7156 | shared_pairs det_seg 168/384 det_cnt 142/384 seg_cnt 74/384 | scores det_seg 0.5526 det_cnt -0.8344 seg_cnt -1.5316
[stage2] epoch 8/50 step 21 | loss 12.7498 | train det 0.1278 seg 0.2152 cnt 9.1113 | shared_pairs det_seg 151/384 det_cnt 165/384 seg_cnt 68/384 | scores det_seg -2.1358 det_cnt 0.8830 seg_cnt 0.2511
[stage2] epoch 8/50 step 22 | loss 6.7172 | train det 0.0248 seg 0.2913 cnt 4.0149 | shared_pairs det_seg 179/384 det_cnt 128/384 seg_cnt 77/384 | scores det_seg 2.0092 det_cnt -2.0422 seg_cnt 0.1657
[stage2] epoch 8/50 step 23 | loss 3.9086 | train det 0.0454 seg 0.0440 cnt 2.8753 | shared_pairs det_seg 159/384 det_cnt 143/384 seg_cnt 82/384 | scores det_seg 0.6253 det_cnt 2.8300 seg_cnt -0.2846
[stage2] epoch 8/50 step 24 | loss 6.5831 | train det 0.0929 seg 0.1419 cnt 4.0550 | shared_pairs det_seg 175/384 det_cnt 139/384 seg_cnt 70/384 | scores det_seg 1.0541 det_cnt 0.7797 seg_cnt -0.7284
[stage2] epoch 8/50 step 25 | loss 6.6612 | train det 0.0992 seg 0.1150 cnt 4.2529 | shared_pairs det_seg 191/384 det_cnt 120/384 seg_cnt 73/384 | scores det_seg 1.6934 det_cnt -1.9940 seg_cnt 2.0920
[stage2] epoch 8/50 step 26 | loss 5.7136 | train det 0.1187 seg 0.1160 cnt 3.0047 | shared_pairs det_seg 182/384 det_cnt 124/384 seg_cnt 78/384 | scores det_seg 0.3704 det_cnt -0.5210 seg_cnt -0.0102
[stage2] epoch 8/50 step 27 | loss 6.1908 | train det 0.0417 seg 0.1317 cnt 4.5123 | shared_pairs det_seg 166/384 det_cnt 134/384 seg_cnt 84/384 | scores det_seg 0.2937 det_cnt 1.0087 seg_cnt -0.0152
[stage2] epoch 8/50 step 28 | loss 15.5204 | train det 0.0427 seg 0.1230 cnt 13.8953 | shared_pairs det_seg 170/384 det_cnt 131/384 seg_cnt 83/384 | scores det_seg 1.0653 det_cnt -2.2411 seg_cnt -1.6978
[stage2] epoch 8/50 step 29 | loss 5.0216 | train det 0.0452 seg 0.1075 cnt 3.4836 | shared_pairs det_seg 154/384 det_cnt 125/384 seg_cnt 105/384 | scores det_seg -0.8679 det_cnt -0.4867 seg_cnt 3.7594
[stage2] epoch 8/50 step 30 | loss 5.7400 | train det 0.0264 seg 0.1357 cnt 4.2581 | shared_pairs det_seg 153/384 det_cnt 145/384 seg_cnt 86/384 | scores det_seg -3.0833 det_cnt -1.5596 seg_cnt 1.1333
[stage2] epoch 8/50 step 31 | loss 3.7630 | train det 0.0406 seg 0.1169 cnt 2.2183 | shared_pairs det_seg 149/384 det_cnt 160/384 seg_cnt 75/384 | scores det_seg -2.4148 det_cnt 1.3590 seg_cnt 0.6291
[stage2] epoch 8/50 step 32 | loss 4.7088 | train det 0.0417 seg 0.1779 cnt 2.6601 | shared_pairs det_seg 174/384 det_cnt 135/384 seg_cnt 75/384 | scores det_seg 1.7687 det_cnt -1.7452 seg_cnt -0.4140
[stage2] epoch 8/50 step 33 | loss 7.1791 | train det 0.2024 seg 0.0406 cnt 3.8177 | shared_pairs det_seg 163/384 det_cnt 143/384 seg_cnt 78/384 | scores det_seg -2.7589 det_cnt -2.5840 seg_cnt -1.1143
[stage2] epoch 8/50 step 34 | loss 7.4921 | train det 0.0767 seg 0.0774 cnt 5.7230 | shared_pairs det_seg 153/384 det_cnt 165/384 seg_cnt 66/384 | scores det_seg -0.0876 det_cnt 2.8806 seg_cnt -1.6213
[stage2] epoch 8/50 step 35 | loss 6.0931 | train det 0.0601 seg 0.1592 cnt 3.9175 | shared_pairs det_seg 140/384 det_cnt 162/384 seg_cnt 82/384 | scores det_seg -1.3655 det_cnt 2.3945 seg_cnt 1.9584
[stage2] epoch 8/50 step 36 | loss 4.4768 | train det 0.0109 seg 0.0609 cnt 3.8257 | shared_pairs det_seg 164/384 det_cnt 140/384 seg_cnt 80/384 | scores det_seg 0.1287 det_cnt -1.8539 seg_cnt -2.5206
[stage2] epoch 8/50 step 37 | loss 7.4412 | train det 0.0308 seg 0.2105 cnt 5.2944 | shared_pairs det_seg 155/384 det_cnt 151/384 seg_cnt 78/384 | scores det_seg 0.0976 det_cnt 2.9363 seg_cnt -0.5839
[stage2] epoch 8/50 step 38 | loss 8.2263 | train det 0.0661 seg 0.2674 cnt 5.0954 | shared_pairs det_seg 156/384 det_cnt 148/384 seg_cnt 80/384 | scores det_seg -2.8163 det_cnt -0.5010 seg_cnt 0.0557
[stage2] epoch 8/50 step 39 | loss 11.2249 | train det 0.3470 seg 0.1169 cnt 5.0849 | shared_pairs det_seg 166/384 det_cnt 132/384 seg_cnt 86/384 | scores det_seg -0.9493 det_cnt -2.9307 seg_cnt 0.0596
[stage2] epoch 8/50 step 40 | loss 11.0286 | train det 0.0341 seg 0.1056 cnt 9.6721 | shared_pairs det_seg 173/384 det_cnt 156/384 seg_cnt 55/384 | scores det_seg 1.7639 det_cnt 1.2689 seg_cnt -2.5684
[stage2] epoch 8/50 step 41 | loss 5.1138 | train det 0.1345 seg 0.0785 cnt 2.4686 | shared_pairs det_seg 158/384 det_cnt 146/384 seg_cnt 80/384 | scores det_seg -0.4858 det_cnt 1.2592 seg_cnt 0.7204
[stage2] epoch 8/50 step 42 | loss 25.8339 | train det 0.1607 seg 0.0730 cnt 22.8388 | shared_pairs det_seg 169/384 det_cnt 133/384 seg_cnt 82/384 | scores det_seg -1.7403 det_cnt -1.4662 seg_cnt -0.5293
[stage2] epoch 8/50 step 43 | loss 8.9964 | train det 0.2005 seg 0.1145 cnt 5.0733 | shared_pairs det_seg 159/384 det_cnt 142/384 seg_cnt 83/384 | scores det_seg -1.0685 det_cnt 0.4688 seg_cnt 1.8965
[stage2] epoch 8/50 | train 8.1901 | det 0.0988 seg 0.1225 cnt 5.7291 | selected_by_matrix_unit det_seg 7060 det_cnt 6066 seg_cnt 3386
[stage2] epoch 8 | val det 0.4616 seg 0.9932 miou 0.6187 cnt 7.4146 dens 9.772645e-01 mae 6.4373 total_mae 37.1152 | ap50 0.5663 | combo 1.340260
[stage2] epoch 9/50 step 1 | loss 4.9021 | train det 0.0666 seg 0.1374 cnt 2.8029 | shared_pairs det_seg 165/384 det_cnt 146/384 seg_cnt 73/384 | scores det_seg 0.7461 det_cnt 0.9499 seg_cnt -1.1177
[stage2] epoch 9/50 step 2 | loss 4.9782 | train det 0.0365 seg 0.1650 cnt 3.1106 | shared_pairs det_seg 161/384 det_cnt 166/384 seg_cnt 57/384 | scores det_seg 0.4943 det_cnt 2.0802 seg_cnt -3.6965
[stage2] epoch 9/50 step 3 | loss 5.4057 | train det 0.0425 seg 0.0810 cnt 4.1205 | shared_pairs det_seg 163/384 det_cnt 152/384 seg_cnt 69/384 | scores det_seg -0.8321 det_cnt 0.7439 seg_cnt -1.2042
[stage2] epoch 9/50 step 4 | loss 2.7765 | train det 0.0340 seg 0.0704 cnt 1.7028 | shared_pairs det_seg 167/384 det_cnt 138/384 seg_cnt 79/384 | scores det_seg -0.9232 det_cnt -2.4042 seg_cnt 0.8257
[stage2] epoch 9/50 step 5 | loss 3.4912 | train det 0.0281 seg 0.0508 cnt 2.6638 | shared_pairs det_seg 136/384 det_cnt 156/384 seg_cnt 92/384 | scores det_seg -2.0538 det_cnt 1.4511 seg_cnt 0.1905
[stage2] epoch 9/50 step 6 | loss 4.5581 | train det 0.0644 seg 0.0646 cnt 3.0759 | shared_pairs det_seg 174/384 det_cnt 143/384 seg_cnt 67/384 | scores det_seg 0.7363 det_cnt 1.2354 seg_cnt -0.0497
[stage2] epoch 9/50 step 7 | loss 9.1061 | train det 0.0635 seg 0.1176 cnt 7.2135 | shared_pairs det_seg 168/384 det_cnt 145/384 seg_cnt 71/384 | scores det_seg -0.3920 det_cnt 2.3248 seg_cnt 1.0021
[stage2] epoch 9/50 step 8 | loss 10.9264 | train det 0.0174 seg 0.1145 cnt 9.7492 | shared_pairs det_seg 159/384 det_cnt 143/384 seg_cnt 82/384 | scores det_seg -0.3065 det_cnt -0.7011 seg_cnt 2.2616
[stage2] epoch 9/50 step 9 | loss 10.6060 | train det 0.2960 seg 0.1520 cnt 4.9490 | shared_pairs det_seg 175/384 det_cnt 138/384 seg_cnt 71/384 | scores det_seg 0.6122 det_cnt 0.9350 seg_cnt 1.0381
[stage2] epoch 9/50 step 10 | loss 5.9320 | train det 0.0778 seg 0.1282 cnt 3.7398 | shared_pairs det_seg 150/384 det_cnt 155/384 seg_cnt 79/384 | scores det_seg 0.7474 det_cnt 3.0749 seg_cnt -0.2530
[stage2] epoch 9/50 step 11 | loss 5.6479 | train det 0.0552 seg 0.0738 cnt 4.2289 | shared_pairs det_seg 157/384 det_cnt 133/384 seg_cnt 94/384 | scores det_seg -1.3032 det_cnt -0.4084 seg_cnt 2.5958
[stage2] epoch 9/50 step 12 | loss 2.7633 | train det 0.0270 seg 0.0590 cnt 1.8870 | shared_pairs det_seg 155/384 det_cnt 148/384 seg_cnt 81/384 | scores det_seg -0.4363 det_cnt 0.5120 seg_cnt -0.1209
[stage2] epoch 9/50 step 13 | loss 5.9066 | train det 0.0313 seg 0.1435 cnt 4.2891 | shared_pairs det_seg 176/384 det_cnt 119/384 seg_cnt 89/384 | scores det_seg -2.5232 det_cnt -2.1770 seg_cnt -0.2415
[stage2] epoch 9/50 step 14 | loss 6.7609 | train det 0.0393 seg 0.0613 cnt 5.6810 | shared_pairs det_seg 173/384 det_cnt 129/384 seg_cnt 82/384 | scores det_seg -1.9345 det_cnt -2.1096 seg_cnt 1.8310
[stage2] epoch 9/50 step 15 | loss 9.3448 | train det 0.0244 seg 0.2021 cnt 7.3620 | shared_pairs det_seg 165/384 det_cnt 162/384 seg_cnt 57/384 | scores det_seg -1.1984 det_cnt 2.1932 seg_cnt -1.7003
[stage2] epoch 9/50 step 16 | loss 9.8849 | train det 0.3663 seg 0.1117 cnt 3.4965 | shared_pairs det_seg 169/384 det_cnt 152/384 seg_cnt 63/384 | scores det_seg 0.8746 det_cnt 1.1991 seg_cnt -2.3168
[stage2] epoch 9/50 step 17 | loss 6.4102 | train det 0.0316 seg 0.1098 cnt 5.0570 | shared_pairs det_seg 185/384 det_cnt 128/384 seg_cnt 71/384 | scores det_seg -1.2613 det_cnt -0.0428 seg_cnt -0.8652
[stage2] epoch 9/50 step 18 | loss 7.7246 | train det 0.0727 seg 0.1485 cnt 5.4458 | shared_pairs det_seg 153/384 det_cnt 148/384 seg_cnt 83/384 | scores det_seg -0.1242 det_cnt 0.4919 seg_cnt -0.0051
[stage2] epoch 9/50 step 19 | loss 6.8141 | train det 0.0612 seg 0.0532 cnt 5.4707 | shared_pairs det_seg 179/384 det_cnt 124/384 seg_cnt 81/384 | scores det_seg 1.7502 det_cnt -1.7212 seg_cnt 0.4359
[stage2] epoch 9/50 step 20 | loss 9.3771 | train det 0.1241 seg 0.1794 cnt 6.0799 | shared_pairs det_seg 151/384 det_cnt 145/384 seg_cnt 88/384 | scores det_seg -2.6515 det_cnt 0.9256 seg_cnt 0.6467
[stage2] epoch 9/50 step 21 | loss 8.9498 | train det 0.0535 seg 0.0956 cnt 7.3826 | shared_pairs det_seg 161/384 det_cnt 137/384 seg_cnt 86/384 | scores det_seg -1.9328 det_cnt -1.5720 seg_cnt -0.3770
[stage2] epoch 9/50 step 22 | loss 8.1743 | train det 0.1476 seg 0.0651 cnt 5.4396 | shared_pairs det_seg 163/384 det_cnt 139/384 seg_cnt 82/384 | scores det_seg -1.0815 det_cnt 1.0517 seg_cnt -1.9716
[stage2] epoch 9/50 step 23 | loss 14.5129 | train det 0.0555 seg 0.0503 cnt 13.2782 | shared_pairs det_seg 163/384 det_cnt 146/384 seg_cnt 75/384 | scores det_seg -1.2881 det_cnt 2.1151 seg_cnt 1.4259
[stage2] epoch 9/50 step 24 | loss 5.1323 | train det 0.0449 seg 0.1339 cnt 3.3875 | shared_pairs det_seg 179/384 det_cnt 129/384 seg_cnt 76/384 | scores det_seg 0.8727 det_cnt -1.2605 seg_cnt 0.2194
[stage2] epoch 9/50 step 25 | loss 7.9396 | train det 0.3150 seg 0.0890 cnt 2.5029 | shared_pairs det_seg 186/384 det_cnt 136/384 seg_cnt 62/384 | scores det_seg 1.2830 det_cnt 0.9470 seg_cnt -2.0784
[stage2] epoch 9/50 step 26 | loss 3.8974 | train det 0.0305 seg 0.1028 cnt 2.6176 | shared_pairs det_seg 171/384 det_cnt 135/384 seg_cnt 78/384 | scores det_seg 1.8750 det_cnt -1.7623 seg_cnt 0.8435
[stage2] epoch 9/50 step 27 | loss 5.5284 | train det 0.0483 seg 0.0922 cnt 4.0669 | shared_pairs det_seg 190/384 det_cnt 138/384 seg_cnt 56/384 | scores det_seg 1.8008 det_cnt -2.3923 seg_cnt -1.0354
[stage2] epoch 9/50 step 28 | loss 8.8022 | train det 0.3382 seg 0.1814 cnt 2.2784 | shared_pairs det_seg 157/384 det_cnt 145/384 seg_cnt 82/384 | scores det_seg -0.5305 det_cnt 0.2407 seg_cnt 0.7907
[stage2] epoch 9/50 step 29 | loss 2.3765 | train det 0.0478 seg 0.0438 cnt 1.3090 | shared_pairs det_seg 155/384 det_cnt 145/384 seg_cnt 84/384 | scores det_seg -1.2923 det_cnt -0.4986 seg_cnt 0.0064
[stage2] epoch 9/50 step 30 | loss 4.2900 | train det 0.0725 seg 0.0404 cnt 2.8792 | shared_pairs det_seg 159/384 det_cnt 151/384 seg_cnt 74/384 | scores det_seg -1.6953 det_cnt 0.7544 seg_cnt -0.7196
[stage2] epoch 9/50 step 31 | loss 11.6609 | train det 0.0758 seg 0.1142 cnt 9.6095 | shared_pairs det_seg 176/384 det_cnt 124/384 seg_cnt 84/384 | scores det_seg -0.9563 det_cnt -1.8791 seg_cnt 1.3337
[stage2] epoch 9/50 step 32 | loss 12.8624 | train det 0.1431 seg 0.1344 cnt 9.6401 | shared_pairs det_seg 158/384 det_cnt 141/384 seg_cnt 85/384 | scores det_seg -0.2437 det_cnt -1.2388 seg_cnt 1.6861
[stage2] epoch 9/50 step 33 | loss 6.9909 | train det 0.0229 seg 0.1322 cnt 5.5894 | shared_pairs det_seg 158/384 det_cnt 154/384 seg_cnt 72/384 | scores det_seg -0.4042 det_cnt 0.0120 seg_cnt 0.0562
[stage2] epoch 9/50 step 34 | loss 7.9184 | train det 0.2753 seg 0.1600 cnt 2.5085 | shared_pairs det_seg 153/384 det_cnt 151/384 seg_cnt 80/384 | scores det_seg -1.4710 det_cnt 2.8749 seg_cnt 0.1917
[stage2] epoch 9/50 step 35 | loss 6.8599 | train det 0.0224 seg 0.1511 cnt 5.3153 | shared_pairs det_seg 154/384 det_cnt 146/384 seg_cnt 84/384 | scores det_seg -0.3616 det_cnt 2.8808 seg_cnt 1.0845
[stage2] epoch 9/50 step 36 | loss 4.6389 | train det 0.0977 seg 0.1134 cnt 2.2662 | shared_pairs det_seg 179/384 det_cnt 122/384 seg_cnt 83/384 | scores det_seg -1.1313 det_cnt -0.9519 seg_cnt 0.2412
[stage2] epoch 9/50 step 37 | loss 6.1683 | train det 0.0671 seg 0.1158 cnt 4.2348 | shared_pairs det_seg 177/384 det_cnt 140/384 seg_cnt 67/384 | scores det_seg 0.2369 det_cnt -1.3793 seg_cnt -0.4972
[stage2] epoch 9/50 step 38 | loss 6.6664 | train det 0.0304 seg 0.1622 cnt 4.9128 | shared_pairs det_seg 169/384 det_cnt 133/384 seg_cnt 82/384 | scores det_seg 1.3462 det_cnt 0.5382 seg_cnt 0.5506
[stage2] epoch 9/50 step 39 | loss 7.7946 | train det 0.0403 seg 0.0819 cnt 6.5346 | shared_pairs det_seg 179/384 det_cnt 130/384 seg_cnt 75/384 | scores det_seg -0.0938 det_cnt -1.2852 seg_cnt -0.7013
[stage2] epoch 9/50 step 40 | loss 5.3883 | train det 0.0377 seg 0.1035 cnt 3.9939 | shared_pairs det_seg 157/384 det_cnt 162/384 seg_cnt 65/384 | scores det_seg 0.1501 det_cnt 1.5875 seg_cnt 0.2303
[stage2] epoch 9/50 step 41 | loss 4.6513 | train det 0.0125 seg 0.1217 cnt 3.4897 | shared_pairs det_seg 179/384 det_cnt 134/384 seg_cnt 71/384 | scores det_seg 0.3606 det_cnt -1.8326 seg_cnt -0.3303
[stage2] epoch 9/50 step 42 | loss 7.2930 | train det 0.0522 seg 0.0830 cnt 5.8451 | shared_pairs det_seg 173/384 det_cnt 131/384 seg_cnt 80/384 | scores det_seg 0.9824 det_cnt -2.6419 seg_cnt 0.2981
[stage2] epoch 9/50 step 43 | loss 7.3793 | train det 0.0909 seg 0.0927 cnt 5.2740 | shared_pairs det_seg 175/384 det_cnt 152/384 seg_cnt 57/384 | scores det_seg -0.7430 det_cnt 0.2996 seg_cnt -1.7959
[stage2] epoch 9/50 | train 6.9580 | det 0.0856 seg 0.1089 cnt 4.8019 | selected_by_matrix_unit det_seg 7152 det_cnt 6091 seg_cnt 3269
[stage2] epoch 9 | val det 0.4840 seg 0.9832 miou 0.6184 cnt 5.9354 dens 9.747363e-01 mae 4.9607 total_mae 21.7180 | ap50 0.5706 | combo 1.390604
[stage2] epoch 10/50 step 1 | loss 5.5050 | train det 0.0454 seg 0.0976 cnt 4.0427 | shared_pairs det_seg 161/384 det_cnt 149/384 seg_cnt 74/384 | scores det_seg -1.4709 det_cnt 0.1026 seg_cnt -0.7185
[stage2] epoch 10/50 step 2 | loss 3.6913 | train det 0.0415 seg 0.1177 cnt 2.1274 | shared_pairs det_seg 172/384 det_cnt 148/384 seg_cnt 64/384 | scores det_seg 0.4696 det_cnt 3.0055 seg_cnt -0.9313
[stage2] epoch 10/50 step 3 | loss 3.9555 | train det 0.0714 seg 0.0862 cnt 2.1956 | shared_pairs det_seg 138/384 det_cnt 169/384 seg_cnt 77/384 | scores det_seg -2.5023 det_cnt 0.7517 seg_cnt -1.1190
[stage2] epoch 10/50 step 4 | loss 8.5757 | train det 0.0638 seg 0.0908 cnt 6.8919 | shared_pairs det_seg 149/384 det_cnt 148/384 seg_cnt 87/384 | scores det_seg -1.8068 det_cnt -1.4305 seg_cnt -0.0685
[stage2] epoch 10/50 step 5 | loss 14.4577 | train det 0.0649 seg 0.1289 cnt 12.4537 | shared_pairs det_seg 156/384 det_cnt 137/384 seg_cnt 91/384 | scores det_seg 0.2886 det_cnt 1.3357 seg_cnt 0.8438
[stage2] epoch 10/50 step 6 | loss 4.6751 | train det 0.0622 seg 0.0845 cnt 3.0652 | shared_pairs det_seg 171/384 det_cnt 145/384 seg_cnt 68/384 | scores det_seg -0.6477 det_cnt -1.2364 seg_cnt -0.3343
[stage2] epoch 10/50 step 7 | loss 5.0751 | train det 0.0493 seg 0.0816 cnt 3.6821 | shared_pairs det_seg 154/384 det_cnt 154/384 seg_cnt 76/384 | scores det_seg -3.0981 det_cnt -1.5160 seg_cnt -3.1959
[stage2] epoch 10/50 step 8 | loss 6.5792 | train det 0.0483 seg 0.0959 cnt 5.0873 | shared_pairs det_seg 168/384 det_cnt 148/384 seg_cnt 68/384 | scores det_seg -0.5595 det_cnt 0.9516 seg_cnt -2.1342
[stage2] epoch 10/50 step 9 | loss 9.1880 | train det 0.0620 seg 0.1578 cnt 6.9962 | shared_pairs det_seg 166/384 det_cnt 135/384 seg_cnt 83/384 | scores det_seg -0.1322 det_cnt -0.7331 seg_cnt -0.2370
[stage2] epoch 10/50 step 10 | loss 4.0243 | train det 0.0358 seg 0.0539 cnt 3.0554 | shared_pairs det_seg 150/384 det_cnt 142/384 seg_cnt 92/384 | scores det_seg -1.4424 det_cnt 0.1395 seg_cnt 1.1455
[stage2] epoch 10/50 step 11 | loss 3.9973 | train det 0.0413 seg 0.1336 cnt 2.3083 | shared_pairs det_seg 176/384 det_cnt 132/384 seg_cnt 76/384 | scores det_seg -0.6330 det_cnt -0.7047 seg_cnt 0.8016
[stage2] epoch 10/50 step 12 | loss 3.8957 | train det 0.0411 seg 0.0972 cnt 2.5007 | shared_pairs det_seg 169/384 det_cnt 136/384 seg_cnt 79/384 | scores det_seg 1.8406 det_cnt 0.3094 seg_cnt 0.9885
[stage2] epoch 10/50 step 13 | loss 6.0280 | train det 0.0365 seg 0.2946 cnt 3.1231 | shared_pairs det_seg 190/384 det_cnt 112/384 seg_cnt 82/384 | scores det_seg 1.2339 det_cnt -0.1675 seg_cnt 0.3483
[stage2] epoch 10/50 step 14 | loss 9.1387 | train det 0.0633 seg 0.0826 cnt 7.5285 | shared_pairs det_seg 159/384 det_cnt 170/384 seg_cnt 55/384 | scores det_seg -0.6038 det_cnt 2.4593 seg_cnt -2.6700
[stage2] epoch 10/50 step 15 | loss 10.3278 | train det 0.2009 seg 0.1022 cnt 6.4964 | shared_pairs det_seg 171/384 det_cnt 131/384 seg_cnt 82/384 | scores det_seg 1.6148 det_cnt -0.2285 seg_cnt 1.1957
[stage2] epoch 10/50 step 16 | loss 4.0424 | train det 0.0265 seg 0.0865 cnt 2.9533 | shared_pairs det_seg 150/384 det_cnt 159/384 seg_cnt 75/384 | scores det_seg 0.2559 det_cnt 1.2009 seg_cnt 2.1055
[stage2] epoch 10/50 step 17 | loss 3.1150 | train det 0.0422 seg 0.0624 cnt 1.9827 | shared_pairs det_seg 169/384 det_cnt 139/384 seg_cnt 76/384 | scores det_seg 0.4334 det_cnt -0.3934 seg_cnt -0.9732
[stage2] epoch 10/50 step 18 | loss 7.7595 | train det 0.1088 seg 0.0800 cnt 5.4877 | shared_pairs det_seg 186/384 det_cnt 128/384 seg_cnt 70/384 | scores det_seg 3.2291 det_cnt -0.7483 seg_cnt -1.0441
[stage2] epoch 10/50 step 19 | loss 3.6418 | train det 0.1303 seg 0.0470 cnt 1.3112 | shared_pairs det_seg 171/384 det_cnt 155/384 seg_cnt 58/384 | scores det_seg 0.7477 det_cnt 0.9261 seg_cnt -2.1957
[stage2] epoch 10/50 step 20 | loss 4.1076 | train det 0.0617 seg 0.1278 cnt 2.1589 | shared_pairs det_seg 189/384 det_cnt 116/384 seg_cnt 79/384 | scores det_seg 1.7113 det_cnt -1.6814 seg_cnt 1.6621
[stage2] epoch 10/50 step 21 | loss 6.7323 | train det 0.0398 seg 0.1130 cnt 5.2316 | shared_pairs det_seg 152/384 det_cnt 138/384 seg_cnt 94/384 | scores det_seg -0.5770 det_cnt 0.0926 seg_cnt 1.3200
[stage2] epoch 10/50 step 22 | loss 11.6918 | train det 0.0442 seg 0.1173 cnt 10.0894 | shared_pairs det_seg 169/384 det_cnt 158/384 seg_cnt 57/384 | scores det_seg 2.0827 det_cnt 3.1741 seg_cnt -0.5070
[stage2] epoch 10/50 step 23 | loss 4.7335 | train det 0.1517 seg 0.1247 cnt 1.4610 | shared_pairs det_seg 160/384 det_cnt 144/384 seg_cnt 80/384 | scores det_seg -0.2349 det_cnt -0.0160 seg_cnt 2.5904
[stage2] epoch 10/50 step 24 | loss 4.6043 | train det 0.0544 seg 0.0833 cnt 3.1225 | shared_pairs det_seg 165/384 det_cnt 151/384 seg_cnt 68/384 | scores det_seg 2.7110 det_cnt 1.9556 seg_cnt 1.5372
[stage2] epoch 10/50 step 25 | loss 6.0428 | train det 0.0772 seg 0.0642 cnt 4.3703 | shared_pairs det_seg 161/384 det_cnt 127/384 seg_cnt 96/384 | scores det_seg 1.6938 det_cnt -0.4047 seg_cnt 2.2620
[stage2] epoch 10/50 step 26 | loss 8.0301 | train det 0.3066 seg 0.1923 cnt 1.8933 | shared_pairs det_seg 141/384 det_cnt 152/384 seg_cnt 91/384 | scores det_seg -0.9356 det_cnt 1.1915 seg_cnt 1.4764
[stage2] epoch 10/50 step 27 | loss 4.0720 | train det 0.0773 seg 0.0851 cnt 2.2318 | shared_pairs det_seg 171/384 det_cnt 144/384 seg_cnt 69/384 | scores det_seg 1.3744 det_cnt -0.1875 seg_cnt 1.2288
[stage2] epoch 10/50 step 28 | loss 7.3628 | train det 0.0310 seg 0.0101 cnt 6.8175 | shared_pairs det_seg 148/384 det_cnt 146/384 seg_cnt 90/384 | scores det_seg -1.9168 det_cnt -3.3156 seg_cnt 0.1230
[stage2] epoch 10/50 step 29 | loss 13.5483 | train det 0.0421 seg 0.0872 cnt 12.2195 | shared_pairs det_seg 161/384 det_cnt 153/384 seg_cnt 70/384 | scores det_seg -0.6756 det_cnt -0.6093 seg_cnt -0.3207
[stage2] epoch 10/50 step 30 | loss 4.8507 | train det 0.0255 seg 0.0643 cnt 3.9537 | shared_pairs det_seg 161/384 det_cnt 139/384 seg_cnt 84/384 | scores det_seg -1.0227 det_cnt -1.4194 seg_cnt 2.1875
[stage2] epoch 10/50 step 31 | loss 3.7053 | train det 0.0466 seg 0.0625 cnt 2.5053 | shared_pairs det_seg 167/384 det_cnt 128/384 seg_cnt 89/384 | scores det_seg 1.0450 det_cnt -0.8769 seg_cnt 1.3659
[stage2] epoch 10/50 step 32 | loss 6.6700 | train det 0.0595 seg 0.1815 cnt 4.3264 | shared_pairs det_seg 161/384 det_cnt 137/384 seg_cnt 86/384 | scores det_seg -0.7686 det_cnt 0.2443 seg_cnt 0.4458
[stage2] epoch 10/50 step 33 | loss 9.0916 | train det 0.0433 seg 0.1532 cnt 7.2160 | shared_pairs det_seg 177/384 det_cnt 127/384 seg_cnt 80/384 | scores det_seg -0.3354 det_cnt -2.8149 seg_cnt 0.4301
[stage2] epoch 10/50 step 34 | loss 5.1493 | train det 0.0863 seg 0.0762 cnt 3.2455 | shared_pairs det_seg 174/384 det_cnt 132/384 seg_cnt 78/384 | scores det_seg 0.6090 det_cnt -0.3376 seg_cnt 1.2813
[stage2] epoch 10/50 step 35 | loss 7.5066 | train det 0.0984 seg 0.3078 cnt 3.5680 | shared_pairs det_seg 167/384 det_cnt 144/384 seg_cnt 73/384 | scores det_seg 0.7852 det_cnt -0.4051 seg_cnt -2.6932
[stage2] epoch 10/50 step 36 | loss 5.3396 | train det 0.0696 seg 0.1266 cnt 3.2827 | shared_pairs det_seg 168/384 det_cnt 141/384 seg_cnt 75/384 | scores det_seg -1.4635 det_cnt -2.0453 seg_cnt -2.0473
[stage2] epoch 10/50 step 37 | loss 3.6539 | train det 0.0349 seg 0.1128 cnt 2.2281 | shared_pairs det_seg 177/384 det_cnt 139/384 seg_cnt 68/384 | scores det_seg -0.5827 det_cnt -0.2391 seg_cnt -0.4225
[stage2] epoch 10/50 step 38 | loss 7.5589 | train det 0.0467 seg 0.1322 cnt 5.8005 | shared_pairs det_seg 148/384 det_cnt 143/384 seg_cnt 93/384 | scores det_seg 0.5998 det_cnt -0.5184 seg_cnt 1.4292
[stage2] epoch 10/50 step 39 | loss 7.9970 | train det 0.0543 seg 0.1802 cnt 5.7412 | shared_pairs det_seg 164/384 det_cnt 142/384 seg_cnt 78/384 | scores det_seg 1.3505 det_cnt 1.2869 seg_cnt 0.1087
[stage2] epoch 10/50 step 40 | loss 4.3899 | train det 0.0420 seg 0.0640 cnt 3.2478 | shared_pairs det_seg 156/384 det_cnt 138/384 seg_cnt 90/384 | scores det_seg -2.2702 det_cnt -4.2115 seg_cnt 0.1999
[stage2] epoch 10/50 step 41 | loss 4.0564 | train det 0.0609 seg 0.1173 cnt 2.2041 | shared_pairs det_seg 155/384 det_cnt 145/384 seg_cnt 84/384 | scores det_seg -1.4529 det_cnt 0.8010 seg_cnt 0.1038
[stage2] epoch 10/50 step 42 | loss 9.9850 | train det 0.0660 seg 0.1058 cnt 8.1494 | shared_pairs det_seg 162/384 det_cnt 144/384 seg_cnt 78/384 | scores det_seg 1.2862 det_cnt 1.6524 seg_cnt 1.7045
[stage2] epoch 10/50 step 43 | loss 3.8401 | train det 0.0618 seg 0.1687 cnt 1.5635 | shared_pairs det_seg 177/384 det_cnt 139/384 seg_cnt 68/384 | scores det_seg 0.8044 det_cnt -2.5932 seg_cnt -1.7158
[stage2] epoch 10/50 | train 6.3347 | det 0.0678 seg 0.1125 cnt 4.4167 | selected_by_matrix_unit det_seg 7057 det_cnt 6104 seg_cnt 3351
[stage2] epoch 10 | val det 0.4884 seg 1.0012 miou 0.6165 cnt 6.1735 dens 9.826507e-01 mae 5.1908 total_mae 36.2818 | ap50 0.5732 | combo 1.382307
[stage2] epoch 11/50 step 1 | loss 6.0167 | train det 0.0486 seg 0.1087 cnt 4.4183 | shared_pairs det_seg 156/384 det_cnt 144/384 seg_cnt 84/384 | scores det_seg -1.3698 det_cnt -0.5632 seg_cnt 0.7594
[stage2] epoch 11/50 step 2 | loss 3.5551 | train det 0.0159 seg 0.0767 cnt 2.7022 | shared_pairs det_seg 154/384 det_cnt 142/384 seg_cnt 88/384 | scores det_seg -0.1089 det_cnt 2.1823 seg_cnt 0.2886
[stage2] epoch 11/50 step 3 | loss 11.9388 | train det 0.1579 seg 0.1550 cnt 8.3304 | shared_pairs det_seg 151/384 det_cnt 151/384 seg_cnt 82/384 | scores det_seg -2.8055 det_cnt -0.0186 seg_cnt 3.1839
[stage2] epoch 11/50 step 4 | loss 7.9135 | train det 0.0580 seg 0.0680 cnt 6.4988 | shared_pairs det_seg 182/384 det_cnt 123/384 seg_cnt 79/384 | scores det_seg 1.4689 det_cnt -4.8852 seg_cnt -0.0984
[stage2] epoch 11/50 step 5 | loss 5.2312 | train det 0.0481 seg 0.1549 cnt 3.2713 | shared_pairs det_seg 160/384 det_cnt 154/384 seg_cnt 70/384 | scores det_seg -3.0850 det_cnt 0.0343 seg_cnt 0.9002
[stage2] epoch 11/50 step 6 | loss 7.7429 | train det 0.1062 seg 0.1129 cnt 5.2465 | shared_pairs det_seg 167/384 det_cnt 133/384 seg_cnt 84/384 | scores det_seg 2.0666 det_cnt 1.0377 seg_cnt 0.9914
[stage2] epoch 11/50 step 7 | loss 5.9365 | train det 0.1039 seg 0.0520 cnt 3.9622 | shared_pairs det_seg 193/384 det_cnt 126/384 seg_cnt 65/384 | scores det_seg 2.5350 det_cnt -0.9277 seg_cnt -1.1175
[stage2] epoch 11/50 step 8 | loss 4.7210 | train det 0.0725 seg 0.0510 cnt 3.2246 | shared_pairs det_seg 195/384 det_cnt 106/384 seg_cnt 83/384 | scores det_seg 1.3822 det_cnt -3.6459 seg_cnt -0.0169
[stage2] epoch 11/50 step 9 | loss 2.7284 | train det 0.0474 seg 0.0700 cnt 1.4570 | shared_pairs det_seg 191/384 det_cnt 116/384 seg_cnt 77/384 | scores det_seg 1.6469 det_cnt -5.5684 seg_cnt -1.9930
[stage2] epoch 11/50 step 10 | loss 5.5432 | train det 0.0813 seg 0.0493 cnt 3.9287 | shared_pairs det_seg 149/384 det_cnt 152/384 seg_cnt 83/384 | scores det_seg -0.5208 det_cnt 1.4420 seg_cnt -0.7033
[stage2] epoch 11/50 step 11 | loss 5.6773 | train det 0.0717 seg 0.0266 cnt 4.3892 | shared_pairs det_seg 166/384 det_cnt 140/384 seg_cnt 78/384 | scores det_seg -1.2846 det_cnt 0.4910 seg_cnt 0.0667
[stage2] epoch 11/50 step 12 | loss 6.0434 | train det 0.0392 seg 0.0704 cnt 4.8923 | shared_pairs det_seg 152/384 det_cnt 151/384 seg_cnt 81/384 | scores det_seg 0.1385 det_cnt 1.9153 seg_cnt -0.0615
[stage2] epoch 11/50 step 13 | loss 6.8008 | train det 0.0326 seg 0.0722 cnt 5.7338 | shared_pairs det_seg 189/384 det_cnt 120/384 seg_cnt 75/384 | scores det_seg 1.4697 det_cnt -1.9665 seg_cnt -0.9687
[stage2] epoch 11/50 step 14 | loss 8.5485 | train det 0.0458 seg 0.0815 cnt 7.2089 | shared_pairs det_seg 149/384 det_cnt 152/384 seg_cnt 83/384 | scores det_seg -3.3203 det_cnt 0.1666 seg_cnt 0.8928
[stage2] epoch 11/50 step 15 | loss 8.8645 | train det 0.1262 seg 0.0890 cnt 6.2599 | shared_pairs det_seg 175/384 det_cnt 140/384 seg_cnt 69/384 | scores det_seg -0.9814 det_cnt -0.3884 seg_cnt -0.9806
[stage2] epoch 11/50 step 16 | loss 6.1916 | train det 0.0941 seg 0.1663 cnt 3.4500 | shared_pairs det_seg 177/384 det_cnt 133/384 seg_cnt 74/384 | scores det_seg -1.2569 det_cnt -2.1821 seg_cnt 1.1132
[stage2] epoch 11/50 step 17 | loss 5.6847 | train det 0.0866 seg 0.1359 cnt 3.2990 | shared_pairs det_seg 181/384 det_cnt 126/384 seg_cnt 77/384 | scores det_seg 0.5935 det_cnt -2.5873 seg_cnt -0.0532
[stage2] epoch 11/50 step 18 | loss 6.5661 | train det 0.0990 seg 0.0845 cnt 4.4060 | shared_pairs det_seg 172/384 det_cnt 139/384 seg_cnt 73/384 | scores det_seg -0.2062 det_cnt -3.7321 seg_cnt 0.9352
[stage2] epoch 11/50 step 19 | loss 6.2718 | train det 0.0466 seg 0.0627 cnt 5.0716 | shared_pairs det_seg 164/384 det_cnt 140/384 seg_cnt 80/384 | scores det_seg -0.9090 det_cnt -2.1219 seg_cnt 1.3988
[stage2] epoch 11/50 step 20 | loss 8.1614 | train det 0.1072 seg 0.0845 cnt 5.8765 | shared_pairs det_seg 159/384 det_cnt 163/384 seg_cnt 62/384 | scores det_seg 0.1924 det_cnt 2.9299 seg_cnt 0.2978
[stage2] epoch 11/50 step 21 | loss 5.4666 | train det 0.0391 seg 0.0963 cnt 4.1099 | shared_pairs det_seg 171/384 det_cnt 140/384 seg_cnt 73/384 | scores det_seg -2.0999 det_cnt -0.4521 seg_cnt -1.3998
[stage2] epoch 11/50 step 22 | loss 16.1520 | train det 0.6187 seg 0.1799 cnt 5.4317 | shared_pairs det_seg 172/384 det_cnt 125/384 seg_cnt 87/384 | scores det_seg 0.7204 det_cnt -1.6092 seg_cnt 0.5389
[stage2] epoch 11/50 step 23 | loss 2.4612 | train det 0.0221 seg 0.1090 cnt 1.2580 | shared_pairs det_seg 156/384 det_cnt 155/384 seg_cnt 73/384 | scores det_seg -1.9875 det_cnt -2.5301 seg_cnt -2.1691
[stage2] epoch 11/50 step 24 | loss 3.7654 | train det 0.0417 seg 0.1150 cnt 2.2207 | shared_pairs det_seg 171/384 det_cnt 135/384 seg_cnt 78/384 | scores det_seg 1.0677 det_cnt 0.6681 seg_cnt 1.1223
[stage2] epoch 11/50 step 25 | loss 9.3387 | train det 0.1104 seg 0.1061 cnt 6.8330 | shared_pairs det_seg 193/384 det_cnt 111/384 seg_cnt 80/384 | scores det_seg 1.6898 det_cnt -2.4650 seg_cnt 2.0936
[stage2] epoch 11/50 step 26 | loss 3.5658 | train det 0.0245 seg 0.0653 cnt 2.6761 | shared_pairs det_seg 170/384 det_cnt 132/384 seg_cnt 82/384 | scores det_seg 2.0933 det_cnt -2.5859 seg_cnt -0.5780
[stage2] epoch 11/50 step 27 | loss 7.2997 | train det 0.0285 seg 0.0514 cnt 6.4607 | shared_pairs det_seg 171/384 det_cnt 141/384 seg_cnt 72/384 | scores det_seg 1.9048 det_cnt -0.2875 seg_cnt 0.7409
[stage2] epoch 11/50 step 28 | loss 10.7178 | train det 0.1789 seg 0.2225 cnt 6.2540 | shared_pairs det_seg 170/384 det_cnt 134/384 seg_cnt 80/384 | scores det_seg 1.8023 det_cnt -1.6973 seg_cnt 1.5190
[stage2] epoch 11/50 step 29 | loss 6.0319 | train det 0.1066 seg 0.0366 cnt 4.1399 | shared_pairs det_seg 168/384 det_cnt 144/384 seg_cnt 72/384 | scores det_seg -0.4251 det_cnt 0.2716 seg_cnt 0.4629
[stage2] epoch 11/50 step 30 | loss 7.9548 | train det 0.1167 seg 0.1268 cnt 5.1898 | shared_pairs det_seg 172/384 det_cnt 145/384 seg_cnt 67/384 | scores det_seg 0.9963 det_cnt 1.0534 seg_cnt -2.5899
[stage2] epoch 11/50 step 31 | loss 5.7145 | train det 0.0451 seg 0.0567 cnt 4.5852 | shared_pairs det_seg 152/384 det_cnt 160/384 seg_cnt 72/384 | scores det_seg -3.1347 det_cnt 0.5682 seg_cnt -1.2873
[stage2] epoch 11/50 step 32 | loss 4.5261 | train det 0.0377 seg 0.0786 cnt 3.3311 | shared_pairs det_seg 168/384 det_cnt 135/384 seg_cnt 81/384 | scores det_seg 1.0983 det_cnt -1.1778 seg_cnt -0.1913
[stage2] epoch 11/50 step 33 | loss 3.3044 | train det 0.0776 seg 0.1054 cnt 1.2967 | shared_pairs det_seg 186/384 det_cnt 135/384 seg_cnt 63/384 | scores det_seg 0.4374 det_cnt -2.4284 seg_cnt -2.8146
[stage2] epoch 11/50 step 34 | loss 5.2264 | train det 0.0345 seg 0.0960 cnt 3.9416 | shared_pairs det_seg 181/384 det_cnt 140/384 seg_cnt 63/384 | scores det_seg 0.0339 det_cnt 0.8569 seg_cnt -1.7800
[stage2] epoch 11/50 step 35 | loss 7.0499 | train det 0.2601 seg 0.0458 cnt 2.7822 | shared_pairs det_seg 171/384 det_cnt 140/384 seg_cnt 73/384 | scores det_seg 0.4651 det_cnt -0.5302 seg_cnt -1.2731
[stage2] epoch 11/50 step 36 | loss 9.1171 | train det 0.3073 seg 0.1631 cnt 3.2031 | shared_pairs det_seg 169/384 det_cnt 152/384 seg_cnt 63/384 | scores det_seg -1.6340 det_cnt -0.2239 seg_cnt -0.8316
[stage2] epoch 11/50 step 37 | loss 7.0832 | train det 0.0505 seg 0.1119 cnt 5.4304 | shared_pairs det_seg 154/384 det_cnt 150/384 seg_cnt 80/384 | scores det_seg -0.6917 det_cnt 0.1347 seg_cnt 0.6794
[stage2] epoch 11/50 step 38 | loss 7.6850 | train det 0.0231 seg 0.1104 cnt 6.4547 | shared_pairs det_seg 169/384 det_cnt 131/384 seg_cnt 84/384 | scores det_seg -1.3675 det_cnt -2.5868 seg_cnt 1.5169
[stage2] epoch 11/50 step 39 | loss 9.6133 | train det 0.1221 seg 0.1419 cnt 6.6458 | shared_pairs det_seg 164/384 det_cnt 130/384 seg_cnt 90/384 | scores det_seg -1.2246 det_cnt -1.9176 seg_cnt 0.2072
[stage2] epoch 11/50 step 40 | loss 3.5450 | train det 0.0788 seg 0.0512 cnt 1.9543 | shared_pairs det_seg 165/384 det_cnt 139/384 seg_cnt 80/384 | scores det_seg 0.4097 det_cnt -2.0175 seg_cnt -1.3830
[stage2] epoch 11/50 step 41 | loss 6.3541 | train det 0.0461 seg 0.1546 cnt 4.4260 | shared_pairs det_seg 165/384 det_cnt 140/384 seg_cnt 79/384 | scores det_seg 0.3983 det_cnt -0.3186 seg_cnt 1.9646
[stage2] epoch 11/50 step 42 | loss 7.3958 | train det 0.0997 seg 0.0652 cnt 5.3779 | shared_pairs det_seg 166/384 det_cnt 144/384 seg_cnt 74/384 | scores det_seg -0.1076 det_cnt -0.5498 seg_cnt 0.2204
[stage2] epoch 11/50 step 43 | loss 8.7103 | train det 0.1086 seg 0.1447 cnt 5.9243 | shared_pairs det_seg 155/384 det_cnt 158/384 seg_cnt 71/384 | scores det_seg -2.0783 det_cnt -0.0630 seg_cnt -1.9535
[stage2] epoch 11/50 | train 6.7027 | det 0.0946 seg 0.0978 cnt 4.5013 | selected_by_matrix_unit det_seg 7261 det_cnt 5967 seg_cnt 3284
[stage2] epoch 11 | val det 0.4678 seg 1.0342 miou 0.6165 cnt 5.7237 dens 9.773104e-01 mae 4.7464 total_mae 33.5640 | ap50 0.5738 | combo 1.401047
[stage2] epoch 12/50 step 1 | loss 5.2646 | train det 0.0454 seg 0.0526 cnt 4.1628 | shared_pairs det_seg 162/384 det_cnt 144/384 seg_cnt 78/384 | scores det_seg 1.3601 det_cnt 0.6920 seg_cnt -0.4969
[stage2] epoch 12/50 step 2 | loss 6.2141 | train det 0.0251 seg 0.1139 cnt 4.9270 | shared_pairs det_seg 139/384 det_cnt 172/384 seg_cnt 73/384 | scores det_seg -2.0375 det_cnt 5.2278 seg_cnt 1.3776
[stage2] epoch 12/50 step 3 | loss 8.3459 | train det 0.0304 seg 0.0537 cnt 7.4603 | shared_pairs det_seg 158/384 det_cnt 150/384 seg_cnt 76/384 | scores det_seg -0.2496 det_cnt 3.7769 seg_cnt 0.6111
[stage2] epoch 12/50 step 4 | loss 4.2137 | train det 0.0417 seg 0.0887 cnt 2.8782 | shared_pairs det_seg 155/384 det_cnt 148/384 seg_cnt 81/384 | scores det_seg -0.5604 det_cnt 0.3627 seg_cnt 0.9559
[stage2] epoch 12/50 step 5 | loss 4.4405 | train det 0.0251 seg 0.0115 cnt 3.9719 | shared_pairs det_seg 175/384 det_cnt 136/384 seg_cnt 73/384 | scores det_seg 2.1158 det_cnt -2.3202 seg_cnt 0.1540
[stage2] epoch 12/50 step 6 | loss 7.1179 | train det 0.1582 seg 0.0843 cnt 4.0705 | shared_pairs det_seg 171/384 det_cnt 143/384 seg_cnt 70/384 | scores det_seg -1.8342 det_cnt 0.0069 seg_cnt -2.3931
[stage2] epoch 12/50 step 7 | loss 5.6001 | train det 0.0282 seg 0.0874 cnt 4.4773 | shared_pairs det_seg 177/384 det_cnt 134/384 seg_cnt 73/384 | scores det_seg 2.5272 det_cnt -1.5720 seg_cnt -2.3857
[stage2] epoch 12/50 step 8 | loss 4.6596 | train det 0.1193 seg 0.0480 cnt 2.4859 | shared_pairs det_seg 165/384 det_cnt 140/384 seg_cnt 79/384 | scores det_seg -0.7931 det_cnt -0.2496 seg_cnt 0.7099
[stage2] epoch 12/50 step 9 | loss 8.4501 | train det 0.0359 seg 0.0951 cnt 7.1507 | shared_pairs det_seg 166/384 det_cnt 134/384 seg_cnt 84/384 | scores det_seg 1.6385 det_cnt 0.8429 seg_cnt 2.1116
[stage2] epoch 12/50 step 10 | loss 6.3216 | train det 0.0622 seg 0.1362 cnt 4.2993 | shared_pairs det_seg 161/384 det_cnt 140/384 seg_cnt 83/384 | scores det_seg -0.3965 det_cnt -1.7891 seg_cnt 1.2796
[stage2] epoch 12/50 step 11 | loss 2.7606 | train det 0.0743 seg 0.0961 cnt 0.8773 | shared_pairs det_seg 167/384 det_cnt 140/384 seg_cnt 77/384 | scores det_seg 2.3864 det_cnt 1.6282 seg_cnt -0.3846
[stage2] epoch 12/50 step 12 | loss 7.3032 | train det 0.0829 seg 0.0691 cnt 5.5071 | shared_pairs det_seg 159/384 det_cnt 131/384 seg_cnt 94/384 | scores det_seg -0.5470 det_cnt -2.3219 seg_cnt 0.0745
[stage2] epoch 12/50 step 13 | loss 3.6925 | train det 0.0738 seg 0.0995 cnt 1.7902 | shared_pairs det_seg 175/384 det_cnt 143/384 seg_cnt 66/384 | scores det_seg -0.0101 det_cnt -0.3774 seg_cnt -1.6959
[stage2] epoch 12/50 step 14 | loss 4.9964 | train det 0.0713 seg 0.1485 cnt 2.7397 | shared_pairs det_seg 157/384 det_cnt 152/384 seg_cnt 75/384 | scores det_seg -0.4123 det_cnt -0.8801 seg_cnt -0.0667
[stage2] epoch 12/50 step 15 | loss 7.0845 | train det 0.1239 seg 0.0829 cnt 4.5637 | shared_pairs det_seg 153/384 det_cnt 142/384 seg_cnt 89/384 | scores det_seg 0.3069 det_cnt -1.9129 seg_cnt 0.5810
[stage2] epoch 12/50 step 16 | loss 7.4985 | train det 0.0436 seg 0.0731 cnt 6.2596 | shared_pairs det_seg 153/384 det_cnt 148/384 seg_cnt 83/384 | scores det_seg -0.1054 det_cnt -0.2535 seg_cnt 0.8027
[stage2] epoch 12/50 step 17 | loss 12.4330 | train det 0.6977 seg 0.1102 cnt 1.0866 | shared_pairs det_seg 179/384 det_cnt 140/384 seg_cnt 65/384 | scores det_seg 0.3223 det_cnt -0.8121 seg_cnt -0.3790
[stage2] epoch 12/50 step 18 | loss 4.2327 | train det 0.0662 seg 0.0949 cnt 2.4809 | shared_pairs det_seg 171/384 det_cnt 135/384 seg_cnt 78/384 | scores det_seg 0.9226 det_cnt -0.7673 seg_cnt -0.6811
[stage2] epoch 12/50 step 19 | loss 5.6415 | train det 0.1244 seg 0.1181 cnt 2.8303 | shared_pairs det_seg 151/384 det_cnt 146/384 seg_cnt 87/384 | scores det_seg -0.9040 det_cnt 0.0382 seg_cnt 0.3126
[stage2] epoch 12/50 step 20 | loss 4.9336 | train det 0.0493 seg 0.1022 cnt 3.3756 | shared_pairs det_seg 191/384 det_cnt 126/384 seg_cnt 67/384 | scores det_seg 2.0891 det_cnt -1.9800 seg_cnt -1.1483
[stage2] epoch 12/50 step 21 | loss 2.7391 | train det 0.0278 seg 0.0342 cnt 2.0490 | shared_pairs det_seg 172/384 det_cnt 140/384 seg_cnt 72/384 | scores det_seg 1.2110 det_cnt 2.0569 seg_cnt -0.1780
[stage2] epoch 12/50 step 22 | loss 4.9405 | train det 0.0732 seg 0.1350 cnt 2.7629 | shared_pairs det_seg 182/384 det_cnt 127/384 seg_cnt 75/384 | scores det_seg 0.9427 det_cnt -1.5257 seg_cnt -2.0551
[stage2] epoch 12/50 step 23 | loss 7.9197 | train det 0.1395 seg 0.1128 cnt 4.9243 | shared_pairs det_seg 153/384 det_cnt 160/384 seg_cnt 71/384 | scores det_seg 1.5552 det_cnt 2.9763 seg_cnt -0.7086
[stage2] epoch 12/50 step 24 | loss 7.0110 | train det 0.1054 seg 0.1475 cnt 4.2506 | shared_pairs det_seg 161/384 det_cnt 159/384 seg_cnt 64/384 | scores det_seg -1.0363 det_cnt 0.5053 seg_cnt 0.5589
[stage2] epoch 12/50 step 25 | loss 5.5210 | train det 0.0743 seg 0.0982 cnt 3.6201 | shared_pairs det_seg 157/384 det_cnt 154/384 seg_cnt 73/384 | scores det_seg -0.4013 det_cnt 1.7161 seg_cnt 0.5220
[stage2] epoch 12/50 step 26 | loss 7.9883 | train det 0.0288 seg 0.1025 cnt 6.7364 | shared_pairs det_seg 170/384 det_cnt 145/384 seg_cnt 69/384 | scores det_seg 0.5142 det_cnt -0.7167 seg_cnt -2.1187
[stage2] epoch 12/50 step 27 | loss 11.4811 | train det 0.0726 seg 0.0930 cnt 9.6476 | shared_pairs det_seg 169/384 det_cnt 144/384 seg_cnt 71/384 | scores det_seg 2.4582 det_cnt -0.0047 seg_cnt -0.6667
[stage2] epoch 12/50 step 28 | loss 6.6718 | train det 0.2380 seg 0.0906 cnt 2.3765 | shared_pairs det_seg 176/384 det_cnt 118/384 seg_cnt 90/384 | scores det_seg -0.3377 det_cnt -3.9835 seg_cnt 3.8996
[stage2] epoch 12/50 step 29 | loss 6.3291 | train det 0.0551 seg 0.1274 cnt 4.4839 | shared_pairs det_seg 138/384 det_cnt 157/384 seg_cnt 89/384 | scores det_seg -2.5110 det_cnt 0.9871 seg_cnt -0.2368
[stage2] epoch 12/50 step 30 | loss 5.9784 | train det 0.0510 seg 0.1033 cnt 4.3873 | shared_pairs det_seg 167/384 det_cnt 149/384 seg_cnt 68/384 | scores det_seg -0.2596 det_cnt 2.5469 seg_cnt -1.7299
[stage2] epoch 12/50 step 31 | loss 6.3685 | train det 0.0221 seg 0.0950 cnt 5.2772 | shared_pairs det_seg 155/384 det_cnt 152/384 seg_cnt 77/384 | scores det_seg -2.8648 det_cnt -0.1487 seg_cnt -2.1197
[stage2] epoch 12/50 step 32 | loss 4.1034 | train det 0.0425 seg 0.0678 cnt 2.9228 | shared_pairs det_seg 179/384 det_cnt 132/384 seg_cnt 73/384 | scores det_seg 0.5598 det_cnt -0.5657 seg_cnt -1.1496
[stage2] epoch 12/50 step 33 | loss 9.7004 | train det 0.0263 seg 0.1062 cnt 8.4560 | shared_pairs det_seg 174/384 det_cnt 131/384 seg_cnt 79/384 | scores det_seg 0.8426 det_cnt -1.5964 seg_cnt 0.6146
[stage2] epoch 12/50 step 34 | loss 6.8080 | train det 0.0780 seg 0.1555 cnt 4.3948 | shared_pairs det_seg 163/384 det_cnt 151/384 seg_cnt 70/384 | scores det_seg -0.3373 det_cnt 0.4590 seg_cnt -1.4726
[stage2] epoch 12/50 step 35 | loss 3.1001 | train det 0.0339 seg 0.1266 cnt 1.5792 | shared_pairs det_seg 145/384 det_cnt 148/384 seg_cnt 91/384 | scores det_seg -1.3226 det_cnt 0.2955 seg_cnt 2.2727
[stage2] epoch 12/50 step 36 | loss 9.6966 | train det 0.0651 seg 0.0757 cnt 8.1155 | shared_pairs det_seg 170/384 det_cnt 136/384 seg_cnt 78/384 | scores det_seg -0.1528 det_cnt -1.6151 seg_cnt 0.6539
[stage2] epoch 12/50 step 37 | loss 4.8019 | train det 0.0529 seg 0.1481 cnt 2.8240 | shared_pairs det_seg 182/384 det_cnt 120/384 seg_cnt 82/384 | scores det_seg -1.6329 det_cnt -2.7983 seg_cnt -0.0102
[stage2] epoch 12/50 step 38 | loss 1.9189 | train det 0.0229 seg 0.0194 cnt 1.4193 | shared_pairs det_seg 159/384 det_cnt 144/384 seg_cnt 81/384 | scores det_seg -0.1340 det_cnt -1.2255 seg_cnt -1.3690
[stage2] epoch 12/50 step 39 | loss 5.2897 | train det 0.0331 seg 0.0567 cnt 4.3400 | shared_pairs det_seg 171/384 det_cnt 136/384 seg_cnt 77/384 | scores det_seg -1.0880 det_cnt 0.5036 seg_cnt -1.2407
[stage2] epoch 12/50 step 40 | loss 9.2466 | train det 0.0508 seg 0.1969 cnt 6.9087 | shared_pairs det_seg 185/384 det_cnt 131/384 seg_cnt 68/384 | scores det_seg 3.6420 det_cnt -1.0230 seg_cnt 0.4488
[stage2] epoch 12/50 step 41 | loss 2.4618 | train det 0.0238 seg 0.1393 cnt 0.9909 | shared_pairs det_seg 162/384 det_cnt 138/384 seg_cnt 84/384 | scores det_seg 3.0900 det_cnt 4.4112 seg_cnt 2.5746
[stage2] epoch 12/50 step 42 | loss 5.2100 | train det 0.1415 seg 0.0717 cnt 2.5137 | shared_pairs det_seg 133/384 det_cnt 167/384 seg_cnt 84/384 | scores det_seg -0.4398 det_cnt 2.6584 seg_cnt 1.7716
[stage2] epoch 12/50 step 43 | loss 3.6968 | train det 0.0367 seg 0.0525 cnt 2.7267 | shared_pairs det_seg 162/384 det_cnt 146/384 seg_cnt 76/384 | scores det_seg -1.6384 det_cnt 1.0689 seg_cnt 1.5732
[stage2] epoch 12/50 | train 6.0509 | det 0.0808 seg 0.0959 cnt 4.0721 | selected_by_matrix_unit det_seg 7070 det_cnt 6129 seg_cnt 3313
[stage2] epoch 12 | val det 0.4896 seg 1.0495 miou 0.6155 cnt 6.2310 dens 9.810048e-01 mae 5.2500 total_mae 38.8880 | ap50 0.5746 | combo 1.380637
[stage2] epoch 13/50 step 1 | loss 6.7544 | train det 0.0584 seg 0.1476 cnt 4.6980 | shared_pairs det_seg 170/384 det_cnt 135/384 seg_cnt 79/384 | scores det_seg -1.3231 det_cnt -0.8367 seg_cnt -0.6600
[stage2] epoch 13/50 step 2 | loss 5.9160 | train det 0.1004 seg 0.1558 cnt 3.1638 | shared_pairs det_seg 174/384 det_cnt 132/384 seg_cnt 78/384 | scores det_seg 0.1677 det_cnt 0.8331 seg_cnt 1.2432
[stage2] epoch 13/50 step 3 | loss 9.0146 | train det 0.0465 seg 0.0550 cnt 7.8769 | shared_pairs det_seg 177/384 det_cnt 126/384 seg_cnt 81/384 | scores det_seg -0.3647 det_cnt -2.3075 seg_cnt -0.4941
[stage2] epoch 13/50 step 4 | loss 7.7043 | train det 0.1173 seg 0.0937 cnt 5.1943 | shared_pairs det_seg 176/384 det_cnt 136/384 seg_cnt 72/384 | scores det_seg -1.7478 det_cnt -0.7494 seg_cnt -1.7712
[stage2] epoch 13/50 step 5 | loss 7.3700 | train det 0.0225 seg 0.0466 cnt 6.6590 | shared_pairs det_seg 158/384 det_cnt 147/384 seg_cnt 79/384 | scores det_seg -3.7222 det_cnt 1.8918 seg_cnt 0.3621
[stage2] epoch 13/50 step 6 | loss 3.7364 | train det 0.0900 seg 0.0932 cnt 1.6415 | shared_pairs det_seg 169/384 det_cnt 132/384 seg_cnt 83/384 | scores det_seg 1.6194 det_cnt 0.0495 seg_cnt 1.0992
[stage2] epoch 13/50 step 7 | loss 6.9803 | train det 0.0300 seg 0.1355 cnt 5.4456 | shared_pairs det_seg 168/384 det_cnt 148/384 seg_cnt 68/384 | scores det_seg 0.1690 det_cnt 1.2276 seg_cnt -1.0751
[stage2] epoch 13/50 step 8 | loss 5.4570 | train det 0.0406 seg 0.1324 cnt 3.7892 | shared_pairs det_seg 170/384 det_cnt 135/384 seg_cnt 79/384 | scores det_seg -1.8280 det_cnt -0.7352 seg_cnt 1.1710
[stage2] epoch 13/50 step 9 | loss 5.6851 | train det 0.0482 seg 0.1281 cnt 3.9376 | shared_pairs det_seg 165/384 det_cnt 139/384 seg_cnt 80/384 | scores det_seg 2.0184 det_cnt 0.1979 seg_cnt 0.9158
[stage2] epoch 13/50 step 10 | loss 8.6147 | train det 0.1476 seg 0.0861 cnt 5.7117 | shared_pairs det_seg 174/384 det_cnt 133/384 seg_cnt 77/384 | scores det_seg 1.1361 det_cnt 0.0248 seg_cnt 1.1553
[stage2] epoch 13/50 step 11 | loss 9.3472 | train det 0.0565 seg 0.1246 cnt 7.5031 | shared_pairs det_seg 174/384 det_cnt 137/384 seg_cnt 73/384 | scores det_seg 1.2105 det_cnt 0.0361 seg_cnt -0.3081
[stage2] epoch 13/50 step 12 | loss 11.0324 | train det 0.1330 seg 0.1044 cnt 8.2019 | shared_pairs det_seg 162/384 det_cnt 144/384 seg_cnt 78/384 | scores det_seg 0.0207 det_cnt 1.7929 seg_cnt 0.6058
[stage2] epoch 13/50 step 13 | loss 8.1953 | train det 0.0787 seg 0.1278 cnt 5.9934 | shared_pairs det_seg 176/384 det_cnt 139/384 seg_cnt 69/384 | scores det_seg -0.9023 det_cnt -0.9403 seg_cnt -0.2314
[stage2] epoch 13/50 step 14 | loss 11.0367 | train det 0.0916 seg 0.1211 cnt 8.6933 | shared_pairs det_seg 165/384 det_cnt 145/384 seg_cnt 74/384 | scores det_seg -1.9728 det_cnt -0.1456 seg_cnt -1.8583
[stage2] epoch 13/50 step 15 | loss 7.1197 | train det 0.2598 seg 0.0813 cnt 2.5722 | shared_pairs det_seg 173/384 det_cnt 130/384 seg_cnt 81/384 | scores det_seg 3.1482 det_cnt -0.6542 seg_cnt 0.5846
[stage2] epoch 13/50 step 16 | loss 6.9325 | train det 0.1136 seg 0.1303 cnt 4.1853 | shared_pairs det_seg 157/384 det_cnt 136/384 seg_cnt 91/384 | scores det_seg 1.3079 det_cnt 0.4567 seg_cnt -1.1752
[stage2] epoch 13/50 step 17 | loss 3.9524 | train det 0.0199 seg 0.0891 cnt 2.9402 | shared_pairs det_seg 151/384 det_cnt 164/384 seg_cnt 69/384 | scores det_seg -1.2609 det_cnt 3.9892 seg_cnt 0.4577
[stage2] epoch 13/50 step 18 | loss 8.2677 | train det 0.1043 seg 0.1169 cnt 5.7685 | shared_pairs det_seg 156/384 det_cnt 149/384 seg_cnt 79/384 | scores det_seg 0.5282 det_cnt 0.3379 seg_cnt -1.0906
[stage2] epoch 13/50 step 19 | loss 3.6823 | train det 0.0700 seg 0.0315 cnt 2.3809 | shared_pairs det_seg 185/384 det_cnt 127/384 seg_cnt 72/384 | scores det_seg 3.2262 det_cnt -1.4567 seg_cnt -1.7036
[stage2] epoch 13/50 step 20 | loss 5.8991 | train det 0.0128 seg 0.1926 cnt 4.1661 | shared_pairs det_seg 157/384 det_cnt 152/384 seg_cnt 75/384 | scores det_seg -0.3584 det_cnt 2.9455 seg_cnt -1.2019
[stage2] epoch 13/50 step 21 | loss 7.3680 | train det 0.1250 seg 0.0756 cnt 4.8881 | shared_pairs det_seg 161/384 det_cnt 140/384 seg_cnt 83/384 | scores det_seg -1.4427 det_cnt 2.4112 seg_cnt -1.3282
[stage2] epoch 13/50 step 22 | loss 4.8264 | train det 0.0300 seg 0.0716 cnt 3.8041 | shared_pairs det_seg 164/384 det_cnt 134/384 seg_cnt 86/384 | scores det_seg -0.3322 det_cnt -2.6211 seg_cnt 0.3697
[stage2] epoch 13/50 step 23 | loss 3.2756 | train det 0.0293 seg 0.1281 cnt 1.8117 | shared_pairs det_seg 156/384 det_cnt 157/384 seg_cnt 71/384 | scores det_seg -1.3715 det_cnt -1.1442 seg_cnt 0.2738
[stage2] epoch 13/50 step 24 | loss 9.6480 | train det 0.0893 seg 0.0788 cnt 7.6782 | shared_pairs det_seg 191/384 det_cnt 128/384 seg_cnt 65/384 | scores det_seg 1.8690 det_cnt -1.6778 seg_cnt -0.8119
[stage2] epoch 13/50 step 25 | loss 6.4603 | train det 0.0790 seg 0.0777 cnt 4.6540 | shared_pairs det_seg 178/384 det_cnt 143/384 seg_cnt 63/384 | scores det_seg 1.8195 det_cnt -0.5483 seg_cnt -1.2559
[stage2] epoch 13/50 step 26 | loss 5.5450 | train det 0.0841 seg 0.1073 cnt 3.4246 | shared_pairs det_seg 160/384 det_cnt 158/384 seg_cnt 66/384 | scores det_seg -1.7646 det_cnt 1.6129 seg_cnt -2.1331
[stage2] epoch 13/50 step 27 | loss 6.9091 | train det 0.0147 seg 0.1103 cnt 5.8058 | shared_pairs det_seg 158/384 det_cnt 127/384 seg_cnt 99/384 | scores det_seg 0.3371 det_cnt -1.0662 seg_cnt 2.7430
[stage2] epoch 13/50 step 28 | loss 7.0027 | train det 0.0311 seg 0.1512 cnt 5.3264 | shared_pairs det_seg 167/384 det_cnt 145/384 seg_cnt 72/384 | scores det_seg 1.4648 det_cnt -0.2755 seg_cnt 0.0108
[stage2] epoch 13/50 step 29 | loss 7.0406 | train det 0.0956 seg 0.0809 cnt 4.9597 | shared_pairs det_seg 159/384 det_cnt 149/384 seg_cnt 76/384 | scores det_seg 1.5610 det_cnt 1.4323 seg_cnt 0.4416
[stage2] epoch 13/50 step 30 | loss 4.7639 | train det 0.0833 seg 0.0617 cnt 3.0212 | shared_pairs det_seg 171/384 det_cnt 130/384 seg_cnt 83/384 | scores det_seg 0.6094 det_cnt -5.7920 seg_cnt -1.2636
[stage2] epoch 13/50 step 31 | loss 6.4697 | train det 0.0469 seg 0.0843 cnt 5.0920 | shared_pairs det_seg 166/384 det_cnt 135/384 seg_cnt 83/384 | scores det_seg 2.8327 det_cnt 3.2832 seg_cnt 1.8029
[stage2] epoch 13/50 step 32 | loss 6.1546 | train det 0.2122 seg 0.0465 cnt 2.5985 | shared_pairs det_seg 155/384 det_cnt 149/384 seg_cnt 80/384 | scores det_seg -2.1513 det_cnt -0.4174 seg_cnt -1.9109
[stage2] epoch 13/50 step 33 | loss 4.8978 | train det 0.0330 seg 0.1119 cnt 3.5075 | shared_pairs det_seg 182/384 det_cnt 126/384 seg_cnt 76/384 | scores det_seg 0.6029 det_cnt -3.8980 seg_cnt -0.4003
[stage2] epoch 13/50 step 34 | loss 8.1444 | train det 0.0385 seg 0.2668 cnt 5.4316 | shared_pairs det_seg 173/384 det_cnt 139/384 seg_cnt 72/384 | scores det_seg 1.4383 det_cnt -0.2381 seg_cnt 1.8176
[stage2] epoch 13/50 step 35 | loss 10.9383 | train det 0.0484 seg 0.0954 cnt 9.4483 | shared_pairs det_seg 172/384 det_cnt 140/384 seg_cnt 72/384 | scores det_seg 1.9954 det_cnt -0.0701 seg_cnt 0.1198
[stage2] epoch 13/50 step 36 | loss 8.8401 | train det 0.0150 seg 0.1006 cnt 7.8095 | shared_pairs det_seg 166/384 det_cnt 145/384 seg_cnt 73/384 | scores det_seg 0.4768 det_cnt -0.0560 seg_cnt 0.2201
[stage2] epoch 13/50 step 37 | loss 11.2359 | train det 0.0439 seg 0.1084 cnt 9.7105 | shared_pairs det_seg 179/384 det_cnt 135/384 seg_cnt 70/384 | scores det_seg 3.8373 det_cnt 0.7188 seg_cnt -0.6649
[stage2] epoch 13/50 step 38 | loss 8.3202 | train det 0.0872 seg 0.1019 cnt 6.1961 | shared_pairs det_seg 160/384 det_cnt 145/384 seg_cnt 79/384 | scores det_seg 0.0959 det_cnt 0.9839 seg_cnt 0.2819
[stage2] epoch 13/50 step 39 | loss 3.3844 | train det 0.0412 seg 0.0915 cnt 2.0341 | shared_pairs det_seg 159/384 det_cnt 138/384 seg_cnt 87/384 | scores det_seg 2.1179 det_cnt 1.9627 seg_cnt 2.7128
[stage2] epoch 13/50 step 40 | loss 6.5346 | train det 0.0970 seg 0.1158 cnt 4.1533 | shared_pairs det_seg 162/384 det_cnt 139/384 seg_cnt 83/384 | scores det_seg 0.2787 det_cnt -0.9075 seg_cnt 1.1704
[stage2] epoch 13/50 step 41 | loss 4.2221 | train det 0.0237 seg 0.1035 cnt 3.0390 | shared_pairs det_seg 152/384 det_cnt 156/384 seg_cnt 76/384 | scores det_seg 1.3582 det_cnt 2.5581 seg_cnt 1.3557
[stage2] epoch 13/50 step 42 | loss 5.9894 | train det 0.0742 seg 0.1472 cnt 3.6991 | shared_pairs det_seg 180/384 det_cnt 132/384 seg_cnt 72/384 | scores det_seg 0.7377 det_cnt 0.0566 seg_cnt -0.9803
[stage2] epoch 13/50 step 43 | loss 3.0893 | train det 0.0365 seg 0.0405 cnt 2.2183 | shared_pairs det_seg 173/384 det_cnt 140/384 seg_cnt 71/384 | scores det_seg 2.2454 det_cnt 1.8036 seg_cnt 0.7826
[stage2] epoch 13/50 | train 6.8316 | det 0.0721 seg 0.1058 cnt 4.9031 | selected_by_matrix_unit det_seg 7201 det_cnt 6016 seg_cnt 3295
[stage2] epoch 13 | val det 0.4792 seg 1.0430 miou 0.6129 cnt 6.2676 dens 9.701467e-01 mae 5.2975 total_mae 26.2672 | ap50 0.5745 | combo 1.376165
[stage2] epoch 14/50 step 1 | loss 3.2397 | train det 0.0312 seg 0.1000 cnt 1.9718 | shared_pairs det_seg 171/384 det_cnt 141/384 seg_cnt 72/384 | scores det_seg -1.0801 det_cnt -0.1808 seg_cnt 0.6332
[stage2] epoch 14/50 step 2 | loss 4.0139 | train det 0.0187 seg 0.0771 cnt 3.1165 | shared_pairs det_seg 170/384 det_cnt 146/384 seg_cnt 68/384 | scores det_seg -0.2830 det_cnt -1.0166 seg_cnt -3.7840
[stage2] epoch 14/50 step 3 | loss 14.3494 | train det 0.2192 seg 0.1142 cnt 10.1477 | shared_pairs det_seg 173/384 det_cnt 135/384 seg_cnt 76/384 | scores det_seg 1.4416 det_cnt 1.6920 seg_cnt -0.3962
[stage2] epoch 14/50 step 4 | loss 5.5596 | train det 0.0934 seg 0.0848 cnt 3.4808 | shared_pairs det_seg 162/384 det_cnt 164/384 seg_cnt 58/384 | scores det_seg 3.4583 det_cnt 1.4207 seg_cnt -2.4454
[stage2] epoch 14/50 step 5 | loss 6.5015 | train det 0.0607 seg 0.0747 cnt 4.9933 | shared_pairs det_seg 164/384 det_cnt 138/384 seg_cnt 82/384 | scores det_seg -1.2109 det_cnt -1.0360 seg_cnt 1.6065
[stage2] epoch 14/50 step 6 | loss 19.7897 | train det 0.2906 seg 0.0539 cnt 15.0004 | shared_pairs det_seg 141/384 det_cnt 167/384 seg_cnt 76/384 | scores det_seg -0.4940 det_cnt 3.1426 seg_cnt 0.3544
[stage2] epoch 14/50 step 7 | loss 9.8207 | train det 0.1107 seg 0.1205 cnt 7.1963 | shared_pairs det_seg 154/384 det_cnt 139/384 seg_cnt 91/384 | scores det_seg -0.4951 det_cnt -1.3348 seg_cnt 1.6446
[stage2] epoch 14/50 step 8 | loss 10.7869 | train det 0.0646 seg 0.0844 cnt 9.1432 | shared_pairs det_seg 141/384 det_cnt 164/384 seg_cnt 79/384 | scores det_seg -2.7305 det_cnt 1.7162 seg_cnt 0.6013
[stage2] epoch 14/50 step 9 | loss 11.0908 | train det 0.0493 seg 0.1056 cnt 9.5062 | shared_pairs det_seg 161/384 det_cnt 137/384 seg_cnt 86/384 | scores det_seg 0.8350 det_cnt 1.6775 seg_cnt 3.2676
[stage2] epoch 14/50 step 10 | loss 6.8509 | train det 0.0683 seg 0.0528 cnt 5.4043 | shared_pairs det_seg 166/384 det_cnt 137/384 seg_cnt 81/384 | scores det_seg -2.0843 det_cnt 0.1349 seg_cnt 0.8902
[stage2] epoch 14/50 step 11 | loss 7.6183 | train det 0.0901 seg 0.1350 cnt 5.1872 | shared_pairs det_seg 157/384 det_cnt 143/384 seg_cnt 84/384 | scores det_seg -2.3361 det_cnt 0.6246 seg_cnt 1.8043
[stage2] epoch 14/50 step 12 | loss 2.6275 | train det 0.0158 seg 0.0803 cnt 1.7476 | shared_pairs det_seg 169/384 det_cnt 132/384 seg_cnt 83/384 | scores det_seg -1.7640 det_cnt -0.4724 seg_cnt 1.3249
[stage2] epoch 14/50 step 13 | loss 6.3541 | train det 0.1945 seg 0.1425 cnt 2.2972 | shared_pairs det_seg 163/384 det_cnt 142/384 seg_cnt 79/384 | scores det_seg -0.9880 det_cnt -0.0229 seg_cnt -1.0548
[stage2] epoch 14/50 step 14 | loss 5.4926 | train det 0.0489 seg 0.1279 cnt 3.7357 | shared_pairs det_seg 175/384 det_cnt 127/384 seg_cnt 82/384 | scores det_seg 0.6373 det_cnt 1.9688 seg_cnt -0.2527
[stage2] epoch 14/50 step 15 | loss 6.9643 | train det 0.0757 seg 0.1346 cnt 4.7525 | shared_pairs det_seg 186/384 det_cnt 117/384 seg_cnt 81/384 | scores det_seg 0.8321 det_cnt -2.7498 seg_cnt -1.3063
[stage2] epoch 14/50 step 16 | loss 7.3472 | train det 0.0281 seg 0.0982 cnt 6.1401 | shared_pairs det_seg 171/384 det_cnt 143/384 seg_cnt 70/384 | scores det_seg -1.2265 det_cnt 0.6007 seg_cnt -1.3427
[stage2] epoch 14/50 step 17 | loss 6.2497 | train det 0.0587 seg 0.0559 cnt 4.9212 | shared_pairs det_seg 148/384 det_cnt 155/384 seg_cnt 81/384 | scores det_seg 0.8718 det_cnt 3.7425 seg_cnt 0.5295
[stage2] epoch 14/50 step 18 | loss 6.5909 | train det 0.0304 seg 0.1257 cnt 5.1301 | shared_pairs det_seg 169/384 det_cnt 138/384 seg_cnt 77/384 | scores det_seg 0.0306 det_cnt 0.8799 seg_cnt -1.5619
[stage2] epoch 14/50 step 19 | loss 8.5917 | train det 0.0570 seg 0.1854 cnt 6.2531 | shared_pairs det_seg 163/384 det_cnt 137/384 seg_cnt 84/384 | scores det_seg -1.1248 det_cnt 0.4968 seg_cnt 1.0606
[stage2] epoch 14/50 step 20 | loss 6.9171 | train det 0.0394 seg 0.0388 cnt 6.0161 | shared_pairs det_seg 174/384 det_cnt 136/384 seg_cnt 74/384 | scores det_seg 1.7152 det_cnt -1.2121 seg_cnt 0.0928
[stage2] epoch 14/50 step 21 | loss 6.0010 | train det 0.0418 seg 0.0760 cnt 4.7661 | shared_pairs det_seg 161/384 det_cnt 131/384 seg_cnt 92/384 | scores det_seg -2.1857 det_cnt -0.8588 seg_cnt 0.7685
[stage2] epoch 14/50 step 22 | loss 5.0718 | train det 0.0331 seg 0.0929 cnt 3.8327 | shared_pairs det_seg 153/384 det_cnt 148/384 seg_cnt 83/384 | scores det_seg -1.4066 det_cnt 0.0006 seg_cnt -1.0406
[stage2] epoch 14/50 step 23 | loss 6.1181 | train det 0.0432 seg 0.0412 cnt 5.1412 | shared_pairs det_seg 170/384 det_cnt 140/384 seg_cnt 74/384 | scores det_seg 0.8311 det_cnt 0.1147 seg_cnt -0.4393
[stage2] epoch 14/50 step 24 | loss 10.2068 | train det 0.1181 seg 0.1643 cnt 7.1217 | shared_pairs det_seg 177/384 det_cnt 135/384 seg_cnt 72/384 | scores det_seg -1.5182 det_cnt -1.3435 seg_cnt -2.0374
[stage2] epoch 14/50 step 25 | loss 4.6414 | train det 0.0160 seg 0.2292 cnt 2.5683 | shared_pairs det_seg 173/384 det_cnt 119/384 seg_cnt 92/384 | scores det_seg 2.0615 det_cnt -1.2512 seg_cnt 0.5196
[stage2] epoch 14/50 step 26 | loss 5.5523 | train det 0.0660 seg 0.1731 cnt 3.1778 | shared_pairs det_seg 187/384 det_cnt 127/384 seg_cnt 70/384 | scores det_seg 0.2270 det_cnt -0.2612 seg_cnt 0.7719
[stage2] epoch 14/50 step 27 | loss 12.2946 | train det 0.0409 seg 0.0890 cnt 10.9686 | shared_pairs det_seg 156/384 det_cnt 142/384 seg_cnt 86/384 | scores det_seg -1.2174 det_cnt 0.1876 seg_cnt 2.3135
[stage2] epoch 14/50 step 28 | loss 6.9910 | train det 0.0428 seg 0.1881 cnt 4.8445 | shared_pairs det_seg 158/384 det_cnt 140/384 seg_cnt 86/384 | scores det_seg -3.2140 det_cnt 0.1272 seg_cnt 0.3558
[stage2] epoch 14/50 step 29 | loss 6.5033 | train det 0.0570 seg 0.1220 cnt 4.6714 | shared_pairs det_seg 177/384 det_cnt 137/384 seg_cnt 70/384 | scores det_seg 1.7963 det_cnt 1.2974 seg_cnt 1.1414
[stage2] epoch 14/50 step 30 | loss 14.0227 | train det 0.0486 seg 0.1352 cnt 12.2117 | shared_pairs det_seg 179/384 det_cnt 130/384 seg_cnt 75/384 | scores det_seg 1.2996 det_cnt -2.3215 seg_cnt 0.9295
[stage2] epoch 14/50 step 31 | loss 13.0155 | train det 0.1576 seg 0.1127 cnt 9.7498 | shared_pairs det_seg 177/384 det_cnt 133/384 seg_cnt 74/384 | scores det_seg 1.4787 det_cnt -3.0561 seg_cnt 0.5370
[stage2] epoch 14/50 step 32 | loss 14.1952 | train det 0.2985 seg 0.2877 cnt 7.4153 | shared_pairs det_seg 165/384 det_cnt 149/384 seg_cnt 70/384 | scores det_seg 0.3229 det_cnt 1.5584 seg_cnt 0.7413
[stage2] epoch 14/50 step 33 | loss 12.9362 | train det 0.1083 seg 0.1829 cnt 9.8483 | shared_pairs det_seg 132/384 det_cnt 175/384 seg_cnt 77/384 | scores det_seg -2.8483 det_cnt 3.7985 seg_cnt -1.1978
[stage2] epoch 14/50 step 34 | loss 6.9008 | train det 0.1172 seg 0.1052 cnt 4.3008 | shared_pairs det_seg 154/384 det_cnt 153/384 seg_cnt 77/384 | scores det_seg 0.6706 det_cnt 1.2286 seg_cnt 1.3756
[stage2] epoch 14/50 step 35 | loss 7.9537 | train det 0.0242 seg 0.0983 cnt 6.8047 | shared_pairs det_seg 192/384 det_cnt 125/384 seg_cnt 67/384 | scores det_seg 2.4252 det_cnt -3.7625 seg_cnt -2.4574
[stage2] epoch 14/50 step 36 | loss 3.9369 | train det 0.0650 seg 0.1687 cnt 1.6126 | shared_pairs det_seg 177/384 det_cnt 138/384 seg_cnt 69/384 | scores det_seg -0.0164 det_cnt 0.4351 seg_cnt -0.1288
[stage2] epoch 14/50 step 37 | loss 5.1384 | train det 0.0370 seg 0.1209 cnt 3.6162 | shared_pairs det_seg 180/384 det_cnt 135/384 seg_cnt 69/384 | scores det_seg 2.9388 det_cnt -0.3208 seg_cnt -1.3679
[stage2] epoch 14/50 step 38 | loss 4.9874 | train det 0.0389 seg 0.0757 cnt 3.7981 | shared_pairs det_seg 192/384 det_cnt 123/384 seg_cnt 69/384 | scores det_seg 2.2733 det_cnt -0.5260 seg_cnt -0.1102
[stage2] epoch 14/50 step 39 | loss 8.5623 | train det 0.2504 seg 0.1389 cnt 3.6955 | shared_pairs det_seg 162/384 det_cnt 143/384 seg_cnt 79/384 | scores det_seg 1.0296 det_cnt 0.2474 seg_cnt 1.8741
[stage2] epoch 14/50 step 40 | loss 18.2751 | train det 0.0918 seg 0.0804 cnt 16.2557 | shared_pairs det_seg 159/384 det_cnt 150/384 seg_cnt 75/384 | scores det_seg -1.3601 det_cnt 3.0635 seg_cnt 0.4664
[stage2] epoch 14/50 step 41 | loss 6.8897 | train det 0.0403 seg 0.1990 cnt 4.6932 | shared_pairs det_seg 142/384 det_cnt 148/384 seg_cnt 94/384 | scores det_seg -0.0124 det_cnt -1.0725 seg_cnt 1.9511
[stage2] epoch 14/50 step 42 | loss 9.3912 | train det 0.2972 seg 0.0768 cnt 4.3180 | shared_pairs det_seg 151/384 det_cnt 144/384 seg_cnt 89/384 | scores det_seg -0.3622 det_cnt -1.2450 seg_cnt 0.5557
[stage2] epoch 14/50 step 43 | loss 7.9941 | train det 0.0948 seg 0.0289 cnt 6.3408 | shared_pairs det_seg 162/384 det_cnt 148/384 seg_cnt 74/384 | scores det_seg -0.6171 det_cnt 0.9443 seg_cnt 0.1644
[stage2] epoch 14/50 | train 8.2404 | det 0.0878 seg 0.1158 cnt 5.9975 | selected_by_matrix_unit det_seg 7114 det_cnt 6051 seg_cnt 3347
[stage2] epoch 14 | val det 0.5097 seg 1.0785 miou 0.6111 cnt 8.0344 dens 9.989322e-01 mae 7.0355 total_mae 36.5259 | ap50 0.5694 | combo 1.322574
[stage2] epoch 15/50 step 1 | loss 7.0318 | train det 0.0192 seg 0.0644 cnt 6.2282 | shared_pairs det_seg 186/384 det_cnt 119/384 seg_cnt 79/384 | scores det_seg 1.3547 det_cnt -1.1987 seg_cnt 0.2626
[stage2] epoch 15/50 step 2 | loss 7.8142 | train det 0.1728 seg 0.1488 cnt 4.0325 | shared_pairs det_seg 174/384 det_cnt 135/384 seg_cnt 75/384 | scores det_seg 1.1802 det_cnt -1.9595 seg_cnt 1.7567
[stage2] epoch 15/50 step 3 | loss 8.9400 | train det 0.0459 seg 0.0839 cnt 7.5811 | shared_pairs det_seg 164/384 det_cnt 156/384 seg_cnt 64/384 | scores det_seg 1.0146 det_cnt 2.2678 seg_cnt 0.1285
[stage2] epoch 15/50 step 4 | loss 4.5442 | train det 0.0644 seg 0.1728 cnt 2.1962 | shared_pairs det_seg 159/384 det_cnt 147/384 seg_cnt 78/384 | scores det_seg 0.2807 det_cnt 0.9999 seg_cnt -1.0996
[stage2] epoch 15/50 step 5 | loss 11.3559 | train det 0.0952 seg 0.1038 cnt 9.0970 | shared_pairs det_seg 168/384 det_cnt 131/384 seg_cnt 85/384 | scores det_seg 1.5969 det_cnt -1.6961 seg_cnt 1.2656
[stage2] epoch 15/50 step 6 | loss 11.1209 | train det 0.0346 seg 0.1417 cnt 9.4676 | shared_pairs det_seg 162/384 det_cnt 132/384 seg_cnt 90/384 | scores det_seg 1.4860 det_cnt 0.3393 seg_cnt 2.3043
[stage2] epoch 15/50 step 7 | loss 7.8170 | train det 0.0471 seg 0.2476 cnt 5.1289 | shared_pairs det_seg 163/384 det_cnt 139/384 seg_cnt 82/384 | scores det_seg 1.0386 det_cnt -0.1724 seg_cnt 0.9559
[stage2] epoch 15/50 step 8 | loss 3.7427 | train det 0.0189 seg 0.0448 cnt 3.1003 | shared_pairs det_seg 168/384 det_cnt 133/384 seg_cnt 83/384 | scores det_seg -1.9626 det_cnt -1.6392 seg_cnt -1.6130
[stage2] epoch 15/50 step 9 | loss 5.1721 | train det 0.0181 seg 0.1806 cnt 3.4556 | shared_pairs det_seg 156/384 det_cnt 147/384 seg_cnt 81/384 | scores det_seg 0.3603 det_cnt 2.2785 seg_cnt -1.3341
[stage2] epoch 15/50 step 10 | loss 7.4979 | train det 0.1377 seg 0.0922 cnt 4.6938 | shared_pairs det_seg 165/384 det_cnt 136/384 seg_cnt 83/384 | scores det_seg 0.1019 det_cnt -0.0210 seg_cnt 0.2823
[stage2] epoch 15/50 step 11 | loss 8.9185 | train det 0.0404 seg 0.0793 cnt 7.6790 | shared_pairs det_seg 174/384 det_cnt 141/384 seg_cnt 69/384 | scores det_seg 1.2003 det_cnt 1.2389 seg_cnt 0.0233
[stage2] epoch 15/50 step 12 | loss 2.8801 | train det 0.0352 seg 0.0401 cnt 2.0316 | shared_pairs det_seg 155/384 det_cnt 146/384 seg_cnt 83/384 | scores det_seg 0.7244 det_cnt 2.0656 seg_cnt -0.1334
[stage2] epoch 15/50 step 13 | loss 5.6601 | train det 0.0119 seg 0.1658 cnt 4.1548 | shared_pairs det_seg 170/384 det_cnt 138/384 seg_cnt 76/384 | scores det_seg 2.0652 det_cnt 1.1464 seg_cnt 2.3249
[stage2] epoch 15/50 step 14 | loss 6.5831 | train det 0.2311 seg 0.0901 cnt 2.3955 | shared_pairs det_seg 170/384 det_cnt 136/384 seg_cnt 78/384 | scores det_seg 1.1978 det_cnt 0.4661 seg_cnt -1.0644
[stage2] epoch 15/50 step 15 | loss 7.1903 | train det 0.1843 seg 0.1295 cnt 3.3902 | shared_pairs det_seg 170/384 det_cnt 137/384 seg_cnt 77/384 | scores det_seg 0.5768 det_cnt -1.2432 seg_cnt 0.5545
[stage2] epoch 15/50 step 16 | loss 2.9085 | train det 0.0462 seg 0.0920 cnt 1.4792 | shared_pairs det_seg 161/384 det_cnt 130/384 seg_cnt 93/384 | scores det_seg -1.8731 det_cnt 0.0680 seg_cnt 0.5937
[stage2] epoch 15/50 step 17 | loss 6.1121 | train det 0.1198 seg 0.0590 cnt 3.8430 | shared_pairs det_seg 167/384 det_cnt 135/384 seg_cnt 82/384 | scores det_seg -1.8585 det_cnt -3.6713 seg_cnt -2.1195
[stage2] epoch 15/50 step 18 | loss 6.6127 | train det 0.0697 seg 0.1312 cnt 4.5174 | shared_pairs det_seg 173/384 det_cnt 120/384 seg_cnt 91/384 | scores det_seg -0.7435 det_cnt -0.7249 seg_cnt 0.2911
[stage2] epoch 15/50 step 19 | loss 6.7497 | train det 0.0894 seg 0.0962 cnt 4.6385 | shared_pairs det_seg 181/384 det_cnt 130/384 seg_cnt 73/384 | scores det_seg 0.9159 det_cnt -1.7689 seg_cnt 0.1843
[stage2] epoch 15/50 step 20 | loss 5.2813 | train det 0.0580 seg 0.1606 cnt 3.1268 | shared_pairs det_seg 143/384 det_cnt 155/384 seg_cnt 86/384 | scores det_seg 0.2080 det_cnt 3.0861 seg_cnt 2.6449
[stage2] epoch 15/50 step 21 | loss 5.0814 | train det 0.0273 seg 0.0899 cnt 3.9534 | shared_pairs det_seg 141/384 det_cnt 148/384 seg_cnt 95/384 | scores det_seg -0.9542 det_cnt -0.1835 seg_cnt 0.1152
[stage2] epoch 15/50 step 22 | loss 5.7479 | train det 0.0236 seg 0.1033 cnt 4.5680 | shared_pairs det_seg 171/384 det_cnt 142/384 seg_cnt 71/384 | scores det_seg 1.2835 det_cnt 1.5912 seg_cnt 0.9577
[stage2] epoch 15/50 step 23 | loss 4.8841 | train det 0.0855 seg 0.1149 cnt 2.6816 | shared_pairs det_seg 176/384 det_cnt 131/384 seg_cnt 77/384 | scores det_seg 1.9710 det_cnt 0.6423 seg_cnt 0.7299
[stage2] epoch 15/50 step 24 | loss 3.0733 | train det 0.0249 seg 0.0954 cnt 1.9374 | shared_pairs det_seg 161/384 det_cnt 150/384 seg_cnt 73/384 | scores det_seg -0.0212 det_cnt -0.3637 seg_cnt 0.8981
[stage2] epoch 15/50 step 25 | loss 8.5405 | train det 0.0578 seg 0.0617 cnt 7.1793 | shared_pairs det_seg 166/384 det_cnt 142/384 seg_cnt 76/384 | scores det_seg 1.7407 det_cnt 1.3424 seg_cnt -1.0475
[stage2] epoch 15/50 step 26 | loss 5.2025 | train det 0.0251 seg 0.1498 cnt 3.6278 | shared_pairs det_seg 171/384 det_cnt 132/384 seg_cnt 81/384 | scores det_seg 0.8097 det_cnt -1.2216 seg_cnt -0.0058
[stage2] epoch 15/50 step 27 | loss 9.2223 | train det 0.0190 seg 0.1406 cnt 7.8128 | shared_pairs det_seg 163/384 det_cnt 149/384 seg_cnt 72/384 | scores det_seg 0.3547 det_cnt -0.5601 seg_cnt -1.3349
[stage2] epoch 15/50 step 28 | loss 4.4437 | train det 0.0851 seg 0.1128 cnt 2.2651 | shared_pairs det_seg 166/384 det_cnt 149/384 seg_cnt 69/384 | scores det_seg 1.3651 det_cnt 1.9384 seg_cnt -1.4271
[stage2] epoch 15/50 step 29 | loss 9.1633 | train det 0.0535 seg 0.1356 cnt 7.2764 | shared_pairs det_seg 173/384 det_cnt 139/384 seg_cnt 72/384 | scores det_seg -0.2789 det_cnt 0.1154 seg_cnt -0.0273
[stage2] epoch 15/50 step 30 | loss 10.3847 | train det 0.0895 seg 0.1808 cnt 7.5967 | shared_pairs det_seg 177/384 det_cnt 120/384 seg_cnt 87/384 | scores det_seg -0.2151 det_cnt -3.2705 seg_cnt 0.1370
[stage2] epoch 15/50 step 31 | loss 7.6282 | train det 0.1150 seg 0.1396 cnt 4.7867 | shared_pairs det_seg 160/384 det_cnt 143/384 seg_cnt 81/384 | scores det_seg -1.6835 det_cnt 0.5074 seg_cnt 1.3225
[stage2] epoch 15/50 step 32 | loss 6.3087 | train det 0.1696 seg 0.0606 cnt 3.2800 | shared_pairs det_seg 172/384 det_cnt 140/384 seg_cnt 72/384 | scores det_seg 0.7714 det_cnt 2.9240 seg_cnt -0.0946
[stage2] epoch 15/50 step 33 | loss 4.6210 | train det 0.0779 seg 0.0959 cnt 2.6848 | shared_pairs det_seg 168/384 det_cnt 142/384 seg_cnt 74/384 | scores det_seg 0.6781 det_cnt -0.9791 seg_cnt 0.5136
[stage2] epoch 15/50 step 34 | loss 6.6472 | train det 0.0824 seg 0.1142 cnt 4.4969 | shared_pairs det_seg 155/384 det_cnt 146/384 seg_cnt 83/384 | scores det_seg 1.8669 det_cnt 3.2254 seg_cnt 2.2769
[stage2] epoch 15/50 step 35 | loss 13.5325 | train det 0.2806 seg 0.2495 cnt 7.3276 | shared_pairs det_seg 153/384 det_cnt 151/384 seg_cnt 80/384 | scores det_seg -0.7377 det_cnt 0.7311 seg_cnt 0.3598
[stage2] epoch 15/50 step 36 | loss 3.3432 | train det 0.0333 seg 0.0636 cnt 2.3352 | shared_pairs det_seg 153/384 det_cnt 148/384 seg_cnt 83/384 | scores det_seg -0.5754 det_cnt 2.6733 seg_cnt 0.4701
[stage2] epoch 15/50 step 37 | loss 6.2247 | train det 0.0175 seg 0.1753 cnt 4.5605 | shared_pairs det_seg 181/384 det_cnt 127/384 seg_cnt 76/384 | scores det_seg 0.2757 det_cnt -0.9956 seg_cnt -1.0468
[stage2] epoch 15/50 step 38 | loss 6.4679 | train det 0.1709 seg 0.2376 cnt 2.0045 | shared_pairs det_seg 172/384 det_cnt 143/384 seg_cnt 69/384 | scores det_seg -0.7670 det_cnt 0.1447 seg_cnt -2.8387
[stage2] epoch 15/50 step 39 | loss 6.9863 | train det 0.0714 seg 0.3064 cnt 3.4639 | shared_pairs det_seg 151/384 det_cnt 167/384 seg_cnt 66/384 | scores det_seg -2.1761 det_cnt 3.1032 seg_cnt -1.8058
[stage2] epoch 15/50 step 40 | loss 3.5779 | train det 0.0529 seg 0.2059 cnt 1.1371 | shared_pairs det_seg 141/384 det_cnt 167/384 seg_cnt 76/384 | scores det_seg -3.1442 det_cnt 3.0952 seg_cnt -0.2662
[stage2] epoch 15/50 step 41 | loss 5.6603 | train det 0.1003 seg 0.0414 cnt 3.8251 | shared_pairs det_seg 146/384 det_cnt 168/384 seg_cnt 70/384 | scores det_seg -1.0514 det_cnt 2.4284 seg_cnt -2.2380
[stage2] epoch 15/50 step 42 | loss 5.5483 | train det 0.0454 seg 0.1035 cnt 4.0397 | shared_pairs det_seg 164/384 det_cnt 130/384 seg_cnt 90/384 | scores det_seg 0.1355 det_cnt -0.3816 seg_cnt 0.9326
[stage2] epoch 15/50 step 43 | loss 6.3605 | train det 0.0460 seg 0.1558 cnt 4.4234 | shared_pairs det_seg 176/384 det_cnt 139/384 seg_cnt 69/384 | scores det_seg 3.1054 det_cnt -1.7226 seg_cnt 0.1393
[stage2] epoch 15/50 | train 6.5717 | det 0.0766 seg 0.1269 cnt 4.4070 | selected_by_matrix_unit det_seg 7086 det_cnt 6056 seg_cnt 3370
[stage2] epoch 15 | val det 0.4720 seg 1.2030 miou 0.5886 cnt 5.2780 dens 9.726074e-01 mae 4.3054 total_mae 24.4207 | ap50 0.5710 | combo 1.391845
[stage2] epoch 16/50 step 1 | loss 7.6003 | train det 0.0623 seg 0.1165 cnt 5.7346 | shared_pairs det_seg 172/384 det_cnt 117/384 seg_cnt 95/384 | scores det_seg 2.1700 det_cnt -0.7561 seg_cnt 0.0659
[stage2] epoch 16/50 step 2 | loss 7.0451 | train det 0.0648 seg 0.1441 cnt 4.9202 | shared_pairs det_seg 153/384 det_cnt 140/384 seg_cnt 91/384 | scores det_seg -0.3080 det_cnt -1.4539 seg_cnt -1.2749
[stage2] epoch 16/50 step 3 | loss 7.9731 | train det 0.0815 seg 0.1394 cnt 5.6348 | shared_pairs det_seg 167/384 det_cnt 149/384 seg_cnt 68/384 | scores det_seg 0.1481 det_cnt 0.9250 seg_cnt -2.8884
[stage2] epoch 16/50 step 4 | loss 6.5525 | train det 0.0350 seg 0.2211 cnt 4.2585 | shared_pairs det_seg 163/384 det_cnt 131/384 seg_cnt 90/384 | scores det_seg -1.2773 det_cnt -2.6173 seg_cnt 0.1695
[stage2] epoch 16/50 step 5 | loss 8.5788 | train det 0.2704 seg 0.1330 cnt 3.4587 | shared_pairs det_seg 172/384 det_cnt 134/384 seg_cnt 78/384 | scores det_seg 2.1525 det_cnt -1.7399 seg_cnt -1.4201
[stage2] epoch 16/50 step 6 | loss 11.9182 | train det 0.1996 seg 0.1581 cnt 7.6588 | shared_pairs det_seg 183/384 det_cnt 125/384 seg_cnt 76/384 | scores det_seg 2.0947 det_cnt -3.3812 seg_cnt -1.1976
[stage2] epoch 16/50 step 7 | loss 7.4450 | train det 0.1127 seg 0.2038 cnt 4.1246 | shared_pairs det_seg 176/384 det_cnt 132/384 seg_cnt 76/384 | scores det_seg 0.9468 det_cnt 0.4388 seg_cnt -0.2681
[stage2] epoch 16/50 step 8 | loss 12.4625 | train det 0.4215 seg 0.1061 cnt 5.2918 | shared_pairs det_seg 184/384 det_cnt 139/384 seg_cnt 61/384 | scores det_seg 1.5900 det_cnt -0.3481 seg_cnt -1.5032
[stage2] epoch 16/50 step 9 | loss 7.1492 | train det 0.1795 seg 0.1652 cnt 3.1351 | shared_pairs det_seg 184/384 det_cnt 118/384 seg_cnt 82/384 | scores det_seg -2.2908 det_cnt -5.3392 seg_cnt -1.0586
[stage2] epoch 16/50 step 10 | loss 4.6911 | train det 0.1136 seg 0.1760 cnt 1.5787 | shared_pairs det_seg 173/384 det_cnt 144/384 seg_cnt 67/384 | scores det_seg 0.8821 det_cnt 1.3073 seg_cnt 0.0999
[stage2] epoch 16/50 step 11 | loss 6.1921 | train det 0.0851 seg 0.2007 cnt 3.3101 | shared_pairs det_seg 176/384 det_cnt 148/384 seg_cnt 60/384 | scores det_seg 2.7322 det_cnt 1.2469 seg_cnt -1.1947
[stage2] epoch 16/50 step 12 | loss 9.5317 | train det 0.0851 seg 0.4644 cnt 4.5396 | shared_pairs det_seg 157/384 det_cnt 153/384 seg_cnt 74/384 | scores det_seg -0.1923 det_cnt 3.5103 seg_cnt -1.2140
[stage2] epoch 16/50 step 13 | loss 4.8329 | train det 0.0511 seg 0.1972 cnt 2.4883 | shared_pairs det_seg 188/384 det_cnt 127/384 seg_cnt 69/384 | scores det_seg 0.9832 det_cnt -1.4862 seg_cnt -2.1836
[stage2] epoch 16/50 step 14 | loss 5.7129 | train det 0.0423 seg 0.1694 cnt 3.7232 | shared_pairs det_seg 147/384 det_cnt 148/384 seg_cnt 89/384 | scores det_seg -0.3109 det_cnt 0.1201 seg_cnt -0.1499
[stage2] epoch 16/50 step 15 | loss 5.5279 | train det 0.0313 seg 0.0912 cnt 4.3294 | shared_pairs det_seg 160/384 det_cnt 135/384 seg_cnt 89/384 | scores det_seg -0.6969 det_cnt -3.2040 seg_cnt 0.1975
[stage2] epoch 16/50 step 16 | loss 4.8649 | train det 0.0527 seg 0.0709 cnt 3.5068 | shared_pairs det_seg 158/384 det_cnt 143/384 seg_cnt 83/384 | scores det_seg 1.8657 det_cnt 0.7087 seg_cnt -0.1572
[stage2] epoch 16/50 step 17 | loss 3.9236 | train det 0.0391 seg 0.2343 cnt 1.4621 | shared_pairs det_seg 153/384 det_cnt 154/384 seg_cnt 77/384 | scores det_seg -1.3888 det_cnt 0.7066 seg_cnt -2.0532
[stage2] epoch 16/50 step 18 | loss 7.3786 | train det 0.0526 seg 0.0835 cnt 5.9217 | shared_pairs det_seg 156/384 det_cnt 147/384 seg_cnt 81/384 | scores det_seg -1.4751 det_cnt -2.0284 seg_cnt -1.2018
[stage2] epoch 16/50 step 19 | loss 5.7669 | train det 0.0159 seg 0.1694 cnt 4.1737 | shared_pairs det_seg 156/384 det_cnt 148/384 seg_cnt 80/384 | scores det_seg 1.3505 det_cnt 2.4514 seg_cnt 1.2328
[stage2] epoch 16/50 step 20 | loss 6.5024 | train det 0.1169 seg 0.2056 cnt 3.1045 | shared_pairs det_seg 155/384 det_cnt 140/384 seg_cnt 89/384 | scores det_seg 0.7839 det_cnt 2.2338 seg_cnt -0.9282
[stage2] epoch 16/50 step 21 | loss 6.6415 | train det 0.0938 seg 0.1236 cnt 4.2462 | shared_pairs det_seg 162/384 det_cnt 141/384 seg_cnt 81/384 | scores det_seg -0.7762 det_cnt -0.0787 seg_cnt -1.2368
[stage2] epoch 16/50 step 22 | loss 5.1594 | train det 0.0628 seg 0.1361 cnt 3.1283 | shared_pairs det_seg 163/384 det_cnt 143/384 seg_cnt 78/384 | scores det_seg -0.3271 det_cnt -2.3027 seg_cnt 0.0041
[stage2] epoch 16/50 step 23 | loss 5.5177 | train det 0.0486 seg 0.1635 cnt 3.4807 | shared_pairs det_seg 169/384 det_cnt 132/384 seg_cnt 83/384 | scores det_seg -0.6722 det_cnt -1.4826 seg_cnt 0.0735
[stage2] epoch 16/50 step 24 | loss 5.1384 | train det 0.0354 seg 0.1538 cnt 3.3766 | shared_pairs det_seg 160/384 det_cnt 142/384 seg_cnt 82/384 | scores det_seg 1.8989 det_cnt 1.9828 seg_cnt 0.9153
[stage2] epoch 16/50 step 25 | loss 7.9695 | train det 0.1255 seg 0.1568 cnt 4.8331 | shared_pairs det_seg 167/384 det_cnt 124/384 seg_cnt 93/384 | scores det_seg -0.8906 det_cnt -1.9809 seg_cnt 0.6638
[stage2] epoch 16/50 step 26 | loss 6.8701 | train det 0.0868 seg 0.1233 cnt 4.5824 | shared_pairs det_seg 166/384 det_cnt 133/384 seg_cnt 85/384 | scores det_seg 0.9000 det_cnt -2.0550 seg_cnt -0.6560
[stage2] epoch 16/50 step 27 | loss 6.1422 | train det 0.0555 seg 0.1639 cnt 3.9980 | shared_pairs det_seg 157/384 det_cnt 126/384 seg_cnt 101/384 | scores det_seg -3.3160 det_cnt -3.3229 seg_cnt 0.7874
[stage2] epoch 16/50 step 28 | loss 8.7575 | train det 0.1512 seg 0.2060 cnt 4.8409 | shared_pairs det_seg 140/384 det_cnt 131/384 seg_cnt 113/384 | scores det_seg -3.7747 det_cnt -2.8272 seg_cnt 1.9539
[stage2] epoch 16/50 step 29 | loss 8.3621 | train det 0.1960 seg 0.1167 cnt 4.4880 | shared_pairs det_seg 178/384 det_cnt 130/384 seg_cnt 76/384 | scores det_seg 2.4852 det_cnt 0.4285 seg_cnt -0.3726
[stage2] epoch 16/50 step 30 | loss 7.2122 | train det 0.0332 seg 0.0655 cnt 6.1897 | shared_pairs det_seg 155/384 det_cnt 143/384 seg_cnt 86/384 | scores det_seg 0.4822 det_cnt 1.1491 seg_cnt 1.3015
[stage2] epoch 16/50 step 31 | loss 8.6196 | train det 0.1164 seg 0.3186 cnt 4.3250 | shared_pairs det_seg 141/384 det_cnt 159/384 seg_cnt 84/384 | scores det_seg -0.6126 det_cnt 2.3170 seg_cnt 0.9925
[stage2] epoch 16/50 step 32 | loss 9.9217 | train det 0.0485 seg 0.4861 cnt 5.3049 | shared_pairs det_seg 178/384 det_cnt 115/384 seg_cnt 91/384 | scores det_seg 3.0585 det_cnt -2.2470 seg_cnt 3.3844
[stage2] epoch 16/50 step 33 | loss 7.5088 | train det 0.1561 seg 0.3048 cnt 2.7291 | shared_pairs det_seg 169/384 det_cnt 127/384 seg_cnt 88/384 | scores det_seg 2.9455 det_cnt -2.1625 seg_cnt 0.1420
[stage2] epoch 16/50 step 34 | loss 3.3692 | train det 0.0630 seg 0.0518 cnt 2.0091 | shared_pairs det_seg 165/384 det_cnt 146/384 seg_cnt 73/384 | scores det_seg -1.4254 det_cnt -0.3709 seg_cnt -0.5872
[stage2] epoch 16/50 step 35 | loss 9.0332 | train det 0.0738 seg 0.4434 cnt 4.3791 | shared_pairs det_seg 153/384 det_cnt 144/384 seg_cnt 87/384 | scores det_seg -0.9695 det_cnt -0.0236 seg_cnt 1.9597
[stage2] epoch 16/50 step 36 | loss 12.3108 | train det 0.4223 seg 0.1932 cnt 4.4302 | shared_pairs det_seg 176/384 det_cnt 136/384 seg_cnt 72/384 | scores det_seg 1.3000 det_cnt 1.4098 seg_cnt -1.4613
[stage2] epoch 16/50 step 37 | loss 6.3401 | train det 0.0569 seg 0.2143 cnt 3.7729 | shared_pairs det_seg 160/384 det_cnt 159/384 seg_cnt 65/384 | scores det_seg 1.1522 det_cnt 3.9391 seg_cnt -0.3941
[stage2] epoch 16/50 step 38 | loss 6.0584 | train det 0.1471 seg 0.0765 cnt 3.2406 | shared_pairs det_seg 151/384 det_cnt 164/384 seg_cnt 69/384 | scores det_seg 0.8506 det_cnt 1.8305 seg_cnt -0.4235
[stage2] epoch 16/50 step 39 | loss 6.4611 | train det 0.0761 seg 0.0915 cnt 4.5871 | shared_pairs det_seg 190/384 det_cnt 125/384 seg_cnt 69/384 | scores det_seg 3.8197 det_cnt -1.2936 seg_cnt -0.6485
[stage2] epoch 16/50 step 40 | loss 7.8174 | train det 0.0479 seg 0.0775 cnt 6.4784 | shared_pairs det_seg 170/384 det_cnt 134/384 seg_cnt 80/384 | scores det_seg 1.0194 det_cnt 1.7340 seg_cnt 1.2999
[stage2] epoch 16/50 step 41 | loss 7.4993 | train det 0.2904 seg 0.1938 cnt 1.5925 | shared_pairs det_seg 172/384 det_cnt 138/384 seg_cnt 74/384 | scores det_seg 2.1171 det_cnt -2.8943 seg_cnt -0.0041
[stage2] epoch 16/50 step 42 | loss 10.6914 | train det 0.1916 seg 0.1554 cnt 6.5742 | shared_pairs det_seg 143/384 det_cnt 170/384 seg_cnt 71/384 | scores det_seg -2.3713 det_cnt 3.1599 seg_cnt -1.7453
[stage2] epoch 16/50 step 43 | loss 9.3903 | train det 0.1303 seg 0.3030 cnt 5.0123 | shared_pairs det_seg 160/384 det_cnt 141/384 seg_cnt 83/384 | scores det_seg -1.0753 det_cnt -0.4368 seg_cnt -0.5113
[stage2] epoch 16/50 | train 7.3126 | det 0.1121 seg 0.1807 cnt 4.1850 | selected_by_matrix_unit det_seg 7078 det_cnt 5975 seg_cnt 3459
[stage2] epoch 16 | val det 0.4815 seg 1.0411 miou 0.6069 cnt 7.4812 dens 9.884173e-01 mae 6.4928 total_mae 51.6730 | ap50 0.5709 | combo 1.331874
[stage2] epoch 17/50 step 1 | loss 11.2832 | train det 0.0737 seg 0.0681 cnt 9.6327 | shared_pairs det_seg 163/384 det_cnt 143/384 seg_cnt 78/384 | scores det_seg -1.1388 det_cnt 0.2655 seg_cnt -0.7159
[stage2] epoch 17/50 step 2 | loss 7.8246 | train det 0.0360 seg 0.0972 cnt 6.5070 | shared_pairs det_seg 167/384 det_cnt 142/384 seg_cnt 75/384 | scores det_seg 1.1364 det_cnt 1.2216 seg_cnt -1.4037
[stage2] epoch 17/50 step 3 | loss 7.1283 | train det 0.2093 seg 0.1631 cnt 2.6840 | shared_pairs det_seg 161/384 det_cnt 129/384 seg_cnt 94/384 | scores det_seg -2.6080 det_cnt -2.4319 seg_cnt 0.6367
[stage2] epoch 17/50 step 4 | loss 5.0658 | train det 0.0599 seg 0.0802 cnt 3.5255 | shared_pairs det_seg 159/384 det_cnt 155/384 seg_cnt 70/384 | scores det_seg 0.1956 det_cnt 0.7514 seg_cnt -0.7109
[stage2] epoch 17/50 step 5 | loss 3.2913 | train det 0.0409 seg 0.1171 cnt 1.7415 | shared_pairs det_seg 164/384 det_cnt 140/384 seg_cnt 80/384 | scores det_seg -0.9203 det_cnt 2.1712 seg_cnt -0.0380
[stage2] epoch 17/50 step 6 | loss 8.4755 | train det 0.0993 seg 0.1676 cnt 5.6447 | shared_pairs det_seg 162/384 det_cnt 147/384 seg_cnt 75/384 | scores det_seg 0.9176 det_cnt 0.9419 seg_cnt -0.3550
[stage2] epoch 17/50 step 7 | loss 7.1034 | train det 0.0846 seg 0.1417 cnt 4.7013 | shared_pairs det_seg 190/384 det_cnt 124/384 seg_cnt 70/384 | scores det_seg 1.4336 det_cnt -0.8541 seg_cnt -1.8082
[stage2] epoch 17/50 step 8 | loss 6.4573 | train det 0.0276 seg 0.0745 cnt 5.4479 | shared_pairs det_seg 158/384 det_cnt 146/384 seg_cnt 80/384 | scores det_seg 0.4058 det_cnt 0.9871 seg_cnt 0.2363
[stage2] epoch 17/50 step 9 | loss 7.0696 | train det 0.0711 seg 0.1143 cnt 5.0893 | shared_pairs det_seg 172/384 det_cnt 135/384 seg_cnt 77/384 | scores det_seg 0.5986 det_cnt -0.8022 seg_cnt -0.2348
[stage2] epoch 17/50 step 10 | loss 7.7000 | train det 0.1561 seg 0.1089 cnt 4.4874 | shared_pairs det_seg 167/384 det_cnt 137/384 seg_cnt 80/384 | scores det_seg 0.7351 det_cnt 0.5820 seg_cnt -2.1652
[stage2] epoch 17/50 step 11 | loss 7.0226 | train det 0.0370 seg 0.0900 cnt 5.7473 | shared_pairs det_seg 156/384 det_cnt 135/384 seg_cnt 93/384 | scores det_seg -0.1380 det_cnt -0.6172 seg_cnt 0.9805
[stage2] epoch 17/50 step 12 | loss 5.5530 | train det 0.0448 seg 0.0602 cnt 4.4003 | shared_pairs det_seg 169/384 det_cnt 133/384 seg_cnt 82/384 | scores det_seg 0.2427 det_cnt -1.9918 seg_cnt 0.3099
[stage2] epoch 17/50 step 13 | loss 4.1887 | train det 0.0992 seg 0.1187 cnt 1.7514 | shared_pairs det_seg 148/384 det_cnt 156/384 seg_cnt 80/384 | scores det_seg 0.0282 det_cnt 1.9852 seg_cnt -0.4820
[stage2] epoch 17/50 step 14 | loss 7.7012 | train det 0.1040 seg 0.3770 cnt 3.1254 | shared_pairs det_seg 169/384 det_cnt 145/384 seg_cnt 70/384 | scores det_seg 0.0873 det_cnt -0.6855 seg_cnt -1.5331
[stage2] epoch 17/50 step 15 | loss 6.6320 | train det 0.0381 seg 0.1420 cnt 4.9246 | shared_pairs det_seg 148/384 det_cnt 162/384 seg_cnt 74/384 | scores det_seg -0.5451 det_cnt 0.9210 seg_cnt 0.0035
[stage2] epoch 17/50 step 16 | loss 6.6004 | train det 0.0681 seg 0.0966 cnt 4.8067 | shared_pairs det_seg 154/384 det_cnt 151/384 seg_cnt 79/384 | scores det_seg 0.7664 det_cnt 2.9129 seg_cnt 1.3533
[stage2] epoch 17/50 step 17 | loss 7.4301 | train det 0.1377 seg 0.1837 cnt 3.8955 | shared_pairs det_seg 182/384 det_cnt 118/384 seg_cnt 84/384 | scores det_seg -0.0605 det_cnt -2.1128 seg_cnt -0.9313
[stage2] epoch 17/50 step 18 | loss 6.0195 | train det 0.0916 seg 0.2172 cnt 2.9078 | shared_pairs det_seg 159/384 det_cnt 154/384 seg_cnt 71/384 | scores det_seg 0.6818 det_cnt 2.4073 seg_cnt -1.7957
[stage2] epoch 17/50 step 19 | loss 7.0356 | train det 0.1298 seg 0.0639 cnt 4.5777 | shared_pairs det_seg 163/384 det_cnt 129/384 seg_cnt 92/384 | scores det_seg -2.0656 det_cnt -1.0497 seg_cnt 1.5357
[stage2] epoch 17/50 step 20 | loss 5.4606 | train det 0.0186 seg 0.1063 cnt 4.3313 | shared_pairs det_seg 159/384 det_cnt 152/384 seg_cnt 73/384 | scores det_seg -2.4283 det_cnt -0.5065 seg_cnt -0.2655
[stage2] epoch 17/50 step 21 | loss 15.4656 | train det 0.2348 seg 0.1756 cnt 10.5379 | shared_pairs det_seg 168/384 det_cnt 141/384 seg_cnt 75/384 | scores det_seg 1.6503 det_cnt 0.9134 seg_cnt 1.2887
[stage2] epoch 17/50 step 22 | loss 8.9147 | train det 0.1617 seg 0.1154 cnt 5.5661 | shared_pairs det_seg 159/384 det_cnt 139/384 seg_cnt 86/384 | scores det_seg 0.2075 det_cnt 1.2261 seg_cnt 1.2295
[stage2] epoch 17/50 step 23 | loss 6.2404 | train det 0.0414 seg 0.2650 cnt 3.4995 | shared_pairs det_seg 177/384 det_cnt 141/384 seg_cnt 66/384 | scores det_seg 1.3089 det_cnt -0.3654 seg_cnt -0.2115
[stage2] epoch 17/50 step 24 | loss 5.7761 | train det 0.0751 seg 0.0938 cnt 3.8982 | shared_pairs det_seg 161/384 det_cnt 139/384 seg_cnt 84/384 | scores det_seg -0.1778 det_cnt -0.2741 seg_cnt 0.4699
[stage2] epoch 17/50 step 25 | loss 12.5803 | train det 0.1138 seg 0.1605 cnt 9.5897 | shared_pairs det_seg 178/384 det_cnt 140/384 seg_cnt 66/384 | scores det_seg 3.7329 det_cnt 2.3144 seg_cnt 1.3023
[stage2] epoch 17/50 step 26 | loss 11.1668 | train det 0.0952 seg 0.1298 cnt 8.7007 | shared_pairs det_seg 178/384 det_cnt 132/384 seg_cnt 74/384 | scores det_seg 1.7668 det_cnt 0.2232 seg_cnt 0.0399
[stage2] epoch 17/50 step 27 | loss 4.6327 | train det 0.0688 seg 0.1569 cnt 2.3456 | shared_pairs det_seg 164/384 det_cnt 137/384 seg_cnt 83/384 | scores det_seg -0.0827 det_cnt 0.5640 seg_cnt -0.3642
[stage2] epoch 17/50 step 28 | loss 5.6351 | train det 0.1181 seg 0.0968 cnt 3.0888 | shared_pairs det_seg 168/384 det_cnt 131/384 seg_cnt 85/384 | scores det_seg -1.0617 det_cnt 0.5154 seg_cnt -0.4491
[stage2] epoch 17/50 step 29 | loss 4.1797 | train det 0.0758 seg 0.1243 cnt 2.0482 | shared_pairs det_seg 160/384 det_cnt 131/384 seg_cnt 93/384 | scores det_seg -3.0825 det_cnt 0.0563 seg_cnt 1.6104
[stage2] epoch 17/50 step 30 | loss 6.2415 | train det 0.0684 seg 0.0280 cnt 4.9907 | shared_pairs det_seg 169/384 det_cnt 127/384 seg_cnt 88/384 | scores det_seg -0.5953 det_cnt 0.4283 seg_cnt 0.9527
[stage2] epoch 17/50 step 31 | loss 8.5108 | train det 0.1282 seg 0.1449 cnt 5.4280 | shared_pairs det_seg 194/384 det_cnt 117/384 seg_cnt 73/384 | scores det_seg 3.4413 det_cnt -1.6690 seg_cnt -1.1555
[stage2] epoch 17/50 step 32 | loss 8.2441 | train det 0.0849 seg 0.0550 cnt 6.5299 | shared_pairs det_seg 154/384 det_cnt 149/384 seg_cnt 81/384 | scores det_seg -1.8914 det_cnt -2.0998 seg_cnt 0.3133
[stage2] epoch 17/50 step 33 | loss 8.2624 | train det 0.0384 seg 0.2224 cnt 5.9075 | shared_pairs det_seg 161/384 det_cnt 155/384 seg_cnt 68/384 | scores det_seg 1.6962 det_cnt 0.3496 seg_cnt -0.6769
[stage2] epoch 17/50 step 34 | loss 4.8306 | train det 0.1169 seg 0.1162 cnt 2.1477 | shared_pairs det_seg 162/384 det_cnt 143/384 seg_cnt 79/384 | scores det_seg 1.6568 det_cnt 1.0098 seg_cnt -1.4196
[stage2] epoch 17/50 step 35 | loss 14.5639 | train det 0.0289 seg 1.0126 cnt 6.0293 | shared_pairs det_seg 163/384 det_cnt 141/384 seg_cnt 80/384 | scores det_seg 0.1902 det_cnt 0.6265 seg_cnt -0.9203
[stage2] epoch 17/50 step 36 | loss 6.0014 | train det 0.0287 seg 0.1717 cnt 4.1977 | shared_pairs det_seg 159/384 det_cnt 150/384 seg_cnt 75/384 | scores det_seg 2.3532 det_cnt 2.2135 seg_cnt 0.3588
[stage2] epoch 17/50 step 37 | loss 3.7945 | train det 0.0465 seg 0.1151 cnt 2.1763 | shared_pairs det_seg 170/384 det_cnt 152/384 seg_cnt 62/384 | scores det_seg 3.2989 det_cnt 4.0731 seg_cnt 0.5694
[stage2] epoch 17/50 step 38 | loss 6.4730 | train det 0.0261 seg 0.1867 cnt 4.5873 | shared_pairs det_seg 143/384 det_cnt 154/384 seg_cnt 87/384 | scores det_seg -1.9275 det_cnt 2.8342 seg_cnt 2.1325
[stage2] epoch 17/50 step 39 | loss 10.5451 | train det 0.2136 seg 0.1038 cnt 6.5104 | shared_pairs det_seg 142/384 det_cnt 148/384 seg_cnt 94/384 | scores det_seg 0.2823 det_cnt 3.1953 seg_cnt 2.8625
[stage2] epoch 17/50 step 40 | loss 3.7486 | train det 0.0570 seg 0.0927 cnt 2.1509 | shared_pairs det_seg 157/384 det_cnt 130/384 seg_cnt 97/384 | scores det_seg -3.0387 det_cnt -0.1965 seg_cnt 1.2986
[stage2] epoch 17/50 step 41 | loss 5.3655 | train det 0.0365 seg 0.2234 cnt 3.0313 | shared_pairs det_seg 156/384 det_cnt 148/384 seg_cnt 80/384 | scores det_seg -0.9781 det_cnt -1.2784 seg_cnt -0.8652
[stage2] epoch 17/50 step 42 | loss 3.7192 | train det 0.0837 seg 0.0919 cnt 1.7287 | shared_pairs det_seg 159/384 det_cnt 151/384 seg_cnt 74/384 | scores det_seg 0.9009 det_cnt 1.3127 seg_cnt 0.8304
[stage2] epoch 17/50 step 43 | loss 6.5008 | train det 0.0803 seg 0.1099 cnt 4.4161 | shared_pairs det_seg 173/384 det_cnt 145/384 seg_cnt 66/384 | scores det_seg 5.0614 det_cnt 0.9142 seg_cnt -2.3529
[stage2] epoch 17/50 | train 7.1264 | det 0.0849 seg 0.1530 cnt 4.6287 | selected_by_matrix_unit det_seg 7045 det_cnt 6074 seg_cnt 3393
[stage2] epoch 17 | val det 0.4949 seg 1.1066 miou 0.6016 cnt 10.1168 dens 9.950070e-01 mae 9.1218 total_mae 60.2754 | ap50 0.5666 | combo 1.277881
[stage2] epoch 18/50 step 1 | loss 8.0254 | train det 0.2948 seg 0.1244 cnt 2.6082 | shared_pairs det_seg 164/384 det_cnt 144/384 seg_cnt 76/384 | scores det_seg -0.8476 det_cnt 0.8212 seg_cnt -0.0852
[stage2] epoch 18/50 step 2 | loss 12.7891 | train det 0.0519 seg 0.1353 cnt 10.9278 | shared_pairs det_seg 158/384 det_cnt 133/384 seg_cnt 93/384 | scores det_seg 2.7066 det_cnt -1.6028 seg_cnt 1.9272
[stage2] epoch 18/50 step 3 | loss 9.0320 | train det 0.1211 seg 0.3216 cnt 4.6424 | shared_pairs det_seg 169/384 det_cnt 130/384 seg_cnt 85/384 | scores det_seg -0.0393 det_cnt 0.3938 seg_cnt 3.2526
[stage2] epoch 18/50 step 4 | loss 9.9958 | train det 0.2556 seg 0.2002 cnt 4.5593 | shared_pairs det_seg 173/384 det_cnt 143/384 seg_cnt 68/384 | scores det_seg 1.0631 det_cnt -0.6390 seg_cnt -1.7086
[stage2] epoch 18/50 step 5 | loss 6.8930 | train det 0.0468 seg 0.2491 cnt 4.1984 | shared_pairs det_seg 194/384 det_cnt 125/384 seg_cnt 65/384 | scores det_seg -0.3027 det_cnt -0.9696 seg_cnt -1.9614
[stage2] epoch 18/50 step 6 | loss 13.8720 | train det 0.2841 seg 0.0958 cnt 8.8440 | shared_pairs det_seg 168/384 det_cnt 149/384 seg_cnt 67/384 | scores det_seg 1.7875 det_cnt 1.0495 seg_cnt -0.1851
[stage2] epoch 18/50 step 7 | loss 7.2297 | train det 0.0786 seg 0.1389 cnt 4.9394 | shared_pairs det_seg 174/384 det_cnt 132/384 seg_cnt 78/384 | scores det_seg 1.7799 det_cnt 0.4044 seg_cnt -0.2307
[stage2] epoch 18/50 step 8 | loss 4.1436 | train det 0.0335 seg 0.1738 cnt 2.2509 | shared_pairs det_seg 181/384 det_cnt 132/384 seg_cnt 71/384 | scores det_seg -0.2841 det_cnt -1.3023 seg_cnt -1.8195
[stage2] epoch 18/50 step 9 | loss 9.7854 | train det 0.1231 seg 0.2098 cnt 6.2597 | shared_pairs det_seg 168/384 det_cnt 127/384 seg_cnt 89/384 | scores det_seg 0.4787 det_cnt -1.9390 seg_cnt -0.4130
[stage2] epoch 18/50 step 10 | loss 3.4148 | train det 0.0283 seg 0.0793 cnt 2.3565 | shared_pairs det_seg 175/384 det_cnt 124/384 seg_cnt 85/384 | scores det_seg -0.0562 det_cnt -0.1634 seg_cnt 0.6693
[stage2] epoch 18/50 step 11 | loss 13.7179 | train det 0.1471 seg 0.1218 cnt 10.5369 | shared_pairs det_seg 162/384 det_cnt 136/384 seg_cnt 86/384 | scores det_seg -0.3574 det_cnt 0.6920 seg_cnt 1.1943
[stage2] epoch 18/50 step 12 | loss 8.7196 | train det 0.0886 seg 0.1270 cnt 6.3742 | shared_pairs det_seg 161/384 det_cnt 146/384 seg_cnt 77/384 | scores det_seg 0.8753 det_cnt 1.6756 seg_cnt 0.7515
[stage2] epoch 18/50 step 13 | loss 3.3237 | train det 0.0548 seg 0.1141 cnt 1.5894 | shared_pairs det_seg 162/384 det_cnt 143/384 seg_cnt 79/384 | scores det_seg -0.1664 det_cnt 1.9709 seg_cnt 0.9246
[stage2] epoch 18/50 step 14 | loss 4.6687 | train det 0.0598 seg 0.0978 cnt 2.9897 | shared_pairs det_seg 162/384 det_cnt 139/384 seg_cnt 83/384 | scores det_seg 0.4043 det_cnt -0.7062 seg_cnt -0.4318
[stage2] epoch 18/50 step 15 | loss 4.1007 | train det 0.0360 seg 0.2261 cnt 1.7519 | shared_pairs det_seg 160/384 det_cnt 142/384 seg_cnt 82/384 | scores det_seg -0.4004 det_cnt -1.3093 seg_cnt -0.7350
[stage2] epoch 18/50 step 16 | loss 5.4170 | train det 0.0150 seg 0.1276 cnt 4.1708 | shared_pairs det_seg 160/384 det_cnt 152/384 seg_cnt 72/384 | scores det_seg -0.8209 det_cnt 1.2673 seg_cnt 1.8866
[stage2] epoch 18/50 step 17 | loss 6.8632 | train det 0.0382 seg 0.2214 cnt 4.5188 | shared_pairs det_seg 172/384 det_cnt 124/384 seg_cnt 88/384 | scores det_seg 0.5282 det_cnt -3.7247 seg_cnt 0.1212
[stage2] epoch 18/50 step 18 | loss 5.7646 | train det 0.0734 seg 0.1234 cnt 3.6775 | shared_pairs det_seg 161/384 det_cnt 135/384 seg_cnt 88/384 | scores det_seg 2.0290 det_cnt 2.5875 seg_cnt 1.6506
[stage2] epoch 18/50 step 19 | loss 8.2428 | train det 0.1094 seg 0.1046 cnt 5.7651 | shared_pairs det_seg 155/384 det_cnt 145/384 seg_cnt 84/384 | scores det_seg 0.3203 det_cnt 2.2135 seg_cnt 1.9206
[stage2] epoch 18/50 step 20 | loss 6.7503 | train det 0.0918 seg 0.2277 cnt 3.5520 | shared_pairs det_seg 168/384 det_cnt 136/384 seg_cnt 80/384 | scores det_seg 0.5281 det_cnt -1.5183 seg_cnt 0.4388
[stage2] epoch 18/50 step 21 | loss 5.6522 | train det 0.0282 seg 0.1494 cnt 4.0341 | shared_pairs det_seg 144/384 det_cnt 153/384 seg_cnt 87/384 | scores det_seg 2.0073 det_cnt 2.3730 seg_cnt 1.8113
[stage2] epoch 18/50 step 22 | loss 10.1707 | train det 0.1287 seg 0.1781 cnt 6.8154 | shared_pairs det_seg 156/384 det_cnt 135/384 seg_cnt 93/384 | scores det_seg -2.0871 det_cnt -0.7669 seg_cnt -0.1366
[stage2] epoch 18/50 step 23 | loss 4.4485 | train det 0.1096 seg 0.0948 cnt 2.0459 | shared_pairs det_seg 134/384 det_cnt 170/384 seg_cnt 80/384 | scores det_seg -1.3908 det_cnt 5.0822 seg_cnt -0.0038
[stage2] epoch 18/50 step 24 | loss 5.9506 | train det 0.0981 seg 0.1015 cnt 3.6674 | shared_pairs det_seg 154/384 det_cnt 148/384 seg_cnt 82/384 | scores det_seg -3.7967 det_cnt -1.2131 seg_cnt -0.3099
[stage2] epoch 18/50 step 25 | loss 3.6807 | train det 0.0284 seg 0.0911 cnt 2.5259 | shared_pairs det_seg 157/384 det_cnt 147/384 seg_cnt 80/384 | scores det_seg -0.3967 det_cnt -0.2518 seg_cnt 0.3081
[stage2] epoch 18/50 step 26 | loss 14.8156 | train det 0.3047 seg 0.1106 cnt 9.3610 | shared_pairs det_seg 152/384 det_cnt 149/384 seg_cnt 83/384 | scores det_seg -0.2252 det_cnt -0.7150 seg_cnt -0.6236
[stage2] epoch 18/50 step 27 | loss 7.7575 | train det 0.0404 seg 0.1473 cnt 5.9724 | shared_pairs det_seg 163/384 det_cnt 148/384 seg_cnt 73/384 | scores det_seg -0.6461 det_cnt -0.4610 seg_cnt -0.5563
[stage2] epoch 18/50 step 28 | loss 5.4775 | train det 0.0673 seg 0.1112 cnt 3.5776 | shared_pairs det_seg 165/384 det_cnt 128/384 seg_cnt 91/384 | scores det_seg -0.2112 det_cnt -2.0348 seg_cnt -1.2061
[stage2] epoch 18/50 step 29 | loss 7.9586 | train det 0.1076 seg 0.1173 cnt 5.4068 | shared_pairs det_seg 157/384 det_cnt 145/384 seg_cnt 82/384 | scores det_seg 0.7073 det_cnt -0.3363 seg_cnt -0.2487
[stage2] epoch 18/50 step 30 | loss 11.0858 | train det 0.0257 seg 0.1031 cnt 9.8750 | shared_pairs det_seg 137/384 det_cnt 163/384 seg_cnt 84/384 | scores det_seg -1.5559 det_cnt 2.6734 seg_cnt -0.3694
[stage2] epoch 18/50 step 31 | loss 9.9180 | train det 0.0776 seg 0.1574 cnt 7.4944 | shared_pairs det_seg 160/384 det_cnt 162/384 seg_cnt 62/384 | scores det_seg 0.0948 det_cnt 1.2583 seg_cnt -0.1728
[stage2] epoch 18/50 step 32 | loss 4.5394 | train det 0.0300 seg 0.1814 cnt 2.6384 | shared_pairs det_seg 138/384 det_cnt 146/384 seg_cnt 100/384 | scores det_seg -3.7254 det_cnt 1.6133 seg_cnt 1.5191
[stage2] epoch 18/50 step 33 | loss 8.3344 | train det 0.0350 seg 0.1605 cnt 6.5263 | shared_pairs det_seg 172/384 det_cnt 134/384 seg_cnt 78/384 | scores det_seg -1.0515 det_cnt 0.6481 seg_cnt -1.1728
[stage2] epoch 18/50 step 34 | loss 3.7134 | train det 0.0499 seg 0.1032 cnt 2.1391 | shared_pairs det_seg 179/384 det_cnt 129/384 seg_cnt 76/384 | scores det_seg 0.1601 det_cnt 0.5195 seg_cnt -0.3269
[stage2] epoch 18/50 step 35 | loss 11.4938 | train det 0.0623 seg 0.1253 cnt 9.5571 | shared_pairs det_seg 150/384 det_cnt 149/384 seg_cnt 85/384 | scores det_seg 0.0657 det_cnt 0.5155 seg_cnt 0.3615
[stage2] epoch 18/50 step 36 | loss 6.4992 | train det 0.0563 seg 0.1932 cnt 4.1087 | shared_pairs det_seg 167/384 det_cnt 139/384 seg_cnt 78/384 | scores det_seg 1.4920 det_cnt 0.4307 seg_cnt 0.1901
[stage2] epoch 18/50 step 37 | loss 6.2440 | train det 0.2192 seg 0.1457 cnt 1.7905 | shared_pairs det_seg 168/384 det_cnt 146/384 seg_cnt 70/384 | scores det_seg 2.3025 det_cnt 0.5445 seg_cnt -0.7611
[stage2] epoch 18/50 step 38 | loss 5.4058 | train det 0.0555 seg 0.1680 cnt 3.2295 | shared_pairs det_seg 151/384 det_cnt 153/384 seg_cnt 80/384 | scores det_seg -1.5532 det_cnt -1.7842 seg_cnt -0.5603
[stage2] epoch 18/50 step 39 | loss 5.2964 | train det 0.1290 seg 0.1562 cnt 2.1116 | shared_pairs det_seg 137/384 det_cnt 163/384 seg_cnt 84/384 | scores det_seg -2.9834 det_cnt 3.8712 seg_cnt -1.1533
[stage2] epoch 18/50 step 40 | loss 9.1205 | train det 0.2711 seg 0.0967 cnt 4.2807 | shared_pairs det_seg 193/384 det_cnt 127/384 seg_cnt 64/384 | scores det_seg 2.1274 det_cnt -0.1295 seg_cnt -2.1827
[stage2] epoch 18/50 step 41 | loss 5.8129 | train det 0.0373 seg 0.0859 cnt 4.5667 | shared_pairs det_seg 142/384 det_cnt 162/384 seg_cnt 80/384 | scores det_seg 2.4007 det_cnt 4.9868 seg_cnt -0.0533
[stage2] epoch 18/50 step 42 | loss 9.0511 | train det 0.2755 seg 0.0943 cnt 4.1646 | shared_pairs det_seg 158/384 det_cnt 148/384 seg_cnt 78/384 | scores det_seg 1.3240 det_cnt -0.9831 seg_cnt 0.7368
[stage2] epoch 18/50 step 43 | loss 8.8065 | train det 0.0777 seg 0.2099 cnt 5.9621 | shared_pairs det_seg 162/384 det_cnt 134/384 seg_cnt 88/384 | scores det_seg -2.6413 det_cnt -1.4159 seg_cnt -1.2370
[stage2] epoch 18/50 | train 7.5345 | det 0.1011 seg 0.1466 cnt 4.8457 | selected_by_matrix_unit det_seg 6943 det_cnt 6115 seg_cnt 3454
[stage2] epoch 18 | val det 0.4836 seg 0.9776 miou 0.6157 cnt 5.8029 dens 9.763075e-01 mae 4.8266 total_mae 21.5476 | ap50 0.5674 | combo 1.390282
[stage2] epoch 19/50 step 1 | loss 6.7882 | train det 0.0576 seg 0.0700 cnt 5.3633 | shared_pairs det_seg 157/384 det_cnt 145/384 seg_cnt 82/384 | scores det_seg -0.1483 det_cnt 2.1550 seg_cnt 0.6868
[stage2] epoch 19/50 step 2 | loss 5.7951 | train det 0.0363 seg 0.0984 cnt 4.4636 | shared_pairs det_seg 176/384 det_cnt 137/384 seg_cnt 71/384 | scores det_seg 2.8255 det_cnt -0.1405 seg_cnt 0.2301
[stage2] epoch 19/50 step 3 | loss 4.4755 | train det 0.0259 seg 0.0713 cnt 3.5169 | shared_pairs det_seg 169/384 det_cnt 128/384 seg_cnt 87/384 | scores det_seg 0.2934 det_cnt -0.2413 seg_cnt 0.7159
[stage2] epoch 19/50 step 4 | loss 4.3345 | train det 0.0748 seg 0.1716 cnt 1.8406 | shared_pairs det_seg 137/384 det_cnt 158/384 seg_cnt 89/384 | scores det_seg -0.6681 det_cnt 3.2708 seg_cnt 1.7968
[stage2] epoch 19/50 step 5 | loss 9.5067 | train det 0.1137 seg 0.3563 cnt 4.9506 | shared_pairs det_seg 158/384 det_cnt 144/384 seg_cnt 82/384 | scores det_seg 1.7718 det_cnt 2.9663 seg_cnt 0.5600
[stage2] epoch 19/50 step 6 | loss 5.7493 | train det 0.0307 seg 0.0613 cnt 4.7984 | shared_pairs det_seg 155/384 det_cnt 165/384 seg_cnt 64/384 | scores det_seg 1.0961 det_cnt 1.3036 seg_cnt -0.3124
[stage2] epoch 19/50 step 7 | loss 10.1767 | train det 0.0517 seg 0.0712 cnt 8.8311 | shared_pairs det_seg 169/384 det_cnt 141/384 seg_cnt 74/384 | scores det_seg -0.2419 det_cnt -1.3524 seg_cnt 1.1171
[stage2] epoch 19/50 step 8 | loss 7.2657 | train det 0.1500 seg 0.0999 cnt 4.2164 | shared_pairs det_seg 163/384 det_cnt 140/384 seg_cnt 81/384 | scores det_seg 1.2479 det_cnt 1.6463 seg_cnt 0.1877
[stage2] epoch 19/50 step 9 | loss 7.6251 | train det 0.0248 seg 0.1111 cnt 6.3644 | shared_pairs det_seg 154/384 det_cnt 150/384 seg_cnt 80/384 | scores det_seg -0.6465 det_cnt 3.0661 seg_cnt 0.9555
[stage2] epoch 19/50 step 10 | loss 4.0101 | train det 0.0147 seg 0.1202 cnt 2.8287 | shared_pairs det_seg 153/384 det_cnt 161/384 seg_cnt 70/384 | scores det_seg 2.0229 det_cnt 1.3727 seg_cnt -1.4302
[stage2] epoch 19/50 step 11 | loss 5.3225 | train det 0.0593 seg 0.0964 cnt 3.6611 | shared_pairs det_seg 166/384 det_cnt 128/384 seg_cnt 90/384 | scores det_seg -0.4428 det_cnt -2.3576 seg_cnt 1.0898
[stage2] epoch 19/50 step 12 | loss 7.9090 | train det 0.0561 seg 0.0833 cnt 6.4017 | shared_pairs det_seg 156/384 det_cnt 146/384 seg_cnt 82/384 | scores det_seg 0.5308 det_cnt 2.3286 seg_cnt 0.2445
[stage2] epoch 19/50 step 13 | loss 3.4726 | train det 0.0248 seg 0.1182 cnt 2.1548 | shared_pairs det_seg 159/384 det_cnt 124/384 seg_cnt 101/384 | scores det_seg -0.1510 det_cnt -3.8892 seg_cnt 1.1660
[stage2] epoch 19/50 step 14 | loss 8.4197 | train det 0.0273 seg 0.1061 cnt 7.1614 | shared_pairs det_seg 169/384 det_cnt 142/384 seg_cnt 73/384 | scores det_seg 0.8806 det_cnt -0.2097 seg_cnt -1.8617
[stage2] epoch 19/50 step 15 | loss 4.5510 | train det 0.0612 seg 0.1084 cnt 2.7656 | shared_pairs det_seg 152/384 det_cnt 157/384 seg_cnt 75/384 | scores det_seg -0.6980 det_cnt 0.7820 seg_cnt 0.7079
[stage2] epoch 19/50 step 16 | loss 3.4981 | train det 0.0306 seg 0.1983 cnt 1.4519 | shared_pairs det_seg 176/384 det_cnt 119/384 seg_cnt 89/384 | scores det_seg -1.5944 det_cnt -3.5823 seg_cnt -0.9086
[stage2] epoch 19/50 step 17 | loss 4.0648 | train det 0.0833 seg 0.0998 cnt 2.0171 | shared_pairs det_seg 181/384 det_cnt 116/384 seg_cnt 87/384 | scores det_seg 1.0703 det_cnt -0.5059 seg_cnt 0.5247
[stage2] epoch 19/50 step 18 | loss 7.5886 | train det 0.0419 seg 0.3328 cnt 4.2983 | shared_pairs det_seg 158/384 det_cnt 162/384 seg_cnt 64/384 | scores det_seg -1.2471 det_cnt 2.2566 seg_cnt -2.2402
[stage2] epoch 19/50 step 19 | loss 3.7202 | train det 0.0304 seg 0.1083 cnt 2.3983 | shared_pairs det_seg 134/384 det_cnt 155/384 seg_cnt 95/384 | scores det_seg -1.7791 det_cnt 1.0481 seg_cnt 3.3769
[stage2] epoch 19/50 step 20 | loss 5.5042 | train det 0.0932 seg 0.1159 cnt 3.1789 | shared_pairs det_seg 172/384 det_cnt 135/384 seg_cnt 77/384 | scores det_seg 0.7229 det_cnt 2.5959 seg_cnt 0.9640
[stage2] epoch 19/50 step 21 | loss 6.0863 | train det 0.0433 seg 0.1078 cnt 4.5743 | shared_pairs det_seg 148/384 det_cnt 150/384 seg_cnt 86/384 | scores det_seg 0.7903 det_cnt 0.5432 seg_cnt 0.7292
[stage2] epoch 19/50 step 22 | loss 5.3839 | train det 0.0705 seg 0.0518 cnt 3.9128 | shared_pairs det_seg 161/384 det_cnt 145/384 seg_cnt 78/384 | scores det_seg 0.3687 det_cnt -1.0254 seg_cnt -1.6612
[stage2] epoch 19/50 step 23 | loss 6.1112 | train det 0.0419 seg 0.1359 cnt 4.3958 | shared_pairs det_seg 166/384 det_cnt 134/384 seg_cnt 84/384 | scores det_seg -0.9477 det_cnt -0.9326 seg_cnt -0.2855
[stage2] epoch 19/50 step 24 | loss 3.9027 | train det 0.0984 seg 0.0396 cnt 2.1102 | shared_pairs det_seg 146/384 det_cnt 156/384 seg_cnt 82/384 | scores det_seg -2.0379 det_cnt 3.8559 seg_cnt -0.9340
[stage2] epoch 19/50 step 25 | loss 6.5248 | train det 0.0250 seg 0.0645 cnt 5.6338 | shared_pairs det_seg 167/384 det_cnt 127/384 seg_cnt 90/384 | scores det_seg -2.1448 det_cnt -1.7529 seg_cnt 0.5600
[stage2] epoch 19/50 step 26 | loss 4.6760 | train det 0.0650 seg 0.0693 cnt 3.1471 | shared_pairs det_seg 153/384 det_cnt 139/384 seg_cnt 92/384 | scores det_seg 0.2530 det_cnt 1.3336 seg_cnt 1.1878
[stage2] epoch 19/50 step 27 | loss 4.0651 | train det 0.0288 seg 0.0543 cnt 3.1985 | shared_pairs det_seg 160/384 det_cnt 142/384 seg_cnt 82/384 | scores det_seg 0.5873 det_cnt 0.8618 seg_cnt 0.7310
[stage2] epoch 19/50 step 28 | loss 7.3953 | train det 0.1940 seg 0.0761 cnt 3.8759 | shared_pairs det_seg 183/384 det_cnt 112/384 seg_cnt 89/384 | scores det_seg -0.4722 det_cnt -4.0972 seg_cnt 1.1301
[stage2] epoch 19/50 step 29 | loss 7.9353 | train det 0.1498 seg 0.1394 cnt 4.5737 | shared_pairs det_seg 156/384 det_cnt 146/384 seg_cnt 82/384 | scores det_seg 0.2037 det_cnt 1.2344 seg_cnt -1.9731
[stage2] epoch 19/50 step 30 | loss 5.6508 | train det 0.0648 seg 0.0765 cnt 4.0666 | shared_pairs det_seg 169/384 det_cnt 130/384 seg_cnt 85/384 | scores det_seg 2.7571 det_cnt 1.5015 seg_cnt 0.6470
[stage2] epoch 19/50 step 31 | loss 8.4597 | train det 0.0529 seg 0.0413 cnt 7.3359 | shared_pairs det_seg 179/384 det_cnt 117/384 seg_cnt 88/384 | scores det_seg 1.6356 det_cnt 0.5698 seg_cnt 2.1857
[stage2] epoch 19/50 step 32 | loss 6.6438 | train det 0.0237 seg 0.0996 cnt 5.4914 | shared_pairs det_seg 140/384 det_cnt 153/384 seg_cnt 91/384 | scores det_seg -0.4732 det_cnt 2.7207 seg_cnt -0.2137
[stage2] epoch 19/50 step 33 | loss 8.6262 | train det 0.1799 seg 0.0850 cnt 5.2474 | shared_pairs det_seg 169/384 det_cnt 147/384 seg_cnt 68/384 | scores det_seg 0.3068 det_cnt 2.2992 seg_cnt -0.0202
[stage2] epoch 19/50 step 34 | loss 7.1741 | train det 0.1298 seg 0.1635 cnt 3.9193 | shared_pairs det_seg 161/384 det_cnt 140/384 seg_cnt 83/384 | scores det_seg -1.1441 det_cnt -0.5963 seg_cnt -0.8923
[stage2] epoch 19/50 step 35 | loss 3.9308 | train det 0.0674 seg 0.0397 cnt 2.6022 | shared_pairs det_seg 176/384 det_cnt 127/384 seg_cnt 81/384 | scores det_seg 2.4629 det_cnt -0.3109 seg_cnt -0.4057
[stage2] epoch 19/50 step 36 | loss 8.5202 | train det 0.0149 seg 0.2681 cnt 6.1522 | shared_pairs det_seg 154/384 det_cnt 152/384 seg_cnt 78/384 | scores det_seg -0.9277 det_cnt 1.0191 seg_cnt -0.3319
[stage2] epoch 19/50 step 37 | loss 3.4204 | train det 0.0417 seg 0.0830 cnt 2.1320 | shared_pairs det_seg 161/384 det_cnt 131/384 seg_cnt 92/384 | scores det_seg -2.0951 det_cnt -1.7847 seg_cnt -0.6675
[stage2] epoch 19/50 step 38 | loss 9.2262 | train det 0.0219 seg 0.0989 cnt 8.1068 | shared_pairs det_seg 150/384 det_cnt 144/384 seg_cnt 90/384 | scores det_seg 1.0894 det_cnt 0.3429 seg_cnt 0.6654
[stage2] epoch 19/50 step 39 | loss 4.6145 | train det 0.0221 seg 0.1989 cnt 2.6921 | shared_pairs det_seg 155/384 det_cnt 148/384 seg_cnt 81/384 | scores det_seg -0.5442 det_cnt -0.5200 seg_cnt -0.3226
[stage2] epoch 19/50 step 40 | loss 3.9016 | train det 0.0657 seg 0.0447 cnt 2.5586 | shared_pairs det_seg 160/384 det_cnt 132/384 seg_cnt 92/384 | scores det_seg -1.2173 det_cnt -1.3952 seg_cnt 0.8447
[stage2] epoch 19/50 step 41 | loss 4.7810 | train det 0.1194 seg 0.1222 cnt 2.0126 | shared_pairs det_seg 162/384 det_cnt 132/384 seg_cnt 90/384 | scores det_seg -0.3868 det_cnt -0.9995 seg_cnt 2.6290
[stage2] epoch 19/50 step 42 | loss 4.8521 | train det 0.0364 seg 0.0724 cnt 3.7264 | shared_pairs det_seg 160/384 det_cnt 143/384 seg_cnt 81/384 | scores det_seg -1.5103 det_cnt 1.5445 seg_cnt -0.1173
[stage2] epoch 19/50 step 43 | loss 4.9031 | train det 0.0537 seg 0.0961 cnt 3.3284 | shared_pairs det_seg 148/384 det_cnt 155/384 seg_cnt 81/384 | scores det_seg 1.8025 det_cnt 2.5794 seg_cnt 2.4655
[stage2] epoch 19/50 | train 5.9666 | det 0.0628 seg 0.1123 cnt 4.1269 | selected_by_matrix_unit det_seg 6898 det_cnt 6055 seg_cnt 3559
[stage2] epoch 19 | val det 0.4790 seg 0.9816 miou 0.6190 cnt 5.2653 dens 9.674596e-01 mae 4.2978 total_mae 19.8867 | ap50 0.5693 | combo 1.420973
[stage2] epoch 20/50 step 1 | loss 4.0906 | train det 0.0175 seg 0.0648 cnt 3.3099 | shared_pairs det_seg 152/384 det_cnt 151/384 seg_cnt 81/384 | scores det_seg -1.0881 det_cnt 0.8421 seg_cnt 0.2175
[stage2] epoch 20/50 step 2 | loss 6.8319 | train det 0.0916 seg 0.1487 cnt 4.2684 | shared_pairs det_seg 160/384 det_cnt 151/384 seg_cnt 73/384 | scores det_seg -0.2213 det_cnt 0.6036 seg_cnt -2.1675
[stage2] epoch 20/50 step 3 | loss 8.3655 | train det 0.1531 seg 0.1386 cnt 4.9599 | shared_pairs det_seg 174/384 det_cnt 136/384 seg_cnt 74/384 | scores det_seg 2.5164 det_cnt -1.7375 seg_cnt -1.5847
[stage2] epoch 20/50 step 4 | loss 6.6455 | train det 0.0397 seg 0.0503 cnt 5.6473 | shared_pairs det_seg 170/384 det_cnt 150/384 seg_cnt 64/384 | scores det_seg 1.3139 det_cnt 0.2227 seg_cnt -0.8176
[stage2] epoch 20/50 step 5 | loss 5.1672 | train det 0.1600 seg 0.1083 cnt 1.9012 | shared_pairs det_seg 164/384 det_cnt 127/384 seg_cnt 93/384 | scores det_seg 1.3936 det_cnt 0.3152 seg_cnt 0.2517
[stage2] epoch 20/50 step 6 | loss 4.5693 | train det 0.0451 seg 0.0965 cnt 3.1203 | shared_pairs det_seg 151/384 det_cnt 133/384 seg_cnt 100/384 | scores det_seg -0.0540 det_cnt -1.5353 seg_cnt 2.9481
[stage2] epoch 20/50 step 7 | loss 4.5270 | train det 0.0293 seg 0.1707 cnt 2.7218 | shared_pairs det_seg 146/384 det_cnt 154/384 seg_cnt 84/384 | scores det_seg -1.6491 det_cnt 0.5983 seg_cnt 0.3207
[stage2] epoch 20/50 step 8 | loss 9.3123 | train det 0.2108 seg 0.1103 cnt 5.2675 | shared_pairs det_seg 175/384 det_cnt 126/384 seg_cnt 83/384 | scores det_seg 1.2850 det_cnt -3.1026 seg_cnt -1.6758
[stage2] epoch 20/50 step 9 | loss 6.3651 | train det 0.0453 seg 0.0497 cnt 5.2875 | shared_pairs det_seg 168/384 det_cnt 116/384 seg_cnt 100/384 | scores det_seg -1.6331 det_cnt -3.0723 seg_cnt 0.6645
[stage2] epoch 20/50 step 10 | loss 6.7075 | train det 0.0270 seg 0.0627 cnt 5.8017 | shared_pairs det_seg 149/384 det_cnt 150/384 seg_cnt 85/384 | scores det_seg 1.2561 det_cnt 2.0359 seg_cnt 2.3800
[stage2] epoch 20/50 step 11 | loss 10.1866 | train det 0.0700 seg 0.1358 cnt 8.0501 | shared_pairs det_seg 153/384 det_cnt 156/384 seg_cnt 75/384 | scores det_seg -1.6902 det_cnt 0.5375 seg_cnt -1.3068
[stage2] epoch 20/50 step 12 | loss 4.9476 | train det 0.0484 seg 0.1162 cnt 3.2917 | shared_pairs det_seg 172/384 det_cnt 145/384 seg_cnt 67/384 | scores det_seg 0.5730 det_cnt 1.5650 seg_cnt -1.0047
[stage2] epoch 20/50 step 13 | loss 6.5464 | train det 0.0478 seg 0.0359 cnt 5.5431 | shared_pairs det_seg 167/384 det_cnt 129/384 seg_cnt 88/384 | scores det_seg -0.0542 det_cnt 0.4202 seg_cnt 1.5294
[stage2] epoch 20/50 step 14 | loss 9.6796 | train det 0.1379 seg 0.0818 cnt 6.9577 | shared_pairs det_seg 173/384 det_cnt 117/384 seg_cnt 94/384 | scores det_seg -0.8550 det_cnt -3.4576 seg_cnt -0.4514
[stage2] epoch 20/50 step 15 | loss 7.6648 | train det 0.0520 seg 0.1193 cnt 5.9308 | shared_pairs det_seg 157/384 det_cnt 145/384 seg_cnt 82/384 | scores det_seg 1.1700 det_cnt -0.3463 seg_cnt -0.0245
[stage2] epoch 20/50 step 16 | loss 4.0713 | train det 0.0248 seg 0.0806 cnt 3.0539 | shared_pairs det_seg 155/384 det_cnt 140/384 seg_cnt 89/384 | scores det_seg 0.7356 det_cnt 0.1645 seg_cnt 0.5997
[stage2] epoch 20/50 step 17 | loss 5.9671 | train det 0.0551 seg 0.0925 cnt 4.4000 | shared_pairs det_seg 178/384 det_cnt 140/384 seg_cnt 66/384 | scores det_seg 0.5065 det_cnt 0.1245 seg_cnt -2.0558
[stage2] epoch 20/50 step 18 | loss 4.9994 | train det 0.0685 seg 0.0896 cnt 3.2548 | shared_pairs det_seg 157/384 det_cnt 133/384 seg_cnt 94/384 | scores det_seg -1.4536 det_cnt -5.1428 seg_cnt -1.0871
[stage2] epoch 20/50 step 19 | loss 27.4171 | train det 0.0646 seg 0.1086 cnt 25.5795 | shared_pairs det_seg 182/384 det_cnt 117/384 seg_cnt 85/384 | scores det_seg 0.4163 det_cnt -1.2866 seg_cnt 0.9623
[stage2] epoch 20/50 step 20 | loss 5.8473 | train det 0.0927 seg 0.1031 cnt 3.6320 | shared_pairs det_seg 165/384 det_cnt 139/384 seg_cnt 80/384 | scores det_seg 0.2588 det_cnt 1.7003 seg_cnt -0.1169
[stage2] epoch 20/50 step 21 | loss 11.6416 | train det 0.1785 seg 0.1619 cnt 7.6684 | shared_pairs det_seg 171/384 det_cnt 135/384 seg_cnt 78/384 | scores det_seg -0.0037 det_cnt -2.9326 seg_cnt -0.5185
[stage2] epoch 20/50 step 22 | loss 4.2070 | train det 0.0141 seg 0.0989 cnt 3.2050 | shared_pairs det_seg 153/384 det_cnt 144/384 seg_cnt 87/384 | scores det_seg -0.9516 det_cnt 1.5793 seg_cnt 1.5302
[stage2] epoch 20/50 step 23 | loss 7.1465 | train det 0.0623 seg 0.0852 cnt 5.5313 | shared_pairs det_seg 147/384 det_cnt 159/384 seg_cnt 78/384 | scores det_seg -0.8311 det_cnt 1.5702 seg_cnt -0.7628
[stage2] epoch 20/50 step 24 | loss 15.8210 | train det 0.4086 seg 0.2792 cnt 7.4591 | shared_pairs det_seg 162/384 det_cnt 143/384 seg_cnt 79/384 | scores det_seg 1.5475 det_cnt 0.8810 seg_cnt 0.0207
[stage2] epoch 20/50 step 25 | loss 4.6667 | train det 0.0737 seg 0.0356 cnt 3.2766 | shared_pairs det_seg 155/384 det_cnt 140/384 seg_cnt 89/384 | scores det_seg 0.5979 det_cnt 1.8339 seg_cnt 1.6211
[stage2] epoch 20/50 step 26 | loss 5.8437 | train det 0.0721 seg 0.0814 cnt 4.1108 | shared_pairs det_seg 143/384 det_cnt 158/384 seg_cnt 83/384 | scores det_seg -1.0148 det_cnt 2.1788 seg_cnt 1.5619
[stage2] epoch 20/50 step 27 | loss 7.4630 | train det 0.1538 seg 0.0933 cnt 4.4087 | shared_pairs det_seg 164/384 det_cnt 137/384 seg_cnt 83/384 | scores det_seg 0.4417 det_cnt -1.5424 seg_cnt -0.8863
[stage2] epoch 20/50 step 28 | loss 7.4709 | train det 0.0560 seg 0.1082 cnt 5.7655 | shared_pairs det_seg 177/384 det_cnt 132/384 seg_cnt 75/384 | scores det_seg 3.0497 det_cnt 1.3221 seg_cnt -0.4260
[stage2] epoch 20/50 step 29 | loss 3.5103 | train det 0.0338 seg 0.1318 cnt 1.9483 | shared_pairs det_seg 164/384 det_cnt 140/384 seg_cnt 80/384 | scores det_seg 0.6061 det_cnt -1.2375 seg_cnt -2.5279
[stage2] epoch 20/50 step 30 | loss 4.3219 | train det 0.0501 seg 0.0829 cnt 2.9069 | shared_pairs det_seg 152/384 det_cnt 140/384 seg_cnt 92/384 | scores det_seg -1.8307 det_cnt 0.1045 seg_cnt 1.3427
[stage2] epoch 20/50 step 31 | loss 3.4267 | train det 0.0651 seg 0.1256 cnt 1.4452 | shared_pairs det_seg 171/384 det_cnt 133/384 seg_cnt 80/384 | scores det_seg -0.2456 det_cnt 1.0763 seg_cnt -1.2418
[stage2] epoch 20/50 step 32 | loss 5.7407 | train det 0.0572 seg 0.0796 cnt 4.2470 | shared_pairs det_seg 166/384 det_cnt 141/384 seg_cnt 77/384 | scores det_seg -1.4184 det_cnt 2.2778 seg_cnt 2.3798
[stage2] epoch 20/50 step 33 | loss 7.4284 | train det 0.0977 seg 0.0822 cnt 5.3062 | shared_pairs det_seg 165/384 det_cnt 150/384 seg_cnt 69/384 | scores det_seg 0.9056 det_cnt 2.8490 seg_cnt -1.1798
[stage2] epoch 20/50 step 34 | loss 11.6861 | train det 0.2601 seg 0.1182 cnt 6.8392 | shared_pairs det_seg 152/384 det_cnt 161/384 seg_cnt 71/384 | scores det_seg 1.6801 det_cnt 4.0338 seg_cnt -2.2275
[stage2] epoch 20/50 step 35 | loss 11.1191 | train det 0.0379 seg 0.0884 cnt 9.8427 | shared_pairs det_seg 125/384 det_cnt 153/384 seg_cnt 106/384 | scores det_seg 0.9976 det_cnt 1.4609 seg_cnt 1.7255
[stage2] epoch 20/50 step 36 | loss 3.5534 | train det 0.0267 seg 0.0818 cnt 2.4988 | shared_pairs det_seg 154/384 det_cnt 142/384 seg_cnt 88/384 | scores det_seg -0.7319 det_cnt -2.3145 seg_cnt 0.6787
[stage2] epoch 20/50 step 37 | loss 6.4281 | train det 0.0174 seg 0.0944 cnt 5.4113 | shared_pairs det_seg 171/384 det_cnt 118/384 seg_cnt 95/384 | scores det_seg 0.0717 det_cnt -4.5721 seg_cnt 0.3295
[stage2] epoch 20/50 step 38 | loss 6.0575 | train det 0.0756 seg 0.0498 cnt 4.5244 | shared_pairs det_seg 153/384 det_cnt 150/384 seg_cnt 81/384 | scores det_seg -1.1109 det_cnt 2.0824 seg_cnt 1.6003
[stage2] epoch 20/50 step 39 | loss 7.6844 | train det 0.1421 seg 0.0694 cnt 4.9968 | shared_pairs det_seg 172/384 det_cnt 142/384 seg_cnt 70/384 | scores det_seg 0.0992 det_cnt -1.2306 seg_cnt -1.6956
[stage2] epoch 20/50 step 40 | loss 5.2855 | train det 0.0449 seg 0.1685 cnt 3.2643 | shared_pairs det_seg 151/384 det_cnt 153/384 seg_cnt 80/384 | scores det_seg -2.7107 det_cnt -0.1841 seg_cnt -1.3516
[stage2] epoch 20/50 step 41 | loss 8.0959 | train det 0.1570 seg 0.0880 cnt 5.0371 | shared_pairs det_seg 163/384 det_cnt 147/384 seg_cnt 74/384 | scores det_seg -1.5083 det_cnt -0.2303 seg_cnt -0.2901
[stage2] epoch 20/50 step 42 | loss 4.0543 | train det 0.0359 seg 0.1386 cnt 2.4067 | shared_pairs det_seg 166/384 det_cnt 137/384 seg_cnt 81/384 | scores det_seg 0.5514 det_cnt -0.6645 seg_cnt 0.9452
[stage2] epoch 20/50 step 43 | loss 23.1671 | train det 0.0381 seg 0.1143 cnt 21.6811 | shared_pairs det_seg 165/384 det_cnt 145/384 seg_cnt 74/384 | scores det_seg 1.1129 det_cnt -1.7651 seg_cnt -0.5321
[stage2] epoch 20/50 | train 7.5751 | det 0.0847 seg 0.1028 cnt 5.4828 | selected_by_matrix_unit det_seg 6930 det_cnt 6055 seg_cnt 3527
[stage2] epoch 20 | val det 0.4774 seg 0.9913 miou 0.6205 cnt 6.7653 dens 9.745926e-01 mae 5.7907 total_mae 32.3585 | ap50 0.5728 | combo 1.365922
[stage2] epoch 21/50 step 1 | loss 2.8314 | train det 0.0385 seg 0.1074 cnt 1.3941 | shared_pairs det_seg 156/384 det_cnt 151/384 seg_cnt 77/384 | scores det_seg -1.0232 det_cnt -1.6454 seg_cnt -0.1526
[stage2] epoch 21/50 step 2 | loss 9.9724 | train det 0.0144 seg 0.1754 cnt 8.3541 | shared_pairs det_seg 154/384 det_cnt 142/384 seg_cnt 88/384 | scores det_seg -3.3077 det_cnt 0.3685 seg_cnt -0.3604
[stage2] epoch 21/50 step 3 | loss 13.7070 | train det 0.0318 seg 0.0584 cnt 12.7633 | shared_pairs det_seg 145/384 det_cnt 151/384 seg_cnt 88/384 | scores det_seg -3.0430 det_cnt -1.1904 seg_cnt 0.2825
[stage2] epoch 21/50 step 4 | loss 7.2996 | train det 0.0795 seg 0.1315 cnt 5.0553 | shared_pairs det_seg 169/384 det_cnt 153/384 seg_cnt 62/384 | scores det_seg 0.0990 det_cnt 0.7229 seg_cnt -2.6726
[stage2] epoch 21/50 step 5 | loss 5.3783 | train det 0.0371 seg 0.0435 cnt 4.4742 | shared_pairs det_seg 173/384 det_cnt 142/384 seg_cnt 69/384 | scores det_seg -0.3494 det_cnt -1.7708 seg_cnt -3.8009
[stage2] epoch 21/50 step 6 | loss 5.3483 | train det 0.0298 seg 0.0591 cnt 4.4277 | shared_pairs det_seg 164/384 det_cnt 143/384 seg_cnt 77/384 | scores det_seg 1.9046 det_cnt -0.2207 seg_cnt 0.6811
[stage2] epoch 21/50 step 7 | loss 3.2697 | train det 0.0093 seg 0.0999 cnt 2.3309 | shared_pairs det_seg 173/384 det_cnt 139/384 seg_cnt 72/384 | scores det_seg 0.9639 det_cnt 1.3647 seg_cnt -0.8310
[stage2] epoch 21/50 step 8 | loss 4.7493 | train det 0.0651 seg 0.1096 cnt 2.8961 | shared_pairs det_seg 153/384 det_cnt 147/384 seg_cnt 84/384 | scores det_seg -1.1017 det_cnt -0.3140 seg_cnt 0.0833
[stage2] epoch 21/50 step 9 | loss 4.3716 | train det 0.0785 seg 0.1482 cnt 2.0079 | shared_pairs det_seg 151/384 det_cnt 158/384 seg_cnt 75/384 | scores det_seg 0.4391 det_cnt 1.6009 seg_cnt 0.3021
[stage2] epoch 21/50 step 10 | loss 6.0569 | train det 0.0309 seg 0.1079 cnt 4.7306 | shared_pairs det_seg 141/384 det_cnt 148/384 seg_cnt 95/384 | scores det_seg -1.1097 det_cnt 0.4724 seg_cnt 2.3450
[stage2] epoch 21/50 step 11 | loss 3.5865 | train det 0.0243 seg 0.0554 cnt 2.7781 | shared_pairs det_seg 173/384 det_cnt 125/384 seg_cnt 86/384 | scores det_seg -0.6047 det_cnt -3.2726 seg_cnt -1.5317
[stage2] epoch 21/50 step 12 | loss 5.5155 | train det 0.0500 seg 0.1450 cnt 3.6051 | shared_pairs det_seg 161/384 det_cnt 118/384 seg_cnt 105/384 | scores det_seg 1.3417 det_cnt -1.5239 seg_cnt 2.3999
[stage2] epoch 21/50 step 13 | loss 4.7264 | train det 0.0704 seg 0.1308 cnt 2.6237 | shared_pairs det_seg 166/384 det_cnt 124/384 seg_cnt 94/384 | scores det_seg -0.7626 det_cnt -4.0759 seg_cnt 2.1437
[stage2] epoch 21/50 step 14 | loss 5.7802 | train det 0.0300 seg 0.1681 cnt 3.9858 | shared_pairs det_seg 143/384 det_cnt 142/384 seg_cnt 99/384 | scores det_seg -1.8780 det_cnt 0.8134 seg_cnt 0.6523
[stage2] epoch 21/50 step 15 | loss 4.0754 | train det 0.0153 seg 0.1180 cnt 2.9009 | shared_pairs det_seg 137/384 det_cnt 165/384 seg_cnt 82/384 | scores det_seg -1.5995 det_cnt 2.7353 seg_cnt -1.1001
[stage2] epoch 21/50 step 16 | loss 51.8243 | train det 0.0703 seg 0.0658 cnt 50.2438 | shared_pairs det_seg 151/384 det_cnt 151/384 seg_cnt 82/384 | scores det_seg 1.5765 det_cnt 2.3155 seg_cnt -0.9034
[stage2] epoch 21/50 step 17 | loss 6.9404 | train det 0.0220 seg 0.1149 cnt 5.6910 | shared_pairs det_seg 174/384 det_cnt 133/384 seg_cnt 77/384 | scores det_seg 0.4747 det_cnt -2.5098 seg_cnt -1.6546
[stage2] epoch 21/50 step 18 | loss 8.6717 | train det 0.1470 seg 0.0628 cnt 5.9646 | shared_pairs det_seg 167/384 det_cnt 154/384 seg_cnt 63/384 | scores det_seg 2.9772 det_cnt 1.0613 seg_cnt -2.7795
[stage2] epoch 21/50 step 19 | loss 9.7791 | train det 0.1450 seg 0.0717 cnt 7.0304 | shared_pairs det_seg 153/384 det_cnt 137/384 seg_cnt 94/384 | scores det_seg -0.3307 det_cnt -2.5846 seg_cnt 0.6443
[stage2] epoch 21/50 step 20 | loss 5.5825 | train det 0.0821 seg 0.1021 cnt 3.5340 | shared_pairs det_seg 168/384 det_cnt 135/384 seg_cnt 81/384 | scores det_seg 0.1136 det_cnt -2.1432 seg_cnt -0.4751
[stage2] epoch 21/50 step 21 | loss 5.9145 | train det 0.0829 seg 0.1465 cnt 3.4984 | shared_pairs det_seg 150/384 det_cnt 158/384 seg_cnt 76/384 | scores det_seg 2.7168 det_cnt 2.6149 seg_cnt 0.0230
[stage2] epoch 21/50 step 22 | loss 3.6131 | train det 0.0493 seg 0.0853 cnt 2.1910 | shared_pairs det_seg 155/384 det_cnt 141/384 seg_cnt 88/384 | scores det_seg 1.3639 det_cnt -1.3278 seg_cnt 2.6567
[stage2] epoch 21/50 step 23 | loss 3.0794 | train det 0.0333 seg 0.0636 cnt 2.0710 | shared_pairs det_seg 161/384 det_cnt 150/384 seg_cnt 73/384 | scores det_seg -0.1395 det_cnt 2.9683 seg_cnt 0.0049
[stage2] epoch 21/50 step 24 | loss 4.6918 | train det 0.0834 seg 0.1347 cnt 2.3636 | shared_pairs det_seg 166/384 det_cnt 147/384 seg_cnt 71/384 | scores det_seg 3.0178 det_cnt -0.3612 seg_cnt -1.5783
[stage2] epoch 21/50 step 25 | loss 5.9559 | train det 0.1874 seg 0.1458 cnt 1.9784 | shared_pairs det_seg 150/384 det_cnt 161/384 seg_cnt 73/384 | scores det_seg 0.2307 det_cnt 2.9395 seg_cnt -0.4956
[stage2] epoch 21/50 step 26 | loss 8.3261 | train det 0.0746 seg 0.1345 cnt 6.1316 | shared_pairs det_seg 159/384 det_cnt 140/384 seg_cnt 85/384 | scores det_seg -0.5424 det_cnt 1.2223 seg_cnt -1.4611
[stage2] epoch 21/50 step 27 | loss 12.8626 | train det 0.1578 seg 0.0907 cnt 9.7691 | shared_pairs det_seg 169/384 det_cnt 139/384 seg_cnt 76/384 | scores det_seg 0.7203 det_cnt -0.8205 seg_cnt -0.0849
[stage2] epoch 21/50 step 28 | loss 9.8607 | train det 0.1613 seg 0.0735 cnt 6.8523 | shared_pairs det_seg 162/384 det_cnt 135/384 seg_cnt 87/384 | scores det_seg -0.9981 det_cnt -1.6717 seg_cnt 1.9817
[stage2] epoch 21/50 step 29 | loss 6.4050 | train det 0.0181 seg 0.0582 cnt 5.6672 | shared_pairs det_seg 158/384 det_cnt 154/384 seg_cnt 72/384 | scores det_seg -0.3888 det_cnt 0.1726 seg_cnt -0.8472
[stage2] epoch 21/50 step 30 | loss 9.0143 | train det 0.1484 seg 0.0993 cnt 5.9949 | shared_pairs det_seg 142/384 det_cnt 156/384 seg_cnt 86/384 | scores det_seg -0.0835 det_cnt 1.6028 seg_cnt 2.0095
[stage2] epoch 21/50 step 31 | loss 4.3149 | train det 0.1073 seg 0.1125 cnt 1.8057 | shared_pairs det_seg 149/384 det_cnt 147/384 seg_cnt 88/384 | scores det_seg 1.3892 det_cnt 1.4038 seg_cnt 2.5414
[stage2] epoch 21/50 step 32 | loss 5.0108 | train det 0.0301 seg 0.1540 cnt 3.3275 | shared_pairs det_seg 162/384 det_cnt 151/384 seg_cnt 71/384 | scores det_seg 0.5102 det_cnt 1.9590 seg_cnt -0.5653
[stage2] epoch 21/50 step 33 | loss 4.7989 | train det 0.1002 seg 0.1740 cnt 1.9032 | shared_pairs det_seg 150/384 det_cnt 137/384 seg_cnt 97/384 | scores det_seg 1.1076 det_cnt 1.3581 seg_cnt 2.9263
[stage2] epoch 21/50 step 34 | loss 15.6000 | train det 0.4365 seg 0.1335 cnt 7.9851 | shared_pairs det_seg 173/384 det_cnt 132/384 seg_cnt 79/384 | scores det_seg 0.0850 det_cnt -3.1517 seg_cnt 0.9156
[stage2] epoch 21/50 step 35 | loss 4.1559 | train det 0.0526 seg 0.0657 cnt 2.8416 | shared_pairs det_seg 159/384 det_cnt 146/384 seg_cnt 79/384 | scores det_seg 1.0493 det_cnt 0.7936 seg_cnt -0.6073
[stage2] epoch 21/50 step 36 | loss 7.3113 | train det 0.0212 seg 0.0887 cnt 6.2843 | shared_pairs det_seg 171/384 det_cnt 131/384 seg_cnt 82/384 | scores det_seg 0.4118 det_cnt -0.5110 seg_cnt 0.3823
[stage2] epoch 21/50 step 37 | loss 4.6513 | train det 0.0304 seg 0.0932 cnt 3.4492 | shared_pairs det_seg 154/384 det_cnt 155/384 seg_cnt 75/384 | scores det_seg -0.3670 det_cnt 2.4025 seg_cnt -0.3005
[stage2] epoch 21/50 step 38 | loss 5.4808 | train det 0.0208 seg 0.0489 cnt 4.7772 | shared_pairs det_seg 146/384 det_cnt 160/384 seg_cnt 78/384 | scores det_seg 0.2281 det_cnt 2.4286 seg_cnt -3.1177
[stage2] epoch 21/50 step 39 | loss 5.0100 | train det 0.0222 seg 0.2080 cnt 3.0125 | shared_pairs det_seg 164/384 det_cnt 146/384 seg_cnt 74/384 | scores det_seg 1.7891 det_cnt 0.4437 seg_cnt 0.1047
[stage2] epoch 21/50 step 40 | loss 76.2216 | train det 0.0642 seg 0.0960 cnt 74.4904 | shared_pairs det_seg 153/384 det_cnt 143/384 seg_cnt 88/384 | scores det_seg 0.3426 det_cnt -1.3020 seg_cnt -1.2732
[stage2] epoch 21/50 step 41 | loss 7.0660 | train det 0.0463 seg 0.1062 cnt 5.5219 | shared_pairs det_seg 146/384 det_cnt 160/384 seg_cnt 78/384 | scores det_seg -1.6944 det_cnt 0.8127 seg_cnt -0.2986
[stage2] epoch 21/50 step 42 | loss 6.4975 | train det 0.0237 seg 0.0613 cnt 5.6512 | shared_pairs det_seg 161/384 det_cnt 133/384 seg_cnt 90/384 | scores det_seg -2.0314 det_cnt -0.3020 seg_cnt 2.2508
[stage2] epoch 21/50 step 43 | loss 9.2479 | train det 0.0162 seg 0.0892 cnt 8.2918 | shared_pairs det_seg 165/384 det_cnt 148/384 seg_cnt 71/384 | scores det_seg -0.4083 det_cnt -1.4274 seg_cnt -2.0010
[stage2] epoch 21/50 | train 9.1757 | det 0.0707 seg 0.1056 cnt 7.2710 | selected_by_matrix_unit det_seg 6797 det_cnt 6228 seg_cnt 3487
[stage2] epoch 21 | val det 0.4727 seg 1.0021 miou 0.6200 cnt 6.7800 dens 9.847356e-01 mae 5.7953 total_mae 44.8709 | ap50 0.5762 | combo 1.368720
[stage2] epoch 22/50 step 1 | loss 4.9346 | train det 0.1015 seg 0.0776 cnt 2.7917 | shared_pairs det_seg 178/384 det_cnt 137/384 seg_cnt 69/384 | scores det_seg 2.0289 det_cnt -1.1508 seg_cnt -1.2529
[stage2] epoch 22/50 step 2 | loss 7.0165 | train det 0.2387 seg 0.0811 cnt 2.7867 | shared_pairs det_seg 184/384 det_cnt 120/384 seg_cnt 80/384 | scores det_seg 1.2964 det_cnt -1.7643 seg_cnt -0.3677
[stage2] epoch 22/50 step 3 | loss 11.1918 | train det 0.0680 seg 0.1170 cnt 9.2352 | shared_pairs det_seg 187/384 det_cnt 125/384 seg_cnt 72/384 | scores det_seg 0.9684 det_cnt 0.1433 seg_cnt -1.4587
[stage2] epoch 22/50 step 4 | loss 13.0548 | train det 0.1892 seg 0.0646 cnt 9.7002 | shared_pairs det_seg 159/384 det_cnt 147/384 seg_cnt 78/384 | scores det_seg -1.3464 det_cnt -2.3766 seg_cnt 0.0336
[stage2] epoch 22/50 step 5 | loss 13.3653 | train det 0.0952 seg 0.0848 cnt 11.2590 | shared_pairs det_seg 179/384 det_cnt 123/384 seg_cnt 82/384 | scores det_seg -1.0425 det_cnt -1.4340 seg_cnt -0.2200
[stage2] epoch 22/50 step 6 | loss 3.9592 | train det 0.0442 seg 0.0644 cnt 2.7812 | shared_pairs det_seg 149/384 det_cnt 141/384 seg_cnt 94/384 | scores det_seg -2.5500 det_cnt -1.7575 seg_cnt -0.3314
[stage2] epoch 22/50 step 7 | loss 5.4468 | train det 0.1147 seg 0.0792 cnt 3.0931 | shared_pairs det_seg 181/384 det_cnt 128/384 seg_cnt 75/384 | scores det_seg 1.2562 det_cnt -1.9332 seg_cnt -0.4765
[stage2] epoch 22/50 step 8 | loss 8.6620 | train det 0.0423 seg 0.0891 cnt 7.3148 | shared_pairs det_seg 161/384 det_cnt 129/384 seg_cnt 94/384 | scores det_seg -0.3349 det_cnt -1.3239 seg_cnt 1.3166
[stage2] epoch 22/50 step 9 | loss 7.2374 | train det 0.0203 seg 0.0797 cnt 6.2952 | shared_pairs det_seg 177/384 det_cnt 123/384 seg_cnt 84/384 | scores det_seg -1.2935 det_cnt -2.8498 seg_cnt -0.1291
[stage2] epoch 22/50 step 10 | loss 14.7381 | train det 0.1015 seg 0.2464 cnt 11.2441 | shared_pairs det_seg 164/384 det_cnt 128/384 seg_cnt 92/384 | scores det_seg 0.2249 det_cnt -1.6324 seg_cnt -0.8294
[stage2] epoch 22/50 step 11 | loss 5.7882 | train det 0.0999 seg 0.0519 cnt 3.8742 | shared_pairs det_seg 181/384 det_cnt 118/384 seg_cnt 85/384 | scores det_seg 2.4708 det_cnt -2.6468 seg_cnt -1.1622
[stage2] epoch 22/50 step 12 | loss 6.9253 | train det 0.0899 seg 0.1518 cnt 4.3620 | shared_pairs det_seg 159/384 det_cnt 137/384 seg_cnt 88/384 | scores det_seg -0.4940 det_cnt -1.8420 seg_cnt 0.4944
[stage2] epoch 22/50 step 13 | loss 6.2103 | train det 0.0998 seg 0.0516 cnt 4.3005 | shared_pairs det_seg 174/384 det_cnt 128/384 seg_cnt 82/384 | scores det_seg 1.1104 det_cnt -1.0187 seg_cnt -0.5296
[stage2] epoch 22/50 step 14 | loss 7.2338 | train det 0.2654 seg 0.1631 cnt 1.9486 | shared_pairs det_seg 153/384 det_cnt 157/384 seg_cnt 74/384 | scores det_seg -0.4375 det_cnt -0.2530 seg_cnt -2.0095
[stage2] epoch 22/50 step 15 | loss 5.8287 | train det 0.0252 seg 0.1021 cnt 4.6341 | shared_pairs det_seg 160/384 det_cnt 138/384 seg_cnt 86/384 | scores det_seg -2.2162 det_cnt -1.8108 seg_cnt 0.3083
[stage2] epoch 22/50 step 16 | loss 7.6283 | train det 0.0199 seg 0.0885 cnt 6.6226 | shared_pairs det_seg 167/384 det_cnt 144/384 seg_cnt 73/384 | scores det_seg 1.8523 det_cnt 0.1539 seg_cnt -1.4702
[stage2] epoch 22/50 step 17 | loss 4.6570 | train det 0.0455 seg 0.1143 cnt 3.0608 | shared_pairs det_seg 182/384 det_cnt 135/384 seg_cnt 67/384 | scores det_seg 2.3387 det_cnt 0.2250 seg_cnt 0.1189
[stage2] epoch 22/50 step 18 | loss 5.1952 | train det 0.0329 seg 0.1143 cnt 3.7871 | shared_pairs det_seg 163/384 det_cnt 145/384 seg_cnt 76/384 | scores det_seg -0.6575 det_cnt 0.2362 seg_cnt -0.8733
[stage2] epoch 22/50 step 19 | loss 8.5002 | train det 0.3156 seg 0.0858 cnt 3.0793 | shared_pairs det_seg 149/384 det_cnt 146/384 seg_cnt 89/384 | scores det_seg 0.3265 det_cnt 1.4678 seg_cnt 0.6496
[stage2] epoch 22/50 step 20 | loss 5.6911 | train det 0.0595 seg 0.1040 cnt 3.9673 | shared_pairs det_seg 149/384 det_cnt 154/384 seg_cnt 81/384 | scores det_seg -0.6812 det_cnt 1.9424 seg_cnt 0.6595
[stage2] epoch 22/50 step 21 | loss 4.4896 | train det 0.0279 seg 0.0592 cnt 3.5974 | shared_pairs det_seg 153/384 det_cnt 138/384 seg_cnt 93/384 | scores det_seg -1.7370 det_cnt 0.4063 seg_cnt 1.2823
[stage2] epoch 22/50 step 22 | loss 4.0282 | train det 0.0241 seg 0.1055 cnt 2.8232 | shared_pairs det_seg 152/384 det_cnt 141/384 seg_cnt 91/384 | scores det_seg -0.2356 det_cnt 1.4928 seg_cnt 1.6868
[stage2] epoch 22/50 step 23 | loss 10.8148 | train det 0.0774 seg 0.1005 cnt 8.8498 | shared_pairs det_seg 166/384 det_cnt 137/384 seg_cnt 81/384 | scores det_seg -1.6599 det_cnt -0.7825 seg_cnt -0.8969
[stage2] epoch 22/50 step 24 | loss 6.4541 | train det 0.1851 seg 0.0877 cnt 2.9760 | shared_pairs det_seg 161/384 det_cnt 136/384 seg_cnt 87/384 | scores det_seg 1.4741 det_cnt -0.3266 seg_cnt 0.9357
[stage2] epoch 22/50 step 25 | loss 10.4502 | train det 0.0473 seg 0.1140 cnt 8.8281 | shared_pairs det_seg 194/384 det_cnt 124/384 seg_cnt 66/384 | scores det_seg 4.6847 det_cnt -0.7627 seg_cnt -0.9969
[stage2] epoch 22/50 step 26 | loss 7.0611 | train det 0.0815 seg 0.1830 cnt 4.3741 | shared_pairs det_seg 137/384 det_cnt 163/384 seg_cnt 84/384 | scores det_seg -1.1252 det_cnt 4.7098 seg_cnt 0.2522
[stage2] epoch 22/50 step 27 | loss 9.1935 | train det 0.0710 seg 0.0973 cnt 7.3505 | shared_pairs det_seg 161/384 det_cnt 130/384 seg_cnt 93/384 | scores det_seg -0.6152 det_cnt -0.0387 seg_cnt 1.0389
[stage2] epoch 22/50 step 28 | loss 17.7223 | train det 0.0418 seg 0.0594 cnt 16.6203 | shared_pairs det_seg 166/384 det_cnt 155/384 seg_cnt 63/384 | scores det_seg 2.2432 det_cnt 1.0496 seg_cnt -1.4912
[stage2] epoch 22/50 step 29 | loss 12.3947 | train det 0.0349 seg 0.2282 cnt 10.0460 | shared_pairs det_seg 161/384 det_cnt 129/384 seg_cnt 94/384 | scores det_seg 0.1222 det_cnt -2.6763 seg_cnt -0.3591
[stage2] epoch 22/50 step 30 | loss 3.4859 | train det 0.0252 seg 0.0528 cnt 2.6854 | shared_pairs det_seg 180/384 det_cnt 131/384 seg_cnt 73/384 | scores det_seg 1.2554 det_cnt 0.4265 seg_cnt -1.8893
[stage2] epoch 22/50 step 31 | loss 4.1000 | train det 0.0325 seg 0.1135 cnt 2.7042 | shared_pairs det_seg 176/384 det_cnt 128/384 seg_cnt 80/384 | scores det_seg 2.9279 det_cnt 0.3616 seg_cnt -0.7342
[stage2] epoch 22/50 step 32 | loss 7.1018 | train det 0.0460 seg 0.0429 cnt 6.0689 | shared_pairs det_seg 181/384 det_cnt 125/384 seg_cnt 78/384 | scores det_seg 2.8172 det_cnt -2.9889 seg_cnt -1.4412
[stage2] epoch 22/50 step 33 | loss 8.2991 | train det 0.1722 seg 0.0964 cnt 4.9446 | shared_pairs det_seg 172/384 det_cnt 133/384 seg_cnt 79/384 | scores det_seg -0.8380 det_cnt -1.6672 seg_cnt -2.6289
[stage2] epoch 22/50 step 34 | loss 10.5327 | train det 0.0722 seg 0.1158 cnt 8.5238 | shared_pairs det_seg 145/384 det_cnt 147/384 seg_cnt 92/384 | scores det_seg 0.4443 det_cnt 2.0863 seg_cnt 2.3555
[stage2] epoch 22/50 step 35 | loss 5.5934 | train det 0.1043 seg 0.0902 cnt 3.3073 | shared_pairs det_seg 182/384 det_cnt 128/384 seg_cnt 74/384 | scores det_seg 1.4565 det_cnt 1.0056 seg_cnt 0.5915
[stage2] epoch 22/50 step 36 | loss 7.4964 | train det 0.1954 seg 0.1109 cnt 3.6782 | shared_pairs det_seg 154/384 det_cnt 143/384 seg_cnt 87/384 | scores det_seg -0.5594 det_cnt 2.0660 seg_cnt 0.4009
[stage2] epoch 22/50 step 37 | loss 6.9137 | train det 0.0907 seg 0.1310 cnt 4.5051 | shared_pairs det_seg 163/384 det_cnt 142/384 seg_cnt 79/384 | scores det_seg -1.4804 det_cnt -0.0079 seg_cnt 1.4604
[stage2] epoch 22/50 step 38 | loss 7.2036 | train det 0.2499 seg 0.0940 cnt 2.7027 | shared_pairs det_seg 152/384 det_cnt 150/384 seg_cnt 82/384 | scores det_seg -1.0493 det_cnt 1.0275 seg_cnt 0.6224
[stage2] epoch 22/50 step 39 | loss 5.8797 | train det 0.0711 seg 0.0841 cnt 4.1400 | shared_pairs det_seg 177/384 det_cnt 140/384 seg_cnt 67/384 | scores det_seg 0.1924 det_cnt -1.0045 seg_cnt -0.7480
[stage2] epoch 22/50 step 40 | loss 9.5831 | train det 0.1957 seg 0.0670 cnt 6.1118 | shared_pairs det_seg 147/384 det_cnt 166/384 seg_cnt 71/384 | scores det_seg -0.2381 det_cnt 0.6204 seg_cnt -1.6181
[stage2] epoch 22/50 step 41 | loss 6.2607 | train det 0.0789 seg 0.1404 cnt 3.9537 | shared_pairs det_seg 153/384 det_cnt 152/384 seg_cnt 79/384 | scores det_seg -0.7455 det_cnt 2.7920 seg_cnt -1.4127
[stage2] epoch 22/50 step 42 | loss 4.0503 | train det 0.0313 seg 0.0589 cnt 3.1091 | shared_pairs det_seg 188/384 det_cnt 124/384 seg_cnt 72/384 | scores det_seg 1.3996 det_cnt -0.9352 seg_cnt -1.9776
[stage2] epoch 22/50 step 43 | loss 5.1396 | train det 0.0891 seg 0.0171 cnt 3.6659 | shared_pairs det_seg 151/384 det_cnt 146/384 seg_cnt 87/384 | scores det_seg -1.4640 det_cnt 1.1673 seg_cnt 1.0863
[stage2] epoch 22/50 | train 7.6166 | det 0.0957 seg 0.0991 cnt 5.3885 | selected_by_matrix_unit det_seg 7128 det_cnt 5911 seg_cnt 3473
[stage2] epoch 22 | val det 0.5007 seg 1.0053 miou 0.6204 cnt 5.6710 dens 9.699915e-01 mae 4.7010 total_mae 25.3589 | ap50 0.5718 | combo 1.404874
[stage2] epoch 23/50 step 1 | loss 8.5980 | train det 0.2269 seg 0.1091 cnt 4.3212 | shared_pairs det_seg 176/384 det_cnt 128/384 seg_cnt 80/384 | scores det_seg 1.5970 det_cnt -3.2017 seg_cnt -1.0502
[stage2] epoch 23/50 step 2 | loss 5.2701 | train det 0.0247 seg 0.1499 cnt 3.7000 | shared_pairs det_seg 156/384 det_cnt 157/384 seg_cnt 71/384 | scores det_seg 0.5343 det_cnt 1.6432 seg_cnt -0.5225
[stage2] epoch 23/50 step 3 | loss 11.5248 | train det 0.1773 seg 0.0754 cnt 8.2620 | shared_pairs det_seg 166/384 det_cnt 140/384 seg_cnt 78/384 | scores det_seg 0.0169 det_cnt 1.9908 seg_cnt -1.6947
[stage2] epoch 23/50 step 4 | loss 5.8857 | train det 0.0824 seg 0.0849 cnt 3.9712 | shared_pairs det_seg 157/384 det_cnt 142/384 seg_cnt 85/384 | scores det_seg 0.5964 det_cnt 0.9961 seg_cnt -0.3875
[stage2] epoch 23/50 step 5 | loss 6.9867 | train det 0.0477 seg 0.0617 cnt 5.7783 | shared_pairs det_seg 165/384 det_cnt 138/384 seg_cnt 81/384 | scores det_seg -1.0892 det_cnt -2.6149 seg_cnt -0.8676
[stage2] epoch 23/50 step 6 | loss 6.7618 | train det 0.0449 seg 0.0613 cnt 5.5978 | shared_pairs det_seg 149/384 det_cnt 139/384 seg_cnt 96/384 | scores det_seg -0.9586 det_cnt -1.3890 seg_cnt 0.4208
[stage2] epoch 23/50 step 7 | loss 5.3909 | train det 0.0292 seg 0.0477 cnt 4.5711 | shared_pairs det_seg 151/384 det_cnt 147/384 seg_cnt 86/384 | scores det_seg 0.2722 det_cnt 1.8348 seg_cnt 1.9533
[stage2] epoch 23/50 step 8 | loss 7.6990 | train det 0.0256 seg 0.0743 cnt 6.7200 | shared_pairs det_seg 175/384 det_cnt 135/384 seg_cnt 74/384 | scores det_seg 3.0421 det_cnt 0.2482 seg_cnt -0.2501
[stage2] epoch 23/50 step 9 | loss 5.2766 | train det 0.1638 seg 0.0684 cnt 2.2729 | shared_pairs det_seg 178/384 det_cnt 136/384 seg_cnt 70/384 | scores det_seg 0.3608 det_cnt -0.0523 seg_cnt 0.2988
[stage2] epoch 23/50 step 10 | loss 7.1577 | train det 0.0615 seg 0.0431 cnt 5.8908 | shared_pairs det_seg 164/384 det_cnt 147/384 seg_cnt 73/384 | scores det_seg 1.7515 det_cnt 2.6538 seg_cnt -0.6478
[stage2] epoch 23/50 step 11 | loss 4.1065 | train det 0.0122 seg 0.1333 cnt 2.8565 | shared_pairs det_seg 154/384 det_cnt 151/384 seg_cnt 79/384 | scores det_seg 1.2875 det_cnt 0.2287 seg_cnt 1.8604
[stage2] epoch 23/50 step 12 | loss 4.0926 | train det 0.0292 seg 0.0901 cnt 2.9333 | shared_pairs det_seg 158/384 det_cnt 151/384 seg_cnt 75/384 | scores det_seg 0.6117 det_cnt 1.2171 seg_cnt -2.8233
[stage2] epoch 23/50 step 13 | loss 5.4441 | train det 0.0606 seg 0.1251 cnt 3.5337 | shared_pairs det_seg 155/384 det_cnt 145/384 seg_cnt 84/384 | scores det_seg -1.7982 det_cnt -1.2474 seg_cnt -0.7891
[stage2] epoch 23/50 step 14 | loss 4.9411 | train det 0.0799 seg 0.1822 cnt 2.2848 | shared_pairs det_seg 182/384 det_cnt 132/384 seg_cnt 70/384 | scores det_seg -1.6634 det_cnt -1.8709 seg_cnt 0.0832
[stage2] epoch 23/50 step 15 | loss 4.9443 | train det 0.0290 seg 0.1321 cnt 3.4527 | shared_pairs det_seg 172/384 det_cnt 118/384 seg_cnt 94/384 | scores det_seg 0.8801 det_cnt -0.6372 seg_cnt 0.5570
[stage2] epoch 23/50 step 16 | loss 5.5119 | train det 0.0609 seg 0.1878 cnt 3.0969 | shared_pairs det_seg 153/384 det_cnt 155/384 seg_cnt 76/384 | scores det_seg -1.5804 det_cnt 1.4842 seg_cnt -0.9454
[stage2] epoch 23/50 step 17 | loss 4.9432 | train det 0.0483 seg 0.0866 cnt 3.5257 | shared_pairs det_seg 172/384 det_cnt 140/384 seg_cnt 72/384 | scores det_seg 2.3558 det_cnt 1.4659 seg_cnt 0.1870
[stage2] epoch 23/50 step 18 | loss 5.3332 | train det 0.0320 seg 0.0784 cnt 4.2262 | shared_pairs det_seg 182/384 det_cnt 127/384 seg_cnt 75/384 | scores det_seg 3.6890 det_cnt -1.1887 seg_cnt 0.2428
[stage2] epoch 23/50 step 19 | loss 5.6851 | train det 0.0210 seg 0.1134 cnt 4.4625 | shared_pairs det_seg 167/384 det_cnt 139/384 seg_cnt 78/384 | scores det_seg 0.3994 det_cnt 1.3399 seg_cnt -1.2491
[stage2] epoch 23/50 step 20 | loss 4.6512 | train det 0.0864 seg 0.0639 cnt 2.8447 | shared_pairs det_seg 152/384 det_cnt 138/384 seg_cnt 94/384 | scores det_seg -1.1128 det_cnt 0.9422 seg_cnt -0.1258
[stage2] epoch 23/50 step 21 | loss 9.4705 | train det 0.0823 seg 0.1311 cnt 7.1871 | shared_pairs det_seg 175/384 det_cnt 127/384 seg_cnt 82/384 | scores det_seg 1.9760 det_cnt -0.4977 seg_cnt 0.4807
[stage2] epoch 23/50 step 22 | loss 4.5538 | train det 0.1131 seg 0.2027 cnt 1.2366 | shared_pairs det_seg 164/384 det_cnt 126/384 seg_cnt 94/384 | scores det_seg 0.1525 det_cnt -2.4225 seg_cnt 0.7712
[stage2] epoch 23/50 step 23 | loss 7.1623 | train det 0.0579 seg 0.1394 cnt 5.1786 | shared_pairs det_seg 162/384 det_cnt 142/384 seg_cnt 80/384 | scores det_seg 1.3464 det_cnt -2.2324 seg_cnt 0.4251
[stage2] epoch 23/50 step 24 | loss 4.9570 | train det 0.0327 seg 0.0746 cnt 3.8703 | shared_pairs det_seg 184/384 det_cnt 132/384 seg_cnt 68/384 | scores det_seg 2.7640 det_cnt 0.2524 seg_cnt -0.9116
[stage2] epoch 23/50 step 25 | loss 8.6760 | train det 0.2353 seg 0.2308 cnt 3.3001 | shared_pairs det_seg 151/384 det_cnt 150/384 seg_cnt 83/384 | scores det_seg -0.2594 det_cnt 1.0620 seg_cnt 0.6006
[stage2] epoch 23/50 step 26 | loss 5.5698 | train det 0.0638 seg 0.1481 cnt 3.4282 | shared_pairs det_seg 184/384 det_cnt 123/384 seg_cnt 77/384 | scores det_seg 2.0857 det_cnt -0.8405 seg_cnt 0.4413
[stage2] epoch 23/50 step 27 | loss 9.1814 | train det 0.0405 seg 0.1197 cnt 7.6158 | shared_pairs det_seg 151/384 det_cnt 156/384 seg_cnt 77/384 | scores det_seg -0.1651 det_cnt 3.3788 seg_cnt 0.8995
[stage2] epoch 23/50 step 28 | loss 4.7424 | train det 0.0320 seg 0.1903 cnt 2.7402 | shared_pairs det_seg 153/384 det_cnt 144/384 seg_cnt 87/384 | scores det_seg -1.1691 det_cnt -0.6669 seg_cnt -0.9282
[stage2] epoch 23/50 step 29 | loss 8.1668 | train det 0.0472 seg 0.1872 cnt 5.9610 | shared_pairs det_seg 137/384 det_cnt 153/384 seg_cnt 94/384 | scores det_seg -3.0479 det_cnt 0.0242 seg_cnt 1.2853
[stage2] epoch 23/50 step 30 | loss 4.7539 | train det 0.0424 seg 0.0704 cnt 3.5552 | shared_pairs det_seg 155/384 det_cnt 129/384 seg_cnt 100/384 | scores det_seg -0.9197 det_cnt -1.0988 seg_cnt 0.8537
[stage2] epoch 23/50 step 31 | loss 6.9523 | train det 0.0394 seg 0.1642 cnt 5.0479 | shared_pairs det_seg 165/384 det_cnt 150/384 seg_cnt 69/384 | scores det_seg 0.0731 det_cnt -0.4707 seg_cnt -1.4454
[stage2] epoch 23/50 step 32 | loss 6.0094 | train det 0.0587 seg 0.0684 cnt 4.5807 | shared_pairs det_seg 141/384 det_cnt 151/384 seg_cnt 92/384 | scores det_seg -2.5681 det_cnt 2.3428 seg_cnt 1.6003
[stage2] epoch 23/50 step 33 | loss 6.3994 | train det 0.1424 seg 0.1162 cnt 3.3343 | shared_pairs det_seg 169/384 det_cnt 120/384 seg_cnt 95/384 | scores det_seg -0.5189 det_cnt -2.5383 seg_cnt 0.7273
[stage2] epoch 23/50 step 34 | loss 5.6443 | train det 0.0468 seg 0.1469 cnt 3.7668 | shared_pairs det_seg 149/384 det_cnt 151/384 seg_cnt 84/384 | scores det_seg 2.2780 det_cnt -1.3899 seg_cnt 1.0392
[stage2] epoch 23/50 step 35 | loss 5.3661 | train det 0.0574 seg 0.1410 cnt 3.3765 | shared_pairs det_seg 172/384 det_cnt 142/384 seg_cnt 70/384 | scores det_seg 3.6761 det_cnt -0.4395 seg_cnt -1.2459
[stage2] epoch 23/50 step 36 | loss 4.5494 | train det 0.0304 seg 0.1251 cnt 3.0917 | shared_pairs det_seg 152/384 det_cnt 141/384 seg_cnt 91/384 | scores det_seg -0.1564 det_cnt 1.7582 seg_cnt 2.5608
[stage2] epoch 23/50 step 37 | loss 5.9513 | train det 0.1501 seg 0.0843 cnt 3.0252 | shared_pairs det_seg 167/384 det_cnt 130/384 seg_cnt 87/384 | scores det_seg -1.8191 det_cnt -1.5943 seg_cnt 1.1241
[stage2] epoch 23/50 step 38 | loss 3.6538 | train det 0.0310 seg 0.1022 cnt 2.3721 | shared_pairs det_seg 182/384 det_cnt 137/384 seg_cnt 65/384 | scores det_seg -0.7244 det_cnt -0.3164 seg_cnt -1.3060
[stage2] epoch 23/50 step 39 | loss 6.0928 | train det 0.1473 seg 0.0937 cnt 3.1340 | shared_pairs det_seg 155/384 det_cnt 145/384 seg_cnt 84/384 | scores det_seg -0.0429 det_cnt 1.9228 seg_cnt -0.6025
[stage2] epoch 23/50 step 40 | loss 4.9860 | train det 0.1076 seg 0.0568 cnt 2.9166 | shared_pairs det_seg 170/384 det_cnt 149/384 seg_cnt 65/384 | scores det_seg 0.9402 det_cnt 2.8149 seg_cnt 0.0825
[stage2] epoch 23/50 step 41 | loss 6.0878 | train det 0.0464 seg 0.1205 cnt 4.4278 | shared_pairs det_seg 160/384 det_cnt 128/384 seg_cnt 96/384 | scores det_seg -1.7841 det_cnt -1.7828 seg_cnt 0.2214
[stage2] epoch 23/50 step 42 | loss 5.3129 | train det 0.0359 seg 0.0709 cnt 4.2068 | shared_pairs det_seg 147/384 det_cnt 159/384 seg_cnt 78/384 | scores det_seg 1.1971 det_cnt 2.3765 seg_cnt 2.3856
[stage2] epoch 23/50 step 43 | loss 6.3117 | train det 0.0455 seg 0.0676 cnt 5.0884 | shared_pairs det_seg 173/384 det_cnt 132/384 seg_cnt 79/384 | scores det_seg 1.1894 det_cnt -0.7336 seg_cnt -0.5246
[stage2] epoch 23/50 | train 6.0641 | det 0.0705 seg 0.1121 cnt 4.1103 | selected_by_matrix_unit det_seg 7002 det_cnt 6022 seg_cnt 3488
[stage2] epoch 23 | val det 0.4691 seg 1.0276 miou 0.6216 cnt 7.3613 dens 9.734612e-01 mae 6.3878 total_mae 36.0239 | ap50 0.5714 | combo 1.349539
[stage2] epoch 24/50 step 1 | loss 3.6473 | train det 0.0813 seg 0.1389 cnt 1.3167 | shared_pairs det_seg 142/384 det_cnt 154/384 seg_cnt 88/384 | scores det_seg 1.0777 det_cnt 2.2280 seg_cnt -1.7578
[stage2] epoch 24/50 step 2 | loss 6.8985 | train det 0.0608 seg 0.1578 cnt 4.7245 | shared_pairs det_seg 161/384 det_cnt 144/384 seg_cnt 79/384 | scores det_seg 0.1995 det_cnt 1.2595 seg_cnt -1.6223
[stage2] epoch 24/50 step 3 | loss 8.7646 | train det 0.3851 seg 0.1559 cnt 1.7404 | shared_pairs det_seg 181/384 det_cnt 122/384 seg_cnt 81/384 | scores det_seg 2.6350 det_cnt -2.4855 seg_cnt -0.7103
[stage2] epoch 24/50 step 4 | loss 4.4072 | train det 0.0225 seg 0.1444 cnt 2.9146 | shared_pairs det_seg 153/384 det_cnt 140/384 seg_cnt 91/384 | scores det_seg 1.1224 det_cnt 0.7605 seg_cnt 2.1356
[stage2] epoch 24/50 step 5 | loss 3.8197 | train det 0.0400 seg 0.0895 cnt 2.5043 | shared_pairs det_seg 176/384 det_cnt 139/384 seg_cnt 69/384 | scores det_seg 3.9840 det_cnt 1.8445 seg_cnt -0.3156
[stage2] epoch 24/50 step 6 | loss 31.4824 | train det 0.1962 seg 0.0706 cnt 27.9749 | shared_pairs det_seg 145/384 det_cnt 156/384 seg_cnt 83/384 | scores det_seg -0.7999 det_cnt 1.6436 seg_cnt 2.4870
[stage2] epoch 24/50 step 7 | loss 5.2754 | train det 0.0709 seg 0.0354 cnt 3.9278 | shared_pairs det_seg 158/384 det_cnt 137/384 seg_cnt 89/384 | scores det_seg 0.3145 det_cnt 1.1760 seg_cnt 1.7440
[stage2] epoch 24/50 step 8 | loss 6.5738 | train det 0.0777 seg 0.1304 cnt 4.3644 | shared_pairs det_seg 149/384 det_cnt 150/384 seg_cnt 85/384 | scores det_seg -0.4237 det_cnt 1.3505 seg_cnt -0.4714
[stage2] epoch 24/50 step 9 | loss 3.5955 | train det 0.0319 seg 0.0947 cnt 2.3592 | shared_pairs det_seg 157/384 det_cnt 152/384 seg_cnt 75/384 | scores det_seg -1.0782 det_cnt 1.3398 seg_cnt -2.3885
[stage2] epoch 24/50 step 10 | loss 5.1835 | train det 0.0456 seg 0.1680 cnt 3.1550 | shared_pairs det_seg 154/384 det_cnt 136/384 seg_cnt 94/384 | scores det_seg -0.3180 det_cnt 0.4271 seg_cnt 1.7211
[stage2] epoch 24/50 step 11 | loss 5.9270 | train det 0.0496 seg 0.0855 cnt 4.4986 | shared_pairs det_seg 164/384 det_cnt 140/384 seg_cnt 80/384 | scores det_seg 2.0672 det_cnt 1.5565 seg_cnt -0.1891
[stage2] epoch 24/50 step 12 | loss 5.2434 | train det 0.1154 seg 0.1001 cnt 2.7122 | shared_pairs det_seg 158/384 det_cnt 126/384 seg_cnt 100/384 | scores det_seg -0.4851 det_cnt -1.0201 seg_cnt 1.2308
[stage2] epoch 24/50 step 13 | loss 5.3683 | train det 0.0623 seg 0.1149 cnt 3.5144 | shared_pairs det_seg 137/384 det_cnt 163/384 seg_cnt 84/384 | scores det_seg -2.0918 det_cnt 2.3345 seg_cnt 0.5909
[stage2] epoch 24/50 step 14 | loss 5.9098 | train det 0.1274 seg 0.0691 cnt 3.4463 | shared_pairs det_seg 168/384 det_cnt 140/384 seg_cnt 76/384 | scores det_seg -0.1899 det_cnt -0.3986 seg_cnt -1.8500
[stage2] epoch 24/50 step 15 | loss 6.3432 | train det 0.1296 seg 0.0924 cnt 3.6605 | shared_pairs det_seg 149/384 det_cnt 152/384 seg_cnt 83/384 | scores det_seg 0.0735 det_cnt 0.9057 seg_cnt 0.9006
[stage2] epoch 24/50 step 16 | loss 5.2353 | train det 0.1109 seg 0.1364 cnt 2.4816 | shared_pairs det_seg 170/384 det_cnt 149/384 seg_cnt 65/384 | scores det_seg 2.9713 det_cnt 1.1381 seg_cnt -1.0023
[stage2] epoch 24/50 step 17 | loss 4.7118 | train det 0.0299 seg 0.0644 cnt 3.7475 | shared_pairs det_seg 155/384 det_cnt 140/384 seg_cnt 89/384 | scores det_seg -1.3164 det_cnt -0.8587 seg_cnt 0.7256
[stage2] epoch 24/50 step 18 | loss 8.2384 | train det 0.0703 seg 0.0876 cnt 6.4825 | shared_pairs det_seg 162/384 det_cnt 145/384 seg_cnt 77/384 | scores det_seg 0.1184 det_cnt -0.9996 seg_cnt -1.6579
[stage2] epoch 24/50 step 19 | loss 4.0623 | train det 0.0126 seg 0.1331 cnt 2.8085 | shared_pairs det_seg 155/384 det_cnt 147/384 seg_cnt 82/384 | scores det_seg -1.9370 det_cnt -0.8847 seg_cnt 1.2167
[stage2] epoch 24/50 step 20 | loss 5.4105 | train det 0.0207 seg 0.1325 cnt 4.0402 | shared_pairs det_seg 171/384 det_cnt 126/384 seg_cnt 87/384 | scores det_seg -0.5464 det_cnt -2.2015 seg_cnt 0.8664
[stage2] epoch 24/50 step 21 | loss 7.5011 | train det 0.0560 seg 0.1451 cnt 5.5006 | shared_pairs det_seg 176/384 det_cnt 133/384 seg_cnt 75/384 | scores det_seg 0.7880 det_cnt -1.6380 seg_cnt -0.6030
[stage2] epoch 24/50 step 22 | loss 6.5524 | train det 0.0284 seg 0.1347 cnt 5.0496 | shared_pairs det_seg 186/384 det_cnt 113/384 seg_cnt 85/384 | scores det_seg 2.1504 det_cnt -4.9233 seg_cnt 0.2291
[stage2] epoch 24/50 step 23 | loss 3.4973 | train det 0.0249 seg 0.0883 cnt 2.4177 | shared_pairs det_seg 160/384 det_cnt 149/384 seg_cnt 75/384 | scores det_seg 0.7868 det_cnt 0.1899 seg_cnt 1.1266
[stage2] epoch 24/50 step 24 | loss 5.6657 | train det 0.0325 seg 0.1565 cnt 3.9269 | shared_pairs det_seg 156/384 det_cnt 147/384 seg_cnt 81/384 | scores det_seg -1.2634 det_cnt 2.5395 seg_cnt 2.3958
[stage2] epoch 24/50 step 25 | loss 1.8439 | train det 0.0292 seg 0.0719 cnt 0.8310 | shared_pairs det_seg 169/384 det_cnt 134/384 seg_cnt 81/384 | scores det_seg -0.5926 det_cnt -2.5563 seg_cnt -0.9430
[stage2] epoch 24/50 step 26 | loss 5.3240 | train det 0.0371 seg 0.0397 cnt 4.4500 | shared_pairs det_seg 174/384 det_cnt 132/384 seg_cnt 78/384 | scores det_seg 1.9141 det_cnt -0.6132 seg_cnt -0.8794
[stage2] epoch 24/50 step 27 | loss 3.6134 | train det 0.0928 seg 0.0534 cnt 1.7942 | shared_pairs det_seg 174/384 det_cnt 123/384 seg_cnt 87/384 | scores det_seg 4.4266 det_cnt 1.4234 seg_cnt 3.3923
[stage2] epoch 24/50 step 28 | loss 4.4329 | train det 0.0246 seg 0.1149 cnt 3.1451 | shared_pairs det_seg 175/384 det_cnt 126/384 seg_cnt 83/384 | scores det_seg 2.9796 det_cnt 0.2155 seg_cnt 1.5123
[stage2] epoch 24/50 step 29 | loss 4.7905 | train det 0.0467 seg 0.0848 cnt 3.4115 | shared_pairs det_seg 144/384 det_cnt 159/384 seg_cnt 81/384 | scores det_seg 1.9625 det_cnt 3.0118 seg_cnt 1.1234
[stage2] epoch 24/50 step 30 | loss 39.7575 | train det 0.0218 seg 0.0986 cnt 38.6413 | shared_pairs det_seg 163/384 det_cnt 155/384 seg_cnt 66/384 | scores det_seg 2.7166 det_cnt 0.7325 seg_cnt -1.0076
[stage2] epoch 24/50 step 31 | loss 4.9620 | train det 0.0445 seg 0.1047 cnt 3.4565 | shared_pairs det_seg 152/384 det_cnt 159/384 seg_cnt 73/384 | scores det_seg -1.0067 det_cnt 5.4267 seg_cnt -0.2008
[stage2] epoch 24/50 step 32 | loss 6.1151 | train det 0.0303 seg 0.1014 cnt 4.8502 | shared_pairs det_seg 149/384 det_cnt 156/384 seg_cnt 79/384 | scores det_seg -3.9208 det_cnt -0.2626 seg_cnt -1.1459
[stage2] epoch 24/50 step 33 | loss 5.6393 | train det 0.0717 seg 0.1078 cnt 3.7009 | shared_pairs det_seg 142/384 det_cnt 161/384 seg_cnt 81/384 | scores det_seg 0.5200 det_cnt 2.0325 seg_cnt -0.7636
[stage2] epoch 24/50 step 34 | loss 3.6489 | train det 0.0200 seg 0.0860 cnt 2.6614 | shared_pairs det_seg 178/384 det_cnt 142/384 seg_cnt 64/384 | scores det_seg 3.8703 det_cnt 1.3741 seg_cnt -1.5726
[stage2] epoch 24/50 step 35 | loss 5.1181 | train det 0.1126 seg 0.0664 cnt 2.8974 | shared_pairs det_seg 157/384 det_cnt 141/384 seg_cnt 86/384 | scores det_seg -0.2095 det_cnt -3.8356 seg_cnt 0.3407
[stage2] epoch 24/50 step 36 | loss 5.0876 | train det 0.1357 seg 0.0899 cnt 2.3334 | shared_pairs det_seg 151/384 det_cnt 143/384 seg_cnt 90/384 | scores det_seg -0.0032 det_cnt 0.5286 seg_cnt 0.0520
[stage2] epoch 24/50 step 37 | loss 7.2750 | train det 0.0874 seg 0.1191 cnt 5.0113 | shared_pairs det_seg 161/384 det_cnt 145/384 seg_cnt 78/384 | scores det_seg -1.4508 det_cnt 0.0098 seg_cnt 0.0682
[stage2] epoch 24/50 step 38 | loss 5.6053 | train det 0.0475 seg 0.1574 cnt 3.6335 | shared_pairs det_seg 152/384 det_cnt 141/384 seg_cnt 91/384 | scores det_seg 0.0923 det_cnt -0.2654 seg_cnt -0.5310
[stage2] epoch 24/50 step 39 | loss 13.2449 | train det 0.4111 seg 0.1521 cnt 5.8616 | shared_pairs det_seg 159/384 det_cnt 145/384 seg_cnt 80/384 | scores det_seg 1.1547 det_cnt 1.5584 seg_cnt 0.0899
[stage2] epoch 24/50 step 40 | loss 4.6280 | train det 0.0297 seg 0.0878 cnt 3.4797 | shared_pairs det_seg 158/384 det_cnt 144/384 seg_cnt 82/384 | scores det_seg -0.4677 det_cnt 0.7330 seg_cnt 0.5098
[stage2] epoch 24/50 step 41 | loss 4.9394 | train det 0.0527 seg 0.0544 cnt 3.7136 | shared_pairs det_seg 149/384 det_cnt 140/384 seg_cnt 95/384 | scores det_seg -1.1549 det_cnt -0.6059 seg_cnt 1.9905
[stage2] epoch 24/50 step 42 | loss 11.9715 | train det 0.1962 seg 0.0948 cnt 8.2701 | shared_pairs det_seg 158/384 det_cnt 150/384 seg_cnt 76/384 | scores det_seg 0.6508 det_cnt 1.5886 seg_cnt 0.1027
[stage2] epoch 24/50 step 43 | loss 4.6711 | train det 0.0697 seg 0.0611 cnt 3.1371 | shared_pairs det_seg 155/384 det_cnt 155/384 seg_cnt 74/384 | scores det_seg 0.8622 det_cnt -0.2424 seg_cnt -0.1473
[stage2] epoch 24/50 | train 7.0229 | det 0.0801 seg 0.1040 cnt 4.9895 | selected_by_matrix_unit det_seg 6863 det_cnt 6151 seg_cnt 3498
[stage2] epoch 24 | val det 0.4817 seg 1.0172 miou 0.6213 cnt 5.3198 dens 9.767259e-01 mae 4.3431 total_mae 26.4485 | ap50 0.5726 | combo 1.424115
[stage2] epoch 25/50 step 1 | loss 4.3347 | train det 0.0601 seg 0.0810 cnt 2.7858 | shared_pairs det_seg 166/384 det_cnt 152/384 seg_cnt 66/384 | scores det_seg -0.9105 det_cnt -1.6659 seg_cnt -1.4346
[stage2] epoch 25/50 step 2 | loss 4.2419 | train det 0.0194 seg 0.0758 cnt 3.3455 | shared_pairs det_seg 160/384 det_cnt 137/384 seg_cnt 87/384 | scores det_seg -0.3746 det_cnt -0.7453 seg_cnt -0.4365
[stage2] epoch 25/50 step 3 | loss 17.5215 | train det 0.8292 seg 0.1465 cnt 3.9116 | shared_pairs det_seg 158/384 det_cnt 142/384 seg_cnt 84/384 | scores det_seg -0.8564 det_cnt -1.4261 seg_cnt -1.0464
[stage2] epoch 25/50 step 4 | loss 5.1493 | train det 0.0734 seg 0.0473 cnt 3.6704 | shared_pairs det_seg 168/384 det_cnt 136/384 seg_cnt 80/384 | scores det_seg 0.8656 det_cnt -1.5673 seg_cnt 0.4316
[stage2] epoch 25/50 step 5 | loss 5.4827 | train det 0.0147 seg 0.1932 cnt 3.7169 | shared_pairs det_seg 169/384 det_cnt 129/384 seg_cnt 86/384 | scores det_seg 0.5856 det_cnt -2.1963 seg_cnt 0.2627
[stage2] epoch 25/50 step 6 | loss 3.9656 | train det 0.0305 seg 0.1387 cnt 2.3990 | shared_pairs det_seg 169/384 det_cnt 131/384 seg_cnt 84/384 | scores det_seg 1.0444 det_cnt -0.7170 seg_cnt 1.0161
[stage2] epoch 25/50 step 7 | loss 12.6694 | train det 0.3781 seg 0.0896 cnt 6.2809 | shared_pairs det_seg 168/384 det_cnt 148/384 seg_cnt 68/384 | scores det_seg 1.4125 det_cnt 1.8482 seg_cnt -2.0721
[stage2] epoch 25/50 step 8 | loss 5.2744 | train det 0.0334 seg 0.1513 cnt 3.5629 | shared_pairs det_seg 163/384 det_cnt 133/384 seg_cnt 88/384 | scores det_seg 1.2572 det_cnt -2.1177 seg_cnt 0.5944
[stage2] epoch 25/50 step 9 | loss 10.6726 | train det 0.0446 seg 0.0668 cnt 9.4696 | shared_pairs det_seg 172/384 det_cnt 140/384 seg_cnt 72/384 | scores det_seg 1.9705 det_cnt -0.9763 seg_cnt -1.5905
[stage2] epoch 25/50 step 10 | loss 4.3752 | train det 0.0503 seg 0.1630 cnt 2.3160 | shared_pairs det_seg 169/384 det_cnt 132/384 seg_cnt 83/384 | scores det_seg 1.5405 det_cnt 0.8966 seg_cnt -0.1995
[stage2] epoch 25/50 step 11 | loss 6.1734 | train det 0.0263 seg 0.0933 cnt 5.0325 | shared_pairs det_seg 184/384 det_cnt 127/384 seg_cnt 73/384 | scores det_seg 1.5197 det_cnt -1.6665 seg_cnt 1.0198
[stage2] epoch 25/50 step 12 | loss 4.8528 | train det 0.0151 seg 0.0421 cnt 4.2890 | shared_pairs det_seg 166/384 det_cnt 129/384 seg_cnt 89/384 | scores det_seg -0.3885 det_cnt -1.5802 seg_cnt 0.0570
[stage2] epoch 25/50 step 13 | loss 7.2750 | train det 0.0277 seg 0.1301 cnt 5.8184 | shared_pairs det_seg 171/384 det_cnt 138/384 seg_cnt 75/384 | scores det_seg 1.4767 det_cnt -2.4689 seg_cnt -0.9102
[stage2] epoch 25/50 step 14 | loss 6.5939 | train det 0.1150 seg 0.1197 cnt 3.9113 | shared_pairs det_seg 157/384 det_cnt 138/384 seg_cnt 89/384 | scores det_seg 1.8243 det_cnt -0.6917 seg_cnt 0.0870
[stage2] epoch 25/50 step 15 | loss 1.9681 | train det 0.0283 seg 0.0136 cnt 1.4353 | shared_pairs det_seg 147/384 det_cnt 161/384 seg_cnt 76/384 | scores det_seg 0.1766 det_cnt 1.9188 seg_cnt -0.9442
[stage2] epoch 25/50 step 16 | loss 6.7380 | train det 0.0909 seg 0.1616 cnt 4.0815 | shared_pairs det_seg 158/384 det_cnt 148/384 seg_cnt 78/384 | scores det_seg 0.0328 det_cnt -0.9479 seg_cnt -0.9599
[stage2] epoch 25/50 step 17 | loss 2.4361 | train det 0.0194 seg 0.0480 cnt 1.7612 | shared_pairs det_seg 159/384 det_cnt 125/384 seg_cnt 100/384 | scores det_seg -0.2159 det_cnt -2.6855 seg_cnt -0.7887
[stage2] epoch 25/50 step 18 | loss 13.4074 | train det 0.1512 seg 0.1352 cnt 10.0578 | shared_pairs det_seg 172/384 det_cnt 130/384 seg_cnt 82/384 | scores det_seg 1.1755 det_cnt 0.0558 seg_cnt 0.3537
[stage2] epoch 25/50 step 19 | loss 4.2770 | train det 0.0569 seg 0.0615 cnt 2.9309 | shared_pairs det_seg 155/384 det_cnt 142/384 seg_cnt 87/384 | scores det_seg -0.8713 det_cnt 2.0577 seg_cnt -0.8745
[stage2] epoch 25/50 step 20 | loss 4.9042 | train det 0.0873 seg 0.1036 cnt 2.7655 | shared_pairs det_seg 171/384 det_cnt 151/384 seg_cnt 62/384 | scores det_seg 0.9385 det_cnt -1.0472 seg_cnt -2.1905
[stage2] epoch 25/50 step 21 | loss 7.0482 | train det 0.0934 seg 0.1677 cnt 4.3060 | shared_pairs det_seg 156/384 det_cnt 138/384 seg_cnt 90/384 | scores det_seg -0.1867 det_cnt -0.0475 seg_cnt 2.7057
[stage2] epoch 25/50 step 22 | loss 6.6957 | train det 0.1810 seg 0.0846 cnt 3.3039 | shared_pairs det_seg 162/384 det_cnt 135/384 seg_cnt 87/384 | scores det_seg 0.4250 det_cnt 0.8512 seg_cnt 0.5732
[stage2] epoch 25/50 step 23 | loss 12.5841 | train det 0.1367 seg 0.1011 cnt 9.7246 | shared_pairs det_seg 160/384 det_cnt 134/384 seg_cnt 90/384 | scores det_seg 0.5547 det_cnt -2.0532 seg_cnt -0.8342
[stage2] epoch 25/50 step 24 | loss 2.7206 | train det 0.0271 seg 0.0613 cnt 1.8238 | shared_pairs det_seg 171/384 det_cnt 131/384 seg_cnt 82/384 | scores det_seg 1.7783 det_cnt -0.9502 seg_cnt 1.4536
[stage2] epoch 25/50 step 25 | loss 4.3290 | train det 0.0430 seg 0.0490 cnt 3.2922 | shared_pairs det_seg 148/384 det_cnt 163/384 seg_cnt 73/384 | scores det_seg 0.9512 det_cnt 3.7159 seg_cnt -1.9587
[stage2] epoch 25/50 step 26 | loss 7.6338 | train det 0.1197 seg 0.2575 cnt 3.7777 | shared_pairs det_seg 135/384 det_cnt 156/384 seg_cnt 93/384 | scores det_seg -1.1164 det_cnt 1.9118 seg_cnt 3.2545
[stage2] epoch 25/50 step 27 | loss 9.7338 | train det 0.2170 seg 0.1485 cnt 5.2905 | shared_pairs det_seg 163/384 det_cnt 150/384 seg_cnt 71/384 | scores det_seg 0.4863 det_cnt 1.9414 seg_cnt -0.0957
[stage2] epoch 25/50 step 28 | loss 5.0905 | train det 0.0794 seg 0.0719 cnt 3.3239 | shared_pairs det_seg 165/384 det_cnt 124/384 seg_cnt 95/384 | scores det_seg 0.5191 det_cnt -4.0904 seg_cnt -0.6498
[stage2] epoch 25/50 step 29 | loss 6.5299 | train det 0.1580 seg 0.0481 cnt 3.7753 | shared_pairs det_seg 147/384 det_cnt 131/384 seg_cnt 106/384 | scores det_seg -3.0549 det_cnt -3.9775 seg_cnt 2.9359
[stage2] epoch 25/50 step 30 | loss 4.5187 | train det 0.0456 seg 0.1341 cnt 2.7622 | shared_pairs det_seg 162/384 det_cnt 147/384 seg_cnt 75/384 | scores det_seg 1.7179 det_cnt 1.5708 seg_cnt 0.5894
[stage2] epoch 25/50 step 31 | loss 7.2882 | train det 0.0528 seg 0.0630 cnt 5.9918 | shared_pairs det_seg 158/384 det_cnt 127/384 seg_cnt 99/384 | scores det_seg -1.4036 det_cnt 0.9880 seg_cnt 2.9732
[stage2] epoch 25/50 step 32 | loss 3.8328 | train det 0.0285 seg 0.0549 cnt 2.9659 | shared_pairs det_seg 157/384 det_cnt 133/384 seg_cnt 94/384 | scores det_seg 3.1895 det_cnt -1.8809 seg_cnt 3.6332
[stage2] epoch 25/50 step 33 | loss 12.9661 | train det 0.0705 seg 0.1244 cnt 10.9135 | shared_pairs det_seg 153/384 det_cnt 150/384 seg_cnt 81/384 | scores det_seg -0.6275 det_cnt 1.2260 seg_cnt 2.4322
[stage2] epoch 25/50 step 34 | loss 5.2616 | train det 0.1407 seg 0.0745 cnt 2.5550 | shared_pairs det_seg 153/384 det_cnt 140/384 seg_cnt 91/384 | scores det_seg -0.5398 det_cnt 1.7739 seg_cnt -0.2843
[stage2] epoch 25/50 step 35 | loss 6.3708 | train det 0.0812 seg 0.0511 cnt 4.7445 | shared_pairs det_seg 166/384 det_cnt 126/384 seg_cnt 92/384 | scores det_seg 1.9324 det_cnt -0.0954 seg_cnt 1.4503
[stage2] epoch 25/50 step 36 | loss 5.5332 | train det 0.0162 seg 0.1114 cnt 4.3997 | shared_pairs det_seg 168/384 det_cnt 137/384 seg_cnt 79/384 | scores det_seg 0.8136 det_cnt 0.1547 seg_cnt -0.1461
[stage2] epoch 25/50 step 37 | loss 9.3593 | train det 0.0704 seg 0.1073 cnt 7.4447 | shared_pairs det_seg 156/384 det_cnt 150/384 seg_cnt 78/384 | scores det_seg 0.0307 det_cnt 2.1641 seg_cnt -1.7223
[stage2] epoch 25/50 step 38 | loss 6.1706 | train det 0.0355 seg 0.1151 cnt 4.7165 | shared_pairs det_seg 174/384 det_cnt 133/384 seg_cnt 77/384 | scores det_seg 0.8010 det_cnt 0.2352 seg_cnt 0.4420
[stage2] epoch 25/50 step 39 | loss 15.1741 | train det 0.8055 seg 0.2248 cnt 1.2931 | shared_pairs det_seg 156/384 det_cnt 147/384 seg_cnt 81/384 | scores det_seg -0.4664 det_cnt -0.0912 seg_cnt -0.0234
[stage2] epoch 25/50 step 40 | loss 5.7806 | train det 0.0661 seg 0.0859 cnt 4.1009 | shared_pairs det_seg 165/384 det_cnt 145/384 seg_cnt 74/384 | scores det_seg -0.7339 det_cnt 0.7889 seg_cnt 0.0516
[stage2] epoch 25/50 step 41 | loss 3.8343 | train det 0.0213 seg 0.1460 cnt 2.3468 | shared_pairs det_seg 156/384 det_cnt 147/384 seg_cnt 81/384 | scores det_seg -0.9530 det_cnt -0.8391 seg_cnt -0.8054
[stage2] epoch 25/50 step 42 | loss 10.0306 | train det 0.0241 seg 0.1178 cnt 8.7276 | shared_pairs det_seg 155/384 det_cnt 137/384 seg_cnt 92/384 | scores det_seg 0.1062 det_cnt 1.1645 seg_cnt -0.2682
[stage2] epoch 25/50 step 43 | loss 9.3330 | train det 0.3993 seg 0.0679 cnt 2.8012 | shared_pairs det_seg 170/384 det_cnt 131/384 seg_cnt 83/384 | scores det_seg -1.3455 det_cnt -0.3518 seg_cnt -0.3521
[stage2] epoch 25/50 | train 6.9798 | det 0.1178 seg 0.1053 cnt 4.3703 | selected_by_matrix_unit det_seg 6958 det_cnt 5981 seg_cnt 3573
[stage2] epoch 25 | val det 0.4865 seg 1.0468 miou 0.6165 cnt 5.5809 dens 9.756067e-01 mae 4.6053 total_mae 20.7409 | ap50 0.5747 | combo 1.408318
[stage2] epoch 26/50 step 1 | loss 8.3691 | train det 0.0389 seg 0.0996 cnt 6.9884 | shared_pairs det_seg 150/384 det_cnt 155/384 seg_cnt 79/384 | scores det_seg -0.4067 det_cnt 0.4030 seg_cnt -1.2787
[stage2] epoch 26/50 step 2 | loss 11.7688 | train det 0.0260 seg 0.1369 cnt 10.2833 | shared_pairs det_seg 144/384 det_cnt 145/384 seg_cnt 95/384 | scores det_seg -1.5922 det_cnt 0.2306 seg_cnt 0.7440
[stage2] epoch 26/50 step 3 | loss 13.0820 | train det 0.3833 seg 0.0650 cnt 6.8117 | shared_pairs det_seg 165/384 det_cnt 130/384 seg_cnt 89/384 | scores det_seg -1.1957 det_cnt -2.6499 seg_cnt -0.6861
[stage2] epoch 26/50 step 4 | loss 6.8259 | train det 0.1682 seg 0.1698 cnt 2.9448 | shared_pairs det_seg 145/384 det_cnt 153/384 seg_cnt 86/384 | scores det_seg -2.4049 det_cnt 1.7915 seg_cnt 0.6457
[stage2] epoch 26/50 step 5 | loss 7.1438 | train det 0.0864 seg 0.0996 cnt 5.0514 | shared_pairs det_seg 143/384 det_cnt 154/384 seg_cnt 87/384 | scores det_seg -0.4881 det_cnt 1.3648 seg_cnt 0.9069
[stage2] epoch 26/50 step 6 | loss 5.2973 | train det 0.1281 seg 0.0891 cnt 2.6638 | shared_pairs det_seg 166/384 det_cnt 127/384 seg_cnt 91/384 | scores det_seg 1.1544 det_cnt 0.3725 seg_cnt 0.3563
[stage2] epoch 26/50 step 7 | loss 5.2227 | train det 0.0172 seg 0.0480 cnt 4.5808 | shared_pairs det_seg 148/384 det_cnt 133/384 seg_cnt 103/384 | scores det_seg -1.1747 det_cnt -0.6916 seg_cnt -0.2559
[stage2] epoch 26/50 step 8 | loss 2.6612 | train det 0.0567 seg 0.0653 cnt 1.2886 | shared_pairs det_seg 162/384 det_cnt 137/384 seg_cnt 85/384 | scores det_seg 0.7036 det_cnt 1.3882 seg_cnt 0.1813
[stage2] epoch 26/50 step 9 | loss 6.1230 | train det 0.1100 seg 0.1053 cnt 3.6311 | shared_pairs det_seg 165/384 det_cnt 137/384 seg_cnt 82/384 | scores det_seg -0.2998 det_cnt -1.2512 seg_cnt -2.0016
[stage2] epoch 26/50 step 10 | loss 5.4348 | train det 0.0539 seg 0.0970 cnt 3.8499 | shared_pairs det_seg 148/384 det_cnt 137/384 seg_cnt 99/384 | scores det_seg -1.7086 det_cnt 1.6124 seg_cnt 1.8223
[stage2] epoch 26/50 step 11 | loss 5.2244 | train det 0.0896 seg 0.0923 cnt 3.1416 | shared_pairs det_seg 160/384 det_cnt 151/384 seg_cnt 73/384 | scores det_seg 1.9494 det_cnt 1.5052 seg_cnt -0.2632
[stage2] epoch 26/50 step 12 | loss 10.7711 | train det 0.0711 seg 0.0573 cnt 9.2460 | shared_pairs det_seg 177/384 det_cnt 125/384 seg_cnt 82/384 | scores det_seg 2.0286 det_cnt 0.7896 seg_cnt 1.0819
[stage2] epoch 26/50 step 13 | loss 6.3397 | train det 0.2150 seg 0.1017 cnt 2.3012 | shared_pairs det_seg 139/384 det_cnt 163/384 seg_cnt 82/384 | scores det_seg -2.4903 det_cnt 0.5628 seg_cnt -0.7891
[stage2] epoch 26/50 step 14 | loss 3.3927 | train det 0.0526 seg 0.0469 cnt 2.2283 | shared_pairs det_seg 163/384 det_cnt 147/384 seg_cnt 74/384 | scores det_seg 1.7417 det_cnt 2.1103 seg_cnt -0.7606
[stage2] epoch 26/50 step 15 | loss 4.6083 | train det 0.0372 seg 0.0935 cnt 3.3024 | shared_pairs det_seg 143/384 det_cnt 149/384 seg_cnt 92/384 | scores det_seg -0.0372 det_cnt 2.1618 seg_cnt 0.6548
[stage2] epoch 26/50 step 16 | loss 5.8084 | train det 0.1311 seg 0.1617 cnt 2.5491 | shared_pairs det_seg 147/384 det_cnt 137/384 seg_cnt 100/384 | scores det_seg -0.3010 det_cnt -0.4371 seg_cnt 2.2424
[stage2] epoch 26/50 step 17 | loss 6.9456 | train det 0.0114 seg 0.1791 cnt 5.3424 | shared_pairs det_seg 148/384 det_cnt 152/384 seg_cnt 84/384 | scores det_seg -1.1166 det_cnt -0.4219 seg_cnt -2.1680
[stage2] epoch 26/50 step 18 | loss 5.4608 | train det 0.0976 seg 0.0531 cnt 3.5723 | shared_pairs det_seg 151/384 det_cnt 136/384 seg_cnt 97/384 | scores det_seg 0.4719 det_cnt -0.6881 seg_cnt -0.0925
[stage2] epoch 26/50 step 19 | loss 6.8776 | train det 0.0135 seg 0.0836 cnt 6.0061 | shared_pairs det_seg 173/384 det_cnt 137/384 seg_cnt 74/384 | scores det_seg 2.1922 det_cnt 0.4745 seg_cnt -1.1533
[stage2] epoch 26/50 step 20 | loss 6.1225 | train det 0.0750 seg 0.0742 cnt 4.4047 | shared_pairs det_seg 150/384 det_cnt 157/384 seg_cnt 77/384 | scores det_seg -1.6372 det_cnt 1.6417 seg_cnt -3.1280
[stage2] epoch 26/50 step 21 | loss 4.8749 | train det 0.0170 seg 0.1286 cnt 3.5914 | shared_pairs det_seg 178/384 det_cnt 129/384 seg_cnt 77/384 | scores det_seg 1.4511 det_cnt -0.0892 seg_cnt 0.5270
[stage2] epoch 26/50 step 22 | loss 8.2789 | train det 0.0468 seg 0.0804 cnt 6.9336 | shared_pairs det_seg 158/384 det_cnt 154/384 seg_cnt 72/384 | scores det_seg 0.2110 det_cnt 0.9918 seg_cnt -0.5916
[stage2] epoch 26/50 step 23 | loss 3.9042 | train det 0.0477 seg 0.0766 cnt 2.5763 | shared_pairs det_seg 164/384 det_cnt 122/384 seg_cnt 98/384 | scores det_seg 1.0568 det_cnt -1.5223 seg_cnt 1.7109
[stage2] epoch 26/50 step 24 | loss 7.5845 | train det 0.1131 seg 0.0552 cnt 5.4460 | shared_pairs det_seg 168/384 det_cnt 128/384 seg_cnt 88/384 | scores det_seg 0.5403 det_cnt -4.0176 seg_cnt -0.4182
[stage2] epoch 26/50 step 25 | loss 8.5890 | train det 0.0519 seg 0.1472 cnt 6.6321 | shared_pairs det_seg 166/384 det_cnt 135/384 seg_cnt 83/384 | scores det_seg 1.1786 det_cnt -0.6186 seg_cnt -1.7016
[stage2] epoch 26/50 step 26 | loss 12.2600 | train det 0.0476 seg 0.2640 cnt 9.4334 | shared_pairs det_seg 151/384 det_cnt 149/384 seg_cnt 84/384 | scores det_seg 0.9164 det_cnt -0.1733 seg_cnt -1.0794
[stage2] epoch 26/50 step 27 | loss 9.1274 | train det 0.1160 seg 0.0814 cnt 6.7362 | shared_pairs det_seg 147/384 det_cnt 160/384 seg_cnt 77/384 | scores det_seg 1.2033 det_cnt 1.9071 seg_cnt 1.9825
[stage2] epoch 26/50 step 28 | loss 4.8379 | train det 0.0868 seg 0.0664 cnt 3.0043 | shared_pairs det_seg 176/384 det_cnt 136/384 seg_cnt 72/384 | scores det_seg 2.7970 det_cnt 0.9522 seg_cnt -1.2129
[stage2] epoch 26/50 step 29 | loss 7.1303 | train det 0.0139 seg 0.0995 cnt 6.1263 | shared_pairs det_seg 181/384 det_cnt 122/384 seg_cnt 81/384 | scores det_seg -0.2609 det_cnt -1.3257 seg_cnt -1.1745
[stage2] epoch 26/50 step 30 | loss 12.3345 | train det 0.5349 seg 0.1768 cnt 2.8972 | shared_pairs det_seg 173/384 det_cnt 124/384 seg_cnt 87/384 | scores det_seg 2.1115 det_cnt -1.4997 seg_cnt 2.3393
[stage2] epoch 26/50 step 31 | loss 4.5819 | train det 0.0266 seg 0.0742 cnt 3.5895 | shared_pairs det_seg 154/384 det_cnt 147/384 seg_cnt 83/384 | scores det_seg 0.6462 det_cnt 2.6262 seg_cnt -0.3856
[stage2] epoch 26/50 step 32 | loss 3.2675 | train det 0.0452 seg 0.1117 cnt 1.6955 | shared_pairs det_seg 166/384 det_cnt 136/384 seg_cnt 82/384 | scores det_seg 1.2418 det_cnt -0.8229 seg_cnt -1.6480
[stage2] epoch 26/50 step 33 | loss 5.0934 | train det 0.0158 seg 0.0950 cnt 4.0968 | shared_pairs det_seg 187/384 det_cnt 120/384 seg_cnt 77/384 | scores det_seg 3.7893 det_cnt -1.6017 seg_cnt 0.2805
[stage2] epoch 26/50 step 34 | loss 6.2116 | train det 0.0342 seg 0.1474 cnt 4.5185 | shared_pairs det_seg 145/384 det_cnt 154/384 seg_cnt 85/384 | scores det_seg -0.0894 det_cnt -1.3926 seg_cnt 0.3578
[stage2] epoch 26/50 step 35 | loss 7.9804 | train det 0.2933 seg 0.0922 cnt 2.8434 | shared_pairs det_seg 148/384 det_cnt 141/384 seg_cnt 95/384 | scores det_seg -2.6195 det_cnt -0.5079 seg_cnt 0.1418
[stage2] epoch 26/50 step 36 | loss 9.6515 | train det 0.0279 seg 0.1280 cnt 8.2090 | shared_pairs det_seg 172/384 det_cnt 133/384 seg_cnt 79/384 | scores det_seg 0.3737 det_cnt -2.2120 seg_cnt -2.3379
[stage2] epoch 26/50 step 37 | loss 3.0237 | train det 0.0210 seg 0.0418 cnt 2.3739 | shared_pairs det_seg 169/384 det_cnt 149/384 seg_cnt 66/384 | scores det_seg -1.0273 det_cnt 0.0692 seg_cnt -1.2313
[stage2] epoch 26/50 step 38 | loss 2.8954 | train det 0.0198 seg 0.0496 cnt 2.2013 | shared_pairs det_seg 176/384 det_cnt 111/384 seg_cnt 97/384 | scores det_seg 0.3105 det_cnt -3.9939 seg_cnt 3.4246
[stage2] epoch 26/50 step 39 | loss 9.7883 | train det 0.3482 seg 0.1712 cnt 3.1963 | shared_pairs det_seg 157/384 det_cnt 133/384 seg_cnt 94/384 | scores det_seg 0.5243 det_cnt -1.8973 seg_cnt 1.0038
[stage2] epoch 26/50 step 40 | loss 6.5909 | train det 0.1714 seg 0.1055 cnt 3.1754 | shared_pairs det_seg 183/384 det_cnt 109/384 seg_cnt 92/384 | scores det_seg 0.9071 det_cnt -4.1363 seg_cnt 0.3461
[stage2] epoch 26/50 step 41 | loss 7.6560 | train det 0.0941 seg 0.1114 cnt 5.3524 | shared_pairs det_seg 154/384 det_cnt 135/384 seg_cnt 95/384 | scores det_seg -2.3704 det_cnt 0.5185 seg_cnt 0.0890
[stage2] epoch 26/50 step 42 | loss 6.4650 | train det 0.1631 seg 0.0383 cnt 3.7125 | shared_pairs det_seg 150/384 det_cnt 136/384 seg_cnt 98/384 | scores det_seg -2.1560 det_cnt -1.8406 seg_cnt 1.9528
[stage2] epoch 26/50 step 43 | loss 6.6032 | train det 0.0237 seg 0.0589 cnt 5.7757 | shared_pairs det_seg 151/384 det_cnt 126/384 seg_cnt 107/384 | scores det_seg -4.4199 det_cnt -3.5370 seg_cnt 0.5224
[stage2] epoch 26/50 | train 6.7956 | det 0.0982 seg 0.1005 cnt 4.5187 | selected_by_matrix_unit det_seg 6861 det_cnt 5951 seg_cnt 3700
[stage2] epoch 26 | val det 0.4885 seg 1.0435 miou 0.6189 cnt 5.2099 dens 9.729490e-01 mae 4.2369 total_mae 20.7187 | ap50 0.5711 | combo 1.426092
[stage2] epoch 27/50 step 1 | loss 7.0245 | train det 0.0245 seg 0.0599 cnt 6.1778 | shared_pairs det_seg 160/384 det_cnt 136/384 seg_cnt 88/384 | scores det_seg 1.1232 det_cnt 1.5709 seg_cnt 0.2286
[stage2] epoch 27/50 step 2 | loss 4.1689 | train det 0.0363 seg 0.0595 cnt 3.1478 | shared_pairs det_seg 157/384 det_cnt 136/384 seg_cnt 91/384 | scores det_seg 0.5178 det_cnt 0.4972 seg_cnt 1.0368
[stage2] epoch 27/50 step 3 | loss 7.7806 | train det 0.0414 seg 0.0725 cnt 6.5788 | shared_pairs det_seg 184/384 det_cnt 119/384 seg_cnt 81/384 | scores det_seg 2.0098 det_cnt -2.4877 seg_cnt -1.0156
[stage2] epoch 27/50 step 4 | loss 7.2279 | train det 0.0721 seg 0.0948 cnt 5.3879 | shared_pairs det_seg 150/384 det_cnt 141/384 seg_cnt 93/384 | scores det_seg 1.2005 det_cnt 1.3391 seg_cnt -0.1781
[stage2] epoch 27/50 step 5 | loss 4.8618 | train det 0.0267 seg 0.0774 cnt 3.8424 | shared_pairs det_seg 151/384 det_cnt 149/384 seg_cnt 84/384 | scores det_seg -0.1156 det_cnt 0.0393 seg_cnt 1.4142
[stage2] epoch 27/50 step 6 | loss 33.3422 | train det 0.1416 seg 0.0756 cnt 30.6137 | shared_pairs det_seg 144/384 det_cnt 167/384 seg_cnt 73/384 | scores det_seg -2.3353 det_cnt 4.9449 seg_cnt -0.9643
[stage2] epoch 27/50 step 7 | loss 4.1070 | train det 0.0198 seg 0.0490 cnt 3.4180 | shared_pairs det_seg 147/384 det_cnt 142/384 seg_cnt 95/384 | scores det_seg -2.9596 det_cnt -1.4955 seg_cnt 0.4718
[stage2] epoch 27/50 step 8 | loss 5.6832 | train det 0.0604 seg 0.1458 cnt 3.6111 | shared_pairs det_seg 147/384 det_cnt 147/384 seg_cnt 90/384 | scores det_seg -0.8270 det_cnt 1.6612 seg_cnt 0.2704
[stage2] epoch 27/50 step 9 | loss 6.5789 | train det 0.0340 seg 0.1049 cnt 5.2301 | shared_pairs det_seg 171/384 det_cnt 143/384 seg_cnt 70/384 | scores det_seg 1.0946 det_cnt 1.4678 seg_cnt -1.2380
[stage2] epoch 27/50 step 10 | loss 6.8395 | train det 0.0770 seg 0.0484 cnt 5.2979 | shared_pairs det_seg 159/384 det_cnt 142/384 seg_cnt 83/384 | scores det_seg 1.0486 det_cnt 1.7694 seg_cnt 0.4379
[stage2] epoch 27/50 step 11 | loss 6.7060 | train det 0.0832 seg 0.1756 cnt 4.0537 | shared_pairs det_seg 158/384 det_cnt 154/384 seg_cnt 72/384 | scores det_seg 0.0982 det_cnt 2.3736 seg_cnt -1.3642
[stage2] epoch 27/50 step 12 | loss 3.4813 | train det 0.0615 seg 0.0989 cnt 1.7677 | shared_pairs det_seg 171/384 det_cnt 127/384 seg_cnt 86/384 | scores det_seg -0.0416 det_cnt -1.7908 seg_cnt -1.1717
[stage2] epoch 27/50 step 13 | loss 6.2274 | train det 0.0314 seg 0.0604 cnt 5.2732 | shared_pairs det_seg 164/384 det_cnt 134/384 seg_cnt 86/384 | scores det_seg -1.1374 det_cnt 0.4858 seg_cnt 0.9999
[stage2] epoch 27/50 step 14 | loss 7.3550 | train det 0.0935 seg 0.0815 cnt 5.3007 | shared_pairs det_seg 156/384 det_cnt 145/384 seg_cnt 83/384 | scores det_seg -1.3126 det_cnt -0.2592 seg_cnt -0.4923
[stage2] epoch 27/50 step 15 | loss 4.2408 | train det 0.0983 seg 0.0515 cnt 2.3553 | shared_pairs det_seg 157/384 det_cnt 141/384 seg_cnt 86/384 | scores det_seg -1.7620 det_cnt 0.3799 seg_cnt -0.7747
[stage2] epoch 27/50 step 16 | loss 3.9854 | train det 0.0872 seg 0.0595 cnt 2.2016 | shared_pairs det_seg 158/384 det_cnt 138/384 seg_cnt 88/384 | scores det_seg 1.4113 det_cnt -0.2966 seg_cnt -0.4914
[stage2] epoch 27/50 step 17 | loss 7.1557 | train det 0.0916 seg 0.0345 cnt 5.5055 | shared_pairs det_seg 183/384 det_cnt 121/384 seg_cnt 80/384 | scores det_seg -0.3144 det_cnt -3.6772 seg_cnt 0.1541
[stage2] epoch 27/50 step 18 | loss 11.6335 | train det 0.0621 seg 0.0904 cnt 9.9780 | shared_pairs det_seg 169/384 det_cnt 129/384 seg_cnt 86/384 | scores det_seg 3.1653 det_cnt -0.2439 seg_cnt 0.6859
[stage2] epoch 27/50 step 19 | loss 6.2700 | train det 0.0734 seg 0.0612 cnt 4.6803 | shared_pairs det_seg 159/384 det_cnt 142/384 seg_cnt 83/384 | scores det_seg -0.9573 det_cnt -0.6895 seg_cnt -1.1882
[stage2] epoch 27/50 step 20 | loss 7.4361 | train det 0.0566 seg 0.1077 cnt 5.7264 | shared_pairs det_seg 178/384 det_cnt 117/384 seg_cnt 89/384 | scores det_seg -0.1301 det_cnt -4.7578 seg_cnt 0.4786
[stage2] epoch 27/50 step 21 | loss 4.3391 | train det 0.0688 seg 0.0448 cnt 2.9486 | shared_pairs det_seg 167/384 det_cnt 136/384 seg_cnt 81/384 | scores det_seg 0.4537 det_cnt -2.0849 seg_cnt 1.4754
[stage2] epoch 27/50 step 22 | loss 7.4023 | train det 0.0379 seg 0.1408 cnt 5.7082 | shared_pairs det_seg 167/384 det_cnt 142/384 seg_cnt 75/384 | scores det_seg 3.0252 det_cnt 0.9463 seg_cnt -0.1902
[stage2] epoch 27/50 step 23 | loss 6.8359 | train det 0.1229 seg 0.1029 cnt 4.1694 | shared_pairs det_seg 164/384 det_cnt 137/384 seg_cnt 83/384 | scores det_seg 4.0881 det_cnt 0.3173 seg_cnt 1.4810
[stage2] epoch 27/50 step 24 | loss 9.2736 | train det 0.0392 seg 0.1814 cnt 7.2347 | shared_pairs det_seg 163/384 det_cnt 127/384 seg_cnt 94/384 | scores det_seg -1.3586 det_cnt -2.4218 seg_cnt -0.3250
[stage2] epoch 27/50 step 25 | loss 11.2790 | train det 0.1332 seg 0.2212 cnt 7.5112 | shared_pairs det_seg 168/384 det_cnt 124/384 seg_cnt 92/384 | scores det_seg 1.3926 det_cnt 1.1505 seg_cnt 0.9848
[stage2] epoch 27/50 step 26 | loss 5.1809 | train det 0.0600 seg 0.0959 cnt 3.5142 | shared_pairs det_seg 160/384 det_cnt 136/384 seg_cnt 88/384 | scores det_seg 0.6337 det_cnt -2.5489 seg_cnt 0.7703
[stage2] epoch 27/50 step 27 | loss 9.7504 | train det 0.0827 seg 0.0911 cnt 7.7819 | shared_pairs det_seg 176/384 det_cnt 119/384 seg_cnt 89/384 | scores det_seg 0.1539 det_cnt -3.2112 seg_cnt 0.6158
[stage2] epoch 27/50 step 28 | loss 7.3627 | train det 0.0599 seg 0.0501 cnt 6.0636 | shared_pairs det_seg 184/384 det_cnt 130/384 seg_cnt 70/384 | scores det_seg 2.3950 det_cnt -2.1329 seg_cnt -0.9445
[stage2] epoch 27/50 step 29 | loss 5.8449 | train det 0.0273 seg 0.1130 cnt 4.5317 | shared_pairs det_seg 175/384 det_cnt 126/384 seg_cnt 83/384 | scores det_seg 1.9499 det_cnt -1.4142 seg_cnt 1.0973
[stage2] epoch 27/50 step 30 | loss 60.3978 | train det 0.1034 seg 0.0626 cnt 58.3468 | shared_pairs det_seg 151/384 det_cnt 165/384 seg_cnt 68/384 | scores det_seg -1.4834 det_cnt 0.9865 seg_cnt -2.2580
[stage2] epoch 27/50 step 31 | loss 4.8099 | train det 0.0707 seg 0.0744 cnt 3.1548 | shared_pairs det_seg 155/384 det_cnt 140/384 seg_cnt 89/384 | scores det_seg -0.1386 det_cnt 1.3347 seg_cnt -0.6174
[stage2] epoch 27/50 step 32 | loss 4.9191 | train det 0.0828 seg 0.0758 cnt 3.0707 | shared_pairs det_seg 154/384 det_cnt 150/384 seg_cnt 80/384 | scores det_seg 1.5220 det_cnt 2.0363 seg_cnt 2.6917
[stage2] epoch 27/50 step 33 | loss 5.8262 | train det 0.0594 seg 0.0875 cnt 4.2352 | shared_pairs det_seg 140/384 det_cnt 130/384 seg_cnt 114/384 | scores det_seg -1.8300 det_cnt -2.2149 seg_cnt 1.9171
[stage2] epoch 27/50 step 34 | loss 5.2825 | train det 0.0272 seg 0.0754 cnt 4.2711 | shared_pairs det_seg 155/384 det_cnt 154/384 seg_cnt 75/384 | scores det_seg 0.3380 det_cnt 1.7728 seg_cnt -0.3828
[stage2] epoch 27/50 step 35 | loss 7.9526 | train det 0.1967 seg 0.0643 cnt 4.4879 | shared_pairs det_seg 139/384 det_cnt 150/384 seg_cnt 95/384 | scores det_seg -1.3146 det_cnt 3.0129 seg_cnt 3.2532
[stage2] epoch 27/50 step 36 | loss 3.1198 | train det 0.0754 seg 0.0442 cnt 1.6361 | shared_pairs det_seg 158/384 det_cnt 138/384 seg_cnt 88/384 | scores det_seg -0.7892 det_cnt 0.0722 seg_cnt -1.1798
[stage2] epoch 27/50 step 37 | loss 6.0306 | train det 0.0464 seg 0.1465 cnt 4.1621 | shared_pairs det_seg 149/384 det_cnt 154/384 seg_cnt 81/384 | scores det_seg -2.3894 det_cnt -0.5351 seg_cnt -1.9339
[stage2] epoch 27/50 step 38 | loss 6.1845 | train det 0.0314 seg 0.0408 cnt 5.3874 | shared_pairs det_seg 166/384 det_cnt 132/384 seg_cnt 86/384 | scores det_seg 0.5330 det_cnt -0.3753 seg_cnt -0.8253
[stage2] epoch 27/50 step 39 | loss 2.9073 | train det 0.0353 seg 0.0346 cnt 2.1011 | shared_pairs det_seg 161/384 det_cnt 145/384 seg_cnt 78/384 | scores det_seg -0.7326 det_cnt 1.0878 seg_cnt -0.8784
[stage2] epoch 27/50 step 40 | loss 4.1607 | train det 0.0810 seg 0.0975 cnt 2.1658 | shared_pairs det_seg 157/384 det_cnt 126/384 seg_cnt 101/384 | scores det_seg -0.5971 det_cnt -2.7120 seg_cnt 1.0561
[stage2] epoch 27/50 step 41 | loss 7.5778 | train det 0.0208 seg 0.1265 cnt 6.2535 | shared_pairs det_seg 165/384 det_cnt 124/384 seg_cnt 95/384 | scores det_seg -0.9574 det_cnt -6.0168 seg_cnt 0.9864
[stage2] epoch 27/50 step 42 | loss 9.5872 | train det 0.1709 seg 0.0952 cnt 6.2623 | shared_pairs det_seg 148/384 det_cnt 138/384 seg_cnt 98/384 | scores det_seg 0.3619 det_cnt -0.3996 seg_cnt -0.1158
[stage2] epoch 27/50 step 43 | loss 4.9418 | train det 0.0434 seg 0.3035 cnt 1.8635 | shared_pairs det_seg 158/384 det_cnt 141/384 seg_cnt 85/384 | scores det_seg -1.1520 det_cnt 0.1175 seg_cnt 0.5778
[stage2] epoch 27/50 | train 8.2110 | det 0.0686 seg 0.0925 cnt 6.4421 | selected_by_matrix_unit det_seg 6903 det_cnt 5934 seg_cnt 3675
[stage2] epoch 27 | val det 0.4843 seg 1.0375 miou 0.6197 cnt 5.8063 dens 9.732460e-01 mae 4.8330 total_mae 31.6777 | ap50 0.5727 | combo 1.399276
[stage2] epoch 28/50 step 1 | loss 5.7910 | train det 0.0500 seg 0.0671 cnt 4.5042 | shared_pairs det_seg 159/384 det_cnt 145/384 seg_cnt 80/384 | scores det_seg 2.1377 det_cnt 0.9508 seg_cnt -0.4367
[stage2] epoch 28/50 step 2 | loss 10.7253 | train det 0.0538 seg 0.0730 cnt 9.3338 | shared_pairs det_seg 161/384 det_cnt 143/384 seg_cnt 80/384 | scores det_seg -0.5071 det_cnt -1.1064 seg_cnt 0.6877
[stage2] epoch 28/50 step 3 | loss 3.9351 | train det 0.0291 seg 0.0223 cnt 3.3197 | shared_pairs det_seg 178/384 det_cnt 135/384 seg_cnt 71/384 | scores det_seg 0.4243 det_cnt -1.2830 seg_cnt -1.4827
[stage2] epoch 28/50 step 4 | loss 4.7791 | train det 0.1089 seg 0.1109 cnt 2.2583 | shared_pairs det_seg 171/384 det_cnt 130/384 seg_cnt 83/384 | scores det_seg 0.9770 det_cnt -2.3366 seg_cnt -0.5641
[stage2] epoch 28/50 step 5 | loss 8.3339 | train det 0.0553 seg 0.1446 cnt 6.3469 | shared_pairs det_seg 162/384 det_cnt 131/384 seg_cnt 91/384 | scores det_seg 1.0454 det_cnt -1.0398 seg_cnt -0.3629
[stage2] epoch 28/50 step 6 | loss 6.3587 | train det 0.0684 seg 0.1036 cnt 4.5033 | shared_pairs det_seg 159/384 det_cnt 148/384 seg_cnt 77/384 | scores det_seg 2.4048 det_cnt 1.1156 seg_cnt -1.5651
[stage2] epoch 28/50 step 7 | loss 6.0757 | train det 0.1706 seg 0.0528 cnt 3.0948 | shared_pairs det_seg 165/384 det_cnt 142/384 seg_cnt 77/384 | scores det_seg 1.5199 det_cnt -0.5114 seg_cnt -2.1352
[stage2] epoch 28/50 step 8 | loss 5.3974 | train det 0.0237 seg 0.1038 cnt 4.2106 | shared_pairs det_seg 177/384 det_cnt 125/384 seg_cnt 82/384 | scores det_seg 1.7347 det_cnt -0.6464 seg_cnt 1.4494
[stage2] epoch 28/50 step 9 | loss 9.3863 | train det 0.1194 seg 0.0306 cnt 7.3512 | shared_pairs det_seg 179/384 det_cnt 115/384 seg_cnt 90/384 | scores det_seg 1.3591 det_cnt -1.3295 seg_cnt 0.0712
[stage2] epoch 28/50 step 10 | loss 6.8732 | train det 0.3133 seg 0.0542 cnt 1.7402 | shared_pairs det_seg 170/384 det_cnt 144/384 seg_cnt 70/384 | scores det_seg 1.4698 det_cnt -1.7472 seg_cnt -0.0760
[stage2] epoch 28/50 step 11 | loss 5.4185 | train det 0.0441 seg 0.0309 cnt 4.5096 | shared_pairs det_seg 153/384 det_cnt 141/384 seg_cnt 90/384 | scores det_seg 0.1225 det_cnt -0.0293 seg_cnt 0.4723
[stage2] epoch 28/50 step 12 | loss 7.8725 | train det 0.1173 seg 0.1175 cnt 5.1735 | shared_pairs det_seg 174/384 det_cnt 142/384 seg_cnt 68/384 | scores det_seg 0.9856 det_cnt -0.7926 seg_cnt -0.9208
[stage2] epoch 28/50 step 13 | loss 6.7155 | train det 0.1082 seg 0.1781 cnt 3.6674 | shared_pairs det_seg 157/384 det_cnt 134/384 seg_cnt 93/384 | scores det_seg 0.1646 det_cnt 0.3192 seg_cnt 1.2638
[stage2] epoch 28/50 step 14 | loss 3.7829 | train det 0.0526 seg 0.0520 cnt 2.5784 | shared_pairs det_seg 151/384 det_cnt 150/384 seg_cnt 83/384 | scores det_seg -0.4232 det_cnt 1.9010 seg_cnt -0.5226
[stage2] epoch 28/50 step 15 | loss 6.2739 | train det 0.0167 seg 0.1379 cnt 4.9199 | shared_pairs det_seg 148/384 det_cnt 149/384 seg_cnt 87/384 | scores det_seg -2.8062 det_cnt 1.4469 seg_cnt -1.1149
[stage2] epoch 28/50 step 16 | loss 7.8423 | train det 0.0231 seg 0.0354 cnt 7.2122 | shared_pairs det_seg 174/384 det_cnt 146/384 seg_cnt 64/384 | scores det_seg 1.6186 det_cnt 1.6367 seg_cnt 0.5072
[stage2] epoch 28/50 step 17 | loss 6.1539 | train det 0.0220 seg 0.0978 cnt 5.0416 | shared_pairs det_seg 166/384 det_cnt 131/384 seg_cnt 87/384 | scores det_seg -0.1303 det_cnt -2.5284 seg_cnt -2.1505
[stage2] epoch 28/50 step 18 | loss 6.5796 | train det 0.0516 seg 0.0413 cnt 5.4749 | shared_pairs det_seg 150/384 det_cnt 130/384 seg_cnt 104/384 | scores det_seg -1.7538 det_cnt -0.5538 seg_cnt 1.8582
[stage2] epoch 28/50 step 19 | loss 7.8204 | train det 0.2071 seg 0.0826 cnt 4.0527 | shared_pairs det_seg 155/384 det_cnt 150/384 seg_cnt 79/384 | scores det_seg -0.4923 det_cnt 1.7054 seg_cnt -1.0794
[stage2] epoch 28/50 step 20 | loss 8.6550 | train det 0.0235 seg 0.0770 cnt 7.6865 | shared_pairs det_seg 174/384 det_cnt 132/384 seg_cnt 78/384 | scores det_seg 0.3586 det_cnt 0.0985 seg_cnt 1.8591
[stage2] epoch 28/50 step 21 | loss 4.5104 | train det 0.0560 seg 0.1125 cnt 2.7712 | shared_pairs det_seg 180/384 det_cnt 121/384 seg_cnt 83/384 | scores det_seg 1.7110 det_cnt -3.4848 seg_cnt -0.4939
[stage2] epoch 28/50 step 22 | loss 4.0037 | train det 0.0852 seg 0.0300 cnt 2.4856 | shared_pairs det_seg 176/384 det_cnt 124/384 seg_cnt 84/384 | scores det_seg -0.2412 det_cnt -1.6775 seg_cnt 1.5035
[stage2] epoch 28/50 step 23 | loss 9.3260 | train det 0.0318 seg 0.0858 cnt 8.1620 | shared_pairs det_seg 149/384 det_cnt 152/384 seg_cnt 83/384 | scores det_seg -1.2197 det_cnt 1.3088 seg_cnt 0.8692
[stage2] epoch 28/50 step 24 | loss 7.1931 | train det 0.0395 seg 0.0700 cnt 6.0414 | shared_pairs det_seg 164/384 det_cnt 131/384 seg_cnt 89/384 | scores det_seg -2.2915 det_cnt -1.5035 seg_cnt 2.6342
[stage2] epoch 28/50 step 25 | loss 6.6061 | train det 0.0723 seg 0.1391 cnt 4.4096 | shared_pairs det_seg 144/384 det_cnt 142/384 seg_cnt 98/384 | scores det_seg -1.8473 det_cnt 0.4818 seg_cnt 1.7870
[stage2] epoch 28/50 step 26 | loss 14.2958 | train det 0.1778 seg 0.2830 cnt 9.3644 | shared_pairs det_seg 144/384 det_cnt 153/384 seg_cnt 87/384 | scores det_seg -0.8744 det_cnt 1.9369 seg_cnt -0.1331
[stage2] epoch 28/50 step 27 | loss 4.2763 | train det 0.0256 seg 0.0612 cnt 3.4027 | shared_pairs det_seg 166/384 det_cnt 140/384 seg_cnt 78/384 | scores det_seg 0.6188 det_cnt 0.8794 seg_cnt -0.0362
[stage2] epoch 28/50 step 28 | loss 4.4688 | train det 0.1120 seg 0.0938 cnt 2.0383 | shared_pairs det_seg 168/384 det_cnt 120/384 seg_cnt 96/384 | scores det_seg 2.0573 det_cnt -2.5817 seg_cnt 3.7839
[stage2] epoch 28/50 step 29 | loss 8.9629 | train det 0.0260 seg 0.1347 cnt 7.4956 | shared_pairs det_seg 158/384 det_cnt 148/384 seg_cnt 78/384 | scores det_seg -0.5890 det_cnt -0.4021 seg_cnt 0.2961
[stage2] epoch 28/50 step 30 | loss 5.2632 | train det 0.0259 seg 0.0894 cnt 4.1596 | shared_pairs det_seg 154/384 det_cnt 150/384 seg_cnt 80/384 | scores det_seg 1.4004 det_cnt 1.1034 seg_cnt -0.8890
[stage2] epoch 28/50 step 31 | loss 3.6446 | train det 0.0199 seg 0.1224 cnt 2.3665 | shared_pairs det_seg 172/384 det_cnt 142/384 seg_cnt 70/384 | scores det_seg -2.4694 det_cnt -0.5499 seg_cnt -1.2010
[stage2] epoch 28/50 step 32 | loss 7.1784 | train det 0.1280 seg 0.0908 cnt 4.5312 | shared_pairs det_seg 162/384 det_cnt 147/384 seg_cnt 75/384 | scores det_seg 1.0101 det_cnt 0.6835 seg_cnt -2.1656
[stage2] epoch 28/50 step 33 | loss 7.2865 | train det 0.0303 seg 0.0853 cnt 6.1501 | shared_pairs det_seg 150/384 det_cnt 145/384 seg_cnt 89/384 | scores det_seg -1.3037 det_cnt 1.0787 seg_cnt 0.0822
[stage2] epoch 28/50 step 34 | loss 5.4273 | train det 0.1053 seg 0.1294 cnt 2.8116 | shared_pairs det_seg 167/384 det_cnt 126/384 seg_cnt 91/384 | scores det_seg 0.6376 det_cnt -4.2171 seg_cnt -1.1774
[stage2] epoch 28/50 step 35 | loss 7.2099 | train det 0.0906 seg 0.1080 cnt 4.9867 | shared_pairs det_seg 166/384 det_cnt 146/384 seg_cnt 72/384 | scores det_seg -0.0803 det_cnt 0.5339 seg_cnt -0.5887
[stage2] epoch 28/50 step 36 | loss 8.3420 | train det 0.0325 seg 0.1404 cnt 6.7317 | shared_pairs det_seg 159/384 det_cnt 143/384 seg_cnt 82/384 | scores det_seg -0.7839 det_cnt -0.1737 seg_cnt -1.1540
[stage2] epoch 28/50 step 37 | loss 5.3380 | train det 0.0431 seg 0.0806 cnt 4.0468 | shared_pairs det_seg 150/384 det_cnt 158/384 seg_cnt 76/384 | scores det_seg 0.4948 det_cnt 2.3878 seg_cnt 0.5793
[stage2] epoch 28/50 step 38 | loss 3.0164 | train det 0.0477 seg 0.0753 cnt 1.6978 | shared_pairs det_seg 161/384 det_cnt 125/384 seg_cnt 98/384 | scores det_seg 1.3191 det_cnt 0.7742 seg_cnt 1.9372
[stage2] epoch 28/50 step 39 | loss 5.0857 | train det 0.0267 seg 0.0905 cnt 3.9612 | shared_pairs det_seg 147/384 det_cnt 131/384 seg_cnt 106/384 | scores det_seg -2.1493 det_cnt -0.2273 seg_cnt 1.9475
[stage2] epoch 28/50 step 40 | loss 10.3227 | train det 0.1150 seg 0.0948 cnt 7.8391 | shared_pairs det_seg 157/384 det_cnt 137/384 seg_cnt 90/384 | scores det_seg -0.9587 det_cnt 0.9329 seg_cnt 1.9059
[stage2] epoch 28/50 step 41 | loss 6.3660 | train det 0.0544 seg 0.0818 cnt 4.8959 | shared_pairs det_seg 163/384 det_cnt 139/384 seg_cnt 82/384 | scores det_seg 0.2352 det_cnt 1.7035 seg_cnt 0.8533
[stage2] epoch 28/50 step 42 | loss 7.6100 | train det 0.0651 seg 0.2498 cnt 4.6343 | shared_pairs det_seg 145/384 det_cnt 153/384 seg_cnt 86/384 | scores det_seg -0.7847 det_cnt -2.4026 seg_cnt -1.5030
[stage2] epoch 28/50 step 43 | loss 8.6282 | train det 0.1849 seg 0.0842 cnt 5.1805 | shared_pairs det_seg 141/384 det_cnt 161/384 seg_cnt 82/384 | scores det_seg 1.5290 det_cnt 5.2342 seg_cnt -0.5566
[stage2] epoch 28/50 | train 6.7240 | det 0.0757 seg 0.0964 cnt 4.8173 | selected_by_matrix_unit det_seg 6926 det_cnt 5997 seg_cnt 3589
[stage2] epoch 28 | val det 0.4935 seg 1.0556 miou 0.6178 cnt 5.1210 dens 9.639737e-01 mae 4.1570 total_mae 22.6805 | ap50 0.5720 | combo 1.430280
[stage2] epoch 29/50 step 1 | loss 12.1866 | train det 0.0159 seg 0.0565 cnt 11.4965 | shared_pairs det_seg 162/384 det_cnt 139/384 seg_cnt 83/384 | scores det_seg -0.3852 det_cnt 0.6056 seg_cnt -1.4830
[stage2] epoch 29/50 step 2 | loss 3.5110 | train det 0.0601 seg 0.0745 cnt 2.0143 | shared_pairs det_seg 155/384 det_cnt 142/384 seg_cnt 87/384 | scores det_seg -0.8666 det_cnt 1.7590 seg_cnt -0.1144
[stage2] epoch 29/50 step 3 | loss 4.9975 | train det 0.0445 seg 0.0902 cnt 3.6089 | shared_pairs det_seg 150/384 det_cnt 146/384 seg_cnt 88/384 | scores det_seg -0.9630 det_cnt 2.6242 seg_cnt 0.5714
[stage2] epoch 29/50 step 4 | loss 7.3173 | train det 0.0148 seg 0.2920 cnt 4.7591 | shared_pairs det_seg 166/384 det_cnt 140/384 seg_cnt 78/384 | scores det_seg 0.8403 det_cnt -1.0580 seg_cnt -1.2754
[stage2] epoch 29/50 step 5 | loss 10.3148 | train det 0.2178 seg 0.1080 cnt 6.1842 | shared_pairs det_seg 145/384 det_cnt 148/384 seg_cnt 91/384 | scores det_seg -0.3922 det_cnt 0.9247 seg_cnt 1.0162
[stage2] epoch 29/50 step 6 | loss 4.8231 | train det 0.0452 seg 0.0834 cnt 3.4771 | shared_pairs det_seg 177/384 det_cnt 125/384 seg_cnt 82/384 | scores det_seg 0.6957 det_cnt -3.0599 seg_cnt -1.2675
[stage2] epoch 29/50 step 7 | loss 6.6578 | train det 0.0874 seg 0.0988 cnt 4.5563 | shared_pairs det_seg 159/384 det_cnt 138/384 seg_cnt 87/384 | scores det_seg 0.3551 det_cnt -0.2746 seg_cnt 0.6121
[stage2] epoch 29/50 step 8 | loss 24.7839 | train det 0.1537 seg 0.0700 cnt 21.9176 | shared_pairs det_seg 158/384 det_cnt 135/384 seg_cnt 91/384 | scores det_seg 1.5762 det_cnt -1.3153 seg_cnt -0.5479
[stage2] epoch 29/50 step 9 | loss 3.8278 | train det 0.0759 seg 0.0595 cnt 2.2131 | shared_pairs det_seg 156/384 det_cnt 147/384 seg_cnt 81/384 | scores det_seg 2.8399 det_cnt 1.2301 seg_cnt 1.5603
[stage2] epoch 29/50 step 10 | loss 6.4906 | train det 0.1015 seg 0.0346 cnt 4.6915 | shared_pairs det_seg 161/384 det_cnt 137/384 seg_cnt 86/384 | scores det_seg -1.8893 det_cnt 1.3050 seg_cnt 2.1113
[stage2] epoch 29/50 step 11 | loss 11.8017 | train det 0.1976 seg 0.1185 cnt 7.8899 | shared_pairs det_seg 144/384 det_cnt 153/384 seg_cnt 87/384 | scores det_seg -2.4977 det_cnt 1.1849 seg_cnt 0.9450
[stage2] epoch 29/50 step 12 | loss 9.6685 | train det 0.0458 seg 0.0420 cnt 8.6458 | shared_pairs det_seg 154/384 det_cnt 147/384 seg_cnt 83/384 | scores det_seg -0.9055 det_cnt 0.0200 seg_cnt 1.0083
[stage2] epoch 29/50 step 13 | loss 3.2899 | train det 0.0483 seg 0.0899 cnt 1.8461 | shared_pairs det_seg 155/384 det_cnt 147/384 seg_cnt 82/384 | scores det_seg -0.4933 det_cnt 0.2336 seg_cnt 0.9972
[stage2] epoch 29/50 step 14 | loss 4.5251 | train det 0.0773 seg 0.0589 cnt 2.8949 | shared_pairs det_seg 179/384 det_cnt 131/384 seg_cnt 74/384 | scores det_seg 1.3156 det_cnt -0.0702 seg_cnt -1.5062
[stage2] epoch 29/50 step 15 | loss 8.3772 | train det 0.0520 seg 0.1041 cnt 6.7645 | shared_pairs det_seg 154/384 det_cnt 147/384 seg_cnt 83/384 | scores det_seg 4.2882 det_cnt 0.4328 seg_cnt 1.9486
[stage2] epoch 29/50 step 16 | loss 4.9468 | train det 0.0280 seg 0.1959 cnt 2.9594 | shared_pairs det_seg 165/384 det_cnt 139/384 seg_cnt 80/384 | scores det_seg -0.5050 det_cnt 0.7565 seg_cnt 0.1415
[stage2] epoch 29/50 step 17 | loss 7.4909 | train det 0.1049 seg 0.0968 cnt 5.1436 | shared_pairs det_seg 174/384 det_cnt 140/384 seg_cnt 70/384 | scores det_seg 1.5667 det_cnt -0.1712 seg_cnt -1.1149
[stage2] epoch 29/50 step 18 | loss 7.5432 | train det 0.0130 seg 0.0807 cnt 6.7033 | shared_pairs det_seg 154/384 det_cnt 144/384 seg_cnt 86/384 | scores det_seg -0.7728 det_cnt 1.0262 seg_cnt -1.1394
[stage2] epoch 29/50 step 19 | loss 5.6771 | train det 0.0447 seg 0.0471 cnt 4.6300 | shared_pairs det_seg 153/384 det_cnt 138/384 seg_cnt 93/384 | scores det_seg 0.2464 det_cnt -2.0791 seg_cnt -0.7245
[stage2] epoch 29/50 step 20 | loss 6.6025 | train det 0.0278 seg 0.1558 cnt 4.9392 | shared_pairs det_seg 171/384 det_cnt 127/384 seg_cnt 86/384 | scores det_seg 1.0901 det_cnt -1.0903 seg_cnt 1.1702
[stage2] epoch 29/50 step 21 | loss 6.0263 | train det 0.0529 seg 0.0659 cnt 4.7055 | shared_pairs det_seg 154/384 det_cnt 145/384 seg_cnt 85/384 | scores det_seg -0.7155 det_cnt 0.1679 seg_cnt 0.0835
[stage2] epoch 29/50 step 22 | loss 7.2589 | train det 0.0388 seg 0.0717 cnt 6.1037 | shared_pairs det_seg 170/384 det_cnt 133/384 seg_cnt 81/384 | scores det_seg -0.4405 det_cnt -1.5237 seg_cnt -1.1034
[stage2] epoch 29/50 step 23 | loss 6.1446 | train det 0.0214 seg 0.0595 cnt 5.3477 | shared_pairs det_seg 154/384 det_cnt 152/384 seg_cnt 78/384 | scores det_seg 1.6166 det_cnt 2.0840 seg_cnt -1.1819
[stage2] epoch 29/50 step 24 | loss 11.4053 | train det 0.1010 seg 0.0637 cnt 9.3814 | shared_pairs det_seg 181/384 det_cnt 132/384 seg_cnt 71/384 | scores det_seg 1.1954 det_cnt -2.4686 seg_cnt -2.0291
[stage2] epoch 29/50 step 25 | loss 6.6182 | train det 0.0224 seg 0.0702 cnt 5.7206 | shared_pairs det_seg 175/384 det_cnt 109/384 seg_cnt 100/384 | scores det_seg -1.8360 det_cnt -2.5934 seg_cnt 0.9918
[stage2] epoch 29/50 step 26 | loss 4.1342 | train det 0.1072 seg 0.1340 cnt 1.4548 | shared_pairs det_seg 159/384 det_cnt 146/384 seg_cnt 79/384 | scores det_seg -0.2682 det_cnt 0.5783 seg_cnt -1.3099
[stage2] epoch 29/50 step 27 | loss 3.5956 | train det 0.0218 seg 0.0738 cnt 2.6776 | shared_pairs det_seg 163/384 det_cnt 127/384 seg_cnt 94/384 | scores det_seg -0.1263 det_cnt -1.2621 seg_cnt 0.3884
[stage2] epoch 29/50 step 28 | loss 6.9167 | train det 0.0563 seg 0.1235 cnt 5.0847 | shared_pairs det_seg 156/384 det_cnt 129/384 seg_cnt 99/384 | scores det_seg -1.0722 det_cnt -3.1429 seg_cnt -0.8162
[stage2] epoch 29/50 step 29 | loss 8.7449 | train det 0.1615 seg 0.0800 cnt 5.6819 | shared_pairs det_seg 152/384 det_cnt 135/384 seg_cnt 97/384 | scores det_seg 0.1743 det_cnt -0.5577 seg_cnt 1.7848
[stage2] epoch 29/50 step 30 | loss 7.7079 | train det 0.1724 seg 0.1654 cnt 3.7990 | shared_pairs det_seg 152/384 det_cnt 159/384 seg_cnt 73/384 | scores det_seg 1.4881 det_cnt 2.1052 seg_cnt -0.8378
[stage2] epoch 29/50 step 31 | loss 5.2515 | train det 0.0543 seg 0.0680 cnt 3.8935 | shared_pairs det_seg 152/384 det_cnt 155/384 seg_cnt 77/384 | scores det_seg 1.2085 det_cnt 0.4326 seg_cnt 0.9660
[stage2] epoch 29/50 step 32 | loss 17.4525 | train det 0.0438 seg 0.0458 cnt 16.4287 | shared_pairs det_seg 172/384 det_cnt 129/384 seg_cnt 83/384 | scores det_seg 0.9789 det_cnt -2.0446 seg_cnt -0.7526
[stage2] epoch 29/50 step 33 | loss 4.1489 | train det 0.0420 seg 0.1273 cnt 2.5006 | shared_pairs det_seg 134/384 det_cnt 167/384 seg_cnt 83/384 | scores det_seg -2.0307 det_cnt 2.3713 seg_cnt -1.9676
[stage2] epoch 29/50 step 34 | loss 6.5724 | train det 0.0658 seg 0.0924 cnt 4.8464 | shared_pairs det_seg 173/384 det_cnt 125/384 seg_cnt 86/384 | scores det_seg 1.1808 det_cnt -1.1697 seg_cnt 0.6922
[stage2] epoch 29/50 step 35 | loss 7.4682 | train det 0.0153 seg 0.0819 cnt 6.5830 | shared_pairs det_seg 159/384 det_cnt 158/384 seg_cnt 67/384 | scores det_seg 0.1174 det_cnt -0.1724 seg_cnt -1.2748
[stage2] epoch 29/50 step 36 | loss 10.2767 | train det 0.1460 seg 0.0724 cnt 7.5085 | shared_pairs det_seg 157/384 det_cnt 146/384 seg_cnt 81/384 | scores det_seg -2.6807 det_cnt -0.0426 seg_cnt -1.8620
[stage2] epoch 29/50 step 37 | loss 2.6857 | train det 0.0205 seg 0.0835 cnt 1.7110 | shared_pairs det_seg 158/384 det_cnt 134/384 seg_cnt 92/384 | scores det_seg -0.3000 det_cnt -2.0133 seg_cnt 1.1747
[stage2] epoch 29/50 step 38 | loss 3.9488 | train det 0.0563 seg 0.1180 cnt 2.1605 | shared_pairs det_seg 177/384 det_cnt 127/384 seg_cnt 80/384 | scores det_seg 2.2667 det_cnt -0.0696 seg_cnt -0.0050
[stage2] epoch 29/50 step 39 | loss 6.9053 | train det 0.0463 seg 0.0621 cnt 5.7135 | shared_pairs det_seg 154/384 det_cnt 137/384 seg_cnt 93/384 | scores det_seg -0.4546 det_cnt 2.4188 seg_cnt 0.3744
[stage2] epoch 29/50 step 40 | loss 3.5740 | train det 0.0140 seg 0.0695 cnt 2.8078 | shared_pairs det_seg 169/384 det_cnt 142/384 seg_cnt 73/384 | scores det_seg 0.6844 det_cnt -0.5363 seg_cnt 1.4159
[stage2] epoch 29/50 step 41 | loss 10.5470 | train det 0.2566 seg 0.1255 cnt 5.6940 | shared_pairs det_seg 143/384 det_cnt 155/384 seg_cnt 86/384 | scores det_seg 3.2384 det_cnt 2.3332 seg_cnt 1.7705
[stage2] epoch 29/50 step 42 | loss 9.2411 | train det 0.0392 seg 0.0912 cnt 7.9238 | shared_pairs det_seg 140/384 det_cnt 160/384 seg_cnt 84/384 | scores det_seg -1.1908 det_cnt 1.9095 seg_cnt 1.3461
[stage2] epoch 29/50 step 43 | loss 6.8872 | train det 0.0785 seg 0.0475 cnt 5.3290 | shared_pairs det_seg 163/384 det_cnt 121/384 seg_cnt 100/384 | scores det_seg -1.2306 det_cnt -2.0706 seg_cnt 1.8966
[stage2] epoch 29/50 | train 7.4034 | det 0.0719 seg 0.0919 cnt 5.5905 | selected_by_matrix_unit det_seg 6859 det_cnt 6033 seg_cnt 3620
[stage2] epoch 29 | val det 0.4740 seg 1.0337 miou 0.6196 cnt 9.2744 dens 9.721260e-01 mae 8.3022 total_mae 54.7477 | ap50 0.5750 | combo 1.315098
[stage2] epoch 30/50 step 1 | loss 2.7256 | train det 0.0390 seg 0.1007 cnt 1.3348 | shared_pairs det_seg 156/384 det_cnt 147/384 seg_cnt 81/384 | scores det_seg -0.0289 det_cnt 0.9932 seg_cnt 0.2522
[stage2] epoch 30/50 step 2 | loss 6.0059 | train det 0.0705 seg 0.0785 cnt 4.3198 | shared_pairs det_seg 153/384 det_cnt 153/384 seg_cnt 78/384 | scores det_seg -3.1677 det_cnt -3.1178 seg_cnt 0.2125
[stage2] epoch 30/50 step 3 | loss 5.4126 | train det 0.0418 seg 0.0628 cnt 4.2833 | shared_pairs det_seg 146/384 det_cnt 152/384 seg_cnt 86/384 | scores det_seg 0.3982 det_cnt 0.9960 seg_cnt 0.9708
[stage2] epoch 30/50 step 4 | loss 4.2934 | train det 0.0677 seg 0.0876 cnt 2.5773 | shared_pairs det_seg 172/384 det_cnt 130/384 seg_cnt 82/384 | scores det_seg 0.1352 det_cnt -0.6693 seg_cnt -0.8222
[stage2] epoch 30/50 step 5 | loss 7.5779 | train det 0.1794 seg 0.0931 cnt 4.1421 | shared_pairs det_seg 158/384 det_cnt 141/384 seg_cnt 85/384 | scores det_seg -1.4999 det_cnt -0.0089 seg_cnt 1.3860
[stage2] epoch 30/50 step 6 | loss 4.8872 | train det 0.1002 seg 0.0775 cnt 2.7634 | shared_pairs det_seg 153/384 det_cnt 162/384 seg_cnt 69/384 | scores det_seg 0.0022 det_cnt 0.5514 seg_cnt -2.6279
[stage2] epoch 30/50 step 7 | loss 4.4623 | train det 0.0241 seg 0.1332 cnt 3.0354 | shared_pairs det_seg 150/384 det_cnt 152/384 seg_cnt 82/384 | scores det_seg 0.2293 det_cnt 1.0687 seg_cnt 0.9077
[stage2] epoch 30/50 step 8 | loss 5.5503 | train det 0.0661 seg 0.0292 cnt 4.3254 | shared_pairs det_seg 170/384 det_cnt 125/384 seg_cnt 89/384 | scores det_seg 0.7716 det_cnt -2.2863 seg_cnt 0.2682
[stage2] epoch 30/50 step 9 | loss 11.1212 | train det 0.3946 seg 0.1212 cnt 4.2326 | shared_pairs det_seg 175/384 det_cnt 142/384 seg_cnt 67/384 | scores det_seg 3.0885 det_cnt 1.5169 seg_cnt 0.5159
[stage2] epoch 30/50 step 10 | loss 8.4259 | train det 0.0393 seg 0.0677 cnt 7.2938 | shared_pairs det_seg 155/384 det_cnt 148/384 seg_cnt 81/384 | scores det_seg 1.4092 det_cnt 0.3737 seg_cnt 0.1775
[stage2] epoch 30/50 step 11 | loss 4.1857 | train det 0.0193 seg 0.1469 cnt 2.7212 | shared_pairs det_seg 156/384 det_cnt 136/384 seg_cnt 92/384 | scores det_seg 0.4187 det_cnt -0.2437 seg_cnt 1.3443
[stage2] epoch 30/50 step 12 | loss 12.3920 | train det 0.2388 seg 0.0906 cnt 8.0848 | shared_pairs det_seg 159/384 det_cnt 153/384 seg_cnt 72/384 | scores det_seg 3.0481 det_cnt 2.8443 seg_cnt -1.3480
[stage2] epoch 30/50 step 13 | loss 4.5992 | train det 0.0523 seg 0.0308 cnt 3.5690 | shared_pairs det_seg 152/384 det_cnt 148/384 seg_cnt 84/384 | scores det_seg -0.0213 det_cnt -0.6932 seg_cnt -0.9308
[stage2] epoch 30/50 step 14 | loss 3.0789 | train det 0.0240 seg 0.0697 cnt 2.1606 | shared_pairs det_seg 163/384 det_cnt 150/384 seg_cnt 71/384 | scores det_seg 0.7839 det_cnt 0.7098 seg_cnt -1.1583
[stage2] epoch 30/50 step 15 | loss 8.6746 | train det 0.0476 seg 0.1530 cnt 6.7364 | shared_pairs det_seg 165/384 det_cnt 140/384 seg_cnt 79/384 | scores det_seg -1.5477 det_cnt 0.0024 seg_cnt -2.5305
[stage2] epoch 30/50 step 16 | loss 7.6260 | train det 0.0273 seg 0.0633 cnt 6.7100 | shared_pairs det_seg 179/384 det_cnt 121/384 seg_cnt 84/384 | scores det_seg 1.6407 det_cnt -0.6844 seg_cnt -0.7082
[stage2] epoch 30/50 step 17 | loss 12.7861 | train det 0.3678 seg 0.0970 cnt 6.4931 | shared_pairs det_seg 142/384 det_cnt 169/384 seg_cnt 73/384 | scores det_seg 0.3390 det_cnt 5.6895 seg_cnt -0.5291
[stage2] epoch 30/50 step 18 | loss 8.8225 | train det 0.0365 seg 0.2278 cnt 6.4523 | shared_pairs det_seg 142/384 det_cnt 152/384 seg_cnt 90/384 | scores det_seg -2.6956 det_cnt -2.1972 seg_cnt 0.6138
[stage2] epoch 30/50 step 19 | loss 8.6739 | train det 0.1865 seg 0.1298 cnt 4.8384 | shared_pairs det_seg 161/384 det_cnt 131/384 seg_cnt 92/384 | scores det_seg -0.5958 det_cnt -4.8379 seg_cnt 0.0582
[stage2] epoch 30/50 step 20 | loss 4.4229 | train det 0.0488 seg 0.1276 cnt 2.6702 | shared_pairs det_seg 178/384 det_cnt 139/384 seg_cnt 67/384 | scores det_seg -0.6879 det_cnt -1.2199 seg_cnt -1.5879
[stage2] epoch 30/50 step 21 | loss 6.2198 | train det 0.0382 seg 0.1056 cnt 4.8023 | shared_pairs det_seg 171/384 det_cnt 128/384 seg_cnt 85/384 | scores det_seg 1.5248 det_cnt -2.9866 seg_cnt 0.0418
[stage2] epoch 30/50 step 22 | loss 7.6781 | train det 0.0413 seg 0.0967 cnt 6.2855 | shared_pairs det_seg 161/384 det_cnt 132/384 seg_cnt 91/384 | scores det_seg -0.5029 det_cnt -2.6096 seg_cnt -0.0813
[stage2] epoch 30/50 step 23 | loss 5.7292 | train det 0.0981 seg 0.0862 cnt 3.5677 | shared_pairs det_seg 161/384 det_cnt 139/384 seg_cnt 84/384 | scores det_seg -2.1652 det_cnt -2.9439 seg_cnt 0.2022
[stage2] epoch 30/50 step 24 | loss 7.2089 | train det 0.0445 seg 0.1548 cnt 5.3022 | shared_pairs det_seg 173/384 det_cnt 109/384 seg_cnt 102/384 | scores det_seg -1.8134 det_cnt -3.5862 seg_cnt 1.1399
[stage2] epoch 30/50 step 25 | loss 2.8151 | train det 0.0262 seg 0.1047 cnt 1.5852 | shared_pairs det_seg 163/384 det_cnt 138/384 seg_cnt 83/384 | scores det_seg 0.4532 det_cnt -0.3388 seg_cnt 0.3403
[stage2] epoch 30/50 step 26 | loss 7.9180 | train det 0.1050 seg 0.2112 cnt 4.6526 | shared_pairs det_seg 160/384 det_cnt 145/384 seg_cnt 79/384 | scores det_seg 0.7143 det_cnt -0.1427 seg_cnt -1.7161
[stage2] epoch 30/50 step 27 | loss 5.4087 | train det 0.0195 seg 0.1371 cnt 4.0192 | shared_pairs det_seg 156/384 det_cnt 139/384 seg_cnt 89/384 | scores det_seg -1.2539 det_cnt -0.6558 seg_cnt 0.5791
[stage2] epoch 30/50 step 28 | loss 4.7188 | train det 0.1143 seg 0.0650 cnt 2.4842 | shared_pairs det_seg 166/384 det_cnt 131/384 seg_cnt 87/384 | scores det_seg -0.7661 det_cnt -0.4787 seg_cnt 0.4030
[stage2] epoch 30/50 step 29 | loss 12.9354 | train det 0.6231 seg 0.0408 cnt 3.2628 | shared_pairs det_seg 167/384 det_cnt 140/384 seg_cnt 77/384 | scores det_seg 0.6821 det_cnt -0.6314 seg_cnt 0.5978
[stage2] epoch 30/50 step 30 | loss 7.4235 | train det 0.2518 seg 0.0984 cnt 2.8591 | shared_pairs det_seg 191/384 det_cnt 119/384 seg_cnt 74/384 | scores det_seg 3.8378 det_cnt 0.4171 seg_cnt -1.2953
[stage2] epoch 30/50 step 31 | loss 9.2778 | train det 0.3991 seg 0.0577 cnt 2.8303 | shared_pairs det_seg 139/384 det_cnt 157/384 seg_cnt 88/384 | scores det_seg 1.6472 det_cnt 4.1078 seg_cnt 1.6106
[stage2] epoch 30/50 step 32 | loss 5.8108 | train det 0.1052 seg 0.1311 cnt 3.1840 | shared_pairs det_seg 148/384 det_cnt 149/384 seg_cnt 87/384 | scores det_seg 0.4758 det_cnt 3.6117 seg_cnt 0.8260
[stage2] epoch 30/50 step 33 | loss 5.5551 | train det 0.1209 seg 0.0550 cnt 3.3012 | shared_pairs det_seg 158/384 det_cnt 134/384 seg_cnt 92/384 | scores det_seg 0.1099 det_cnt 0.0599 seg_cnt 1.1437
[stage2] epoch 30/50 step 34 | loss 7.8519 | train det 0.0373 seg 0.1489 cnt 6.1011 | shared_pairs det_seg 164/384 det_cnt 148/384 seg_cnt 72/384 | scores det_seg 2.3106 det_cnt 0.2084 seg_cnt -0.9460
[stage2] epoch 30/50 step 35 | loss 3.4735 | train det 0.0344 seg 0.0960 cnt 2.1893 | shared_pairs det_seg 160/384 det_cnt 132/384 seg_cnt 92/384 | scores det_seg 0.6389 det_cnt -0.3720 seg_cnt 1.6960
[stage2] epoch 30/50 step 36 | loss 7.1468 | train det 0.0269 seg 0.1155 cnt 5.8195 | shared_pairs det_seg 153/384 det_cnt 148/384 seg_cnt 83/384 | scores det_seg -2.3344 det_cnt 1.9029 seg_cnt -0.4454
[stage2] epoch 30/50 step 37 | loss 4.1331 | train det 0.0251 seg 0.0405 cnt 3.4329 | shared_pairs det_seg 150/384 det_cnt 129/384 seg_cnt 105/384 | scores det_seg -1.1902 det_cnt -1.1378 seg_cnt 0.6289
[stage2] epoch 30/50 step 38 | loss 5.1215 | train det 0.0664 seg 0.1505 cnt 2.9217 | shared_pairs det_seg 178/384 det_cnt 126/384 seg_cnt 80/384 | scores det_seg -0.3627 det_cnt -0.6986 seg_cnt -0.0717
[stage2] epoch 30/50 step 39 | loss 8.6206 | train det 0.0509 seg 0.1695 cnt 6.5005 | shared_pairs det_seg 177/384 det_cnt 122/384 seg_cnt 85/384 | scores det_seg 0.6433 det_cnt -0.7148 seg_cnt 1.6052
[stage2] epoch 30/50 step 40 | loss 6.0070 | train det 0.0364 seg 0.1799 cnt 4.0217 | shared_pairs det_seg 158/384 det_cnt 137/384 seg_cnt 89/384 | scores det_seg 0.5844 det_cnt 0.5460 seg_cnt -0.5613
[stage2] epoch 30/50 step 41 | loss 11.9591 | train det 0.1638 seg 0.0923 cnt 8.7643 | shared_pairs det_seg 143/384 det_cnt 148/384 seg_cnt 93/384 | scores det_seg -1.3328 det_cnt 1.0347 seg_cnt -0.4255
[stage2] epoch 30/50 step 42 | loss 10.3422 | train det 0.1130 seg 0.1147 cnt 7.7300 | shared_pairs det_seg 144/384 det_cnt 170/384 seg_cnt 70/384 | scores det_seg -1.1020 det_cnt 0.4789 seg_cnt -1.2148
[stage2] epoch 30/50 step 43 | loss 5.8252 | train det 0.0288 seg 0.1249 cnt 4.3939 | shared_pairs det_seg 156/384 det_cnt 138/384 seg_cnt 90/384 | scores det_seg 1.0997 det_cnt 0.3659 seg_cnt 1.2053
[stage2] epoch 30/50 | train 6.8582 | det 0.1080 seg 0.1062 cnt 4.3897 | selected_by_matrix_unit det_seg 6882 det_cnt 6049 seg_cnt 3581
[stage2] epoch 30 | val det 0.4964 seg 1.0809 miou 0.6186 cnt 6.4330 dens 9.813311e-01 mae 5.4517 total_mae 40.7412 | ap50 0.5744 | combo 1.376439
[stage2] epoch 31/50 step 1 | loss 5.2952 | train det 0.1129 seg 0.1502 cnt 2.4004 | shared_pairs det_seg 172/384 det_cnt 130/384 seg_cnt 82/384 | scores det_seg 1.4305 det_cnt -2.6451 seg_cnt 1.6818
[stage2] epoch 31/50 step 2 | loss 3.9816 | train det 0.0490 seg 0.0474 cnt 2.8676 | shared_pairs det_seg 142/384 det_cnt 152/384 seg_cnt 90/384 | scores det_seg -1.6721 det_cnt -0.0674 seg_cnt -0.2717
[stage2] epoch 31/50 step 3 | loss 4.8920 | train det 0.0202 seg 0.0718 cnt 4.0139 | shared_pairs det_seg 171/384 det_cnt 137/384 seg_cnt 76/384 | scores det_seg -0.1181 det_cnt 0.4418 seg_cnt -0.2812
[stage2] epoch 31/50 step 4 | loss 6.2845 | train det 0.2424 seg 0.0352 cnt 2.3673 | shared_pairs det_seg 158/384 det_cnt 140/384 seg_cnt 86/384 | scores det_seg -0.2839 det_cnt -0.3438 seg_cnt -0.3994
[stage2] epoch 31/50 step 5 | loss 3.9142 | train det 0.0222 seg 0.0605 cnt 3.0980 | shared_pairs det_seg 155/384 det_cnt 138/384 seg_cnt 91/384 | scores det_seg 0.0317 det_cnt -0.5564 seg_cnt -1.0188
[stage2] epoch 31/50 step 6 | loss 5.7652 | train det 0.1440 seg 0.0724 cnt 3.0263 | shared_pairs det_seg 165/384 det_cnt 136/384 seg_cnt 83/384 | scores det_seg 0.8970 det_cnt -0.6910 seg_cnt 1.6794
[stage2] epoch 31/50 step 7 | loss 6.4913 | train det 0.0908 seg 0.0955 cnt 4.3654 | shared_pairs det_seg 150/384 det_cnt 144/384 seg_cnt 90/384 | scores det_seg 0.7437 det_cnt 1.0128 seg_cnt 1.8027
[stage2] epoch 31/50 step 8 | loss 5.4254 | train det 0.0592 seg 0.1003 cnt 3.7353 | shared_pairs det_seg 171/384 det_cnt 129/384 seg_cnt 84/384 | scores det_seg 0.4089 det_cnt -1.5750 seg_cnt -0.7719
[stage2] epoch 31/50 step 9 | loss 4.4029 | train det 0.0257 seg 0.0929 cnt 3.2733 | shared_pairs det_seg 157/384 det_cnt 150/384 seg_cnt 77/384 | scores det_seg -1.3037 det_cnt 0.8941 seg_cnt 0.2416
[stage2] epoch 31/50 step 10 | loss 7.7343 | train det 0.1422 seg 0.0701 cnt 5.0412 | shared_pairs det_seg 153/384 det_cnt 138/384 seg_cnt 93/384 | scores det_seg -4.5703 det_cnt -1.7888 seg_cnt -0.2243
[stage2] epoch 31/50 step 11 | loss 6.6209 | train det 0.1106 seg 0.0653 cnt 4.4388 | shared_pairs det_seg 154/384 det_cnt 156/384 seg_cnt 74/384 | scores det_seg 0.5310 det_cnt 0.9979 seg_cnt 0.8766
[stage2] epoch 31/50 step 12 | loss 8.4168 | train det 0.0648 seg 0.0844 cnt 6.7702 | shared_pairs det_seg 164/384 det_cnt 130/384 seg_cnt 90/384 | scores det_seg 0.6984 det_cnt -1.5895 seg_cnt -0.4494
[stage2] epoch 31/50 step 13 | loss 7.4452 | train det 0.0182 seg 0.1634 cnt 5.8655 | shared_pairs det_seg 167/384 det_cnt 143/384 seg_cnt 74/384 | scores det_seg 0.9227 det_cnt -0.7104 seg_cnt 0.2844
[stage2] epoch 31/50 step 14 | loss 8.3838 | train det 0.1007 seg 0.1356 cnt 5.7879 | shared_pairs det_seg 157/384 det_cnt 138/384 seg_cnt 89/384 | scores det_seg -0.4935 det_cnt -1.1033 seg_cnt 1.8112
[stage2] epoch 31/50 step 15 | loss 6.6026 | train det 0.0686 seg 0.1106 cnt 4.6893 | shared_pairs det_seg 164/384 det_cnt 135/384 seg_cnt 85/384 | scores det_seg -0.8776 det_cnt -3.0442 seg_cnt -0.5449
[stage2] epoch 31/50 step 16 | loss 6.7336 | train det 0.0204 seg 0.1226 cnt 5.4476 | shared_pairs det_seg 162/384 det_cnt 139/384 seg_cnt 83/384 | scores det_seg 1.2086 det_cnt -1.4551 seg_cnt 0.8884
[stage2] epoch 31/50 step 17 | loss 4.2303 | train det 0.0179 seg 0.1240 cnt 2.9694 | shared_pairs det_seg 175/384 det_cnt 126/384 seg_cnt 83/384 | scores det_seg 0.4238 det_cnt -1.1434 seg_cnt 1.5327
[stage2] epoch 31/50 step 18 | loss 4.5016 | train det 0.0285 seg 0.1162 cnt 3.1442 | shared_pairs det_seg 145/384 det_cnt 162/384 seg_cnt 77/384 | scores det_seg -1.8023 det_cnt 0.8279 seg_cnt -0.7837
[stage2] epoch 31/50 step 19 | loss 8.4929 | train det 0.2839 seg 0.0729 cnt 3.6510 | shared_pairs det_seg 162/384 det_cnt 154/384 seg_cnt 68/384 | scores det_seg 0.0089 det_cnt 1.1494 seg_cnt 0.4683
[stage2] epoch 31/50 step 20 | loss 5.6388 | train det 0.0504 seg 0.0946 cnt 4.1262 | shared_pairs det_seg 165/384 det_cnt 124/384 seg_cnt 95/384 | scores det_seg 1.9078 det_cnt -3.2413 seg_cnt 2.2987
[stage2] epoch 31/50 step 21 | loss 2.5853 | train det 0.0223 seg 0.0802 cnt 1.6082 | shared_pairs det_seg 175/384 det_cnt 115/384 seg_cnt 94/384 | scores det_seg 3.6088 det_cnt -2.2510 seg_cnt 2.8052
[stage2] epoch 31/50 step 22 | loss 9.6512 | train det 0.0664 seg 0.0955 cnt 7.8910 | shared_pairs det_seg 147/384 det_cnt 148/384 seg_cnt 89/384 | scores det_seg -1.8032 det_cnt -0.1855 seg_cnt 1.1433
[stage2] epoch 31/50 step 23 | loss 9.4706 | train det 0.3411 seg 0.1037 cnt 3.5242 | shared_pairs det_seg 169/384 det_cnt 127/384 seg_cnt 88/384 | scores det_seg -0.5423 det_cnt -1.6845 seg_cnt -1.0182
[stage2] epoch 31/50 step 24 | loss 4.0571 | train det 0.0371 seg 0.1014 cnt 2.6892 | shared_pairs det_seg 165/384 det_cnt 136/384 seg_cnt 83/384 | scores det_seg -0.5210 det_cnt -3.7462 seg_cnt 0.1964
[stage2] epoch 31/50 step 25 | loss 3.9883 | train det 0.0188 seg 0.0737 cnt 3.1158 | shared_pairs det_seg 173/384 det_cnt 125/384 seg_cnt 86/384 | scores det_seg -2.1687 det_cnt -1.0314 seg_cnt -0.6934
[stage2] epoch 31/50 step 26 | loss 5.4808 | train det 0.0218 seg 0.0842 cnt 4.4804 | shared_pairs det_seg 163/384 det_cnt 136/384 seg_cnt 85/384 | scores det_seg 0.5344 det_cnt -0.5738 seg_cnt 1.4853
[stage2] epoch 31/50 step 27 | loss 5.2900 | train det 0.0183 seg 0.0672 cnt 4.4784 | shared_pairs det_seg 183/384 det_cnt 140/384 seg_cnt 61/384 | scores det_seg 4.3063 det_cnt -1.6360 seg_cnt -1.6059
[stage2] epoch 31/50 step 28 | loss 4.2389 | train det 0.1153 seg 0.0647 cnt 1.9924 | shared_pairs det_seg 176/384 det_cnt 122/384 seg_cnt 86/384 | scores det_seg 0.1375 det_cnt -3.7388 seg_cnt 0.5287
[stage2] epoch 31/50 step 29 | loss 5.7151 | train det 0.0632 seg 0.1129 cnt 3.8642 | shared_pairs det_seg 136/384 det_cnt 149/384 seg_cnt 99/384 | scores det_seg 1.3420 det_cnt 1.5768 seg_cnt 2.1299
[stage2] epoch 31/50 step 30 | loss 5.4083 | train det 0.0500 seg 0.0815 cnt 4.0061 | shared_pairs det_seg 152/384 det_cnt 138/384 seg_cnt 94/384 | scores det_seg 0.6026 det_cnt -0.1211 seg_cnt 2.2062
[stage2] epoch 31/50 step 31 | loss 5.9419 | train det 0.0403 seg 0.1260 cnt 4.3293 | shared_pairs det_seg 188/384 det_cnt 116/384 seg_cnt 80/384 | scores det_seg 2.3657 det_cnt -2.9998 seg_cnt -0.1020
[stage2] epoch 31/50 step 32 | loss 5.3429 | train det 0.1010 seg 0.0848 cnt 3.1500 | shared_pairs det_seg 137/384 det_cnt 154/384 seg_cnt 93/384 | scores det_seg -0.4880 det_cnt 1.0928 seg_cnt 0.1068
[stage2] epoch 31/50 step 33 | loss 4.7344 | train det 0.0853 seg 0.0716 cnt 2.8821 | shared_pairs det_seg 146/384 det_cnt 153/384 seg_cnt 85/384 | scores det_seg 0.3988 det_cnt 1.0104 seg_cnt 0.0032
[stage2] epoch 31/50 step 34 | loss 6.6783 | train det 0.1195 seg 0.0427 cnt 4.5440 | shared_pairs det_seg 175/384 det_cnt 131/384 seg_cnt 78/384 | scores det_seg 2.5153 det_cnt 1.1502 seg_cnt 1.3732
[stage2] epoch 31/50 step 35 | loss 4.1893 | train det 0.0237 seg 0.0428 cnt 3.4917 | shared_pairs det_seg 140/384 det_cnt 169/384 seg_cnt 75/384 | scores det_seg 1.3192 det_cnt 5.5869 seg_cnt -1.6410
[stage2] epoch 31/50 step 36 | loss 7.3992 | train det 0.1189 seg 0.0828 cnt 4.9534 | shared_pairs det_seg 137/384 det_cnt 162/384 seg_cnt 85/384 | scores det_seg -0.1924 det_cnt 1.7842 seg_cnt 0.9012
[stage2] epoch 31/50 step 37 | loss 8.5335 | train det 0.1044 seg 0.0685 cnt 6.4196 | shared_pairs det_seg 171/384 det_cnt 135/384 seg_cnt 78/384 | scores det_seg 0.1750 det_cnt -4.1069 seg_cnt -0.5227
[stage2] epoch 31/50 step 38 | loss 6.9526 | train det 0.0600 seg 0.1040 cnt 5.2200 | shared_pairs det_seg 155/384 det_cnt 139/384 seg_cnt 90/384 | scores det_seg -2.7977 det_cnt -2.1740 seg_cnt -1.3044
[stage2] epoch 31/50 step 39 | loss 4.3501 | train det 0.0280 seg 0.1326 cnt 2.8695 | shared_pairs det_seg 143/384 det_cnt 142/384 seg_cnt 99/384 | scores det_seg -1.7007 det_cnt -0.2520 seg_cnt 0.4178
[stage2] epoch 31/50 step 40 | loss 7.8454 | train det 0.2212 seg 0.1260 cnt 3.5196 | shared_pairs det_seg 167/384 det_cnt 136/384 seg_cnt 81/384 | scores det_seg -0.4461 det_cnt -2.5385 seg_cnt -0.6071
[stage2] epoch 31/50 step 41 | loss 3.4907 | train det 0.0241 seg 0.0677 cnt 2.5881 | shared_pairs det_seg 147/384 det_cnt 141/384 seg_cnt 96/384 | scores det_seg -3.0674 det_cnt 0.1510 seg_cnt -2.3803
[stage2] epoch 31/50 step 42 | loss 5.6876 | train det 0.1184 seg 0.1025 cnt 3.0917 | shared_pairs det_seg 156/384 det_cnt 130/384 seg_cnt 98/384 | scores det_seg 0.1324 det_cnt 0.4396 seg_cnt 2.3428
[stage2] epoch 31/50 step 43 | loss 4.7882 | train det 0.0827 seg 0.0661 cnt 3.0195 | shared_pairs det_seg 152/384 det_cnt 158/384 seg_cnt 74/384 | scores det_seg 0.1684 det_cnt 4.1297 seg_cnt -0.7598
[stage2] epoch 31/50 | train 5.8854 | det 0.0827 seg 0.0900 cnt 3.9258 | selected_by_matrix_unit det_seg 6862 det_cnt 6003 seg_cnt 3647
[stage2] epoch 31 | val det 0.5078 seg 1.0613 miou 0.6178 cnt 6.5351 dens 9.689290e-01 mae 5.5662 total_mae 30.6474 | ap50 0.5664 | combo 1.363899
[stage2] epoch 32/50 step 1 | loss 6.0807 | train det 0.0179 seg 0.0997 cnt 5.0140 | shared_pairs det_seg 142/384 det_cnt 149/384 seg_cnt 93/384 | scores det_seg -0.2163 det_cnt 0.0509 seg_cnt 0.8410
[stage2] epoch 32/50 step 2 | loss 9.3491 | train det 0.0441 seg 0.1083 cnt 7.8204 | shared_pairs det_seg 163/384 det_cnt 124/384 seg_cnt 97/384 | scores det_seg -0.0830 det_cnt 0.2067 seg_cnt 2.2981
[stage2] epoch 32/50 step 3 | loss 4.6018 | train det 0.0383 seg 0.1541 cnt 2.7946 | shared_pairs det_seg 158/384 det_cnt 148/384 seg_cnt 78/384 | scores det_seg -1.2453 det_cnt -1.4426 seg_cnt -0.8659
[stage2] epoch 32/50 step 4 | loss 4.2217 | train det 0.0581 seg 0.1200 cnt 2.3901 | shared_pairs det_seg 149/384 det_cnt 140/384 seg_cnt 95/384 | scores det_seg -1.6054 det_cnt -0.2968 seg_cnt 1.4980
[stage2] epoch 32/50 step 5 | loss 9.3296 | train det 0.1013 seg 0.0684 cnt 7.2628 | shared_pairs det_seg 153/384 det_cnt 129/384 seg_cnt 102/384 | scores det_seg -1.8370 det_cnt -0.2146 seg_cnt 2.5536
[stage2] epoch 32/50 step 6 | loss 6.7464 | train det 0.0393 seg 0.0725 cnt 5.5771 | shared_pairs det_seg 157/384 det_cnt 137/384 seg_cnt 90/384 | scores det_seg 1.1132 det_cnt 0.1277 seg_cnt 0.0912
[stage2] epoch 32/50 step 7 | loss 6.6477 | train det 0.0721 seg 0.1220 cnt 4.5905 | shared_pairs det_seg 150/384 det_cnt 139/384 seg_cnt 95/384 | scores det_seg 0.5714 det_cnt -1.0886 seg_cnt 0.8928
[stage2] epoch 32/50 step 8 | loss 8.5570 | train det 0.2298 seg 0.2188 cnt 3.3596 | shared_pairs det_seg 159/384 det_cnt 148/384 seg_cnt 77/384 | scores det_seg -0.8704 det_cnt 1.6366 seg_cnt -2.1749
[stage2] epoch 32/50 step 9 | loss 6.7416 | train det 0.0819 seg 0.0700 cnt 4.9527 | shared_pairs det_seg 158/384 det_cnt 128/384 seg_cnt 98/384 | scores det_seg -0.4449 det_cnt 0.4029 seg_cnt 1.4908
[stage2] epoch 32/50 step 10 | loss 4.8804 | train det 0.0345 seg 0.1099 cnt 3.4839 | shared_pairs det_seg 168/384 det_cnt 144/384 seg_cnt 72/384 | scores det_seg 1.5562 det_cnt 3.1048 seg_cnt 0.4702
[stage2] epoch 32/50 step 11 | loss 6.9504 | train det 0.0763 seg 0.1886 cnt 4.2974 | shared_pairs det_seg 160/384 det_cnt 144/384 seg_cnt 80/384 | scores det_seg 3.1158 det_cnt 0.7443 seg_cnt 0.0468
[stage2] epoch 32/50 step 12 | loss 6.4667 | train det 0.0637 seg 0.0837 cnt 4.8421 | shared_pairs det_seg 165/384 det_cnt 137/384 seg_cnt 82/384 | scores det_seg 1.9940 det_cnt -0.1109 seg_cnt 0.4871
[stage2] epoch 32/50 step 13 | loss 6.1407 | train det 0.0393 seg 0.1124 cnt 4.6515 | shared_pairs det_seg 161/384 det_cnt 144/384 seg_cnt 79/384 | scores det_seg 0.9049 det_cnt -2.5644 seg_cnt -0.8859
[stage2] epoch 32/50 step 14 | loss 5.7168 | train det 0.0266 seg 0.0689 cnt 4.7675 | shared_pairs det_seg 163/384 det_cnt 136/384 seg_cnt 85/384 | scores det_seg -0.0961 det_cnt -1.1440 seg_cnt -0.1045
[stage2] epoch 32/50 step 15 | loss 7.2447 | train det 0.1898 seg 0.1039 cnt 3.5663 | shared_pairs det_seg 168/384 det_cnt 143/384 seg_cnt 73/384 | scores det_seg 2.7268 det_cnt -0.9827 seg_cnt -0.5688
[stage2] epoch 32/50 step 16 | loss 4.1307 | train det 0.0564 seg 0.0775 cnt 2.6644 | shared_pairs det_seg 173/384 det_cnt 124/384 seg_cnt 87/384 | scores det_seg -0.2657 det_cnt -1.3248 seg_cnt -0.6717
[stage2] epoch 32/50 step 17 | loss 9.6340 | train det 0.1421 seg 0.0661 cnt 6.9744 | shared_pairs det_seg 142/384 det_cnt 155/384 seg_cnt 87/384 | scores det_seg -0.3172 det_cnt 2.9517 seg_cnt -0.9545
[stage2] epoch 32/50 step 18 | loss 16.9236 | train det 0.0561 seg 0.1081 cnt 15.2175 | shared_pairs det_seg 166/384 det_cnt 152/384 seg_cnt 66/384 | scores det_seg 0.3018 det_cnt 1.5683 seg_cnt -2.9871
[stage2] epoch 32/50 step 19 | loss 4.4231 | train det 0.0221 seg 0.0523 cnt 3.6738 | shared_pairs det_seg 158/384 det_cnt 144/384 seg_cnt 82/384 | scores det_seg 1.5906 det_cnt -0.0235 seg_cnt 0.9024
[stage2] epoch 32/50 step 20 | loss 3.5451 | train det 0.0275 seg 0.0955 cnt 2.3682 | shared_pairs det_seg 141/384 det_cnt 154/384 seg_cnt 89/384 | scores det_seg -0.6259 det_cnt 1.7890 seg_cnt 0.8245
[stage2] epoch 32/50 step 21 | loss 6.1785 | train det 0.0416 seg 0.0522 cnt 5.1369 | shared_pairs det_seg 140/384 det_cnt 159/384 seg_cnt 85/384 | scores det_seg -1.9780 det_cnt 0.9042 seg_cnt 0.4493
[stage2] epoch 32/50 step 22 | loss 4.7268 | train det 0.0299 seg 0.1059 cnt 3.4310 | shared_pairs det_seg 184/384 det_cnt 122/384 seg_cnt 78/384 | scores det_seg 0.6960 det_cnt -2.0302 seg_cnt -0.2844
[stage2] epoch 32/50 step 23 | loss 7.0097 | train det 0.0389 seg 0.0460 cnt 6.0580 | shared_pairs det_seg 163/384 det_cnt 134/384 seg_cnt 87/384 | scores det_seg -0.0341 det_cnt -0.6694 seg_cnt -0.8473
[stage2] epoch 32/50 step 24 | loss 6.6326 | train det 0.1573 seg 0.0377 cnt 3.9719 | shared_pairs det_seg 148/384 det_cnt 149/384 seg_cnt 87/384 | scores det_seg 0.3811 det_cnt 0.3743 seg_cnt -0.0624
[stage2] epoch 32/50 step 25 | loss 6.4582 | train det 0.0167 seg 0.1230 cnt 5.2244 | shared_pairs det_seg 159/384 det_cnt 137/384 seg_cnt 88/384 | scores det_seg -1.5760 det_cnt -3.1377 seg_cnt -0.6618
[stage2] epoch 32/50 step 26 | loss 12.4112 | train det 0.0499 seg 0.0812 cnt 11.0134 | shared_pairs det_seg 157/384 det_cnt 143/384 seg_cnt 84/384 | scores det_seg 0.5546 det_cnt -0.1350 seg_cnt -1.5489
[stage2] epoch 32/50 step 27 | loss 2.7214 | train det 0.0181 seg 0.0376 cnt 2.1483 | shared_pairs det_seg 159/384 det_cnt 142/384 seg_cnt 83/384 | scores det_seg 1.0449 det_cnt -0.1901 seg_cnt 2.3252
[stage2] epoch 32/50 step 28 | loss 4.5160 | train det 0.0495 seg 0.1100 cnt 2.8933 | shared_pairs det_seg 143/384 det_cnt 142/384 seg_cnt 99/384 | scores det_seg 0.1082 det_cnt -1.7186 seg_cnt 1.3665
[stage2] epoch 32/50 step 29 | loss 8.9023 | train det 0.0528 seg 0.0752 cnt 7.5093 | shared_pairs det_seg 171/384 det_cnt 137/384 seg_cnt 76/384 | scores det_seg 0.5812 det_cnt 1.1891 seg_cnt -1.1073
[stage2] epoch 32/50 step 30 | loss 6.6852 | train det 0.1494 seg 0.0680 cnt 3.9001 | shared_pairs det_seg 158/384 det_cnt 152/384 seg_cnt 74/384 | scores det_seg -1.4291 det_cnt 2.1123 seg_cnt -0.4526
[stage2] epoch 32/50 step 31 | loss 8.1258 | train det 0.0383 seg 0.1020 cnt 6.7362 | shared_pairs det_seg 165/384 det_cnt 130/384 seg_cnt 89/384 | scores det_seg 1.9578 det_cnt -3.5939 seg_cnt 0.4510
[stage2] epoch 32/50 step 32 | loss 4.2051 | train det 0.0063 seg 0.0811 cnt 3.4622 | shared_pairs det_seg 140/384 det_cnt 157/384 seg_cnt 87/384 | scores det_seg -0.7815 det_cnt 0.4396 seg_cnt -1.2629
[stage2] epoch 32/50 step 33 | loss 5.8293 | train det 0.0407 seg 0.0858 cnt 4.5327 | shared_pairs det_seg 190/384 det_cnt 113/384 seg_cnt 81/384 | scores det_seg 2.1854 det_cnt -2.0253 seg_cnt 0.9368
[stage2] epoch 32/50 step 34 | loss 4.2517 | train det 0.0645 seg 0.0661 cnt 2.7556 | shared_pairs det_seg 145/384 det_cnt 155/384 seg_cnt 84/384 | scores det_seg -1.2427 det_cnt 2.6060 seg_cnt -0.3767
[stage2] epoch 32/50 step 35 | loss 4.6499 | train det 0.0169 seg 0.1109 cnt 3.5099 | shared_pairs det_seg 148/384 det_cnt 145/384 seg_cnt 91/384 | scores det_seg 0.1983 det_cnt 1.1999 seg_cnt 1.1056
[stage2] epoch 32/50 step 36 | loss 7.4038 | train det 0.0771 seg 0.0251 cnt 6.0471 | shared_pairs det_seg 157/384 det_cnt 146/384 seg_cnt 81/384 | scores det_seg 2.5505 det_cnt 1.4689 seg_cnt 1.1701
[stage2] epoch 32/50 step 37 | loss 4.3774 | train det 0.0206 seg 0.0612 cnt 3.5787 | shared_pairs det_seg 150/384 det_cnt 152/384 seg_cnt 82/384 | scores det_seg 0.1240 det_cnt 1.9582 seg_cnt 0.3187
[stage2] epoch 32/50 step 38 | loss 5.4497 | train det 0.0438 seg 0.1415 cnt 3.6608 | shared_pairs det_seg 165/384 det_cnt 137/384 seg_cnt 82/384 | scores det_seg -0.6253 det_cnt 1.0912 seg_cnt 0.1287
[stage2] epoch 32/50 step 39 | loss 4.3917 | train det 0.0290 seg 0.0657 cnt 3.4312 | shared_pairs det_seg 155/384 det_cnt 142/384 seg_cnt 87/384 | scores det_seg 2.0393 det_cnt -0.5084 seg_cnt 1.0738
[stage2] epoch 32/50 step 40 | loss 5.0368 | train det 0.0699 seg 0.1180 cnt 3.0447 | shared_pairs det_seg 138/384 det_cnt 149/384 seg_cnt 97/384 | scores det_seg -4.1666 det_cnt -2.3948 seg_cnt 0.2340
[stage2] epoch 32/50 step 41 | loss 8.2148 | train det 0.1449 seg 0.0359 cnt 5.7535 | shared_pairs det_seg 155/384 det_cnt 157/384 seg_cnt 72/384 | scores det_seg 0.6096 det_cnt 1.1367 seg_cnt -1.0178
[stage2] epoch 32/50 step 42 | loss 11.5027 | train det 0.0454 seg 0.1059 cnt 9.9748 | shared_pairs det_seg 164/384 det_cnt 137/384 seg_cnt 83/384 | scores det_seg -0.2414 det_cnt -2.5357 seg_cnt -1.3521
[stage2] epoch 32/50 step 43 | loss 4.9572 | train det 0.0815 seg 0.0767 cnt 3.1207 | shared_pairs det_seg 157/384 det_cnt 143/384 seg_cnt 84/384 | scores det_seg 1.2174 det_cnt -0.0074 seg_cnt -0.6867
[stage2] epoch 32/50 | train 6.5807 | det 0.0628 seg 0.0910 cnt 4.9108 | selected_by_matrix_unit det_seg 6765 det_cnt 6099 seg_cnt 3648
[stage2] epoch 32 | val det 0.5115 seg 1.0849 miou 0.6171 cnt 5.7579 dens 9.676929e-01 mae 4.7902 total_mae 24.0349 | ap50 0.5731 | combo 1.399021
[stage2] epoch 33/50 step 1 | loss 7.6631 | train det 0.0513 seg 0.1230 cnt 5.9104 | shared_pairs det_seg 163/384 det_cnt 148/384 seg_cnt 73/384 | scores det_seg -0.5131 det_cnt 0.4895 seg_cnt -1.3818
[stage2] epoch 33/50 step 2 | loss 6.9305 | train det 0.0773 seg 0.1115 cnt 4.8790 | shared_pairs det_seg 145/384 det_cnt 141/384 seg_cnt 98/384 | scores det_seg -0.2879 det_cnt -0.2816 seg_cnt 2.0715
[stage2] epoch 33/50 step 3 | loss 5.1954 | train det 0.1173 seg 0.0760 cnt 2.8280 | shared_pairs det_seg 141/384 det_cnt 145/384 seg_cnt 98/384 | scores det_seg 0.0598 det_cnt 0.0556 seg_cnt 1.5057
[stage2] epoch 33/50 step 4 | loss 2.9962 | train det 0.0497 seg 0.0909 cnt 1.5237 | shared_pairs det_seg 154/384 det_cnt 147/384 seg_cnt 83/384 | scores det_seg 0.3677 det_cnt -0.2632 seg_cnt -0.8895
[stage2] epoch 33/50 step 5 | loss 5.9098 | train det 0.0250 seg 0.0768 cnt 4.9206 | shared_pairs det_seg 153/384 det_cnt 140/384 seg_cnt 91/384 | scores det_seg -2.2694 det_cnt 0.1295 seg_cnt -1.5797
[stage2] epoch 33/50 step 6 | loss 5.0242 | train det 0.0210 seg 0.0991 cnt 3.9159 | shared_pairs det_seg 153/384 det_cnt 138/384 seg_cnt 93/384 | scores det_seg -2.3351 det_cnt -1.3915 seg_cnt 0.2489
[stage2] epoch 33/50 step 7 | loss 5.4181 | train det 0.0373 seg 0.0838 cnt 4.1875 | shared_pairs det_seg 178/384 det_cnt 125/384 seg_cnt 81/384 | scores det_seg 1.3849 det_cnt -1.4762 seg_cnt -1.0508
[stage2] epoch 33/50 step 8 | loss 3.9452 | train det 0.0371 seg 0.0841 cnt 2.7161 | shared_pairs det_seg 166/384 det_cnt 145/384 seg_cnt 73/384 | scores det_seg 0.5768 det_cnt -1.5960 seg_cnt -1.7578
[stage2] epoch 33/50 step 9 | loss 5.6269 | train det 0.0650 seg 0.0798 cnt 4.0137 | shared_pairs det_seg 157/384 det_cnt 154/384 seg_cnt 73/384 | scores det_seg 0.4956 det_cnt -0.1857 seg_cnt -0.5048
[stage2] epoch 33/50 step 10 | loss 12.3882 | train det 0.0329 seg 0.1081 cnt 11.0297 | shared_pairs det_seg 187/384 det_cnt 123/384 seg_cnt 74/384 | scores det_seg 2.9978 det_cnt 1.0129 seg_cnt -0.6445
[stage2] epoch 33/50 step 11 | loss 6.6243 | train det 0.0214 seg 0.0842 cnt 5.6297 | shared_pairs det_seg 164/384 det_cnt 138/384 seg_cnt 82/384 | scores det_seg 0.5013 det_cnt -1.3879 seg_cnt -1.0993
[stage2] epoch 33/50 step 12 | loss 7.1982 | train det 0.1233 seg 0.0888 cnt 4.6383 | shared_pairs det_seg 158/384 det_cnt 147/384 seg_cnt 79/384 | scores det_seg -0.3860 det_cnt 3.5401 seg_cnt 1.4622
[stage2] epoch 33/50 step 13 | loss 3.7869 | train det 0.0564 seg 0.0594 cnt 2.4647 | shared_pairs det_seg 166/384 det_cnt 124/384 seg_cnt 94/384 | scores det_seg -0.2364 det_cnt -1.3159 seg_cnt 0.5583
[stage2] epoch 33/50 step 14 | loss 5.6993 | train det 0.0333 seg 0.0745 cnt 4.6029 | shared_pairs det_seg 144/384 det_cnt 146/384 seg_cnt 94/384 | scores det_seg -2.4508 det_cnt -1.4536 seg_cnt 0.6002
[stage2] epoch 33/50 step 15 | loss 4.0840 | train det 0.0172 seg 0.1000 cnt 3.0252 | shared_pairs det_seg 164/384 det_cnt 129/384 seg_cnt 91/384 | scores det_seg 1.7035 det_cnt -0.6136 seg_cnt 0.8275
[stage2] epoch 33/50 step 16 | loss 7.4550 | train det 0.0645 seg 0.1354 cnt 5.4039 | shared_pairs det_seg 167/384 det_cnt 138/384 seg_cnt 79/384 | scores det_seg -0.6295 det_cnt -2.2721 seg_cnt -0.8466
[stage2] epoch 33/50 step 17 | loss 3.4277 | train det 0.0269 seg 0.0322 cnt 2.7666 | shared_pairs det_seg 140/384 det_cnt 148/384 seg_cnt 96/384 | scores det_seg -1.0736 det_cnt -0.8556 seg_cnt 0.0688
[stage2] epoch 33/50 step 18 | loss 6.4325 | train det 0.0569 seg 0.1149 cnt 4.6598 | shared_pairs det_seg 155/384 det_cnt 141/384 seg_cnt 88/384 | scores det_seg 1.8801 det_cnt 0.4504 seg_cnt 1.1202
[stage2] epoch 33/50 step 19 | loss 7.7036 | train det 0.0320 seg 0.0518 cnt 6.8102 | shared_pairs det_seg 153/384 det_cnt 144/384 seg_cnt 87/384 | scores det_seg 0.4246 det_cnt -0.4120 seg_cnt -0.1448
[stage2] epoch 33/50 step 20 | loss 5.3031 | train det 0.0371 seg 0.1141 cnt 3.8345 | shared_pairs det_seg 154/384 det_cnt 149/384 seg_cnt 81/384 | scores det_seg -1.7097 det_cnt -2.1159 seg_cnt -3.0479
[stage2] epoch 33/50 step 21 | loss 34.9092 | train det 0.0783 seg 0.1539 cnt 32.5038 | shared_pairs det_seg 161/384 det_cnt 148/384 seg_cnt 75/384 | scores det_seg -0.5792 det_cnt 2.4149 seg_cnt -0.9012
[stage2] epoch 33/50 step 22 | loss 8.5637 | train det 0.0600 seg 0.0302 cnt 7.4219 | shared_pairs det_seg 162/384 det_cnt 142/384 seg_cnt 80/384 | scores det_seg 1.4297 det_cnt 1.8471 seg_cnt -0.2131
[stage2] epoch 33/50 step 23 | loss 8.4878 | train det 0.0452 seg 0.0839 cnt 7.1381 | shared_pairs det_seg 138/384 det_cnt 163/384 seg_cnt 83/384 | scores det_seg 0.9786 det_cnt 3.3189 seg_cnt 1.0741
[stage2] epoch 33/50 step 24 | loss 6.5500 | train det 0.1191 seg 0.1496 cnt 3.5662 | shared_pairs det_seg 169/384 det_cnt 125/384 seg_cnt 90/384 | scores det_seg 0.3013 det_cnt 0.0410 seg_cnt 1.6723
[stage2] epoch 33/50 step 25 | loss 7.5818 | train det 0.1112 seg 0.0631 cnt 5.4087 | shared_pairs det_seg 182/384 det_cnt 117/384 seg_cnt 85/384 | scores det_seg 2.4345 det_cnt -3.4213 seg_cnt 0.1917
[stage2] epoch 33/50 step 26 | loss 7.8108 | train det 0.0576 seg 0.1171 cnt 6.0104 | shared_pairs det_seg 158/384 det_cnt 140/384 seg_cnt 86/384 | scores det_seg -0.2932 det_cnt 1.1700 seg_cnt -0.5170
[stage2] epoch 33/50 step 27 | loss 5.0513 | train det 0.0535 seg 0.1332 cnt 3.1823 | shared_pairs det_seg 158/384 det_cnt 129/384 seg_cnt 97/384 | scores det_seg -1.4817 det_cnt -2.4449 seg_cnt 0.2446
[stage2] epoch 33/50 step 28 | loss 4.6542 | train det 0.0902 seg 0.1187 cnt 2.3520 | shared_pairs det_seg 161/384 det_cnt 128/384 seg_cnt 95/384 | scores det_seg 0.8024 det_cnt -1.5145 seg_cnt 0.2769
[stage2] epoch 33/50 step 29 | loss 5.5284 | train det 0.0361 seg 0.0873 cnt 4.2888 | shared_pairs det_seg 160/384 det_cnt 148/384 seg_cnt 76/384 | scores det_seg 2.1267 det_cnt 0.3307 seg_cnt -0.3569
[stage2] epoch 33/50 step 30 | loss 4.9648 | train det 0.0850 seg 0.0916 cnt 2.9562 | shared_pairs det_seg 164/384 det_cnt 143/384 seg_cnt 77/384 | scores det_seg 1.9763 det_cnt -0.2221 seg_cnt -0.3931
[stage2] epoch 33/50 step 31 | loss 7.8959 | train det 0.1899 seg 0.0867 cnt 4.3545 | shared_pairs det_seg 160/384 det_cnt 149/384 seg_cnt 75/384 | scores det_seg 0.2307 det_cnt 0.1856 seg_cnt 0.4538
[stage2] epoch 33/50 step 32 | loss 4.0161 | train det 0.0408 seg 0.0686 cnt 2.8561 | shared_pairs det_seg 163/384 det_cnt 140/384 seg_cnt 81/384 | scores det_seg 0.7000 det_cnt -0.3165 seg_cnt -1.4458
[stage2] epoch 33/50 step 33 | loss 10.5291 | train det 0.3340 seg 0.1079 cnt 4.6560 | shared_pairs det_seg 176/384 det_cnt 141/384 seg_cnt 67/384 | scores det_seg 2.5477 det_cnt 0.2320 seg_cnt -2.4383
[stage2] epoch 33/50 step 34 | loss 14.6089 | train det 0.3848 seg 0.1178 cnt 7.8943 | shared_pairs det_seg 158/384 det_cnt 140/384 seg_cnt 86/384 | scores det_seg 0.5020 det_cnt 1.7613 seg_cnt -0.7977
[stage2] epoch 33/50 step 35 | loss 6.6684 | train det 0.0236 seg 0.0574 cnt 5.8544 | shared_pairs det_seg 157/384 det_cnt 142/384 seg_cnt 85/384 | scores det_seg 0.5543 det_cnt 0.4619 seg_cnt -0.0977
[stage2] epoch 33/50 step 36 | loss 5.3129 | train det 0.0066 seg 0.1436 cnt 4.0654 | shared_pairs det_seg 143/384 det_cnt 141/384 seg_cnt 100/384 | scores det_seg -0.3254 det_cnt 0.1996 seg_cnt 1.2704
[stage2] epoch 33/50 step 37 | loss 4.6734 | train det 0.0411 seg 0.1007 cnt 3.2503 | shared_pairs det_seg 143/384 det_cnt 163/384 seg_cnt 78/384 | scores det_seg 0.2651 det_cnt 1.6040 seg_cnt -0.4363
[stage2] epoch 33/50 step 38 | loss 5.8721 | train det 0.0701 seg 0.0704 cnt 4.2581 | shared_pairs det_seg 150/384 det_cnt 139/384 seg_cnt 95/384 | scores det_seg -1.9083 det_cnt 0.6795 seg_cnt -0.1549
[stage2] epoch 33/50 step 39 | loss 5.6387 | train det 0.1388 seg 0.0481 cnt 3.1714 | shared_pairs det_seg 159/384 det_cnt 143/384 seg_cnt 82/384 | scores det_seg -0.5282 det_cnt 1.0577 seg_cnt 0.0036
[stage2] epoch 33/50 step 40 | loss 5.3862 | train det 0.0492 seg 0.0514 cnt 4.2368 | shared_pairs det_seg 165/384 det_cnt 149/384 seg_cnt 70/384 | scores det_seg -0.6272 det_cnt 0.1922 seg_cnt -0.7582
[stage2] epoch 33/50 step 41 | loss 4.1890 | train det 0.0334 seg 0.1252 cnt 2.6858 | shared_pairs det_seg 147/384 det_cnt 143/384 seg_cnt 94/384 | scores det_seg -0.6617 det_cnt 0.5458 seg_cnt -0.1622
[stage2] epoch 33/50 step 42 | loss 5.2701 | train det 0.0215 seg 0.0759 cnt 4.3402 | shared_pairs det_seg 182/384 det_cnt 122/384 seg_cnt 80/384 | scores det_seg 2.8305 det_cnt -2.0976 seg_cnt 0.4989
[stage2] epoch 33/50 step 43 | loss 6.1583 | train det 0.0262 seg 0.0993 cnt 4.9708 | shared_pairs det_seg 149/384 det_cnt 147/384 seg_cnt 88/384 | scores det_seg -0.0221 det_cnt 1.4184 seg_cnt -0.4221
[stage2] epoch 33/50 | train 6.9566 | det 0.0716 seg 0.0923 cnt 5.1438 | selected_by_matrix_unit det_seg 6827 det_cnt 6052 seg_cnt 3633
[stage2] epoch 33 | val det 0.5068 seg 1.0700 miou 0.6204 cnt 9.8369 dens 1.009408e+00 mae 8.8275 total_mae 56.1459 | ap50 0.5740 | combo 1.307770
[stage2] epoch 34/50 step 1 | loss 3.9321 | train det 0.0399 seg 0.0666 cnt 2.8016 | shared_pairs det_seg 153/384 det_cnt 154/384 seg_cnt 77/384 | scores det_seg 2.7552 det_cnt 1.7848 seg_cnt -0.0125
[stage2] epoch 34/50 step 2 | loss 3.6223 | train det 0.0792 seg 0.1052 cnt 1.5931 | shared_pairs det_seg 166/384 det_cnt 138/384 seg_cnt 80/384 | scores det_seg 1.9738 det_cnt 0.3851 seg_cnt -0.3641
[stage2] epoch 34/50 step 3 | loss 3.6996 | train det 0.0373 seg 0.0999 cnt 2.3401 | shared_pairs det_seg 157/384 det_cnt 138/384 seg_cnt 89/384 | scores det_seg -2.0483 det_cnt -2.5636 seg_cnt 1.5443
[stage2] epoch 34/50 step 4 | loss 11.0395 | train det 0.1247 seg 0.0735 cnt 8.5814 | shared_pairs det_seg 167/384 det_cnt 139/384 seg_cnt 78/384 | scores det_seg 1.4528 det_cnt -1.5022 seg_cnt -0.9658
[stage2] epoch 34/50 step 5 | loss 8.7253 | train det 0.3644 seg 0.0859 cnt 2.5723 | shared_pairs det_seg 152/384 det_cnt 151/384 seg_cnt 81/384 | scores det_seg -2.2177 det_cnt 0.8148 seg_cnt -1.2010
[stage2] epoch 34/50 step 6 | loss 4.6196 | train det 0.0446 seg 0.0402 cnt 3.6290 | shared_pairs det_seg 157/384 det_cnt 133/384 seg_cnt 94/384 | scores det_seg 1.2273 det_cnt -1.5177 seg_cnt 1.8134
[stage2] epoch 34/50 step 7 | loss 3.6371 | train det 0.0252 seg 0.0612 cnt 2.7689 | shared_pairs det_seg 153/384 det_cnt 150/384 seg_cnt 81/384 | scores det_seg 1.7600 det_cnt 1.5512 seg_cnt 1.0028
[stage2] epoch 34/50 step 8 | loss 5.5149 | train det 0.0966 seg 0.0983 cnt 3.2791 | shared_pairs det_seg 139/384 det_cnt 155/384 seg_cnt 90/384 | scores det_seg 0.8660 det_cnt 0.3529 seg_cnt -0.3311
[stage2] epoch 34/50 step 9 | loss 6.0918 | train det 0.0824 seg 0.1019 cnt 4.0397 | shared_pairs det_seg 159/384 det_cnt 140/384 seg_cnt 85/384 | scores det_seg 0.6122 det_cnt 3.3155 seg_cnt 1.1692
[stage2] epoch 34/50 step 10 | loss 22.6459 | train det 0.0680 seg 0.1000 cnt 20.8267 | shared_pairs det_seg 176/384 det_cnt 118/384 seg_cnt 90/384 | scores det_seg 1.1104 det_cnt -2.5838 seg_cnt -0.0370
[stage2] epoch 34/50 step 11 | loss 4.5212 | train det 0.0543 seg 0.0571 cnt 3.2503 | shared_pairs det_seg 163/384 det_cnt 125/384 seg_cnt 96/384 | scores det_seg -0.5291 det_cnt -0.5106 seg_cnt -0.4041
[stage2] epoch 34/50 step 12 | loss 6.8497 | train det 0.0757 seg 0.1505 cnt 4.5100 | shared_pairs det_seg 145/384 det_cnt 157/384 seg_cnt 82/384 | scores det_seg -2.5690 det_cnt 0.2787 seg_cnt -1.9872
[stage2] epoch 34/50 step 13 | loss 3.7827 | train det 0.0329 seg 0.0628 cnt 2.7865 | shared_pairs det_seg 164/384 det_cnt 148/384 seg_cnt 72/384 | scores det_seg 1.1281 det_cnt 0.6848 seg_cnt -1.7541
[stage2] epoch 34/50 step 14 | loss 3.8400 | train det 0.0390 seg 0.0639 cnt 2.7444 | shared_pairs det_seg 155/384 det_cnt 142/384 seg_cnt 87/384 | scores det_seg -0.9816 det_cnt 2.2434 seg_cnt -1.0745
[stage2] epoch 34/50 step 15 | loss 9.4628 | train det 0.0277 seg 0.0976 cnt 8.2659 | shared_pairs det_seg 158/384 det_cnt 149/384 seg_cnt 77/384 | scores det_seg -0.5115 det_cnt 3.1302 seg_cnt 0.1268
[stage2] epoch 34/50 step 16 | loss 3.9792 | train det 0.0383 seg 0.0639 cnt 2.8935 | shared_pairs det_seg 142/384 det_cnt 156/384 seg_cnt 86/384 | scores det_seg 0.2684 det_cnt 1.8209 seg_cnt -0.8083
[stage2] epoch 34/50 step 17 | loss 3.0658 | train det 0.0550 seg 0.0469 cnt 1.8646 | shared_pairs det_seg 161/384 det_cnt 134/384 seg_cnt 89/384 | scores det_seg 0.9676 det_cnt -0.6071 seg_cnt 1.9147
[stage2] epoch 34/50 step 18 | loss 4.5167 | train det 0.0771 seg 0.0635 cnt 2.8519 | shared_pairs det_seg 154/384 det_cnt 133/384 seg_cnt 97/384 | scores det_seg -1.2818 det_cnt -0.2094 seg_cnt -0.6980
[stage2] epoch 34/50 step 19 | loss 2.5598 | train det 0.0517 seg 0.0431 cnt 1.4400 | shared_pairs det_seg 168/384 det_cnt 132/384 seg_cnt 84/384 | scores det_seg 0.2441 det_cnt -0.5405 seg_cnt -2.1665
[stage2] epoch 34/50 step 20 | loss 8.5629 | train det 0.1193 seg 0.0668 cnt 6.2382 | shared_pairs det_seg 183/384 det_cnt 122/384 seg_cnt 79/384 | scores det_seg 2.9647 det_cnt -1.6362 seg_cnt -1.4639
[stage2] epoch 34/50 step 21 | loss 6.9392 | train det 0.0234 seg 0.0982 cnt 5.8022 | shared_pairs det_seg 159/384 det_cnt 125/384 seg_cnt 100/384 | scores det_seg 0.6627 det_cnt -0.9453 seg_cnt 1.6498
[stage2] epoch 34/50 step 22 | loss 3.6508 | train det 0.0201 seg 0.1169 cnt 2.4146 | shared_pairs det_seg 178/384 det_cnt 127/384 seg_cnt 79/384 | scores det_seg 2.7310 det_cnt -0.7685 seg_cnt -0.5649
[stage2] epoch 34/50 step 23 | loss 4.5367 | train det 0.0765 seg 0.0873 cnt 2.6914 | shared_pairs det_seg 144/384 det_cnt 146/384 seg_cnt 94/384 | scores det_seg -0.3272 det_cnt 1.8817 seg_cnt 0.0209
[stage2] epoch 34/50 step 24 | loss 3.9067 | train det 0.0321 seg 0.1228 cnt 2.4425 | shared_pairs det_seg 145/384 det_cnt 149/384 seg_cnt 90/384 | scores det_seg -0.8822 det_cnt 0.1351 seg_cnt -0.6559
[stage2] epoch 34/50 step 25 | loss 7.2696 | train det 0.1940 seg 0.0874 cnt 3.6611 | shared_pairs det_seg 157/384 det_cnt 131/384 seg_cnt 96/384 | scores det_seg 1.3560 det_cnt 0.3762 seg_cnt 0.5736
[stage2] epoch 34/50 step 26 | loss 4.6408 | train det 0.1162 seg 0.0383 cnt 2.5914 | shared_pairs det_seg 182/384 det_cnt 127/384 seg_cnt 75/384 | scores det_seg 2.3443 det_cnt -1.3792 seg_cnt -1.6451
[stage2] epoch 34/50 step 27 | loss 3.0988 | train det 0.0237 seg 0.0438 cnt 2.3924 | shared_pairs det_seg 166/384 det_cnt 131/384 seg_cnt 87/384 | scores det_seg 2.3555 det_cnt -1.5452 seg_cnt -0.4863
[stage2] epoch 34/50 step 28 | loss 10.4887 | train det 0.1916 seg 0.0335 cnt 7.3464 | shared_pairs det_seg 150/384 det_cnt 139/384 seg_cnt 95/384 | scores det_seg -1.5373 det_cnt 0.3872 seg_cnt 0.1185
[stage2] epoch 34/50 step 29 | loss 3.1587 | train det 0.0543 seg 0.0358 cnt 2.0577 | shared_pairs det_seg 161/384 det_cnt 121/384 seg_cnt 102/384 | scores det_seg -0.4247 det_cnt -1.9073 seg_cnt 0.1680
[stage2] epoch 34/50 step 30 | loss 5.3454 | train det 0.0381 seg 0.1465 cnt 3.6026 | shared_pairs det_seg 164/384 det_cnt 128/384 seg_cnt 92/384 | scores det_seg -0.0832 det_cnt -1.2631 seg_cnt 0.6949
[stage2] epoch 34/50 step 31 | loss 4.4735 | train det 0.0682 seg 0.0968 cnt 2.6763 | shared_pairs det_seg 137/384 det_cnt 148/384 seg_cnt 99/384 | scores det_seg -1.8583 det_cnt 0.7331 seg_cnt 0.9266
[stage2] epoch 34/50 step 32 | loss 3.9306 | train det 0.0268 seg 0.0924 cnt 2.7886 | shared_pairs det_seg 146/384 det_cnt 143/384 seg_cnt 95/384 | scores det_seg -0.9606 det_cnt 1.2639 seg_cnt -0.8401
[stage2] epoch 34/50 step 33 | loss 5.4058 | train det 0.0343 seg 0.0383 cnt 4.5853 | shared_pairs det_seg 154/384 det_cnt 144/384 seg_cnt 86/384 | scores det_seg 0.7800 det_cnt 0.9342 seg_cnt 1.0341
[stage2] epoch 34/50 step 34 | loss 18.4356 | train det 0.0112 seg 0.1177 cnt 17.3262 | shared_pairs det_seg 135/384 det_cnt 139/384 seg_cnt 110/384 | scores det_seg -1.1497 det_cnt 2.6299 seg_cnt 1.3915
[stage2] epoch 34/50 step 35 | loss 4.2993 | train det 0.0243 seg 0.1035 cnt 3.1068 | shared_pairs det_seg 167/384 det_cnt 143/384 seg_cnt 74/384 | scores det_seg 1.7655 det_cnt 2.4492 seg_cnt -1.5444
[stage2] epoch 34/50 step 36 | loss 6.7852 | train det 0.0852 seg 0.1198 cnt 4.5491 | shared_pairs det_seg 174/384 det_cnt 134/384 seg_cnt 76/384 | scores det_seg -0.0002 det_cnt 0.7144 seg_cnt -1.0000
[stage2] epoch 34/50 step 37 | loss 4.0922 | train det 0.0355 seg 0.1533 cnt 2.3335 | shared_pairs det_seg 159/384 det_cnt 141/384 seg_cnt 84/384 | scores det_seg -0.9298 det_cnt 0.7778 seg_cnt -0.8136
[stage2] epoch 34/50 step 38 | loss 4.7071 | train det 0.0674 seg 0.0942 cnt 2.9423 | shared_pairs det_seg 161/384 det_cnt 130/384 seg_cnt 93/384 | scores det_seg 0.6736 det_cnt -0.0157 seg_cnt 1.3229
[stage2] epoch 34/50 step 39 | loss 10.2935 | train det 0.0241 seg 0.1167 cnt 8.9988 | shared_pairs det_seg 156/384 det_cnt 143/384 seg_cnt 85/384 | scores det_seg 0.1867 det_cnt 1.5774 seg_cnt 2.0864
[stage2] epoch 34/50 step 40 | loss 5.5930 | train det 0.1612 seg 0.0597 cnt 2.6978 | shared_pairs det_seg 157/384 det_cnt 139/384 seg_cnt 88/384 | scores det_seg 0.3589 det_cnt 1.8803 seg_cnt 1.5939
[stage2] epoch 34/50 step 41 | loss 7.7321 | train det 0.3421 seg 0.0631 cnt 2.0957 | shared_pairs det_seg 162/384 det_cnt 138/384 seg_cnt 84/384 | scores det_seg 1.1223 det_cnt 0.9601 seg_cnt 0.1753
[stage2] epoch 34/50 step 42 | loss 4.2795 | train det 0.0329 seg 0.1225 cnt 2.8059 | shared_pairs det_seg 149/384 det_cnt 147/384 seg_cnt 88/384 | scores det_seg -0.2517 det_cnt -0.6208 seg_cnt -0.3212
[stage2] epoch 34/50 step 43 | loss 2.8476 | train det 0.0077 seg 0.0892 cnt 2.0188 | shared_pairs det_seg 144/384 det_cnt 156/384 seg_cnt 84/384 | scores det_seg -2.4735 det_cnt 1.7014 seg_cnt -0.7699
[stage2] epoch 34/50 | train 6.0600 | det 0.0750 seg 0.0843 cnt 4.2606 | selected_by_matrix_unit det_seg 6779 det_cnt 5983 seg_cnt 3750
[stage2] epoch 34 | val det 0.4974 seg 1.0598 miou 0.6201 cnt 5.1248 dens 9.648662e-01 mae 4.1599 total_mae 20.2929 | ap50 0.5743 | combo 1.434788
[stage2] epoch 35/50 step 1 | loss 5.7384 | train det 0.0211 seg 0.0659 cnt 4.8947 | shared_pairs det_seg 138/384 det_cnt 151/384 seg_cnt 95/384 | scores det_seg -3.4299 det_cnt -0.1683 seg_cnt -0.9703
[stage2] epoch 35/50 step 2 | loss 3.8139 | train det 0.0691 seg 0.1180 cnt 1.8337 | shared_pairs det_seg 166/384 det_cnt 128/384 seg_cnt 90/384 | scores det_seg 0.8271 det_cnt -1.6848 seg_cnt -0.5183
[stage2] epoch 35/50 step 3 | loss 5.6368 | train det 0.0964 seg 0.0683 cnt 3.6448 | shared_pairs det_seg 160/384 det_cnt 130/384 seg_cnt 94/384 | scores det_seg 1.2481 det_cnt -0.9406 seg_cnt 0.5675
[stage2] epoch 35/50 step 4 | loss 5.1782 | train det 0.0516 seg 0.0978 cnt 3.6223 | shared_pairs det_seg 155/384 det_cnt 133/384 seg_cnt 96/384 | scores det_seg -0.9316 det_cnt 0.2989 seg_cnt 0.3534
[stage2] epoch 35/50 step 5 | loss 4.2200 | train det 0.0411 seg 0.0338 cnt 3.3335 | shared_pairs det_seg 155/384 det_cnt 149/384 seg_cnt 80/384 | scores det_seg 2.2241 det_cnt 0.4838 seg_cnt -2.7148
[stage2] epoch 35/50 step 6 | loss 6.9480 | train det 0.0819 seg 0.1196 cnt 4.7625 | shared_pairs det_seg 140/384 det_cnt 154/384 seg_cnt 90/384 | scores det_seg -2.5704 det_cnt -0.7924 seg_cnt -1.7158
[stage2] epoch 35/50 step 7 | loss 5.1143 | train det 0.0339 seg 0.0631 cnt 4.1004 | shared_pairs det_seg 171/384 det_cnt 129/384 seg_cnt 84/384 | scores det_seg 1.3128 det_cnt -0.8289 seg_cnt 1.6972
[stage2] epoch 35/50 step 8 | loss 6.3643 | train det 0.0507 seg 0.1169 cnt 4.6681 | shared_pairs det_seg 173/384 det_cnt 117/384 seg_cnt 94/384 | scores det_seg 0.3321 det_cnt -2.9265 seg_cnt 0.7894
[stage2] epoch 35/50 step 9 | loss 9.9992 | train det 0.0655 seg 0.0714 cnt 8.4453 | shared_pairs det_seg 172/384 det_cnt 141/384 seg_cnt 71/384 | scores det_seg 0.4491 det_cnt -1.3709 seg_cnt -1.1066
[stage2] epoch 35/50 step 10 | loss 5.6022 | train det 0.0181 seg 0.1249 cnt 4.3308 | shared_pairs det_seg 157/384 det_cnt 131/384 seg_cnt 96/384 | scores det_seg 2.0052 det_cnt -0.5795 seg_cnt 0.4361
[stage2] epoch 35/50 step 11 | loss 12.7236 | train det 0.3130 seg 0.1502 cnt 6.8268 | shared_pairs det_seg 168/384 det_cnt 135/384 seg_cnt 81/384 | scores det_seg 0.0030 det_cnt -1.6406 seg_cnt 0.5086
[stage2] epoch 35/50 step 12 | loss 8.7957 | train det 0.2611 seg 0.1246 cnt 3.8828 | shared_pairs det_seg 129/384 det_cnt 169/384 seg_cnt 86/384 | scores det_seg -2.9803 det_cnt 2.8133 seg_cnt -1.4194
[stage2] epoch 35/50 step 13 | loss 3.8812 | train det 0.0520 seg 0.1345 cnt 2.0250 | shared_pairs det_seg 161/384 det_cnt 137/384 seg_cnt 86/384 | scores det_seg 0.2725 det_cnt 1.0719 seg_cnt -0.0473
[stage2] epoch 35/50 step 14 | loss 4.3066 | train det 0.0287 seg 0.0966 cnt 3.1033 | shared_pairs det_seg 148/384 det_cnt 150/384 seg_cnt 86/384 | scores det_seg -0.1282 det_cnt 2.5024 seg_cnt 2.0468
[stage2] epoch 35/50 step 15 | loss 4.4035 | train det 0.0190 seg 0.0236 cnt 3.9298 | shared_pairs det_seg 167/384 det_cnt 117/384 seg_cnt 100/384 | scores det_seg -0.3367 det_cnt -3.3940 seg_cnt 0.7653
[stage2] epoch 35/50 step 16 | loss 5.3090 | train det 0.0373 seg 0.0638 cnt 4.2397 | shared_pairs det_seg 165/384 det_cnt 131/384 seg_cnt 88/384 | scores det_seg 1.0862 det_cnt 0.6446 seg_cnt -0.5524
[stage2] epoch 35/50 step 17 | loss 7.5302 | train det 0.0410 seg 0.0503 cnt 6.5131 | shared_pairs det_seg 152/384 det_cnt 137/384 seg_cnt 95/384 | scores det_seg 2.4542 det_cnt 1.2593 seg_cnt 2.4411
[stage2] epoch 35/50 step 18 | loss 5.1612 | train det 0.0549 seg 0.0424 cnt 3.9984 | shared_pairs det_seg 159/384 det_cnt 132/384 seg_cnt 93/384 | scores det_seg 0.4117 det_cnt 2.1042 seg_cnt 1.3156
[stage2] epoch 35/50 step 19 | loss 6.1991 | train det 0.0452 seg 0.0722 cnt 4.9433 | shared_pairs det_seg 170/384 det_cnt 131/384 seg_cnt 83/384 | scores det_seg 1.5065 det_cnt -0.6293 seg_cnt -1.9853
[stage2] epoch 35/50 step 20 | loss 29.3938 | train det 0.0453 seg 0.1040 cnt 27.8827 | shared_pairs det_seg 152/384 det_cnt 148/384 seg_cnt 84/384 | scores det_seg -0.2773 det_cnt 1.9727 seg_cnt 0.7900
[stage2] epoch 35/50 step 21 | loss 5.6398 | train det 0.0816 seg 0.1015 cnt 3.6033 | shared_pairs det_seg 141/384 det_cnt 131/384 seg_cnt 112/384 | scores det_seg -1.1129 det_cnt -1.7782 seg_cnt 1.8313
[stage2] epoch 35/50 step 22 | loss 6.1540 | train det 0.1259 seg 0.0921 cnt 3.5283 | shared_pairs det_seg 165/384 det_cnt 152/384 seg_cnt 67/384 | scores det_seg 1.5751 det_cnt 1.7259 seg_cnt -1.7251
[stage2] epoch 35/50 step 23 | loss 5.8486 | train det 0.0731 seg 0.0481 cnt 4.3681 | shared_pairs det_seg 152/384 det_cnt 128/384 seg_cnt 104/384 | scores det_seg -1.5690 det_cnt 0.2166 seg_cnt 1.2048
[stage2] epoch 35/50 step 24 | loss 5.6219 | train det 0.0734 seg 0.0486 cnt 4.1320 | shared_pairs det_seg 171/384 det_cnt 126/384 seg_cnt 87/384 | scores det_seg 3.0139 det_cnt 0.2775 seg_cnt 0.6463
[stage2] epoch 35/50 step 25 | loss 5.2423 | train det 0.0304 seg 0.0542 cnt 4.3520 | shared_pairs det_seg 141/384 det_cnt 148/384 seg_cnt 95/384 | scores det_seg -0.4961 det_cnt 0.3385 seg_cnt 1.7389
[stage2] epoch 35/50 step 26 | loss 4.5497 | train det 0.1425 seg 0.0841 cnt 1.7398 | shared_pairs det_seg 148/384 det_cnt 135/384 seg_cnt 101/384 | scores det_seg -1.7853 det_cnt 0.4589 seg_cnt 0.3709
[stage2] epoch 35/50 step 27 | loss 12.7254 | train det 0.4183 seg 0.0921 cnt 5.7145 | shared_pairs det_seg 150/384 det_cnt 135/384 seg_cnt 99/384 | scores det_seg -1.5273 det_cnt -1.1945 seg_cnt -0.8398
[stage2] epoch 35/50 step 28 | loss 9.4797 | train det 0.2344 seg 0.1469 cnt 4.7892 | shared_pairs det_seg 158/384 det_cnt 143/384 seg_cnt 83/384 | scores det_seg 1.8721 det_cnt 1.1875 seg_cnt 0.1680
[stage2] epoch 35/50 step 29 | loss 3.3936 | train det 0.0434 seg 0.0792 cnt 2.1086 | shared_pairs det_seg 148/384 det_cnt 150/384 seg_cnt 86/384 | scores det_seg -2.1820 det_cnt -0.0655 seg_cnt -0.7078
[stage2] epoch 35/50 step 30 | loss 7.2204 | train det 0.1252 seg 0.0366 cnt 5.0493 | shared_pairs det_seg 184/384 det_cnt 119/384 seg_cnt 81/384 | scores det_seg 0.9916 det_cnt -3.7331 seg_cnt -1.7039
[stage2] epoch 35/50 step 31 | loss 4.6351 | train det 0.0177 seg 0.1704 cnt 3.0056 | shared_pairs det_seg 150/384 det_cnt 155/384 seg_cnt 79/384 | scores det_seg -0.4932 det_cnt 1.6620 seg_cnt 0.4190
[stage2] epoch 35/50 step 32 | loss 4.0540 | train det 0.0332 seg 0.0674 cnt 3.0170 | shared_pairs det_seg 131/384 det_cnt 177/384 seg_cnt 76/384 | scores det_seg -1.0129 det_cnt 3.4870 seg_cnt -0.8903
[stage2] epoch 35/50 step 33 | loss 7.5095 | train det 0.0169 seg 0.0168 cnt 7.1212 | shared_pairs det_seg 150/384 det_cnt 141/384 seg_cnt 93/384 | scores det_seg -2.5153 det_cnt 0.7153 seg_cnt -0.8903
[stage2] epoch 35/50 step 34 | loss 6.5769 | train det 0.0843 seg 0.1021 cnt 4.4957 | shared_pairs det_seg 153/384 det_cnt 154/384 seg_cnt 77/384 | scores det_seg 1.0839 det_cnt 1.3157 seg_cnt 0.2317
[stage2] epoch 35/50 step 35 | loss 7.7780 | train det 0.0874 seg 0.1701 cnt 5.1056 | shared_pairs det_seg 155/384 det_cnt 146/384 seg_cnt 83/384 | scores det_seg -1.7752 det_cnt -1.1229 seg_cnt 0.0031
[stage2] epoch 35/50 step 36 | loss 10.2936 | train det 0.4260 seg 0.0884 cnt 3.1964 | shared_pairs det_seg 157/384 det_cnt 138/384 seg_cnt 89/384 | scores det_seg -0.0418 det_cnt -0.1684 seg_cnt -1.1252
[stage2] epoch 35/50 step 37 | loss 2.4763 | train det 0.0206 seg 0.0768 cnt 1.5534 | shared_pairs det_seg 145/384 det_cnt 154/384 seg_cnt 85/384 | scores det_seg -1.6510 det_cnt 1.9859 seg_cnt -0.6667
[stage2] epoch 35/50 step 38 | loss 4.2836 | train det 0.0481 seg 0.0766 cnt 2.9493 | shared_pairs det_seg 171/384 det_cnt 125/384 seg_cnt 88/384 | scores det_seg 0.2930 det_cnt -3.2842 seg_cnt 0.4141
[stage2] epoch 35/50 step 39 | loss 7.7905 | train det 0.1259 seg 0.1537 cnt 4.6725 | shared_pairs det_seg 176/384 det_cnt 119/384 seg_cnt 89/384 | scores det_seg 0.5351 det_cnt -0.5030 seg_cnt 1.3256
[stage2] epoch 35/50 step 40 | loss 5.2793 | train det 0.0528 seg 0.0983 cnt 3.7010 | shared_pairs det_seg 161/384 det_cnt 142/384 seg_cnt 81/384 | scores det_seg 1.1302 det_cnt -0.9449 seg_cnt -1.0130
[stage2] epoch 35/50 step 41 | loss 8.6506 | train det 0.0597 seg 0.1775 cnt 6.3347 | shared_pairs det_seg 159/384 det_cnt 136/384 seg_cnt 89/384 | scores det_seg -1.7211 det_cnt -2.1797 seg_cnt 0.7157
[stage2] epoch 35/50 step 42 | loss 6.6614 | train det 0.1099 seg 0.0616 cnt 4.5202 | shared_pairs det_seg 164/384 det_cnt 130/384 seg_cnt 90/384 | scores det_seg 0.4045 det_cnt -0.5071 seg_cnt 0.4347
[stage2] epoch 35/50 step 43 | loss 5.9809 | train det 0.0356 seg 0.0279 cnt 5.2246 | shared_pairs det_seg 158/384 det_cnt 127/384 seg_cnt 99/384 | scores det_seg 0.0216 det_cnt -0.1616 seg_cnt 1.2749
[stage2] epoch 35/50 | train 6.8410 | det 0.0905 seg 0.0887 cnt 4.7736 | selected_by_matrix_unit det_seg 6746 det_cnt 5961 seg_cnt 3805
[stage2] epoch 35 | val det 0.5045 seg 1.0850 miou 0.6193 cnt 5.0743 dens 9.660947e-01 mae 4.1082 total_mae 20.9819 | ap50 0.5741 | combo 1.436810
[stage2] epoch 36/50 step 1 | loss 2.8828 | train det 0.0466 seg 0.1007 cnt 1.3775 | shared_pairs det_seg 145/384 det_cnt 134/384 seg_cnt 105/384 | scores det_seg -2.4070 det_cnt -0.9213 seg_cnt 0.1628
[stage2] epoch 36/50 step 2 | loss 2.6185 | train det 0.0312 seg 0.0510 cnt 1.7432 | shared_pairs det_seg 156/384 det_cnt 140/384 seg_cnt 88/384 | scores det_seg 0.7294 det_cnt -1.1290 seg_cnt -1.0720
[stage2] epoch 36/50 step 3 | loss 6.1303 | train det 0.0402 seg 0.0455 cnt 5.1632 | shared_pairs det_seg 150/384 det_cnt 150/384 seg_cnt 84/384 | scores det_seg -0.5004 det_cnt 2.7368 seg_cnt 1.1804
[stage2] epoch 36/50 step 4 | loss 4.4746 | train det 0.0153 seg 0.0784 cnt 3.6177 | shared_pairs det_seg 167/384 det_cnt 136/384 seg_cnt 81/384 | scores det_seg -0.7570 det_cnt -0.5393 seg_cnt -0.7291
[stage2] epoch 36/50 step 5 | loss 5.3087 | train det 0.0834 seg 0.0708 cnt 3.4919 | shared_pairs det_seg 156/384 det_cnt 137/384 seg_cnt 91/384 | scores det_seg -0.0469 det_cnt -1.8970 seg_cnt 0.7255
[stage2] epoch 36/50 step 6 | loss 11.3648 | train det 0.0498 seg 0.1080 cnt 9.7539 | shared_pairs det_seg 158/384 det_cnt 145/384 seg_cnt 81/384 | scores det_seg 0.7224 det_cnt 0.6813 seg_cnt -0.3015
[stage2] epoch 36/50 step 7 | loss 12.6176 | train det 0.3511 seg 0.0965 cnt 6.5787 | shared_pairs det_seg 154/384 det_cnt 128/384 seg_cnt 102/384 | scores det_seg -1.8410 det_cnt -2.3462 seg_cnt 2.4416
[stage2] epoch 36/50 step 8 | loss 6.8061 | train det 0.0357 seg 0.0916 cnt 5.5388 | shared_pairs det_seg 124/384 det_cnt 163/384 seg_cnt 97/384 | scores det_seg -2.3985 det_cnt 2.8208 seg_cnt -0.9136
[stage2] epoch 36/50 step 9 | loss 4.5107 | train det 0.0560 seg 0.1133 cnt 2.7648 | shared_pairs det_seg 165/384 det_cnt 137/384 seg_cnt 82/384 | scores det_seg 0.2736 det_cnt 0.6879 seg_cnt -1.8503
[stage2] epoch 36/50 step 10 | loss 5.0987 | train det 0.0297 seg 0.2149 cnt 2.9333 | shared_pairs det_seg 158/384 det_cnt 129/384 seg_cnt 97/384 | scores det_seg 0.4296 det_cnt -1.3702 seg_cnt -1.9489
[stage2] epoch 36/50 step 11 | loss 7.9074 | train det 0.2210 seg 0.0814 cnt 3.9413 | shared_pairs det_seg 171/384 det_cnt 131/384 seg_cnt 82/384 | scores det_seg 0.7482 det_cnt -2.6839 seg_cnt -0.8686
[stage2] epoch 36/50 step 12 | loss 2.8444 | train det 0.0268 seg 0.0751 cnt 1.8414 | shared_pairs det_seg 191/384 det_cnt 122/384 seg_cnt 71/384 | scores det_seg 3.3268 det_cnt -1.6323 seg_cnt -3.1222
[stage2] epoch 36/50 step 13 | loss 9.0757 | train det 0.2308 seg 0.1066 cnt 4.7605 | shared_pairs det_seg 167/384 det_cnt 141/384 seg_cnt 76/384 | scores det_seg -0.1525 det_cnt -0.3207 seg_cnt -1.5221
[stage2] epoch 36/50 step 14 | loss 4.2237 | train det 0.0837 seg 0.0548 cnt 2.5297 | shared_pairs det_seg 138/384 det_cnt 156/384 seg_cnt 90/384 | scores det_seg -0.6238 det_cnt 1.9675 seg_cnt 0.0230
[stage2] epoch 36/50 step 15 | loss 9.0124 | train det 0.0313 seg 0.1064 cnt 7.6915 | shared_pairs det_seg 162/384 det_cnt 135/384 seg_cnt 87/384 | scores det_seg -0.2153 det_cnt -0.3152 seg_cnt -0.7290
[stage2] epoch 36/50 step 16 | loss 5.1478 | train det 0.0379 seg 0.0579 cnt 4.1154 | shared_pairs det_seg 148/384 det_cnt 146/384 seg_cnt 90/384 | scores det_seg -1.1859 det_cnt 1.7573 seg_cnt -1.2785
[stage2] epoch 36/50 step 17 | loss 5.2400 | train det 0.0858 seg 0.0922 cnt 3.2143 | shared_pairs det_seg 163/384 det_cnt 141/384 seg_cnt 80/384 | scores det_seg -0.7694 det_cnt 3.0016 seg_cnt -2.0278
[stage2] epoch 36/50 step 18 | loss 5.7262 | train det 0.0796 seg 0.1152 cnt 3.6114 | shared_pairs det_seg 182/384 det_cnt 139/384 seg_cnt 63/384 | scores det_seg 1.3987 det_cnt 0.6468 seg_cnt -3.3248
[stage2] epoch 36/50 step 19 | loss 6.4063 | train det 0.0257 seg 0.0574 cnt 5.5620 | shared_pairs det_seg 153/384 det_cnt 148/384 seg_cnt 83/384 | scores det_seg 0.7566 det_cnt 0.6246 seg_cnt -0.0420
[stage2] epoch 36/50 step 20 | loss 7.2213 | train det 0.0836 seg 0.0541 cnt 5.5343 | shared_pairs det_seg 143/384 det_cnt 149/384 seg_cnt 92/384 | scores det_seg -2.1095 det_cnt -1.6406 seg_cnt -0.5802
[stage2] epoch 36/50 step 21 | loss 4.1753 | train det 0.0159 seg 0.0424 cnt 3.5978 | shared_pairs det_seg 154/384 det_cnt 137/384 seg_cnt 93/384 | scores det_seg -0.4227 det_cnt -0.3322 seg_cnt -1.2278
[stage2] epoch 36/50 step 22 | loss 4.8671 | train det 0.0345 seg 0.0620 cnt 3.8532 | shared_pairs det_seg 149/384 det_cnt 129/384 seg_cnt 106/384 | scores det_seg -1.7673 det_cnt 0.2167 seg_cnt 1.4545
[stage2] epoch 36/50 step 23 | loss 5.3722 | train det 0.0261 seg 0.0751 cnt 4.3795 | shared_pairs det_seg 174/384 det_cnt 120/384 seg_cnt 90/384 | scores det_seg 0.9076 det_cnt -0.3516 seg_cnt 0.5594
[stage2] epoch 36/50 step 24 | loss 5.3412 | train det 0.1584 seg 0.0380 cnt 2.6609 | shared_pairs det_seg 139/384 det_cnt 137/384 seg_cnt 108/384 | scores det_seg -2.5432 det_cnt 0.4364 seg_cnt 2.1242
[stage2] epoch 36/50 step 25 | loss 3.1916 | train det 0.0144 seg 0.1918 cnt 1.4409 | shared_pairs det_seg 175/384 det_cnt 128/384 seg_cnt 81/384 | scores det_seg 2.3791 det_cnt -1.2051 seg_cnt 1.9100
[stage2] epoch 36/50 step 26 | loss 3.9555 | train det 0.0586 seg 0.0549 cnt 2.6368 | shared_pairs det_seg 170/384 det_cnt 141/384 seg_cnt 73/384 | scores det_seg 0.7884 det_cnt 0.8055 seg_cnt 0.3281
[stage2] epoch 36/50 step 27 | loss 9.2417 | train det 0.2075 seg 0.0913 cnt 5.3993 | shared_pairs det_seg 166/384 det_cnt 123/384 seg_cnt 95/384 | scores det_seg -0.8849 det_cnt -3.0963 seg_cnt 0.5363
[stage2] epoch 36/50 step 28 | loss 6.4503 | train det 0.0164 seg 0.2731 cnt 4.0199 | shared_pairs det_seg 150/384 det_cnt 162/384 seg_cnt 72/384 | scores det_seg -1.1411 det_cnt 2.7464 seg_cnt 0.5387
[stage2] epoch 36/50 step 29 | loss 9.1279 | train det 0.3850 seg 0.0820 cnt 2.6967 | shared_pairs det_seg 167/384 det_cnt 130/384 seg_cnt 87/384 | scores det_seg -0.9092 det_cnt -1.2783 seg_cnt -0.7294
[stage2] epoch 36/50 step 30 | loss 12.2863 | train det 0.1567 seg 0.0653 cnt 9.4136 | shared_pairs det_seg 133/384 det_cnt 164/384 seg_cnt 87/384 | scores det_seg -1.1190 det_cnt 1.4268 seg_cnt 0.4317
[stage2] epoch 36/50 step 31 | loss 7.1157 | train det 0.0734 seg 0.0524 cnt 5.5965 | shared_pairs det_seg 176/384 det_cnt 124/384 seg_cnt 84/384 | scores det_seg 3.0591 det_cnt -2.5243 seg_cnt 1.7112
[stage2] epoch 36/50 step 32 | loss 7.3384 | train det 0.0986 seg 0.0171 cnt 5.7229 | shared_pairs det_seg 186/384 det_cnt 116/384 seg_cnt 82/384 | scores det_seg 2.5786 det_cnt -0.4230 seg_cnt 0.4173
[stage2] epoch 36/50 step 33 | loss 4.2039 | train det 0.0399 seg 0.0855 cnt 2.9209 | shared_pairs det_seg 160/384 det_cnt 127/384 seg_cnt 97/384 | scores det_seg -0.3476 det_cnt -1.5775 seg_cnt 0.8058
[stage2] epoch 36/50 step 34 | loss 5.2853 | train det 0.1557 seg 0.1150 cnt 2.0302 | shared_pairs det_seg 157/384 det_cnt 146/384 seg_cnt 81/384 | scores det_seg 2.1509 det_cnt -0.6100 seg_cnt 0.9319
[stage2] epoch 36/50 step 35 | loss 4.1989 | train det 0.0389 seg 0.1703 cnt 2.2528 | shared_pairs det_seg 174/384 det_cnt 130/384 seg_cnt 80/384 | scores det_seg 1.7223 det_cnt 1.5134 seg_cnt -1.1402
[stage2] epoch 36/50 step 36 | loss 3.1110 | train det 0.0425 seg 0.1060 cnt 1.6259 | shared_pairs det_seg 156/384 det_cnt 151/384 seg_cnt 77/384 | scores det_seg -0.4048 det_cnt 3.3428 seg_cnt -1.0665
[stage2] epoch 36/50 step 37 | loss 5.2978 | train det 0.0286 seg 0.0803 cnt 4.2261 | shared_pairs det_seg 161/384 det_cnt 138/384 seg_cnt 85/384 | scores det_seg 0.9752 det_cnt -1.1530 seg_cnt -0.3336
[stage2] epoch 36/50 step 38 | loss 3.6205 | train det 0.0331 seg 0.0576 cnt 2.6629 | shared_pairs det_seg 156/384 det_cnt 142/384 seg_cnt 86/384 | scores det_seg -0.4580 det_cnt 0.5375 seg_cnt -1.3164
[stage2] epoch 36/50 step 39 | loss 9.5900 | train det 0.0445 seg 0.1330 cnt 7.8587 | shared_pairs det_seg 152/384 det_cnt 142/384 seg_cnt 90/384 | scores det_seg 1.4427 det_cnt 2.2849 seg_cnt 0.6237
[stage2] epoch 36/50 step 40 | loss 5.1743 | train det 0.0140 seg 0.0992 cnt 4.1706 | shared_pairs det_seg 170/384 det_cnt 125/384 seg_cnt 89/384 | scores det_seg 1.4497 det_cnt -1.4995 seg_cnt 0.4391
[stage2] epoch 36/50 step 41 | loss 4.7010 | train det 0.0917 seg 0.1277 cnt 2.3034 | shared_pairs det_seg 158/384 det_cnt 135/384 seg_cnt 91/384 | scores det_seg -0.7149 det_cnt -1.7464 seg_cnt -0.9891
[stage2] epoch 36/50 step 42 | loss 5.0138 | train det 0.0589 seg 0.0608 cnt 3.6442 | shared_pairs det_seg 171/384 det_cnt 118/384 seg_cnt 95/384 | scores det_seg -0.3917 det_cnt -1.5249 seg_cnt 1.1510
[stage2] epoch 36/50 step 43 | loss 12.9919 | train det 0.3859 seg 0.0596 cnt 6.7276 | shared_pairs det_seg 180/384 det_cnt 119/384 seg_cnt 85/384 | scores det_seg -0.4118 det_cnt -1.8408 seg_cnt -0.0066
[stage2] epoch 36/50 | train 6.1923 | det 0.0889 seg 0.0910 cnt 4.1304 | selected_by_matrix_unit det_seg 6885 det_cnt 5891 seg_cnt 3736
[stage2] epoch 36 | val det 0.4884 seg 1.0875 miou 0.6158 cnt 5.3082 dens 9.660675e-01 mae 4.3421 total_mae 20.1722 | ap50 0.5739 | combo 1.420011
[stage2] epoch 37/50 step 1 | loss 3.6096 | train det 0.0908 seg 0.0759 cnt 1.6405 | shared_pairs det_seg 151/384 det_cnt 154/384 seg_cnt 79/384 | scores det_seg -1.1238 det_cnt 2.2209 seg_cnt -0.7117
[stage2] epoch 37/50 step 2 | loss 5.7602 | train det 0.0144 seg 0.0605 cnt 5.0603 | shared_pairs det_seg 173/384 det_cnt 131/384 seg_cnt 80/384 | scores det_seg 2.0499 det_cnt -2.0692 seg_cnt -0.0427
[stage2] epoch 37/50 step 3 | loss 7.0758 | train det 0.1050 seg 0.1478 cnt 4.3187 | shared_pairs det_seg 137/384 det_cnt 154/384 seg_cnt 93/384 | scores det_seg -0.2905 det_cnt 0.9369 seg_cnt 1.3939
[stage2] epoch 37/50 step 4 | loss 11.1588 | train det 0.1147 seg 0.1363 cnt 8.3481 | shared_pairs det_seg 174/384 det_cnt 132/384 seg_cnt 78/384 | scores det_seg -0.3008 det_cnt -2.8717 seg_cnt -1.4902
[stage2] epoch 37/50 step 5 | loss 5.4909 | train det 0.0488 seg 0.1176 cnt 3.8172 | shared_pairs det_seg 145/384 det_cnt 147/384 seg_cnt 92/384 | scores det_seg -1.9256 det_cnt 0.6491 seg_cnt 0.1464
[stage2] epoch 37/50 step 6 | loss 7.5502 | train det 0.1597 seg 0.0861 cnt 4.4660 | shared_pairs det_seg 165/384 det_cnt 155/384 seg_cnt 64/384 | scores det_seg 1.0464 det_cnt -0.9677 seg_cnt -3.1947
[stage2] epoch 37/50 step 7 | loss 9.1804 | train det 0.0246 seg 0.1226 cnt 7.8308 | shared_pairs det_seg 155/384 det_cnt 144/384 seg_cnt 85/384 | scores det_seg -1.2679 det_cnt 0.4670 seg_cnt -0.6113
[stage2] epoch 37/50 step 8 | loss 6.1114 | train det 0.0932 seg 0.1007 cnt 3.9070 | shared_pairs det_seg 160/384 det_cnt 138/384 seg_cnt 86/384 | scores det_seg -0.1083 det_cnt -0.9323 seg_cnt -0.8810
[stage2] epoch 37/50 step 9 | loss 4.4883 | train det 0.0277 seg 0.1364 cnt 2.9811 | shared_pairs det_seg 173/384 det_cnt 136/384 seg_cnt 75/384 | scores det_seg 1.5759 det_cnt -1.8986 seg_cnt -2.7556
[stage2] epoch 37/50 step 10 | loss 4.8550 | train det 0.0455 seg 0.0399 cnt 3.8538 | shared_pairs det_seg 151/384 det_cnt 139/384 seg_cnt 94/384 | scores det_seg -1.0931 det_cnt 0.1790 seg_cnt 0.6652
[stage2] epoch 37/50 step 11 | loss 2.7321 | train det 0.0687 seg 0.0460 cnt 1.3346 | shared_pairs det_seg 158/384 det_cnt 146/384 seg_cnt 80/384 | scores det_seg 0.6610 det_cnt 1.3432 seg_cnt 1.0918
[stage2] epoch 37/50 step 12 | loss 4.9724 | train det 0.1445 seg 0.0408 cnt 2.4791 | shared_pairs det_seg 166/384 det_cnt 120/384 seg_cnt 98/384 | scores det_seg 1.1783 det_cnt -1.0181 seg_cnt 1.5918
[stage2] epoch 37/50 step 13 | loss 5.9763 | train det 0.0230 seg 0.0290 cnt 5.3997 | shared_pairs det_seg 187/384 det_cnt 123/384 seg_cnt 74/384 | scores det_seg 2.3627 det_cnt -2.2867 seg_cnt 0.0663
[stage2] epoch 37/50 step 14 | loss 5.3214 | train det 0.0125 seg 0.1009 cnt 4.3269 | shared_pairs det_seg 148/384 det_cnt 149/384 seg_cnt 87/384 | scores det_seg -1.6718 det_cnt -1.2974 seg_cnt -0.3781
[stage2] epoch 37/50 step 15 | loss 5.2428 | train det 0.0435 seg 0.1002 cnt 3.7884 | shared_pairs det_seg 169/384 det_cnt 142/384 seg_cnt 73/384 | scores det_seg 2.6344 det_cnt -0.3939 seg_cnt -1.7880
[stage2] epoch 37/50 step 16 | loss 5.2513 | train det 0.0264 seg 0.1627 cnt 3.5545 | shared_pairs det_seg 137/384 det_cnt 156/384 seg_cnt 91/384 | scores det_seg -2.0877 det_cnt 3.5905 seg_cnt 0.6545
[stage2] epoch 37/50 step 17 | loss 10.1281 | train det 0.1564 seg 0.1579 cnt 6.5194 | shared_pairs det_seg 146/384 det_cnt 150/384 seg_cnt 88/384 | scores det_seg -1.5941 det_cnt 0.4833 seg_cnt 0.1985
[stage2] epoch 37/50 step 18 | loss 8.8077 | train det 0.1996 seg 0.1303 cnt 4.7720 | shared_pairs det_seg 157/384 det_cnt 141/384 seg_cnt 86/384 | scores det_seg -0.6954 det_cnt 0.5624 seg_cnt 0.3252
[stage2] epoch 37/50 step 19 | loss 16.2239 | train det 0.0483 seg 0.1087 cnt 14.6306 | shared_pairs det_seg 171/384 det_cnt 140/384 seg_cnt 73/384 | scores det_seg 0.0397 det_cnt 0.7398 seg_cnt -1.5221
[stage2] epoch 37/50 step 20 | loss 7.6571 | train det 0.0259 seg 0.1108 cnt 6.3817 | shared_pairs det_seg 153/384 det_cnt 156/384 seg_cnt 75/384 | scores det_seg 1.1638 det_cnt 0.6936 seg_cnt -2.3666
[stage2] epoch 37/50 step 21 | loss 6.3490 | train det 0.2245 seg 0.0591 cnt 2.5079 | shared_pairs det_seg 162/384 det_cnt 143/384 seg_cnt 79/384 | scores det_seg -1.0143 det_cnt -0.1260 seg_cnt -0.7509
[stage2] epoch 37/50 step 22 | loss 6.4931 | train det 0.0997 seg 0.1132 cnt 4.0925 | shared_pairs det_seg 154/384 det_cnt 150/384 seg_cnt 80/384 | scores det_seg 0.9579 det_cnt -0.4079 seg_cnt -1.3365
[stage2] epoch 37/50 step 23 | loss 5.4112 | train det 0.0222 seg 0.0812 cnt 4.4290 | shared_pairs det_seg 151/384 det_cnt 135/384 seg_cnt 98/384 | scores det_seg -0.3640 det_cnt 0.2804 seg_cnt -0.6547
[stage2] epoch 37/50 step 24 | loss 4.6648 | train det 0.0651 seg 0.0757 cnt 3.0829 | shared_pairs det_seg 151/384 det_cnt 140/384 seg_cnt 93/384 | scores det_seg -2.1878 det_cnt -1.3666 seg_cnt -0.2054
[stage2] epoch 37/50 step 25 | loss 3.5251 | train det 0.0447 seg 0.0509 cnt 2.4474 | shared_pairs det_seg 169/384 det_cnt 136/384 seg_cnt 79/384 | scores det_seg -2.0393 det_cnt 2.6891 seg_cnt -1.1620
[stage2] epoch 37/50 step 26 | loss 6.0472 | train det 0.1339 seg 0.0987 cnt 3.2489 | shared_pairs det_seg 136/384 det_cnt 162/384 seg_cnt 86/384 | scores det_seg 0.5817 det_cnt 6.8377 seg_cnt 0.3913
[stage2] epoch 37/50 step 27 | loss 7.1973 | train det 0.1336 seg 0.0831 cnt 4.5282 | shared_pairs det_seg 156/384 det_cnt 133/384 seg_cnt 95/384 | scores det_seg -1.6251 det_cnt -1.6111 seg_cnt -0.5807
[stage2] epoch 37/50 step 28 | loss 10.9696 | train det 0.0428 seg 0.1167 cnt 9.3947 | shared_pairs det_seg 146/384 det_cnt 141/384 seg_cnt 97/384 | scores det_seg -0.9173 det_cnt 0.8269 seg_cnt 3.4877
[stage2] epoch 37/50 step 29 | loss 5.2829 | train det 0.0482 seg 0.1292 cnt 3.5268 | shared_pairs det_seg 164/384 det_cnt 127/384 seg_cnt 93/384 | scores det_seg -0.5934 det_cnt -1.1399 seg_cnt -0.3984
[stage2] epoch 37/50 step 30 | loss 7.1934 | train det 0.0899 seg 0.0559 cnt 5.3980 | shared_pairs det_seg 163/384 det_cnt 140/384 seg_cnt 81/384 | scores det_seg 0.4544 det_cnt -0.9271 seg_cnt -2.8295
[stage2] epoch 37/50 step 31 | loss 9.4680 | train det 0.0369 seg 0.1101 cnt 8.0343 | shared_pairs det_seg 176/384 det_cnt 119/384 seg_cnt 89/384 | scores det_seg 2.1165 det_cnt -2.4617 seg_cnt 1.6087
[stage2] epoch 37/50 step 32 | loss 9.3883 | train det 0.2671 seg 0.1003 cnt 4.5789 | shared_pairs det_seg 163/384 det_cnt 151/384 seg_cnt 70/384 | scores det_seg 2.0431 det_cnt 1.9344 seg_cnt 0.6644
[stage2] epoch 37/50 step 33 | loss 4.7314 | train det 0.0759 seg 0.0610 cnt 3.1043 | shared_pairs det_seg 165/384 det_cnt 139/384 seg_cnt 80/384 | scores det_seg 0.2903 det_cnt -1.8005 seg_cnt -0.3535
[stage2] epoch 37/50 step 34 | loss 6.3143 | train det 0.0462 seg 0.1166 cnt 4.6891 | shared_pairs det_seg 163/384 det_cnt 152/384 seg_cnt 69/384 | scores det_seg -1.1166 det_cnt -0.4418 seg_cnt -1.4454
[stage2] epoch 37/50 step 35 | loss 3.3402 | train det 0.0386 seg 0.0683 cnt 2.2142 | shared_pairs det_seg 181/384 det_cnt 120/384 seg_cnt 83/384 | scores det_seg 2.4762 det_cnt -2.7129 seg_cnt -1.4161
[stage2] epoch 37/50 step 36 | loss 7.1590 | train det 0.2057 seg 0.1971 cnt 2.4975 | shared_pairs det_seg 160/384 det_cnt 134/384 seg_cnt 90/384 | scores det_seg -0.8737 det_cnt -1.3773 seg_cnt -0.3937
[stage2] epoch 37/50 step 37 | loss 7.9809 | train det 0.1097 seg 0.1212 cnt 5.3655 | shared_pairs det_seg 160/384 det_cnt 137/384 seg_cnt 87/384 | scores det_seg -3.0814 det_cnt -1.8364 seg_cnt -0.3334
[stage2] epoch 37/50 step 38 | loss 5.2715 | train det 0.0108 seg 0.0631 cnt 4.6045 | shared_pairs det_seg 167/384 det_cnt 127/384 seg_cnt 90/384 | scores det_seg 1.6369 det_cnt 0.8672 seg_cnt 0.5964
[stage2] epoch 37/50 step 39 | loss 5.6879 | train det 0.1002 seg 0.0757 cnt 3.5793 | shared_pairs det_seg 148/384 det_cnt 157/384 seg_cnt 79/384 | scores det_seg -2.2104 det_cnt 0.2049 seg_cnt -0.2977
[stage2] epoch 37/50 step 40 | loss 5.5275 | train det 0.1125 seg 0.0741 cnt 3.2471 | shared_pairs det_seg 148/384 det_cnt 146/384 seg_cnt 90/384 | scores det_seg -1.6399 det_cnt -2.1484 seg_cnt 1.8219
[stage2] epoch 37/50 step 41 | loss 9.5451 | train det 0.0369 seg 0.1106 cnt 8.1060 | shared_pairs det_seg 152/384 det_cnt 142/384 seg_cnt 90/384 | scores det_seg -0.2864 det_cnt -0.5083 seg_cnt -0.3582
[stage2] epoch 37/50 step 42 | loss 7.7420 | train det 0.1780 seg 0.0590 cnt 4.5995 | shared_pairs det_seg 163/384 det_cnt 138/384 seg_cnt 83/384 | scores det_seg 1.1186 det_cnt 1.1265 seg_cnt -0.1136
[stage2] epoch 37/50 step 43 | loss 19.1364 | train det 0.0245 seg 0.0359 cnt 18.4822 | shared_pairs det_seg 164/384 det_cnt 127/384 seg_cnt 93/384 | scores det_seg -3.1342 det_cnt -3.0178 seg_cnt -1.0186
[stage2] epoch 37/50 | train 7.0237 | det 0.0842 seg 0.0946 cnt 5.0039 | selected_by_matrix_unit det_seg 6838 det_cnt 6049 seg_cnt 3625
[stage2] epoch 37 | val det 0.5083 seg 1.0890 miou 0.6182 cnt 5.3679 dens 9.709849e-01 mae 4.3969 total_mae 21.9748 | ap50 0.5737 | combo 1.419368
[stage2] epoch 38/50 step 1 | loss 6.4687 | train det 0.0943 seg 0.1225 cnt 4.0738 | shared_pairs det_seg 173/384 det_cnt 127/384 seg_cnt 84/384 | scores det_seg -0.9810 det_cnt -0.8637 seg_cnt -1.4358
[stage2] epoch 38/50 step 2 | loss 7.3953 | train det 0.1377 seg 0.1720 cnt 3.9544 | shared_pairs det_seg 166/384 det_cnt 138/384 seg_cnt 80/384 | scores det_seg 0.1986 det_cnt 1.2038 seg_cnt -2.0751
[stage2] epoch 38/50 step 3 | loss 6.9806 | train det 0.0323 seg 0.0512 cnt 6.0871 | shared_pairs det_seg 143/384 det_cnt 147/384 seg_cnt 94/384 | scores det_seg -0.7036 det_cnt -0.1022 seg_cnt 0.7157
[stage2] epoch 38/50 step 4 | loss 4.4174 | train det 0.0738 seg 0.1064 cnt 2.4584 | shared_pairs det_seg 164/384 det_cnt 133/384 seg_cnt 87/384 | scores det_seg 3.5151 det_cnt -1.3498 seg_cnt 0.3758
[stage2] epoch 38/50 step 5 | loss 3.5049 | train det 0.0210 seg 0.0397 cnt 2.8716 | shared_pairs det_seg 157/384 det_cnt 140/384 seg_cnt 87/384 | scores det_seg -0.0723 det_cnt -1.5492 seg_cnt -1.2346
[stage2] epoch 38/50 step 6 | loss 4.1723 | train det 0.0373 seg 0.0624 cnt 3.1143 | shared_pairs det_seg 152/384 det_cnt 149/384 seg_cnt 83/384 | scores det_seg 1.3086 det_cnt 0.0620 seg_cnt 0.0142
[stage2] epoch 38/50 step 7 | loss 5.6396 | train det 0.0601 seg 0.1112 cnt 3.8486 | shared_pairs det_seg 139/384 det_cnt 148/384 seg_cnt 97/384 | scores det_seg -2.4459 det_cnt 1.6680 seg_cnt 1.3132
[stage2] epoch 38/50 step 8 | loss 5.8256 | train det 0.0769 seg 0.0647 cnt 4.1544 | shared_pairs det_seg 182/384 det_cnt 124/384 seg_cnt 78/384 | scores det_seg 1.6811 det_cnt -1.7941 seg_cnt -1.3592
[stage2] epoch 38/50 step 9 | loss 3.9833 | train det 0.0132 seg 0.0945 cnt 3.0297 | shared_pairs det_seg 164/384 det_cnt 131/384 seg_cnt 89/384 | scores det_seg -2.0042 det_cnt -0.8444 seg_cnt -0.7966
[stage2] epoch 38/50 step 10 | loss 6.2585 | train det 0.0295 seg 0.1465 cnt 4.6443 | shared_pairs det_seg 152/384 det_cnt 154/384 seg_cnt 78/384 | scores det_seg -0.9233 det_cnt 1.3883 seg_cnt -1.0484
[stage2] epoch 38/50 step 11 | loss 4.3805 | train det 0.0393 seg 0.0956 cnt 3.0260 | shared_pairs det_seg 154/384 det_cnt 149/384 seg_cnt 81/384 | scores det_seg 2.3442 det_cnt 1.6489 seg_cnt 0.3875
[stage2] epoch 38/50 step 12 | loss 4.7395 | train det 0.0650 seg 0.0998 cnt 2.9664 | shared_pairs det_seg 142/384 det_cnt 137/384 seg_cnt 105/384 | scores det_seg -0.1167 det_cnt 0.6491 seg_cnt 2.0691
[stage2] epoch 38/50 step 13 | loss 29.8511 | train det 0.1587 seg 0.0453 cnt 27.1086 | shared_pairs det_seg 171/384 det_cnt 132/384 seg_cnt 81/384 | scores det_seg 0.2294 det_cnt -0.9500 seg_cnt -1.0442
[stage2] epoch 38/50 step 14 | loss 9.2695 | train det 0.0465 seg 0.0675 cnt 8.0314 | shared_pairs det_seg 176/384 det_cnt 138/384 seg_cnt 70/384 | scores det_seg 4.0833 det_cnt -1.8067 seg_cnt -2.5454
[stage2] epoch 38/50 step 15 | loss 9.2704 | train det 0.0177 seg 0.0814 cnt 8.3533 | shared_pairs det_seg 156/384 det_cnt 154/384 seg_cnt 74/384 | scores det_seg 1.6145 det_cnt 1.8985 seg_cnt -1.6791
[stage2] epoch 38/50 step 16 | loss 7.1825 | train det 0.1203 seg 0.1110 cnt 4.4892 | shared_pairs det_seg 165/384 det_cnt 128/384 seg_cnt 91/384 | scores det_seg 2.6359 det_cnt -1.3134 seg_cnt 1.0598
[stage2] epoch 38/50 step 17 | loss 5.3207 | train det 0.0452 seg 0.0804 cnt 3.9995 | shared_pairs det_seg 161/384 det_cnt 132/384 seg_cnt 91/384 | scores det_seg 1.7166 det_cnt 2.1119 seg_cnt 1.6290
[stage2] epoch 38/50 step 18 | loss 4.1697 | train det 0.0464 seg 0.0354 cnt 3.1906 | shared_pairs det_seg 151/384 det_cnt 147/384 seg_cnt 86/384 | scores det_seg 0.9333 det_cnt 2.9857 seg_cnt -0.9443
[stage2] epoch 38/50 step 19 | loss 3.2082 | train det 0.0252 seg 0.0710 cnt 2.2623 | shared_pairs det_seg 145/384 det_cnt 144/384 seg_cnt 95/384 | scores det_seg -1.0076 det_cnt -3.1361 seg_cnt 0.5370
[stage2] epoch 38/50 step 20 | loss 5.0717 | train det 0.1667 seg 0.0872 cnt 1.8732 | shared_pairs det_seg 160/384 det_cnt 141/384 seg_cnt 83/384 | scores det_seg 2.6057 det_cnt 0.8786 seg_cnt -0.7772
[stage2] epoch 38/50 step 21 | loss 5.2852 | train det 0.1783 seg 0.0895 cnt 1.8942 | shared_pairs det_seg 166/384 det_cnt 126/384 seg_cnt 92/384 | scores det_seg 1.7409 det_cnt -1.7674 seg_cnt 0.6334
[stage2] epoch 38/50 step 22 | loss 6.0142 | train det 0.0271 seg 0.1262 cnt 4.5989 | shared_pairs det_seg 138/384 det_cnt 146/384 seg_cnt 100/384 | scores det_seg -1.5191 det_cnt -0.5384 seg_cnt 2.2732
[stage2] epoch 38/50 step 23 | loss 2.9680 | train det 0.0559 seg 0.0607 cnt 1.6430 | shared_pairs det_seg 182/384 det_cnt 132/384 seg_cnt 70/384 | scores det_seg 0.2047 det_cnt -2.7071 seg_cnt -2.7014
[stage2] epoch 38/50 step 24 | loss 3.6482 | train det 0.0167 seg 0.0724 cnt 2.8187 | shared_pairs det_seg 156/384 det_cnt 135/384 seg_cnt 93/384 | scores det_seg -0.6043 det_cnt -1.7957 seg_cnt -0.5417
[stage2] epoch 38/50 step 25 | loss 4.5330 | train det 0.0364 seg 0.0428 cnt 3.6453 | shared_pairs det_seg 156/384 det_cnt 131/384 seg_cnt 97/384 | scores det_seg 0.9684 det_cnt 0.3392 seg_cnt 1.2033
[stage2] epoch 38/50 step 26 | loss 5.0551 | train det 0.0440 seg 0.1157 cnt 3.4703 | shared_pairs det_seg 152/384 det_cnt 143/384 seg_cnt 89/384 | scores det_seg 0.1995 det_cnt -0.5110 seg_cnt 1.2058
[stage2] epoch 38/50 step 27 | loss 12.9016 | train det 0.3302 seg 0.0579 cnt 7.4864 | shared_pairs det_seg 161/384 det_cnt 144/384 seg_cnt 79/384 | scores det_seg -1.6490 det_cnt -1.0305 seg_cnt -2.3084
[stage2] epoch 38/50 step 28 | loss 3.3088 | train det 0.0183 seg 0.1160 cnt 2.1056 | shared_pairs det_seg 144/384 det_cnt 156/384 seg_cnt 84/384 | scores det_seg -0.4110 det_cnt 1.3354 seg_cnt -1.1924
[stage2] epoch 38/50 step 29 | loss 3.7309 | train det 0.0212 seg 0.0642 cnt 2.8988 | shared_pairs det_seg 133/384 det_cnt 159/384 seg_cnt 92/384 | scores det_seg -2.2356 det_cnt 2.8782 seg_cnt 0.4546
[stage2] epoch 38/50 step 30 | loss 5.7052 | train det 0.0841 seg 0.0917 cnt 3.7103 | shared_pairs det_seg 145/384 det_cnt 160/384 seg_cnt 79/384 | scores det_seg -1.9091 det_cnt 1.3204 seg_cnt -2.9410
[stage2] epoch 38/50 step 31 | loss 5.7102 | train det 0.0528 seg 0.1275 cnt 3.8983 | shared_pairs det_seg 162/384 det_cnt 131/384 seg_cnt 91/384 | scores det_seg 0.9373 det_cnt -0.5813 seg_cnt -1.4207
[stage2] epoch 38/50 step 32 | loss 7.0808 | train det 0.0605 seg 0.0780 cnt 5.5488 | shared_pairs det_seg 154/384 det_cnt 131/384 seg_cnt 99/384 | scores det_seg -1.4821 det_cnt 0.4330 seg_cnt 2.3524
[stage2] epoch 38/50 step 33 | loss 3.5368 | train det 0.0264 seg 0.0956 cnt 2.3761 | shared_pairs det_seg 159/384 det_cnt 133/384 seg_cnt 92/384 | scores det_seg -1.8494 det_cnt -1.4506 seg_cnt 0.9997
[stage2] epoch 38/50 step 34 | loss 6.2075 | train det 0.0371 seg 0.0999 cnt 4.8515 | shared_pairs det_seg 164/384 det_cnt 126/384 seg_cnt 94/384 | scores det_seg 0.4135 det_cnt -0.6798 seg_cnt 2.1061
[stage2] epoch 38/50 step 35 | loss 3.6139 | train det 0.0256 seg 0.1362 cnt 2.1409 | shared_pairs det_seg 148/384 det_cnt 144/384 seg_cnt 92/384 | scores det_seg -2.1632 det_cnt 1.4255 seg_cnt 0.8117
[stage2] epoch 38/50 step 36 | loss 4.9780 | train det 0.0724 seg 0.0765 cnt 3.2798 | shared_pairs det_seg 164/384 det_cnt 145/384 seg_cnt 75/384 | scores det_seg -0.5667 det_cnt -0.7989 seg_cnt -0.9954
[stage2] epoch 38/50 step 37 | loss 51.9763 | train det 0.0813 seg 0.1927 cnt 49.2156 | shared_pairs det_seg 168/384 det_cnt 128/384 seg_cnt 88/384 | scores det_seg 2.4207 det_cnt -0.4318 seg_cnt -0.0505
[stage2] epoch 38/50 step 38 | loss 11.1173 | train det 0.1312 seg 0.0769 cnt 8.5342 | shared_pairs det_seg 174/384 det_cnt 135/384 seg_cnt 75/384 | scores det_seg -0.1546 det_cnt 0.6375 seg_cnt -1.5877
[stage2] epoch 38/50 step 39 | loss 7.0169 | train det 0.0286 seg 0.0227 cnt 6.4061 | shared_pairs det_seg 167/384 det_cnt 135/384 seg_cnt 82/384 | scores det_seg -1.1909 det_cnt -0.5287 seg_cnt -2.1067
[stage2] epoch 38/50 step 40 | loss 7.0172 | train det 0.0774 seg 0.0450 cnt 5.4953 | shared_pairs det_seg 151/384 det_cnt 144/384 seg_cnt 89/384 | scores det_seg -0.5267 det_cnt -0.5431 seg_cnt 0.3065
[stage2] epoch 38/50 step 41 | loss 5.7255 | train det 0.0281 seg 0.0963 cnt 4.5330 | shared_pairs det_seg 175/384 det_cnt 131/384 seg_cnt 78/384 | scores det_seg 1.6022 det_cnt -1.0207 seg_cnt -1.3669
[stage2] epoch 38/50 step 42 | loss 4.3617 | train det 0.0514 seg 0.0792 cnt 2.9570 | shared_pairs det_seg 158/384 det_cnt 143/384 seg_cnt 83/384 | scores det_seg 0.1811 det_cnt 3.2037 seg_cnt 0.0117
[stage2] epoch 38/50 step 43 | loss 2.4733 | train det 0.0436 seg 0.0116 cnt 1.7259 | shared_pairs det_seg 169/384 det_cnt 138/384 seg_cnt 77/384 | scores det_seg 1.0371 det_cnt -1.6976 seg_cnt 0.0896
[stage2] epoch 38/50 | train 7.2343 | det 0.0659 seg 0.0865 cnt 5.5528 | selected_by_matrix_unit det_seg 6819 det_cnt 5989 seg_cnt 3704
[stage2] epoch 38 | val det 0.4777 seg 1.0955 miou 0.6185 cnt 5.3368 dens 9.646075e-01 mae 4.3722 total_mae 21.8360 | ap50 0.5775 | combo 1.424791
[stage2] epoch 39/50 step 1 | loss 3.5954 | train det 0.0398 seg 0.0731 cnt 2.4135 | shared_pairs det_seg 137/384 det_cnt 155/384 seg_cnt 92/384 | scores det_seg -2.1716 det_cnt 2.7674 seg_cnt -0.7254
[stage2] epoch 39/50 step 2 | loss 4.6145 | train det 0.0393 seg 0.0457 cnt 3.6589 | shared_pairs det_seg 181/384 det_cnt 123/384 seg_cnt 80/384 | scores det_seg 4.2794 det_cnt -2.6700 seg_cnt 0.7399
[stage2] epoch 39/50 step 3 | loss 4.9189 | train det 0.0313 seg 0.0360 cnt 4.1610 | shared_pairs det_seg 153/384 det_cnt 137/384 seg_cnt 94/384 | scores det_seg -1.2625 det_cnt 0.9015 seg_cnt 0.4035
[stage2] epoch 39/50 step 4 | loss 30.5582 | train det 0.0332 seg 0.0480 cnt 29.6767 | shared_pairs det_seg 166/384 det_cnt 137/384 seg_cnt 81/384 | scores det_seg -0.6639 det_cnt 0.3808 seg_cnt -0.6223
[stage2] epoch 39/50 step 5 | loss 5.9527 | train det 0.0871 seg 0.0448 cnt 4.2874 | shared_pairs det_seg 180/384 det_cnt 142/384 seg_cnt 62/384 | scores det_seg 1.5904 det_cnt 0.0849 seg_cnt -4.2354
[stage2] epoch 39/50 step 6 | loss 5.0679 | train det 0.0899 seg 0.0338 cnt 3.4487 | shared_pairs det_seg 167/384 det_cnt 139/384 seg_cnt 78/384 | scores det_seg 1.8201 det_cnt -1.7853 seg_cnt -1.1193
[stage2] epoch 39/50 step 7 | loss 6.5919 | train det 0.0406 seg 0.0978 cnt 5.2010 | shared_pairs det_seg 175/384 det_cnt 127/384 seg_cnt 82/384 | scores det_seg -0.2125 det_cnt -2.7871 seg_cnt -0.2329
[stage2] epoch 39/50 step 8 | loss 12.4140 | train det 0.3018 seg 0.1405 cnt 6.7626 | shared_pairs det_seg 153/384 det_cnt 141/384 seg_cnt 90/384 | scores det_seg 1.2457 det_cnt 2.5122 seg_cnt 1.3201
[stage2] epoch 39/50 step 9 | loss 4.6809 | train det 0.0353 seg 0.1093 cnt 3.2767 | shared_pairs det_seg 148/384 det_cnt 136/384 seg_cnt 100/384 | scores det_seg -0.3079 det_cnt -0.5856 seg_cnt -0.9810
[stage2] epoch 39/50 step 10 | loss 4.7169 | train det 0.0121 seg 0.0554 cnt 4.0924 | shared_pairs det_seg 148/384 det_cnt 147/384 seg_cnt 89/384 | scores det_seg 0.0070 det_cnt 2.2192 seg_cnt 1.8899
[stage2] epoch 39/50 step 11 | loss 4.1248 | train det 0.0449 seg 0.0558 cnt 3.0056 | shared_pairs det_seg 164/384 det_cnt 144/384 seg_cnt 76/384 | scores det_seg 0.7182 det_cnt 1.5538 seg_cnt 0.7464
[stage2] epoch 39/50 step 12 | loss 7.3574 | train det 0.1133 seg 0.1020 cnt 4.8412 | shared_pairs det_seg 164/384 det_cnt 130/384 seg_cnt 90/384 | scores det_seg 0.2606 det_cnt 0.0266 seg_cnt 0.2981
[stage2] epoch 39/50 step 13 | loss 14.2986 | train det 0.0414 seg 0.0731 cnt 13.0931 | shared_pairs det_seg 165/384 det_cnt 131/384 seg_cnt 88/384 | scores det_seg -1.1810 det_cnt -1.8725 seg_cnt -0.9506
[stage2] epoch 39/50 step 14 | loss 4.6120 | train det 0.0809 seg 0.1242 cnt 2.4044 | shared_pairs det_seg 160/384 det_cnt 125/384 seg_cnt 99/384 | scores det_seg -0.4846 det_cnt -2.2868 seg_cnt 0.9080
[stage2] epoch 39/50 step 15 | loss 9.0463 | train det 0.1456 seg 0.0924 cnt 6.1224 | shared_pairs det_seg 173/384 det_cnt 125/384 seg_cnt 86/384 | scores det_seg 0.9441 det_cnt -0.2763 seg_cnt -0.4637
[stage2] epoch 39/50 step 16 | loss 5.3617 | train det 0.0333 seg 0.0872 cnt 4.1652 | shared_pairs det_seg 172/384 det_cnt 130/384 seg_cnt 82/384 | scores det_seg 1.8906 det_cnt 0.0458 seg_cnt -3.2601
[stage2] epoch 39/50 step 17 | loss 8.7850 | train det 0.0215 seg 0.0877 cnt 7.7615 | shared_pairs det_seg 171/384 det_cnt 147/384 seg_cnt 66/384 | scores det_seg 2.0508 det_cnt 2.0044 seg_cnt -3.8226
[stage2] epoch 39/50 step 18 | loss 9.6707 | train det 0.0534 seg 0.1487 cnt 7.6799 | shared_pairs det_seg 153/384 det_cnt 140/384 seg_cnt 91/384 | scores det_seg 0.1240 det_cnt -2.0208 seg_cnt 0.4868
[stage2] epoch 39/50 step 19 | loss 7.5002 | train det 0.1423 seg 0.0399 cnt 5.0468 | shared_pairs det_seg 176/384 det_cnt 120/384 seg_cnt 88/384 | scores det_seg 1.7808 det_cnt -2.3977 seg_cnt -1.2681
[stage2] epoch 39/50 step 20 | loss 5.1668 | train det 0.1144 seg 0.0929 cnt 2.7072 | shared_pairs det_seg 149/384 det_cnt 138/384 seg_cnt 97/384 | scores det_seg 0.6062 det_cnt 0.4436 seg_cnt 0.0162
[stage2] epoch 39/50 step 21 | loss 2.9995 | train det 0.0537 seg 0.0796 cnt 1.5576 | shared_pairs det_seg 144/384 det_cnt 144/384 seg_cnt 96/384 | scores det_seg -1.5145 det_cnt -2.7086 seg_cnt 0.1353
[stage2] epoch 39/50 step 22 | loss 4.8944 | train det 0.0877 seg 0.1043 cnt 2.7441 | shared_pairs det_seg 150/384 det_cnt 148/384 seg_cnt 86/384 | scores det_seg -1.7992 det_cnt 1.6570 seg_cnt -1.8312
[stage2] epoch 39/50 step 23 | loss 5.4514 | train det 0.1163 seg 0.1235 cnt 2.7184 | shared_pairs det_seg 153/384 det_cnt 141/384 seg_cnt 90/384 | scores det_seg 1.4603 det_cnt 2.5128 seg_cnt 0.1489
[stage2] epoch 39/50 step 24 | loss 10.2297 | train det 0.1093 seg 0.0960 cnt 7.8223 | shared_pairs det_seg 153/384 det_cnt 133/384 seg_cnt 98/384 | scores det_seg -2.5811 det_cnt -2.5918 seg_cnt -0.6199
[stage2] epoch 39/50 step 25 | loss 4.8353 | train det 0.0140 seg 0.1464 cnt 3.4542 | shared_pairs det_seg 169/384 det_cnt 131/384 seg_cnt 84/384 | scores det_seg 1.7672 det_cnt -1.1415 seg_cnt -1.8465
[stage2] epoch 39/50 step 26 | loss 10.1450 | train det 0.4520 seg 0.0785 cnt 2.7371 | shared_pairs det_seg 158/384 det_cnt 139/384 seg_cnt 87/384 | scores det_seg -1.3535 det_cnt -0.7159 seg_cnt -1.0431
[stage2] epoch 39/50 step 27 | loss 4.7413 | train det 0.0387 seg 0.0999 cnt 3.3615 | shared_pairs det_seg 152/384 det_cnt 131/384 seg_cnt 101/384 | scores det_seg -0.7789 det_cnt 0.1702 seg_cnt 2.2739
[stage2] epoch 39/50 step 28 | loss 30.8240 | train det 0.0625 seg 0.1310 cnt 28.8390 | shared_pairs det_seg 161/384 det_cnt 144/384 seg_cnt 79/384 | scores det_seg -0.2305 det_cnt 2.6219 seg_cnt -0.5211
[stage2] epoch 39/50 step 29 | loss 8.8114 | train det 0.0789 seg 0.1289 cnt 6.5970 | shared_pairs det_seg 159/384 det_cnt 153/384 seg_cnt 72/384 | scores det_seg -0.8146 det_cnt 1.3441 seg_cnt -0.8751
[stage2] epoch 39/50 step 30 | loss 5.0579 | train det 0.0423 seg 0.0586 cnt 3.9553 | shared_pairs det_seg 159/384 det_cnt 142/384 seg_cnt 83/384 | scores det_seg -1.0971 det_cnt -0.2891 seg_cnt -1.8965
[stage2] epoch 39/50 step 31 | loss 5.7276 | train det 0.0692 seg 0.0823 cnt 4.0316 | shared_pairs det_seg 150/384 det_cnt 143/384 seg_cnt 91/384 | scores det_seg -2.1991 det_cnt 0.2599 seg_cnt 1.2044
[stage2] epoch 39/50 step 32 | loss 8.1395 | train det 0.0844 seg 0.1089 cnt 6.0027 | shared_pairs det_seg 152/384 det_cnt 139/384 seg_cnt 93/384 | scores det_seg -0.6799 det_cnt -1.2344 seg_cnt -0.5308
[stage2] epoch 39/50 step 33 | loss 3.7005 | train det 0.0384 seg 0.0396 cnt 2.8073 | shared_pairs det_seg 162/384 det_cnt 140/384 seg_cnt 82/384 | scores det_seg 1.8491 det_cnt 0.8388 seg_cnt -1.7041
[stage2] epoch 39/50 step 34 | loss 5.0171 | train det 0.0442 seg 0.1301 cnt 3.3133 | shared_pairs det_seg 166/384 det_cnt 136/384 seg_cnt 82/384 | scores det_seg 1.2128 det_cnt -1.1572 seg_cnt -2.3076
[stage2] epoch 39/50 step 35 | loss 5.5874 | train det 0.0132 seg 0.1223 cnt 4.4113 | shared_pairs det_seg 188/384 det_cnt 105/384 seg_cnt 91/384 | scores det_seg 1.4531 det_cnt -2.5968 seg_cnt 0.9982
[stage2] epoch 39/50 step 36 | loss 5.4982 | train det 0.0265 seg 0.0847 cnt 4.4237 | shared_pairs det_seg 180/384 det_cnt 117/384 seg_cnt 87/384 | scores det_seg 2.9878 det_cnt -0.6289 seg_cnt 0.0956
[stage2] epoch 39/50 step 37 | loss 12.9930 | train det 0.0221 seg 0.0537 cnt 12.2322 | shared_pairs det_seg 166/384 det_cnt 122/384 seg_cnt 96/384 | scores det_seg 1.4609 det_cnt -1.3291 seg_cnt 0.9161
[stage2] epoch 39/50 step 38 | loss 5.3493 | train det 0.0346 seg 0.2776 cnt 2.6087 | shared_pairs det_seg 160/384 det_cnt 128/384 seg_cnt 96/384 | scores det_seg -0.8065 det_cnt -3.2154 seg_cnt 0.9516
[stage2] epoch 39/50 step 39 | loss 7.1427 | train det 0.0449 seg 0.0614 cnt 5.9787 | shared_pairs det_seg 161/384 det_cnt 147/384 seg_cnt 76/384 | scores det_seg 1.1325 det_cnt 0.7891 seg_cnt -2.2009
[stage2] epoch 39/50 step 40 | loss 5.1988 | train det 0.0314 seg 0.0854 cnt 4.0454 | shared_pairs det_seg 141/384 det_cnt 160/384 seg_cnt 83/384 | scores det_seg 0.0091 det_cnt 1.3421 seg_cnt 1.0196
[stage2] epoch 39/50 step 41 | loss 6.0294 | train det 0.0819 seg 0.0836 cnt 4.1312 | shared_pairs det_seg 162/384 det_cnt 138/384 seg_cnt 84/384 | scores det_seg 0.9752 det_cnt -1.5107 seg_cnt 1.5247
[stage2] epoch 39/50 step 42 | loss 8.7450 | train det 0.0817 seg 0.0422 cnt 7.1824 | shared_pairs det_seg 155/384 det_cnt 141/384 seg_cnt 88/384 | scores det_seg -0.0902 det_cnt -0.6523 seg_cnt 0.2358
[stage2] epoch 39/50 step 43 | loss 5.1258 | train det 0.0377 seg 0.0698 cnt 4.0024 | shared_pairs det_seg 167/384 det_cnt 145/384 seg_cnt 72/384 | scores det_seg 1.8905 det_cnt -0.0401 seg_cnt -0.3352
[stage2] epoch 39/50 | train 7.7042 | det 0.0737 seg 0.0901 cnt 5.8782 | selected_by_matrix_unit det_seg 6923 det_cnt 5881 seg_cnt 3708
[stage2] epoch 39 | val det 0.4952 seg 1.0768 miou 0.6155 cnt 5.7157 dens 9.707268e-01 mae 4.7450 total_mae 29.4048 | ap50 0.5768 | combo 1.403037
[stage2] epoch 40/50 step 1 | loss 3.9952 | train det 0.0371 seg 0.0634 cnt 2.9316 | shared_pairs det_seg 178/384 det_cnt 118/384 seg_cnt 88/384 | scores det_seg 3.1102 det_cnt -1.9471 seg_cnt 1.3195
[stage2] epoch 40/50 step 2 | loss 4.9081 | train det 0.0682 seg 0.1352 cnt 2.8026 | shared_pairs det_seg 141/384 det_cnt 163/384 seg_cnt 80/384 | scores det_seg -3.0506 det_cnt 0.1293 seg_cnt -0.2600
[stage2] epoch 40/50 step 3 | loss 2.1628 | train det 0.0496 seg 0.0387 cnt 1.1094 | shared_pairs det_seg 142/384 det_cnt 144/384 seg_cnt 98/384 | scores det_seg -0.8264 det_cnt 0.8886 seg_cnt 0.8204
[stage2] epoch 40/50 step 4 | loss 5.5488 | train det 0.0258 seg 0.0930 cnt 4.4185 | shared_pairs det_seg 133/384 det_cnt 157/384 seg_cnt 94/384 | scores det_seg -1.8133 det_cnt 1.3078 seg_cnt -0.4091
[stage2] epoch 40/50 step 5 | loss 4.3959 | train det 0.0310 seg 0.0863 cnt 3.2400 | shared_pairs det_seg 145/384 det_cnt 145/384 seg_cnt 94/384 | scores det_seg -3.2966 det_cnt -0.3006 seg_cnt -0.5039
[stage2] epoch 40/50 step 6 | loss 4.3472 | train det 0.0528 seg 0.0852 cnt 2.8738 | shared_pairs det_seg 153/384 det_cnt 144/384 seg_cnt 87/384 | scores det_seg 1.2085 det_cnt 0.3063 seg_cnt 1.6280
[stage2] epoch 40/50 step 7 | loss 10.9847 | train det 0.0744 seg 0.0996 cnt 9.0714 | shared_pairs det_seg 136/384 det_cnt 148/384 seg_cnt 100/384 | scores det_seg -2.2921 det_cnt -1.1316 seg_cnt -1.0028
[stage2] epoch 40/50 step 8 | loss 6.6157 | train det 0.1730 seg 0.0542 cnt 3.5867 | shared_pairs det_seg 121/384 det_cnt 161/384 seg_cnt 102/384 | scores det_seg -1.5191 det_cnt 2.8288 seg_cnt 3.9314
[stage2] epoch 40/50 step 9 | loss 7.7951 | train det 0.0601 seg 0.1257 cnt 5.8885 | shared_pairs det_seg 177/384 det_cnt 132/384 seg_cnt 75/384 | scores det_seg 1.4153 det_cnt -0.0765 seg_cnt -1.0324
[stage2] epoch 40/50 step 10 | loss 6.5371 | train det 0.0427 seg 0.2092 cnt 4.2224 | shared_pairs det_seg 144/384 det_cnt 147/384 seg_cnt 93/384 | scores det_seg -0.0104 det_cnt 1.3321 seg_cnt -0.8279
[stage2] epoch 40/50 step 11 | loss 5.9978 | train det 0.0312 seg 0.0442 cnt 5.1769 | shared_pairs det_seg 162/384 det_cnt 128/384 seg_cnt 94/384 | scores det_seg 1.0587 det_cnt 0.2060 seg_cnt 1.3270
[stage2] epoch 40/50 step 12 | loss 4.8086 | train det 0.0671 seg 0.0503 cnt 3.3989 | shared_pairs det_seg 158/384 det_cnt 135/384 seg_cnt 91/384 | scores det_seg -0.2271 det_cnt -1.2860 seg_cnt 0.8054
[stage2] epoch 40/50 step 13 | loss 2.8870 | train det 0.0180 seg 0.0582 cnt 2.1511 | shared_pairs det_seg 150/384 det_cnt 157/384 seg_cnt 77/384 | scores det_seg -0.0246 det_cnt 0.0682 seg_cnt -0.5093
[stage2] epoch 40/50 step 14 | loss 3.3515 | train det 0.0244 seg 0.0912 cnt 2.2557 | shared_pairs det_seg 163/384 det_cnt 144/384 seg_cnt 77/384 | scores det_seg 1.3029 det_cnt 2.1077 seg_cnt 0.1341
[stage2] epoch 40/50 step 15 | loss 5.6779 | train det 0.0371 seg 0.0603 cnt 4.6397 | shared_pairs det_seg 151/384 det_cnt 129/384 seg_cnt 104/384 | scores det_seg -2.5701 det_cnt -1.4384 seg_cnt 0.2716
[stage2] epoch 40/50 step 16 | loss 4.3659 | train det 0.0574 seg 0.0970 cnt 2.7288 | shared_pairs det_seg 156/384 det_cnt 124/384 seg_cnt 104/384 | scores det_seg 0.6127 det_cnt -3.0462 seg_cnt 1.2171
[stage2] epoch 40/50 step 17 | loss 13.3212 | train det 0.0589 seg 0.0553 cnt 11.9955 | shared_pairs det_seg 128/384 det_cnt 153/384 seg_cnt 103/384 | scores det_seg -1.1544 det_cnt 3.4197 seg_cnt 2.0418
[stage2] epoch 40/50 step 18 | loss 5.3894 | train det 0.0358 seg 0.1545 cnt 3.6157 | shared_pairs det_seg 144/384 det_cnt 138/384 seg_cnt 102/384 | scores det_seg -2.9436 det_cnt 0.2594 seg_cnt 0.7536
[stage2] epoch 40/50 step 19 | loss 7.0281 | train det 0.2072 seg 0.0766 cnt 3.3080 | shared_pairs det_seg 165/384 det_cnt 122/384 seg_cnt 97/384 | scores det_seg 2.4462 det_cnt -1.9212 seg_cnt 1.4625
[stage2] epoch 40/50 step 20 | loss 9.2865 | train det 0.0461 seg 0.0942 cnt 7.8416 | shared_pairs det_seg 166/384 det_cnt 137/384 seg_cnt 81/384 | scores det_seg 0.5668 det_cnt -0.3756 seg_cnt 0.1639
[stage2] epoch 40/50 step 21 | loss 4.7671 | train det 0.0323 seg 0.0968 cnt 3.5080 | shared_pairs det_seg 173/384 det_cnt 124/384 seg_cnt 87/384 | scores det_seg 1.9329 det_cnt -0.2408 seg_cnt 0.3912
[stage2] epoch 40/50 step 22 | loss 6.8331 | train det 0.0274 seg 0.0699 cnt 5.8622 | shared_pairs det_seg 164/384 det_cnt 146/384 seg_cnt 74/384 | scores det_seg 1.5175 det_cnt 0.5993 seg_cnt -1.0011
[stage2] epoch 40/50 step 23 | loss 6.1736 | train det 0.0468 seg 0.0321 cnt 5.2150 | shared_pairs det_seg 128/384 det_cnt 168/384 seg_cnt 88/384 | scores det_seg -0.6558 det_cnt 5.2683 seg_cnt 0.5989
[stage2] epoch 40/50 step 24 | loss 9.3743 | train det 0.0418 seg 0.0925 cnt 8.0066 | shared_pairs det_seg 162/384 det_cnt 124/384 seg_cnt 98/384 | scores det_seg 1.1530 det_cnt -0.7687 seg_cnt 0.4558
[stage2] epoch 40/50 step 25 | loss 7.2859 | train det 0.2552 seg 0.1254 cnt 2.4550 | shared_pairs det_seg 167/384 det_cnt 133/384 seg_cnt 84/384 | scores det_seg 1.6536 det_cnt 1.7794 seg_cnt -1.2594
[stage2] epoch 40/50 step 26 | loss 5.2434 | train det 0.1318 seg 0.1032 cnt 2.4405 | shared_pairs det_seg 155/384 det_cnt 140/384 seg_cnt 89/384 | scores det_seg -0.5183 det_cnt 1.1741 seg_cnt -1.7061
[stage2] epoch 40/50 step 27 | loss 4.9404 | train det 0.2149 seg 0.0187 cnt 1.5671 | shared_pairs det_seg 150/384 det_cnt 146/384 seg_cnt 88/384 | scores det_seg 0.1525 det_cnt 0.3543 seg_cnt 0.3429
[stage2] epoch 40/50 step 28 | loss 6.3741 | train det 0.0593 seg 0.1473 cnt 4.3053 | shared_pairs det_seg 143/384 det_cnt 149/384 seg_cnt 92/384 | scores det_seg -0.1786 det_cnt 2.4176 seg_cnt 0.5589
[stage2] epoch 40/50 step 29 | loss 4.1522 | train det 0.0529 seg 0.0697 cnt 2.8019 | shared_pairs det_seg 154/384 det_cnt 123/384 seg_cnt 107/384 | scores det_seg 1.1169 det_cnt -0.0576 seg_cnt 0.8915
[stage2] epoch 40/50 step 30 | loss 3.6000 | train det 0.0150 seg 0.0843 cnt 2.7009 | shared_pairs det_seg 159/384 det_cnt 142/384 seg_cnt 83/384 | scores det_seg -1.1542 det_cnt -0.7356 seg_cnt 0.7636
[stage2] epoch 40/50 step 31 | loss 11.1142 | train det 0.0297 seg 0.1122 cnt 9.7709 | shared_pairs det_seg 133/384 det_cnt 144/384 seg_cnt 107/384 | scores det_seg -0.3956 det_cnt 2.2781 seg_cnt 2.0703
[stage2] epoch 40/50 step 32 | loss 7.2295 | train det 0.1916 seg 0.0335 cnt 4.0870 | shared_pairs det_seg 157/384 det_cnt 147/384 seg_cnt 80/384 | scores det_seg -1.3202 det_cnt 1.4245 seg_cnt -0.4349
[stage2] epoch 40/50 step 33 | loss 6.3094 | train det 0.0323 seg 0.0954 cnt 5.0619 | shared_pairs det_seg 168/384 det_cnt 151/384 seg_cnt 65/384 | scores det_seg 2.5151 det_cnt -0.5519 seg_cnt -1.1684
[stage2] epoch 40/50 step 34 | loss 8.4196 | train det 0.2650 seg 0.1037 cnt 3.6147 | shared_pairs det_seg 156/384 det_cnt 128/384 seg_cnt 100/384 | scores det_seg -0.4210 det_cnt -3.0740 seg_cnt 1.4429
[stage2] epoch 40/50 step 35 | loss 4.4375 | train det 0.0194 seg 0.0632 cnt 3.6415 | shared_pairs det_seg 157/384 det_cnt 140/384 seg_cnt 87/384 | scores det_seg -1.0969 det_cnt -0.7736 seg_cnt -0.8656
[stage2] epoch 40/50 step 36 | loss 4.1557 | train det 0.0514 seg 0.1120 cnt 2.4894 | shared_pairs det_seg 159/384 det_cnt 140/384 seg_cnt 85/384 | scores det_seg -0.5132 det_cnt 1.8861 seg_cnt -0.1373
[stage2] epoch 40/50 step 37 | loss 3.9692 | train det 0.0461 seg 0.0994 cnt 2.4833 | shared_pairs det_seg 159/384 det_cnt 124/384 seg_cnt 101/384 | scores det_seg 0.7703 det_cnt -2.0771 seg_cnt 1.0915
[stage2] epoch 40/50 step 38 | loss 3.7567 | train det 0.0555 seg 0.0894 cnt 2.2082 | shared_pairs det_seg 143/384 det_cnt 152/384 seg_cnt 89/384 | scores det_seg -0.1804 det_cnt 3.3627 seg_cnt 1.2111
[stage2] epoch 40/50 step 39 | loss 6.4682 | train det 0.0497 seg 0.0723 cnt 5.1441 | shared_pairs det_seg 147/384 det_cnt 128/384 seg_cnt 109/384 | scores det_seg -0.0722 det_cnt -2.2582 seg_cnt 1.8069
[stage2] epoch 40/50 step 40 | loss 3.3531 | train det 0.0254 seg 0.0736 cnt 2.3836 | shared_pairs det_seg 165/384 det_cnt 141/384 seg_cnt 78/384 | scores det_seg 2.3511 det_cnt 1.8067 seg_cnt -0.3332
[stage2] epoch 40/50 step 41 | loss 9.8029 | train det 0.0445 seg 0.0555 cnt 8.6913 | shared_pairs det_seg 167/384 det_cnt 131/384 seg_cnt 86/384 | scores det_seg 1.0662 det_cnt -2.1677 seg_cnt -0.9484
[stage2] epoch 40/50 step 42 | loss 5.4131 | train det 0.0571 seg 0.1325 cnt 3.4963 | shared_pairs det_seg 155/384 det_cnt 135/384 seg_cnt 94/384 | scores det_seg 1.2005 det_cnt -0.3486 seg_cnt 0.3138
[stage2] epoch 40/50 step 43 | loss 5.2768 | train det 0.0670 seg 0.0418 cnt 3.9367 | shared_pairs det_seg 148/384 det_cnt 140/384 seg_cnt 96/384 | scores det_seg -0.0209 det_cnt 2.7223 seg_cnt 0.5773
[stage2] epoch 40/50 | train 5.9966 | det 0.0700 seg 0.0860 cnt 4.2588 | selected_by_matrix_unit det_seg 6582 det_cnt 6022 seg_cnt 3908
[stage2] epoch 40 | val det 0.4925 seg 1.0826 miou 0.6174 cnt 6.2866 dens 9.668698e-01 mae 5.3197 total_mae 27.5964 | ap50 0.5726 | combo 1.377972
[stage2] epoch 41/50 step 1 | loss 8.4470 | train det 0.0262 seg 0.0632 cnt 7.5491 | shared_pairs det_seg 139/384 det_cnt 164/384 seg_cnt 81/384 | scores det_seg -2.4356 det_cnt 1.8782 seg_cnt -4.2908
[stage2] epoch 41/50 step 2 | loss 7.5475 | train det 0.0599 seg 0.1736 cnt 5.2598 | shared_pairs det_seg 164/384 det_cnt 141/384 seg_cnt 79/384 | scores det_seg -0.2692 det_cnt 0.1856 seg_cnt -0.9920
[stage2] epoch 41/50 step 3 | loss 7.0712 | train det 0.0202 seg 0.1064 cnt 5.9160 | shared_pairs det_seg 144/384 det_cnt 162/384 seg_cnt 78/384 | scores det_seg 0.8286 det_cnt 0.7082 seg_cnt 0.2096
[stage2] epoch 41/50 step 4 | loss 9.8797 | train det 0.0345 seg 0.1640 cnt 8.0499 | shared_pairs det_seg 147/384 det_cnt 136/384 seg_cnt 101/384 | scores det_seg -0.9673 det_cnt 2.1665 seg_cnt 0.9832
[stage2] epoch 41/50 step 5 | loss 4.8699 | train det 0.0150 seg 0.0752 cnt 4.0427 | shared_pairs det_seg 163/384 det_cnt 126/384 seg_cnt 95/384 | scores det_seg -2.5944 det_cnt -0.6120 seg_cnt -0.6043
[stage2] epoch 41/50 step 6 | loss 4.9995 | train det 0.0868 seg 0.0623 cnt 3.1990 | shared_pairs det_seg 170/384 det_cnt 142/384 seg_cnt 72/384 | scores det_seg 4.2787 det_cnt -0.5065 seg_cnt 0.0990
[stage2] epoch 41/50 step 7 | loss 6.7950 | train det 0.0246 seg 0.0734 cnt 5.8382 | shared_pairs det_seg 149/384 det_cnt 125/384 seg_cnt 110/384 | scores det_seg 0.1904 det_cnt 0.2300 seg_cnt 4.1273
[stage2] epoch 41/50 step 8 | loss 8.3711 | train det 0.0506 seg 0.0570 cnt 7.1552 | shared_pairs det_seg 175/384 det_cnt 127/384 seg_cnt 82/384 | scores det_seg 0.1699 det_cnt -0.3262 seg_cnt -0.8032
[stage2] epoch 41/50 step 9 | loss 4.1850 | train det 0.0295 seg 0.1431 cnt 2.5973 | shared_pairs det_seg 157/384 det_cnt 139/384 seg_cnt 88/384 | scores det_seg 2.0777 det_cnt 0.3716 seg_cnt 0.6492
[stage2] epoch 41/50 step 10 | loss 9.5055 | train det 0.0678 seg 0.1246 cnt 7.4924 | shared_pairs det_seg 149/384 det_cnt 153/384 seg_cnt 82/384 | scores det_seg 0.1392 det_cnt 2.6977 seg_cnt -0.4180
[stage2] epoch 41/50 step 11 | loss 50.6426 | train det 0.0269 seg 0.0648 cnt 49.7211 | shared_pairs det_seg 157/384 det_cnt 134/384 seg_cnt 93/384 | scores det_seg -1.3446 det_cnt -0.0030 seg_cnt 0.3328
[stage2] epoch 41/50 step 12 | loss 9.5151 | train det 0.0692 seg 0.0228 cnt 8.2944 | shared_pairs det_seg 160/384 det_cnt 140/384 seg_cnt 84/384 | scores det_seg 1.5602 det_cnt 0.2814 seg_cnt -0.4292
[stage2] epoch 41/50 step 13 | loss 6.2129 | train det 0.0259 seg 0.0820 cnt 5.1686 | shared_pairs det_seg 162/384 det_cnt 149/384 seg_cnt 73/384 | scores det_seg 0.1983 det_cnt 1.6204 seg_cnt -1.1339
[stage2] epoch 41/50 step 14 | loss 3.7103 | train det 0.0425 seg 0.0486 cnt 2.6839 | shared_pairs det_seg 149/384 det_cnt 148/384 seg_cnt 87/384 | scores det_seg 1.3677 det_cnt 0.6267 seg_cnt -0.5816
[stage2] epoch 41/50 step 15 | loss 3.7377 | train det 0.0225 seg 0.1441 cnt 2.2473 | shared_pairs det_seg 159/384 det_cnt 137/384 seg_cnt 88/384 | scores det_seg 0.4218 det_cnt 0.0346 seg_cnt 0.2714
[stage2] epoch 41/50 step 16 | loss 7.3563 | train det 0.1275 seg 0.1009 cnt 4.6358 | shared_pairs det_seg 151/384 det_cnt 142/384 seg_cnt 91/384 | scores det_seg 0.4633 det_cnt -1.9108 seg_cnt 0.1794
[stage2] epoch 41/50 step 17 | loss 8.7243 | train det 0.2776 seg 0.1628 cnt 3.2576 | shared_pairs det_seg 176/384 det_cnt 119/384 seg_cnt 89/384 | scores det_seg -0.0172 det_cnt -3.8864 seg_cnt -1.7460
[stage2] epoch 41/50 step 18 | loss 2.5815 | train det 0.0215 seg 0.0606 cnt 1.7743 | shared_pairs det_seg 155/384 det_cnt 132/384 seg_cnt 97/384 | scores det_seg 0.2750 det_cnt -2.7782 seg_cnt -0.3735
[stage2] epoch 41/50 step 19 | loss 5.7502 | train det 0.0257 seg 0.0471 cnt 4.9871 | shared_pairs det_seg 137/384 det_cnt 152/384 seg_cnt 95/384 | scores det_seg -1.7363 det_cnt 1.4206 seg_cnt 1.4627
[stage2] epoch 41/50 step 20 | loss 10.6900 | train det 0.1143 seg 0.0634 cnt 8.4692 | shared_pairs det_seg 145/384 det_cnt 143/384 seg_cnt 96/384 | scores det_seg -1.7185 det_cnt 0.7047 seg_cnt -0.3825
[stage2] epoch 41/50 step 21 | loss 4.3166 | train det 0.0300 seg 0.0735 cnt 3.2786 | shared_pairs det_seg 152/384 det_cnt 149/384 seg_cnt 83/384 | scores det_seg 1.0139 det_cnt 1.8498 seg_cnt 1.6649
[stage2] epoch 41/50 step 22 | loss 12.0953 | train det 0.1670 seg 0.0676 cnt 9.0492 | shared_pairs det_seg 147/384 det_cnt 140/384 seg_cnt 97/384 | scores det_seg 0.0071 det_cnt -1.6794 seg_cnt -0.7787
[stage2] epoch 41/50 step 23 | loss 5.0600 | train det 0.0814 seg 0.1092 cnt 2.9653 | shared_pairs det_seg 162/384 det_cnt 151/384 seg_cnt 71/384 | scores det_seg 1.6082 det_cnt 1.6170 seg_cnt -1.5417
[stage2] epoch 41/50 step 24 | loss 8.1755 | train det 0.1165 seg 0.0789 cnt 5.7974 | shared_pairs det_seg 174/384 det_cnt 130/384 seg_cnt 80/384 | scores det_seg 2.0290 det_cnt -2.8229 seg_cnt -0.5031
[stage2] epoch 41/50 step 25 | loss 9.3754 | train det 0.1542 seg 0.1057 cnt 6.2178 | shared_pairs det_seg 154/384 det_cnt 140/384 seg_cnt 90/384 | scores det_seg -0.3077 det_cnt 0.3820 seg_cnt 0.8694
[stage2] epoch 41/50 step 26 | loss 6.7658 | train det 0.0400 seg 0.0935 cnt 5.4184 | shared_pairs det_seg 154/384 det_cnt 159/384 seg_cnt 71/384 | scores det_seg -0.8378 det_cnt 3.2347 seg_cnt -2.8785
[stage2] epoch 41/50 step 27 | loss 8.3565 | train det 0.1905 seg 0.1198 cnt 4.5406 | shared_pairs det_seg 164/384 det_cnt 139/384 seg_cnt 81/384 | scores det_seg 0.0032 det_cnt -0.8241 seg_cnt 0.1648
[stage2] epoch 41/50 step 28 | loss 10.8300 | train det 0.3607 seg 0.0586 cnt 4.9511 | shared_pairs det_seg 145/384 det_cnt 138/384 seg_cnt 101/384 | scores det_seg 0.1618 det_cnt 0.1968 seg_cnt 1.5103
[stage2] epoch 41/50 step 29 | loss 4.1472 | train det 0.0369 seg 0.0835 cnt 2.9263 | shared_pairs det_seg 168/384 det_cnt 119/384 seg_cnt 97/384 | scores det_seg 1.9434 det_cnt -3.6684 seg_cnt 0.0091
[stage2] epoch 41/50 step 30 | loss 5.2794 | train det 0.0516 seg 0.0758 cnt 3.8996 | shared_pairs det_seg 160/384 det_cnt 144/384 seg_cnt 80/384 | scores det_seg 2.3602 det_cnt 0.7797 seg_cnt -0.7067
[stage2] epoch 41/50 step 31 | loss 8.4659 | train det 0.0616 seg 0.0918 cnt 6.8078 | shared_pairs det_seg 148/384 det_cnt 150/384 seg_cnt 86/384 | scores det_seg -1.9668 det_cnt 0.6336 seg_cnt -1.0201
[stage2] epoch 41/50 step 32 | loss 10.1097 | train det 0.0625 seg 0.1026 cnt 8.3519 | shared_pairs det_seg 183/384 det_cnt 110/384 seg_cnt 91/384 | scores det_seg 2.8157 det_cnt -4.2179 seg_cnt -1.3867
[stage2] epoch 41/50 step 33 | loss 3.5530 | train det 0.0469 seg 0.0560 cnt 2.4017 | shared_pairs det_seg 162/384 det_cnt 131/384 seg_cnt 91/384 | scores det_seg 2.7277 det_cnt 0.3945 seg_cnt 2.4860
[stage2] epoch 41/50 step 34 | loss 14.0725 | train det 0.3442 seg 0.0830 cnt 8.2456 | shared_pairs det_seg 153/384 det_cnt 131/384 seg_cnt 100/384 | scores det_seg -1.0783 det_cnt -0.4452 seg_cnt -0.3216
[stage2] epoch 41/50 step 35 | loss 38.9454 | train det 0.0512 seg 0.1031 cnt 37.3526 | shared_pairs det_seg 152/384 det_cnt 145/384 seg_cnt 87/384 | scores det_seg 0.9786 det_cnt 3.0611 seg_cnt -0.2051
[stage2] epoch 41/50 step 36 | loss 7.7424 | train det 0.0751 seg 0.0643 cnt 6.1024 | shared_pairs det_seg 140/384 det_cnt 156/384 seg_cnt 88/384 | scores det_seg -2.4935 det_cnt -0.0133 seg_cnt -1.6572
[stage2] epoch 41/50 step 37 | loss 4.5687 | train det 0.0206 seg 0.0628 cnt 3.7580 | shared_pairs det_seg 157/384 det_cnt 137/384 seg_cnt 90/384 | scores det_seg -0.2330 det_cnt -0.3166 seg_cnt -1.7797
[stage2] epoch 41/50 step 38 | loss 3.8977 | train det 0.0633 seg 0.0747 cnt 2.3503 | shared_pairs det_seg 152/384 det_cnt 137/384 seg_cnt 95/384 | scores det_seg 1.3009 det_cnt -2.4907 seg_cnt -0.0192
[stage2] epoch 41/50 step 39 | loss 2.1572 | train det 0.0221 seg 0.0572 cnt 1.3677 | shared_pairs det_seg 167/384 det_cnt 140/384 seg_cnt 77/384 | scores det_seg 2.3336 det_cnt -0.9795 seg_cnt -2.7837
[stage2] epoch 41/50 step 40 | loss 4.2406 | train det 0.0520 seg 0.0719 cnt 2.8852 | shared_pairs det_seg 180/384 det_cnt 117/384 seg_cnt 87/384 | scores det_seg 4.5918 det_cnt -0.6192 seg_cnt 0.9690
[stage2] epoch 41/50 step 41 | loss 4.6106 | train det 0.0305 seg 0.1036 cnt 3.3245 | shared_pairs det_seg 168/384 det_cnt 149/384 seg_cnt 67/384 | scores det_seg 0.4615 det_cnt 1.3572 seg_cnt -1.2337
[stage2] epoch 41/50 step 42 | loss 4.7610 | train det 0.1085 seg 0.1767 cnt 1.7191 | shared_pairs det_seg 160/384 det_cnt 132/384 seg_cnt 92/384 | scores det_seg -0.6853 det_cnt 0.4146 seg_cnt 0.4974
[stage2] epoch 41/50 step 43 | loss 5.9921 | train det 0.0373 seg 0.0645 cnt 4.9173 | shared_pairs det_seg 170/384 det_cnt 128/384 seg_cnt 86/384 | scores det_seg -0.9150 det_cnt -2.3376 seg_cnt -0.7655
[stage2] epoch 41/50 | train 8.5607 | det 0.0784 seg 0.0888 cnt 6.6737 | selected_by_matrix_unit det_seg 6780 det_cnt 5983 seg_cnt 3749
[stage2] epoch 41 | val det 0.5044 seg 1.1200 miou 0.6169 cnt 6.4512 dens 9.674429e-01 mae 5.4837 total_mae 29.9143 | ap50 0.5745 | combo 1.373731
[stage2] epoch 42/50 step 1 | loss 6.0477 | train det 0.0276 seg 0.0691 cnt 5.0815 | shared_pairs det_seg 145/384 det_cnt 145/384 seg_cnt 94/384 | scores det_seg -2.0291 det_cnt 0.0957 seg_cnt -0.4593
[stage2] epoch 42/50 step 2 | loss 3.2184 | train det 0.0234 seg 0.0900 cnt 2.1472 | shared_pairs det_seg 166/384 det_cnt 136/384 seg_cnt 82/384 | scores det_seg -0.6228 det_cnt -0.8827 seg_cnt -1.7633
[stage2] epoch 42/50 step 3 | loss 5.5089 | train det 0.1236 seg 0.0783 cnt 3.0278 | shared_pairs det_seg 168/384 det_cnt 127/384 seg_cnt 89/384 | scores det_seg 0.6925 det_cnt -1.4377 seg_cnt -1.6345
[stage2] epoch 42/50 step 4 | loss 6.2772 | train det 0.0523 seg 0.1094 cnt 4.6182 | shared_pairs det_seg 157/384 det_cnt 136/384 seg_cnt 91/384 | scores det_seg -0.2350 det_cnt -1.9232 seg_cnt -0.1966
[stage2] epoch 42/50 step 5 | loss 5.4571 | train det 0.0417 seg 0.0483 cnt 4.4452 | shared_pairs det_seg 174/384 det_cnt 128/384 seg_cnt 82/384 | scores det_seg 1.6830 det_cnt 1.0831 seg_cnt 1.5331
[stage2] epoch 42/50 step 6 | loss 9.8937 | train det 0.0445 seg 0.1092 cnt 8.3522 | shared_pairs det_seg 150/384 det_cnt 161/384 seg_cnt 73/384 | scores det_seg 1.1795 det_cnt 4.5392 seg_cnt -0.7168
[stage2] epoch 42/50 step 7 | loss 4.8618 | train det 0.0310 seg 0.0305 cnt 4.1533 | shared_pairs det_seg 160/384 det_cnt 131/384 seg_cnt 93/384 | scores det_seg 0.2849 det_cnt -0.6064 seg_cnt 1.2211
[stage2] epoch 42/50 step 8 | loss 7.9187 | train det 0.0572 seg 0.0929 cnt 6.3171 | shared_pairs det_seg 156/384 det_cnt 136/384 seg_cnt 92/384 | scores det_seg -0.4251 det_cnt -2.7355 seg_cnt 0.4393
[stage2] epoch 42/50 step 9 | loss 5.7192 | train det 0.0286 seg 0.0701 cnt 4.7302 | shared_pairs det_seg 155/384 det_cnt 137/384 seg_cnt 92/384 | scores det_seg -0.3422 det_cnt 0.5385 seg_cnt 1.0107
[stage2] epoch 42/50 step 10 | loss 5.7919 | train det 0.0738 seg 0.1264 cnt 3.6745 | shared_pairs det_seg 138/384 det_cnt 169/384 seg_cnt 77/384 | scores det_seg 0.2040 det_cnt 4.2868 seg_cnt -0.4637
[stage2] epoch 42/50 step 11 | loss 4.4959 | train det 0.0208 seg 0.0358 cnt 3.8976 | shared_pairs det_seg 160/384 det_cnt 141/384 seg_cnt 83/384 | scores det_seg 0.7877 det_cnt 0.2795 seg_cnt 0.8262
[stage2] epoch 42/50 step 12 | loss 6.0226 | train det 0.0645 seg 0.0805 cnt 4.4111 | shared_pairs det_seg 165/384 det_cnt 105/384 seg_cnt 114/384 | scores det_seg -1.5911 det_cnt -5.8207 seg_cnt 2.2026
[stage2] epoch 42/50 step 13 | loss 3.1849 | train det 0.0419 seg 0.1265 cnt 1.5447 | shared_pairs det_seg 146/384 det_cnt 148/384 seg_cnt 90/384 | scores det_seg 0.8790 det_cnt 0.3656 seg_cnt 0.6099
[stage2] epoch 42/50 step 14 | loss 3.6031 | train det 0.1083 seg 0.0593 cnt 1.5038 | shared_pairs det_seg 157/384 det_cnt 132/384 seg_cnt 95/384 | scores det_seg 0.4796 det_cnt -2.9538 seg_cnt 1.2128
[stage2] epoch 42/50 step 15 | loss 5.2794 | train det 0.1339 seg 0.0896 cnt 2.5544 | shared_pairs det_seg 162/384 det_cnt 145/384 seg_cnt 77/384 | scores det_seg 2.0189 det_cnt 3.4483 seg_cnt -1.6849
[stage2] epoch 42/50 step 16 | loss 3.0875 | train det 0.0239 seg 0.0503 cnt 2.3264 | shared_pairs det_seg 169/384 det_cnt 133/384 seg_cnt 82/384 | scores det_seg -0.6304 det_cnt -1.0465 seg_cnt -0.4988
[stage2] epoch 42/50 step 17 | loss 11.7526 | train det 0.0525 seg 0.1334 cnt 9.8975 | shared_pairs det_seg 146/384 det_cnt 144/384 seg_cnt 94/384 | scores det_seg -0.6463 det_cnt 1.7518 seg_cnt -0.1440
[stage2] epoch 42/50 step 18 | loss 5.5203 | train det 0.0565 seg 0.0935 cnt 3.9252 | shared_pairs det_seg 142/384 det_cnt 133/384 seg_cnt 109/384 | scores det_seg -2.6892 det_cnt -0.6250 seg_cnt 0.9508
[stage2] epoch 42/50 step 19 | loss 3.7540 | train det 0.0629 seg 0.0851 cnt 2.1298 | shared_pairs det_seg 161/384 det_cnt 120/384 seg_cnt 103/384 | scores det_seg -1.6238 det_cnt -1.9494 seg_cnt 1.6322
[stage2] epoch 42/50 step 20 | loss 5.4232 | train det 0.0386 seg 0.1332 cnt 3.7778 | shared_pairs det_seg 187/384 det_cnt 125/384 seg_cnt 72/384 | scores det_seg 2.0811 det_cnt -0.8242 seg_cnt -0.8788
[stage2] epoch 42/50 step 21 | loss 4.7124 | train det 0.0554 seg 0.1277 cnt 2.8602 | shared_pairs det_seg 188/384 det_cnt 109/384 seg_cnt 87/384 | scores det_seg 2.1712 det_cnt -0.4075 seg_cnt 1.1978
[stage2] epoch 42/50 step 22 | loss 4.7534 | train det 0.0247 seg 0.0564 cnt 3.9312 | shared_pairs det_seg 147/384 det_cnt 161/384 seg_cnt 76/384 | scores det_seg -2.8912 det_cnt 3.2518 seg_cnt -2.1926
[stage2] epoch 42/50 step 23 | loss 6.4526 | train det 0.1190 seg 0.0536 cnt 4.2398 | shared_pairs det_seg 158/384 det_cnt 130/384 seg_cnt 96/384 | scores det_seg -0.3328 det_cnt -0.5284 seg_cnt 1.1958
[stage2] epoch 42/50 step 24 | loss 4.3021 | train det 0.0336 seg 0.0536 cnt 3.3698 | shared_pairs det_seg 135/384 det_cnt 165/384 seg_cnt 84/384 | scores det_seg -1.9315 det_cnt 2.9698 seg_cnt 0.4298
[stage2] epoch 42/50 step 25 | loss 7.6023 | train det 0.0547 seg 0.0838 cnt 6.1117 | shared_pairs det_seg 154/384 det_cnt 147/384 seg_cnt 83/384 | scores det_seg 2.2325 det_cnt 0.1689 seg_cnt -0.3813
[stage2] epoch 42/50 step 26 | loss 4.1755 | train det 0.0349 seg 0.0802 cnt 3.0110 | shared_pairs det_seg 163/384 det_cnt 154/384 seg_cnt 67/384 | scores det_seg 0.4365 det_cnt 1.5901 seg_cnt -0.9933
[stage2] epoch 42/50 step 27 | loss 6.0740 | train det 0.0244 seg 0.0505 cnt 5.3046 | shared_pairs det_seg 150/384 det_cnt 132/384 seg_cnt 102/384 | scores det_seg -0.8809 det_cnt -2.2604 seg_cnt 1.9796
[stage2] epoch 42/50 step 28 | loss 4.7375 | train det 0.0439 seg 0.1044 cnt 3.2442 | shared_pairs det_seg 142/384 det_cnt 151/384 seg_cnt 91/384 | scores det_seg 0.0933 det_cnt 1.3978 seg_cnt 0.1693
[stage2] epoch 42/50 step 29 | loss 6.4415 | train det 0.0327 seg 0.1104 cnt 5.0675 | shared_pairs det_seg 147/384 det_cnt 147/384 seg_cnt 90/384 | scores det_seg 0.6600 det_cnt 0.0212 seg_cnt 0.7151
[stage2] epoch 42/50 step 30 | loss 16.4903 | train det 0.4122 seg 0.0599 cnt 9.8291 | shared_pairs det_seg 166/384 det_cnt 118/384 seg_cnt 100/384 | scores det_seg -0.1391 det_cnt -2.9500 seg_cnt 0.2156
[stage2] epoch 42/50 step 31 | loss 5.0260 | train det 0.0293 seg 0.0431 cnt 4.2416 | shared_pairs det_seg 163/384 det_cnt 122/384 seg_cnt 99/384 | scores det_seg -0.0208 det_cnt 0.3448 seg_cnt -0.1760
[stage2] epoch 42/50 step 32 | loss 7.9570 | train det 0.1052 seg 0.1275 cnt 5.3601 | shared_pairs det_seg 176/384 det_cnt 120/384 seg_cnt 88/384 | scores det_seg 0.4855 det_cnt -2.4730 seg_cnt -1.2580
[stage2] epoch 42/50 step 33 | loss 9.2064 | train det 0.3448 seg 0.0662 cnt 3.5042 | shared_pairs det_seg 162/384 det_cnt 146/384 seg_cnt 76/384 | scores det_seg 1.6078 det_cnt 0.5713 seg_cnt 0.7321
[stage2] epoch 42/50 step 34 | loss 5.2012 | train det 0.0253 seg 0.0931 cnt 4.0765 | shared_pairs det_seg 142/384 det_cnt 138/384 seg_cnt 104/384 | scores det_seg -1.9509 det_cnt -2.7815 seg_cnt 1.1433
[stage2] epoch 42/50 step 35 | loss 4.7537 | train det 0.0808 seg 0.1022 cnt 2.7241 | shared_pairs det_seg 168/384 det_cnt 138/384 seg_cnt 78/384 | scores det_seg -0.4788 det_cnt -0.7040 seg_cnt -0.2304
[stage2] epoch 42/50 step 36 | loss 8.7956 | train det 0.0460 seg 0.0856 cnt 7.4213 | shared_pairs det_seg 164/384 det_cnt 118/384 seg_cnt 102/384 | scores det_seg -1.4732 det_cnt -1.5109 seg_cnt 0.5367
[stage2] epoch 42/50 step 37 | loss 4.0501 | train det 0.0140 seg 0.0802 cnt 3.1984 | shared_pairs det_seg 143/384 det_cnt 137/384 seg_cnt 104/384 | scores det_seg -0.2263 det_cnt 0.7765 seg_cnt 2.7676
[stage2] epoch 42/50 step 38 | loss 2.2800 | train det 0.0179 seg 0.0733 cnt 1.4242 | shared_pairs det_seg 150/384 det_cnt 149/384 seg_cnt 85/384 | scores det_seg 0.0210 det_cnt 2.6314 seg_cnt 1.9389
[stage2] epoch 42/50 step 39 | loss 5.5649 | train det 0.1309 seg 0.1124 cnt 2.7021 | shared_pairs det_seg 146/384 det_cnt 144/384 seg_cnt 94/384 | scores det_seg -2.0711 det_cnt 0.7514 seg_cnt -0.2603
[stage2] epoch 42/50 step 40 | loss 4.8596 | train det 0.0639 seg 0.0691 cnt 3.3477 | shared_pairs det_seg 142/384 det_cnt 154/384 seg_cnt 88/384 | scores det_seg 1.9842 det_cnt 2.4211 seg_cnt 1.2039
[stage2] epoch 42/50 step 41 | loss 10.3188 | train det 0.0383 seg 0.1002 cnt 8.9428 | shared_pairs det_seg 142/384 det_cnt 149/384 seg_cnt 93/384 | scores det_seg 0.0628 det_cnt 1.1540 seg_cnt 1.2092
[stage2] epoch 42/50 step 42 | loss 4.9482 | train det 0.0483 seg 0.0838 cnt 3.5530 | shared_pairs det_seg 163/384 det_cnt 144/384 seg_cnt 77/384 | scores det_seg 0.0607 det_cnt 0.2252 seg_cnt -1.3871
[stage2] epoch 42/50 step 43 | loss 2.9943 | train det 0.0288 seg 0.0844 cnt 1.8871 | shared_pairs det_seg 170/384 det_cnt 133/384 seg_cnt 81/384 | scores det_seg 0.5126 det_cnt -2.8233 seg_cnt -3.0182
[stage2] epoch 42/50 | train 5.9190 | det 0.0678 seg 0.0840 cnt 4.2295 | selected_by_matrix_unit det_seg 6745 det_cnt 5938 seg_cnt 3829
[stage2] epoch 42 | val det 0.5144 seg 1.1010 miou 0.6176 cnt 5.3200 dens 9.627829e-01 mae 4.3572 total_mae 22.7740 | ap50 0.5747 | combo 1.421813
[stage2] epoch 43/50 step 1 | loss 4.6038 | train det 0.0928 seg 0.1510 cnt 2.0048 | shared_pairs det_seg 153/384 det_cnt 141/384 seg_cnt 90/384 | scores det_seg -1.4287 det_cnt -0.2914 seg_cnt 1.6245
[stage2] epoch 43/50 step 2 | loss 3.2136 | train det 0.0779 seg 0.0948 cnt 1.2861 | shared_pairs det_seg 157/384 det_cnt 141/384 seg_cnt 86/384 | scores det_seg -0.4011 det_cnt 1.0891 seg_cnt -2.0658
[stage2] epoch 43/50 step 3 | loss 6.6599 | train det 0.0412 seg 0.0918 cnt 5.3072 | shared_pairs det_seg 144/384 det_cnt 157/384 seg_cnt 83/384 | scores det_seg 0.8799 det_cnt 3.3011 seg_cnt -0.1124
[stage2] epoch 43/50 step 4 | loss 5.5662 | train det 0.0420 seg 0.0690 cnt 4.3843 | shared_pairs det_seg 170/384 det_cnt 115/384 seg_cnt 99/384 | scores det_seg 0.7159 det_cnt -2.6394 seg_cnt -0.1157
[stage2] epoch 43/50 step 5 | loss 3.8229 | train det 0.0341 seg 0.0823 cnt 2.6524 | shared_pairs det_seg 164/384 det_cnt 137/384 seg_cnt 83/384 | scores det_seg -0.9354 det_cnt -4.5426 seg_cnt 0.5435
[stage2] epoch 43/50 step 6 | loss 7.3741 | train det 0.0344 seg 0.0865 cnt 6.1664 | shared_pairs det_seg 129/384 det_cnt 146/384 seg_cnt 109/384 | scores det_seg -0.6193 det_cnt -0.2968 seg_cnt 3.8532
[stage2] epoch 43/50 step 7 | loss 5.2635 | train det 0.1214 seg 0.1893 cnt 1.9284 | shared_pairs det_seg 162/384 det_cnt 141/384 seg_cnt 81/384 | scores det_seg 0.4196 det_cnt 1.6499 seg_cnt -0.9296
[stage2] epoch 43/50 step 8 | loss 3.5967 | train det 0.0668 seg 0.0461 cnt 2.2263 | shared_pairs det_seg 164/384 det_cnt 136/384 seg_cnt 84/384 | scores det_seg 0.9783 det_cnt 1.1250 seg_cnt -0.3064
[stage2] epoch 43/50 step 9 | loss 4.0825 | train det 0.0144 seg 0.0604 cnt 3.3836 | shared_pairs det_seg 153/384 det_cnt 137/384 seg_cnt 94/384 | scores det_seg 0.3282 det_cnt -0.9272 seg_cnt 0.2787
[stage2] epoch 43/50 step 10 | loss 3.4962 | train det 0.0199 seg 0.0476 cnt 2.8165 | shared_pairs det_seg 141/384 det_cnt 146/384 seg_cnt 97/384 | scores det_seg -1.7048 det_cnt -1.3480 seg_cnt -0.9727
[stage2] epoch 43/50 step 11 | loss 4.2241 | train det 0.0549 seg 0.1669 cnt 2.0648 | shared_pairs det_seg 148/384 det_cnt 150/384 seg_cnt 86/384 | scores det_seg 0.3943 det_cnt 2.9556 seg_cnt 0.0916
[stage2] epoch 43/50 step 12 | loss 10.1433 | train det 0.1480 seg 0.1689 cnt 6.5716 | shared_pairs det_seg 172/384 det_cnt 141/384 seg_cnt 71/384 | scores det_seg -1.3889 det_cnt -1.3438 seg_cnt 0.2915
[stage2] epoch 43/50 step 13 | loss 6.6731 | train det 0.1777 seg 0.0862 cnt 3.3174 | shared_pairs det_seg 156/384 det_cnt 139/384 seg_cnt 89/384 | scores det_seg -0.3499 det_cnt 1.0034 seg_cnt -0.6048
[stage2] epoch 43/50 step 14 | loss 5.4288 | train det 0.0222 seg 0.0713 cnt 4.5252 | shared_pairs det_seg 135/384 det_cnt 151/384 seg_cnt 98/384 | scores det_seg -2.9732 det_cnt -1.3321 seg_cnt -1.7024
[stage2] epoch 43/50 step 15 | loss 7.4173 | train det 0.0629 seg 0.0970 cnt 5.6983 | shared_pairs det_seg 162/384 det_cnt 141/384 seg_cnt 81/384 | scores det_seg 2.7683 det_cnt 0.0502 seg_cnt -2.0679
[stage2] epoch 43/50 step 16 | loss 4.1289 | train det 0.0106 seg 0.0913 cnt 3.2391 | shared_pairs det_seg 166/384 det_cnt 123/384 seg_cnt 95/384 | scores det_seg 2.7001 det_cnt -0.7382 seg_cnt -0.6460
[stage2] epoch 43/50 step 17 | loss 8.7459 | train det 0.0279 seg 0.0881 cnt 7.6233 | shared_pairs det_seg 158/384 det_cnt 149/384 seg_cnt 77/384 | scores det_seg 3.2097 det_cnt 2.9605 seg_cnt -0.9719
[stage2] epoch 43/50 step 18 | loss 13.8823 | train det 0.0259 seg 0.1013 cnt 12.6834 | shared_pairs det_seg 158/384 det_cnt 142/384 seg_cnt 84/384 | scores det_seg 0.9495 det_cnt -0.6903 seg_cnt 0.3691
[stage2] epoch 43/50 step 19 | loss 6.5807 | train det 0.0173 seg 0.1500 cnt 5.1209 | shared_pairs det_seg 159/384 det_cnt 146/384 seg_cnt 79/384 | scores det_seg 1.9666 det_cnt 3.5942 seg_cnt -2.0361
[stage2] epoch 43/50 step 20 | loss 5.7304 | train det 0.0896 seg 0.0858 cnt 3.6994 | shared_pairs det_seg 161/384 det_cnt 140/384 seg_cnt 83/384 | scores det_seg -0.4195 det_cnt -4.1802 seg_cnt -1.1446
[stage2] epoch 43/50 step 21 | loss 5.0032 | train det 0.0782 seg 0.0687 cnt 3.2810 | shared_pairs det_seg 156/384 det_cnt 153/384 seg_cnt 75/384 | scores det_seg -2.7437 det_cnt 2.4878 seg_cnt -1.3425
[stage2] epoch 43/50 step 22 | loss 3.1340 | train det 0.0114 seg 0.1667 cnt 1.6291 | shared_pairs det_seg 151/384 det_cnt 140/384 seg_cnt 93/384 | scores det_seg 0.8416 det_cnt -1.3300 seg_cnt 0.6148
[stage2] epoch 43/50 step 23 | loss 3.5579 | train det 0.0486 seg 0.0746 cnt 2.2327 | shared_pairs det_seg 134/384 det_cnt 158/384 seg_cnt 92/384 | scores det_seg -0.5825 det_cnt 2.4534 seg_cnt -0.9530
[stage2] epoch 43/50 step 24 | loss 7.2024 | train det 0.0582 seg 0.1070 cnt 5.4738 | shared_pairs det_seg 165/384 det_cnt 140/384 seg_cnt 79/384 | scores det_seg 0.2754 det_cnt -2.3638 seg_cnt -0.0310
[stage2] epoch 43/50 step 25 | loss 3.9549 | train det 0.0351 seg 0.0654 cnt 2.9048 | shared_pairs det_seg 133/384 det_cnt 160/384 seg_cnt 91/384 | scores det_seg -0.8357 det_cnt 1.7341 seg_cnt -0.2262
[stage2] epoch 43/50 step 26 | loss 2.8097 | train det 0.0602 seg 0.0498 cnt 1.5080 | shared_pairs det_seg 142/384 det_cnt 150/384 seg_cnt 92/384 | scores det_seg -0.3275 det_cnt 0.3158 seg_cnt 0.6656
[stage2] epoch 43/50 step 27 | loss 6.4421 | train det 0.0491 seg 0.0771 cnt 5.0891 | shared_pairs det_seg 148/384 det_cnt 155/384 seg_cnt 81/384 | scores det_seg 0.0841 det_cnt -1.0917 seg_cnt -1.9044
[stage2] epoch 43/50 step 28 | loss 7.0615 | train det 0.1467 seg 0.1328 cnt 3.7982 | shared_pairs det_seg 163/384 det_cnt 137/384 seg_cnt 84/384 | scores det_seg 1.0807 det_cnt -2.3050 seg_cnt -1.1839
[stage2] epoch 43/50 step 29 | loss 6.2338 | train det 0.2028 seg 0.1165 cnt 2.2591 | shared_pairs det_seg 150/384 det_cnt 143/384 seg_cnt 91/384 | scores det_seg -1.9686 det_cnt -0.4989 seg_cnt -0.1614
[stage2] epoch 43/50 step 30 | loss 9.0942 | train det 0.0386 seg 0.0497 cnt 8.1174 | shared_pairs det_seg 157/384 det_cnt 152/384 seg_cnt 75/384 | scores det_seg -2.1077 det_cnt 1.4234 seg_cnt 0.1844
[stage2] epoch 43/50 step 31 | loss 3.5315 | train det 0.0313 seg 0.1378 cnt 1.9604 | shared_pairs det_seg 168/384 det_cnt 139/384 seg_cnt 77/384 | scores det_seg 0.4370 det_cnt 0.7766 seg_cnt -1.6513
[stage2] epoch 43/50 step 32 | loss 4.1902 | train det 0.1118 seg 0.0784 cnt 1.8864 | shared_pairs det_seg 174/384 det_cnt 136/384 seg_cnt 74/384 | scores det_seg 0.6113 det_cnt 0.9107 seg_cnt -1.5485
[stage2] epoch 43/50 step 33 | loss 8.3569 | train det 0.2006 seg 0.0570 cnt 4.8911 | shared_pairs det_seg 169/384 det_cnt 120/384 seg_cnt 95/384 | scores det_seg -0.2032 det_cnt -1.5297 seg_cnt -0.1873
[stage2] epoch 43/50 step 34 | loss 9.5575 | train det 0.4161 seg 0.0984 cnt 2.5292 | shared_pairs det_seg 159/384 det_cnt 132/384 seg_cnt 93/384 | scores det_seg -0.4456 det_cnt -2.8203 seg_cnt 2.5953
[stage2] epoch 43/50 step 35 | loss 3.5842 | train det 0.0225 seg 0.0812 cnt 2.5966 | shared_pairs det_seg 149/384 det_cnt 127/384 seg_cnt 108/384 | scores det_seg -1.2495 det_cnt -0.6187 seg_cnt 2.0196
[stage2] epoch 43/50 step 36 | loss 8.2014 | train det 0.0350 seg 0.0839 cnt 7.0049 | shared_pairs det_seg 140/384 det_cnt 144/384 seg_cnt 100/384 | scores det_seg -2.1016 det_cnt -0.6944 seg_cnt 1.5790
[stage2] epoch 43/50 step 37 | loss 7.5840 | train det 0.1026 seg 0.2188 cnt 4.2942 | shared_pairs det_seg 175/384 det_cnt 128/384 seg_cnt 81/384 | scores det_seg 0.6322 det_cnt -1.0838 seg_cnt -2.4748
[stage2] epoch 43/50 step 38 | loss 6.8784 | train det 0.0836 seg 0.0904 cnt 4.9006 | shared_pairs det_seg 168/384 det_cnt 130/384 seg_cnt 86/384 | scores det_seg 0.2946 det_cnt -0.3921 seg_cnt -1.0119
[stage2] epoch 43/50 step 39 | loss 6.5948 | train det 0.0331 seg 0.1201 cnt 5.1372 | shared_pairs det_seg 157/384 det_cnt 128/384 seg_cnt 99/384 | scores det_seg -0.8192 det_cnt -1.5471 seg_cnt -1.1320
[stage2] epoch 43/50 step 40 | loss 5.7777 | train det 0.0358 seg 0.1136 cnt 4.3323 | shared_pairs det_seg 166/384 det_cnt 135/384 seg_cnt 83/384 | scores det_seg 0.1397 det_cnt 1.9710 seg_cnt -1.3433
[stage2] epoch 43/50 step 41 | loss 10.6973 | train det 0.0417 seg 0.0739 cnt 9.4809 | shared_pairs det_seg 156/384 det_cnt 149/384 seg_cnt 79/384 | scores det_seg 2.9689 det_cnt 2.4057 seg_cnt -1.5131
[stage2] epoch 43/50 step 42 | loss 11.3695 | train det 0.0412 seg 0.0564 cnt 10.3007 | shared_pairs det_seg 161/384 det_cnt 139/384 seg_cnt 84/384 | scores det_seg 1.8222 det_cnt 1.6725 seg_cnt 0.3809
[stage2] epoch 43/50 step 43 | loss 6.4675 | train det 0.1146 seg 0.0306 cnt 4.5036 | shared_pairs det_seg 139/384 det_cnt 161/384 seg_cnt 84/384 | scores det_seg 0.0766 det_cnt 4.2561 seg_cnt 0.5904
[stage2] epoch 43/50 | train 6.2307 | det 0.0740 seg 0.0971 cnt 4.3444 | selected_by_matrix_unit det_seg 6692 det_cnt 6075 seg_cnt 3745
[stage2] epoch 43 | val det 0.5095 seg 1.0908 miou 0.6187 cnt 5.3802 dens 9.581215e-01 mae 4.4220 total_mae 23.1307 | ap50 0.5741 | combo 1.418985
[stage2] epoch 44/50 step 1 | loss 7.4015 | train det 0.1133 seg 0.1044 cnt 4.8672 | shared_pairs det_seg 151/384 det_cnt 125/384 seg_cnt 108/384 | scores det_seg -0.9695 det_cnt -0.1517 seg_cnt 1.2046
[stage2] epoch 44/50 step 2 | loss 6.7100 | train det 0.0642 seg 0.0561 cnt 5.2975 | shared_pairs det_seg 174/384 det_cnt 129/384 seg_cnt 81/384 | scores det_seg 2.3564 det_cnt -0.7211 seg_cnt -1.5578
[stage2] epoch 44/50 step 3 | loss 5.4583 | train det 0.0154 seg 0.0895 cnt 4.5108 | shared_pairs det_seg 174/384 det_cnt 120/384 seg_cnt 90/384 | scores det_seg 0.4895 det_cnt -1.1655 seg_cnt 0.3394
[stage2] epoch 44/50 step 4 | loss 4.2553 | train det 0.1036 seg 0.0657 cnt 2.1758 | shared_pairs det_seg 157/384 det_cnt 144/384 seg_cnt 83/384 | scores det_seg 0.5924 det_cnt -0.6365 seg_cnt -0.5292
[stage2] epoch 44/50 step 5 | loss 4.8504 | train det 0.0196 seg 0.0526 cnt 4.1349 | shared_pairs det_seg 140/384 det_cnt 158/384 seg_cnt 86/384 | scores det_seg -1.8205 det_cnt 1.8044 seg_cnt 1.4737
[stage2] epoch 44/50 step 6 | loss 7.2313 | train det 0.0553 seg 0.0602 cnt 5.9202 | shared_pairs det_seg 136/384 det_cnt 148/384 seg_cnt 100/384 | scores det_seg -2.1837 det_cnt 1.1219 seg_cnt 1.8543
[stage2] epoch 44/50 step 7 | loss 7.5515 | train det 0.2970 seg 0.0944 cnt 2.3409 | shared_pairs det_seg 155/384 det_cnt 144/384 seg_cnt 85/384 | scores det_seg -0.3372 det_cnt 0.2703 seg_cnt -0.5591
[stage2] epoch 44/50 step 8 | loss 7.8284 | train det 0.1037 seg 0.0603 cnt 5.7905 | shared_pairs det_seg 159/384 det_cnt 131/384 seg_cnt 94/384 | scores det_seg -0.5917 det_cnt -0.1421 seg_cnt -0.2048
[stage2] epoch 44/50 step 9 | loss 4.8832 | train det 0.0828 seg 0.1151 cnt 2.7210 | shared_pairs det_seg 165/384 det_cnt 118/384 seg_cnt 101/384 | scores det_seg 0.4306 det_cnt -2.2572 seg_cnt 2.0114
[stage2] epoch 44/50 step 10 | loss 4.8750 | train det 0.0620 seg 0.0461 cnt 3.5769 | shared_pairs det_seg 149/384 det_cnt 147/384 seg_cnt 88/384 | scores det_seg 0.4555 det_cnt -0.8990 seg_cnt -1.6723
[stage2] epoch 44/50 step 11 | loss 5.7690 | train det 0.1158 seg 0.0777 cnt 3.4101 | shared_pairs det_seg 164/384 det_cnt 131/384 seg_cnt 89/384 | scores det_seg 0.2543 det_cnt -0.8772 seg_cnt 0.8264
[stage2] epoch 44/50 step 12 | loss 4.6049 | train det 0.0350 seg 0.1151 cnt 3.1586 | shared_pairs det_seg 177/384 det_cnt 136/384 seg_cnt 71/384 | scores det_seg 2.9480 det_cnt -0.2600 seg_cnt -1.2289
[stage2] epoch 44/50 step 13 | loss 6.5780 | train det 0.0536 seg 0.0916 cnt 5.0406 | shared_pairs det_seg 141/384 det_cnt 149/384 seg_cnt 94/384 | scores det_seg -1.2028 det_cnt 2.1506 seg_cnt 0.9913
[stage2] epoch 44/50 step 14 | loss 10.2376 | train det 0.0465 seg 0.0795 cnt 8.9035 | shared_pairs det_seg 143/384 det_cnt 143/384 seg_cnt 98/384 | scores det_seg -2.7527 det_cnt -0.1693 seg_cnt -0.5414
[stage2] epoch 44/50 step 15 | loss 5.9209 | train det 0.0869 seg 0.1660 cnt 3.2896 | shared_pairs det_seg 167/384 det_cnt 126/384 seg_cnt 91/384 | scores det_seg 0.5279 det_cnt 0.6184 seg_cnt -2.1097
[stage2] epoch 44/50 step 16 | loss 10.9288 | train det 0.0944 seg 0.1016 cnt 8.6999 | shared_pairs det_seg 169/384 det_cnt 124/384 seg_cnt 91/384 | scores det_seg 0.0111 det_cnt -2.1924 seg_cnt 0.1806
[stage2] epoch 44/50 step 17 | loss 10.0889 | train det 0.0868 seg 0.0754 cnt 8.1836 | shared_pairs det_seg 161/384 det_cnt 126/384 seg_cnt 97/384 | scores det_seg 0.4527 det_cnt 1.1860 seg_cnt 1.9624
[stage2] epoch 44/50 step 18 | loss 5.2211 | train det 0.0289 seg 0.1357 cnt 3.7021 | shared_pairs det_seg 169/384 det_cnt 143/384 seg_cnt 72/384 | scores det_seg 3.3174 det_cnt 0.8896 seg_cnt -2.7254
[stage2] epoch 44/50 step 19 | loss 4.5399 | train det 0.1382 seg 0.1386 cnt 1.3580 | shared_pairs det_seg 145/384 det_cnt 139/384 seg_cnt 100/384 | scores det_seg -2.0929 det_cnt 0.0033 seg_cnt 0.3047
[stage2] epoch 44/50 step 20 | loss 5.9002 | train det 0.1241 seg 0.0887 cnt 3.3292 | shared_pairs det_seg 152/384 det_cnt 144/384 seg_cnt 88/384 | scores det_seg -2.5925 det_cnt 2.9880 seg_cnt -1.2886
[stage2] epoch 44/50 step 21 | loss 4.7929 | train det 0.0406 seg 0.0874 cnt 3.4848 | shared_pairs det_seg 159/384 det_cnt 142/384 seg_cnt 83/384 | scores det_seg 2.5562 det_cnt 2.4068 seg_cnt 2.3220
[stage2] epoch 44/50 step 22 | loss 10.6988 | train det 0.0491 seg 0.0605 cnt 9.4774 | shared_pairs det_seg 165/384 det_cnt 136/384 seg_cnt 83/384 | scores det_seg -0.9022 det_cnt -2.7598 seg_cnt -2.4742
[stage2] epoch 44/50 step 23 | loss 5.2288 | train det 0.0225 seg 0.1149 cnt 3.9721 | shared_pairs det_seg 148/384 det_cnt 136/384 seg_cnt 100/384 | scores det_seg -2.1100 det_cnt 0.2404 seg_cnt 0.4018
[stage2] epoch 44/50 step 24 | loss 6.2140 | train det 0.0590 seg 0.0484 cnt 4.9414 | shared_pairs det_seg 145/384 det_cnt 156/384 seg_cnt 83/384 | scores det_seg -0.5045 det_cnt 1.8312 seg_cnt -1.8300
[stage2] epoch 44/50 step 25 | loss 5.7093 | train det 0.1405 seg 0.0735 cnt 3.0137 | shared_pairs det_seg 149/384 det_cnt 125/384 seg_cnt 110/384 | scores det_seg -0.5435 det_cnt -0.2313 seg_cnt 2.7594
[stage2] epoch 44/50 step 26 | loss 4.7078 | train det 0.0163 seg 0.0397 cnt 4.1450 | shared_pairs det_seg 146/384 det_cnt 146/384 seg_cnt 92/384 | scores det_seg -1.0736 det_cnt 0.8379 seg_cnt -1.7216
[stage2] epoch 44/50 step 27 | loss 5.1686 | train det 0.0695 seg 0.1107 cnt 3.2404 | shared_pairs det_seg 147/384 det_cnt 125/384 seg_cnt 112/384 | scores det_seg -1.7531 det_cnt -1.7197 seg_cnt 1.5674
[stage2] epoch 44/50 step 28 | loss 2.8034 | train det 0.0462 seg 0.0699 cnt 1.5515 | shared_pairs det_seg 146/384 det_cnt 145/384 seg_cnt 93/384 | scores det_seg -3.0413 det_cnt 0.0759 seg_cnt 0.6806
[stage2] epoch 44/50 step 29 | loss 5.9966 | train det 0.0909 seg 0.0792 cnt 3.9995 | shared_pairs det_seg 163/384 det_cnt 143/384 seg_cnt 78/384 | scores det_seg -0.5267 det_cnt 2.7175 seg_cnt -0.1417
[stage2] epoch 44/50 step 30 | loss 6.0574 | train det 0.0181 seg 0.0820 cnt 5.1305 | shared_pairs det_seg 173/384 det_cnt 116/384 seg_cnt 95/384 | scores det_seg 1.9130 det_cnt -0.5248 seg_cnt -0.0307
[stage2] epoch 44/50 step 31 | loss 3.0573 | train det 0.0260 seg 0.0391 cnt 2.3547 | shared_pairs det_seg 161/384 det_cnt 139/384 seg_cnt 84/384 | scores det_seg 0.1769 det_cnt 3.4477 seg_cnt -0.5739
[stage2] epoch 44/50 step 32 | loss 7.0687 | train det 0.1047 seg 0.1238 cnt 4.5080 | shared_pairs det_seg 164/384 det_cnt 137/384 seg_cnt 83/384 | scores det_seg 0.5544 det_cnt 0.6291 seg_cnt -0.2719
[stage2] epoch 44/50 step 33 | loss 3.6606 | train det 0.0168 seg 0.0917 cnt 2.6750 | shared_pairs det_seg 157/384 det_cnt 132/384 seg_cnt 95/384 | scores det_seg 3.1708 det_cnt 0.0456 seg_cnt 1.4073
[stage2] epoch 44/50 step 34 | loss 8.0332 | train det 0.1310 seg 0.1124 cnt 5.1693 | shared_pairs det_seg 160/384 det_cnt 135/384 seg_cnt 89/384 | scores det_seg 2.2316 det_cnt 1.5325 seg_cnt 1.4533
[stage2] epoch 44/50 step 35 | loss 5.2595 | train det 0.0800 seg 0.0986 cnt 3.2708 | shared_pairs det_seg 174/384 det_cnt 133/384 seg_cnt 77/384 | scores det_seg 0.5887 det_cnt -1.4961 seg_cnt -0.8775
[stage2] epoch 44/50 step 36 | loss 4.4948 | train det 0.0167 seg 0.0939 cnt 3.4925 | shared_pairs det_seg 163/384 det_cnt 151/384 seg_cnt 70/384 | scores det_seg 3.5205 det_cnt 0.0916 seg_cnt -0.5749
[stage2] epoch 44/50 step 37 | loss 6.7312 | train det 0.1380 seg 0.0582 cnt 4.1948 | shared_pairs det_seg 165/384 det_cnt 129/384 seg_cnt 90/384 | scores det_seg 1.8349 det_cnt -0.2403 seg_cnt -0.5177
[stage2] epoch 44/50 step 38 | loss 11.2883 | train det 0.0641 seg 0.0557 cnt 9.8803 | shared_pairs det_seg 171/384 det_cnt 117/384 seg_cnt 96/384 | scores det_seg -1.0013 det_cnt -5.0011 seg_cnt -0.1044
[stage2] epoch 44/50 step 39 | loss 2.7824 | train det 0.0116 seg 0.0476 cnt 2.2270 | shared_pairs det_seg 137/384 det_cnt 138/384 seg_cnt 109/384 | scores det_seg -0.6502 det_cnt -2.0160 seg_cnt -1.1839
[stage2] epoch 44/50 step 40 | loss 10.2066 | train det 0.1281 seg 0.0681 cnt 7.7395 | shared_pairs det_seg 143/384 det_cnt 141/384 seg_cnt 100/384 | scores det_seg -2.5440 det_cnt 0.3580 seg_cnt 1.1774
[stage2] epoch 44/50 step 41 | loss 5.8871 | train det 0.0205 seg 0.1430 cnt 4.4359 | shared_pairs det_seg 157/384 det_cnt 151/384 seg_cnt 76/384 | scores det_seg 0.7193 det_cnt -0.2484 seg_cnt -1.9613
[stage2] epoch 44/50 step 42 | loss 4.2275 | train det 0.0395 seg 0.0426 cnt 3.2935 | shared_pairs det_seg 152/384 det_cnt 131/384 seg_cnt 101/384 | scores det_seg 0.4578 det_cnt 1.0440 seg_cnt 0.1415
[stage2] epoch 44/50 step 43 | loss 6.3497 | train det 0.2599 seg 0.1026 cnt 1.6304 | shared_pairs det_seg 133/384 det_cnt 147/384 seg_cnt 104/384 | scores det_seg -3.4375 det_cnt -0.3306 seg_cnt 1.4195
[stage2] epoch 44/50 | train 6.2153 | det 0.0771 seg 0.0851 cnt 4.3776 | selected_by_matrix_unit det_seg 6726 det_cnt 5876 seg_cnt 3910
[stage2] epoch 44 | val det 0.5192 seg 1.1230 miou 0.6194 cnt 5.3881 dens 9.637150e-01 mae 4.4243 total_mae 21.3697 | ap50 0.5729 | combo 1.418313
[stage2] epoch 45/50 step 1 | loss 5.4394 | train det 0.0183 seg 0.0790 cnt 4.5326 | shared_pairs det_seg 178/384 det_cnt 133/384 seg_cnt 73/384 | scores det_seg -0.2546 det_cnt -1.2267 seg_cnt -4.0401
[stage2] epoch 45/50 step 2 | loss 3.0880 | train det 0.0246 seg 0.0474 cnt 2.3398 | shared_pairs det_seg 193/384 det_cnt 106/384 seg_cnt 85/384 | scores det_seg 4.1759 det_cnt -4.8631 seg_cnt -0.8860
[stage2] epoch 45/50 step 3 | loss 3.4981 | train det 0.0359 seg 0.1144 cnt 2.0447 | shared_pairs det_seg 161/384 det_cnt 131/384 seg_cnt 92/384 | scores det_seg -1.3762 det_cnt -1.0471 seg_cnt -1.4543
[stage2] epoch 45/50 step 4 | loss 4.3601 | train det 0.0463 seg 0.1283 cnt 2.6393 | shared_pairs det_seg 146/384 det_cnt 158/384 seg_cnt 80/384 | scores det_seg 0.4977 det_cnt 1.3603 seg_cnt -0.6513
[stage2] epoch 45/50 step 5 | loss 4.7478 | train det 0.0544 seg 0.0417 cnt 3.5982 | shared_pairs det_seg 164/384 det_cnt 134/384 seg_cnt 86/384 | scores det_seg -1.5738 det_cnt -1.0711 seg_cnt -2.9664
[stage2] epoch 45/50 step 6 | loss 5.9424 | train det 0.1291 seg 0.1436 cnt 2.8564 | shared_pairs det_seg 165/384 det_cnt 151/384 seg_cnt 68/384 | scores det_seg 0.3413 det_cnt 1.4527 seg_cnt -1.1926
[stage2] epoch 45/50 step 7 | loss 4.2587 | train det 0.1078 seg 0.1145 cnt 1.7259 | shared_pairs det_seg 158/384 det_cnt 122/384 seg_cnt 104/384 | scores det_seg -1.3730 det_cnt -1.5353 seg_cnt 0.7264
[stage2] epoch 45/50 step 8 | loss 6.2810 | train det 0.0714 seg 0.1009 cnt 4.4029 | shared_pairs det_seg 146/384 det_cnt 126/384 seg_cnt 112/384 | scores det_seg -0.6969 det_cnt -2.5411 seg_cnt 0.3911
[stage2] epoch 45/50 step 9 | loss 3.2149 | train det 0.0139 seg 0.0288 cnt 2.7754 | shared_pairs det_seg 135/384 det_cnt 148/384 seg_cnt 101/384 | scores det_seg -2.2041 det_cnt 0.5251 seg_cnt 0.9696
[stage2] epoch 45/50 step 10 | loss 3.8808 | train det 0.0332 seg 0.0305 cnt 3.1383 | shared_pairs det_seg 158/384 det_cnt 149/384 seg_cnt 77/384 | scores det_seg 0.2708 det_cnt 2.8139 seg_cnt -0.4593
[stage2] epoch 45/50 step 11 | loss 5.4111 | train det 0.0397 seg 0.0908 cnt 4.0886 | shared_pairs det_seg 174/384 det_cnt 111/384 seg_cnt 99/384 | scores det_seg 1.2811 det_cnt -3.9284 seg_cnt 1.1227
[stage2] epoch 45/50 step 12 | loss 4.8729 | train det 0.0536 seg 0.1492 cnt 2.8744 | shared_pairs det_seg 147/384 det_cnt 145/384 seg_cnt 92/384 | scores det_seg -0.8545 det_cnt 1.0902 seg_cnt 1.3203
[stage2] epoch 45/50 step 13 | loss 5.4526 | train det 0.0400 seg 0.0414 cnt 4.5215 | shared_pairs det_seg 159/384 det_cnt 128/384 seg_cnt 97/384 | scores det_seg 0.3450 det_cnt -2.4198 seg_cnt -1.2233
[stage2] epoch 45/50 step 14 | loss 8.4358 | train det 0.1811 seg 0.0911 cnt 4.9910 | shared_pairs det_seg 153/384 det_cnt 157/384 seg_cnt 74/384 | scores det_seg 0.7174 det_cnt 0.9329 seg_cnt -1.2523
[stage2] epoch 45/50 step 15 | loss 9.0668 | train det 0.1579 seg 0.0444 cnt 6.3429 | shared_pairs det_seg 127/384 det_cnt 169/384 seg_cnt 88/384 | scores det_seg 0.5514 det_cnt 4.4646 seg_cnt -0.6818
[stage2] epoch 45/50 step 16 | loss 7.2736 | train det 0.0584 seg 0.0721 cnt 5.8211 | shared_pairs det_seg 142/384 det_cnt 151/384 seg_cnt 91/384 | scores det_seg -1.1782 det_cnt -1.8683 seg_cnt 0.0934
[stage2] epoch 45/50 step 17 | loss 6.6118 | train det 0.0567 seg 0.0642 cnt 5.2477 | shared_pairs det_seg 143/384 det_cnt 147/384 seg_cnt 94/384 | scores det_seg -0.0159 det_cnt 1.7185 seg_cnt -0.5484
[stage2] epoch 45/50 step 18 | loss 6.5394 | train det 0.0622 seg 0.1022 cnt 4.7887 | shared_pairs det_seg 151/384 det_cnt 137/384 seg_cnt 96/384 | scores det_seg -1.7849 det_cnt -0.6072 seg_cnt -0.5146
[stage2] epoch 45/50 step 19 | loss 6.0324 | train det 0.0515 seg 0.0867 cnt 4.5662 | shared_pairs det_seg 132/384 det_cnt 148/384 seg_cnt 104/384 | scores det_seg -2.6558 det_cnt -0.8770 seg_cnt 1.3319
[stage2] epoch 45/50 step 20 | loss 10.9971 | train det 0.0518 seg 0.1339 cnt 9.1490 | shared_pairs det_seg 129/384 det_cnt 150/384 seg_cnt 105/384 | scores det_seg -1.1302 det_cnt -0.1460 seg_cnt 0.2044
[stage2] epoch 45/50 step 21 | loss 4.4948 | train det 0.0322 seg 0.0506 cnt 3.6073 | shared_pairs det_seg 165/384 det_cnt 129/384 seg_cnt 90/384 | scores det_seg -0.6301 det_cnt 0.5626 seg_cnt 0.0027
[stage2] epoch 45/50 step 22 | loss 4.8507 | train det 0.0269 seg 0.0462 cnt 4.0782 | shared_pairs det_seg 150/384 det_cnt 141/384 seg_cnt 93/384 | scores det_seg -3.0768 det_cnt -3.2223 seg_cnt 1.3485
[stage2] epoch 45/50 step 23 | loss 8.4516 | train det 0.1624 seg 0.0441 cnt 5.6630 | shared_pairs det_seg 138/384 det_cnt 166/384 seg_cnt 80/384 | scores det_seg 0.3912 det_cnt 4.3201 seg_cnt -2.1195
[stage2] epoch 45/50 step 24 | loss 7.9952 | train det 0.0256 seg 0.0264 cnt 7.3994 | shared_pairs det_seg 141/384 det_cnt 153/384 seg_cnt 90/384 | scores det_seg -2.7817 det_cnt -0.0403 seg_cnt 0.6440
[stage2] epoch 45/50 step 25 | loss 9.1736 | train det 0.3326 seg 0.1674 cnt 2.8453 | shared_pairs det_seg 163/384 det_cnt 129/384 seg_cnt 92/384 | scores det_seg 0.8725 det_cnt -1.5662 seg_cnt -1.0019
[stage2] epoch 45/50 step 26 | loss 4.3138 | train det 0.0492 seg 0.0827 cnt 2.9149 | shared_pairs det_seg 134/384 det_cnt 159/384 seg_cnt 91/384 | scores det_seg -1.4865 det_cnt 2.7373 seg_cnt 0.9028
[stage2] epoch 45/50 step 27 | loss 3.2914 | train det 0.1155 seg 0.0280 cnt 1.3345 | shared_pairs det_seg 174/384 det_cnt 136/384 seg_cnt 74/384 | scores det_seg 1.6187 det_cnt 0.3553 seg_cnt -2.5281
[stage2] epoch 45/50 step 28 | loss 3.4634 | train det 0.0140 seg 0.0555 cnt 2.8088 | shared_pairs det_seg 153/384 det_cnt 137/384 seg_cnt 94/384 | scores det_seg 0.7045 det_cnt 1.9354 seg_cnt -0.2078
[stage2] epoch 45/50 step 29 | loss 4.4475 | train det 0.0658 seg 0.0694 cnt 2.9049 | shared_pairs det_seg 182/384 det_cnt 133/384 seg_cnt 69/384 | scores det_seg 3.1706 det_cnt 0.9812 seg_cnt -0.4413
[stage2] epoch 45/50 step 30 | loss 3.0101 | train det 0.0195 seg 0.1396 cnt 1.6013 | shared_pairs det_seg 155/384 det_cnt 141/384 seg_cnt 88/384 | scores det_seg 0.5713 det_cnt -2.5828 seg_cnt -2.4560
[stage2] epoch 45/50 step 31 | loss 2.6513 | train det 0.0368 seg 0.0652 cnt 1.5771 | shared_pairs det_seg 171/384 det_cnt 123/384 seg_cnt 90/384 | scores det_seg 3.1348 det_cnt -2.5305 seg_cnt 1.0610
[stage2] epoch 45/50 step 32 | loss 3.8402 | train det 0.0131 seg 0.0890 cnt 2.9312 | shared_pairs det_seg 164/384 det_cnt 136/384 seg_cnt 84/384 | scores det_seg -0.9427 det_cnt -2.6929 seg_cnt -1.8194
[stage2] epoch 45/50 step 33 | loss 4.1337 | train det 0.0316 seg 0.1376 cnt 2.5588 | shared_pairs det_seg 142/384 det_cnt 147/384 seg_cnt 95/384 | scores det_seg 0.6037 det_cnt -0.5199 seg_cnt -0.1780
[stage2] epoch 45/50 step 34 | loss 5.0130 | train det 0.0439 seg 0.0420 cnt 4.0188 | shared_pairs det_seg 148/384 det_cnt 153/384 seg_cnt 83/384 | scores det_seg 0.7987 det_cnt 1.0682 seg_cnt -1.9860
[stage2] epoch 45/50 step 35 | loss 7.7293 | train det 0.2030 seg 0.0930 cnt 3.9408 | shared_pairs det_seg 171/384 det_cnt 132/384 seg_cnt 81/384 | scores det_seg 3.2176 det_cnt 2.9449 seg_cnt -1.8249
[stage2] epoch 45/50 step 36 | loss 3.9901 | train det 0.0582 seg 0.0682 cnt 2.5712 | shared_pairs det_seg 152/384 det_cnt 124/384 seg_cnt 108/384 | scores det_seg 0.9437 det_cnt -1.3803 seg_cnt 2.0993
[stage2] epoch 45/50 step 37 | loss 4.2836 | train det 0.0146 seg 0.0967 cnt 3.2905 | shared_pairs det_seg 159/384 det_cnt 143/384 seg_cnt 82/384 | scores det_seg 0.4853 det_cnt -0.1198 seg_cnt -1.9456
[stage2] epoch 45/50 step 38 | loss 5.7093 | train det 0.0198 seg 0.0531 cnt 4.9882 | shared_pairs det_seg 144/384 det_cnt 154/384 seg_cnt 86/384 | scores det_seg 0.4650 det_cnt 2.8670 seg_cnt -0.4191
[stage2] epoch 45/50 step 39 | loss 7.8101 | train det 0.0313 seg 0.1146 cnt 6.4234 | shared_pairs det_seg 146/384 det_cnt 137/384 seg_cnt 101/384 | scores det_seg 0.0561 det_cnt -0.4031 seg_cnt 0.8860
[stage2] epoch 45/50 step 40 | loss 6.8756 | train det 0.0520 seg 0.0622 cnt 5.5982 | shared_pairs det_seg 186/384 det_cnt 131/384 seg_cnt 67/384 | scores det_seg 0.8221 det_cnt -1.2167 seg_cnt -3.9178
[stage2] epoch 45/50 step 41 | loss 6.1296 | train det 0.0419 seg 0.0967 cnt 4.7272 | shared_pairs det_seg 154/384 det_cnt 139/384 seg_cnt 91/384 | scores det_seg 2.4230 det_cnt -0.1379 seg_cnt -0.6139
[stage2] epoch 45/50 step 42 | loss 7.2634 | train det 0.1136 seg 0.0332 cnt 5.2940 | shared_pairs det_seg 160/384 det_cnt 144/384 seg_cnt 80/384 | scores det_seg 0.5418 det_cnt 0.6633 seg_cnt -0.4296
[stage2] epoch 45/50 step 43 | loss 7.0916 | train det 0.0848 seg 0.1714 cnt 4.4489 | shared_pairs det_seg 163/384 det_cnt 140/384 seg_cnt 81/384 | scores det_seg 0.6992 det_cnt -1.4427 seg_cnt -0.5246
[stage2] epoch 45/50 | train 5.6144 | det 0.0669 seg 0.0823 cnt 3.9528 | selected_by_matrix_unit det_seg 6676 det_cnt 6028 seg_cnt 3808
[stage2] epoch 45 | val det 0.5315 seg 1.0996 miou 0.6172 cnt 5.2095 dens 9.668642e-01 mae 4.2427 total_mae 20.7316 | ap50 0.5725 | combo 1.425474
[stage2] epoch 46/50 step 1 | loss 2.3971 | train det 0.0445 seg 0.0626 cnt 1.2289 | shared_pairs det_seg 177/384 det_cnt 134/384 seg_cnt 73/384 | scores det_seg 0.9876 det_cnt 0.7498 seg_cnt -2.8048
[stage2] epoch 46/50 step 2 | loss 3.3707 | train det 0.0187 seg 0.0648 cnt 2.5713 | shared_pairs det_seg 187/384 det_cnt 106/384 seg_cnt 91/384 | scores det_seg 1.1294 det_cnt -2.6376 seg_cnt 0.4578
[stage2] epoch 46/50 step 3 | loss 4.1648 | train det 0.0427 seg 0.0793 cnt 2.8898 | shared_pairs det_seg 180/384 det_cnt 115/384 seg_cnt 89/384 | scores det_seg 2.2955 det_cnt -1.6096 seg_cnt -0.3592
[stage2] epoch 46/50 step 4 | loss 5.2960 | train det 0.0811 seg 0.0324 cnt 3.8201 | shared_pairs det_seg 144/384 det_cnt 142/384 seg_cnt 98/384 | scores det_seg 0.9737 det_cnt 2.5302 seg_cnt 2.2927
[stage2] epoch 46/50 step 5 | loss 7.8332 | train det 0.0675 seg 0.0727 cnt 6.2389 | shared_pairs det_seg 169/384 det_cnt 108/384 seg_cnt 107/384 | scores det_seg 1.4460 det_cnt -2.4290 seg_cnt 1.0675
[stage2] epoch 46/50 step 6 | loss 11.7794 | train det 0.4237 seg 0.0684 cnt 4.8767 | shared_pairs det_seg 155/384 det_cnt 130/384 seg_cnt 99/384 | scores det_seg -0.5832 det_cnt 0.9347 seg_cnt 0.9113
[stage2] epoch 46/50 step 7 | loss 5.1451 | train det 0.0554 seg 0.0231 cnt 4.1298 | shared_pairs det_seg 146/384 det_cnt 143/384 seg_cnt 95/384 | scores det_seg -0.6541 det_cnt 2.1189 seg_cnt 0.5579
[stage2] epoch 46/50 step 8 | loss 5.6388 | train det 0.0463 seg 0.1118 cnt 4.0502 | shared_pairs det_seg 179/384 det_cnt 117/384 seg_cnt 88/384 | scores det_seg 2.3381 det_cnt -3.2453 seg_cnt -1.9221
[stage2] epoch 46/50 step 9 | loss 7.8217 | train det 0.0432 seg 0.1070 cnt 6.3176 | shared_pairs det_seg 158/384 det_cnt 127/384 seg_cnt 99/384 | scores det_seg -1.2584 det_cnt -2.0026 seg_cnt -1.0956
[stage2] epoch 46/50 step 10 | loss 9.4555 | train det 0.0611 seg 0.1249 cnt 7.5405 | shared_pairs det_seg 167/384 det_cnt 126/384 seg_cnt 91/384 | scores det_seg -0.8147 det_cnt -2.3189 seg_cnt -0.6743
[stage2] epoch 46/50 step 11 | loss 3.9250 | train det 0.0408 seg 0.0534 cnt 2.8861 | shared_pairs det_seg 131/384 det_cnt 150/384 seg_cnt 103/384 | scores det_seg -0.9544 det_cnt -0.9739 seg_cnt 0.8014
[stage2] epoch 46/50 step 12 | loss 5.8762 | train det 0.0466 seg 0.0243 cnt 4.9823 | shared_pairs det_seg 140/384 det_cnt 146/384 seg_cnt 98/384 | scores det_seg -0.5839 det_cnt 0.7585 seg_cnt 0.5190
[stage2] epoch 46/50 step 13 | loss 6.4217 | train det 0.0430 seg 0.1031 cnt 4.9513 | shared_pairs det_seg 167/384 det_cnt 142/384 seg_cnt 75/384 | scores det_seg 2.1395 det_cnt 0.1549 seg_cnt -1.2611
[stage2] epoch 46/50 step 14 | loss 2.9527 | train det 0.0298 seg 0.1061 cnt 1.6569 | shared_pairs det_seg 151/384 det_cnt 138/384 seg_cnt 95/384 | scores det_seg -0.9946 det_cnt -1.4441 seg_cnt -0.5865
[stage2] epoch 46/50 step 15 | loss 6.2013 | train det 0.1362 seg 0.1386 cnt 3.0497 | shared_pairs det_seg 151/384 det_cnt 128/384 seg_cnt 105/384 | scores det_seg 2.8036 det_cnt -2.3281 seg_cnt 1.3101
[stage2] epoch 46/50 step 16 | loss 6.1694 | train det 0.0325 seg 0.0448 cnt 5.3230 | shared_pairs det_seg 171/384 det_cnt 137/384 seg_cnt 76/384 | scores det_seg 3.2981 det_cnt -0.6829 seg_cnt 1.8941
[stage2] epoch 46/50 step 17 | loss 6.0363 | train det 0.0453 seg 0.0631 cnt 4.8524 | shared_pairs det_seg 144/384 det_cnt 155/384 seg_cnt 85/384 | scores det_seg -0.1071 det_cnt 2.4027 seg_cnt -1.2002
[stage2] epoch 46/50 step 18 | loss 5.5856 | train det 0.0865 seg 0.1058 cnt 3.4422 | shared_pairs det_seg 155/384 det_cnt 143/384 seg_cnt 86/384 | scores det_seg 0.2818 det_cnt 1.4538 seg_cnt 0.2209
[stage2] epoch 46/50 step 19 | loss 3.7715 | train det 0.0258 seg 0.0957 cnt 2.6184 | shared_pairs det_seg 149/384 det_cnt 136/384 seg_cnt 99/384 | scores det_seg -0.3038 det_cnt 0.2638 seg_cnt -0.6788
[stage2] epoch 46/50 step 20 | loss 7.6299 | train det 0.1425 seg 0.1162 cnt 4.5626 | shared_pairs det_seg 135/384 det_cnt 148/384 seg_cnt 101/384 | scores det_seg 1.1264 det_cnt 0.3390 seg_cnt 3.5217
[stage2] epoch 46/50 step 21 | loss 3.8224 | train det 0.0378 seg 0.0884 cnt 2.5483 | shared_pairs det_seg 179/384 det_cnt 122/384 seg_cnt 83/384 | scores det_seg 0.9447 det_cnt -2.5364 seg_cnt -0.5993
[stage2] epoch 46/50 step 22 | loss 4.9943 | train det 0.1770 seg 0.0458 cnt 1.9729 | shared_pairs det_seg 156/384 det_cnt 130/384 seg_cnt 98/384 | scores det_seg 1.5412 det_cnt -0.5626 seg_cnt 1.2973
[stage2] epoch 46/50 step 23 | loss 5.2633 | train det 0.0489 seg 0.2289 cnt 2.6994 | shared_pairs det_seg 172/384 det_cnt 138/384 seg_cnt 74/384 | scores det_seg 2.8835 det_cnt 1.7428 seg_cnt -0.7003
[stage2] epoch 46/50 step 24 | loss 3.1395 | train det 0.0273 seg 0.0573 cnt 2.2721 | shared_pairs det_seg 157/384 det_cnt 156/384 seg_cnt 71/384 | scores det_seg 2.6646 det_cnt 4.1308 seg_cnt -0.1982
[stage2] epoch 46/50 step 25 | loss 4.8182 | train det 0.1674 seg 0.0857 cnt 1.6222 | shared_pairs det_seg 163/384 det_cnt 145/384 seg_cnt 76/384 | scores det_seg 2.0119 det_cnt 5.3280 seg_cnt 0.0625
[stage2] epoch 46/50 step 26 | loss 4.7609 | train det 0.1070 seg 0.0717 cnt 2.5823 | shared_pairs det_seg 148/384 det_cnt 153/384 seg_cnt 83/384 | scores det_seg 0.5173 det_cnt 2.4655 seg_cnt -0.5311
[stage2] epoch 46/50 step 27 | loss 4.9525 | train det 0.0730 seg 0.0617 cnt 3.3637 | shared_pairs det_seg 138/384 det_cnt 139/384 seg_cnt 107/384 | scores det_seg -2.6938 det_cnt -0.3584 seg_cnt 0.7879
[stage2] epoch 46/50 step 28 | loss 7.9157 | train det 0.0370 seg 0.1042 cnt 6.5278 | shared_pairs det_seg 171/384 det_cnt 128/384 seg_cnt 85/384 | scores det_seg 1.3029 det_cnt -0.2449 seg_cnt 0.5993
[stage2] epoch 46/50 step 29 | loss 9.9243 | train det 0.0973 seg 0.1141 cnt 7.5512 | shared_pairs det_seg 145/384 det_cnt 165/384 seg_cnt 74/384 | scores det_seg 1.6010 det_cnt 3.5663 seg_cnt 2.4813
[stage2] epoch 46/50 step 30 | loss 4.7665 | train det 0.0400 seg 0.0336 cnt 3.8971 | shared_pairs det_seg 170/384 det_cnt 129/384 seg_cnt 85/384 | scores det_seg 2.9785 det_cnt 0.6848 seg_cnt 0.9645
[stage2] epoch 46/50 step 31 | loss 8.1690 | train det 0.0519 seg 0.0664 cnt 6.8589 | shared_pairs det_seg 148/384 det_cnt 147/384 seg_cnt 89/384 | scores det_seg 0.5494 det_cnt 0.5381 seg_cnt 1.3844
[stage2] epoch 46/50 step 32 | loss 6.0735 | train det 0.0877 seg 0.0829 cnt 4.0949 | shared_pairs det_seg 155/384 det_cnt 133/384 seg_cnt 96/384 | scores det_seg -2.2797 det_cnt -1.0406 seg_cnt 1.8703
[stage2] epoch 46/50 step 33 | loss 7.4776 | train det 0.0292 seg 0.1199 cnt 6.0813 | shared_pairs det_seg 144/384 det_cnt 146/384 seg_cnt 94/384 | scores det_seg 0.4198 det_cnt -0.0445 seg_cnt 1.6209
[stage2] epoch 46/50 step 34 | loss 7.6998 | train det 0.0261 seg 0.0779 cnt 6.6856 | shared_pairs det_seg 155/384 det_cnt 138/384 seg_cnt 91/384 | scores det_seg -1.1571 det_cnt -0.7687 seg_cnt 0.2015
[stage2] epoch 46/50 step 35 | loss 5.2112 | train det 0.0637 seg 0.0811 cnt 3.6067 | shared_pairs det_seg 154/384 det_cnt 119/384 seg_cnt 111/384 | scores det_seg -3.1445 det_cnt -1.2286 seg_cnt 0.7752
[stage2] epoch 46/50 step 36 | loss 6.4390 | train det 0.0548 seg 0.0796 cnt 4.9805 | shared_pairs det_seg 171/384 det_cnt 139/384 seg_cnt 74/384 | scores det_seg 1.6443 det_cnt 0.1417 seg_cnt -0.9645
[stage2] epoch 46/50 step 37 | loss 6.5570 | train det 0.0553 seg 0.1218 cnt 4.7525 | shared_pairs det_seg 161/384 det_cnt 128/384 seg_cnt 95/384 | scores det_seg -2.2187 det_cnt -0.2350 seg_cnt -0.1247
[stage2] epoch 46/50 step 38 | loss 3.4862 | train det 0.0271 seg 0.1023 cnt 2.2612 | shared_pairs det_seg 159/384 det_cnt 141/384 seg_cnt 84/384 | scores det_seg 1.5537 det_cnt 1.7028 seg_cnt -0.5286
[stage2] epoch 46/50 step 39 | loss 5.7223 | train det 0.0420 seg 0.0358 cnt 4.8060 | shared_pairs det_seg 150/384 det_cnt 146/384 seg_cnt 88/384 | scores det_seg 0.4022 det_cnt 1.3887 seg_cnt -0.2969
[stage2] epoch 46/50 step 40 | loss 6.0355 | train det 0.0902 seg 0.1203 cnt 3.7203 | shared_pairs det_seg 127/384 det_cnt 168/384 seg_cnt 89/384 | scores det_seg -2.6485 det_cnt 4.6930 seg_cnt 0.4142
[stage2] epoch 46/50 step 41 | loss 5.8577 | train det 0.0727 seg 0.1179 cnt 3.8244 | shared_pairs det_seg 148/384 det_cnt 145/384 seg_cnt 91/384 | scores det_seg -1.1579 det_cnt 0.0133 seg_cnt -0.2523
[stage2] epoch 46/50 step 42 | loss 10.4429 | train det 0.4626 seg 0.0505 cnt 3.0993 | shared_pairs det_seg 174/384 det_cnt 121/384 seg_cnt 89/384 | scores det_seg 0.2621 det_cnt -1.9448 seg_cnt 1.6343
[stage2] epoch 46/50 step 43 | loss 4.3918 | train det 0.0684 seg 0.0693 cnt 2.8114 | shared_pairs det_seg 150/384 det_cnt 145/384 seg_cnt 89/384 | scores det_seg 0.6101 det_cnt 1.8491 seg_cnt 0.1965
[stage2] epoch 46/50 | train 5.9394 | det 0.0804 seg 0.0841 cnt 4.0607 | selected_by_matrix_unit det_seg 6751 det_cnt 5892 seg_cnt 3869
[stage2] epoch 46 | val det 0.5042 seg 1.1162 miou 0.6172 cnt 6.2435 dens 9.739184e-01 mae 5.2696 total_mae 39.6542 | ap50 0.5741 | combo 1.381117
[stage2] epoch 47/50 step 1 | loss 2.8101 | train det 0.0369 seg 0.0490 cnt 1.8650 | shared_pairs det_seg 138/384 det_cnt 157/384 seg_cnt 89/384 | scores det_seg -1.7242 det_cnt 3.7708 seg_cnt 0.7547
[stage2] epoch 47/50 step 2 | loss 6.4847 | train det 0.1784 seg 0.1433 cnt 2.6619 | shared_pairs det_seg 145/384 det_cnt 135/384 seg_cnt 104/384 | scores det_seg -0.0333 det_cnt -0.3518 seg_cnt 0.1734
[stage2] epoch 47/50 step 3 | loss 6.3664 | train det 0.0389 seg 0.1671 cnt 4.4455 | shared_pairs det_seg 154/384 det_cnt 134/384 seg_cnt 96/384 | scores det_seg 0.0105 det_cnt -1.4794 seg_cnt 0.8736
[stage2] epoch 47/50 step 4 | loss 6.8726 | train det 0.1986 seg 0.0807 cnt 3.2480 | shared_pairs det_seg 152/384 det_cnt 149/384 seg_cnt 83/384 | scores det_seg -1.2017 det_cnt 1.2722 seg_cnt -1.7784
[stage2] epoch 47/50 step 5 | loss 4.5548 | train det 0.0436 seg 0.0815 cnt 3.2497 | shared_pairs det_seg 170/384 det_cnt 140/384 seg_cnt 74/384 | scores det_seg 2.7975 det_cnt 1.1538 seg_cnt -0.5290
[stage2] epoch 47/50 step 6 | loss 7.8550 | train det 0.3453 seg 0.0678 cnt 2.1327 | shared_pairs det_seg 155/384 det_cnt 143/384 seg_cnt 86/384 | scores det_seg -1.3328 det_cnt 1.0272 seg_cnt -1.3116
[stage2] epoch 47/50 step 7 | loss 4.9110 | train det 0.0561 seg 0.0966 cnt 3.2962 | shared_pairs det_seg 146/384 det_cnt 147/384 seg_cnt 91/384 | scores det_seg -0.0654 det_cnt 0.2223 seg_cnt -0.9997
[stage2] epoch 47/50 step 8 | loss 7.1219 | train det 0.0575 seg 0.2468 cnt 4.2847 | shared_pairs det_seg 163/384 det_cnt 133/384 seg_cnt 88/384 | scores det_seg 1.9271 det_cnt -0.0988 seg_cnt -0.3687
[stage2] epoch 47/50 step 9 | loss 3.7365 | train det 0.0430 seg 0.0799 cnt 2.4523 | shared_pairs det_seg 172/384 det_cnt 127/384 seg_cnt 85/384 | scores det_seg -0.6819 det_cnt -4.0739 seg_cnt -1.1315
[stage2] epoch 47/50 step 10 | loss 7.6968 | train det 0.0291 seg 0.1266 cnt 6.2478 | shared_pairs det_seg 161/384 det_cnt 133/384 seg_cnt 90/384 | scores det_seg -0.0022 det_cnt -0.8048 seg_cnt 0.2167
[stage2] epoch 47/50 step 11 | loss 6.4435 | train det 0.0288 seg 0.1353 cnt 4.9296 | shared_pairs det_seg 150/384 det_cnt 124/384 seg_cnt 110/384 | scores det_seg 0.5507 det_cnt 0.0421 seg_cnt 2.9640
[stage2] epoch 47/50 step 12 | loss 4.7037 | train det 0.0484 seg 0.0634 cnt 3.4706 | shared_pairs det_seg 144/384 det_cnt 159/384 seg_cnt 81/384 | scores det_seg -0.8426 det_cnt 1.8471 seg_cnt -1.9650
[stage2] epoch 47/50 step 13 | loss 5.5303 | train det 0.1941 seg 0.0664 cnt 2.0877 | shared_pairs det_seg 137/384 det_cnt 152/384 seg_cnt 95/384 | scores det_seg -0.8511 det_cnt 1.2867 seg_cnt 0.5540
[stage2] epoch 47/50 step 14 | loss 9.2262 | train det 0.0466 seg 0.0707 cnt 7.9619 | shared_pairs det_seg 171/384 det_cnt 135/384 seg_cnt 78/384 | scores det_seg 1.5820 det_cnt 0.0073 seg_cnt 0.3981
[stage2] epoch 47/50 step 15 | loss 4.8694 | train det 0.0940 seg 0.0441 cnt 3.1067 | shared_pairs det_seg 172/384 det_cnt 133/384 seg_cnt 79/384 | scores det_seg 2.9650 det_cnt -1.8174 seg_cnt 0.6432
[stage2] epoch 47/50 step 16 | loss 15.8041 | train det 0.3635 seg 0.1023 cnt 9.5326 | shared_pairs det_seg 165/384 det_cnt 150/384 seg_cnt 69/384 | scores det_seg 2.3502 det_cnt 1.4658 seg_cnt -0.4196
[stage2] epoch 47/50 step 17 | loss 6.6880 | train det 0.1207 seg 0.0367 cnt 4.5843 | shared_pairs det_seg 156/384 det_cnt 138/384 seg_cnt 90/384 | scores det_seg 1.9147 det_cnt 0.9594 seg_cnt 3.1368
[stage2] epoch 47/50 step 18 | loss 5.2435 | train det 0.0642 seg 0.0892 cnt 3.5668 | shared_pairs det_seg 132/384 det_cnt 167/384 seg_cnt 85/384 | scores det_seg -1.7315 det_cnt 2.0495 seg_cnt -0.4142
[stage2] epoch 47/50 step 19 | loss 6.7154 | train det 0.1694 seg 0.1215 cnt 3.2019 | shared_pairs det_seg 147/384 det_cnt 149/384 seg_cnt 88/384 | scores det_seg -1.8785 det_cnt 0.9562 seg_cnt -0.1406
[stage2] epoch 47/50 step 20 | loss 7.6321 | train det 0.1230 seg 0.1502 cnt 4.5858 | shared_pairs det_seg 178/384 det_cnt 127/384 seg_cnt 79/384 | scores det_seg 1.0963 det_cnt -2.4632 seg_cnt -1.6799
[stage2] epoch 47/50 step 21 | loss 7.1697 | train det 0.2224 seg 0.1419 cnt 2.6982 | shared_pairs det_seg 157/384 det_cnt 153/384 seg_cnt 74/384 | scores det_seg -0.0875 det_cnt 3.2709 seg_cnt -1.6151
[stage2] epoch 47/50 step 22 | loss 7.5158 | train det 0.0679 seg 0.0690 cnt 5.9454 | shared_pairs det_seg 143/384 det_cnt 151/384 seg_cnt 90/384 | scores det_seg -0.5481 det_cnt 1.8465 seg_cnt 0.4171
[stage2] epoch 47/50 step 23 | loss 4.1229 | train det 0.0708 seg 0.0991 cnt 2.2685 | shared_pairs det_seg 172/384 det_cnt 119/384 seg_cnt 93/384 | scores det_seg -0.3626 det_cnt -2.9301 seg_cnt 0.9284
[stage2] epoch 47/50 step 24 | loss 7.2079 | train det 0.2276 seg 0.0770 cnt 3.1773 | shared_pairs det_seg 158/384 det_cnt 148/384 seg_cnt 78/384 | scores det_seg 0.4950 det_cnt 2.6716 seg_cnt -0.0849
[stage2] epoch 47/50 step 25 | loss 3.2857 | train det 0.0254 seg 0.0545 cnt 2.4680 | shared_pairs det_seg 155/384 det_cnt 138/384 seg_cnt 91/384 | scores det_seg -1.5651 det_cnt -1.8835 seg_cnt -1.9281
[stage2] epoch 47/50 step 26 | loss 4.6365 | train det 0.0599 seg 0.1038 cnt 2.9071 | shared_pairs det_seg 176/384 det_cnt 135/384 seg_cnt 73/384 | scores det_seg 1.5351 det_cnt -0.7100 seg_cnt -2.3567
[stage2] epoch 47/50 step 27 | loss 5.6087 | train det 0.0444 seg 0.1387 cnt 3.8333 | shared_pairs det_seg 150/384 det_cnt 141/384 seg_cnt 93/384 | scores det_seg -2.4828 det_cnt -2.1653 seg_cnt -0.6874
[stage2] epoch 47/50 step 28 | loss 4.0587 | train det 0.0154 seg 0.0558 cnt 3.3815 | shared_pairs det_seg 148/384 det_cnt 151/384 seg_cnt 85/384 | scores det_seg 0.0236 det_cnt 2.5609 seg_cnt 0.8754
[stage2] epoch 47/50 step 29 | loss 4.4442 | train det 0.0252 seg 0.0682 cnt 3.5211 | shared_pairs det_seg 163/384 det_cnt 128/384 seg_cnt 93/384 | scores det_seg 0.1924 det_cnt -1.3174 seg_cnt 1.5290
[stage2] epoch 47/50 step 30 | loss 3.7709 | train det 0.0523 seg 0.0992 cnt 2.1928 | shared_pairs det_seg 161/384 det_cnt 130/384 seg_cnt 93/384 | scores det_seg 1.2324 det_cnt -0.1573 seg_cnt 1.5186
[stage2] epoch 47/50 step 31 | loss 4.2455 | train det 0.0500 seg 0.0779 cnt 2.8720 | shared_pairs det_seg 173/384 det_cnt 113/384 seg_cnt 98/384 | scores det_seg 0.9410 det_cnt -1.9867 seg_cnt -0.5993
[stage2] epoch 47/50 step 32 | loss 7.4486 | train det 0.2097 seg 0.0538 cnt 3.8733 | shared_pairs det_seg 161/384 det_cnt 130/384 seg_cnt 93/384 | scores det_seg 0.6640 det_cnt -0.4929 seg_cnt 2.4782
[stage2] epoch 47/50 step 33 | loss 3.5230 | train det 0.0371 seg 0.0950 cnt 2.2067 | shared_pairs det_seg 175/384 det_cnt 125/384 seg_cnt 84/384 | scores det_seg 4.1983 det_cnt -2.0205 seg_cnt -0.8835
[stage2] epoch 47/50 step 34 | loss 8.6365 | train det 0.1717 seg 0.0370 cnt 5.7645 | shared_pairs det_seg 153/384 det_cnt 133/384 seg_cnt 98/384 | scores det_seg 0.9120 det_cnt 0.3381 seg_cnt 0.8281
[stage2] epoch 47/50 step 35 | loss 6.6393 | train det 0.0542 seg 0.0626 cnt 5.3255 | shared_pairs det_seg 144/384 det_cnt 153/384 seg_cnt 87/384 | scores det_seg 1.2654 det_cnt -0.6314 seg_cnt 2.0409
[stage2] epoch 47/50 step 36 | loss 6.2750 | train det 0.0324 seg 0.0923 cnt 5.0504 | shared_pairs det_seg 155/384 det_cnt 131/384 seg_cnt 98/384 | scores det_seg -1.1746 det_cnt -0.0624 seg_cnt 1.2411
[stage2] epoch 47/50 step 37 | loss 3.4416 | train det 0.0395 seg 0.0453 cnt 2.4864 | shared_pairs det_seg 174/384 det_cnt 136/384 seg_cnt 74/384 | scores det_seg 2.4323 det_cnt -0.4307 seg_cnt 0.2455
[stage2] epoch 47/50 step 38 | loss 14.4549 | train det 0.1604 seg 0.0439 cnt 11.6976 | shared_pairs det_seg 166/384 det_cnt 136/384 seg_cnt 82/384 | scores det_seg 1.7593 det_cnt 0.6316 seg_cnt -0.1174
[stage2] epoch 47/50 step 39 | loss 4.1932 | train det 0.0350 seg 0.0779 cnt 3.0445 | shared_pairs det_seg 180/384 det_cnt 118/384 seg_cnt 86/384 | scores det_seg 2.6533 det_cnt -2.5826 seg_cnt -1.4010
[stage2] epoch 47/50 step 40 | loss 16.6130 | train det 0.1957 seg 0.1329 cnt 12.6147 | shared_pairs det_seg 160/384 det_cnt 149/384 seg_cnt 75/384 | scores det_seg 0.2630 det_cnt 0.3138 seg_cnt -3.1327
[stage2] epoch 47/50 step 41 | loss 6.2647 | train det 0.0273 seg 0.0694 cnt 5.2997 | shared_pairs det_seg 152/384 det_cnt 131/384 seg_cnt 101/384 | scores det_seg -0.2334 det_cnt -1.2964 seg_cnt 0.8924
[stage2] epoch 47/50 step 42 | loss 10.0504 | train det 0.3497 seg 0.0433 cnt 4.4587 | shared_pairs det_seg 156/384 det_cnt 139/384 seg_cnt 89/384 | scores det_seg 1.5648 det_cnt -0.6604 seg_cnt 1.5830
[stage2] epoch 47/50 step 43 | loss 4.9676 | train det 0.0687 seg 0.1585 cnt 2.6689 | shared_pairs det_seg 158/384 det_cnt 144/384 seg_cnt 82/384 | scores det_seg 0.0480 det_cnt 0.7368 seg_cnt -1.6485
[stage2] epoch 47/50 | train 6.5079 | det 0.1052 seg 0.0911 cnt 4.2016 | selected_by_matrix_unit det_seg 6798 det_cnt 5964 seg_cnt 3750
[stage2] epoch 47 | val det 0.5166 seg 1.1031 miou 0.6211 cnt 5.4451 dens 9.709004e-01 mae 4.4742 total_mae 23.9744 | ap50 0.5775 | combo 1.422122
[stage2] epoch 48/50 step 1 | loss 5.1659 | train det 0.0605 seg 0.0978 cnt 3.4769 | shared_pairs det_seg 153/384 det_cnt 129/384 seg_cnt 102/384 | scores det_seg -1.0227 det_cnt -0.8793 seg_cnt 0.6701
[stage2] epoch 48/50 step 2 | loss 7.6656 | train det 0.0261 seg 0.0691 cnt 6.7210 | shared_pairs det_seg 147/384 det_cnt 127/384 seg_cnt 110/384 | scores det_seg -3.4569 det_cnt 1.0094 seg_cnt -1.3721
[stage2] epoch 48/50 step 3 | loss 5.0901 | train det 0.0401 seg 0.1099 cnt 3.6091 | shared_pairs det_seg 153/384 det_cnt 141/384 seg_cnt 90/384 | scores det_seg -0.2900 det_cnt -0.9837 seg_cnt 3.5898
[stage2] epoch 48/50 step 4 | loss 7.2989 | train det 0.0337 seg 0.2021 cnt 5.1767 | shared_pairs det_seg 143/384 det_cnt 148/384 seg_cnt 93/384 | scores det_seg 1.7784 det_cnt 2.0784 seg_cnt 4.3470
[stage2] epoch 48/50 step 5 | loss 5.0540 | train det 0.1152 seg 0.0841 cnt 2.6541 | shared_pairs det_seg 143/384 det_cnt 143/384 seg_cnt 98/384 | scores det_seg 1.0644 det_cnt 0.6995 seg_cnt -0.6568
[stage2] epoch 48/50 step 6 | loss 7.8228 | train det 0.1743 seg 0.0452 cnt 4.8472 | shared_pairs det_seg 160/384 det_cnt 140/384 seg_cnt 84/384 | scores det_seg 1.8211 det_cnt 0.0166 seg_cnt -0.3350
[stage2] epoch 48/50 step 7 | loss 5.1707 | train det 0.0194 seg 0.1073 cnt 4.0214 | shared_pairs det_seg 149/384 det_cnt 135/384 seg_cnt 100/384 | scores det_seg 0.8913 det_cnt -1.1595 seg_cnt 2.0367
[stage2] epoch 48/50 step 8 | loss 7.9591 | train det 0.2293 seg 0.0986 cnt 3.7300 | shared_pairs det_seg 152/384 det_cnt 144/384 seg_cnt 88/384 | scores det_seg 0.2461 det_cnt 2.4745 seg_cnt 1.2166
[stage2] epoch 48/50 step 9 | loss 8.8537 | train det 0.2357 seg 0.0894 cnt 4.6027 | shared_pairs det_seg 169/384 det_cnt 119/384 seg_cnt 96/384 | scores det_seg -0.4482 det_cnt -2.6687 seg_cnt 1.0012
[stage2] epoch 48/50 step 10 | loss 5.9009 | train det 0.0367 seg 0.0873 cnt 4.6525 | shared_pairs det_seg 162/384 det_cnt 125/384 seg_cnt 97/384 | scores det_seg 1.3634 det_cnt -0.2556 seg_cnt -0.1291
[stage2] epoch 48/50 step 11 | loss 5.1278 | train det 0.0436 seg 0.0420 cnt 4.1373 | shared_pairs det_seg 158/384 det_cnt 145/384 seg_cnt 81/384 | scores det_seg -0.6062 det_cnt 0.3478 seg_cnt -0.3059
[stage2] epoch 48/50 step 12 | loss 2.5556 | train det 0.0253 seg 0.0622 cnt 1.6790 | shared_pairs det_seg 147/384 det_cnt 144/384 seg_cnt 93/384 | scores det_seg -0.0680 det_cnt 1.0901 seg_cnt 1.0855
[stage2] epoch 48/50 step 13 | loss 5.8812 | train det 0.0736 seg 0.0918 cnt 4.0431 | shared_pairs det_seg 151/384 det_cnt 140/384 seg_cnt 93/384 | scores det_seg -0.9764 det_cnt -0.4191 seg_cnt 1.8794
[stage2] epoch 48/50 step 14 | loss 4.6778 | train det 0.0264 seg 0.0886 cnt 3.5728 | shared_pairs det_seg 175/384 det_cnt 133/384 seg_cnt 76/384 | scores det_seg 2.1122 det_cnt 1.9902 seg_cnt -1.1861
[stage2] epoch 48/50 step 15 | loss 12.7723 | train det 0.0363 seg 0.1342 cnt 11.1544 | shared_pairs det_seg 165/384 det_cnt 145/384 seg_cnt 74/384 | scores det_seg 0.3750 det_cnt 1.0273 seg_cnt -1.1319
[stage2] epoch 48/50 step 16 | loss 4.3047 | train det 0.0933 seg 0.0758 cnt 2.2982 | shared_pairs det_seg 135/384 det_cnt 157/384 seg_cnt 92/384 | scores det_seg -0.4965 det_cnt 4.1804 seg_cnt -0.4456
[stage2] epoch 48/50 step 17 | loss 6.4556 | train det 0.0378 seg 0.0678 cnt 5.3463 | shared_pairs det_seg 146/384 det_cnt 150/384 seg_cnt 88/384 | scores det_seg 1.3342 det_cnt 0.9558 seg_cnt 0.3047
[stage2] epoch 48/50 step 18 | loss 4.6979 | train det 0.2205 seg 0.0545 cnt 0.9546 | shared_pairs det_seg 141/384 det_cnt 156/384 seg_cnt 87/384 | scores det_seg -0.9072 det_cnt 1.5758 seg_cnt 0.7457
[stage2] epoch 48/50 step 19 | loss 5.6408 | train det 0.2019 seg 0.0802 cnt 1.9711 | shared_pairs det_seg 172/384 det_cnt 132/384 seg_cnt 80/384 | scores det_seg 2.8871 det_cnt 0.4511 seg_cnt 0.2564
[stage2] epoch 48/50 step 20 | loss 22.0661 | train det 0.0127 seg 0.1009 cnt 21.0681 | shared_pairs det_seg 137/384 det_cnt 150/384 seg_cnt 97/384 | scores det_seg -0.8997 det_cnt 3.0922 seg_cnt 1.1505
[stage2] epoch 48/50 step 21 | loss 5.0338 | train det 0.1292 seg 0.0815 cnt 2.4434 | shared_pairs det_seg 143/384 det_cnt 125/384 seg_cnt 116/384 | scores det_seg -0.3641 det_cnt 0.2459 seg_cnt 2.7130
[stage2] epoch 48/50 step 22 | loss 2.8829 | train det 0.0235 seg 0.1346 cnt 1.4529 | shared_pairs det_seg 135/384 det_cnt 148/384 seg_cnt 101/384 | scores det_seg 0.2627 det_cnt 2.6042 seg_cnt 2.5744
[stage2] epoch 48/50 step 23 | loss 6.9563 | train det 0.0815 seg 0.0940 cnt 4.9828 | shared_pairs det_seg 158/384 det_cnt 130/384 seg_cnt 96/384 | scores det_seg -1.1718 det_cnt -0.8994 seg_cnt -0.4352
[stage2] epoch 48/50 step 24 | loss 2.9338 | train det 0.0278 seg 0.1225 cnt 1.5368 | shared_pairs det_seg 151/384 det_cnt 126/384 seg_cnt 107/384 | scores det_seg -1.4296 det_cnt -2.0121 seg_cnt 1.6229
[stage2] epoch 48/50 step 25 | loss 4.1746 | train det 0.0501 seg 0.0727 cnt 2.8421 | shared_pairs det_seg 166/384 det_cnt 126/384 seg_cnt 92/384 | scores det_seg 0.8921 det_cnt -1.0668 seg_cnt -0.2572
[stage2] epoch 48/50 step 26 | loss 7.6824 | train det 0.0728 seg 0.0633 cnt 6.0844 | shared_pairs det_seg 173/384 det_cnt 124/384 seg_cnt 87/384 | scores det_seg 0.9146 det_cnt -2.4460 seg_cnt -1.1693
[stage2] epoch 48/50 step 27 | loss 5.2928 | train det 0.0597 seg 0.0487 cnt 4.0077 | shared_pairs det_seg 143/384 det_cnt 159/384 seg_cnt 82/384 | scores det_seg -1.3634 det_cnt 0.3977 seg_cnt -2.0053
[stage2] epoch 48/50 step 28 | loss 8.0358 | train det 0.1228 seg 0.1127 cnt 5.2927 | shared_pairs det_seg 165/384 det_cnt 140/384 seg_cnt 79/384 | scores det_seg 2.2491 det_cnt 0.8730 seg_cnt -0.3608
[stage2] epoch 48/50 step 29 | loss 7.2942 | train det 0.0878 seg 0.1235 cnt 4.9895 | shared_pairs det_seg 158/384 det_cnt 125/384 seg_cnt 101/384 | scores det_seg 0.7144 det_cnt -2.6773 seg_cnt 2.2415
[stage2] epoch 48/50 step 30 | loss 5.0731 | train det 0.0257 seg 0.0451 cnt 4.3269 | shared_pairs det_seg 152/384 det_cnt 134/384 seg_cnt 98/384 | scores det_seg -2.1695 det_cnt -0.5056 seg_cnt -0.6872
[stage2] epoch 48/50 step 31 | loss 6.6264 | train det 0.1014 seg 0.0915 cnt 4.3733 | shared_pairs det_seg 165/384 det_cnt 154/384 seg_cnt 65/384 | scores det_seg 1.8347 det_cnt -0.5031 seg_cnt -0.6493
[stage2] epoch 48/50 step 32 | loss 4.5687 | train det 0.0408 seg 0.0677 cnt 3.4161 | shared_pairs det_seg 161/384 det_cnt 136/384 seg_cnt 87/384 | scores det_seg 3.9571 det_cnt 1.0433 seg_cnt 0.2584
[stage2] epoch 48/50 step 33 | loss 6.7593 | train det 0.0257 seg 0.1405 cnt 5.2505 | shared_pairs det_seg 136/384 det_cnt 169/384 seg_cnt 79/384 | scores det_seg 2.3515 det_cnt 3.7344 seg_cnt 0.5751
[stage2] epoch 48/50 step 34 | loss 7.6505 | train det 0.0946 seg 0.2626 cnt 4.1309 | shared_pairs det_seg 159/384 det_cnt 134/384 seg_cnt 91/384 | scores det_seg -0.7906 det_cnt -0.7402 seg_cnt -1.2698
[stage2] epoch 48/50 step 35 | loss 4.2757 | train det 0.0233 seg 0.0439 cnt 3.5756 | shared_pairs det_seg 141/384 det_cnt 140/384 seg_cnt 103/384 | scores det_seg -1.4013 det_cnt 0.8123 seg_cnt 1.6090
[stage2] epoch 48/50 step 36 | loss 4.1316 | train det 0.0461 seg 0.0891 cnt 2.7272 | shared_pairs det_seg 169/384 det_cnt 132/384 seg_cnt 83/384 | scores det_seg -0.4269 det_cnt -0.1720 seg_cnt -0.3960
[stage2] epoch 48/50 step 37 | loss 6.7397 | train det 0.0293 seg 0.1066 cnt 5.4470 | shared_pairs det_seg 143/384 det_cnt 139/384 seg_cnt 102/384 | scores det_seg -1.0753 det_cnt 0.1136 seg_cnt -0.4823
[stage2] epoch 48/50 step 38 | loss 4.7535 | train det 0.0315 seg 0.0803 cnt 3.6385 | shared_pairs det_seg 153/384 det_cnt 155/384 seg_cnt 76/384 | scores det_seg 0.2507 det_cnt 1.0405 seg_cnt -1.2994
[stage2] epoch 48/50 step 39 | loss 9.9850 | train det 0.0414 seg 0.0967 cnt 8.5908 | shared_pairs det_seg 157/384 det_cnt 151/384 seg_cnt 76/384 | scores det_seg 0.2870 det_cnt 2.5982 seg_cnt -1.4153
[stage2] epoch 48/50 step 40 | loss 4.1084 | train det 0.0302 seg 0.0533 cnt 3.2295 | shared_pairs det_seg 153/384 det_cnt 144/384 seg_cnt 87/384 | scores det_seg 0.6959 det_cnt -0.2446 seg_cnt -1.5000
[stage2] epoch 48/50 step 41 | loss 7.1752 | train det 0.1228 seg 0.0789 cnt 4.7025 | shared_pairs det_seg 164/384 det_cnt 133/384 seg_cnt 87/384 | scores det_seg -1.1588 det_cnt -1.1474 seg_cnt -0.7447
[stage2] epoch 48/50 step 42 | loss 4.1658 | train det 0.1241 seg 0.1095 cnt 1.4289 | shared_pairs det_seg 155/384 det_cnt 136/384 seg_cnt 93/384 | scores det_seg 0.5487 det_cnt 0.8464 seg_cnt 1.8830
[stage2] epoch 48/50 step 43 | loss 2.8998 | train det 0.0215 seg 0.0787 cnt 1.9483 | shared_pairs det_seg 153/384 det_cnt 142/384 seg_cnt 89/384 | scores det_seg -0.0833 det_cnt -0.2970 seg_cnt -0.6840
[stage2] epoch 48/50 | train 6.2642 | det 0.0734 seg 0.0927 cnt 4.4217 | selected_by_matrix_unit det_seg 6611 det_cnt 6005 seg_cnt 3896
[stage2] epoch 48 | val det 0.5154 seg 1.0979 miou 0.6202 cnt 7.2304 dens 9.844295e-01 mae 6.2460 total_mae 49.6621 | ap50 0.5723 | combo 1.352656
[stage2] epoch 49/50 step 1 | loss 8.8086 | train det 0.0416 seg 0.0834 cnt 7.5170 | shared_pairs det_seg 155/384 det_cnt 131/384 seg_cnt 98/384 | scores det_seg -1.0986 det_cnt -0.0868 seg_cnt 1.5586
[stage2] epoch 49/50 step 2 | loss 6.4599 | train det 0.0630 seg 0.0797 cnt 4.8777 | shared_pairs det_seg 159/384 det_cnt 127/384 seg_cnt 98/384 | scores det_seg 0.3479 det_cnt -1.9918 seg_cnt 0.9841
[stage2] epoch 49/50 step 3 | loss 18.0776 | train det 0.0789 seg 0.0660 cnt 16.3654 | shared_pairs det_seg 167/384 det_cnt 121/384 seg_cnt 96/384 | scores det_seg 0.5305 det_cnt -3.5792 seg_cnt 0.6720
[stage2] epoch 49/50 step 4 | loss 7.2143 | train det 0.0414 seg 0.2025 cnt 4.9725 | shared_pairs det_seg 170/384 det_cnt 125/384 seg_cnt 89/384 | scores det_seg 1.6108 det_cnt -1.5949 seg_cnt -2.0117
[stage2] epoch 49/50 step 5 | loss 9.1598 | train det 0.0378 seg 0.1280 cnt 7.5680 | shared_pairs det_seg 164/384 det_cnt 133/384 seg_cnt 87/384 | scores det_seg 0.5023 det_cnt -0.2877 seg_cnt -0.0165
[stage2] epoch 49/50 step 6 | loss 5.1884 | train det 0.0284 seg 0.1691 cnt 3.4088 | shared_pairs det_seg 158/384 det_cnt 141/384 seg_cnt 85/384 | scores det_seg -0.9088 det_cnt -1.1524 seg_cnt -0.8912
[stage2] epoch 49/50 step 7 | loss 4.9862 | train det 0.0739 seg 0.0869 cnt 3.1816 | shared_pairs det_seg 136/384 det_cnt 156/384 seg_cnt 92/384 | scores det_seg -1.6919 det_cnt 1.6018 seg_cnt 0.1193
[stage2] epoch 49/50 step 8 | loss 16.4918 | train det 0.0211 seg 0.0701 cnt 15.6140 | shared_pairs det_seg 144/384 det_cnt 156/384 seg_cnt 84/384 | scores det_seg -1.1399 det_cnt 1.6263 seg_cnt -0.5113
[stage2] epoch 49/50 step 9 | loss 4.1706 | train det 0.0222 seg 0.0157 cnt 3.7121 | shared_pairs det_seg 149/384 det_cnt 144/384 seg_cnt 91/384 | scores det_seg -1.2164 det_cnt 1.0012 seg_cnt 1.0827
[stage2] epoch 49/50 step 10 | loss 6.1933 | train det 0.0410 seg 0.1788 cnt 4.1489 | shared_pairs det_seg 153/384 det_cnt 141/384 seg_cnt 90/384 | scores det_seg -2.5843 det_cnt -2.3583 seg_cnt -0.9618
[stage2] epoch 49/50 step 11 | loss 9.5239 | train det 0.0330 seg 0.0706 cnt 8.4651 | shared_pairs det_seg 163/384 det_cnt 136/384 seg_cnt 85/384 | scores det_seg -0.1540 det_cnt 0.5498 seg_cnt 0.0985
[stage2] epoch 49/50 step 12 | loss 7.0282 | train det 0.1177 seg 0.0633 cnt 4.7559 | shared_pairs det_seg 171/384 det_cnt 131/384 seg_cnt 82/384 | scores det_seg 1.4157 det_cnt 1.5212 seg_cnt -0.8003
[stage2] epoch 49/50 step 13 | loss 6.2544 | train det 0.0412 seg 0.0818 cnt 4.9823 | shared_pairs det_seg 163/384 det_cnt 138/384 seg_cnt 83/384 | scores det_seg 2.3733 det_cnt 0.7831 seg_cnt -0.1322
[stage2] epoch 49/50 step 14 | loss 5.9349 | train det 0.0427 seg 0.1124 cnt 4.3953 | shared_pairs det_seg 169/384 det_cnt 128/384 seg_cnt 87/384 | scores det_seg 0.5937 det_cnt 1.0588 seg_cnt 0.8409
[stage2] epoch 49/50 step 15 | loss 7.8829 | train det 0.0327 seg 0.1082 cnt 6.5274 | shared_pairs det_seg 142/384 det_cnt 158/384 seg_cnt 84/384 | scores det_seg -1.8695 det_cnt 1.2236 seg_cnt -0.4774
[stage2] epoch 49/50 step 16 | loss 4.6922 | train det 0.0436 seg 0.0809 cnt 3.3905 | shared_pairs det_seg 161/384 det_cnt 131/384 seg_cnt 92/384 | scores det_seg -2.1552 det_cnt -1.9784 seg_cnt -0.4982
[stage2] epoch 49/50 step 17 | loss 5.4488 | train det 0.0190 seg 0.0611 cnt 4.6753 | shared_pairs det_seg 149/384 det_cnt 151/384 seg_cnt 84/384 | scores det_seg -1.0564 det_cnt 2.0560 seg_cnt 0.1754
[stage2] epoch 49/50 step 18 | loss 4.8549 | train det 0.1340 seg 0.0969 cnt 2.0699 | shared_pairs det_seg 159/384 det_cnt 142/384 seg_cnt 83/384 | scores det_seg 2.5281 det_cnt 0.1530 seg_cnt -0.0639
[stage2] epoch 49/50 step 19 | loss 3.9176 | train det 0.0964 seg 0.0795 cnt 1.8358 | shared_pairs det_seg 152/384 det_cnt 123/384 seg_cnt 109/384 | scores det_seg -0.6290 det_cnt 0.4328 seg_cnt 1.5543
[stage2] epoch 49/50 step 20 | loss 3.6216 | train det 0.0261 seg 0.0828 cnt 2.5672 | shared_pairs det_seg 155/384 det_cnt 132/384 seg_cnt 97/384 | scores det_seg 1.0533 det_cnt 0.0720 seg_cnt 1.8705
[stage2] epoch 49/50 step 21 | loss 5.2712 | train det 0.0259 seg 0.1281 cnt 3.8579 | shared_pairs det_seg 165/384 det_cnt 126/384 seg_cnt 93/384 | scores det_seg 0.8363 det_cnt -0.7422 seg_cnt 0.5046
[stage2] epoch 49/50 step 22 | loss 3.8112 | train det 0.0247 seg 0.0500 cnt 3.0402 | shared_pairs det_seg 172/384 det_cnt 134/384 seg_cnt 78/384 | scores det_seg 0.6583 det_cnt 1.6378 seg_cnt 0.7258
[stage2] epoch 49/50 step 23 | loss 4.7500 | train det 0.0456 seg 0.1132 cnt 3.1605 | shared_pairs det_seg 143/384 det_cnt 161/384 seg_cnt 80/384 | scores det_seg -0.4535 det_cnt 4.1676 seg_cnt 0.0121
[stage2] epoch 49/50 step 24 | loss 6.3139 | train det 0.0902 seg 0.0531 cnt 4.5356 | shared_pairs det_seg 146/384 det_cnt 147/384 seg_cnt 91/384 | scores det_seg 1.7459 det_cnt 1.7624 seg_cnt -1.1143
[stage2] epoch 49/50 step 25 | loss 9.6005 | train det 0.0700 seg 0.0718 cnt 7.9760 | shared_pairs det_seg 165/384 det_cnt 136/384 seg_cnt 83/384 | scores det_seg 1.2632 det_cnt -0.7387 seg_cnt -2.4550
[stage2] epoch 49/50 step 26 | loss 4.1236 | train det 0.0172 seg 0.0838 cnt 3.1947 | shared_pairs det_seg 179/384 det_cnt 119/384 seg_cnt 86/384 | scores det_seg 1.8121 det_cnt -2.2585 seg_cnt 0.6770
[stage2] epoch 49/50 step 27 | loss 16.0236 | train det 0.0479 seg 0.0772 cnt 14.6879 | shared_pairs det_seg 158/384 det_cnt 144/384 seg_cnt 82/384 | scores det_seg 1.4357 det_cnt -0.1554 seg_cnt 0.7962
[stage2] epoch 49/50 step 28 | loss 5.4257 | train det 0.0406 seg 0.0785 cnt 4.1888 | shared_pairs det_seg 156/384 det_cnt 136/384 seg_cnt 92/384 | scores det_seg 3.1709 det_cnt 0.4760 seg_cnt 1.0544
[stage2] epoch 49/50 step 29 | loss 8.4190 | train det 0.0330 seg 0.0791 cnt 7.2915 | shared_pairs det_seg 142/384 det_cnt 150/384 seg_cnt 92/384 | scores det_seg -0.7211 det_cnt 3.6717 seg_cnt 1.9768
[stage2] epoch 49/50 step 30 | loss 3.6980 | train det 0.0533 seg 0.0708 cnt 2.3322 | shared_pairs det_seg 158/384 det_cnt 138/384 seg_cnt 88/384 | scores det_seg 2.6514 det_cnt 2.9699 seg_cnt 0.9326
[stage2] epoch 49/50 step 31 | loss 9.3032 | train det 0.1582 seg 0.1084 cnt 6.0630 | shared_pairs det_seg 151/384 det_cnt 134/384 seg_cnt 99/384 | scores det_seg 0.8308 det_cnt -1.6854 seg_cnt 0.2688
[stage2] epoch 49/50 step 32 | loss 37.0464 | train det 0.0398 seg 0.0290 cnt 36.2173 | shared_pairs det_seg 165/384 det_cnt 134/384 seg_cnt 85/384 | scores det_seg 1.4355 det_cnt -0.4575 seg_cnt -2.7331
[stage2] epoch 49/50 step 33 | loss 7.8883 | train det 0.1623 seg 0.0725 cnt 4.8744 | shared_pairs det_seg 162/384 det_cnt 133/384 seg_cnt 89/384 | scores det_seg 1.2623 det_cnt 0.1127 seg_cnt 0.6274
[stage2] epoch 49/50 step 34 | loss 5.5834 | train det 0.0363 seg 0.0865 cnt 4.3479 | shared_pairs det_seg 139/384 det_cnt 148/384 seg_cnt 97/384 | scores det_seg -3.6918 det_cnt -3.2207 seg_cnt -1.6197
[stage2] epoch 49/50 step 35 | loss 12.5656 | train det 0.1605 seg 0.1341 cnt 9.0844 | shared_pairs det_seg 168/384 det_cnt 127/384 seg_cnt 89/384 | scores det_seg -0.6250 det_cnt -3.2127 seg_cnt 0.1938
[stage2] epoch 49/50 step 36 | loss 5.2254 | train det 0.0833 seg 0.0886 cnt 3.2673 | shared_pairs det_seg 162/384 det_cnt 145/384 seg_cnt 77/384 | scores det_seg 0.0999 det_cnt 1.6399 seg_cnt -3.3861
[stage2] epoch 49/50 step 37 | loss 7.9389 | train det 0.0485 seg 0.0721 cnt 6.6344 | shared_pairs det_seg 146/384 det_cnt 152/384 seg_cnt 86/384 | scores det_seg -1.1320 det_cnt 2.3666 seg_cnt 1.1073
[stage2] epoch 49/50 step 38 | loss 5.6045 | train det 0.0451 seg 0.1010 cnt 4.1204 | shared_pairs det_seg 170/384 det_cnt 114/384 seg_cnt 100/384 | scores det_seg -0.3791 det_cnt -1.6747 seg_cnt 1.2783
[stage2] epoch 49/50 step 39 | loss 7.5352 | train det 0.0483 seg 0.1034 cnt 5.9840 | shared_pairs det_seg 167/384 det_cnt 140/384 seg_cnt 77/384 | scores det_seg 0.2682 det_cnt 0.1152 seg_cnt -2.0382
[stage2] epoch 49/50 step 40 | loss 4.6372 | train det 0.0374 seg 0.1449 cnt 2.9167 | shared_pairs det_seg 172/384 det_cnt 120/384 seg_cnt 92/384 | scores det_seg 1.0054 det_cnt -2.6077 seg_cnt -1.5540
[stage2] epoch 49/50 step 41 | loss 6.6175 | train det 0.0454 seg 0.0966 cnt 5.1638 | shared_pairs det_seg 147/384 det_cnt 143/384 seg_cnt 94/384 | scores det_seg -1.1180 det_cnt 0.8856 seg_cnt -0.8153
[stage2] epoch 49/50 step 42 | loss 3.7934 | train det 0.0321 seg 0.0765 cnt 2.7006 | shared_pairs det_seg 165/384 det_cnt 130/384 seg_cnt 89/384 | scores det_seg 2.3433 det_cnt 0.6895 seg_cnt 1.6693
[stage2] epoch 49/50 step 43 | loss 3.9336 | train det 0.0969 seg 0.1120 cnt 1.5836 | shared_pairs det_seg 149/384 det_cnt 130/384 seg_cnt 105/384 | scores det_seg -1.3788 det_cnt -0.3254 seg_cnt 1.8361
[stage2] epoch 49/50 | train 7.6981 | det 0.0576 seg 0.0918 cnt 6.0989 | selected_by_matrix_unit det_seg 6786 det_cnt 5886 seg_cnt 3840
[stage2] epoch 49 | val det 0.5203 seg 1.0999 miou 0.6191 cnt 5.2465 dens 9.656502e-01 mae 4.2808 total_mae 20.3132 | ap50 0.5752 | combo 1.427845
[stage2] epoch 50/50 step 1 | loss 5.0262 | train det 0.0337 seg 0.0543 cnt 4.0861 | shared_pairs det_seg 161/384 det_cnt 136/384 seg_cnt 87/384 | scores det_seg 0.8915 det_cnt -1.5129 seg_cnt -2.1063
[stage2] epoch 50/50 step 2 | loss 19.1329 | train det 0.0929 seg 0.0862 cnt 17.0499 | shared_pairs det_seg 140/384 det_cnt 142/384 seg_cnt 102/384 | scores det_seg -0.5820 det_cnt -0.2922 seg_cnt 2.1375
[stage2] epoch 50/50 step 3 | loss 6.4407 | train det 0.0444 seg 0.2259 cnt 3.9677 | shared_pairs det_seg 164/384 det_cnt 119/384 seg_cnt 101/384 | scores det_seg 1.4199 det_cnt 0.0940 seg_cnt 2.3303
[stage2] epoch 50/50 step 4 | loss 4.4813 | train det 0.0531 seg 0.0418 cnt 3.3511 | shared_pairs det_seg 153/384 det_cnt 143/384 seg_cnt 88/384 | scores det_seg -0.1841 det_cnt -1.6450 seg_cnt 2.1524
[stage2] epoch 50/50 step 5 | loss 9.1644 | train det 0.0167 seg 0.1240 cnt 7.9223 | shared_pairs det_seg 157/384 det_cnt 155/384 seg_cnt 72/384 | scores det_seg -0.4627 det_cnt 2.2635 seg_cnt 0.4869
[stage2] epoch 50/50 step 6 | loss 8.2331 | train det 0.1833 seg 0.0899 cnt 4.7637 | shared_pairs det_seg 160/384 det_cnt 153/384 seg_cnt 71/384 | scores det_seg 1.1656 det_cnt 3.7074 seg_cnt -0.7311
[stage2] epoch 50/50 step 7 | loss 6.3610 | train det 0.0546 seg 0.1282 cnt 4.5154 | shared_pairs det_seg 145/384 det_cnt 142/384 seg_cnt 97/384 | scores det_seg -1.2041 det_cnt 1.8546 seg_cnt 0.9394
[stage2] epoch 50/50 step 8 | loss 3.0765 | train det 0.0183 seg 0.0754 cnt 2.1994 | shared_pairs det_seg 148/384 det_cnt 144/384 seg_cnt 92/384 | scores det_seg -2.4367 det_cnt 2.5750 seg_cnt 1.3321
[stage2] epoch 50/50 step 9 | loss 6.2850 | train det 0.1842 seg 0.0943 cnt 2.7682 | shared_pairs det_seg 159/384 det_cnt 136/384 seg_cnt 89/384 | scores det_seg -1.3509 det_cnt -1.3978 seg_cnt -0.9386
[stage2] epoch 50/50 step 10 | loss 5.3591 | train det 0.0422 seg 0.0980 cnt 3.9410 | shared_pairs det_seg 164/384 det_cnt 123/384 seg_cnt 97/384 | scores det_seg 1.2034 det_cnt -2.3158 seg_cnt 0.7108
[stage2] epoch 50/50 step 11 | loss 5.6545 | train det 0.1442 seg 0.0732 cnt 2.9063 | shared_pairs det_seg 154/384 det_cnt 134/384 seg_cnt 96/384 | scores det_seg 1.5491 det_cnt 0.1994 seg_cnt -0.5879
[stage2] epoch 50/50 step 12 | loss 6.3840 | train det 0.0210 seg 0.0202 cnt 5.9070 | shared_pairs det_seg 146/384 det_cnt 143/384 seg_cnt 95/384 | scores det_seg -1.4402 det_cnt 0.4839 seg_cnt 0.9804
[stage2] epoch 50/50 step 13 | loss 5.5242 | train det 0.0270 seg 0.0775 cnt 4.4982 | shared_pairs det_seg 163/384 det_cnt 129/384 seg_cnt 92/384 | scores det_seg 1.0286 det_cnt 0.5099 seg_cnt 1.9501
[stage2] epoch 50/50 step 14 | loss 5.2045 | train det 0.0992 seg 0.1210 cnt 2.7483 | shared_pairs det_seg 162/384 det_cnt 128/384 seg_cnt 94/384 | scores det_seg 0.7707 det_cnt 0.1711 seg_cnt 0.0385
[stage2] epoch 50/50 step 15 | loss 2.4423 | train det 0.0188 seg 0.0615 cnt 1.6683 | shared_pairs det_seg 135/384 det_cnt 164/384 seg_cnt 85/384 | scores det_seg -2.5179 det_cnt 2.2793 seg_cnt -1.2495
[stage2] epoch 50/50 step 16 | loss 5.5426 | train det 0.0271 seg 0.1752 cnt 3.7337 | shared_pairs det_seg 138/384 det_cnt 142/384 seg_cnt 104/384 | scores det_seg -2.0159 det_cnt -0.8298 seg_cnt 2.5720
[stage2] epoch 50/50 step 17 | loss 5.8896 | train det 0.2200 seg 0.1425 cnt 1.4500 | shared_pairs det_seg 166/384 det_cnt 124/384 seg_cnt 94/384 | scores det_seg 1.4687 det_cnt -1.3381 seg_cnt -0.4085
[stage2] epoch 50/50 step 18 | loss 6.7316 | train det 0.2251 seg 0.0904 cnt 2.6321 | shared_pairs det_seg 162/384 det_cnt 133/384 seg_cnt 89/384 | scores det_seg 0.4041 det_cnt -1.6962 seg_cnt -0.7981
[stage2] epoch 50/50 step 19 | loss 6.0186 | train det 0.0772 seg 0.1069 cnt 4.0055 | shared_pairs det_seg 142/384 det_cnt 148/384 seg_cnt 94/384 | scores det_seg -0.6187 det_cnt 1.9182 seg_cnt 0.1302
[stage2] epoch 50/50 step 20 | loss 3.2301 | train det 0.0163 seg 0.0427 cnt 2.6444 | shared_pairs det_seg 131/384 det_cnt 155/384 seg_cnt 98/384 | scores det_seg -0.9145 det_cnt 3.0350 seg_cnt -0.8317
[stage2] epoch 50/50 step 21 | loss 18.9428 | train det 0.0306 seg 0.0669 cnt 17.9481 | shared_pairs det_seg 148/384 det_cnt 141/384 seg_cnt 95/384 | scores det_seg -2.6473 det_cnt -0.5285 seg_cnt 0.8964
[stage2] epoch 50/50 step 22 | loss 3.0289 | train det 0.0830 seg 0.0731 cnt 1.1985 | shared_pairs det_seg 174/384 det_cnt 123/384 seg_cnt 87/384 | scores det_seg 1.3557 det_cnt -1.9559 seg_cnt 0.5738
[stage2] epoch 50/50 step 23 | loss 2.9020 | train det 0.0323 seg 0.0805 cnt 1.7741 | shared_pairs det_seg 163/384 det_cnt 128/384 seg_cnt 93/384 | scores det_seg 0.7935 det_cnt -0.3869 seg_cnt 0.1772
[stage2] epoch 50/50 step 24 | loss 6.3083 | train det 0.0557 seg 0.0970 cnt 4.6967 | shared_pairs det_seg 179/384 det_cnt 126/384 seg_cnt 79/384 | scores det_seg 1.0021 det_cnt -0.8409 seg_cnt -1.1911
[stage2] epoch 50/50 step 25 | loss 7.4636 | train det 0.1416 seg 0.1224 cnt 4.3602 | shared_pairs det_seg 162/384 det_cnt 138/384 seg_cnt 84/384 | scores det_seg -0.0987 det_cnt -2.6078 seg_cnt -1.7168
[stage2] epoch 50/50 step 26 | loss 13.0539 | train det 0.0714 seg 0.0804 cnt 11.3394 | shared_pairs det_seg 131/384 det_cnt 154/384 seg_cnt 99/384 | scores det_seg -1.8396 det_cnt 1.1981 seg_cnt 1.7114
[stage2] epoch 50/50 step 27 | loss 8.6210 | train det 0.2378 seg 0.1226 cnt 4.0731 | shared_pairs det_seg 144/384 det_cnt 153/384 seg_cnt 87/384 | scores det_seg 0.6794 det_cnt 1.9810 seg_cnt 1.6566
[stage2] epoch 50/50 step 28 | loss 4.5243 | train det 0.0458 seg 0.1215 cnt 2.8651 | shared_pairs det_seg 168/384 det_cnt 113/384 seg_cnt 103/384 | scores det_seg 2.9013 det_cnt -1.0584 seg_cnt 0.6326
[stage2] epoch 50/50 step 29 | loss 9.1408 | train det 0.2280 seg 0.1764 cnt 4.3100 | shared_pairs det_seg 163/384 det_cnt 145/384 seg_cnt 76/384 | scores det_seg -0.0745 det_cnt 0.4352 seg_cnt -1.2371
[stage2] epoch 50/50 step 30 | loss 6.4160 | train det 0.0804 seg 0.0958 cnt 4.4442 | shared_pairs det_seg 139/384 det_cnt 146/384 seg_cnt 99/384 | scores det_seg -2.1380 det_cnt 1.6824 seg_cnt -0.0211
[stage2] epoch 50/50 step 31 | loss 5.5486 | train det 0.0357 seg 0.0765 cnt 4.4011 | shared_pairs det_seg 135/384 det_cnt 158/384 seg_cnt 91/384 | scores det_seg 0.2249 det_cnt 2.3032 seg_cnt 1.1296
[stage2] epoch 50/50 step 32 | loss 2.9918 | train det 0.0257 seg 0.0667 cnt 2.0727 | shared_pairs det_seg 126/384 det_cnt 155/384 seg_cnt 103/384 | scores det_seg -2.7605 det_cnt 1.3105 seg_cnt 2.1872
[stage2] epoch 50/50 step 33 | loss 3.6115 | train det 0.0100 seg 0.0481 cnt 3.0771 | shared_pairs det_seg 157/384 det_cnt 143/384 seg_cnt 84/384 | scores det_seg 2.2019 det_cnt -0.0942 seg_cnt -0.9058
[stage2] epoch 50/50 step 34 | loss 3.3698 | train det 0.0339 seg 0.0413 cnt 2.5305 | shared_pairs det_seg 151/384 det_cnt 141/384 seg_cnt 92/384 | scores det_seg -1.8771 det_cnt 1.1834 seg_cnt -0.8793
[stage2] epoch 50/50 step 35 | loss 4.2395 | train det 0.0276 seg 0.0482 cnt 3.4394 | shared_pairs det_seg 178/384 det_cnt 117/384 seg_cnt 89/384 | scores det_seg 0.6590 det_cnt -2.4926 seg_cnt 2.1782
[stage2] epoch 50/50 step 36 | loss 7.4099 | train det 0.0449 seg 0.1547 cnt 5.4990 | shared_pairs det_seg 137/384 det_cnt 157/384 seg_cnt 90/384 | scores det_seg 0.9115 det_cnt 6.2957 seg_cnt 0.7221
[stage2] epoch 50/50 step 37 | loss 6.6548 | train det 0.0245 seg 0.1068 cnt 5.4330 | shared_pairs det_seg 146/384 det_cnt 157/384 seg_cnt 81/384 | scores det_seg -1.2646 det_cnt 1.7836 seg_cnt -0.6313
[stage2] epoch 50/50 step 38 | loss 4.7666 | train det 0.1202 seg 0.0450 cnt 2.6040 | shared_pairs det_seg 146/384 det_cnt 142/384 seg_cnt 96/384 | scores det_seg 0.0718 det_cnt 1.8199 seg_cnt 0.1623
[stage2] epoch 50/50 step 39 | loss 2.9076 | train det 0.0388 seg 0.0974 cnt 1.5468 | shared_pairs det_seg 169/384 det_cnt 130/384 seg_cnt 85/384 | scores det_seg 1.4798 det_cnt 0.3795 seg_cnt -2.4394
[stage2] epoch 50/50 step 40 | loss 4.6726 | train det 0.0593 seg 0.0555 cnt 3.3391 | shared_pairs det_seg 146/384 det_cnt 148/384 seg_cnt 90/384 | scores det_seg 1.1080 det_cnt 1.1478 seg_cnt 1.1782
[stage2] epoch 50/50 step 41 | loss 2.3079 | train det 0.0165 seg 0.0913 cnt 1.3298 | shared_pairs det_seg 149/384 det_cnt 137/384 seg_cnt 98/384 | scores det_seg -0.5450 det_cnt 0.8182 seg_cnt 0.9459
[stage2] epoch 50/50 step 42 | loss 5.3112 | train det 0.1866 seg 0.0590 cnt 2.0408 | shared_pairs det_seg 155/384 det_cnt 128/384 seg_cnt 101/384 | scores det_seg 2.0942 det_cnt 0.4286 seg_cnt 2.1853
[stage2] epoch 50/50 step 43 | loss 6.2805 | train det 0.0503 seg 0.0489 cnt 5.1350 | shared_pairs det_seg 164/384 det_cnt 135/384 seg_cnt 85/384 | scores det_seg 1.5013 det_cnt -0.3980 seg_cnt 1.1931
[stage2] epoch 50/50 | train 6.2013 | det 0.0763 seg 0.0908 cnt 4.3306 | selected_by_matrix_unit det_seg 6580 det_cnt 6008 seg_cnt 3924
[stage2] epoch 50 | val det 0.5223 seg 1.1154 miou 0.6204 cnt 5.5032 dens 9.580793e-01 mae 4.5451 total_mae 22.9888 | ap50 0.5723 | combo 1.412710
[ckpt] saved stage2 best -> runs/115_grpo_mainonly_vitmae/best_combo.pt (combo 1.440472)
swanlab: 🏠 View project at https://swanlab.cn/@blacknwhit/115_grpo_mainonly
swanlab: 🚀 View run at 
https://swanlab.cn/@blacknwhit/115_grpo_mainonly/runs/ozvndtqpxedeix7k076m9
