WARNING:__main__:
*****************************************
Setting OMP_NUM_THREADS environment variable for each process to be 1 in default, to avoid your system being overloaded, please further tune the variable for optimal performance in your application as needed. 
*****************************************
[lora] enabled: replaced_linear=48, trainable_params=1966080
[params] trainable_total=16841140
/data/xiangyuyue/ULLM-zf/fsl-20260209/miniconda3/envs/fsl/lib/python3.11/site-packages/torch/autograd/graph.py:825: UserWarning: Grad strides do not match bucket view strides. This may indicate grad was not created according to the gradient layout contract, or that the param's strides changed since DDP was constructed.  This is not an error, but may impair performance.
grad.sizes() = [60, 256, 1, 1], strides() = [256, 1, 256, 256]
bucket_view.sizes() = [60, 256, 1, 1], strides() = [256, 1, 1, 1] (Triggered internally at ../torch/csrc/distributed/c10d/reducer.cpp:327.)
  return Variable._execution_engine.run_backward(  # Calls into the C++ engine to run the backward pass
/data/xiangyuyue/ULLM-zf/fsl-20260209/miniconda3/envs/fsl/lib/python3.11/site-packages/torch/autograd/graph.py:825: UserWarning: Grad strides do not match bucket view strides. This may indicate grad was not created according to the gradient layout contract, or that the param's strides changed since DDP was constructed.  This is not an error, but may impair performance.
grad.sizes() = [60, 256, 1, 1], strides() = [256, 1, 256, 256]
bucket_view.sizes() = [60, 256, 1, 1], strides() = [256, 1, 1, 1] (Triggered internally at ../torch/csrc/distributed/c10d/reducer.cpp:327.)
  return Variable._execution_engine.run_backward(  # Calls into the C++ engine to run the backward pass
/data/xiangyuyue/ULLM-zf/fsl-20260209/miniconda3/envs/fsl/lib/python3.11/site-packages/torch/autograd/graph.py:825: UserWarning: Grad strides do not match bucket view strides. This may indicate grad was not created according to the gradient layout contract, or that the param's strides changed since DDP was constructed.  This is not an error, but may impair performance.
grad.sizes() = [60, 256, 1, 1], strides() = [256, 1, 256, 256]
bucket_view.sizes() = [60, 256, 1, 1], strides() = [256, 1, 1, 1] (Triggered internally at ../torch/csrc/distributed/c10d/reducer.cpp:327.)
  return Variable._execution_engine.run_backward(  # Calls into the C++ engine to run the backward pass
/data/xiangyuyue/ULLM-zf/fsl-20260209/miniconda3/envs/fsl/lib/python3.11/site-packages/torch/autograd/graph.py:825: UserWarning: Grad strides do not match bucket view strides. This may indicate grad was not created according to the gradient layout contract, or that the param's strides changed since DDP was constructed.  This is not an error, but may impair performance.
grad.sizes() = [60, 256, 1, 1], strides() = [256, 1, 256, 256]
bucket_view.sizes() = [60, 256, 1, 1], strides() = [256, 1, 1, 1] (Triggered internally at ../torch/csrc/distributed/c10d/reducer.cpp:327.)
  return Variable._execution_engine.run_backward(  # Calls into the C++ engine to run the backward pass
/data/xiangyuyue/ULLM-zf/fsl-20260209/miniconda3/envs/fsl/lib/python3.11/site-packages/torch/autograd/graph.py:825: UserWarning: Grad strides do not match bucket view strides. This may indicate grad was not created according to the gradient layout contract, or that the param's strides changed since DDP was constructed.  This is not an error, but may impair performance.
grad.sizes() = [60, 256, 1, 1], strides() = [256, 1, 256, 256]
bucket_view.sizes() = [60, 256, 1, 1], strides() = [256, 1, 1, 1] (Triggered internally at ../torch/csrc/distributed/c10d/reducer.cpp:327.)
  return Variable._execution_engine.run_backward(  # Calls into the C++ engine to run the backward pass
/data/xiangyuyue/ULLM-zf/fsl-20260209/miniconda3/envs/fsl/lib/python3.11/site-packages/torch/autograd/graph.py:825: UserWarning: Grad strides do not match bucket view strides. This may indicate grad was not created according to the gradient layout contract, or that the param's strides changed since DDP was constructed.  This is not an error, but may impair performance.
grad.sizes() = [60, 256, 1, 1], strides() = [256, 1, 256, 256]
bucket_view.sizes() = [60, 256, 1, 1], strides() = [256, 1, 1, 1] (Triggered internally at ../torch/csrc/distributed/c10d/reducer.cpp:327.)
  return Variable._execution_engine.run_backward(  # Calls into the C++ engine to run the backward pass
/data/xiangyuyue/ULLM-zf/fsl-20260209/miniconda3/envs/fsl/lib/python3.11/site-packages/torch/autograd/graph.py:825: UserWarning: Grad strides do not match bucket view strides. This may indicate grad was not created according to the gradient layout contract, or that the param's strides changed since DDP was constructed.  This is not an error, but may impair performance.
grad.sizes() = [60, 256, 1, 1], strides() = [256, 1, 256, 256]
bucket_view.sizes() = [60, 256, 1, 1], strides() = [256, 1, 1, 1] (Triggered internally at ../torch/csrc/distributed/c10d/reducer.cpp:327.)
  return Variable._execution_engine.run_backward(  # Calls into the C++ engine to run the backward pass
/data/xiangyuyue/ULLM-zf/fsl-20260209/miniconda3/envs/fsl/lib/python3.11/site-packages/torch/autograd/graph.py:825: UserWarning: Grad strides do not match bucket view strides. This may indicate grad was not created according to the gradient layout contract, or that the param's strides changed since DDP was constructed.  This is not an error, but may impair performance.
grad.sizes() = [60, 256, 1, 1], strides() = [256, 1, 256, 256]
bucket_view.sizes() = [60, 256, 1, 1], strides() = [256, 1, 1, 1] (Triggered internally at ../torch/csrc/distributed/c10d/reducer.cpp:327.)
  return Variable._execution_engine.run_backward(  # Calls into the C++ engine to run the backward pass
epoch 1/100 step 20 | loss 1.6465 | det 1.0375 seg 0.0000 cnt 0.0000
epoch 1/100 step 40 | loss 1.1773 | det 0.3293 seg 0.0000 cnt 0.0000
epoch 1/100 step 60 | loss 0.9424 | det 0.3769 seg 0.0000 cnt 0.0000
epoch 1/100 step 80 | loss 0.8334 | det 0.4577 seg 0.0000 cnt 0.0000
epoch 1/100 step 100 | loss 0.7548 | det 0.3624 seg 0.0000 cnt 0.0000
epoch 1/100 step 120 | loss 0.7107 | det 0.4806 seg 0.0000 cnt 0.0000
epoch 1/100 step 140 | loss 0.6629 | det 0.3821 seg 0.0000 cnt 0.0000
epoch 1/100 step 160 | loss 0.6246 | det 0.2047 seg 0.0000 cnt 0.0000
epoch 1/100 step 180 | loss 0.6023 | det 0.2508 seg 0.0000 cnt 0.0000
epoch 1/100 step 200 | loss 0.5662 | det 0.2302 seg 0.0000 cnt 0.0000
epoch 1/100 step 220 | loss 0.5477 | det 0.2924 seg 0.0000 cnt 0.0000
epoch 1/100 step 240 | loss 0.5249 | det 0.6165 seg 0.0000 cnt 0.0000
epoch 1/100 step 260 | loss 0.5054 | det 0.2954 seg 0.0000 cnt 0.0000
epoch 1/100 step 280 | loss 0.4885 | det 0.1708 seg 0.0000 cnt 0.0000
epoch 1/100 step 300 | loss 0.4765 | det 0.5412 seg 0.0000 cnt 0.0000
epoch 1/100 step 320 | loss 0.4597 | det 0.2760 seg 0.0000 cnt 0.0000
epoch 1/100 step 340 | loss 0.4497 | det 0.3060 seg 0.0000 cnt 0.0000
epoch 1/100 step 360 | loss 0.4432 | det 0.2074 seg 0.0000 cnt 0.0000
epoch 1/100 | train 0.4384 | val det 0.0000 seg 0.0000 miou 0.0000 cnt 0.0000 dens 0.000000e+00 mae 0.0000 total_mae 0.0000 | ap50 0.0000 | selected det_ap50 0.000000
epoch 2/100 step 20 | loss 0.3475 | det 0.2493 seg 0.0000 cnt 0.0000
epoch 2/100 step 40 | loss 0.3571 | det 0.1080 seg 0.0000 cnt 0.0000
epoch 2/100 step 60 | loss 0.3550 | det 0.5536 seg 0.0000 cnt 0.0000
epoch 2/100 step 80 | loss 0.3460 | det 0.3442 seg 0.0000 cnt 0.0000
epoch 2/100 step 100 | loss 0.3213 | det 0.2912 seg 0.0000 cnt 0.0000
epoch 2/100 step 120 | loss 0.3087 | det 0.2427 seg 0.0000 cnt 0.0000
epoch 2/100 step 140 | loss 0.2950 | det 0.4230 seg 0.0000 cnt 0.0000
epoch 2/100 step 160 | loss 0.2928 | det 0.2622 seg 0.0000 cnt 0.0000
epoch 2/100 step 180 | loss 0.2870 | det 0.2322 seg 0.0000 cnt 0.0000
epoch 2/100 step 200 | loss 0.2838 | det 0.2493 seg 0.0000 cnt 0.0000
epoch 2/100 step 220 | loss 0.2775 | det 0.4884 seg 0.0000 cnt 0.0000
epoch 2/100 step 240 | loss 0.2791 | det 0.1997 seg 0.0000 cnt 0.0000
epoch 2/100 step 260 | loss 0.2720 | det 0.3119 seg 0.0000 cnt 0.0000
epoch 2/100 step 280 | loss 0.2700 | det 0.3413 seg 0.0000 cnt 0.0000
epoch 2/100 step 300 | loss 0.2718 | det 0.0921 seg 0.0000 cnt 0.0000
epoch 2/100 step 320 | loss 0.2691 | det 0.2190 seg 0.0000 cnt 0.0000
epoch 2/100 step 340 | loss 0.2681 | det 0.4262 seg 0.0000 cnt 0.0000
epoch 2/100 step 360 | loss 0.2663 | det 0.1108 seg 0.0000 cnt 0.0000
epoch 2/100 | train 0.2660 | val det 0.0000 seg 0.0000 miou 0.0000 cnt 0.0000 dens 0.000000e+00 mae 0.0000 total_mae 0.0000 | ap50 0.0000 | selected det_ap50 0.000000
epoch 3/100 step 20 | loss 0.2375 | det 0.1521 seg 0.0000 cnt 0.0000
epoch 3/100 step 40 | loss 0.2541 | det 0.2053 seg 0.0000 cnt 0.0000
epoch 3/100 step 60 | loss 0.2428 | det 0.2105 seg 0.0000 cnt 0.0000
epoch 3/100 step 80 | loss 0.2374 | det 0.1723 seg 0.0000 cnt 0.0000
epoch 3/100 step 100 | loss 0.2558 | det 0.5955 seg 0.0000 cnt 0.0000
epoch 3/100 step 120 | loss 0.2562 | det 0.2627 seg 0.0000 cnt 0.0000
epoch 3/100 step 140 | loss 0.2541 | det 0.2889 seg 0.0000 cnt 0.0000
epoch 3/100 step 160 | loss 0.2541 | det 0.1456 seg 0.0000 cnt 0.0000
epoch 3/100 step 180 | loss 0.2535 | det 0.1876 seg 0.0000 cnt 0.0000
epoch 3/100 step 200 | loss 0.2532 | det 0.2460 seg 0.0000 cnt 0.0000
epoch 3/100 step 220 | loss 0.2471 | det 0.1211 seg 0.0000 cnt 0.0000
epoch 3/100 step 240 | loss 0.2479 | det 0.2862 seg 0.0000 cnt 0.0000
epoch 3/100 step 260 | loss 0.2433 | det 0.1314 seg 0.0000 cnt 0.0000
epoch 3/100 step 280 | loss 0.2472 | det 0.2457 seg 0.0000 cnt 0.0000
epoch 3/100 step 300 | loss 0.2457 | det 0.2017 seg 0.0000 cnt 0.0000
epoch 3/100 step 320 | loss 0.2442 | det 0.6328 seg 0.0000 cnt 0.0000
epoch 3/100 step 340 | loss 0.2417 | det 0.0592 seg 0.0000 cnt 0.0000
epoch 3/100 step 360 | loss 0.2433 | det 0.1892 seg 0.0000 cnt 0.0000
epoch 3/100 | train 0.2432 | val det 0.0000 seg 0.0000 miou 0.0000 cnt 0.0000 dens 0.000000e+00 mae 0.0000 total_mae 0.0000 | ap50 0.0000 | selected det_ap50 0.000000
epoch 4/100 step 20 | loss 0.2800 | det 0.1061 seg 0.0000 cnt 0.0000
epoch 4/100 step 40 | loss 0.2657 | det 0.1959 seg 0.0000 cnt 0.0000
epoch 4/100 step 60 | loss 0.2520 | det 0.0838 seg 0.0000 cnt 0.0000
epoch 4/100 step 80 | loss 0.2401 | det 0.2409 seg 0.0000 cnt 0.0000
epoch 4/100 step 100 | loss 0.2305 | det 0.0853 seg 0.0000 cnt 0.0000
epoch 4/100 step 120 | loss 0.2324 | det 0.2426 seg 0.0000 cnt 0.0000
epoch 4/100 step 140 | loss 0.2322 | det 0.1623 seg 0.0000 cnt 0.0000
epoch 4/100 step 160 | loss 0.2247 | det 0.2321 seg 0.0000 cnt 0.0000
epoch 4/100 step 180 | loss 0.2201 | det 0.0962 seg 0.0000 cnt 0.0000
epoch 4/100 step 200 | loss 0.2148 | det 0.1887 seg 0.0000 cnt 0.0000
epoch 4/100 step 220 | loss 0.2190 | det 0.0799 seg 0.0000 cnt 0.0000
epoch 4/100 step 240 | loss 0.2162 | det 0.3604 seg 0.0000 cnt 0.0000
epoch 4/100 step 260 | loss 0.2144 | det 0.0928 seg 0.0000 cnt 0.0000
epoch 4/100 step 280 | loss 0.2120 | det 0.2490 seg 0.0000 cnt 0.0000
epoch 4/100 step 300 | loss 0.2133 | det 0.2846 seg 0.0000 cnt 0.0000
epoch 4/100 step 320 | loss 0.2129 | det 0.1608 seg 0.0000 cnt 0.0000
epoch 4/100 step 340 | loss 0.2124 | det 0.1091 seg 0.0000 cnt 0.0000
epoch 4/100 step 360 | loss 0.2124 | det 0.1508 seg 0.0000 cnt 0.0000
epoch 4/100 | train 0.2128 | val det 0.0000 seg 0.0000 miou 0.0000 cnt 0.0000 dens 0.000000e+00 mae 0.0000 total_mae 0.0000 | ap50 0.0000 | selected det_ap50 0.000000
epoch 5/100 step 20 | loss 0.1276 | det 0.1236 seg 0.0000 cnt 0.0000
epoch 5/100 step 40 | loss 0.1628 | det 0.2504 seg 0.0000 cnt 0.0000
epoch 5/100 step 60 | loss 0.1536 | det 0.1073 seg 0.0000 cnt 0.0000
epoch 5/100 step 80 | loss 0.1682 | det 0.1651 seg 0.0000 cnt 0.0000
epoch 5/100 step 100 | loss 0.1652 | det 0.2055 seg 0.0000 cnt 0.0000
epoch 5/100 step 120 | loss 0.1740 | det 0.1970 seg 0.0000 cnt 0.0000
epoch 5/100 step 140 | loss 0.1816 | det 0.4839 seg 0.0000 cnt 0.0000
epoch 5/100 step 160 | loss 0.1837 | det 0.3526 seg 0.0000 cnt 0.0000
epoch 5/100 step 180 | loss 0.1822 | det 0.2005 seg 0.0000 cnt 0.0000
epoch 5/100 step 200 | loss 0.1862 | det 0.7256 seg 0.0000 cnt 0.0000
epoch 5/100 step 220 | loss 0.1989 | det 0.2973 seg 0.0000 cnt 0.0000
epoch 5/100 step 240 | loss 0.1982 | det 0.3621 seg 0.0000 cnt 0.0000
epoch 5/100 step 260 | loss 0.1983 | det 0.0396 seg 0.0000 cnt 0.0000
epoch 5/100 step 280 | loss 0.2047 | det 0.3161 seg 0.0000 cnt 0.0000
epoch 5/100 step 300 | loss 0.2062 | det 0.1414 seg 0.0000 cnt 0.0000
epoch 5/100 step 320 | loss 0.2116 | det 0.7709 seg 0.0000 cnt 0.0000
epoch 5/100 step 340 | loss 0.2090 | det 0.0708 seg 0.0000 cnt 0.0000
epoch 5/100 step 360 | loss 0.2110 | det 0.3066 seg 0.0000 cnt 0.0000
epoch 5/100 | train 0.2102 | val det 0.0000 seg 0.0000 miou 0.0000 cnt 0.0000 dens 0.000000e+00 mae 0.0000 total_mae 0.0000 | ap50 0.0000 | selected det_ap50 0.000000
epoch 6/100 step 20 | loss 0.2540 | det 0.1413 seg 0.0000 cnt 0.0000
epoch 6/100 step 40 | loss 0.2387 | det 0.2609 seg 0.0000 cnt 0.0000
epoch 6/100 step 60 | loss 0.2270 | det 0.2864 seg 0.0000 cnt 0.0000
epoch 6/100 step 80 | loss 0.2380 | det 0.1830 seg 0.0000 cnt 0.0000
epoch 6/100 step 100 | loss 0.2267 | det 0.1774 seg 0.0000 cnt 0.0000
epoch 6/100 step 120 | loss 0.2218 | det 0.6378 seg 0.0000 cnt 0.0000
epoch 6/100 step 140 | loss 0.2183 | det 0.7336 seg 0.0000 cnt 0.0000
epoch 6/100 step 160 | loss 0.2191 | det 0.0622 seg 0.0000 cnt 0.0000
epoch 6/100 step 180 | loss 0.2100 | det 0.1524 seg 0.0000 cnt 0.0000
epoch 6/100 step 200 | loss 0.2111 | det 0.1251 seg 0.0000 cnt 0.0000
epoch 6/100 step 220 | loss 0.2108 | det 0.3194 seg 0.0000 cnt 0.0000
epoch 6/100 step 240 | loss 0.2062 | det 0.1364 seg 0.0000 cnt 0.0000
epoch 6/100 step 260 | loss 0.2059 | det 0.1638 seg 0.0000 cnt 0.0000
epoch 6/100 step 280 | loss 0.2036 | det 0.1910 seg 0.0000 cnt 0.0000
epoch 6/100 step 300 | loss 0.2033 | det 0.3316 seg 0.0000 cnt 0.0000
epoch 6/100 step 320 | loss 0.2044 | det 0.1010 seg 0.0000 cnt 0.0000
epoch 6/100 step 340 | loss 0.2047 | det 0.1200 seg 0.0000 cnt 0.0000
epoch 6/100 step 360 | loss 0.2017 | det 0.1457 seg 0.0000 cnt 0.0000
epoch 6/100 | train 0.2035 | val det 0.0000 seg 0.0000 miou 0.0000 cnt 0.0000 dens 0.000000e+00 mae 0.0000 total_mae 0.0000 | ap50 0.0000 | selected det_ap50 0.000000
epoch 7/100 step 20 | loss 0.1642 | det 0.2756 seg 0.0000 cnt 0.0000
epoch 7/100 step 40 | loss 0.1465 | det 0.1185 seg 0.0000 cnt 0.0000
epoch 7/100 step 60 | loss 0.1595 | det 0.0740 seg 0.0000 cnt 0.0000
epoch 7/100 step 80 | loss 0.1659 | det 0.0943 seg 0.0000 cnt 0.0000
epoch 7/100 step 100 | loss 0.1573 | det 0.2100 seg 0.0000 cnt 0.0000
epoch 7/100 step 120 | loss 0.1801 | det 0.0718 seg 0.0000 cnt 0.0000
epoch 7/100 step 140 | loss 0.1813 | det 0.1060 seg 0.0000 cnt 0.0000
epoch 7/100 step 160 | loss 0.1783 | det 0.0798 seg 0.0000 cnt 0.0000
epoch 7/100 step 180 | loss 0.1847 | det 0.1620 seg 0.0000 cnt 0.0000
epoch 7/100 step 200 | loss 0.1853 | det 0.2040 seg 0.0000 cnt 0.0000
epoch 7/100 step 220 | loss 0.1834 | det 0.0708 seg 0.0000 cnt 0.0000
epoch 7/100 step 240 | loss 0.1800 | det 0.1842 seg 0.0000 cnt 0.0000
epoch 7/100 step 260 | loss 0.1784 | det 0.0894 seg 0.0000 cnt 0.0000
epoch 7/100 step 280 | loss 0.1795 | det 0.0764 seg 0.0000 cnt 0.0000
epoch 7/100 step 300 | loss 0.1786 | det 0.1380 seg 0.0000 cnt 0.0000
epoch 7/100 step 320 | loss 0.1770 | det 0.1228 seg 0.0000 cnt 0.0000
epoch 7/100 step 340 | loss 0.1771 | det 0.7024 seg 0.0000 cnt 0.0000
epoch 7/100 step 360 | loss 0.1751 | det 0.5751 seg 0.0000 cnt 0.0000
epoch 7/100 | train 0.1778 | val det 0.0000 seg 0.0000 miou 0.0000 cnt 0.0000 dens 0.000000e+00 mae 0.0000 total_mae 0.0000 | ap50 0.0000 | selected det_ap50 0.000000
epoch 8/100 step 20 | loss 0.2108 | det 0.0352 seg 0.0000 cnt 0.0000
epoch 8/100 step 40 | loss 0.2106 | det 0.2893 seg 0.0000 cnt 0.0000
epoch 8/100 step 60 | loss 0.2169 | det 0.0819 seg 0.0000 cnt 0.0000
epoch 8/100 step 80 | loss 0.2049 | det 0.1740 seg 0.0000 cnt 0.0000
epoch 8/100 step 100 | loss 0.2003 | det 0.0872 seg 0.0000 cnt 0.0000
epoch 8/100 step 120 | loss 0.2000 | det 0.0849 seg 0.0000 cnt 0.0000
epoch 8/100 step 140 | loss 0.1972 | det 0.1813 seg 0.0000 cnt 0.0000
epoch 8/100 step 160 | loss 0.1939 | det 0.1589 seg 0.0000 cnt 0.0000
epoch 8/100 step 180 | loss 0.1989 | det 0.0781 seg 0.0000 cnt 0.0000
epoch 8/100 step 200 | loss 0.2029 | det 0.0729 seg 0.0000 cnt 0.0000
epoch 8/100 step 220 | loss 0.1988 | det 0.0857 seg 0.0000 cnt 0.0000
epoch 8/100 step 240 | loss 0.2024 | det 0.5137 seg 0.0000 cnt 0.0000
epoch 8/100 step 260 | loss 0.2032 | det 0.0673 seg 0.0000 cnt 0.0000
epoch 8/100 step 280 | loss 0.2025 | det 0.0775 seg 0.0000 cnt 0.0000
epoch 8/100 step 300 | loss 0.1999 | det 0.2504 seg 0.0000 cnt 0.0000
epoch 8/100 step 320 | loss 0.1997 | det 0.0451 seg 0.0000 cnt 0.0000
epoch 8/100 step 340 | loss 0.1979 | det 0.0511 seg 0.0000 cnt 0.0000
epoch 8/100 step 360 | loss 0.1971 | det 0.1066 seg 0.0000 cnt 0.0000
epoch 8/100 | train 0.1965 | val det 0.0000 seg 0.0000 miou 0.0000 cnt 0.0000 dens 0.000000e+00 mae 0.0000 total_mae 0.0000 | ap50 0.0000 | selected det_ap50 0.000000
epoch 9/100 step 20 | loss 0.1791 | det 0.0919 seg 0.0000 cnt 0.0000
epoch 9/100 step 40 | loss 0.1937 | det 0.8025 seg 0.0000 cnt 0.0000
epoch 9/100 step 60 | loss 0.1988 | det 0.1024 seg 0.0000 cnt 0.0000
epoch 9/100 step 80 | loss 0.1841 | det 0.0430 seg 0.0000 cnt 0.0000
epoch 9/100 step 100 | loss 0.1761 | det 0.1382 seg 0.0000 cnt 0.0000
epoch 9/100 step 120 | loss 0.1723 | det 0.0860 seg 0.0000 cnt 0.0000
epoch 9/100 step 140 | loss 0.1767 | det 0.1534 seg 0.0000 cnt 0.0000
epoch 9/100 step 160 | loss 0.1720 | det 0.0446 seg 0.0000 cnt 0.0000
epoch 9/100 step 180 | loss 0.1721 | det 0.0990 seg 0.0000 cnt 0.0000
epoch 9/100 step 200 | loss 0.1719 | det 0.1174 seg 0.0000 cnt 0.0000
epoch 9/100 step 220 | loss 0.1702 | det 0.0429 seg 0.0000 cnt 0.0000
epoch 9/100 step 240 | loss 0.1695 | det 0.0685 seg 0.0000 cnt 0.0000
epoch 9/100 step 260 | loss 0.1730 | det 0.0994 seg 0.0000 cnt 0.0000
epoch 9/100 step 280 | loss 0.1732 | det 0.1594 seg 0.0000 cnt 0.0000
epoch 9/100 step 300 | loss 0.1711 | det 0.0658 seg 0.0000 cnt 0.0000
epoch 9/100 step 320 | loss 0.1698 | det 0.1021 seg 0.0000 cnt 0.0000
epoch 9/100 step 340 | loss 0.1662 | det 0.2015 seg 0.0000 cnt 0.0000
epoch 9/100 step 360 | loss 0.1698 | det 0.1605 seg 0.0000 cnt 0.0000
epoch 9/100 | train 0.1689 | val det 0.0000 seg 0.0000 miou 0.0000 cnt 0.0000 dens 0.000000e+00 mae 0.0000 total_mae 0.0000 | ap50 0.0000 | selected det_ap50 0.000000
epoch 10/100 step 20 | loss 0.1831 | det 0.1797 seg 0.0000 cnt 0.0000
epoch 10/100 step 40 | loss 0.1595 | det 0.0859 seg 0.0000 cnt 0.0000
epoch 10/100 step 60 | loss 0.1522 | det 0.2432 seg 0.0000 cnt 0.0000
epoch 10/100 step 80 | loss 0.1564 | det 0.1717 seg 0.0000 cnt 0.0000
epoch 10/100 step 100 | loss 0.1499 | det 0.1274 seg 0.0000 cnt 0.0000
epoch 10/100 step 120 | loss 0.1506 | det 0.0704 seg 0.0000 cnt 0.0000
epoch 10/100 step 140 | loss 0.1551 | det 0.1269 seg 0.0000 cnt 0.0000
epoch 10/100 step 160 | loss 0.1543 | det 0.2764 seg 0.0000 cnt 0.0000
epoch 10/100 step 180 | loss 0.1537 | det 0.1432 seg 0.0000 cnt 0.0000
epoch 10/100 step 200 | loss 0.1494 | det 0.2280 seg 0.0000 cnt 0.0000
epoch 10/100 step 220 | loss 0.1463 | det 0.2161 seg 0.0000 cnt 0.0000
epoch 10/100 step 240 | loss 0.1462 | det 0.1017 seg 0.0000 cnt 0.0000
epoch 10/100 step 260 | loss 0.1453 | det 0.4495 seg 0.0000 cnt 0.0000
epoch 10/100 step 280 | loss 0.1521 | det 0.1396 seg 0.0000 cnt 0.0000
epoch 10/100 step 300 | loss 0.1536 | det 0.1513 seg 0.0000 cnt 0.0000
epoch 10/100 step 320 | loss 0.1522 | det 0.0733 seg 0.0000 cnt 0.0000
epoch 10/100 step 340 | loss 0.1530 | det 0.0710 seg 0.0000 cnt 0.0000
epoch 10/100 step 360 | loss 0.1524 | det 0.1500 seg 0.0000 cnt 0.0000
epoch 10/100 | train 0.1517 | val det 0.0000 seg 0.0000 miou 0.0000 cnt 0.0000 dens 0.000000e+00 mae 0.0000 total_mae 0.0000 | ap50 0.0000 | selected det_ap50 0.000000
epoch 11/100 step 20 | loss 0.1286 | det 0.0495 seg 0.0000 cnt 0.0000
epoch 11/100 step 40 | loss 0.1383 | det 0.0938 seg 0.0000 cnt 0.0000
epoch 11/100 step 60 | loss 0.1551 | det 0.1768 seg 0.0000 cnt 0.0000
epoch 11/100 step 80 | loss 0.1539 | det 0.0791 seg 0.0000 cnt 0.0000
epoch 11/100 step 100 | loss 0.1587 | det 0.0913 seg 0.0000 cnt 0.0000
epoch 11/100 step 120 | loss 0.1732 | det 0.0729 seg 0.0000 cnt 0.0000
epoch 11/100 step 140 | loss 0.1712 | det 0.1705 seg 0.0000 cnt 0.0000
epoch 11/100 step 160 | loss 0.1684 | det 0.1016 seg 0.0000 cnt 0.0000
epoch 11/100 step 180 | loss 0.1664 | det 0.6777 seg 0.0000 cnt 0.0000
epoch 11/100 step 200 | loss 0.1597 | det 0.0138 seg 0.0000 cnt 0.0000
epoch 11/100 step 220 | loss 0.1603 | det 0.1408 seg 0.0000 cnt 0.0000
epoch 11/100 step 240 | loss 0.1605 | det 0.0271 seg 0.0000 cnt 0.0000
epoch 11/100 step 260 | loss 0.1642 | det 0.1432 seg 0.0000 cnt 0.0000
epoch 11/100 step 280 | loss 0.1607 | det 0.2221 seg 0.0000 cnt 0.0000
epoch 11/100 step 300 | loss 0.1620 | det 0.0611 seg 0.0000 cnt 0.0000
epoch 11/100 step 320 | loss 0.1619 | det 0.1381 seg 0.0000 cnt 0.0000
epoch 11/100 step 340 | loss 0.1634 | det 0.1718 seg 0.0000 cnt 0.0000
epoch 11/100 step 360 | loss 0.1644 | det 0.2627 seg 0.0000 cnt 0.0000
epoch 11/100 | train 0.1628 | val det 0.0000 seg 0.0000 miou 0.0000 cnt 0.0000 dens 0.000000e+00 mae 0.0000 total_mae 0.0000 | ap50 0.0000 | selected det_ap50 0.000000
epoch 12/100 step 20 | loss 0.1466 | det 0.0392 seg 0.0000 cnt 0.0000
epoch 12/100 step 40 | loss 0.1490 | det 0.1724 seg 0.0000 cnt 0.0000
epoch 12/100 step 60 | loss 0.1589 | det 0.0760 seg 0.0000 cnt 0.0000
epoch 12/100 step 80 | loss 0.1521 | det 0.0452 seg 0.0000 cnt 0.0000
epoch 12/100 step 100 | loss 0.1519 | det 0.0751 seg 0.0000 cnt 0.0000
epoch 12/100 step 120 | loss 0.1518 | det 0.1442 seg 0.0000 cnt 0.0000
epoch 12/100 step 140 | loss 0.1505 | det 0.1038 seg 0.0000 cnt 0.0000
epoch 12/100 step 160 | loss 0.1495 | det 0.0553 seg 0.0000 cnt 0.0000
epoch 12/100 step 180 | loss 0.1527 | det 0.0416 seg 0.0000 cnt 0.0000
epoch 12/100 step 200 | loss 0.1508 | det 0.5257 seg 0.0000 cnt 0.0000
epoch 12/100 step 220 | loss 0.1483 | det 0.0401 seg 0.0000 cnt 0.0000
epoch 12/100 step 240 | loss 0.1491 | det 0.1425 seg 0.0000 cnt 0.0000
epoch 12/100 step 260 | loss 0.1468 | det 0.0850 seg 0.0000 cnt 0.0000
epoch 12/100 step 280 | loss 0.1477 | det 0.1265 seg 0.0000 cnt 0.0000
epoch 12/100 step 300 | loss 0.1471 | det 0.0542 seg 0.0000 cnt 0.0000
epoch 12/100 step 320 | loss 0.1462 | det 0.0547 seg 0.0000 cnt 0.0000
epoch 12/100 step 340 | loss 0.1497 | det 0.1252 seg 0.0000 cnt 0.0000
epoch 12/100 step 360 | loss 0.1519 | det 0.0412 seg 0.0000 cnt 0.0000
epoch 12/100 | train 0.1505 | val det 0.0000 seg 0.0000 miou 0.0000 cnt 0.0000 dens 0.000000e+00 mae 0.0000 total_mae 0.0000 | ap50 0.0000 | selected det_ap50 0.000000
epoch 13/100 step 20 | loss 0.1509 | det 0.4233 seg 0.0000 cnt 0.0000
epoch 13/100 step 40 | loss 0.1706 | det 0.8891 seg 0.0000 cnt 0.0000
epoch 13/100 step 60 | loss 0.1690 | det 0.0839 seg 0.0000 cnt 0.0000
epoch 13/100 step 80 | loss 0.1582 | det 0.0909 seg 0.0000 cnt 0.0000
epoch 13/100 step 100 | loss 0.1524 | det 0.0670 seg 0.0000 cnt 0.0000
epoch 13/100 step 120 | loss 0.1503 | det 0.1168 seg 0.0000 cnt 0.0000
epoch 13/100 step 140 | loss 0.1524 | det 0.1079 seg 0.0000 cnt 0.0000
epoch 13/100 step 160 | loss 0.1532 | det 0.0828 seg 0.0000 cnt 0.0000
epoch 13/100 step 180 | loss 0.1522 | det 0.2202 seg 0.0000 cnt 0.0000
epoch 13/100 step 200 | loss 0.1502 | det 0.0388 seg 0.0000 cnt 0.0000
epoch 13/100 step 220 | loss 0.1498 | det 0.2403 seg 0.0000 cnt 0.0000
epoch 13/100 step 240 | loss 0.1503 | det 0.1378 seg 0.0000 cnt 0.0000
epoch 13/100 step 260 | loss 0.1584 | det 1.0789 seg 0.0000 cnt 0.0000
epoch 13/100 step 280 | loss 0.1559 | det 0.1975 seg 0.0000 cnt 0.0000
epoch 13/100 step 300 | loss 0.1579 | det 0.0770 seg 0.0000 cnt 0.0000
epoch 13/100 step 320 | loss 0.1607 | det 0.1858 seg 0.0000 cnt 0.0000
epoch 13/100 step 340 | loss 0.1623 | det 0.0805 seg 0.0000 cnt 0.0000
epoch 13/100 step 360 | loss 0.1611 | det 0.0556 seg 0.0000 cnt 0.0000
epoch 13/100 | train 0.1598 | val det 0.0000 seg 0.0000 miou 0.0000 cnt 0.0000 dens 0.000000e+00 mae 0.0000 total_mae 0.0000 | ap50 0.0000 | selected det_ap50 0.000000
epoch 14/100 step 20 | loss 0.1398 | det 0.0391 seg 0.0000 cnt 0.0000
epoch 14/100 step 40 | loss 0.1481 | det 0.1221 seg 0.0000 cnt 0.0000
epoch 14/100 step 60 | loss 0.1412 | det 0.0631 seg 0.0000 cnt 0.0000
epoch 14/100 step 80 | loss 0.1552 | det 0.0656 seg 0.0000 cnt 0.0000
epoch 14/100 step 100 | loss 0.1569 | det 0.1381 seg 0.0000 cnt 0.0000
epoch 14/100 step 120 | loss 0.1548 | det 0.4711 seg 0.0000 cnt 0.0000
epoch 14/100 step 140 | loss 0.1532 | det 0.0749 seg 0.0000 cnt 0.0000
epoch 14/100 step 160 | loss 0.1534 | det 0.0845 seg 0.0000 cnt 0.0000
epoch 14/100 step 180 | loss 0.1467 | det 0.0763 seg 0.0000 cnt 0.0000
epoch 14/100 step 200 | loss 0.1468 | det 0.0728 seg 0.0000 cnt 0.0000
epoch 14/100 step 220 | loss 0.1525 | det 0.0670 seg 0.0000 cnt 0.0000
epoch 14/100 step 240 | loss 0.1533 | det 0.1709 seg 0.0000 cnt 0.0000
epoch 14/100 step 260 | loss 0.1523 | det 0.0510 seg 0.0000 cnt 0.0000
epoch 14/100 step 280 | loss 0.1512 | det 0.0420 seg 0.0000 cnt 0.0000
epoch 14/100 step 300 | loss 0.1504 | det 0.0448 seg 0.0000 cnt 0.0000
epoch 14/100 step 320 | loss 0.1481 | det 0.0776 seg 0.0000 cnt 0.0000
epoch 14/100 step 340 | loss 0.1449 | det 0.0496 seg 0.0000 cnt 0.0000
epoch 14/100 step 360 | loss 0.1473 | det 0.2750 seg 0.0000 cnt 0.0000
epoch 14/100 | train 0.1467 | val det 0.0000 seg 0.0000 miou 0.0000 cnt 0.0000 dens 0.000000e+00 mae 0.0000 total_mae 0.0000 | ap50 0.0000 | selected det_ap50 0.000000
epoch 15/100 step 20 | loss 0.1558 | det 0.1006 seg 0.0000 cnt 0.0000
epoch 15/100 step 40 | loss 0.1860 | det 0.3697 seg 0.0000 cnt 0.0000
epoch 15/100 step 60 | loss 0.1684 | det 0.2308 seg 0.0000 cnt 0.0000
epoch 15/100 step 80 | loss 0.1587 | det 0.2777 seg 0.0000 cnt 0.0000
epoch 15/100 step 100 | loss 0.1496 | det 0.0889 seg 0.0000 cnt 0.0000
epoch 15/100 step 120 | loss 0.1539 | det 0.0502 seg 0.0000 cnt 0.0000
epoch 15/100 step 140 | loss 0.1487 | det 0.1179 seg 0.0000 cnt 0.0000
epoch 15/100 step 160 | loss 0.1438 | det 0.0357 seg 0.0000 cnt 0.0000
epoch 15/100 step 180 | loss 0.1381 | det 0.0560 seg 0.0000 cnt 0.0000
epoch 15/100 step 200 | loss 0.1354 | det 0.0434 seg 0.0000 cnt 0.0000
epoch 15/100 step 220 | loss 0.1346 | det 0.1123 seg 0.0000 cnt 0.0000
epoch 15/100 step 240 | loss 0.1416 | det 0.0605 seg 0.0000 cnt 0.0000
epoch 15/100 step 260 | loss 0.1436 | det 0.1539 seg 0.0000 cnt 0.0000
epoch 15/100 step 280 | loss 0.1451 | det 0.0686 seg 0.0000 cnt 0.0000
epoch 15/100 step 300 | loss 0.1436 | det 0.1029 seg 0.0000 cnt 0.0000
epoch 15/100 step 320 | loss 0.1432 | det 0.0889 seg 0.0000 cnt 0.0000
epoch 15/100 step 340 | loss 0.1406 | det 0.1292 seg 0.0000 cnt 0.0000
epoch 15/100 step 360 | loss 0.1410 | det 0.0551 seg 0.0000 cnt 0.0000
epoch 15/100 | train 0.1408 | val det 0.0000 seg 0.0000 miou 0.0000 cnt 0.0000 dens 0.000000e+00 mae 0.0000 total_mae 0.0000 | ap50 0.0000 | selected det_ap50 0.000000
epoch 16/100 step 20 | loss 0.1028 | det 0.1415 seg 0.0000 cnt 0.0000
epoch 16/100 step 40 | loss 0.1193 | det 0.2738 seg 0.0000 cnt 0.0000
epoch 16/100 step 60 | loss 0.1202 | det 0.0756 seg 0.0000 cnt 0.0000
epoch 16/100 step 80 | loss 0.1210 | det 0.3827 seg 0.0000 cnt 0.0000
epoch 16/100 step 100 | loss 0.1235 | det 0.0892 seg 0.0000 cnt 0.0000
epoch 16/100 step 120 | loss 0.1236 | det 0.0508 seg 0.0000 cnt 0.0000
epoch 16/100 step 140 | loss 0.1263 | det 0.0807 seg 0.0000 cnt 0.0000
epoch 16/100 step 160 | loss 0.1283 | det 0.1060 seg 0.0000 cnt 0.0000
epoch 16/100 step 180 | loss 0.1290 | det 0.1382 seg 0.0000 cnt 0.0000
epoch 16/100 step 200 | loss 0.1326 | det 0.0599 seg 0.0000 cnt 0.0000
epoch 16/100 step 220 | loss 0.1368 | det 0.2098 seg 0.0000 cnt 0.0000
epoch 16/100 step 240 | loss 0.1367 | det 0.1141 seg 0.0000 cnt 0.0000
epoch 16/100 step 260 | loss 0.1399 | det 0.1036 seg 0.0000 cnt 0.0000
epoch 16/100 step 280 | loss 0.1383 | det 0.0564 seg 0.0000 cnt 0.0000
epoch 16/100 step 300 | loss 0.1369 | det 0.0582 seg 0.0000 cnt 0.0000
epoch 16/100 step 320 | loss 0.1342 | det 0.0898 seg 0.0000 cnt 0.0000
epoch 16/100 step 340 | loss 0.1362 | det 0.0719 seg 0.0000 cnt 0.0000
epoch 16/100 step 360 | loss 0.1381 | det 0.0878 seg 0.0000 cnt 0.0000
epoch 16/100 | train 0.1383 | val det 0.0000 seg 0.0000 miou 0.0000 cnt 0.0000 dens 0.000000e+00 mae 0.0000 total_mae 0.0000 | ap50 0.0000 | selected det_ap50 0.000000
epoch 17/100 step 20 | loss 0.1382 | det 0.0902 seg 0.0000 cnt 0.0000
epoch 17/100 step 40 | loss 0.1652 | det 0.1043 seg 0.0000 cnt 0.0000
epoch 17/100 step 60 | loss 0.1462 | det 0.1194 seg 0.0000 cnt 0.0000
epoch 17/100 step 80 | loss 0.1461 | det 0.1794 seg 0.0000 cnt 0.0000
epoch 17/100 step 100 | loss 0.1341 | det 0.0430 seg 0.0000 cnt 0.0000
epoch 17/100 step 120 | loss 0.1307 | det 0.0529 seg 0.0000 cnt 0.0000
epoch 17/100 step 140 | loss 0.1323 | det 0.0852 seg 0.0000 cnt 0.0000
epoch 17/100 step 160 | loss 0.1353 | det 0.3409 seg 0.0000 cnt 0.0000
epoch 17/100 step 180 | loss 0.1382 | det 0.2396 seg 0.0000 cnt 0.0000
epoch 17/100 step 200 | loss 0.1338 | det 0.0277 seg 0.0000 cnt 0.0000
epoch 17/100 step 220 | loss 0.1379 | det 0.3745 seg 0.0000 cnt 0.0000
epoch 17/100 step 240 | loss 0.1371 | det 0.0841 seg 0.0000 cnt 0.0000
epoch 17/100 step 260 | loss 0.1389 | det 0.0508 seg 0.0000 cnt 0.0000
epoch 17/100 step 280 | loss 0.1380 | det 0.0689 seg 0.0000 cnt 0.0000
epoch 17/100 step 300 | loss 0.1374 | det 0.0410 seg 0.0000 cnt 0.0000
epoch 17/100 step 320 | loss 0.1368 | det 0.1131 seg 0.0000 cnt 0.0000
epoch 17/100 step 340 | loss 0.1405 | det 0.0962 seg 0.0000 cnt 0.0000
epoch 17/100 step 360 | loss 0.1436 | det 0.0555 seg 0.0000 cnt 0.0000
epoch 17/100 | train 0.1441 | val det 0.0000 seg 0.0000 miou 0.0000 cnt 0.0000 dens 0.000000e+00 mae 0.0000 total_mae 0.0000 | ap50 0.0000 | selected det_ap50 0.000000
epoch 18/100 step 20 | loss 0.1515 | det 0.3262 seg 0.0000 cnt 0.0000
epoch 18/100 step 40 | loss 0.1320 | det 0.1118 seg 0.0000 cnt 0.0000
epoch 18/100 step 60 | loss 0.1282 | det 0.0239 seg 0.0000 cnt 0.0000
epoch 18/100 step 80 | loss 0.1363 | det 0.0467 seg 0.0000 cnt 0.0000
epoch 18/100 step 100 | loss 0.1429 | det 0.0819 seg 0.0000 cnt 0.0000
epoch 18/100 step 120 | loss 0.1370 | det 0.0598 seg 0.0000 cnt 0.0000
epoch 18/100 step 140 | loss 0.1342 | det 0.1500 seg 0.0000 cnt 0.0000
epoch 18/100 step 160 | loss 0.1354 | det 0.1245 seg 0.0000 cnt 0.0000
epoch 18/100 step 180 | loss 0.1344 | det 0.0915 seg 0.0000 cnt 0.0000
epoch 18/100 step 200 | loss 0.1364 | det 0.1611 seg 0.0000 cnt 0.0000
epoch 18/100 step 220 | loss 0.1352 | det 0.2703 seg 0.0000 cnt 0.0000
epoch 18/100 step 240 | loss 0.1316 | det 0.2478 seg 0.0000 cnt 0.0000
epoch 18/100 step 260 | loss 0.1296 | det 0.0481 seg 0.0000 cnt 0.0000
epoch 18/100 step 280 | loss 0.1282 | det 0.0745 seg 0.0000 cnt 0.0000
epoch 18/100 step 300 | loss 0.1272 | det 0.0302 seg 0.0000 cnt 0.0000
epoch 18/100 step 320 | loss 0.1309 | det 0.0768 seg 0.0000 cnt 0.0000
epoch 18/100 step 340 | loss 0.1306 | det 0.0557 seg 0.0000 cnt 0.0000
epoch 18/100 step 360 | loss 0.1311 | det 0.0538 seg 0.0000 cnt 0.0000
epoch 18/100 | train 0.1303 | val det 0.0000 seg 0.0000 miou 0.0000 cnt 0.0000 dens 0.000000e+00 mae 0.0000 total_mae 0.0000 | ap50 0.0000 | selected det_ap50 0.000000
epoch 19/100 step 20 | loss 0.0951 | det 0.0723 seg 0.0000 cnt 0.0000
epoch 19/100 step 40 | loss 0.1072 | det 0.1069 seg 0.0000 cnt 0.0000
epoch 19/100 step 60 | loss 0.1176 | det 0.0791 seg 0.0000 cnt 0.0000
epoch 19/100 step 80 | loss 0.1122 | det 0.3688 seg 0.0000 cnt 0.0000
epoch 19/100 step 100 | loss 0.1101 | det 0.1003 seg 0.0000 cnt 0.0000
epoch 19/100 step 120 | loss 0.1195 | det 0.6342 seg 0.0000 cnt 0.0000
epoch 19/100 step 140 | loss 0.1219 | det 0.0809 seg 0.0000 cnt 0.0000
epoch 19/100 step 160 | loss 0.1207 | det 0.1424 seg 0.0000 cnt 0.0000
epoch 19/100 step 180 | loss 0.1239 | det 0.0634 seg 0.0000 cnt 0.0000
epoch 19/100 step 200 | loss 0.1245 | det 0.1477 seg 0.0000 cnt 0.0000
epoch 19/100 step 220 | loss 0.1221 | det 0.0687 seg 0.0000 cnt 0.0000
epoch 19/100 step 240 | loss 0.1224 | det 0.0761 seg 0.0000 cnt 0.0000
epoch 19/100 step 260 | loss 0.1228 | det 0.2280 seg 0.0000 cnt 0.0000
epoch 19/100 step 280 | loss 0.1204 | det 0.0457 seg 0.0000 cnt 0.0000
epoch 19/100 step 300 | loss 0.1233 | det 0.4300 seg 0.0000 cnt 0.0000
epoch 19/100 step 320 | loss 0.1247 | det 0.1232 seg 0.0000 cnt 0.0000
epoch 19/100 step 340 | loss 0.1219 | det 0.0761 seg 0.0000 cnt 0.0000
epoch 19/100 step 360 | loss 0.1211 | det 0.1713 seg 0.0000 cnt 0.0000
epoch 19/100 | train 0.1217 | val det 0.0000 seg 0.0000 miou 0.0000 cnt 0.0000 dens 0.000000e+00 mae 0.0000 total_mae 0.0000 | ap50 0.0000 | selected det_ap50 0.000000
epoch 20/100 step 20 | loss 0.1021 | det 0.0272 seg 0.0000 cnt 0.0000
epoch 20/100 step 40 | loss 0.1347 | det 0.1154 seg 0.0000 cnt 0.0000
epoch 20/100 step 60 | loss 0.1320 | det 0.0729 seg 0.0000 cnt 0.0000
epoch 20/100 step 80 | loss 0.1231 | det 0.0469 seg 0.0000 cnt 0.0000
epoch 20/100 step 100 | loss 0.1395 | det 0.1032 seg 0.0000 cnt 0.0000
epoch 20/100 step 120 | loss 0.1375 | det 0.0490 seg 0.0000 cnt 0.0000
epoch 20/100 step 140 | loss 0.1402 | det 0.2981 seg 0.0000 cnt 0.0000
epoch 20/100 step 160 | loss 0.1420 | det 0.1426 seg 0.0000 cnt 0.0000
epoch 20/100 step 180 | loss 0.1384 | det 0.0289 seg 0.0000 cnt 0.0000
epoch 20/100 step 200 | loss 0.1429 | det 0.0862 seg 0.0000 cnt 0.0000
epoch 20/100 step 220 | loss 0.1372 | det 0.0426 seg 0.0000 cnt 0.0000
epoch 20/100 step 240 | loss 0.1354 | det 0.1016 seg 0.0000 cnt 0.0000
epoch 20/100 step 260 | loss 0.1363 | det 0.0654 seg 0.0000 cnt 0.0000
epoch 20/100 step 280 | loss 0.1355 | det 0.1048 seg 0.0000 cnt 0.0000
epoch 20/100 step 300 | loss 0.1341 | det 0.2963 seg 0.0000 cnt 0.0000
epoch 20/100 step 320 | loss 0.1332 | det 0.0291 seg 0.0000 cnt 0.0000
epoch 20/100 step 340 | loss 0.1325 | det 0.0431 seg 0.0000 cnt 0.0000
epoch 20/100 step 360 | loss 0.1315 | det 0.1410 seg 0.0000 cnt 0.0000
epoch 20/100 | train 0.1320 | val det 0.0000 seg 0.0000 miou 0.0000 cnt 0.0000 dens 0.000000e+00 mae 0.0000 total_mae 0.0000 | ap50 0.0000 | selected det_ap50 0.000000
epoch 21/100 step 20 | loss 0.1154 | det 0.1003 seg 0.0000 cnt 0.0000
epoch 21/100 step 40 | loss 0.1242 | det 0.4521 seg 0.0000 cnt 0.0000
epoch 21/100 step 60 | loss 0.1210 | det 0.0976 seg 0.0000 cnt 0.0000
epoch 21/100 step 80 | loss 0.1221 | det 0.1090 seg 0.0000 cnt 0.0000
epoch 21/100 step 100 | loss 0.1218 | det 0.1165 seg 0.0000 cnt 0.0000
epoch 21/100 step 120 | loss 0.1166 | det 0.0503 seg 0.0000 cnt 0.0000
epoch 21/100 step 140 | loss 0.1162 | det 0.0660 seg 0.0000 cnt 0.0000
epoch 21/100 step 160 | loss 0.1201 | det 0.0531 seg 0.0000 cnt 0.0000
epoch 21/100 step 180 | loss 0.1187 | det 0.0348 seg 0.0000 cnt 0.0000
epoch 21/100 step 200 | loss 0.1163 | det 0.0698 seg 0.0000 cnt 0.0000
epoch 21/100 step 220 | loss 0.1148 | det 0.0454 seg 0.0000 cnt 0.0000
epoch 21/100 step 240 | loss 0.1149 | det 0.0354 seg 0.0000 cnt 0.0000
epoch 21/100 step 260 | loss 0.1137 | det 0.0302 seg 0.0000 cnt 0.0000
epoch 21/100 step 280 | loss 0.1133 | det 0.0503 seg 0.0000 cnt 0.0000
epoch 21/100 step 300 | loss 0.1153 | det 0.0925 seg 0.0000 cnt 0.0000
epoch 21/100 step 320 | loss 0.1174 | det 0.2467 seg 0.0000 cnt 0.0000
epoch 21/100 step 340 | loss 0.1166 | det 0.1077 seg 0.0000 cnt 0.0000
epoch 21/100 step 360 | loss 0.1159 | det 0.0857 seg 0.0000 cnt 0.0000
epoch 21/100 | train 0.1155 | val det 0.0000 seg 0.0000 miou 0.0000 cnt 0.0000 dens 0.000000e+00 mae 0.0000 total_mae 0.0000 | ap50 0.0000 | selected det_ap50 0.000000
epoch 22/100 step 20 | loss 0.1557 | det 0.1588 seg 0.0000 cnt 0.0000
epoch 22/100 step 40 | loss 0.1721 | det 0.0728 seg 0.0000 cnt 0.0000
epoch 22/100 step 60 | loss 0.1703 | det 0.1854 seg 0.0000 cnt 0.0000
epoch 22/100 step 80 | loss 0.1503 | det 0.0332 seg 0.0000 cnt 0.0000
epoch 22/100 step 100 | loss 0.1474 | det 0.0295 seg 0.0000 cnt 0.0000
epoch 22/100 step 120 | loss 0.1465 | det 0.0551 seg 0.0000 cnt 0.0000
epoch 22/100 step 140 | loss 0.1389 | det 0.1113 seg 0.0000 cnt 0.0000
epoch 22/100 step 160 | loss 0.1379 | det 0.1771 seg 0.0000 cnt 0.0000
epoch 22/100 step 180 | loss 0.1373 | det 0.0538 seg 0.0000 cnt 0.0000
epoch 22/100 step 200 | loss 0.1370 | det 0.1592 seg 0.0000 cnt 0.0000
epoch 22/100 step 220 | loss 0.1333 | det 0.1147 seg 0.0000 cnt 0.0000
epoch 22/100 step 240 | loss 0.1345 | det 0.1711 seg 0.0000 cnt 0.0000
epoch 22/100 step 260 | loss 0.1353 | det 0.1166 seg 0.0000 cnt 0.0000
epoch 22/100 step 280 | loss 0.1317 | det 0.0716 seg 0.0000 cnt 0.0000
epoch 22/100 step 300 | loss 0.1308 | det 0.0563 seg 0.0000 cnt 0.0000
epoch 22/100 step 320 | loss 0.1268 | det 0.1385 seg 0.0000 cnt 0.0000
epoch 22/100 step 340 | loss 0.1303 | det 0.1882 seg 0.0000 cnt 0.0000
epoch 22/100 step 360 | loss 0.1276 | det 0.0724 seg 0.0000 cnt 0.0000
epoch 22/100 | train 0.1278 | val det 0.0000 seg 0.0000 miou 0.0000 cnt 0.0000 dens 0.000000e+00 mae 0.0000 total_mae 0.0000 | ap50 0.0000 | selected det_ap50 0.000000
epoch 23/100 step 20 | loss 0.1243 | det 0.0285 seg 0.0000 cnt 0.0000
epoch 23/100 step 40 | loss 0.1116 | det 0.0571 seg 0.0000 cnt 0.0000
epoch 23/100 step 60 | loss 0.1056 | det 0.0396 seg 0.0000 cnt 0.0000
epoch 23/100 step 80 | loss 0.1179 | det 0.2734 seg 0.0000 cnt 0.0000
epoch 23/100 step 100 | loss 0.1198 | det 0.0557 seg 0.0000 cnt 0.0000
epoch 23/100 step 120 | loss 0.1189 | det 0.1007 seg 0.0000 cnt 0.0000
epoch 23/100 step 140 | loss 0.1213 | det 0.0719 seg 0.0000 cnt 0.0000
epoch 23/100 step 160 | loss 0.1170 | det 0.0572 seg 0.0000 cnt 0.0000
epoch 23/100 step 180 | loss 0.1226 | det 0.7296 seg 0.0000 cnt 0.0000
epoch 23/100 step 200 | loss 0.1275 | det 0.1084 seg 0.0000 cnt 0.0000
epoch 23/100 step 220 | loss 0.1303 | det 0.0680 seg 0.0000 cnt 0.0000
epoch 23/100 step 240 | loss 0.1302 | det 0.0650 seg 0.0000 cnt 0.0000
epoch 23/100 step 260 | loss 0.1283 | det 0.0434 seg 0.0000 cnt 0.0000
epoch 23/100 step 280 | loss 0.1287 | det 0.0439 seg 0.0000 cnt 0.0000
epoch 23/100 step 300 | loss 0.1268 | det 0.0640 seg 0.0000 cnt 0.0000
epoch 23/100 step 320 | loss 0.1248 | det 0.0650 seg 0.0000 cnt 0.0000
epoch 23/100 step 340 | loss 0.1251 | det 0.0439 seg 0.0000 cnt 0.0000
epoch 23/100 step 360 | loss 0.1242 | det 0.2369 seg 0.0000 cnt 0.0000
epoch 23/100 | train 0.1244 | val det 0.0000 seg 0.0000 miou 0.0000 cnt 0.0000 dens 0.000000e+00 mae 0.0000 total_mae 0.0000 | ap50 0.0000 | selected det_ap50 0.000000
epoch 24/100 step 20 | loss 0.0653 | det 0.0227 seg 0.0000 cnt 0.0000
epoch 24/100 step 40 | loss 0.0864 | det 0.0495 seg 0.0000 cnt 0.0000
epoch 24/100 step 60 | loss 0.0972 | det 0.0593 seg 0.0000 cnt 0.0000
epoch 24/100 step 80 | loss 0.1038 | det 0.1261 seg 0.0000 cnt 0.0000
epoch 24/100 step 100 | loss 0.1160 | det 0.0633 seg 0.0000 cnt 0.0000
epoch 24/100 step 120 | loss 0.1095 | det 0.0539 seg 0.0000 cnt 0.0000
epoch 24/100 step 140 | loss 0.1110 | det 0.1032 seg 0.0000 cnt 0.0000
epoch 24/100 step 160 | loss 0.1198 | det 0.6343 seg 0.0000 cnt 0.0000
epoch 24/100 step 180 | loss 0.1249 | det 0.1010 seg 0.0000 cnt 0.0000
epoch 24/100 step 200 | loss 0.1242 | det 0.0391 seg 0.0000 cnt 0.0000
epoch 24/100 step 220 | loss 0.1231 | det 0.0762 seg 0.0000 cnt 0.0000
epoch 24/100 step 240 | loss 0.1225 | det 0.0785 seg 0.0000 cnt 0.0000
epoch 24/100 step 260 | loss 0.1195 | det 0.0667 seg 0.0000 cnt 0.0000
epoch 24/100 step 280 | loss 0.1204 | det 0.0508 seg 0.0000 cnt 0.0000
epoch 24/100 step 300 | loss 0.1177 | det 0.1133 seg 0.0000 cnt 0.0000
epoch 24/100 step 320 | loss 0.1173 | det 0.0625 seg 0.0000 cnt 0.0000
epoch 24/100 step 340 | loss 0.1157 | det 0.0332 seg 0.0000 cnt 0.0000
epoch 24/100 step 360 | loss 0.1149 | det 0.0356 seg 0.0000 cnt 0.0000
epoch 24/100 | train 0.1154 | val det 0.0000 seg 0.0000 miou 0.0000 cnt 0.0000 dens 0.000000e+00 mae 0.0000 total_mae 0.0000 | ap50 0.0000 | selected det_ap50 0.000000
epoch 25/100 step 20 | loss 0.1051 | det 0.0468 seg 0.0000 cnt 0.0000
epoch 25/100 step 40 | loss 0.1081 | det 0.0300 seg 0.0000 cnt 0.0000
epoch 25/100 step 60 | loss 0.0958 | det 0.0804 seg 0.0000 cnt 0.0000
epoch 25/100 step 80 | loss 0.1008 | det 0.0508 seg 0.0000 cnt 0.0000
epoch 25/100 step 100 | loss 0.1031 | det 0.3446 seg 0.0000 cnt 0.0000
epoch 25/100 step 120 | loss 0.1022 | det 0.0495 seg 0.0000 cnt 0.0000
epoch 25/100 step 140 | loss 0.1124 | det 0.0596 seg 0.0000 cnt 0.0000
epoch 25/100 step 160 | loss 0.1095 | det 0.3391 seg 0.0000 cnt 0.0000
epoch 25/100 step 180 | loss 0.1113 | det 0.0248 seg 0.0000 cnt 0.0000
epoch 25/100 step 200 | loss 0.1110 | det 0.0573 seg 0.0000 cnt 0.0000
epoch 25/100 step 220 | loss 0.1087 | det 0.0454 seg 0.0000 cnt 0.0000
epoch 25/100 step 240 | loss 0.1147 | det 0.0375 seg 0.0000 cnt 0.0000
epoch 25/100 step 260 | loss 0.1123 | det 0.3828 seg 0.0000 cnt 0.0000
epoch 25/100 step 280 | loss 0.1134 | det 0.2034 seg 0.0000 cnt 0.0000
epoch 25/100 step 300 | loss 0.1106 | det 0.0417 seg 0.0000 cnt 0.0000
epoch 25/100 step 320 | loss 0.1126 | det 0.0681 seg 0.0000 cnt 0.0000
epoch 25/100 step 340 | loss 0.1111 | det 0.0430 seg 0.0000 cnt 0.0000
epoch 25/100 step 360 | loss 0.1116 | det 0.0737 seg 0.0000 cnt 0.0000
epoch 25/100 | train 0.1129 | val det 0.0000 seg 0.0000 miou 0.0000 cnt 0.0000 dens 0.000000e+00 mae 0.0000 total_mae 0.0000 | ap50 0.0000 | selected det_ap50 0.000000
epoch 26/100 step 20 | loss 0.1121 | det 0.0351 seg 0.0000 cnt 0.0000
epoch 26/100 step 40 | loss 0.1141 | det 0.0462 seg 0.0000 cnt 0.0000
epoch 26/100 step 60 | loss 0.1343 | det 0.0610 seg 0.0000 cnt 0.0000
epoch 26/100 step 80 | loss 0.1326 | det 0.0279 seg 0.0000 cnt 0.0000
epoch 26/100 step 100 | loss 0.1328 | det 0.0594 seg 0.0000 cnt 0.0000
epoch 26/100 step 120 | loss 0.1232 | det 0.0606 seg 0.0000 cnt 0.0000
epoch 26/100 step 140 | loss 0.1221 | det 0.0999 seg 0.0000 cnt 0.0000
epoch 26/100 step 160 | loss 0.1226 | det 0.0345 seg 0.0000 cnt 0.0000
epoch 26/100 step 180 | loss 0.1214 | det 0.0972 seg 0.0000 cnt 0.0000
epoch 26/100 step 200 | loss 0.1229 | det 0.2309 seg 0.0000 cnt 0.0000
epoch 26/100 step 220 | loss 0.1272 | det 0.0213 seg 0.0000 cnt 0.0000
epoch 26/100 step 240 | loss 0.1307 | det 0.3898 seg 0.0000 cnt 0.0000
epoch 26/100 step 260 | loss 0.1331 | det 0.4204 seg 0.0000 cnt 0.0000
epoch 26/100 step 280 | loss 0.1306 | det 0.3210 seg 0.0000 cnt 0.0000
epoch 26/100 step 300 | loss 0.1278 | det 0.1859 seg 0.0000 cnt 0.0000
epoch 26/100 step 320 | loss 0.1245 | det 0.0987 seg 0.0000 cnt 0.0000
epoch 26/100 step 340 | loss 0.1226 | det 0.0550 seg 0.0000 cnt 0.0000
epoch 26/100 step 360 | loss 0.1203 | det 0.0636 seg 0.0000 cnt 0.0000
epoch 26/100 | train 0.1193 | val det 0.0000 seg 0.0000 miou 0.0000 cnt 0.0000 dens 0.000000e+00 mae 0.0000 total_mae 0.0000 | ap50 0.0000 | selected det_ap50 0.000000
epoch 27/100 step 20 | loss 0.0665 | det 0.0470 seg 0.0000 cnt 0.0000
epoch 27/100 step 40 | loss 0.0848 | det 0.0472 seg 0.0000 cnt 0.0000
epoch 27/100 step 60 | loss 0.0887 | det 0.2773 seg 0.0000 cnt 0.0000
epoch 27/100 step 80 | loss 0.0918 | det 0.0419 seg 0.0000 cnt 0.0000
epoch 27/100 step 100 | loss 0.0919 | det 0.3858 seg 0.0000 cnt 0.0000
epoch 27/100 step 120 | loss 0.0944 | det 0.0550 seg 0.0000 cnt 0.0000
epoch 27/100 step 140 | loss 0.0971 | det 0.0444 seg 0.0000 cnt 0.0000
epoch 27/100 step 160 | loss 0.1028 | det 0.3007 seg 0.0000 cnt 0.0000
epoch 27/100 step 180 | loss 0.1034 | det 0.0257 seg 0.0000 cnt 0.0000
epoch 27/100 step 200 | loss 0.1053 | det 0.0603 seg 0.0000 cnt 0.0000
epoch 27/100 step 220 | loss 0.1080 | det 0.1328 seg 0.0000 cnt 0.0000
epoch 27/100 step 240 | loss 0.1070 | det 0.4635 seg 0.0000 cnt 0.0000
epoch 27/100 step 260 | loss 0.1052 | det 0.0995 seg 0.0000 cnt 0.0000
epoch 27/100 step 280 | loss 0.1046 | det 0.1494 seg 0.0000 cnt 0.0000
epoch 27/100 step 300 | loss 0.1042 | det 0.0648 seg 0.0000 cnt 0.0000
epoch 27/100 step 320 | loss 0.1054 | det 0.3370 seg 0.0000 cnt 0.0000
epoch 27/100 step 340 | loss 0.1105 | det 0.0499 seg 0.0000 cnt 0.0000
epoch 27/100 step 360 | loss 0.1109 | det 0.0867 seg 0.0000 cnt 0.0000
epoch 27/100 | train 0.1111 | val det 0.0000 seg 0.0000 miou 0.0000 cnt 0.0000 dens 0.000000e+00 mae 0.0000 total_mae 0.0000 | ap50 0.0000 | selected det_ap50 0.000000
epoch 28/100 step 20 | loss 0.1579 | det 0.1966 seg 0.0000 cnt 0.0000
epoch 28/100 step 40 | loss 0.1336 | det 0.0652 seg 0.0000 cnt 0.0000
epoch 28/100 step 60 | loss 0.1426 | det 0.2046 seg 0.0000 cnt 0.0000
epoch 28/100 step 80 | loss 0.1542 | det 0.0894 seg 0.0000 cnt 0.0000
epoch 28/100 step 100 | loss 0.1479 | det 0.1054 seg 0.0000 cnt 0.0000
epoch 28/100 step 120 | loss 0.1409 | det 0.0752 seg 0.0000 cnt 0.0000
epoch 28/100 step 140 | loss 0.1377 | det 0.0255 seg 0.0000 cnt 0.0000
epoch 28/100 step 160 | loss 0.1371 | det 0.1234 seg 0.0000 cnt 0.0000
epoch 28/100 step 180 | loss 0.1303 | det 0.0333 seg 0.0000 cnt 0.0000
epoch 28/100 step 200 | loss 0.1245 | det 0.2116 seg 0.0000 cnt 0.0000
epoch 28/100 step 220 | loss 0.1212 | det 0.2274 seg 0.0000 cnt 0.0000
epoch 28/100 step 240 | loss 0.1183 | det 0.2894 seg 0.0000 cnt 0.0000
epoch 28/100 step 260 | loss 0.1186 | det 0.0457 seg 0.0000 cnt 0.0000
epoch 28/100 step 280 | loss 0.1191 | det 0.0439 seg 0.0000 cnt 0.0000
epoch 28/100 step 300 | loss 0.1183 | det 0.2166 seg 0.0000 cnt 0.0000
epoch 28/100 step 320 | loss 0.1177 | det 0.0257 seg 0.0000 cnt 0.0000
epoch 28/100 step 340 | loss 0.1161 | det 0.0202 seg 0.0000 cnt 0.0000
epoch 28/100 step 360 | loss 0.1166 | det 0.2349 seg 0.0000 cnt 0.0000
epoch 28/100 | train 0.1172 | val det 0.0000 seg 0.0000 miou 0.0000 cnt 0.0000 dens 0.000000e+00 mae 0.0000 total_mae 0.0000 | ap50 0.0000 | selected det_ap50 0.000000
epoch 29/100 step 20 | loss 0.1535 | det 0.0763 seg 0.0000 cnt 0.0000
epoch 29/100 step 40 | loss 0.1183 | det 0.0586 seg 0.0000 cnt 0.0000
epoch 29/100 step 60 | loss 0.1013 | det 0.2445 seg 0.0000 cnt 0.0000
epoch 29/100 step 80 | loss 0.1006 | det 0.1185 seg 0.0000 cnt 0.0000
epoch 29/100 step 100 | loss 0.1009 | det 0.0219 seg 0.0000 cnt 0.0000
epoch 29/100 step 120 | loss 0.0981 | det 0.0692 seg 0.0000 cnt 0.0000
epoch 29/100 step 140 | loss 0.0991 | det 0.0213 seg 0.0000 cnt 0.0000
epoch 29/100 step 160 | loss 0.0997 | det 0.1395 seg 0.0000 cnt 0.0000
epoch 29/100 step 180 | loss 0.0989 | det 0.0355 seg 0.0000 cnt 0.0000
epoch 29/100 step 200 | loss 0.0971 | det 0.0884 seg 0.0000 cnt 0.0000
epoch 29/100 step 220 | loss 0.0956 | det 0.0630 seg 0.0000 cnt 0.0000
epoch 29/100 step 240 | loss 0.0932 | det 0.0334 seg 0.0000 cnt 0.0000
epoch 29/100 step 260 | loss 0.0932 | det 0.0855 seg 0.0000 cnt 0.0000
epoch 29/100 step 280 | loss 0.0960 | det 0.2202 seg 0.0000 cnt 0.0000
epoch 29/100 step 300 | loss 0.0992 | det 0.1001 seg 0.0000 cnt 0.0000
epoch 29/100 step 320 | loss 0.0983 | det 0.0409 seg 0.0000 cnt 0.0000
epoch 29/100 step 340 | loss 0.0974 | det 0.1713 seg 0.0000 cnt 0.0000
epoch 29/100 step 360 | loss 0.0962 | det 0.0279 seg 0.0000 cnt 0.0000
epoch 29/100 | train 0.0973 | val det 0.0000 seg 0.0000 miou 0.0000 cnt 0.0000 dens 0.000000e+00 mae 0.0000 total_mae 0.0000 | ap50 0.0000 | selected det_ap50 0.000000
epoch 30/100 step 20 | loss 0.1054 | det 0.0662 seg 0.0000 cnt 0.0000
epoch 30/100 step 40 | loss 0.1204 | det 0.0530 seg 0.0000 cnt 0.0000
epoch 30/100 step 60 | loss 0.1304 | det 0.3384 seg 0.0000 cnt 0.0000
epoch 30/100 step 80 | loss 0.1199 | det 0.0489 seg 0.0000 cnt 0.0000
epoch 30/100 step 100 | loss 0.1188 | det 0.0141 seg 0.0000 cnt 0.0000
epoch 30/100 step 120 | loss 0.1112 | det 0.1142 seg 0.0000 cnt 0.0000
epoch 30/100 step 140 | loss 0.1082 | det 0.0468 seg 0.0000 cnt 0.0000
epoch 30/100 step 160 | loss 0.1139 | det 0.2204 seg 0.0000 cnt 0.0000
epoch 30/100 step 180 | loss 0.1200 | det 0.0597 seg 0.0000 cnt 0.0000
epoch 30/100 step 200 | loss 0.1187 | det 0.0550 seg 0.0000 cnt 0.0000
epoch 30/100 step 220 | loss 0.1235 | det 0.0819 seg 0.0000 cnt 0.0000
epoch 30/100 step 240 | loss 0.1227 | det 0.0207 seg 0.0000 cnt 0.0000
epoch 30/100 step 260 | loss 0.1225 | det 0.0614 seg 0.0000 cnt 0.0000
epoch 30/100 step 280 | loss 0.1205 | det 0.1687 seg 0.0000 cnt 0.0000
epoch 30/100 step 300 | loss 0.1205 | det 0.5770 seg 0.0000 cnt 0.0000
epoch 30/100 step 320 | loss 0.1216 | det 0.2353 seg 0.0000 cnt 0.0000
epoch 30/100 step 340 | loss 0.1205 | det 0.1270 seg 0.0000 cnt 0.0000
epoch 30/100 step 360 | loss 0.1191 | det 0.1420 seg 0.0000 cnt 0.0000
epoch 30/100 | train 0.1187 | val det 0.0000 seg 0.0000 miou 0.0000 cnt 0.0000 dens 0.000000e+00 mae 0.0000 total_mae 0.0000 | ap50 0.0000 | selected det_ap50 0.000000
epoch 31/100 step 20 | loss 0.1079 | det 0.1137 seg 0.0000 cnt 0.0000
epoch 31/100 step 40 | loss 0.1063 | det 0.0686 seg 0.0000 cnt 0.0000
epoch 31/100 step 60 | loss 0.1065 | det 0.0781 seg 0.0000 cnt 0.0000
epoch 31/100 step 80 | loss 0.1043 | det 0.1272 seg 0.0000 cnt 0.0000
epoch 31/100 step 100 | loss 0.1082 | det 0.0373 seg 0.0000 cnt 0.0000
epoch 31/100 step 120 | loss 0.1036 | det 0.0326 seg 0.0000 cnt 0.0000
epoch 31/100 step 140 | loss 0.1016 | det 0.0229 seg 0.0000 cnt 0.0000
epoch 31/100 step 160 | loss 0.0997 | det 0.0650 seg 0.0000 cnt 0.0000
epoch 31/100 step 180 | loss 0.0981 | det 0.0390 seg 0.0000 cnt 0.0000
epoch 31/100 step 200 | loss 0.0964 | det 0.0188 seg 0.0000 cnt 0.0000
epoch 31/100 step 220 | loss 0.0980 | det 0.1035 seg 0.0000 cnt 0.0000
epoch 31/100 step 240 | loss 0.0960 | det 0.1307 seg 0.0000 cnt 0.0000
epoch 31/100 step 260 | loss 0.0979 | det 0.0282 seg 0.0000 cnt 0.0000
epoch 31/100 step 280 | loss 0.1003 | det 0.0310 seg 0.0000 cnt 0.0000
epoch 31/100 step 300 | loss 0.1023 | det 0.0316 seg 0.0000 cnt 0.0000
epoch 31/100 step 320 | loss 0.1009 | det 0.0831 seg 0.0000 cnt 0.0000
epoch 31/100 step 340 | loss 0.1025 | det 0.0233 seg 0.0000 cnt 0.0000
epoch 31/100 step 360 | loss 0.1002 | det 0.0488 seg 0.0000 cnt 0.0000
epoch 31/100 | train 0.0998 | val det 0.0000 seg 0.0000 miou 0.0000 cnt 0.0000 dens 0.000000e+00 mae 0.0000 total_mae 0.0000 | ap50 0.0000 | selected det_ap50 0.000000
epoch 32/100 step 20 | loss 0.0683 | det 0.0237 seg 0.0000 cnt 0.0000
epoch 32/100 step 40 | loss 0.0955 | det 0.1950 seg 0.0000 cnt 0.0000
epoch 32/100 step 60 | loss 0.0920 | det 0.0973 seg 0.0000 cnt 0.0000
epoch 32/100 step 80 | loss 0.1105 | det 0.2708 seg 0.0000 cnt 0.0000
epoch 32/100 step 100 | loss 0.1139 | det 0.0477 seg 0.0000 cnt 0.0000
epoch 32/100 step 120 | loss 0.1114 | det 0.1199 seg 0.0000 cnt 0.0000
epoch 32/100 step 140 | loss 0.1065 | det 0.0280 seg 0.0000 cnt 0.0000
epoch 32/100 step 160 | loss 0.1111 | det 0.0927 seg 0.0000 cnt 0.0000
epoch 32/100 step 180 | loss 0.1113 | det 0.1089 seg 0.0000 cnt 0.0000
epoch 32/100 step 200 | loss 0.1098 | det 0.0222 seg 0.0000 cnt 0.0000
epoch 32/100 step 220 | loss 0.1083 | det 0.0956 seg 0.0000 cnt 0.0000
epoch 32/100 step 240 | loss 0.1088 | det 0.0630 seg 0.0000 cnt 0.0000
epoch 32/100 step 260 | loss 0.1069 | det 0.0582 seg 0.0000 cnt 0.0000
epoch 32/100 step 280 | loss 0.1064 | det 0.0844 seg 0.0000 cnt 0.0000
epoch 32/100 step 300 | loss 0.1082 | det 0.0360 seg 0.0000 cnt 0.0000
epoch 32/100 step 320 | loss 0.1063 | det 0.0679 seg 0.0000 cnt 0.0000
epoch 32/100 step 340 | loss 0.1059 | det 0.0528 seg 0.0000 cnt 0.0000
epoch 32/100 step 360 | loss 0.1080 | det 0.0826 seg 0.0000 cnt 0.0000
epoch 32/100 | train 0.1084 | val det 0.0000 seg 0.0000 miou 0.0000 cnt 0.0000 dens 0.000000e+00 mae 0.0000 total_mae 0.0000 | ap50 0.0000 | selected det_ap50 0.000000
epoch 33/100 step 20 | loss 0.0961 | det 0.6659 seg 0.0000 cnt 0.0000
epoch 33/100 step 40 | loss 0.1015 | det 0.0754 seg 0.0000 cnt 0.0000
epoch 33/100 step 60 | loss 0.1067 | det 0.1696 seg 0.0000 cnt 0.0000
epoch 33/100 step 80 | loss 0.1000 | det 0.0289 seg 0.0000 cnt 0.0000
epoch 33/100 step 100 | loss 0.1043 | det 0.0702 seg 0.0000 cnt 0.0000
epoch 33/100 step 120 | loss 0.1101 | det 0.0295 seg 0.0000 cnt 0.0000
epoch 33/100 step 140 | loss 0.1070 | det 0.0353 seg 0.0000 cnt 0.0000
epoch 33/100 step 160 | loss 0.1059 | det 0.0225 seg 0.0000 cnt 0.0000
epoch 33/100 step 180 | loss 0.1068 | det 0.0414 seg 0.0000 cnt 0.0000
epoch 33/100 step 200 | loss 0.1041 | det 0.0494 seg 0.0000 cnt 0.0000
epoch 33/100 step 220 | loss 0.1018 | det 0.1383 seg 0.0000 cnt 0.0000
epoch 33/100 step 240 | loss 0.1079 | det 0.0688 seg 0.0000 cnt 0.0000
epoch 33/100 step 260 | loss 0.1091 | det 0.0750 seg 0.0000 cnt 0.0000
epoch 33/100 step 280 | loss 0.1083 | det 0.4200 seg 0.0000 cnt 0.0000
epoch 33/100 step 300 | loss 0.1074 | det 0.1003 seg 0.0000 cnt 0.0000
epoch 33/100 step 320 | loss 0.1073 | det 0.0286 seg 0.0000 cnt 0.0000
epoch 33/100 step 340 | loss 0.1058 | det 0.0321 seg 0.0000 cnt 0.0000
epoch 33/100 step 360 | loss 0.1063 | det 0.0787 seg 0.0000 cnt 0.0000
epoch 33/100 | train 0.1065 | val det 0.0000 seg 0.0000 miou 0.0000 cnt 0.0000 dens 0.000000e+00 mae 0.0000 total_mae 0.0000 | ap50 0.0000 | selected det_ap50 0.000000
epoch 34/100 step 20 | loss 0.1546 | det 0.2451 seg 0.0000 cnt 0.0000
epoch 34/100 step 40 | loss 0.1172 | det 0.0360 seg 0.0000 cnt 0.0000
epoch 34/100 step 60 | loss 0.1038 | det 0.0801 seg 0.0000 cnt 0.0000
epoch 34/100 step 80 | loss 0.1076 | det 0.0964 seg 0.0000 cnt 0.0000
epoch 34/100 step 100 | loss 0.1027 | det 0.1405 seg 0.0000 cnt 0.0000
epoch 34/100 step 120 | loss 0.0978 | det 0.0569 seg 0.0000 cnt 0.0000
epoch 34/100 step 140 | loss 0.0966 | det 0.1022 seg 0.0000 cnt 0.0000
epoch 34/100 step 160 | loss 0.0937 | det 0.0550 seg 0.0000 cnt 0.0000
epoch 34/100 step 180 | loss 0.0929 | det 0.4770 seg 0.0000 cnt 0.0000
epoch 34/100 step 200 | loss 0.1045 | det 0.4807 seg 0.0000 cnt 0.0000
epoch 34/100 step 220 | loss 0.1022 | det 0.0157 seg 0.0000 cnt 0.0000
epoch 34/100 step 240 | loss 0.1018 | det 0.0523 seg 0.0000 cnt 0.0000
epoch 34/100 step 260 | loss 0.1021 | det 0.0583 seg 0.0000 cnt 0.0000
epoch 34/100 step 280 | loss 0.1008 | det 0.0638 seg 0.0000 cnt 0.0000
epoch 34/100 step 300 | loss 0.0988 | det 0.0403 seg 0.0000 cnt 0.0000
epoch 34/100 step 320 | loss 0.0977 | det 0.0953 seg 0.0000 cnt 0.0000
epoch 34/100 step 340 | loss 0.0989 | det 0.1025 seg 0.0000 cnt 0.0000
epoch 34/100 step 360 | loss 0.0982 | det 0.0161 seg 0.0000 cnt 0.0000
epoch 34/100 | train 0.0981 | val det 0.0000 seg 0.0000 miou 0.0000 cnt 0.0000 dens 0.000000e+00 mae 0.0000 total_mae 0.0000 | ap50 0.0000 | selected det_ap50 0.000000
epoch 35/100 step 20 | loss 0.0722 | det 0.0207 seg 0.0000 cnt 0.0000
epoch 35/100 step 40 | loss 0.0839 | det 0.0485 seg 0.0000 cnt 0.0000
epoch 35/100 step 60 | loss 0.0819 | det 0.0503 seg 0.0000 cnt 0.0000
epoch 35/100 step 80 | loss 0.0893 | det 0.0294 seg 0.0000 cnt 0.0000
epoch 35/100 step 100 | loss 0.0865 | det 0.0677 seg 0.0000 cnt 0.0000
epoch 35/100 step 120 | loss 0.0834 | det 0.0780 seg 0.0000 cnt 0.0000
epoch 35/100 step 140 | loss 0.0839 | det 0.0664 seg 0.0000 cnt 0.0000
epoch 35/100 step 160 | loss 0.0867 | det 0.0429 seg 0.0000 cnt 0.0000
epoch 35/100 step 180 | loss 0.0889 | det 0.1532 seg 0.0000 cnt 0.0000
epoch 35/100 step 200 | loss 0.0896 | det 0.0268 seg 0.0000 cnt 0.0000
epoch 35/100 step 220 | loss 0.0903 | det 0.1497 seg 0.0000 cnt 0.0000
epoch 35/100 step 240 | loss 0.0928 | det 0.0736 seg 0.0000 cnt 0.0000
epoch 35/100 step 260 | loss 0.0935 | det 0.0402 seg 0.0000 cnt 0.0000
epoch 35/100 step 280 | loss 0.0953 | det 0.1031 seg 0.0000 cnt 0.0000
epoch 35/100 step 300 | loss 0.0970 | det 0.1044 seg 0.0000 cnt 0.0000
epoch 35/100 step 320 | loss 0.0973 | det 0.0499 seg 0.0000 cnt 0.0000
epoch 35/100 step 340 | loss 0.0957 | det 0.0122 seg 0.0000 cnt 0.0000
epoch 35/100 step 360 | loss 0.0969 | det 0.0688 seg 0.0000 cnt 0.0000
epoch 35/100 | train 0.0974 | val det 0.0000 seg 0.0000 miou 0.0000 cnt 0.0000 dens 0.000000e+00 mae 0.0000 total_mae 0.0000 | ap50 0.0000 | selected det_ap50 0.000000
epoch 36/100 step 20 | loss 0.0802 | det 0.0389 seg 0.0000 cnt 0.0000
epoch 36/100 step 40 | loss 0.1057 | det 0.5671 seg 0.0000 cnt 0.0000
epoch 36/100 step 60 | loss 0.1001 | det 0.0125 seg 0.0000 cnt 0.0000
epoch 36/100 step 80 | loss 0.1041 | det 0.6646 seg 0.0000 cnt 0.0000
epoch 36/100 step 100 | loss 0.0981 | det 0.0359 seg 0.0000 cnt 0.0000
epoch 36/100 step 120 | loss 0.0995 | det 0.0873 seg 0.0000 cnt 0.0000
epoch 36/100 step 140 | loss 0.1011 | det 0.0810 seg 0.0000 cnt 0.0000
epoch 36/100 step 160 | loss 0.0998 | det 0.0432 seg 0.0000 cnt 0.0000
epoch 36/100 step 180 | loss 0.0986 | det 0.0590 seg 0.0000 cnt 0.0000
epoch 36/100 step 200 | loss 0.0992 | det 0.0340 seg 0.0000 cnt 0.0000
epoch 36/100 step 220 | loss 0.0994 | det 0.0309 seg 0.0000 cnt 0.0000
epoch 36/100 step 240 | loss 0.0966 | det 0.1067 seg 0.0000 cnt 0.0000
epoch 36/100 step 260 | loss 0.0987 | det 0.0682 seg 0.0000 cnt 0.0000
epoch 36/100 step 280 | loss 0.1031 | det 0.0748 seg 0.0000 cnt 0.0000
epoch 36/100 step 300 | loss 0.1014 | det 0.0434 seg 0.0000 cnt 0.0000
epoch 36/100 step 320 | loss 0.1001 | det 0.1327 seg 0.0000 cnt 0.0000
epoch 36/100 step 340 | loss 0.1036 | det 0.1080 seg 0.0000 cnt 0.0000
epoch 36/100 step 360 | loss 0.1034 | det 0.0771 seg 0.0000 cnt 0.0000
epoch 36/100 | train 0.1033 | val det 0.0000 seg 0.0000 miou 0.0000 cnt 0.0000 dens 0.000000e+00 mae 0.0000 total_mae 0.0000 | ap50 0.0000 | selected det_ap50 0.000000
epoch 37/100 step 20 | loss 0.0842 | det 0.2192 seg 0.0000 cnt 0.0000
epoch 37/100 step 40 | loss 0.1078 | det 0.0182 seg 0.0000 cnt 0.0000
epoch 37/100 step 60 | loss 0.1021 | det 0.0286 seg 0.0000 cnt 0.0000
epoch 37/100 step 80 | loss 0.0980 | det 0.0339 seg 0.0000 cnt 0.0000
epoch 37/100 step 100 | loss 0.0925 | det 0.1895 seg 0.0000 cnt 0.0000
epoch 37/100 step 120 | loss 0.0913 | det 0.4235 seg 0.0000 cnt 0.0000
epoch 37/100 step 140 | loss 0.0911 | det 0.0644 seg 0.0000 cnt 0.0000
epoch 37/100 step 160 | loss 0.0927 | det 0.1927 seg 0.0000 cnt 0.0000
epoch 37/100 step 180 | loss 0.0880 | det 0.1544 seg 0.0000 cnt 0.0000
epoch 37/100 step 200 | loss 0.0855 | det 0.0300 seg 0.0000 cnt 0.0000
epoch 37/100 step 220 | loss 0.0849 | det 0.0675 seg 0.0000 cnt 0.0000
epoch 37/100 step 240 | loss 0.0857 | det 0.3710 seg 0.0000 cnt 0.0000
epoch 37/100 step 260 | loss 0.0851 | det 0.1050 seg 0.0000 cnt 0.0000
epoch 37/100 step 280 | loss 0.0859 | det 0.0544 seg 0.0000 cnt 0.0000
epoch 37/100 step 300 | loss 0.0860 | det 0.0680 seg 0.0000 cnt 0.0000
epoch 37/100 step 320 | loss 0.0872 | det 0.0759 seg 0.0000 cnt 0.0000
epoch 37/100 step 340 | loss 0.0855 | det 0.0875 seg 0.0000 cnt 0.0000
epoch 37/100 step 360 | loss 0.0858 | det 0.0352 seg 0.0000 cnt 0.0000
epoch 37/100 | train 0.0858 | val det 0.0000 seg 0.0000 miou 0.0000 cnt 0.0000 dens 0.000000e+00 mae 0.0000 total_mae 0.0000 | ap50 0.0000 | selected det_ap50 0.000000
epoch 38/100 step 20 | loss 0.1414 | det 0.0363 seg 0.0000 cnt 0.0000
epoch 38/100 step 40 | loss 0.1447 | det 0.0246 seg 0.0000 cnt 0.0000
epoch 38/100 step 60 | loss 0.1193 | det 0.1426 seg 0.0000 cnt 0.0000
epoch 38/100 step 80 | loss 0.1116 | det 0.1136 seg 0.0000 cnt 0.0000
epoch 38/100 step 100 | loss 0.1137 | det 0.1003 seg 0.0000 cnt 0.0000
epoch 38/100 step 120 | loss 0.1131 | det 0.0790 seg 0.0000 cnt 0.0000
epoch 38/100 step 140 | loss 0.1059 | det 0.0337 seg 0.0000 cnt 0.0000
epoch 38/100 step 160 | loss 0.1019 | det 0.0278 seg 0.0000 cnt 0.0000
epoch 38/100 step 180 | loss 0.1001 | det 0.0749 seg 0.0000 cnt 0.0000
epoch 38/100 step 200 | loss 0.0994 | det 0.0492 seg 0.0000 cnt 0.0000
epoch 38/100 step 220 | loss 0.0990 | det 0.0647 seg 0.0000 cnt 0.0000
epoch 38/100 step 240 | loss 0.0999 | det 0.0921 seg 0.0000 cnt 0.0000
epoch 38/100 step 260 | loss 0.1061 | det 0.1090 seg 0.0000 cnt 0.0000
epoch 38/100 step 280 | loss 0.1048 | det 0.0401 seg 0.0000 cnt 0.0000
epoch 38/100 step 300 | loss 0.1063 | det 0.0382 seg 0.0000 cnt 0.0000
epoch 38/100 step 320 | loss 0.1042 | det 0.0760 seg 0.0000 cnt 0.0000
epoch 38/100 step 340 | loss 0.1043 | det 0.0151 seg 0.0000 cnt 0.0000
epoch 38/100 step 360 | loss 0.1040 | det 0.0478 seg 0.0000 cnt 0.0000
epoch 38/100 | train 0.1043 | val det 0.0000 seg 0.0000 miou 0.0000 cnt 0.0000 dens 0.000000e+00 mae 0.0000 total_mae 0.0000 | ap50 0.0000 | selected det_ap50 0.000000
epoch 39/100 step 20 | loss 0.0855 | det 0.0277 seg 0.0000 cnt 0.0000
epoch 39/100 step 40 | loss 0.0773 | det 0.0320 seg 0.0000 cnt 0.0000
epoch 39/100 step 60 | loss 0.0967 | det 0.5593 seg 0.0000 cnt 0.0000
epoch 39/100 step 80 | loss 0.1195 | det 0.0790 seg 0.0000 cnt 0.0000
epoch 39/100 step 100 | loss 0.1138 | det 0.1558 seg 0.0000 cnt 0.0000
epoch 39/100 step 120 | loss 0.1099 | det 0.2698 seg 0.0000 cnt 0.0000
epoch 39/100 step 140 | loss 0.1058 | det 0.1768 seg 0.0000 cnt 0.0000
epoch 39/100 step 160 | loss 0.1117 | det 0.2612 seg 0.0000 cnt 0.0000
epoch 39/100 step 180 | loss 0.1126 | det 0.0816 seg 0.0000 cnt 0.0000
epoch 39/100 step 200 | loss 0.1065 | det 0.0512 seg 0.0000 cnt 0.0000
epoch 39/100 step 220 | loss 0.1018 | det 0.0295 seg 0.0000 cnt 0.0000
epoch 39/100 step 240 | loss 0.0997 | det 0.0341 seg 0.0000 cnt 0.0000
epoch 39/100 step 260 | loss 0.0972 | det 0.0682 seg 0.0000 cnt 0.0000
epoch 39/100 step 280 | loss 0.0969 | det 0.0236 seg 0.0000 cnt 0.0000
epoch 39/100 step 300 | loss 0.0959 | det 0.0250 seg 0.0000 cnt 0.0000
epoch 39/100 step 320 | loss 0.0957 | det 0.0677 seg 0.0000 cnt 0.0000
epoch 39/100 step 340 | loss 0.0944 | det 0.2429 seg 0.0000 cnt 0.0000
epoch 39/100 step 360 | loss 0.0957 | det 0.1927 seg 0.0000 cnt 0.0000
epoch 39/100 | train 0.0953 | val det 0.0000 seg 0.0000 miou 0.0000 cnt 0.0000 dens 0.000000e+00 mae 0.0000 total_mae 0.0000 | ap50 0.0000 | selected det_ap50 0.000000
epoch 40/100 step 20 | loss 0.1555 | det 0.0463 seg 0.0000 cnt 0.0000
epoch 40/100 step 40 | loss 0.1172 | det 0.0199 seg 0.0000 cnt 0.0000
epoch 40/100 step 60 | loss 0.1063 | det 0.0401 seg 0.0000 cnt 0.0000
epoch 40/100 step 80 | loss 0.1064 | det 0.0668 seg 0.0000 cnt 0.0000
epoch 40/100 step 100 | loss 0.1055 | det 0.0284 seg 0.0000 cnt 0.0000
epoch 40/100 step 120 | loss 0.1055 | det 0.0282 seg 0.0000 cnt 0.0000
epoch 40/100 step 140 | loss 0.1026 | det 0.0206 seg 0.0000 cnt 0.0000
epoch 40/100 step 160 | loss 0.1001 | det 0.3023 seg 0.0000 cnt 0.0000
epoch 40/100 step 180 | loss 0.0983 | det 0.1001 seg 0.0000 cnt 0.0000
epoch 40/100 step 200 | loss 0.0986 | det 0.0141 seg 0.0000 cnt 0.0000
epoch 40/100 step 220 | loss 0.0957 | det 0.1143 seg 0.0000 cnt 0.0000
epoch 40/100 step 240 | loss 0.0960 | det 0.0641 seg 0.0000 cnt 0.0000
epoch 40/100 step 260 | loss 0.0948 | det 0.0412 seg 0.0000 cnt 0.0000
epoch 40/100 step 280 | loss 0.0947 | det 0.0398 seg 0.0000 cnt 0.0000
epoch 40/100 step 300 | loss 0.0929 | det 0.0195 seg 0.0000 cnt 0.0000
epoch 40/100 step 320 | loss 0.0930 | det 0.0421 seg 0.0000 cnt 0.0000
epoch 40/100 step 340 | loss 0.0961 | det 0.0236 seg 0.0000 cnt 0.0000
epoch 40/100 step 360 | loss 0.0954 | det 0.1558 seg 0.0000 cnt 0.0000
epoch 40/100 | train 0.0951 | val det 0.0000 seg 0.0000 miou 0.0000 cnt 0.0000 dens 0.000000e+00 mae 0.0000 total_mae 0.0000 | ap50 0.0000 | selected det_ap50 0.000000
epoch 41/100 step 20 | loss 0.0875 | det 0.0506 seg 0.0000 cnt 0.0000
epoch 41/100 step 40 | loss 0.1042 | det 0.0463 seg 0.0000 cnt 0.0000
epoch 41/100 step 60 | loss 0.0970 | det 0.2555 seg 0.0000 cnt 0.0000
epoch 41/100 step 80 | loss 0.0944 | det 0.0392 seg 0.0000 cnt 0.0000
epoch 41/100 step 100 | loss 0.1014 | det 0.0892 seg 0.0000 cnt 0.0000
epoch 41/100 step 120 | loss 0.0993 | det 0.0208 seg 0.0000 cnt 0.0000
epoch 41/100 step 140 | loss 0.1009 | det 0.0568 seg 0.0000 cnt 0.0000
epoch 41/100 step 160 | loss 0.1006 | det 0.0342 seg 0.0000 cnt 0.0000
epoch 41/100 step 180 | loss 0.1002 | det 0.2937 seg 0.0000 cnt 0.0000
epoch 41/100 step 200 | loss 0.0984 | det 0.0570 seg 0.0000 cnt 0.0000
epoch 41/100 step 220 | loss 0.0966 | det 0.0354 seg 0.0000 cnt 0.0000
epoch 41/100 step 240 | loss 0.0956 | det 0.0359 seg 0.0000 cnt 0.0000
epoch 41/100 step 260 | loss 0.0937 | det 0.0166 seg 0.0000 cnt 0.0000
epoch 41/100 step 280 | loss 0.0920 | det 0.0936 seg 0.0000 cnt 0.0000
epoch 41/100 step 300 | loss 0.0900 | det 0.0408 seg 0.0000 cnt 0.0000
epoch 41/100 step 320 | loss 0.0899 | det 0.0500 seg 0.0000 cnt 0.0000
epoch 41/100 step 340 | loss 0.0898 | det 0.1555 seg 0.0000 cnt 0.0000
epoch 41/100 step 360 | loss 0.0881 | det 0.0531 seg 0.0000 cnt 0.0000
epoch 41/100 | train 0.0880 | val det 0.0000 seg 0.0000 miou 0.0000 cnt 0.0000 dens 0.000000e+00 mae 0.0000 total_mae 0.0000 | ap50 0.0000 | selected det_ap50 0.000000
epoch 42/100 step 20 | loss 0.1061 | det 0.0138 seg 0.0000 cnt 0.0000
epoch 42/100 step 40 | loss 0.0861 | det 0.0633 seg 0.0000 cnt 0.0000
epoch 42/100 step 60 | loss 0.0853 | det 0.0368 seg 0.0000 cnt 0.0000
epoch 42/100 step 80 | loss 0.1001 | det 0.1162 seg 0.0000 cnt 0.0000
epoch 42/100 step 100 | loss 0.1009 | det 0.2770 seg 0.0000 cnt 0.0000
epoch 42/100 step 120 | loss 0.0991 | det 0.2504 seg 0.0000 cnt 0.0000
epoch 42/100 step 140 | loss 0.0986 | det 0.1432 seg 0.0000 cnt 0.0000
epoch 42/100 step 160 | loss 0.0959 | det 0.0549 seg 0.0000 cnt 0.0000
epoch 42/100 step 180 | loss 0.1012 | det 0.0391 seg 0.0000 cnt 0.0000
epoch 42/100 step 200 | loss 0.0996 | det 0.0348 seg 0.0000 cnt 0.0000
epoch 42/100 step 220 | loss 0.1003 | det 0.0716 seg 0.0000 cnt 0.0000
epoch 42/100 step 240 | loss 0.0997 | det 0.4661 seg 0.0000 cnt 0.0000
epoch 42/100 step 260 | loss 0.0969 | det 0.0573 seg 0.0000 cnt 0.0000
epoch 42/100 step 280 | loss 0.0998 | det 0.0406 seg 0.0000 cnt 0.0000
epoch 42/100 step 300 | loss 0.0967 | det 0.0185 seg 0.0000 cnt 0.0000
epoch 42/100 step 320 | loss 0.0964 | det 0.0241 seg 0.0000 cnt 0.0000
epoch 42/100 step 340 | loss 0.0961 | det 0.0848 seg 0.0000 cnt 0.0000
epoch 42/100 step 360 | loss 0.0964 | det 0.0773 seg 0.0000 cnt 0.0000
epoch 42/100 | train 0.0976 | val det 0.0000 seg 0.0000 miou 0.0000 cnt 0.0000 dens 0.000000e+00 mae 0.0000 total_mae 0.0000 | ap50 0.0000 | selected det_ap50 0.000000
epoch 43/100 step 20 | loss 0.1137 | det 0.1330 seg 0.0000 cnt 0.0000
epoch 43/100 step 40 | loss 0.0844 | det 0.0218 seg 0.0000 cnt 0.0000
epoch 43/100 step 60 | loss 0.0824 | det 0.1270 seg 0.0000 cnt 0.0000
epoch 43/100 step 80 | loss 0.0840 | det 0.0550 seg 0.0000 cnt 0.0000
epoch 43/100 step 100 | loss 0.0863 | det 0.0780 seg 0.0000 cnt 0.0000
epoch 43/100 step 120 | loss 0.0898 | det 0.0745 seg 0.0000 cnt 0.0000
epoch 43/100 step 140 | loss 0.0886 | det 0.0973 seg 0.0000 cnt 0.0000
epoch 43/100 step 160 | loss 0.0916 | det 0.0432 seg 0.0000 cnt 0.0000
epoch 43/100 step 180 | loss 0.0921 | det 0.0927 seg 0.0000 cnt 0.0000
epoch 43/100 step 200 | loss 0.0906 | det 0.0530 seg 0.0000 cnt 0.0000
epoch 43/100 step 220 | loss 0.0893 | det 0.0518 seg 0.0000 cnt 0.0000
epoch 43/100 step 240 | loss 0.0884 | det 0.0417 seg 0.0000 cnt 0.0000
epoch 43/100 step 260 | loss 0.0880 | det 0.0733 seg 0.0000 cnt 0.0000
epoch 43/100 step 280 | loss 0.0905 | det 0.0367 seg 0.0000 cnt 0.0000
epoch 43/100 step 300 | loss 0.0901 | det 0.0399 seg 0.0000 cnt 0.0000
epoch 43/100 step 320 | loss 0.0917 | det 0.0271 seg 0.0000 cnt 0.0000
epoch 43/100 step 340 | loss 0.0900 | det 0.1220 seg 0.0000 cnt 0.0000
epoch 43/100 step 360 | loss 0.0901 | det 0.0561 seg 0.0000 cnt 0.0000
epoch 43/100 | train 0.0900 | val det 0.0000 seg 0.0000 miou 0.0000 cnt 0.0000 dens 0.000000e+00 mae 0.0000 total_mae 0.0000 | ap50 0.0000 | selected det_ap50 0.000000
epoch 44/100 step 20 | loss 0.0624 | det 0.0398 seg 0.0000 cnt 0.0000
epoch 44/100 step 40 | loss 0.0858 | det 0.0390 seg 0.0000 cnt 0.0000
epoch 44/100 step 60 | loss 0.0807 | det 0.0199 seg 0.0000 cnt 0.0000
epoch 44/100 step 80 | loss 0.0729 | det 0.0366 seg 0.0000 cnt 0.0000
epoch 44/100 step 100 | loss 0.0736 | det 0.0633 seg 0.0000 cnt 0.0000
epoch 44/100 step 120 | loss 0.0816 | det 0.0469 seg 0.0000 cnt 0.0000
epoch 44/100 step 140 | loss 0.0860 | det 0.0761 seg 0.0000 cnt 0.0000
epoch 44/100 step 160 | loss 0.0863 | det 0.0528 seg 0.0000 cnt 0.0000
epoch 44/100 step 180 | loss 0.0844 | det 0.1412 seg 0.0000 cnt 0.0000
epoch 44/100 step 200 | loss 0.0842 | det 0.0586 seg 0.0000 cnt 0.0000
epoch 44/100 step 220 | loss 0.0835 | det 0.0149 seg 0.0000 cnt 0.0000
epoch 44/100 step 240 | loss 0.0838 | det 0.0763 seg 0.0000 cnt 0.0000
epoch 44/100 step 260 | loss 0.0862 | det 0.0329 seg 0.0000 cnt 0.0000
epoch 44/100 step 280 | loss 0.0872 | det 0.0282 seg 0.0000 cnt 0.0000
epoch 44/100 step 300 | loss 0.0861 | det 0.0319 seg 0.0000 cnt 0.0000
epoch 44/100 step 320 | loss 0.0890 | det 0.5843 seg 0.0000 cnt 0.0000
epoch 44/100 step 340 | loss 0.0880 | det 0.1839 seg 0.0000 cnt 0.0000
epoch 44/100 step 360 | loss 0.0901 | det 0.2548 seg 0.0000 cnt 0.0000
epoch 44/100 | train 0.0911 | val det 0.0000 seg 0.0000 miou 0.0000 cnt 0.0000 dens 0.000000e+00 mae 0.0000 total_mae 0.0000 | ap50 0.0000 | selected det_ap50 0.000000
epoch 45/100 step 20 | loss 0.0961 | det 0.0797 seg 0.0000 cnt 0.0000
epoch 45/100 step 40 | loss 0.1009 | det 0.0311 seg 0.0000 cnt 0.0000
epoch 45/100 step 60 | loss 0.0885 | det 0.1156 seg 0.0000 cnt 0.0000
epoch 45/100 step 80 | loss 0.0904 | det 0.0726 seg 0.0000 cnt 0.0000
epoch 45/100 step 100 | loss 0.0950 | det 0.0143 seg 0.0000 cnt 0.0000
epoch 45/100 step 120 | loss 0.0932 | det 0.0784 seg 0.0000 cnt 0.0000
epoch 45/100 step 140 | loss 0.0954 | det 0.0773 seg 0.0000 cnt 0.0000
epoch 45/100 step 160 | loss 0.0915 | det 0.0379 seg 0.0000 cnt 0.0000
epoch 45/100 step 180 | loss 0.0923 | det 0.0231 seg 0.0000 cnt 0.0000
epoch 45/100 step 200 | loss 0.0926 | det 0.0256 seg 0.0000 cnt 0.0000
epoch 45/100 step 220 | loss 0.0905 | det 0.0309 seg 0.0000 cnt 0.0000
epoch 45/100 step 240 | loss 0.0920 | det 0.0305 seg 0.0000 cnt 0.0000
epoch 45/100 step 260 | loss 0.0920 | det 0.0420 seg 0.0000 cnt 0.0000
epoch 45/100 step 280 | loss 0.0890 | det 0.0390 seg 0.0000 cnt 0.0000
epoch 45/100 step 300 | loss 0.0892 | det 0.1306 seg 0.0000 cnt 0.0000
epoch 45/100 step 320 | loss 0.0921 | det 0.0586 seg 0.0000 cnt 0.0000
epoch 45/100 step 340 | loss 0.0917 | det 0.0197 seg 0.0000 cnt 0.0000
epoch 45/100 step 360 | loss 0.0906 | det 0.0523 seg 0.0000 cnt 0.0000
epoch 45/100 | train 0.0915 | val det 0.0000 seg 0.0000 miou 0.0000 cnt 0.0000 dens 0.000000e+00 mae 0.0000 total_mae 0.0000 | ap50 0.0000 | selected det_ap50 0.000000
epoch 46/100 step 20 | loss 0.0852 | det 0.1383 seg 0.0000 cnt 0.0000
epoch 46/100 step 40 | loss 0.1128 | det 0.0229 seg 0.0000 cnt 0.0000
epoch 46/100 step 60 | loss 0.1026 | det 0.0627 seg 0.0000 cnt 0.0000
epoch 46/100 step 80 | loss 0.0921 | det 0.0366 seg 0.0000 cnt 0.0000
epoch 46/100 step 100 | loss 0.0913 | det 0.0311 seg 0.0000 cnt 0.0000
epoch 46/100 step 120 | loss 0.0879 | det 0.0809 seg 0.0000 cnt 0.0000
epoch 46/100 step 140 | loss 0.0858 | det 0.0495 seg 0.0000 cnt 0.0000
epoch 46/100 step 160 | loss 0.0847 | det 0.0911 seg 0.0000 cnt 0.0000
epoch 46/100 step 180 | loss 0.0838 | det 0.0620 seg 0.0000 cnt 0.0000
epoch 46/100 step 200 | loss 0.0856 | det 0.0536 seg 0.0000 cnt 0.0000
epoch 46/100 step 220 | loss 0.0900 | det 0.1349 seg 0.0000 cnt 0.0000
epoch 46/100 step 240 | loss 0.0880 | det 0.0366 seg 0.0000 cnt 0.0000
epoch 46/100 step 260 | loss 0.0911 | det 0.0836 seg 0.0000 cnt 0.0000
epoch 46/100 step 280 | loss 0.0905 | det 0.0666 seg 0.0000 cnt 0.0000
epoch 46/100 step 300 | loss 0.0893 | det 0.0365 seg 0.0000 cnt 0.0000
epoch 46/100 step 320 | loss 0.0884 | det 0.0329 seg 0.0000 cnt 0.0000
epoch 46/100 step 340 | loss 0.0889 | det 0.1362 seg 0.0000 cnt 0.0000
epoch 46/100 step 360 | loss 0.0885 | det 0.0332 seg 0.0000 cnt 0.0000
epoch 46/100 | train 0.0875 | val det 0.0000 seg 0.0000 miou 0.0000 cnt 0.0000 dens 0.000000e+00 mae 0.0000 total_mae 0.0000 | ap50 0.0000 | selected det_ap50 0.000000
epoch 47/100 step 20 | loss 0.0737 | det 0.1286 seg 0.0000 cnt 0.0000
epoch 47/100 step 40 | loss 0.0915 | det 0.4007 seg 0.0000 cnt 0.0000
epoch 47/100 step 60 | loss 0.0963 | det 0.0346 seg 0.0000 cnt 0.0000
epoch 47/100 step 80 | loss 0.1035 | det 0.1781 seg 0.0000 cnt 0.0000
epoch 47/100 step 100 | loss 0.0970 | det 0.0525 seg 0.0000 cnt 0.0000
epoch 47/100 step 120 | loss 0.1071 | det 0.0304 seg 0.0000 cnt 0.0000
epoch 47/100 step 140 | loss 0.1109 | det 0.0379 seg 0.0000 cnt 0.0000
epoch 47/100 step 160 | loss 0.1076 | det 0.0371 seg 0.0000 cnt 0.0000
epoch 47/100 step 180 | loss 0.1041 | det 0.0240 seg 0.0000 cnt 0.0000
epoch 47/100 step 200 | loss 0.1014 | det 0.0671 seg 0.0000 cnt 0.0000
epoch 47/100 step 220 | loss 0.0997 | det 0.3676 seg 0.0000 cnt 0.0000
epoch 47/100 step 240 | loss 0.1032 | det 0.0510 seg 0.0000 cnt 0.0000
epoch 47/100 step 260 | loss 0.1007 | det 0.2468 seg 0.0000 cnt 0.0000
epoch 47/100 step 280 | loss 0.1022 | det 0.7325 seg 0.0000 cnt 0.0000
epoch 47/100 step 300 | loss 0.1013 | det 0.1547 seg 0.0000 cnt 0.0000
epoch 47/100 step 320 | loss 0.1016 | det 0.1136 seg 0.0000 cnt 0.0000
epoch 47/100 step 340 | loss 0.1017 | det 0.0220 seg 0.0000 cnt 0.0000
epoch 47/100 step 360 | loss 0.1027 | det 0.3792 seg 0.0000 cnt 0.0000
epoch 47/100 | train 0.1028 | val det 0.0000 seg 0.0000 miou 0.0000 cnt 0.0000 dens 0.000000e+00 mae 0.0000 total_mae 0.0000 | ap50 0.0000 | selected det_ap50 0.000000
epoch 48/100 step 20 | loss 0.0616 | det 0.1237 seg 0.0000 cnt 0.0000
epoch 48/100 step 40 | loss 0.0984 | det 0.1926 seg 0.0000 cnt 0.0000
epoch 48/100 step 60 | loss 0.0874 | det 0.0760 seg 0.0000 cnt 0.0000
epoch 48/100 step 80 | loss 0.0814 | det 0.0244 seg 0.0000 cnt 0.0000
epoch 48/100 step 100 | loss 0.0790 | det 0.0915 seg 0.0000 cnt 0.0000
epoch 48/100 step 120 | loss 0.0789 | det 0.0230 seg 0.0000 cnt 0.0000
epoch 48/100 step 140 | loss 0.0808 | det 0.0308 seg 0.0000 cnt 0.0000
epoch 48/100 step 160 | loss 0.0850 | det 0.0705 seg 0.0000 cnt 0.0000
epoch 48/100 step 180 | loss 0.0867 | det 0.1829 seg 0.0000 cnt 0.0000
epoch 48/100 step 200 | loss 0.0894 | det 0.4750 seg 0.0000 cnt 0.0000
epoch 48/100 step 220 | loss 0.0863 | det 0.0335 seg 0.0000 cnt 0.0000
epoch 48/100 step 240 | loss 0.0877 | det 0.1404 seg 0.0000 cnt 0.0000
epoch 48/100 step 260 | loss 0.0868 | det 0.1504 seg 0.0000 cnt 0.0000
epoch 48/100 step 280 | loss 0.0858 | det 0.0635 seg 0.0000 cnt 0.0000
epoch 48/100 step 300 | loss 0.0866 | det 0.0864 seg 0.0000 cnt 0.0000
epoch 48/100 step 320 | loss 0.0881 | det 0.0608 seg 0.0000 cnt 0.0000
epoch 48/100 step 340 | loss 0.0883 | det 0.0201 seg 0.0000 cnt 0.0000
epoch 48/100 step 360 | loss 0.0864 | det 0.1159 seg 0.0000 cnt 0.0000
epoch 48/100 | train 0.0853 | val det 0.0000 seg 0.0000 miou 0.0000 cnt 0.0000 dens 0.000000e+00 mae 0.0000 total_mae 0.0000 | ap50 0.0000 | selected det_ap50 0.000000
epoch 49/100 step 20 | loss 0.0858 | det 0.1075 seg 0.0000 cnt 0.0000
epoch 49/100 step 40 | loss 0.0841 | det 0.0746 seg 0.0000 cnt 0.0000
epoch 49/100 step 60 | loss 0.0770 | det 0.0345 seg 0.0000 cnt 0.0000
epoch 49/100 step 80 | loss 0.0787 | det 0.1215 seg 0.0000 cnt 0.0000
epoch 49/100 step 100 | loss 0.0814 | det 0.0273 seg 0.0000 cnt 0.0000
epoch 49/100 step 120 | loss 0.0870 | det 0.2830 seg 0.0000 cnt 0.0000
epoch 49/100 step 140 | loss 0.0875 | det 0.0906 seg 0.0000 cnt 0.0000
epoch 49/100 step 160 | loss 0.0892 | det 0.1364 seg 0.0000 cnt 0.0000
epoch 49/100 step 180 | loss 0.0847 | det 0.0155 seg 0.0000 cnt 0.0000
epoch 49/100 step 200 | loss 0.0808 | det 0.1501 seg 0.0000 cnt 0.0000
epoch 49/100 step 220 | loss 0.0795 | det 0.0448 seg 0.0000 cnt 0.0000
epoch 49/100 step 240 | loss 0.0806 | det 0.0203 seg 0.0000 cnt 0.0000
epoch 49/100 step 260 | loss 0.0790 | det 0.1075 seg 0.0000 cnt 0.0000
epoch 49/100 step 280 | loss 0.0814 | det 0.0434 seg 0.0000 cnt 0.0000
epoch 49/100 step 300 | loss 0.0855 | det 0.1085 seg 0.0000 cnt 0.0000
epoch 49/100 step 320 | loss 0.0860 | det 0.0370 seg 0.0000 cnt 0.0000
epoch 49/100 step 340 | loss 0.0859 | det 0.0434 seg 0.0000 cnt 0.0000
epoch 49/100 step 360 | loss 0.0842 | det 0.0511 seg 0.0000 cnt 0.0000
epoch 49/100 | train 0.0844 | val det 0.0000 seg 0.0000 miou 0.0000 cnt 0.0000 dens 0.000000e+00 mae 0.0000 total_mae 0.0000 | ap50 0.0000 | selected det_ap50 0.000000
epoch 50/100 step 20 | loss 0.1370 | det 0.0702 seg 0.0000 cnt 0.0000
epoch 50/100 step 40 | loss 0.1080 | det 0.0640 seg 0.0000 cnt 0.0000
epoch 50/100 step 60 | loss 0.0949 | det 0.0177 seg 0.0000 cnt 0.0000
epoch 50/100 step 80 | loss 0.0998 | det 0.0659 seg 0.0000 cnt 0.0000
epoch 50/100 step 100 | loss 0.0923 | det 0.0351 seg 0.0000 cnt 0.0000
epoch 50/100 step 120 | loss 0.0914 | det 0.1275 seg 0.0000 cnt 0.0000
epoch 50/100 step 140 | loss 0.0973 | det 0.0433 seg 0.0000 cnt 0.0000
epoch 50/100 step 160 | loss 0.0993 | det 0.0662 seg 0.0000 cnt 0.0000
epoch 50/100 step 180 | loss 0.0977 | det 0.0572 seg 0.0000 cnt 0.0000
epoch 50/100 step 200 | loss 0.1022 | det 0.0662 seg 0.0000 cnt 0.0000
epoch 50/100 step 220 | loss 0.1021 | det 0.5273 seg 0.0000 cnt 0.0000
epoch 50/100 step 240 | loss 0.0986 | det 0.0366 seg 0.0000 cnt 0.0000
epoch 50/100 step 260 | loss 0.0986 | det 0.4874 seg 0.0000 cnt 0.0000
epoch 50/100 step 280 | loss 0.1016 | det 0.0389 seg 0.0000 cnt 0.0000
epoch 50/100 step 300 | loss 0.0986 | det 0.0275 seg 0.0000 cnt 0.0000
epoch 50/100 step 320 | loss 0.0969 | det 0.0634 seg 0.0000 cnt 0.0000
epoch 50/100 step 340 | loss 0.0973 | det 0.0315 seg 0.0000 cnt 0.0000
epoch 50/100 step 360 | loss 0.0959 | det 0.0268 seg 0.0000 cnt 0.0000
epoch 50/100 | train 0.0956 | val det 0.0000 seg 0.0000 miou 0.0000 cnt 0.0000 dens 0.000000e+00 mae 0.0000 total_mae 0.0000 | ap50 0.0000 | selected det_ap50 0.000000
epoch 51/100 step 20 | loss 0.1183 | det 0.2650 seg 0.0000 cnt 0.0000
epoch 51/100 step 40 | loss 0.0840 | det 0.1174 seg 0.0000 cnt 0.0000
epoch 51/100 step 60 | loss 0.0722 | det 0.0559 seg 0.0000 cnt 0.0000
epoch 51/100 step 80 | loss 0.0871 | det 0.0470 seg 0.0000 cnt 0.0000
epoch 51/100 step 100 | loss 0.0888 | det 0.0708 seg 0.0000 cnt 0.0000
epoch 51/100 step 120 | loss 0.0875 | det 0.1210 seg 0.0000 cnt 0.0000
epoch 51/100 step 140 | loss 0.0837 | det 0.0851 seg 0.0000 cnt 0.0000
epoch 51/100 step 160 | loss 0.0915 | det 0.3901 seg 0.0000 cnt 0.0000
epoch 51/100 step 180 | loss 0.0939 | det 0.0658 seg 0.0000 cnt 0.0000
epoch 51/100 step 200 | loss 0.0923 | det 0.1025 seg 0.0000 cnt 0.0000
epoch 51/100 step 220 | loss 0.0927 | det 0.0127 seg 0.0000 cnt 0.0000
epoch 51/100 step 240 | loss 0.0943 | det 0.2295 seg 0.0000 cnt 0.0000
epoch 51/100 step 260 | loss 0.0963 | det 0.0282 seg 0.0000 cnt 0.0000
epoch 51/100 step 280 | loss 0.0940 | det 0.0515 seg 0.0000 cnt 0.0000
epoch 51/100 step 300 | loss 0.0928 | det 0.0639 seg 0.0000 cnt 0.0000
epoch 51/100 step 320 | loss 0.0928 | det 0.1005 seg 0.0000 cnt 0.0000
epoch 51/100 step 340 | loss 0.0908 | det 0.0444 seg 0.0000 cnt 0.0000
epoch 51/100 step 360 | loss 0.0922 | det 0.0567 seg 0.0000 cnt 0.0000
epoch 51/100 | train 0.0926 | val det 0.2117 seg 0.0000 miou 0.0000 cnt 0.0000 dens 0.000000e+00 mae 0.0000 total_mae 0.0000 | ap50 0.7520 | selected det_ap50 0.752002
[ckpt] new best cached (det_ap50 0.752002)
epoch 52/100 step 20 | loss 0.1269 | det 0.0736 seg 0.0000 cnt 0.0000
epoch 52/100 step 40 | loss 0.0902 | det 0.0207 seg 0.0000 cnt 0.0000
epoch 52/100 step 60 | loss 0.0894 | det 0.1176 seg 0.0000 cnt 0.0000
epoch 52/100 step 80 | loss 0.0811 | det 0.0116 seg 0.0000 cnt 0.0000
epoch 52/100 step 100 | loss 0.0770 | det 0.1921 seg 0.0000 cnt 0.0000
epoch 52/100 step 120 | loss 0.0714 | det 0.0215 seg 0.0000 cnt 0.0000
epoch 52/100 step 140 | loss 0.0747 | det 0.0653 seg 0.0000 cnt 0.0000
epoch 52/100 step 160 | loss 0.0772 | det 0.0407 seg 0.0000 cnt 0.0000
epoch 52/100 step 180 | loss 0.0754 | det 0.0380 seg 0.0000 cnt 0.0000
epoch 52/100 step 200 | loss 0.0785 | det 0.1650 seg 0.0000 cnt 0.0000
epoch 52/100 step 220 | loss 0.0779 | det 0.0228 seg 0.0000 cnt 0.0000
epoch 52/100 step 240 | loss 0.0803 | det 0.5866 seg 0.0000 cnt 0.0000
epoch 52/100 step 260 | loss 0.0813 | det 0.0602 seg 0.0000 cnt 0.0000
epoch 52/100 step 280 | loss 0.0812 | det 0.0226 seg 0.0000 cnt 0.0000
epoch 52/100 step 300 | loss 0.0830 | det 0.0612 seg 0.0000 cnt 0.0000
epoch 52/100 step 320 | loss 0.0839 | det 0.0735 seg 0.0000 cnt 0.0000
epoch 52/100 step 340 | loss 0.0838 | det 0.0332 seg 0.0000 cnt 0.0000
epoch 52/100 step 360 | loss 0.0829 | det 0.0363 seg 0.0000 cnt 0.0000
epoch 52/100 | train 0.0835 | val det 0.2089 seg 0.0000 miou 0.0000 cnt 0.0000 dens 0.000000e+00 mae 0.0000 total_mae 0.0000 | ap50 0.7473 | selected det_ap50 0.747302
epoch 53/100 step 20 | loss 0.0772 | det 0.2998 seg 0.0000 cnt 0.0000
epoch 53/100 step 40 | loss 0.0658 | det 0.0432 seg 0.0000 cnt 0.0000
epoch 53/100 step 60 | loss 0.0674 | det 0.1247 seg 0.0000 cnt 0.0000
epoch 53/100 step 80 | loss 0.0688 | det 0.0503 seg 0.0000 cnt 0.0000
epoch 53/100 step 100 | loss 0.0725 | det 0.0480 seg 0.0000 cnt 0.0000
epoch 53/100 step 120 | loss 0.0701 | det 0.0107 seg 0.0000 cnt 0.0000
epoch 53/100 step 140 | loss 0.0782 | det 0.5548 seg 0.0000 cnt 0.0000
epoch 53/100 step 160 | loss 0.0776 | det 0.0396 seg 0.0000 cnt 0.0000
epoch 53/100 step 180 | loss 0.0821 | det 0.1311 seg 0.0000 cnt 0.0000
epoch 53/100 step 200 | loss 0.0842 | det 0.2397 seg 0.0000 cnt 0.0000
epoch 53/100 step 220 | loss 0.0822 | det 0.0544 seg 0.0000 cnt 0.0000
epoch 53/100 step 240 | loss 0.0841 | det 0.0148 seg 0.0000 cnt 0.0000
epoch 53/100 step 260 | loss 0.0821 | det 0.0925 seg 0.0000 cnt 0.0000
epoch 53/100 step 280 | loss 0.0825 | det 0.2134 seg 0.0000 cnt 0.0000
epoch 53/100 step 300 | loss 0.0846 | det 0.0308 seg 0.0000 cnt 0.0000
epoch 53/100 step 320 | loss 0.0833 | det 0.0348 seg 0.0000 cnt 0.0000
epoch 53/100 step 340 | loss 0.0826 | det 0.1118 seg 0.0000 cnt 0.0000
epoch 53/100 step 360 | loss 0.0814 | det 0.1705 seg 0.0000 cnt 0.0000
epoch 53/100 | train 0.0810 | val det 0.2133 seg 0.0000 miou 0.0000 cnt 0.0000 dens 0.000000e+00 mae 0.0000 total_mae 0.0000 | ap50 0.7534 | selected det_ap50 0.753379
[ckpt] new best cached (det_ap50 0.753379)
epoch 54/100 step 20 | loss 0.0589 | det 0.0188 seg 0.0000 cnt 0.0000
epoch 54/100 step 40 | loss 0.0750 | det 0.4336 seg 0.0000 cnt 0.0000
epoch 54/100 step 60 | loss 0.0774 | det 0.0290 seg 0.0000 cnt 0.0000
epoch 54/100 step 80 | loss 0.0711 | det 0.0115 seg 0.0000 cnt 0.0000
epoch 54/100 step 100 | loss 0.0704 | det 0.0294 seg 0.0000 cnt 0.0000
epoch 54/100 step 120 | loss 0.0700 | det 0.1547 seg 0.0000 cnt 0.0000
epoch 54/100 step 140 | loss 0.0697 | det 0.0722 seg 0.0000 cnt 0.0000
epoch 54/100 step 160 | loss 0.0733 | det 0.7097 seg 0.0000 cnt 0.0000
epoch 54/100 step 180 | loss 0.0749 | det 0.0242 seg 0.0000 cnt 0.0000
epoch 54/100 step 200 | loss 0.0780 | det 0.0479 seg 0.0000 cnt 0.0000
epoch 54/100 step 220 | loss 0.0799 | det 0.1357 seg 0.0000 cnt 0.0000
epoch 54/100 step 240 | loss 0.0799 | det 0.0253 seg 0.0000 cnt 0.0000
epoch 54/100 step 260 | loss 0.0784 | det 0.0643 seg 0.0000 cnt 0.0000
epoch 54/100 step 280 | loss 0.0800 | det 0.2181 seg 0.0000 cnt 0.0000
epoch 54/100 step 300 | loss 0.0813 | det 0.0154 seg 0.0000 cnt 0.0000
epoch 54/100 step 320 | loss 0.0810 | det 0.2009 seg 0.0000 cnt 0.0000
epoch 54/100 step 340 | loss 0.0818 | det 0.1370 seg 0.0000 cnt 0.0000
epoch 54/100 step 360 | loss 0.0830 | det 0.3734 seg 0.0000 cnt 0.0000
epoch 54/100 | train 0.0831 | val det 0.2197 seg 0.0000 miou 0.0000 cnt 0.0000 dens 0.000000e+00 mae 0.0000 total_mae 0.0000 | ap50 0.7488 | selected det_ap50 0.748849
epoch 55/100 step 20 | loss 0.1215 | det 0.0131 seg 0.0000 cnt 0.0000
epoch 55/100 step 40 | loss 0.1110 | det 0.0462 seg 0.0000 cnt 0.0000
epoch 55/100 step 60 | loss 0.0993 | det 0.0514 seg 0.0000 cnt 0.0000
epoch 55/100 step 80 | loss 0.0938 | det 0.3265 seg 0.0000 cnt 0.0000
epoch 55/100 step 100 | loss 0.0938 | det 0.0595 seg 0.0000 cnt 0.0000
epoch 55/100 step 120 | loss 0.0940 | det 0.5465 seg 0.0000 cnt 0.0000
epoch 55/100 step 140 | loss 0.0924 | det 0.0361 seg 0.0000 cnt 0.0000
epoch 55/100 step 160 | loss 0.0868 | det 0.0159 seg 0.0000 cnt 0.0000
epoch 55/100 step 180 | loss 0.0861 | det 0.0209 seg 0.0000 cnt 0.0000
epoch 55/100 step 200 | loss 0.0844 | det 0.0332 seg 0.0000 cnt 0.0000
epoch 55/100 step 220 | loss 0.0837 | det 0.0734 seg 0.0000 cnt 0.0000
epoch 55/100 step 240 | loss 0.0843 | det 0.4682 seg 0.0000 cnt 0.0000
epoch 55/100 step 260 | loss 0.0829 | det 0.0253 seg 0.0000 cnt 0.0000
epoch 55/100 step 280 | loss 0.0862 | det 0.0232 seg 0.0000 cnt 0.0000
epoch 55/100 step 300 | loss 0.0895 | det 0.0448 seg 0.0000 cnt 0.0000
epoch 55/100 step 320 | loss 0.0890 | det 0.0148 seg 0.0000 cnt 0.0000
epoch 55/100 step 340 | loss 0.0886 | det 0.0398 seg 0.0000 cnt 0.0000
epoch 55/100 step 360 | loss 0.0866 | det 0.0632 seg 0.0000 cnt 0.0000
epoch 55/100 | train 0.0859 | val det 0.2192 seg 0.0000 miou 0.0000 cnt 0.0000 dens 0.000000e+00 mae 0.0000 total_mae 0.0000 | ap50 0.7527 | selected det_ap50 0.752694
epoch 56/100 step 20 | loss 0.0730 | det 0.0629 seg 0.0000 cnt 0.0000
epoch 56/100 step 40 | loss 0.0648 | det 0.0706 seg 0.0000 cnt 0.0000
epoch 56/100 step 60 | loss 0.0925 | det 0.1183 seg 0.0000 cnt 0.0000
epoch 56/100 step 80 | loss 0.0926 | det 0.0249 seg 0.0000 cnt 0.0000
epoch 56/100 step 100 | loss 0.0873 | det 0.0262 seg 0.0000 cnt 0.0000
epoch 56/100 step 120 | loss 0.0838 | det 0.0483 seg 0.0000 cnt 0.0000
epoch 56/100 step 140 | loss 0.0854 | det 0.1029 seg 0.0000 cnt 0.0000
epoch 56/100 step 160 | loss 0.0831 | det 0.0700 seg 0.0000 cnt 0.0000
epoch 56/100 step 180 | loss 0.0821 | det 0.1096 seg 0.0000 cnt 0.0000
epoch 56/100 step 200 | loss 0.0823 | det 0.0186 seg 0.0000 cnt 0.0000
epoch 56/100 step 220 | loss 0.0851 | det 0.4149 seg 0.0000 cnt 0.0000
epoch 56/100 step 240 | loss 0.0864 | det 0.0765 seg 0.0000 cnt 0.0000
epoch 56/100 step 260 | loss 0.0845 | det 0.2277 seg 0.0000 cnt 0.0000
epoch 56/100 step 280 | loss 0.0831 | det 0.0633 seg 0.0000 cnt 0.0000
epoch 56/100 step 300 | loss 0.0861 | det 0.2166 seg 0.0000 cnt 0.0000
epoch 56/100 step 320 | loss 0.0846 | det 0.0251 seg 0.0000 cnt 0.0000
epoch 56/100 step 340 | loss 0.0858 | det 0.0230 seg 0.0000 cnt 0.0000
epoch 56/100 step 360 | loss 0.0854 | det 0.0420 seg 0.0000 cnt 0.0000
epoch 56/100 | train 0.0866 | val det 0.2235 seg 0.0000 miou 0.0000 cnt 0.0000 dens 0.000000e+00 mae 0.0000 total_mae 0.0000 | ap50 0.7437 | selected det_ap50 0.743683
epoch 57/100 step 20 | loss 0.0768 | det 0.0495 seg 0.0000 cnt 0.0000
epoch 57/100 step 40 | loss 0.0816 | det 0.1582 seg 0.0000 cnt 0.0000
epoch 57/100 step 60 | loss 0.0772 | det 0.1704 seg 0.0000 cnt 0.0000
epoch 57/100 step 80 | loss 0.0727 | det 0.0274 seg 0.0000 cnt 0.0000
epoch 57/100 step 100 | loss 0.0756 | det 0.0657 seg 0.0000 cnt 0.0000
epoch 57/100 step 120 | loss 0.0748 | det 0.0346 seg 0.0000 cnt 0.0000
epoch 57/100 step 140 | loss 0.0795 | det 0.0461 seg 0.0000 cnt 0.0000
epoch 57/100 step 160 | loss 0.0770 | det 0.0313 seg 0.0000 cnt 0.0000
epoch 57/100 step 180 | loss 0.0794 | det 0.0330 seg 0.0000 cnt 0.0000
epoch 57/100 step 200 | loss 0.0767 | det 0.0910 seg 0.0000 cnt 0.0000
epoch 57/100 step 220 | loss 0.0760 | det 0.0259 seg 0.0000 cnt 0.0000
epoch 57/100 step 240 | loss 0.0779 | det 0.0592 seg 0.0000 cnt 0.0000
epoch 57/100 step 260 | loss 0.0803 | det 0.0336 seg 0.0000 cnt 0.0000
epoch 57/100 step 280 | loss 0.0798 | det 0.0265 seg 0.0000 cnt 0.0000
epoch 57/100 step 300 | loss 0.0792 | det 0.0266 seg 0.0000 cnt 0.0000
epoch 57/100 step 320 | loss 0.0790 | det 0.0173 seg 0.0000 cnt 0.0000
epoch 57/100 step 340 | loss 0.0788 | det 0.0155 seg 0.0000 cnt 0.0000
epoch 57/100 step 360 | loss 0.0793 | det 0.1217 seg 0.0000 cnt 0.0000
epoch 57/100 | train 0.0791 | val det 0.2165 seg 0.0000 miou 0.0000 cnt 0.0000 dens 0.000000e+00 mae 0.0000 total_mae 0.0000 | ap50 0.7498 | selected det_ap50 0.749827
epoch 58/100 step 20 | loss 0.0833 | det 0.0373 seg 0.0000 cnt 0.0000
epoch 58/100 step 40 | loss 0.0918 | det 0.2452 seg 0.0000 cnt 0.0000
epoch 58/100 step 60 | loss 0.1054 | det 0.0254 seg 0.0000 cnt 0.0000
epoch 58/100 step 80 | loss 0.0903 | det 0.0230 seg 0.0000 cnt 0.0000
epoch 58/100 step 100 | loss 0.0826 | det 0.0229 seg 0.0000 cnt 0.0000
epoch 58/100 step 120 | loss 0.0781 | det 0.0644 seg 0.0000 cnt 0.0000
epoch 58/100 step 140 | loss 0.0763 | det 0.0414 seg 0.0000 cnt 0.0000
epoch 58/100 step 160 | loss 0.0793 | det 0.5927 seg 0.0000 cnt 0.0000
epoch 58/100 step 180 | loss 0.0803 | det 0.0669 seg 0.0000 cnt 0.0000
epoch 58/100 step 200 | loss 0.0867 | det 0.1496 seg 0.0000 cnt 0.0000
epoch 58/100 step 220 | loss 0.0847 | det 0.0717 seg 0.0000 cnt 0.0000
epoch 58/100 step 240 | loss 0.0843 | det 0.0435 seg 0.0000 cnt 0.0000
epoch 58/100 step 260 | loss 0.0835 | det 0.0618 seg 0.0000 cnt 0.0000
epoch 58/100 step 280 | loss 0.0818 | det 0.0729 seg 0.0000 cnt 0.0000
epoch 58/100 step 300 | loss 0.0811 | det 0.0617 seg 0.0000 cnt 0.0000
epoch 58/100 step 320 | loss 0.0809 | det 0.0488 seg 0.0000 cnt 0.0000
epoch 58/100 step 340 | loss 0.0813 | det 0.0743 seg 0.0000 cnt 0.0000
epoch 58/100 step 360 | loss 0.0801 | det 0.0128 seg 0.0000 cnt 0.0000
epoch 58/100 | train 0.0806 | val det 0.2134 seg 0.0000 miou 0.0000 cnt 0.0000 dens 0.000000e+00 mae 0.0000 total_mae 0.0000 | ap50 0.7507 | selected det_ap50 0.750744
epoch 59/100 step 20 | loss 0.0685 | det 0.0535 seg 0.0000 cnt 0.0000
epoch 59/100 step 40 | loss 0.0613 | det 0.0745 seg 0.0000 cnt 0.0000
epoch 59/100 step 60 | loss 0.0683 | det 0.0158 seg 0.0000 cnt 0.0000
epoch 59/100 step 80 | loss 0.0756 | det 0.0543 seg 0.0000 cnt 0.0000
epoch 59/100 step 100 | loss 0.0704 | det 0.0763 seg 0.0000 cnt 0.0000
epoch 59/100 step 120 | loss 0.0692 | det 0.0124 seg 0.0000 cnt 0.0000
epoch 59/100 step 140 | loss 0.0701 | det 0.0495 seg 0.0000 cnt 0.0000
epoch 59/100 step 160 | loss 0.0688 | det 0.0226 seg 0.0000 cnt 0.0000
epoch 59/100 step 180 | loss 0.0696 | det 0.0115 seg 0.0000 cnt 0.0000
epoch 59/100 step 200 | loss 0.0741 | det 0.1942 seg 0.0000 cnt 0.0000
epoch 59/100 step 220 | loss 0.0732 | det 0.3012 seg 0.0000 cnt 0.0000
epoch 59/100 step 240 | loss 0.0730 | det 0.0198 seg 0.0000 cnt 0.0000
epoch 59/100 step 260 | loss 0.0729 | det 0.0423 seg 0.0000 cnt 0.0000
epoch 59/100 step 280 | loss 0.0725 | det 0.0165 seg 0.0000 cnt 0.0000
epoch 59/100 step 300 | loss 0.0730 | det 0.0210 seg 0.0000 cnt 0.0000
epoch 59/100 step 320 | loss 0.0721 | det 0.0591 seg 0.0000 cnt 0.0000
epoch 59/100 step 340 | loss 0.0732 | det 0.0945 seg 0.0000 cnt 0.0000
epoch 59/100 step 360 | loss 0.0742 | det 0.0178 seg 0.0000 cnt 0.0000
epoch 59/100 | train 0.0750 | val det 0.2223 seg 0.0000 miou 0.0000 cnt 0.0000 dens 0.000000e+00 mae 0.0000 total_mae 0.0000 | ap50 0.7492 | selected det_ap50 0.749195
epoch 60/100 step 20 | loss 0.0646 | det 0.0087 seg 0.0000 cnt 0.0000
epoch 60/100 step 40 | loss 0.0608 | det 0.0399 seg 0.0000 cnt 0.0000
epoch 60/100 step 60 | loss 0.0602 | det 0.0442 seg 0.0000 cnt 0.0000
epoch 60/100 step 80 | loss 0.0652 | det 0.0305 seg 0.0000 cnt 0.0000
epoch 60/100 step 100 | loss 0.0728 | det 0.1422 seg 0.0000 cnt 0.0000
epoch 60/100 step 120 | loss 0.0696 | det 0.0625 seg 0.0000 cnt 0.0000
epoch 60/100 step 140 | loss 0.0742 | det 0.0815 seg 0.0000 cnt 0.0000
epoch 60/100 step 160 | loss 0.0724 | det 0.0637 seg 0.0000 cnt 0.0000
epoch 60/100 step 180 | loss 0.0731 | det 0.1027 seg 0.0000 cnt 0.0000
epoch 60/100 step 200 | loss 0.0736 | det 0.0886 seg 0.0000 cnt 0.0000
epoch 60/100 step 220 | loss 0.0746 | det 0.6109 seg 0.0000 cnt 0.0000
epoch 60/100 step 240 | loss 0.0748 | det 0.0444 seg 0.0000 cnt 0.0000
epoch 60/100 step 260 | loss 0.0724 | det 0.0100 seg 0.0000 cnt 0.0000
epoch 60/100 step 280 | loss 0.0703 | det 0.0880 seg 0.0000 cnt 0.0000
epoch 60/100 step 300 | loss 0.0710 | det 0.0357 seg 0.0000 cnt 0.0000
epoch 60/100 step 320 | loss 0.0691 | det 0.0492 seg 0.0000 cnt 0.0000
epoch 60/100 step 340 | loss 0.0687 | det 0.0320 seg 0.0000 cnt 0.0000
epoch 60/100 step 360 | loss 0.0688 | det 0.0400 seg 0.0000 cnt 0.0000
epoch 60/100 | train 0.0685 | val det 0.2352 seg 0.0000 miou 0.0000 cnt 0.0000 dens 0.000000e+00 mae 0.0000 total_mae 0.0000 | ap50 0.7471 | selected det_ap50 0.747111
epoch 61/100 step 20 | loss 0.0797 | det 0.0531 seg 0.0000 cnt 0.0000
epoch 61/100 step 40 | loss 0.1008 | det 0.0415 seg 0.0000 cnt 0.0000
epoch 61/100 step 60 | loss 0.0885 | det 0.0524 seg 0.0000 cnt 0.0000
epoch 61/100 step 80 | loss 0.0901 | det 0.0733 seg 0.0000 cnt 0.0000
epoch 61/100 step 100 | loss 0.0817 | det 0.0120 seg 0.0000 cnt 0.0000
epoch 61/100 step 120 | loss 0.0804 | det 0.0302 seg 0.0000 cnt 0.0000
epoch 61/100 step 140 | loss 0.0785 | det 0.0723 seg 0.0000 cnt 0.0000
epoch 61/100 step 160 | loss 0.0755 | det 0.0331 seg 0.0000 cnt 0.0000
epoch 61/100 step 180 | loss 0.0770 | det 0.0504 seg 0.0000 cnt 0.0000
epoch 61/100 step 200 | loss 0.0774 | det 0.0634 seg 0.0000 cnt 0.0000
epoch 61/100 step 220 | loss 0.0776 | det 0.0190 seg 0.0000 cnt 0.0000
epoch 61/100 step 240 | loss 0.0797 | det 0.0522 seg 0.0000 cnt 0.0000
epoch 61/100 step 260 | loss 0.0771 | det 0.0601 seg 0.0000 cnt 0.0000
epoch 61/100 step 280 | loss 0.0761 | det 0.0324 seg 0.0000 cnt 0.0000
epoch 61/100 step 300 | loss 0.0781 | det 0.0841 seg 0.0000 cnt 0.0000
epoch 61/100 step 320 | loss 0.0770 | det 0.0455 seg 0.0000 cnt 0.0000
epoch 61/100 step 340 | loss 0.0769 | det 0.0190 seg 0.0000 cnt 0.0000
epoch 61/100 step 360 | loss 0.0774 | det 0.0679 seg 0.0000 cnt 0.0000
epoch 61/100 | train 0.0768 | val det 0.2120 seg 0.0000 miou 0.0000 cnt 0.0000 dens 0.000000e+00 mae 0.0000 total_mae 0.0000 | ap50 0.7491 | selected det_ap50 0.749057
epoch 62/100 step 20 | loss 0.0523 | det 0.0450 seg 0.0000 cnt 0.0000
epoch 62/100 step 40 | loss 0.0648 | det 0.0291 seg 0.0000 cnt 0.0000
epoch 62/100 step 60 | loss 0.0631 | det 0.0266 seg 0.0000 cnt 0.0000
epoch 62/100 step 80 | loss 0.0570 | det 0.0373 seg 0.0000 cnt 0.0000
epoch 62/100 step 100 | loss 0.0615 | det 0.0107 seg 0.0000 cnt 0.0000
epoch 62/100 step 120 | loss 0.0628 | det 0.1357 seg 0.0000 cnt 0.0000
epoch 62/100 step 140 | loss 0.0647 | det 0.0114 seg 0.0000 cnt 0.0000
epoch 62/100 step 160 | loss 0.0660 | det 0.0281 seg 0.0000 cnt 0.0000
epoch 62/100 step 180 | loss 0.0647 | det 0.0505 seg 0.0000 cnt 0.0000
epoch 62/100 step 200 | loss 0.0649 | det 0.0364 seg 0.0000 cnt 0.0000
epoch 62/100 step 220 | loss 0.0643 | det 0.0242 seg 0.0000 cnt 0.0000
epoch 62/100 step 240 | loss 0.0664 | det 0.0243 seg 0.0000 cnt 0.0000
epoch 62/100 step 260 | loss 0.0664 | det 0.0276 seg 0.0000 cnt 0.0000
epoch 62/100 step 280 | loss 0.0677 | det 0.0212 seg 0.0000 cnt 0.0000
epoch 62/100 step 300 | loss 0.0693 | det 0.4845 seg 0.0000 cnt 0.0000
epoch 62/100 step 320 | loss 0.0712 | det 0.1092 seg 0.0000 cnt 0.0000
epoch 62/100 step 340 | loss 0.0723 | det 0.0163 seg 0.0000 cnt 0.0000
epoch 62/100 step 360 | loss 0.0727 | det 0.0681 seg 0.0000 cnt 0.0000
epoch 62/100 | train 0.0726 | val det 0.2278 seg 0.0000 miou 0.0000 cnt 0.0000 dens 0.000000e+00 mae 0.0000 total_mae 0.0000 | ap50 0.7503 | selected det_ap50 0.750297
epoch 63/100 step 20 | loss 0.0805 | det 0.0999 seg 0.0000 cnt 0.0000
epoch 63/100 step 40 | loss 0.0767 | det 0.0196 seg 0.0000 cnt 0.0000
epoch 63/100 step 60 | loss 0.0755 | det 0.0592 seg 0.0000 cnt 0.0000
epoch 63/100 step 80 | loss 0.0711 | det 0.0307 seg 0.0000 cnt 0.0000
epoch 63/100 step 100 | loss 0.0779 | det 0.0523 seg 0.0000 cnt 0.0000
epoch 63/100 step 120 | loss 0.0853 | det 0.0377 seg 0.0000 cnt 0.0000
epoch 63/100 step 140 | loss 0.0815 | det 0.0314 seg 0.0000 cnt 0.0000
epoch 63/100 step 160 | loss 0.0797 | det 0.0233 seg 0.0000 cnt 0.0000
epoch 63/100 step 180 | loss 0.0789 | det 0.0637 seg 0.0000 cnt 0.0000
epoch 63/100 step 200 | loss 0.0764 | det 0.0340 seg 0.0000 cnt 0.0000
epoch 63/100 step 220 | loss 0.0745 | det 0.0183 seg 0.0000 cnt 0.0000
epoch 63/100 step 240 | loss 0.0726 | det 0.0363 seg 0.0000 cnt 0.0000
epoch 63/100 step 260 | loss 0.0730 | det 0.0924 seg 0.0000 cnt 0.0000
epoch 63/100 step 280 | loss 0.0749 | det 0.1226 seg 0.0000 cnt 0.0000
epoch 63/100 step 300 | loss 0.0747 | det 0.0424 seg 0.0000 cnt 0.0000
epoch 63/100 step 320 | loss 0.0754 | det 0.0423 seg 0.0000 cnt 0.0000
epoch 63/100 step 340 | loss 0.0783 | det 0.1249 seg 0.0000 cnt 0.0000
epoch 63/100 step 360 | loss 0.0775 | det 0.2649 seg 0.0000 cnt 0.0000
epoch 63/100 | train 0.0766 | val det 0.2344 seg 0.0000 miou 0.0000 cnt 0.0000 dens 0.000000e+00 mae 0.0000 total_mae 0.0000 | ap50 0.7507 | selected det_ap50 0.750739
epoch 64/100 step 20 | loss 0.0816 | det 0.1095 seg 0.0000 cnt 0.0000
epoch 64/100 step 40 | loss 0.0738 | det 0.0244 seg 0.0000 cnt 0.0000
epoch 64/100 step 60 | loss 0.0729 | det 0.3150 seg 0.0000 cnt 0.0000
epoch 64/100 step 80 | loss 0.0737 | det 0.1459 seg 0.0000 cnt 0.0000
epoch 64/100 step 100 | loss 0.0711 | det 0.0152 seg 0.0000 cnt 0.0000
epoch 64/100 step 120 | loss 0.0709 | det 0.0278 seg 0.0000 cnt 0.0000
epoch 64/100 step 140 | loss 0.0693 | det 0.0309 seg 0.0000 cnt 0.0000
epoch 64/100 step 160 | loss 0.0762 | det 0.0538 seg 0.0000 cnt 0.0000
epoch 64/100 step 180 | loss 0.0756 | det 0.1925 seg 0.0000 cnt 0.0000
epoch 64/100 step 200 | loss 0.0813 | det 0.0603 seg 0.0000 cnt 0.0000
epoch 64/100 step 220 | loss 0.0812 | det 0.0432 seg 0.0000 cnt 0.0000
epoch 64/100 step 240 | loss 0.0835 | det 0.0516 seg 0.0000 cnt 0.0000
epoch 64/100 step 260 | loss 0.0835 | det 0.1097 seg 0.0000 cnt 0.0000
epoch 64/100 step 280 | loss 0.0806 | det 0.0717 seg 0.0000 cnt 0.0000
epoch 64/100 step 300 | loss 0.0778 | det 0.0276 seg 0.0000 cnt 0.0000
epoch 64/100 step 320 | loss 0.0778 | det 0.0907 seg 0.0000 cnt 0.0000
epoch 64/100 step 340 | loss 0.0778 | det 0.0592 seg 0.0000 cnt 0.0000
epoch 64/100 step 360 | loss 0.0777 | det 0.0793 seg 0.0000 cnt 0.0000
epoch 64/100 | train 0.0783 | val det 0.2207 seg 0.0000 miou 0.0000 cnt 0.0000 dens 0.000000e+00 mae 0.0000 total_mae 0.0000 | ap50 0.7485 | selected det_ap50 0.748542
epoch 65/100 step 20 | loss 0.0698 | det 0.0310 seg 0.0000 cnt 0.0000
epoch 65/100 step 40 | loss 0.0700 | det 0.0333 seg 0.0000 cnt 0.0000
epoch 65/100 step 60 | loss 0.0678 | det 0.0340 seg 0.0000 cnt 0.0000
epoch 65/100 step 80 | loss 0.0653 | det 0.0421 seg 0.0000 cnt 0.0000
epoch 65/100 step 100 | loss 0.0722 | det 0.0815 seg 0.0000 cnt 0.0000
epoch 65/100 step 120 | loss 0.0692 | det 0.0491 seg 0.0000 cnt 0.0000
epoch 65/100 step 140 | loss 0.0741 | det 0.1856 seg 0.0000 cnt 0.0000
epoch 65/100 step 160 | loss 0.0761 | det 0.0072 seg 0.0000 cnt 0.0000
epoch 65/100 step 180 | loss 0.0763 | det 0.0279 seg 0.0000 cnt 0.0000
epoch 65/100 step 200 | loss 0.0748 | det 0.0104 seg 0.0000 cnt 0.0000
epoch 65/100 step 220 | loss 0.0741 | det 0.0395 seg 0.0000 cnt 0.0000
epoch 65/100 step 240 | loss 0.0734 | det 0.0091 seg 0.0000 cnt 0.0000
epoch 65/100 step 260 | loss 0.0760 | det 0.0236 seg 0.0000 cnt 0.0000
epoch 65/100 step 280 | loss 0.0762 | det 0.0125 seg 0.0000 cnt 0.0000
epoch 65/100 step 300 | loss 0.0764 | det 0.0504 seg 0.0000 cnt 0.0000
epoch 65/100 step 320 | loss 0.0763 | det 0.0466 seg 0.0000 cnt 0.0000
epoch 65/100 step 340 | loss 0.0760 | det 0.0205 seg 0.0000 cnt 0.0000
epoch 65/100 step 360 | loss 0.0756 | det 0.4065 seg 0.0000 cnt 0.0000
epoch 65/100 | train 0.0757 | val det 0.2187 seg 0.0000 miou 0.0000 cnt 0.0000 dens 0.000000e+00 mae 0.0000 total_mae 0.0000 | ap50 0.7501 | selected det_ap50 0.750094
epoch 66/100 step 20 | loss 0.0931 | det 0.0809 seg 0.0000 cnt 0.0000
epoch 66/100 step 40 | loss 0.0813 | det 0.0381 seg 0.0000 cnt 0.0000
epoch 66/100 step 60 | loss 0.0871 | det 0.0440 seg 0.0000 cnt 0.0000
epoch 66/100 step 80 | loss 0.0814 | det 0.0300 seg 0.0000 cnt 0.0000
epoch 66/100 step 100 | loss 0.0825 | det 0.1983 seg 0.0000 cnt 0.0000
epoch 66/100 step 120 | loss 0.0782 | det 0.1469 seg 0.0000 cnt 0.0000
epoch 66/100 step 140 | loss 0.0765 | det 0.0337 seg 0.0000 cnt 0.0000
epoch 66/100 step 160 | loss 0.0753 | det 0.2060 seg 0.0000 cnt 0.0000
epoch 66/100 step 180 | loss 0.0745 | det 0.0196 seg 0.0000 cnt 0.0000
epoch 66/100 step 200 | loss 0.0737 | det 0.0936 seg 0.0000 cnt 0.0000
epoch 66/100 step 220 | loss 0.0746 | det 0.0234 seg 0.0000 cnt 0.0000
epoch 66/100 step 240 | loss 0.0735 | det 0.0256 seg 0.0000 cnt 0.0000
epoch 66/100 step 260 | loss 0.0715 | det 0.0282 seg 0.0000 cnt 0.0000
epoch 66/100 step 280 | loss 0.0734 | det 0.1254 seg 0.0000 cnt 0.0000
epoch 66/100 step 300 | loss 0.0719 | det 0.0894 seg 0.0000 cnt 0.0000
epoch 66/100 step 320 | loss 0.0763 | det 0.2503 seg 0.0000 cnt 0.0000
epoch 66/100 step 340 | loss 0.0745 | det 0.1359 seg 0.0000 cnt 0.0000
epoch 66/100 step 360 | loss 0.0734 | det 0.0252 seg 0.0000 cnt 0.0000
epoch 66/100 | train 0.0728 | val det 0.2300 seg 0.0000 miou 0.0000 cnt 0.0000 dens 0.000000e+00 mae 0.0000 total_mae 0.0000 | ap50 0.7522 | selected det_ap50 0.752222
epoch 67/100 step 20 | loss 0.0915 | det 0.0607 seg 0.0000 cnt 0.0000
epoch 67/100 step 40 | loss 0.0872 | det 0.0204 seg 0.0000 cnt 0.0000
epoch 67/100 step 60 | loss 0.0787 | det 0.0773 seg 0.0000 cnt 0.0000
epoch 67/100 step 80 | loss 0.0787 | det 0.0201 seg 0.0000 cnt 0.0000
epoch 67/100 step 100 | loss 0.0753 | det 0.0581 seg 0.0000 cnt 0.0000
epoch 67/100 step 120 | loss 0.0875 | det 0.0166 seg 0.0000 cnt 0.0000
epoch 67/100 step 140 | loss 0.0829 | det 0.0250 seg 0.0000 cnt 0.0000
epoch 67/100 step 160 | loss 0.0802 | det 0.0510 seg 0.0000 cnt 0.0000
epoch 67/100 step 180 | loss 0.0788 | det 0.0406 seg 0.0000 cnt 0.0000
epoch 67/100 step 200 | loss 0.0762 | det 0.0435 seg 0.0000 cnt 0.0000
epoch 67/100 step 220 | loss 0.0761 | det 0.0239 seg 0.0000 cnt 0.0000
epoch 67/100 step 240 | loss 0.0743 | det 0.0495 seg 0.0000 cnt 0.0000
epoch 67/100 step 260 | loss 0.0789 | det 0.1077 seg 0.0000 cnt 0.0000
epoch 67/100 step 280 | loss 0.0794 | det 0.0282 seg 0.0000 cnt 0.0000
epoch 67/100 step 300 | loss 0.0793 | det 0.0122 seg 0.0000 cnt 0.0000
epoch 67/100 step 320 | loss 0.0779 | det 0.0369 seg 0.0000 cnt 0.0000
epoch 67/100 step 340 | loss 0.0765 | det 0.0511 seg 0.0000 cnt 0.0000
epoch 67/100 step 360 | loss 0.0767 | det 0.0240 seg 0.0000 cnt 0.0000
epoch 67/100 | train 0.0760 | val det 0.2233 seg 0.0000 miou 0.0000 cnt 0.0000 dens 0.000000e+00 mae 0.0000 total_mae 0.0000 | ap50 0.7524 | selected det_ap50 0.752429
epoch 68/100 step 20 | loss 0.0827 | det 0.0109 seg 0.0000 cnt 0.0000
epoch 68/100 step 40 | loss 0.0703 | det 0.0752 seg 0.0000 cnt 0.0000
epoch 68/100 step 60 | loss 0.0647 | det 0.0219 seg 0.0000 cnt 0.0000
epoch 68/100 step 80 | loss 0.0669 | det 0.0829 seg 0.0000 cnt 0.0000
epoch 68/100 step 100 | loss 0.0613 | det 0.0465 seg 0.0000 cnt 0.0000
epoch 68/100 step 120 | loss 0.0613 | det 0.0397 seg 0.0000 cnt 0.0000
epoch 68/100 step 140 | loss 0.0595 | det 0.0251 seg 0.0000 cnt 0.0000
epoch 68/100 step 160 | loss 0.0587 | det 0.0780 seg 0.0000 cnt 0.0000
epoch 68/100 step 180 | loss 0.0582 | det 0.0786 seg 0.0000 cnt 0.0000
epoch 68/100 step 200 | loss 0.0590 | det 0.0307 seg 0.0000 cnt 0.0000
epoch 68/100 step 220 | loss 0.0591 | det 0.0276 seg 0.0000 cnt 0.0000
epoch 68/100 step 240 | loss 0.0635 | det 0.0710 seg 0.0000 cnt 0.0000
epoch 68/100 step 260 | loss 0.0673 | det 0.0513 seg 0.0000 cnt 0.0000
epoch 68/100 step 280 | loss 0.0678 | det 0.2222 seg 0.0000 cnt 0.0000
epoch 68/100 step 300 | loss 0.0696 | det 0.0159 seg 0.0000 cnt 0.0000
epoch 68/100 step 320 | loss 0.0709 | det 0.0351 seg 0.0000 cnt 0.0000
epoch 68/100 step 340 | loss 0.0693 | det 0.0499 seg 0.0000 cnt 0.0000
epoch 68/100 step 360 | loss 0.0693 | det 0.0335 seg 0.0000 cnt 0.0000
epoch 68/100 | train 0.0687 | val det 0.2230 seg 0.0000 miou 0.0000 cnt 0.0000 dens 0.000000e+00 mae 0.0000 total_mae 0.0000 | ap50 0.7501 | selected det_ap50 0.750071
epoch 69/100 step 20 | loss 0.1075 | det 0.0583 seg 0.0000 cnt 0.0000
epoch 69/100 step 40 | loss 0.0941 | det 0.0189 seg 0.0000 cnt 0.0000
epoch 69/100 step 60 | loss 0.0794 | det 0.1925 seg 0.0000 cnt 0.0000
epoch 69/100 step 80 | loss 0.0760 | det 0.0107 seg 0.0000 cnt 0.0000
epoch 69/100 step 100 | loss 0.0748 | det 0.1619 seg 0.0000 cnt 0.0000
epoch 69/100 step 120 | loss 0.0793 | det 0.0403 seg 0.0000 cnt 0.0000
epoch 69/100 step 140 | loss 0.0778 | det 0.0430 seg 0.0000 cnt 0.0000
epoch 69/100 step 160 | loss 0.0761 | det 0.1168 seg 0.0000 cnt 0.0000
epoch 69/100 step 180 | loss 0.0771 | det 0.0153 seg 0.0000 cnt 0.0000
epoch 69/100 step 200 | loss 0.0750 | det 0.0603 seg 0.0000 cnt 0.0000
epoch 69/100 step 220 | loss 0.0763 | det 0.0247 seg 0.0000 cnt 0.0000
epoch 69/100 step 240 | loss 0.0736 | det 0.0376 seg 0.0000 cnt 0.0000
epoch 69/100 step 260 | loss 0.0731 | det 0.0989 seg 0.0000 cnt 0.0000
epoch 69/100 step 280 | loss 0.0738 | det 0.0685 seg 0.0000 cnt 0.0000
epoch 69/100 step 300 | loss 0.0743 | det 0.0357 seg 0.0000 cnt 0.0000
epoch 69/100 step 320 | loss 0.0725 | det 0.0988 seg 0.0000 cnt 0.0000
epoch 69/100 step 340 | loss 0.0715 | det 0.3443 seg 0.0000 cnt 0.0000
epoch 69/100 step 360 | loss 0.0704 | det 0.3627 seg 0.0000 cnt 0.0000
epoch 69/100 | train 0.0703 | val det 0.2177 seg 0.0000 miou 0.0000 cnt 0.0000 dens 0.000000e+00 mae 0.0000 total_mae 0.0000 | ap50 0.7488 | selected det_ap50 0.748817
epoch 70/100 step 20 | loss 0.0869 | det 0.0400 seg 0.0000 cnt 0.0000
epoch 70/100 step 40 | loss 0.0943 | det 0.3187 seg 0.0000 cnt 0.0000
epoch 70/100 step 60 | loss 0.0853 | det 0.0220 seg 0.0000 cnt 0.0000
epoch 70/100 step 80 | loss 0.0862 | det 0.0106 seg 0.0000 cnt 0.0000
epoch 70/100 step 100 | loss 0.0842 | det 0.0791 seg 0.0000 cnt 0.0000
epoch 70/100 step 120 | loss 0.0838 | det 0.0297 seg 0.0000 cnt 0.0000
epoch 70/100 step 140 | loss 0.0794 | det 0.0279 seg 0.0000 cnt 0.0000
epoch 70/100 step 160 | loss 0.0797 | det 0.0184 seg 0.0000 cnt 0.0000
epoch 70/100 step 180 | loss 0.0755 | det 0.0475 seg 0.0000 cnt 0.0000
epoch 70/100 step 200 | loss 0.0743 | det 0.0428 seg 0.0000 cnt 0.0000
epoch 70/100 step 220 | loss 0.0730 | det 0.0425 seg 0.0000 cnt 0.0000
epoch 70/100 step 240 | loss 0.0717 | det 0.1210 seg 0.0000 cnt 0.0000
epoch 70/100 step 260 | loss 0.0744 | det 0.0142 seg 0.0000 cnt 0.0000
epoch 70/100 step 280 | loss 0.0736 | det 0.0253 seg 0.0000 cnt 0.0000
epoch 70/100 step 300 | loss 0.0722 | det 0.0231 seg 0.0000 cnt 0.0000
epoch 70/100 step 320 | loss 0.0714 | det 0.0236 seg 0.0000 cnt 0.0000
epoch 70/100 step 340 | loss 0.0705 | det 0.0180 seg 0.0000 cnt 0.0000
epoch 70/100 step 360 | loss 0.0731 | det 0.0241 seg 0.0000 cnt 0.0000
epoch 70/100 | train 0.0753 | val det 0.2221 seg 0.0000 miou 0.0000 cnt 0.0000 dens 0.000000e+00 mae 0.0000 total_mae 0.0000 | ap50 0.7475 | selected det_ap50 0.747539
epoch 71/100 step 20 | loss 0.0632 | det 0.0288 seg 0.0000 cnt 0.0000
epoch 71/100 step 40 | loss 0.0624 | det 0.0196 seg 0.0000 cnt 0.0000
epoch 71/100 step 60 | loss 0.0764 | det 0.1782 seg 0.0000 cnt 0.0000
epoch 71/100 step 80 | loss 0.0800 | det 0.0148 seg 0.0000 cnt 0.0000
epoch 71/100 step 100 | loss 0.0742 | det 0.0374 seg 0.0000 cnt 0.0000
epoch 71/100 step 120 | loss 0.0741 | det 0.2570 seg 0.0000 cnt 0.0000
epoch 71/100 step 140 | loss 0.0725 | det 0.0296 seg 0.0000 cnt 0.0000
epoch 71/100 step 160 | loss 0.0720 | det 0.0382 seg 0.0000 cnt 0.0000
epoch 71/100 step 180 | loss 0.0700 | det 0.0140 seg 0.0000 cnt 0.0000
epoch 71/100 step 200 | loss 0.0682 | det 0.0346 seg 0.0000 cnt 0.0000
epoch 71/100 step 220 | loss 0.0739 | det 0.0299 seg 0.0000 cnt 0.0000
epoch 71/100 step 240 | loss 0.0737 | det 0.0225 seg 0.0000 cnt 0.0000
epoch 71/100 step 260 | loss 0.0733 | det 0.0427 seg 0.0000 cnt 0.0000
epoch 71/100 step 280 | loss 0.0736 | det 0.0946 seg 0.0000 cnt 0.0000
epoch 71/100 step 300 | loss 0.0750 | det 0.0319 seg 0.0000 cnt 0.0000
epoch 71/100 step 320 | loss 0.0747 | det 0.0396 seg 0.0000 cnt 0.0000
epoch 71/100 step 340 | loss 0.0756 | det 0.0734 seg 0.0000 cnt 0.0000
epoch 71/100 step 360 | loss 0.0751 | det 0.0249 seg 0.0000 cnt 0.0000
epoch 71/100 | train 0.0743 | val det 0.2287 seg 0.0000 miou 0.0000 cnt 0.0000 dens 0.000000e+00 mae 0.0000 total_mae 0.0000 | ap50 0.7488 | selected det_ap50 0.748843
epoch 72/100 step 20 | loss 0.0409 | det 0.0664 seg 0.0000 cnt 0.0000
epoch 72/100 step 40 | loss 0.0435 | det 0.0864 seg 0.0000 cnt 0.0000
epoch 72/100 step 60 | loss 0.0496 | det 0.0571 seg 0.0000 cnt 0.0000
epoch 72/100 step 80 | loss 0.0591 | det 0.0878 seg 0.0000 cnt 0.0000
epoch 72/100 step 100 | loss 0.0615 | det 0.0399 seg 0.0000 cnt 0.0000
epoch 72/100 step 120 | loss 0.0616 | det 0.0894 seg 0.0000 cnt 0.0000
epoch 72/100 step 140 | loss 0.0659 | det 0.5049 seg 0.0000 cnt 0.0000
epoch 72/100 step 160 | loss 0.0711 | det 0.0844 seg 0.0000 cnt 0.0000
epoch 72/100 step 180 | loss 0.0696 | det 0.0502 seg 0.0000 cnt 0.0000
epoch 72/100 step 200 | loss 0.0689 | det 0.0505 seg 0.0000 cnt 0.0000
epoch 72/100 step 220 | loss 0.0691 | det 0.0108 seg 0.0000 cnt 0.0000
epoch 72/100 step 240 | loss 0.0695 | det 0.0689 seg 0.0000 cnt 0.0000
epoch 72/100 step 260 | loss 0.0684 | det 0.0549 seg 0.0000 cnt 0.0000
epoch 72/100 step 280 | loss 0.0681 | det 0.0422 seg 0.0000 cnt 0.0000
epoch 72/100 step 300 | loss 0.0677 | det 0.0751 seg 0.0000 cnt 0.0000
epoch 72/100 step 320 | loss 0.0680 | det 0.0215 seg 0.0000 cnt 0.0000
epoch 72/100 step 340 | loss 0.0670 | det 0.0355 seg 0.0000 cnt 0.0000
epoch 72/100 step 360 | loss 0.0682 | det 0.0375 seg 0.0000 cnt 0.0000
epoch 72/100 | train 0.0686 | val det 0.2357 seg 0.0000 miou 0.0000 cnt 0.0000 dens 0.000000e+00 mae 0.0000 total_mae 0.0000 | ap50 0.7517 | selected det_ap50 0.751708
epoch 73/100 step 20 | loss 0.0878 | det 0.0493 seg 0.0000 cnt 0.0000
epoch 73/100 step 40 | loss 0.0702 | det 0.0105 seg 0.0000 cnt 0.0000
epoch 73/100 step 60 | loss 0.0749 | det 0.0361 seg 0.0000 cnt 0.0000
epoch 73/100 step 80 | loss 0.0740 | det 0.0921 seg 0.0000 cnt 0.0000
epoch 73/100 step 100 | loss 0.0759 | det 0.0225 seg 0.0000 cnt 0.0000
epoch 73/100 step 120 | loss 0.0821 | det 0.0116 seg 0.0000 cnt 0.0000
epoch 73/100 step 140 | loss 0.0790 | det 0.0382 seg 0.0000 cnt 0.0000
epoch 73/100 step 160 | loss 0.0806 | det 0.0631 seg 0.0000 cnt 0.0000
epoch 73/100 step 180 | loss 0.0845 | det 0.0604 seg 0.0000 cnt 0.0000
epoch 73/100 step 200 | loss 0.0849 | det 0.1007 seg 0.0000 cnt 0.0000
epoch 73/100 step 220 | loss 0.0832 | det 0.0530 seg 0.0000 cnt 0.0000
epoch 73/100 step 240 | loss 0.0801 | det 0.2118 seg 0.0000 cnt 0.0000
epoch 73/100 step 260 | loss 0.0784 | det 0.0763 seg 0.0000 cnt 0.0000
epoch 73/100 step 280 | loss 0.0781 | det 0.0136 seg 0.0000 cnt 0.0000
epoch 73/100 step 300 | loss 0.0768 | det 0.0340 seg 0.0000 cnt 0.0000
epoch 73/100 step 320 | loss 0.0769 | det 0.0135 seg 0.0000 cnt 0.0000
epoch 73/100 step 340 | loss 0.0754 | det 0.0443 seg 0.0000 cnt 0.0000
epoch 73/100 step 360 | loss 0.0742 | det 0.0234 seg 0.0000 cnt 0.0000
epoch 73/100 | train 0.0742 | val det 0.2303 seg 0.0000 miou 0.0000 cnt 0.0000 dens 0.000000e+00 mae 0.0000 total_mae 0.0000 | ap50 0.7489 | selected det_ap50 0.748850
epoch 74/100 step 20 | loss 0.0630 | det 0.0218 seg 0.0000 cnt 0.0000
epoch 74/100 step 40 | loss 0.0732 | det 0.0210 seg 0.0000 cnt 0.0000
epoch 74/100 step 60 | loss 0.0785 | det 0.0455 seg 0.0000 cnt 0.0000
epoch 74/100 step 80 | loss 0.0733 | det 0.0567 seg 0.0000 cnt 0.0000
epoch 74/100 step 100 | loss 0.0702 | det 0.1744 seg 0.0000 cnt 0.0000
epoch 74/100 step 120 | loss 0.0795 | det 0.0113 seg 0.0000 cnt 0.0000
epoch 74/100 step 140 | loss 0.0759 | det 0.0127 seg 0.0000 cnt 0.0000
epoch 74/100 step 160 | loss 0.0747 | det 0.0168 seg 0.0000 cnt 0.0000
epoch 74/100 step 180 | loss 0.0734 | det 0.0407 seg 0.0000 cnt 0.0000
epoch 74/100 step 200 | loss 0.0704 | det 0.1663 seg 0.0000 cnt 0.0000
epoch 74/100 step 220 | loss 0.0695 | det 0.0308 seg 0.0000 cnt 0.0000
epoch 74/100 step 240 | loss 0.0714 | det 0.0796 seg 0.0000 cnt 0.0000
epoch 74/100 step 260 | loss 0.0738 | det 0.0726 seg 0.0000 cnt 0.0000
epoch 74/100 step 280 | loss 0.0728 | det 0.0590 seg 0.0000 cnt 0.0000
epoch 74/100 step 300 | loss 0.0717 | det 0.0326 seg 0.0000 cnt 0.0000
epoch 74/100 step 320 | loss 0.0711 | det 0.4629 seg 0.0000 cnt 0.0000
epoch 74/100 step 340 | loss 0.0716 | det 0.0917 seg 0.0000 cnt 0.0000
epoch 74/100 step 360 | loss 0.0734 | det 0.2362 seg 0.0000 cnt 0.0000
epoch 74/100 | train 0.0726 | val det 0.2318 seg 0.0000 miou 0.0000 cnt 0.0000 dens 0.000000e+00 mae 0.0000 total_mae 0.0000 | ap50 0.7538 | selected det_ap50 0.753786
[ckpt] new best cached (det_ap50 0.753786)
epoch 75/100 step 20 | loss 0.0563 | det 0.0580 seg 0.0000 cnt 0.0000
epoch 75/100 step 40 | loss 0.0589 | det 0.1631 seg 0.0000 cnt 0.0000
epoch 75/100 step 60 | loss 0.0537 | det 0.0400 seg 0.0000 cnt 0.0000
epoch 75/100 step 80 | loss 0.0546 | det 0.0201 seg 0.0000 cnt 0.0000
epoch 75/100 step 100 | loss 0.0530 | det 0.0248 seg 0.0000 cnt 0.0000
epoch 75/100 step 120 | loss 0.0528 | det 0.1075 seg 0.0000 cnt 0.0000
epoch 75/100 step 140 | loss 0.0559 | det 0.0142 seg 0.0000 cnt 0.0000
epoch 75/100 step 160 | loss 0.0542 | det 0.0682 seg 0.0000 cnt 0.0000
epoch 75/100 step 180 | loss 0.0529 | det 0.0710 seg 0.0000 cnt 0.0000
epoch 75/100 step 200 | loss 0.0565 | det 0.1935 seg 0.0000 cnt 0.0000
epoch 75/100 step 220 | loss 0.0557 | det 0.0168 seg 0.0000 cnt 0.0000
epoch 75/100 step 240 | loss 0.0561 | det 0.0234 seg 0.0000 cnt 0.0000
epoch 75/100 step 260 | loss 0.0572 | det 0.0163 seg 0.0000 cnt 0.0000
epoch 75/100 step 280 | loss 0.0580 | det 0.1103 seg 0.0000 cnt 0.0000
epoch 75/100 step 300 | loss 0.0604 | det 0.5144 seg 0.0000 cnt 0.0000
epoch 75/100 step 320 | loss 0.0634 | det 0.0219 seg 0.0000 cnt 0.0000
epoch 75/100 step 340 | loss 0.0625 | det 0.0187 seg 0.0000 cnt 0.0000
epoch 75/100 step 360 | loss 0.0633 | det 0.0145 seg 0.0000 cnt 0.0000
epoch 75/100 | train 0.0639 | val det 0.2409 seg 0.0000 miou 0.0000 cnt 0.0000 dens 0.000000e+00 mae 0.0000 total_mae 0.0000 | ap50 0.7482 | selected det_ap50 0.748190
epoch 76/100 step 20 | loss 0.0531 | det 0.0097 seg 0.0000 cnt 0.0000
epoch 76/100 step 40 | loss 0.0788 | det 0.3752 seg 0.0000 cnt 0.0000
epoch 76/100 step 60 | loss 0.0691 | det 0.1814 seg 0.0000 cnt 0.0000
epoch 76/100 step 80 | loss 0.0671 | det 0.0183 seg 0.0000 cnt 0.0000
epoch 76/100 step 100 | loss 0.0670 | det 0.3074 seg 0.0000 cnt 0.0000
epoch 76/100 step 120 | loss 0.0646 | det 0.0216 seg 0.0000 cnt 0.0000
epoch 76/100 step 140 | loss 0.0641 | det 0.0416 seg 0.0000 cnt 0.0000
epoch 76/100 step 160 | loss 0.0695 | det 0.0474 seg 0.0000 cnt 0.0000
epoch 76/100 step 180 | loss 0.0699 | det 0.0686 seg 0.0000 cnt 0.0000
epoch 76/100 step 200 | loss 0.0685 | det 0.0422 seg 0.0000 cnt 0.0000
epoch 76/100 step 220 | loss 0.0671 | det 0.0748 seg 0.0000 cnt 0.0000
epoch 76/100 step 240 | loss 0.0655 | det 0.0278 seg 0.0000 cnt 0.0000
epoch 76/100 step 260 | loss 0.0636 | det 0.0436 seg 0.0000 cnt 0.0000
epoch 76/100 step 280 | loss 0.0642 | det 0.4678 seg 0.0000 cnt 0.0000
epoch 76/100 step 300 | loss 0.0663 | det 0.0230 seg 0.0000 cnt 0.0000
epoch 76/100 step 320 | loss 0.0668 | det 0.0544 seg 0.0000 cnt 0.0000
epoch 76/100 step 340 | loss 0.0678 | det 0.0323 seg 0.0000 cnt 0.0000
epoch 76/100 step 360 | loss 0.0706 | det 0.0278 seg 0.0000 cnt 0.0000
epoch 76/100 | train 0.0710 | val det 0.2248 seg 0.0000 miou 0.0000 cnt 0.0000 dens 0.000000e+00 mae 0.0000 total_mae 0.0000 | ap50 0.7519 | selected det_ap50 0.751924
epoch 77/100 step 20 | loss 0.0727 | det 0.0744 seg 0.0000 cnt 0.0000
epoch 77/100 step 40 | loss 0.0770 | det 0.4598 seg 0.0000 cnt 0.0000
epoch 77/100 step 60 | loss 0.0800 | det 0.0658 seg 0.0000 cnt 0.0000
epoch 77/100 step 80 | loss 0.0782 | det 0.0136 seg 0.0000 cnt 0.0000
epoch 77/100 step 100 | loss 0.0812 | det 0.0337 seg 0.0000 cnt 0.0000
epoch 77/100 step 120 | loss 0.0779 | det 0.0179 seg 0.0000 cnt 0.0000
epoch 77/100 step 140 | loss 0.0766 | det 0.0896 seg 0.0000 cnt 0.0000
epoch 77/100 step 160 | loss 0.0762 | det 0.0332 seg 0.0000 cnt 0.0000
epoch 77/100 step 180 | loss 0.0737 | det 0.1981 seg 0.0000 cnt 0.0000
epoch 77/100 step 200 | loss 0.0736 | det 0.0203 seg 0.0000 cnt 0.0000
epoch 77/100 step 220 | loss 0.0739 | det 0.1836 seg 0.0000 cnt 0.0000
epoch 77/100 step 240 | loss 0.0729 | det 0.0174 seg 0.0000 cnt 0.0000
epoch 77/100 step 260 | loss 0.0720 | det 0.0692 seg 0.0000 cnt 0.0000
epoch 77/100 step 280 | loss 0.0714 | det 0.0249 seg 0.0000 cnt 0.0000
epoch 77/100 step 300 | loss 0.0698 | det 0.0292 seg 0.0000 cnt 0.0000
epoch 77/100 step 320 | loss 0.0717 | det 0.2351 seg 0.0000 cnt 0.0000
epoch 77/100 step 340 | loss 0.0700 | det 0.0979 seg 0.0000 cnt 0.0000
epoch 77/100 step 360 | loss 0.0701 | det 0.0737 seg 0.0000 cnt 0.0000
epoch 77/100 | train 0.0697 | val det 0.2208 seg 0.0000 miou 0.0000 cnt 0.0000 dens 0.000000e+00 mae 0.0000 total_mae 0.0000 | ap50 0.7534 | selected det_ap50 0.753399
epoch 78/100 step 20 | loss 0.0447 | det 0.0199 seg 0.0000 cnt 0.0000
epoch 78/100 step 40 | loss 0.0459 | det 0.0169 seg 0.0000 cnt 0.0000
epoch 78/100 step 60 | loss 0.0516 | det 0.0714 seg 0.0000 cnt 0.0000
epoch 78/100 step 80 | loss 0.0556 | det 0.0293 seg 0.0000 cnt 0.0000
epoch 78/100 step 100 | loss 0.0552 | det 0.0517 seg 0.0000 cnt 0.0000
epoch 78/100 step 120 | loss 0.0654 | det 0.1611 seg 0.0000 cnt 0.0000
epoch 78/100 step 140 | loss 0.0649 | det 0.0306 seg 0.0000 cnt 0.0000
epoch 78/100 step 160 | loss 0.0637 | det 0.0288 seg 0.0000 cnt 0.0000
epoch 78/100 step 180 | loss 0.0634 | det 0.0240 seg 0.0000 cnt 0.0000
epoch 78/100 step 200 | loss 0.0686 | det 0.0625 seg 0.0000 cnt 0.0000
epoch 78/100 step 220 | loss 0.0709 | det 0.2451 seg 0.0000 cnt 0.0000
epoch 78/100 step 240 | loss 0.0691 | det 0.1049 seg 0.0000 cnt 0.0000
epoch 78/100 step 260 | loss 0.0695 | det 0.0183 seg 0.0000 cnt 0.0000
epoch 78/100 step 280 | loss 0.0700 | det 0.0167 seg 0.0000 cnt 0.0000
epoch 78/100 step 300 | loss 0.0689 | det 0.0447 seg 0.0000 cnt 0.0000
epoch 78/100 step 320 | loss 0.0698 | det 0.1779 seg 0.0000 cnt 0.0000
epoch 78/100 step 340 | loss 0.0706 | det 0.0398 seg 0.0000 cnt 0.0000
epoch 78/100 step 360 | loss 0.0695 | det 0.0208 seg 0.0000 cnt 0.0000
epoch 78/100 | train 0.0688 | val det 0.2398 seg 0.0000 miou 0.0000 cnt 0.0000 dens 0.000000e+00 mae 0.0000 total_mae 0.0000 | ap50 0.7518 | selected det_ap50 0.751778
epoch 79/100 step 20 | loss 0.0710 | det 0.0142 seg 0.0000 cnt 0.0000
epoch 79/100 step 40 | loss 0.0688 | det 0.1524 seg 0.0000 cnt 0.0000
epoch 79/100 step 60 | loss 0.0739 | det 0.1241 seg 0.0000 cnt 0.0000
epoch 79/100 step 80 | loss 0.0763 | det 0.1453 seg 0.0000 cnt 0.0000
epoch 79/100 step 100 | loss 0.0713 | det 0.0128 seg 0.0000 cnt 0.0000
epoch 79/100 step 120 | loss 0.0647 | det 0.0224 seg 0.0000 cnt 0.0000
epoch 79/100 step 140 | loss 0.0720 | det 0.0656 seg 0.0000 cnt 0.0000
epoch 79/100 step 160 | loss 0.0795 | det 0.0618 seg 0.0000 cnt 0.0000
epoch 79/100 step 180 | loss 0.0751 | det 0.0372 seg 0.0000 cnt 0.0000
epoch 79/100 step 200 | loss 0.0751 | det 0.0079 seg 0.0000 cnt 0.0000
epoch 79/100 step 220 | loss 0.0738 | det 0.0253 seg 0.0000 cnt 0.0000
epoch 79/100 step 240 | loss 0.0746 | det 0.0204 seg 0.0000 cnt 0.0000
epoch 79/100 step 260 | loss 0.0721 | det 0.0319 seg 0.0000 cnt 0.0000
epoch 79/100 step 280 | loss 0.0723 | det 0.0420 seg 0.0000 cnt 0.0000
epoch 79/100 step 300 | loss 0.0716 | det 0.0533 seg 0.0000 cnt 0.0000
epoch 79/100 step 320 | loss 0.0697 | det 0.0232 seg 0.0000 cnt 0.0000
epoch 79/100 step 340 | loss 0.0692 | det 0.0224 seg 0.0000 cnt 0.0000
epoch 79/100 step 360 | loss 0.0675 | det 0.0099 seg 0.0000 cnt 0.0000
epoch 79/100 | train 0.0674 | val det 0.2459 seg 0.0000 miou 0.0000 cnt 0.0000 dens 0.000000e+00 mae 0.0000 total_mae 0.0000 | ap50 0.7480 | selected det_ap50 0.747995
epoch 80/100 step 20 | loss 0.0695 | det 0.0860 seg 0.0000 cnt 0.0000
epoch 80/100 step 40 | loss 0.0688 | det 0.1642 seg 0.0000 cnt 0.0000
epoch 80/100 step 60 | loss 0.0672 | det 0.1091 seg 0.0000 cnt 0.0000
epoch 80/100 step 80 | loss 0.0753 | det 0.0163 seg 0.0000 cnt 0.0000
epoch 80/100 step 100 | loss 0.0713 | det 0.0154 seg 0.0000 cnt 0.0000
epoch 80/100 step 120 | loss 0.0766 | det 0.0088 seg 0.0000 cnt 0.0000
epoch 80/100 step 140 | loss 0.0739 | det 0.0197 seg 0.0000 cnt 0.0000
epoch 80/100 step 160 | loss 0.0746 | det 0.1764 seg 0.0000 cnt 0.0000
epoch 80/100 step 180 | loss 0.0706 | det 0.0173 seg 0.0000 cnt 0.0000
epoch 80/100 step 200 | loss 0.0696 | det 0.2522 seg 0.0000 cnt 0.0000
epoch 80/100 step 220 | loss 0.0676 | det 0.0060 seg 0.0000 cnt 0.0000
epoch 80/100 step 240 | loss 0.0668 | det 0.0098 seg 0.0000 cnt 0.0000
epoch 80/100 step 260 | loss 0.0647 | det 0.0122 seg 0.0000 cnt 0.0000
epoch 80/100 step 280 | loss 0.0658 | det 0.2216 seg 0.0000 cnt 0.0000
epoch 80/100 step 300 | loss 0.0649 | det 0.0826 seg 0.0000 cnt 0.0000
epoch 80/100 step 320 | loss 0.0642 | det 0.0123 seg 0.0000 cnt 0.0000
epoch 80/100 step 340 | loss 0.0630 | det 0.0175 seg 0.0000 cnt 0.0000
epoch 80/100 step 360 | loss 0.0637 | det 0.0251 seg 0.0000 cnt 0.0000
epoch 80/100 | train 0.0638 | val det 0.2326 seg 0.0000 miou 0.0000 cnt 0.0000 dens 0.000000e+00 mae 0.0000 total_mae 0.0000 | ap50 0.7527 | selected det_ap50 0.752668
epoch 81/100 step 20 | loss 0.0709 | det 0.0177 seg 0.0000 cnt 0.0000
epoch 81/100 step 40 | loss 0.0633 | det 0.0727 seg 0.0000 cnt 0.0000
epoch 81/100 step 60 | loss 0.0649 | det 0.0241 seg 0.0000 cnt 0.0000
epoch 81/100 step 80 | loss 0.0574 | det 0.0116 seg 0.0000 cnt 0.0000
epoch 81/100 step 100 | loss 0.0547 | det 0.0364 seg 0.0000 cnt 0.0000
epoch 81/100 step 120 | loss 0.0548 | det 0.0544 seg 0.0000 cnt 0.0000
epoch 81/100 step 140 | loss 0.0560 | det 0.0495 seg 0.0000 cnt 0.0000
epoch 81/100 step 160 | loss 0.0583 | det 0.4365 seg 0.0000 cnt 0.0000
epoch 81/100 step 180 | loss 0.0604 | det 0.1529 seg 0.0000 cnt 0.0000
epoch 81/100 step 200 | loss 0.0626 | det 0.0406 seg 0.0000 cnt 0.0000
epoch 81/100 step 220 | loss 0.0629 | det 0.5025 seg 0.0000 cnt 0.0000
epoch 81/100 step 240 | loss 0.0630 | det 0.1156 seg 0.0000 cnt 0.0000
epoch 81/100 step 260 | loss 0.0652 | det 0.0165 seg 0.0000 cnt 0.0000
epoch 81/100 step 280 | loss 0.0650 | det 0.3732 seg 0.0000 cnt 0.0000
epoch 81/100 step 300 | loss 0.0642 | det 0.0225 seg 0.0000 cnt 0.0000
epoch 81/100 step 320 | loss 0.0653 | det 0.1972 seg 0.0000 cnt 0.0000
epoch 81/100 step 340 | loss 0.0642 | det 0.0284 seg 0.0000 cnt 0.0000
epoch 81/100 step 360 | loss 0.0641 | det 0.0513 seg 0.0000 cnt 0.0000
epoch 81/100 | train 0.0636 | val det 0.2390 seg 0.0000 miou 0.0000 cnt 0.0000 dens 0.000000e+00 mae 0.0000 total_mae 0.0000 | ap50 0.7501 | selected det_ap50 0.750094
epoch 82/100 step 20 | loss 0.0783 | det 0.1429 seg 0.0000 cnt 0.0000
epoch 82/100 step 40 | loss 0.0724 | det 0.1460 seg 0.0000 cnt 0.0000
epoch 82/100 step 60 | loss 0.0622 | det 0.0163 seg 0.0000 cnt 0.0000
epoch 82/100 step 80 | loss 0.0682 | det 0.0910 seg 0.0000 cnt 0.0000
epoch 82/100 step 100 | loss 0.0610 | det 0.0381 seg 0.0000 cnt 0.0000
epoch 82/100 step 120 | loss 0.0623 | det 0.0646 seg 0.0000 cnt 0.0000
epoch 82/100 step 140 | loss 0.0609 | det 0.1297 seg 0.0000 cnt 0.0000
epoch 82/100 step 160 | loss 0.0589 | det 0.0402 seg 0.0000 cnt 0.0000
epoch 82/100 step 180 | loss 0.0598 | det 0.0553 seg 0.0000 cnt 0.0000
epoch 82/100 step 200 | loss 0.0581 | det 0.0268 seg 0.0000 cnt 0.0000
epoch 82/100 step 220 | loss 0.0647 | det 0.0340 seg 0.0000 cnt 0.0000
epoch 82/100 step 240 | loss 0.0656 | det 0.1065 seg 0.0000 cnt 0.0000
epoch 82/100 step 260 | loss 0.0677 | det 0.0258 seg 0.0000 cnt 0.0000
epoch 82/100 step 280 | loss 0.0692 | det 0.2320 seg 0.0000 cnt 0.0000
epoch 82/100 step 300 | loss 0.0679 | det 0.0701 seg 0.0000 cnt 0.0000
epoch 82/100 step 320 | loss 0.0666 | det 0.0099 seg 0.0000 cnt 0.0000
epoch 82/100 step 340 | loss 0.0656 | det 0.0869 seg 0.0000 cnt 0.0000
epoch 82/100 step 360 | loss 0.0654 | det 0.0093 seg 0.0000 cnt 0.0000
epoch 82/100 | train 0.0678 | val det 0.2493 seg 0.0000 miou 0.0000 cnt 0.0000 dens 0.000000e+00 mae 0.0000 total_mae 0.0000 | ap50 0.7496 | selected det_ap50 0.749560
epoch 83/100 step 20 | loss 0.0492 | det 0.0585 seg 0.0000 cnt 0.0000
epoch 83/100 step 40 | loss 0.0470 | det 0.0144 seg 0.0000 cnt 0.0000
epoch 83/100 step 60 | loss 0.0528 | det 0.0080 seg 0.0000 cnt 0.0000
epoch 83/100 step 80 | loss 0.0529 | det 0.0148 seg 0.0000 cnt 0.0000
epoch 83/100 step 100 | loss 0.0637 | det 0.0395 seg 0.0000 cnt 0.0000
epoch 83/100 step 120 | loss 0.0660 | det 0.1526 seg 0.0000 cnt 0.0000
epoch 83/100 step 140 | loss 0.0632 | det 0.0271 seg 0.0000 cnt 0.0000
epoch 83/100 step 160 | loss 0.0618 | det 0.0557 seg 0.0000 cnt 0.0000
epoch 83/100 step 180 | loss 0.0598 | det 0.0137 seg 0.0000 cnt 0.0000
epoch 83/100 step 200 | loss 0.0626 | det 0.0497 seg 0.0000 cnt 0.0000
epoch 83/100 step 220 | loss 0.0610 | det 0.0397 seg 0.0000 cnt 0.0000
epoch 83/100 step 240 | loss 0.0606 | det 0.0279 seg 0.0000 cnt 0.0000
epoch 83/100 step 260 | loss 0.0597 | det 0.0589 seg 0.0000 cnt 0.0000
epoch 83/100 step 280 | loss 0.0596 | det 0.0153 seg 0.0000 cnt 0.0000
epoch 83/100 step 300 | loss 0.0603 | det 0.1463 seg 0.0000 cnt 0.0000
epoch 83/100 step 320 | loss 0.0634 | det 0.4947 seg 0.0000 cnt 0.0000
epoch 83/100 step 340 | loss 0.0649 | det 0.0274 seg 0.0000 cnt 0.0000
epoch 83/100 step 360 | loss 0.0638 | det 0.0500 seg 0.0000 cnt 0.0000
epoch 83/100 | train 0.0634 | val det 0.2422 seg 0.0000 miou 0.0000 cnt 0.0000 dens 0.000000e+00 mae 0.0000 total_mae 0.0000 | ap50 0.7536 | selected det_ap50 0.753636
epoch 84/100 step 20 | loss 0.0631 | det 0.0485 seg 0.0000 cnt 0.0000
epoch 84/100 step 40 | loss 0.0687 | det 0.3905 seg 0.0000 cnt 0.0000
epoch 84/100 step 60 | loss 0.0706 | det 0.0241 seg 0.0000 cnt 0.0000
epoch 84/100 step 80 | loss 0.0678 | det 0.0322 seg 0.0000 cnt 0.0000
epoch 84/100 step 100 | loss 0.0651 | det 0.0159 seg 0.0000 cnt 0.0000
epoch 84/100 step 120 | loss 0.0643 | det 0.0207 seg 0.0000 cnt 0.0000
epoch 84/100 step 140 | loss 0.0637 | det 0.1753 seg 0.0000 cnt 0.0000
epoch 84/100 step 160 | loss 0.0631 | det 0.2481 seg 0.0000 cnt 0.0000
epoch 84/100 step 180 | loss 0.0657 | det 0.0231 seg 0.0000 cnt 0.0000
epoch 84/100 step 200 | loss 0.0637 | det 0.0080 seg 0.0000 cnt 0.0000
epoch 84/100 step 220 | loss 0.0638 | det 0.0518 seg 0.0000 cnt 0.0000
epoch 84/100 step 240 | loss 0.0651 | det 0.2764 seg 0.0000 cnt 0.0000
epoch 84/100 step 260 | loss 0.0650 | det 0.0346 seg 0.0000 cnt 0.0000
epoch 84/100 step 280 | loss 0.0667 | det 0.0854 seg 0.0000 cnt 0.0000
epoch 84/100 step 300 | loss 0.0668 | det 0.0234 seg 0.0000 cnt 0.0000
epoch 84/100 step 320 | loss 0.0671 | det 0.0134 seg 0.0000 cnt 0.0000
epoch 84/100 step 340 | loss 0.0676 | det 0.0145 seg 0.0000 cnt 0.0000
epoch 84/100 step 360 | loss 0.0670 | det 0.0103 seg 0.0000 cnt 0.0000
epoch 84/100 | train 0.0673 | val det 0.2261 seg 0.0000 miou 0.0000 cnt 0.0000 dens 0.000000e+00 mae 0.0000 total_mae 0.0000 | ap50 0.7544 | selected det_ap50 0.754424
[ckpt] new best cached (det_ap50 0.754424)
epoch 85/100 step 20 | loss 0.0526 | det 0.0079 seg 0.0000 cnt 0.0000
epoch 85/100 step 40 | loss 0.0537 | det 0.0188 seg 0.0000 cnt 0.0000
epoch 85/100 step 60 | loss 0.0619 | det 0.0284 seg 0.0000 cnt 0.0000
epoch 85/100 step 80 | loss 0.0594 | det 0.0277 seg 0.0000 cnt 0.0000
epoch 85/100 step 100 | loss 0.0588 | det 0.1740 seg 0.0000 cnt 0.0000
epoch 85/100 step 120 | loss 0.0641 | det 0.0350 seg 0.0000 cnt 0.0000
epoch 85/100 step 140 | loss 0.0631 | det 0.2045 seg 0.0000 cnt 0.0000
epoch 85/100 step 160 | loss 0.0640 | det 0.0580 seg 0.0000 cnt 0.0000
epoch 85/100 step 180 | loss 0.0653 | det 0.0154 seg 0.0000 cnt 0.0000
epoch 85/100 step 200 | loss 0.0676 | det 0.0226 seg 0.0000 cnt 0.0000
epoch 85/100 step 220 | loss 0.0651 | det 0.0474 seg 0.0000 cnt 0.0000
epoch 85/100 step 240 | loss 0.0668 | det 0.0282 seg 0.0000 cnt 0.0000
epoch 85/100 step 260 | loss 0.0646 | det 0.0222 seg 0.0000 cnt 0.0000
epoch 85/100 step 280 | loss 0.0650 | det 0.0996 seg 0.0000 cnt 0.0000
epoch 85/100 step 300 | loss 0.0679 | det 0.2120 seg 0.0000 cnt 0.0000
epoch 85/100 step 320 | loss 0.0671 | det 0.0290 seg 0.0000 cnt 0.0000
epoch 85/100 step 340 | loss 0.0667 | det 0.0352 seg 0.0000 cnt 0.0000
epoch 85/100 step 360 | loss 0.0661 | det 0.0347 seg 0.0000 cnt 0.0000
epoch 85/100 | train 0.0656 | val det 0.2415 seg 0.0000 miou 0.0000 cnt 0.0000 dens 0.000000e+00 mae 0.0000 total_mae 0.0000 | ap50 0.7493 | selected det_ap50 0.749319
epoch 86/100 step 20 | loss 0.0816 | det 0.0576 seg 0.0000 cnt 0.0000
epoch 86/100 step 40 | loss 0.0816 | det 0.0430 seg 0.0000 cnt 0.0000
epoch 86/100 step 60 | loss 0.0704 | det 0.0455 seg 0.0000 cnt 0.0000
epoch 86/100 step 80 | loss 0.0631 | det 0.0518 seg 0.0000 cnt 0.0000
epoch 86/100 step 100 | loss 0.0598 | det 0.0080 seg 0.0000 cnt 0.0000
epoch 86/100 step 120 | loss 0.0608 | det 0.1339 seg 0.0000 cnt 0.0000
epoch 86/100 step 140 | loss 0.0639 | det 0.0815 seg 0.0000 cnt 0.0000
epoch 86/100 step 160 | loss 0.0637 | det 0.0318 seg 0.0000 cnt 0.0000
epoch 86/100 step 180 | loss 0.0627 | det 0.0149 seg 0.0000 cnt 0.0000
epoch 86/100 step 200 | loss 0.0620 | det 0.0312 seg 0.0000 cnt 0.0000
epoch 86/100 step 220 | loss 0.0606 | det 0.0554 seg 0.0000 cnt 0.0000
epoch 86/100 step 240 | loss 0.0591 | det 0.0263 seg 0.0000 cnt 0.0000
epoch 86/100 step 260 | loss 0.0577 | det 0.0301 seg 0.0000 cnt 0.0000
epoch 86/100 step 280 | loss 0.0587 | det 0.0131 seg 0.0000 cnt 0.0000
epoch 86/100 step 300 | loss 0.0585 | det 0.1207 seg 0.0000 cnt 0.0000
epoch 86/100 step 320 | loss 0.0607 | det 0.0320 seg 0.0000 cnt 0.0000
epoch 86/100 step 340 | loss 0.0610 | det 0.0064 seg 0.0000 cnt 0.0000
epoch 86/100 step 360 | loss 0.0607 | det 0.0110 seg 0.0000 cnt 0.0000
epoch 86/100 | train 0.0606 | val det 0.2381 seg 0.0000 miou 0.0000 cnt 0.0000 dens 0.000000e+00 mae 0.0000 total_mae 0.0000 | ap50 0.7509 | selected det_ap50 0.750914
epoch 87/100 step 20 | loss 0.0694 | det 0.1805 seg 0.0000 cnt 0.0000
epoch 87/100 step 40 | loss 0.0811 | det 0.0366 seg 0.0000 cnt 0.0000
epoch 87/100 step 60 | loss 0.0766 | det 0.0872 seg 0.0000 cnt 0.0000
epoch 87/100 step 80 | loss 0.0718 | det 0.1175 seg 0.0000 cnt 0.0000
epoch 87/100 step 100 | loss 0.0668 | det 0.0437 seg 0.0000 cnt 0.0000
epoch 87/100 step 120 | loss 0.0692 | det 0.0403 seg 0.0000 cnt 0.0000
epoch 87/100 step 140 | loss 0.0718 | det 0.0450 seg 0.0000 cnt 0.0000
epoch 87/100 step 160 | loss 0.0785 | det 0.0334 seg 0.0000 cnt 0.0000
epoch 87/100 step 180 | loss 0.0741 | det 0.0571 seg 0.0000 cnt 0.0000
epoch 87/100 step 200 | loss 0.0709 | det 0.0203 seg 0.0000 cnt 0.0000
epoch 87/100 step 220 | loss 0.0743 | det 0.0828 seg 0.0000 cnt 0.0000
epoch 87/100 step 240 | loss 0.0724 | det 0.0207 seg 0.0000 cnt 0.0000
epoch 87/100 step 260 | loss 0.0714 | det 0.0183 seg 0.0000 cnt 0.0000
epoch 87/100 step 280 | loss 0.0710 | det 0.0190 seg 0.0000 cnt 0.0000
epoch 87/100 step 300 | loss 0.0702 | det 0.2207 seg 0.0000 cnt 0.0000
epoch 87/100 step 320 | loss 0.0708 | det 0.0292 seg 0.0000 cnt 0.0000
epoch 87/100 step 340 | loss 0.0692 | det 0.0194 seg 0.0000 cnt 0.0000
epoch 87/100 step 360 | loss 0.0704 | det 0.0829 seg 0.0000 cnt 0.0000
epoch 87/100 | train 0.0712 | val det 0.2330 seg 0.0000 miou 0.0000 cnt 0.0000 dens 0.000000e+00 mae 0.0000 total_mae 0.0000 | ap50 0.7516 | selected det_ap50 0.751576
epoch 88/100 step 20 | loss 0.0719 | det 0.0976 seg 0.0000 cnt 0.0000
epoch 88/100 step 40 | loss 0.0612 | det 0.0313 seg 0.0000 cnt 0.0000
epoch 88/100 step 60 | loss 0.0556 | det 0.0150 seg 0.0000 cnt 0.0000
epoch 88/100 step 80 | loss 0.0831 | det 0.0187 seg 0.0000 cnt 0.0000
epoch 88/100 step 100 | loss 0.0871 | det 0.0073 seg 0.0000 cnt 0.0000
epoch 88/100 step 120 | loss 0.0866 | det 0.0266 seg 0.0000 cnt 0.0000
epoch 88/100 step 140 | loss 0.0797 | det 0.0620 seg 0.0000 cnt 0.0000
epoch 88/100 step 160 | loss 0.0799 | det 0.0587 seg 0.0000 cnt 0.0000
epoch 88/100 step 180 | loss 0.0756 | det 0.0057 seg 0.0000 cnt 0.0000
epoch 88/100 step 200 | loss 0.0741 | det 0.0210 seg 0.0000 cnt 0.0000
epoch 88/100 step 220 | loss 0.0730 | det 0.0610 seg 0.0000 cnt 0.0000
epoch 88/100 step 240 | loss 0.0723 | det 0.0356 seg 0.0000 cnt 0.0000
epoch 88/100 step 260 | loss 0.0700 | det 0.2254 seg 0.0000 cnt 0.0000
epoch 88/100 step 280 | loss 0.0672 | det 0.0234 seg 0.0000 cnt 0.0000
epoch 88/100 step 300 | loss 0.0679 | det 0.0121 seg 0.0000 cnt 0.0000
epoch 88/100 step 320 | loss 0.0676 | det 0.0129 seg 0.0000 cnt 0.0000
epoch 88/100 step 340 | loss 0.0663 | det 0.0176 seg 0.0000 cnt 0.0000
epoch 88/100 step 360 | loss 0.0676 | det 0.4226 seg 0.0000 cnt 0.0000
epoch 88/100 | train 0.0701 | val det 0.2410 seg 0.0000 miou 0.0000 cnt 0.0000 dens 0.000000e+00 mae 0.0000 total_mae 0.0000 | ap50 0.7513 | selected det_ap50 0.751279
epoch 89/100 step 20 | loss 0.0839 | det 0.0503 seg 0.0000 cnt 0.0000
epoch 89/100 step 40 | loss 0.0593 | det 0.0356 seg 0.0000 cnt 0.0000
epoch 89/100 step 60 | loss 0.0577 | det 0.0622 seg 0.0000 cnt 0.0000
epoch 89/100 step 80 | loss 0.0603 | det 0.0624 seg 0.0000 cnt 0.0000
epoch 89/100 step 100 | loss 0.0570 | det 0.0861 seg 0.0000 cnt 0.0000
epoch 89/100 step 120 | loss 0.0598 | det 0.0087 seg 0.0000 cnt 0.0000
epoch 89/100 step 140 | loss 0.0593 | det 0.0188 seg 0.0000 cnt 0.0000
epoch 89/100 step 160 | loss 0.0580 | det 0.0546 seg 0.0000 cnt 0.0000
epoch 89/100 step 180 | loss 0.0611 | det 0.2378 seg 0.0000 cnt 0.0000
epoch 89/100 step 200 | loss 0.0610 | det 0.0653 seg 0.0000 cnt 0.0000
epoch 89/100 step 220 | loss 0.0595 | det 0.0115 seg 0.0000 cnt 0.0000
epoch 89/100 step 240 | loss 0.0583 | det 0.0248 seg 0.0000 cnt 0.0000
epoch 89/100 step 260 | loss 0.0587 | det 0.3497 seg 0.0000 cnt 0.0000
epoch 89/100 step 280 | loss 0.0588 | det 0.0264 seg 0.0000 cnt 0.0000
epoch 89/100 step 300 | loss 0.0573 | det 0.0128 seg 0.0000 cnt 0.0000
epoch 89/100 step 320 | loss 0.0563 | det 0.0194 seg 0.0000 cnt 0.0000
epoch 89/100 step 340 | loss 0.0558 | det 0.0590 seg 0.0000 cnt 0.0000
epoch 89/100 step 360 | loss 0.0553 | det 0.0095 seg 0.0000 cnt 0.0000
epoch 89/100 | train 0.0559 | val det 0.2558 seg 0.0000 miou 0.0000 cnt 0.0000 dens 0.000000e+00 mae 0.0000 total_mae 0.0000 | ap50 0.7522 | selected det_ap50 0.752246
epoch 90/100 step 20 | loss 0.0617 | det 0.0437 seg 0.0000 cnt 0.0000
epoch 90/100 step 40 | loss 0.0662 | det 0.0252 seg 0.0000 cnt 0.0000
epoch 90/100 step 60 | loss 0.0678 | det 0.0199 seg 0.0000 cnt 0.0000
epoch 90/100 step 80 | loss 0.0616 | det 0.0778 seg 0.0000 cnt 0.0000
epoch 90/100 step 100 | loss 0.0563 | det 0.0342 seg 0.0000 cnt 0.0000
epoch 90/100 step 120 | loss 0.0601 | det 0.0396 seg 0.0000 cnt 0.0000
epoch 90/100 step 140 | loss 0.0596 | det 0.0177 seg 0.0000 cnt 0.0000
epoch 90/100 step 160 | loss 0.0643 | det 0.0528 seg 0.0000 cnt 0.0000
epoch 90/100 step 180 | loss 0.0624 | det 0.0106 seg 0.0000 cnt 0.0000
epoch 90/100 step 200 | loss 0.0612 | det 0.0319 seg 0.0000 cnt 0.0000
epoch 90/100 step 220 | loss 0.0633 | det 0.0130 seg 0.0000 cnt 0.0000
epoch 90/100 step 240 | loss 0.0628 | det 0.0841 seg 0.0000 cnt 0.0000
epoch 90/100 step 260 | loss 0.0612 | det 0.0311 seg 0.0000 cnt 0.0000
epoch 90/100 step 280 | loss 0.0622 | det 0.3082 seg 0.0000 cnt 0.0000
epoch 90/100 step 300 | loss 0.0602 | det 0.0098 seg 0.0000 cnt 0.0000
epoch 90/100 step 320 | loss 0.0615 | det 0.0153 seg 0.0000 cnt 0.0000
epoch 90/100 step 340 | loss 0.0605 | det 0.0686 seg 0.0000 cnt 0.0000
epoch 90/100 step 360 | loss 0.0604 | det 0.0131 seg 0.0000 cnt 0.0000
epoch 90/100 | train 0.0611 | val det 0.2416 seg 0.0000 miou 0.0000 cnt 0.0000 dens 0.000000e+00 mae 0.0000 total_mae 0.0000 | ap50 0.7495 | selected det_ap50 0.749518
epoch 91/100 step 20 | loss 0.0329 | det 0.0494 seg 0.0000 cnt 0.0000
epoch 91/100 step 40 | loss 0.0628 | det 0.2287 seg 0.0000 cnt 0.0000
epoch 91/100 step 60 | loss 0.0735 | det 0.0965 seg 0.0000 cnt 0.0000
epoch 91/100 step 80 | loss 0.0654 | det 0.0382 seg 0.0000 cnt 0.0000
epoch 91/100 step 100 | loss 0.0648 | det 0.0820 seg 0.0000 cnt 0.0000
epoch 91/100 step 120 | loss 0.0612 | det 0.0611 seg 0.0000 cnt 0.0000
epoch 91/100 step 140 | loss 0.0632 | det 0.0121 seg 0.0000 cnt 0.0000
epoch 91/100 step 160 | loss 0.0597 | det 0.0580 seg 0.0000 cnt 0.0000
epoch 91/100 step 180 | loss 0.0572 | det 0.0747 seg 0.0000 cnt 0.0000
epoch 91/100 step 200 | loss 0.0563 | det 0.0296 seg 0.0000 cnt 0.0000
epoch 91/100 step 220 | loss 0.0555 | det 0.0249 seg 0.0000 cnt 0.0000
epoch 91/100 step 240 | loss 0.0545 | det 0.0152 seg 0.0000 cnt 0.0000
epoch 91/100 step 260 | loss 0.0550 | det 0.0249 seg 0.0000 cnt 0.0000
epoch 91/100 step 280 | loss 0.0560 | det 0.1866 seg 0.0000 cnt 0.0000
epoch 91/100 step 300 | loss 0.0571 | det 0.0519 seg 0.0000 cnt 0.0000
epoch 91/100 step 320 | loss 0.0573 | det 0.0133 seg 0.0000 cnt 0.0000
epoch 91/100 step 340 | loss 0.0586 | det 0.0285 seg 0.0000 cnt 0.0000
epoch 91/100 step 360 | loss 0.0584 | det 0.0400 seg 0.0000 cnt 0.0000
epoch 91/100 | train 0.0581 | val det 0.2387 seg 0.0000 miou 0.0000 cnt 0.0000 dens 0.000000e+00 mae 0.0000 total_mae 0.0000 | ap50 0.7541 | selected det_ap50 0.754148
epoch 92/100 step 20 | loss 0.0966 | det 0.4684 seg 0.0000 cnt 0.0000
epoch 92/100 step 40 | loss 0.0926 | det 0.0342 seg 0.0000 cnt 0.0000
epoch 92/100 step 60 | loss 0.0850 | det 0.0214 seg 0.0000 cnt 0.0000
epoch 92/100 step 80 | loss 0.0801 | det 0.0477 seg 0.0000 cnt 0.0000
epoch 92/100 step 100 | loss 0.0712 | det 0.0154 seg 0.0000 cnt 0.0000
epoch 92/100 step 120 | loss 0.0677 | det 0.0315 seg 0.0000 cnt 0.0000
epoch 92/100 step 140 | loss 0.0687 | det 0.0317 seg 0.0000 cnt 0.0000
epoch 92/100 step 160 | loss 0.0651 | det 0.0232 seg 0.0000 cnt 0.0000
epoch 92/100 step 180 | loss 0.0676 | det 0.0444 seg 0.0000 cnt 0.0000
epoch 92/100 step 200 | loss 0.0693 | det 0.0293 seg 0.0000 cnt 0.0000
epoch 92/100 step 220 | loss 0.0692 | det 0.0411 seg 0.0000 cnt 0.0000
epoch 92/100 step 240 | loss 0.0697 | det 0.0337 seg 0.0000 cnt 0.0000
epoch 92/100 step 260 | loss 0.0680 | det 0.0177 seg 0.0000 cnt 0.0000
epoch 92/100 step 280 | loss 0.0668 | det 0.0333 seg 0.0000 cnt 0.0000
epoch 92/100 step 300 | loss 0.0676 | det 0.1582 seg 0.0000 cnt 0.0000
epoch 92/100 step 320 | loss 0.0670 | det 0.0300 seg 0.0000 cnt 0.0000
epoch 92/100 step 340 | loss 0.0673 | det 0.0378 seg 0.0000 cnt 0.0000
epoch 92/100 step 360 | loss 0.0659 | det 0.0332 seg 0.0000 cnt 0.0000
epoch 92/100 | train 0.0651 | val det 0.2530 seg 0.0000 miou 0.0000 cnt 0.0000 dens 0.000000e+00 mae 0.0000 total_mae 0.0000 | ap50 0.7484 | selected det_ap50 0.748426
epoch 93/100 step 20 | loss 0.1098 | det 0.4412 seg 0.0000 cnt 0.0000
epoch 93/100 step 40 | loss 0.0762 | det 0.1046 seg 0.0000 cnt 0.0000
epoch 93/100 step 60 | loss 0.0651 | det 0.0105 seg 0.0000 cnt 0.0000
epoch 93/100 step 80 | loss 0.0688 | det 0.0280 seg 0.0000 cnt 0.0000
epoch 93/100 step 100 | loss 0.0673 | det 0.0501 seg 0.0000 cnt 0.0000
epoch 93/100 step 120 | loss 0.0658 | det 0.0329 seg 0.0000 cnt 0.0000
epoch 93/100 step 140 | loss 0.0648 | det 0.0649 seg 0.0000 cnt 0.0000
epoch 93/100 step 160 | loss 0.0638 | det 0.0172 seg 0.0000 cnt 0.0000
epoch 93/100 step 180 | loss 0.0625 | det 0.0311 seg 0.0000 cnt 0.0000
epoch 93/100 step 200 | loss 0.0623 | det 0.0143 seg 0.0000 cnt 0.0000
epoch 93/100 step 220 | loss 0.0604 | det 0.0040 seg 0.0000 cnt 0.0000
epoch 93/100 step 240 | loss 0.0586 | det 0.0341 seg 0.0000 cnt 0.0000
epoch 93/100 step 260 | loss 0.0570 | det 0.0280 seg 0.0000 cnt 0.0000
epoch 93/100 step 280 | loss 0.0573 | det 0.2582 seg 0.0000 cnt 0.0000
epoch 93/100 step 300 | loss 0.0564 | det 0.0338 seg 0.0000 cnt 0.0000
epoch 93/100 step 320 | loss 0.0561 | det 0.0129 seg 0.0000 cnt 0.0000
epoch 93/100 step 340 | loss 0.0560 | det 0.0292 seg 0.0000 cnt 0.0000
epoch 93/100 step 360 | loss 0.0554 | det 0.0348 seg 0.0000 cnt 0.0000
epoch 93/100 | train 0.0563 | val det 0.2362 seg 0.0000 miou 0.0000 cnt 0.0000 dens 0.000000e+00 mae 0.0000 total_mae 0.0000 | ap50 0.7479 | selected det_ap50 0.747884
epoch 94/100 step 20 | loss 0.0302 | det 0.0338 seg 0.0000 cnt 0.0000
epoch 94/100 step 40 | loss 0.0502 | det 0.1610 seg 0.0000 cnt 0.0000
epoch 94/100 step 60 | loss 0.0561 | det 0.1751 seg 0.0000 cnt 0.0000
epoch 94/100 step 80 | loss 0.0544 | det 0.0152 seg 0.0000 cnt 0.0000
epoch 94/100 step 100 | loss 0.0592 | det 0.0169 seg 0.0000 cnt 0.0000
epoch 94/100 step 120 | loss 0.0667 | det 0.0159 seg 0.0000 cnt 0.0000
epoch 94/100 step 140 | loss 0.0626 | det 0.0294 seg 0.0000 cnt 0.0000
epoch 94/100 step 160 | loss 0.0600 | det 0.0808 seg 0.0000 cnt 0.0000
epoch 94/100 step 180 | loss 0.0586 | det 0.0199 seg 0.0000 cnt 0.0000
epoch 94/100 step 200 | loss 0.0618 | det 0.4562 seg 0.0000 cnt 0.0000
epoch 94/100 step 220 | loss 0.0637 | det 0.0253 seg 0.0000 cnt 0.0000
epoch 94/100 step 240 | loss 0.0638 | det 0.0355 seg 0.0000 cnt 0.0000
epoch 94/100 step 260 | loss 0.0624 | det 0.0261 seg 0.0000 cnt 0.0000
epoch 94/100 step 280 | loss 0.0613 | det 0.0822 seg 0.0000 cnt 0.0000
epoch 94/100 step 300 | loss 0.0632 | det 0.3144 seg 0.0000 cnt 0.0000
epoch 94/100 step 320 | loss 0.0619 | det 0.0219 seg 0.0000 cnt 0.0000
epoch 94/100 step 340 | loss 0.0629 | det 0.2458 seg 0.0000 cnt 0.0000
epoch 94/100 step 360 | loss 0.0643 | det 0.0228 seg 0.0000 cnt 0.0000
epoch 94/100 | train 0.0638 | val det 0.2457 seg 0.0000 miou 0.0000 cnt 0.0000 dens 0.000000e+00 mae 0.0000 total_mae 0.0000 | ap50 0.7499 | selected det_ap50 0.749923
epoch 95/100 step 20 | loss 0.0726 | det 0.0643 seg 0.0000 cnt 0.0000
epoch 95/100 step 40 | loss 0.0641 | det 0.0444 seg 0.0000 cnt 0.0000
epoch 95/100 step 60 | loss 0.0687 | det 0.0772 seg 0.0000 cnt 0.0000
epoch 95/100 step 80 | loss 0.0615 | det 0.0180 seg 0.0000 cnt 0.0000
epoch 95/100 step 100 | loss 0.0619 | det 0.0253 seg 0.0000 cnt 0.0000
epoch 95/100 step 120 | loss 0.0611 | det 0.0302 seg 0.0000 cnt 0.0000
epoch 95/100 step 140 | loss 0.0592 | det 0.0255 seg 0.0000 cnt 0.0000
epoch 95/100 step 160 | loss 0.0580 | det 0.0110 seg 0.0000 cnt 0.0000
epoch 95/100 step 180 | loss 0.0592 | det 0.0057 seg 0.0000 cnt 0.0000
epoch 95/100 step 200 | loss 0.0599 | det 0.0417 seg 0.0000 cnt 0.0000
epoch 95/100 step 220 | loss 0.0601 | det 0.0201 seg 0.0000 cnt 0.0000
epoch 95/100 step 240 | loss 0.0591 | det 0.0748 seg 0.0000 cnt 0.0000
epoch 95/100 step 260 | loss 0.0603 | det 0.0334 seg 0.0000 cnt 0.0000
epoch 95/100 step 280 | loss 0.0604 | det 0.0132 seg 0.0000 cnt 0.0000
epoch 95/100 step 300 | loss 0.0605 | det 0.0380 seg 0.0000 cnt 0.0000
epoch 95/100 step 320 | loss 0.0640 | det 0.2090 seg 0.0000 cnt 0.0000
epoch 95/100 step 340 | loss 0.0649 | det 0.0415 seg 0.0000 cnt 0.0000
epoch 95/100 step 360 | loss 0.0631 | det 0.0333 seg 0.0000 cnt 0.0000
epoch 95/100 | train 0.0634 | val det 0.2424 seg 0.0000 miou 0.0000 cnt 0.0000 dens 0.000000e+00 mae 0.0000 total_mae 0.0000 | ap50 0.7521 | selected det_ap50 0.752071
epoch 96/100 step 20 | loss 0.0722 | det 0.2978 seg 0.0000 cnt 0.0000
epoch 96/100 step 40 | loss 0.0512 | det 0.0213 seg 0.0000 cnt 0.0000
epoch 96/100 step 60 | loss 0.0532 | det 0.0102 seg 0.0000 cnt 0.0000
epoch 96/100 step 80 | loss 0.0529 | det 0.0477 seg 0.0000 cnt 0.0000
epoch 96/100 step 100 | loss 0.0519 | det 0.0620 seg 0.0000 cnt 0.0000
epoch 96/100 step 120 | loss 0.0530 | det 0.0185 seg 0.0000 cnt 0.0000
epoch 96/100 step 140 | loss 0.0540 | det 0.0100 seg 0.0000 cnt 0.0000
epoch 96/100 step 160 | loss 0.0530 | det 0.0114 seg 0.0000 cnt 0.0000
epoch 96/100 step 180 | loss 0.0548 | det 0.0459 seg 0.0000 cnt 0.0000
epoch 96/100 step 200 | loss 0.0554 | det 0.0298 seg 0.0000 cnt 0.0000
epoch 96/100 step 220 | loss 0.0576 | det 0.0175 seg 0.0000 cnt 0.0000
epoch 96/100 step 240 | loss 0.0552 | det 0.0479 seg 0.0000 cnt 0.0000
epoch 96/100 step 260 | loss 0.0539 | det 0.0181 seg 0.0000 cnt 0.0000
epoch 96/100 step 280 | loss 0.0538 | det 0.0348 seg 0.0000 cnt 0.0000
epoch 96/100 step 300 | loss 0.0551 | det 0.0200 seg 0.0000 cnt 0.0000
epoch 96/100 step 320 | loss 0.0553 | det 0.0077 seg 0.0000 cnt 0.0000
epoch 96/100 step 340 | loss 0.0552 | det 0.0145 seg 0.0000 cnt 0.0000
epoch 96/100 step 360 | loss 0.0557 | det 0.1521 seg 0.0000 cnt 0.0000
epoch 96/100 | train 0.0556 | val det 0.2287 seg 0.0000 miou 0.0000 cnt 0.0000 dens 0.000000e+00 mae 0.0000 total_mae 0.0000 | ap50 0.7543 | selected det_ap50 0.754309
epoch 97/100 step 20 | loss 0.0572 | det 0.0208 seg 0.0000 cnt 0.0000
epoch 97/100 step 40 | loss 0.0581 | det 0.0517 seg 0.0000 cnt 0.0000
epoch 97/100 step 60 | loss 0.0559 | det 0.0178 seg 0.0000 cnt 0.0000
epoch 97/100 step 80 | loss 0.0611 | det 0.0539 seg 0.0000 cnt 0.0000
epoch 97/100 step 100 | loss 0.0651 | det 0.0034 seg 0.0000 cnt 0.0000
epoch 97/100 step 120 | loss 0.0627 | det 0.0268 seg 0.0000 cnt 0.0000
epoch 97/100 step 140 | loss 0.0604 | det 0.0298 seg 0.0000 cnt 0.0000
epoch 97/100 step 160 | loss 0.0574 | det 0.0394 seg 0.0000 cnt 0.0000
epoch 97/100 step 180 | loss 0.0581 | det 0.0527 seg 0.0000 cnt 0.0000
epoch 97/100 step 200 | loss 0.0595 | det 0.1379 seg 0.0000 cnt 0.0000
epoch 97/100 step 220 | loss 0.0622 | det 0.0291 seg 0.0000 cnt 0.0000
epoch 97/100 step 240 | loss 0.0615 | det 0.0078 seg 0.0000 cnt 0.0000
epoch 97/100 step 260 | loss 0.0643 | det 0.0632 seg 0.0000 cnt 0.0000
epoch 97/100 step 280 | loss 0.0633 | det 0.0155 seg 0.0000 cnt 0.0000
epoch 97/100 step 300 | loss 0.0619 | det 0.0846 seg 0.0000 cnt 0.0000
epoch 97/100 step 320 | loss 0.0631 | det 0.0493 seg 0.0000 cnt 0.0000
epoch 97/100 step 340 | loss 0.0623 | det 0.0191 seg 0.0000 cnt 0.0000
epoch 97/100 step 360 | loss 0.0613 | det 0.0157 seg 0.0000 cnt 0.0000
epoch 97/100 | train 0.0613 | val det 0.2514 seg 0.0000 miou 0.0000 cnt 0.0000 dens 0.000000e+00 mae 0.0000 total_mae 0.0000 | ap50 0.7499 | selected det_ap50 0.749860
epoch 98/100 step 20 | loss 0.0649 | det 0.0258 seg 0.0000 cnt 0.0000
epoch 98/100 step 40 | loss 0.0525 | det 0.0472 seg 0.0000 cnt 0.0000
epoch 98/100 step 60 | loss 0.0514 | det 0.1832 seg 0.0000 cnt 0.0000
epoch 98/100 step 80 | loss 0.0500 | det 0.0194 seg 0.0000 cnt 0.0000
epoch 98/100 step 100 | loss 0.0542 | det 0.0289 seg 0.0000 cnt 0.0000
epoch 98/100 step 120 | loss 0.0584 | det 0.0391 seg 0.0000 cnt 0.0000
epoch 98/100 step 140 | loss 0.0568 | det 0.0152 seg 0.0000 cnt 0.0000
epoch 98/100 step 160 | loss 0.0594 | det 0.2454 seg 0.0000 cnt 0.0000
epoch 98/100 step 180 | loss 0.0577 | det 0.0175 seg 0.0000 cnt 0.0000
epoch 98/100 step 200 | loss 0.0610 | det 0.0177 seg 0.0000 cnt 0.0000
epoch 98/100 step 220 | loss 0.0608 | det 0.0662 seg 0.0000 cnt 0.0000
epoch 98/100 step 240 | loss 0.0599 | det 0.1155 seg 0.0000 cnt 0.0000
epoch 98/100 step 260 | loss 0.0599 | det 0.1578 seg 0.0000 cnt 0.0000
epoch 98/100 step 280 | loss 0.0601 | det 0.0203 seg 0.0000 cnt 0.0000
epoch 98/100 step 300 | loss 0.0583 | det 0.0234 seg 0.0000 cnt 0.0000
epoch 98/100 step 320 | loss 0.0568 | det 0.0380 seg 0.0000 cnt 0.0000
epoch 98/100 step 340 | loss 0.0573 | det 0.0303 seg 0.0000 cnt 0.0000
epoch 98/100 step 360 | loss 0.0574 | det 0.0131 seg 0.0000 cnt 0.0000
epoch 98/100 | train 0.0568 | val det 0.2393 seg 0.0000 miou 0.0000 cnt 0.0000 dens 0.000000e+00 mae 0.0000 total_mae 0.0000 | ap50 0.7528 | selected det_ap50 0.752757
epoch 99/100 step 20 | loss 0.0854 | det 0.0105 seg 0.0000 cnt 0.0000
epoch 99/100 step 40 | loss 0.0615 | det 0.0131 seg 0.0000 cnt 0.0000
epoch 99/100 step 60 | loss 0.0630 | det 0.0092 seg 0.0000 cnt 0.0000
epoch 99/100 step 80 | loss 0.0583 | det 0.0067 seg 0.0000 cnt 0.0000
epoch 99/100 step 100 | loss 0.0551 | det 0.0759 seg 0.0000 cnt 0.0000
epoch 99/100 step 120 | loss 0.0597 | det 0.0155 seg 0.0000 cnt 0.0000
epoch 99/100 step 140 | loss 0.0657 | det 0.0198 seg 0.0000 cnt 0.0000
epoch 99/100 step 160 | loss 0.0651 | det 0.0788 seg 0.0000 cnt 0.0000
epoch 99/100 step 180 | loss 0.0654 | det 0.0180 seg 0.0000 cnt 0.0000
epoch 99/100 step 200 | loss 0.0632 | det 0.0743 seg 0.0000 cnt 0.0000
epoch 99/100 step 220 | loss 0.0633 | det 0.0331 seg 0.0000 cnt 0.0000
epoch 99/100 step 240 | loss 0.0610 | det 0.0156 seg 0.0000 cnt 0.0000
epoch 99/100 step 260 | loss 0.0594 | det 0.0113 seg 0.0000 cnt 0.0000
epoch 99/100 step 280 | loss 0.0595 | det 0.0542 seg 0.0000 cnt 0.0000
epoch 99/100 step 300 | loss 0.0585 | det 0.0239 seg 0.0000 cnt 0.0000
epoch 99/100 step 320 | loss 0.0571 | det 0.0543 seg 0.0000 cnt 0.0000
epoch 99/100 step 340 | loss 0.0572 | det 0.0698 seg 0.0000 cnt 0.0000
epoch 99/100 step 360 | loss 0.0569 | det 0.0451 seg 0.0000 cnt 0.0000
epoch 99/100 | train 0.0574 | val det 0.2489 seg 0.0000 miou 0.0000 cnt 0.0000 dens 0.000000e+00 mae 0.0000 total_mae 0.0000 | ap50 0.7510 | selected det_ap50 0.750995
epoch 100/100 step 20 | loss 0.0921 | det 0.0230 seg 0.0000 cnt 0.0000
epoch 100/100 step 40 | loss 0.0859 | det 0.0289 seg 0.0000 cnt 0.0000
epoch 100/100 step 60 | loss 0.0799 | det 0.0225 seg 0.0000 cnt 0.0000
epoch 100/100 step 80 | loss 0.0794 | det 0.1710 seg 0.0000 cnt 0.0000
epoch 100/100 step 100 | loss 0.0712 | det 0.0163 seg 0.0000 cnt 0.0000
epoch 100/100 step 120 | loss 0.0752 | det 0.0109 seg 0.0000 cnt 0.0000
epoch 100/100 step 140 | loss 0.0736 | det 0.0286 seg 0.0000 cnt 0.0000
epoch 100/100 step 160 | loss 0.0732 | det 0.0306 seg 0.0000 cnt 0.0000
epoch 100/100 step 180 | loss 0.0725 | det 0.0270 seg 0.0000 cnt 0.0000
epoch 100/100 step 200 | loss 0.0709 | det 0.4433 seg 0.0000 cnt 0.0000
epoch 100/100 step 220 | loss 0.0712 | det 0.0158 seg 0.0000 cnt 0.0000
epoch 100/100 step 240 | loss 0.0707 | det 0.0061 seg 0.0000 cnt 0.0000
epoch 100/100 step 260 | loss 0.0692 | det 0.0393 seg 0.0000 cnt 0.0000
epoch 100/100 step 280 | loss 0.0678 | det 0.0863 seg 0.0000 cnt 0.0000
epoch 100/100 step 300 | loss 0.0657 | det 0.0140 seg 0.0000 cnt 0.0000
epoch 100/100 step 320 | loss 0.0663 | det 0.1674 seg 0.0000 cnt 0.0000
epoch 100/100 step 340 | loss 0.0655 | det 0.0058 seg 0.0000 cnt 0.0000
epoch 100/100 step 360 | loss 0.0644 | det 0.0598 seg 0.0000 cnt 0.0000
epoch 100/100 | train 0.0648 | val det 0.2376 seg 0.0000 miou 0.0000 cnt 0.0000 dens 0.000000e+00 mae 0.0000 total_mae 0.0000 | ap50 0.7476 | selected det_ap50 0.747647
[ckpt] saved best -> runs/single_tasks_100per/det/best_combo.pt (det_ap50 0.754424)
[run] project: /data/xiangyuyue/ULLM-zf/fsl-20260209
[run] ckpt: /data/xiangyuyue/ULLM-zf/fsl-20260209/runs/single_tasks_100per/det/best_combo.pt
[run] stats: /data/xiangyuyue/ULLM-zf/fsl-20260209/runs/single_tasks_100per/det/stats_eval_best_combo_20260420_174328
[run] cmd: /data/xiangyuyue/ULLM-zf/fsl-20260209/miniconda3/envs/fsl/bin/python -m lora_multitask.eval --checkpoint /data/xiangyuyue/ULLM-zf/fsl-20260209/runs/single_tasks_100per/det/best_combo.pt --tasks det --stats-dir /data/xiangyuyue/ULLM-zf/fsl-20260209/runs/single_tasks_100per/det/stats_eval_best_combo_20260420_174328 --device cuda --image-size 448 --model-name dinov3_vitl16 --det-data-root /data/xiangyuyue/ULLM-zf/fsl-20260209/data/det/coco --det-ann-file /data/xiangyuyue/ULLM-zf/fsl-20260209/data/det/coco/annotations/instances_test.json --det-img-dir /data/xiangyuyue/ULLM-zf/fsl-20260209/data/det/coco/images/test --det-backbone-checkpoint /data/xiangyuyue/ULLM-zf/fsl-20260209/dinov3_vitl16_pretrain_lvd1689m-8aa4cbdd.pth --det-score-thr 0 --seg-data-dir /data/xiangyuyue/ULLM-zf/fsl-20260209/data/seg/nas/liyangguang103/newdataset/CD-SematicSeg/EvLab-SS/mydataset/test --seg-backbone-checkpoint /data/xiangyuyue/ULLM-zf/fsl-20260209/dinov3_vitl16_pretrain_lvd1689m-8aa4cbdd.pth --cnt-data-root /data/xiangyuyue/ULLM-zf/fsl-20260209/data/cnt/nas/liyangguang103/newdataset/CD-Count/DSACA --cnt-test-dir /data/xiangyuyue/ULLM-zf/fsl-20260209/data/cnt/nas/liyangguang103/newdataset/CD-Count/DSACA/test_data_class8 --cnt-backbone-checkpoint /data/xiangyuyue/ULLM-zf/fsl-20260209/dinov3_vitl16_pretrain_lvd1689m-8aa4cbdd.pth --det-use-coco-eval

[lora] enabled: replaced_linear=48, trainable_params=1966080
[multitask/eval] shared(full): total=464, matched=464 (100.0%), missing=0, unexpected=0
[multitask/eval] detector: missing=464 (expected_shared_missing=464, real_missing=0), unexpected=0
[multitask/eval] seg_head: missing=0, unexpected=0
[multitask/eval] cnt_head: missing=0, unexpected=0
[multitask/eval][det] processed 50/367
[multitask/eval][det] processed 100/367
[multitask/eval][det] processed 150/367
[multitask/eval][det] processed 200/367
[multitask/eval][det] processed 250/367
[multitask/eval][det] processed 300/367
[multitask/eval][det] processed 350/367
loading annotations into memory...
Done (t=0.46s)
creating index...
index created!
Loading and preparing results...
DONE (t=0.36s)
creating index...
index created!
Running per image evaluation...
Evaluate annotation type *bbox*
DONE (t=54.63s).
Accumulating evaluation results...
DONE (t=1.90s).
 Average Precision  (AP) @[ IoU=0.50:0.95 | area=   all | maxDets=100 ] = 0.413
 Average Precision  (AP) @[ IoU=0.50      | area=   all | maxDets=100 ] = 0.647
 Average Precision  (AP) @[ IoU=0.75      | area=   all | maxDets=100 ] = 0.442
 Average Precision  (AP) @[ IoU=0.50:0.95 | area= small | maxDets=100 ] = 0.029
 Average Precision  (AP) @[ IoU=0.50:0.95 | area=medium | maxDets=100 ] = 0.313
 Average Precision  (AP) @[ IoU=0.50:0.95 | area= large | maxDets=100 ] = 0.657
 Average Recall     (AR) @[ IoU=0.50:0.95 | area=   all | maxDets=  1 ] = 0.286
 Average Recall     (AR) @[ IoU=0.50:0.95 | area=   all | maxDets= 10 ] = 0.457
 Average Recall     (AR) @[ IoU=0.50:0.95 | area=   all | maxDets=100 ] = 0.480
 Average Recall     (AR) @[ IoU=0.50:0.95 | area= small | maxDets=100 ] = 0.054
 Average Recall     (AR) @[ IoU=0.50:0.95 | area=medium | maxDets=100 ] = 0.379
 Average Recall     (AR) @[ IoU=0.50:0.95 | area= large | maxDets=100 ] = 0.733
Saved predictions to /data/xiangyuyue/ULLM-zf/fsl-20260209/runs/single_tasks_100per/det/stats_eval_best_combo_20260420_174328/predictions_det_instances_test.json
Saved metrics to /data/xiangyuyue/ULLM-zf/fsl-20260209/runs/single_tasks_100per/det/stats_eval_best_combo_20260420_174328/metrics_det_instances_test.json
[multitask/eval] wrote full-model summary: /data/xiangyuyue/ULLM-zf/fsl-20260209/runs/single_tasks_100per/det/stats_eval_best_combo_20260420_174328/multitask_full_model_eval_summary.json
