WARNING:__main__:
*****************************************
Setting OMP_NUM_THREADS environment variable for each process to be 1 in default, to avoid your system being overloaded, please further tune the variable for optimal performance in your application as needed. 
*****************************************
[lora] enabled: replaced_linear=48, trainable_params=1966080
[params] trainable_total=11414536
/data/xiangyuyue/ULLM-zf/fsl-20260209/miniconda3/envs/fsl/lib/python3.11/site-packages/torch/autograd/graph.py:825: UserWarning: Grad strides do not match bucket view strides. This may indicate grad was not created according to the gradient layout contract, or that the param's strides changed since DDP was constructed.  This is not an error, but may impair performance.
grad.sizes() = [8, 1024, 1, 1], strides() = [1024, 1, 1024, 1024]
bucket_view.sizes() = [8, 1024, 1, 1], strides() = [1024, 1, 1, 1] (Triggered internally at ../torch/csrc/distributed/c10d/reducer.cpp:327.)
  return Variable._execution_engine.run_backward(  # Calls into the C++ engine to run the backward pass
/data/xiangyuyue/ULLM-zf/fsl-20260209/miniconda3/envs/fsl/lib/python3.11/site-packages/torch/autograd/graph.py:825: UserWarning: Grad strides do not match bucket view strides. This may indicate grad was not created according to the gradient layout contract, or that the param's strides changed since DDP was constructed.  This is not an error, but may impair performance.
grad.sizes() = [8, 1024, 1, 1], strides() = [1024, 1, 1024, 1024]
bucket_view.sizes() = [8, 1024, 1, 1], strides() = [1024, 1, 1, 1] (Triggered internally at ../torch/csrc/distributed/c10d/reducer.cpp:327.)
  return Variable._execution_engine.run_backward(  # Calls into the C++ engine to run the backward pass
/data/xiangyuyue/ULLM-zf/fsl-20260209/miniconda3/envs/fsl/lib/python3.11/site-packages/torch/autograd/graph.py:825: UserWarning: Grad strides do not match bucket view strides. This may indicate grad was not created according to the gradient layout contract, or that the param's strides changed since DDP was constructed.  This is not an error, but may impair performance.
grad.sizes() = [8, 1024, 1, 1], strides() = [1024, 1, 1024, 1024]
bucket_view.sizes() = [8, 1024, 1, 1], strides() = [1024, 1, 1, 1] (Triggered internally at ../torch/csrc/distributed/c10d/reducer.cpp:327.)
  return Variable._execution_engine.run_backward(  # Calls into the C++ engine to run the backward pass
/data/xiangyuyue/ULLM-zf/fsl-20260209/miniconda3/envs/fsl/lib/python3.11/site-packages/torch/autograd/graph.py:825: UserWarning: Grad strides do not match bucket view strides. This may indicate grad was not created according to the gradient layout contract, or that the param's strides changed since DDP was constructed.  This is not an error, but may impair performance.
grad.sizes() = [8, 1024, 1, 1], strides() = [1024, 1, 1024, 1024]
bucket_view.sizes() = [8, 1024, 1, 1], strides() = [1024, 1, 1, 1] (Triggered internally at ../torch/csrc/distributed/c10d/reducer.cpp:327.)
  return Variable._execution_engine.run_backward(  # Calls into the C++ engine to run the backward pass
/data/xiangyuyue/ULLM-zf/fsl-20260209/miniconda3/envs/fsl/lib/python3.11/site-packages/torch/autograd/graph.py:825: UserWarning: Grad strides do not match bucket view strides. This may indicate grad was not created according to the gradient layout contract, or that the param's strides changed since DDP was constructed.  This is not an error, but may impair performance.
grad.sizes() = [8, 1024, 1, 1], strides() = [1024, 1, 1024, 1024]
bucket_view.sizes() = [8, 1024, 1, 1], strides() = [1024, 1, 1, 1] (Triggered internally at ../torch/csrc/distributed/c10d/reducer.cpp:327.)
  return Variable._execution_engine.run_backward(  # Calls into the C++ engine to run the backward pass
/data/xiangyuyue/ULLM-zf/fsl-20260209/miniconda3/envs/fsl/lib/python3.11/site-packages/torch/autograd/graph.py:825: UserWarning: Grad strides do not match bucket view strides. This may indicate grad was not created according to the gradient layout contract, or that the param's strides changed since DDP was constructed.  This is not an error, but may impair performance.
grad.sizes() = [8, 1024, 1, 1], strides() = [1024, 1, 1024, 1024]
bucket_view.sizes() = [8, 1024, 1, 1], strides() = [1024, 1, 1, 1] (Triggered internally at ../torch/csrc/distributed/c10d/reducer.cpp:327.)
  return Variable._execution_engine.run_backward(  # Calls into the C++ engine to run the backward pass
/data/xiangyuyue/ULLM-zf/fsl-20260209/miniconda3/envs/fsl/lib/python3.11/site-packages/torch/autograd/graph.py:825: UserWarning: Grad strides do not match bucket view strides. This may indicate grad was not created according to the gradient layout contract, or that the param's strides changed since DDP was constructed.  This is not an error, but may impair performance.
grad.sizes() = [8, 1024, 1, 1], strides() = [1024, 1, 1024, 1024]
bucket_view.sizes() = [8, 1024, 1, 1], strides() = [1024, 1, 1, 1] (Triggered internally at ../torch/csrc/distributed/c10d/reducer.cpp:327.)
  return Variable._execution_engine.run_backward(  # Calls into the C++ engine to run the backward pass
/data/xiangyuyue/ULLM-zf/fsl-20260209/miniconda3/envs/fsl/lib/python3.11/site-packages/torch/autograd/graph.py:825: UserWarning: Grad strides do not match bucket view strides. This may indicate grad was not created according to the gradient layout contract, or that the param's strides changed since DDP was constructed.  This is not an error, but may impair performance.
grad.sizes() = [8, 1024, 1, 1], strides() = [1024, 1, 1024, 1024]
bucket_view.sizes() = [8, 1024, 1, 1], strides() = [1024, 1, 1, 1] (Triggered internally at ../torch/csrc/distributed/c10d/reducer.cpp:327.)
  return Variable._execution_engine.run_backward(  # Calls into the C++ engine to run the backward pass
epoch 1/150 step 20 | loss 1133960.5813 | det 0.0000 seg 0.0000 cnt 1321163.7500
epoch 1/150 step 40 | loss 829666.1402 | det 0.0000 seg 0.0000 cnt 227903.8906
epoch 1/150 step 60 | loss 592408.1147 | det 0.0000 seg 0.0000 cnt 61803.9531
epoch 1/150 step 80 | loss 452119.4184 | det 0.0000 seg 0.0000 cnt 21516.1523
epoch 1/150 step 100 | loss 363614.0151 | det 0.0000 seg 0.0000 cnt 5515.2925
epoch 1/150 step 120 | loss 303525.8711 | det 0.0000 seg 0.0000 cnt 1705.9987
epoch 1/150 step 140 | loss 260325.4463 | det 0.0000 seg 0.0000 cnt 781.2832
epoch 1/150 step 160 | loss 227834.7796 | det 0.0000 seg 0.0000 cnt 216.1853
epoch 1/150 | train 226421.1919 | val det 0.0000 seg 0.0000 miou 0.0000 cnt 0.0000 dens 0.000000e+00 mae 0.0000 total_mae 0.0000 | ap50 0.0000 | selected cnt_mae(min) 0.000000
epoch 2/150 step 20 | loss 136.8608 | det 0.0000 seg 0.0000 cnt 91.8132
epoch 2/150 step 40 | loss 93.3511 | det 0.0000 seg 0.0000 cnt 23.8204
epoch 2/150 step 60 | loss 67.3892 | det 0.0000 seg 0.0000 cnt 9.9195
epoch 2/150 step 80 | loss 52.4738 | det 0.0000 seg 0.0000 cnt 4.3359
epoch 2/150 step 100 | loss 43.1080 | det 0.0000 seg 0.0000 cnt 10.1924
epoch 2/150 step 120 | loss 37.0416 | det 0.0000 seg 0.0000 cnt 7.0901
epoch 2/150 step 140 | loss 32.5821 | det 0.0000 seg 0.0000 cnt 4.6219
epoch 2/150 step 160 | loss 29.0744 | det 0.0000 seg 0.0000 cnt 4.8112
epoch 2/150 | train 28.9181 | val det 0.0000 seg 0.0000 miou 0.0000 cnt 0.0000 dens 0.000000e+00 mae 0.0000 total_mae 0.0000 | ap50 0.0000 | selected cnt_mae(min) 0.000000
epoch 3/150 step 20 | loss 4.5506 | det 0.0000 seg 0.0000 cnt 2.3551
epoch 3/150 step 40 | loss 4.6053 | det 0.0000 seg 0.0000 cnt 2.6644
epoch 3/150 step 60 | loss 4.6312 | det 0.0000 seg 0.0000 cnt 5.1755
epoch 3/150 step 80 | loss 4.5560 | det 0.0000 seg 0.0000 cnt 4.7234
epoch 3/150 step 100 | loss 4.5220 | det 0.0000 seg 0.0000 cnt 6.4466
epoch 3/150 step 120 | loss 4.4430 | det 0.0000 seg 0.0000 cnt 4.1658
epoch 3/150 step 140 | loss 4.5083 | det 0.0000 seg 0.0000 cnt 3.5490
epoch 3/150 step 160 | loss 4.5340 | det 0.0000 seg 0.0000 cnt 5.0874
epoch 3/150 | train 4.5268 | val det 0.0000 seg 0.0000 miou 0.0000 cnt 0.0000 dens 0.000000e+00 mae 0.0000 total_mae 0.0000 | ap50 0.0000 | selected cnt_mae(min) 0.000000
epoch 4/150 step 20 | loss 4.2296 | det 0.0000 seg 0.0000 cnt 2.2430
epoch 4/150 step 40 | loss 4.0514 | det 0.0000 seg 0.0000 cnt 4.0250
epoch 4/150 step 60 | loss 4.0036 | det 0.0000 seg 0.0000 cnt 6.1990
epoch 4/150 step 80 | loss 4.0346 | det 0.0000 seg 0.0000 cnt 5.2031
epoch 4/150 step 100 | loss 3.9778 | det 0.0000 seg 0.0000 cnt 3.2493
epoch 4/150 step 120 | loss 3.9025 | det 0.0000 seg 0.0000 cnt 1.3477
epoch 4/150 step 140 | loss 3.9055 | det 0.0000 seg 0.0000 cnt 6.5459
epoch 4/150 step 160 | loss 3.9151 | det 0.0000 seg 0.0000 cnt 3.2377
epoch 4/150 | train 3.9048 | val det 0.0000 seg 0.0000 miou 0.0000 cnt 0.0000 dens 0.000000e+00 mae 0.0000 total_mae 0.0000 | ap50 0.0000 | selected cnt_mae(min) 0.000000
epoch 5/150 step 20 | loss 3.9006 | det 0.0000 seg 0.0000 cnt 1.3648
epoch 5/150 step 40 | loss 3.8663 | det 0.0000 seg 0.0000 cnt 4.2496
epoch 5/150 step 60 | loss 3.7683 | det 0.0000 seg 0.0000 cnt 2.5720
epoch 5/150 step 80 | loss 3.7750 | det 0.0000 seg 0.0000 cnt 4.0009
epoch 5/150 step 100 | loss 3.7914 | det 0.0000 seg 0.0000 cnt 2.7866
epoch 5/150 step 120 | loss 3.7737 | det 0.0000 seg 0.0000 cnt 8.0531
epoch 5/150 step 140 | loss 3.7828 | det 0.0000 seg 0.0000 cnt 5.7945
epoch 5/150 step 160 | loss 3.8151 | det 0.0000 seg 0.0000 cnt 11.7525
epoch 5/150 | train 3.8077 | val det 0.0000 seg 0.0000 miou 0.0000 cnt 0.0000 dens 0.000000e+00 mae 0.0000 total_mae 0.0000 | ap50 0.0000 | selected cnt_mae(min) 0.000000
epoch 6/150 step 20 | loss 3.6391 | det 0.0000 seg 0.0000 cnt 2.1746
epoch 6/150 step 40 | loss 3.7566 | det 0.0000 seg 0.0000 cnt 2.7369
epoch 6/150 step 60 | loss 3.7641 | det 0.0000 seg 0.0000 cnt 3.1742
epoch 6/150 step 80 | loss 3.7680 | det 0.0000 seg 0.0000 cnt 1.7887
epoch 6/150 step 100 | loss 3.7329 | det 0.0000 seg 0.0000 cnt 2.5520
epoch 6/150 step 120 | loss 3.7704 | det 0.0000 seg 0.0000 cnt 2.7784
epoch 6/150 step 140 | loss 3.6902 | det 0.0000 seg 0.0000 cnt 2.8745
epoch 6/150 step 160 | loss 3.6346 | det 0.0000 seg 0.0000 cnt 3.7001
epoch 6/150 | train 3.6266 | val det 0.0000 seg 0.0000 miou 0.0000 cnt 0.0000 dens 0.000000e+00 mae 0.0000 total_mae 0.0000 | ap50 0.0000 | selected cnt_mae(min) 0.000000
epoch 7/150 step 20 | loss 4.1986 | det 0.0000 seg 0.0000 cnt 1.7295
epoch 7/150 step 40 | loss 3.7183 | det 0.0000 seg 0.0000 cnt 1.9595
epoch 7/150 step 60 | loss 3.6363 | det 0.0000 seg 0.0000 cnt 3.2149
epoch 7/150 step 80 | loss 3.5735 | det 0.0000 seg 0.0000 cnt 4.7293
epoch 7/150 step 100 | loss 3.5163 | det 0.0000 seg 0.0000 cnt 4.5937
epoch 7/150 step 120 | loss 3.5454 | det 0.0000 seg 0.0000 cnt 2.4603
epoch 7/150 step 140 | loss 3.5552 | det 0.0000 seg 0.0000 cnt 2.8284
epoch 7/150 step 160 | loss 3.5790 | det 0.0000 seg 0.0000 cnt 4.7121
epoch 7/150 | train 3.5766 | val det 0.0000 seg 0.0000 miou 0.0000 cnt 0.0000 dens 0.000000e+00 mae 0.0000 total_mae 0.0000 | ap50 0.0000 | selected cnt_mae(min) 0.000000
epoch 8/150 step 20 | loss 3.7788 | det 0.0000 seg 0.0000 cnt 3.3174
epoch 8/150 step 40 | loss 3.3434 | det 0.0000 seg 0.0000 cnt 2.0219
epoch 8/150 step 60 | loss 3.3514 | det 0.0000 seg 0.0000 cnt 2.3562
epoch 8/150 step 80 | loss 3.4549 | det 0.0000 seg 0.0000 cnt 3.5307
epoch 8/150 step 100 | loss 3.4965 | det 0.0000 seg 0.0000 cnt 2.1788
epoch 8/150 step 120 | loss 3.4224 | det 0.0000 seg 0.0000 cnt 2.9721
epoch 8/150 step 140 | loss 3.3701 | det 0.0000 seg 0.0000 cnt 4.0291
epoch 8/150 step 160 | loss 3.3468 | det 0.0000 seg 0.0000 cnt 1.6580
epoch 8/150 | train 3.3370 | val det 0.0000 seg 0.0000 miou 0.0000 cnt 0.0000 dens 0.000000e+00 mae 0.0000 total_mae 0.0000 | ap50 0.0000 | selected cnt_mae(min) 0.000000
epoch 9/150 step 20 | loss 3.3175 | det 0.0000 seg 0.0000 cnt 2.5827
epoch 9/150 step 40 | loss 3.5027 | det 0.0000 seg 0.0000 cnt 2.8209
epoch 9/150 step 60 | loss 3.5357 | det 0.0000 seg 0.0000 cnt 2.3510
epoch 9/150 step 80 | loss 3.4115 | det 0.0000 seg 0.0000 cnt 1.6116
epoch 9/150 step 100 | loss 3.4760 | det 0.0000 seg 0.0000 cnt 2.0544
epoch 9/150 step 120 | loss 3.6785 | det 0.0000 seg 0.0000 cnt 6.8923
epoch 9/150 step 140 | loss 3.6602 | det 0.0000 seg 0.0000 cnt 4.7575
epoch 9/150 step 160 | loss 3.6706 | det 0.0000 seg 0.0000 cnt 2.1990
epoch 9/150 | train 3.6798 | val det 0.0000 seg 0.0000 miou 0.0000 cnt 0.0000 dens 0.000000e+00 mae 0.0000 total_mae 0.0000 | ap50 0.0000 | selected cnt_mae(min) 0.000000
epoch 10/150 step 20 | loss 3.2288 | det 0.0000 seg 0.0000 cnt 1.3859
epoch 10/150 step 40 | loss 3.1569 | det 0.0000 seg 0.0000 cnt 2.3734
epoch 10/150 step 60 | loss 3.3857 | det 0.0000 seg 0.0000 cnt 4.6047
epoch 10/150 step 80 | loss 3.4536 | det 0.0000 seg 0.0000 cnt 2.8585
epoch 10/150 step 100 | loss 3.3082 | det 0.0000 seg 0.0000 cnt 2.4993
epoch 10/150 step 120 | loss 3.3190 | det 0.0000 seg 0.0000 cnt 3.2048
epoch 10/150 step 140 | loss 3.5308 | det 0.0000 seg 0.0000 cnt 4.2094
epoch 10/150 step 160 | loss 3.5009 | det 0.0000 seg 0.0000 cnt 2.9171
epoch 10/150 | train 3.4916 | val det 0.0000 seg 0.0000 miou 0.0000 cnt 0.0000 dens 0.000000e+00 mae 0.0000 total_mae 0.0000 | ap50 0.0000 | selected cnt_mae(min) 0.000000
epoch 11/150 step 20 | loss 3.0860 | det 0.0000 seg 0.0000 cnt 2.6371
epoch 11/150 step 40 | loss 3.1716 | det 0.0000 seg 0.0000 cnt 3.3298
epoch 11/150 step 60 | loss 3.3177 | det 0.0000 seg 0.0000 cnt 5.6880
epoch 11/150 step 80 | loss 3.3251 | det 0.0000 seg 0.0000 cnt 2.0947
epoch 11/150 step 100 | loss 3.4855 | det 0.0000 seg 0.0000 cnt 2.9932
epoch 11/150 step 120 | loss 3.4520 | det 0.0000 seg 0.0000 cnt 3.0217
epoch 11/150 step 140 | loss 3.4599 | det 0.0000 seg 0.0000 cnt 3.0573
epoch 11/150 step 160 | loss 3.3783 | det 0.0000 seg 0.0000 cnt 4.2903
epoch 11/150 | train 3.3789 | val det 0.0000 seg 0.0000 miou 0.0000 cnt 0.0000 dens 0.000000e+00 mae 0.0000 total_mae 0.0000 | ap50 0.0000 | selected cnt_mae(min) 0.000000
epoch 12/150 step 20 | loss 3.4158 | det 0.0000 seg 0.0000 cnt 4.9434
epoch 12/150 step 40 | loss 3.3703 | det 0.0000 seg 0.0000 cnt 3.3376
epoch 12/150 step 60 | loss 3.2365 | det 0.0000 seg 0.0000 cnt 2.5165
epoch 12/150 step 80 | loss 3.1652 | det 0.0000 seg 0.0000 cnt 1.5123
epoch 12/150 step 100 | loss 3.0958 | det 0.0000 seg 0.0000 cnt 3.4893
epoch 12/150 step 120 | loss 3.0983 | det 0.0000 seg 0.0000 cnt 3.1590
epoch 12/150 step 140 | loss 3.0956 | det 0.0000 seg 0.0000 cnt 2.9023
epoch 12/150 step 160 | loss 3.1610 | det 0.0000 seg 0.0000 cnt 6.8185
epoch 12/150 | train 3.1583 | val det 0.0000 seg 0.0000 miou 0.0000 cnt 0.0000 dens 0.000000e+00 mae 0.0000 total_mae 0.0000 | ap50 0.0000 | selected cnt_mae(min) 0.000000
epoch 13/150 step 20 | loss 2.9251 | det 0.0000 seg 0.0000 cnt 2.5800
epoch 13/150 step 40 | loss 2.8907 | det 0.0000 seg 0.0000 cnt 2.6854
epoch 13/150 step 60 | loss 2.9666 | det 0.0000 seg 0.0000 cnt 3.0483
epoch 13/150 step 80 | loss 2.8905 | det 0.0000 seg 0.0000 cnt 2.5994
epoch 13/150 step 100 | loss 2.8985 | det 0.0000 seg 0.0000 cnt 3.0452
epoch 13/150 step 120 | loss 2.8885 | det 0.0000 seg 0.0000 cnt 2.0974
epoch 13/150 step 140 | loss 2.9334 | det 0.0000 seg 0.0000 cnt 3.1969
epoch 13/150 step 160 | loss 2.9601 | det 0.0000 seg 0.0000 cnt 5.4636
epoch 13/150 | train 2.9558 | val det 0.0000 seg 0.0000 miou 0.0000 cnt 0.0000 dens 0.000000e+00 mae 0.0000 total_mae 0.0000 | ap50 0.0000 | selected cnt_mae(min) 0.000000
epoch 14/150 step 20 | loss 3.0696 | det 0.0000 seg 0.0000 cnt 2.4797
epoch 14/150 step 40 | loss 3.1885 | det 0.0000 seg 0.0000 cnt 5.6468
epoch 14/150 step 60 | loss 3.3914 | det 0.0000 seg 0.0000 cnt 22.7204
epoch 14/150 step 80 | loss 3.3396 | det 0.0000 seg 0.0000 cnt 2.5413
epoch 14/150 step 100 | loss 3.3025 | det 0.0000 seg 0.0000 cnt 2.7259
epoch 14/150 step 120 | loss 3.2402 | det 0.0000 seg 0.0000 cnt 1.4847
epoch 14/150 step 140 | loss 3.1900 | det 0.0000 seg 0.0000 cnt 3.6892
epoch 14/150 step 160 | loss 3.1032 | det 0.0000 seg 0.0000 cnt 2.8629
epoch 14/150 | train 3.1024 | val det 0.0000 seg 0.0000 miou 0.0000 cnt 0.0000 dens 0.000000e+00 mae 0.0000 total_mae 0.0000 | ap50 0.0000 | selected cnt_mae(min) 0.000000
epoch 15/150 step 20 | loss 2.5687 | det 0.0000 seg 0.0000 cnt 1.7848
epoch 15/150 step 40 | loss 2.7562 | det 0.0000 seg 0.0000 cnt 2.0666
epoch 15/150 step 60 | loss 2.9037 | det 0.0000 seg 0.0000 cnt 2.1311
epoch 15/150 step 80 | loss 2.9266 | det 0.0000 seg 0.0000 cnt 4.0580
epoch 15/150 step 100 | loss 2.9616 | det 0.0000 seg 0.0000 cnt 4.5721
epoch 15/150 step 120 | loss 2.9402 | det 0.0000 seg 0.0000 cnt 2.7803
epoch 15/150 step 140 | loss 2.9704 | det 0.0000 seg 0.0000 cnt 2.4427
epoch 15/150 step 160 | loss 3.1087 | det 0.0000 seg 0.0000 cnt 21.9958
epoch 15/150 | train 3.1041 | val det 0.0000 seg 0.0000 miou 0.0000 cnt 0.0000 dens 0.000000e+00 mae 0.0000 total_mae 0.0000 | ap50 0.0000 | selected cnt_mae(min) 0.000000
epoch 16/150 step 20 | loss 2.5758 | det 0.0000 seg 0.0000 cnt 2.4146
epoch 16/150 step 40 | loss 2.8183 | det 0.0000 seg 0.0000 cnt 3.5566
epoch 16/150 step 60 | loss 2.9363 | det 0.0000 seg 0.0000 cnt 5.3014
epoch 16/150 step 80 | loss 2.8959 | det 0.0000 seg 0.0000 cnt 2.0138
epoch 16/150 step 100 | loss 2.8888 | det 0.0000 seg 0.0000 cnt 1.9217
epoch 16/150 step 120 | loss 2.8926 | det 0.0000 seg 0.0000 cnt 3.6410
epoch 16/150 step 140 | loss 2.9844 | det 0.0000 seg 0.0000 cnt 5.1443
epoch 16/150 step 160 | loss 2.9313 | det 0.0000 seg 0.0000 cnt 2.3581
epoch 16/150 | train 2.9226 | val det 0.0000 seg 0.0000 miou 0.0000 cnt 0.0000 dens 0.000000e+00 mae 0.0000 total_mae 0.0000 | ap50 0.0000 | selected cnt_mae(min) 0.000000
epoch 17/150 step 20 | loss 2.8984 | det 0.0000 seg 0.0000 cnt 2.7547
epoch 17/150 step 40 | loss 2.7639 | det 0.0000 seg 0.0000 cnt 3.7452
epoch 17/150 step 60 | loss 2.8966 | det 0.0000 seg 0.0000 cnt 2.8424
epoch 17/150 step 80 | loss 2.9699 | det 0.0000 seg 0.0000 cnt 2.5240
epoch 17/150 step 100 | loss 2.9974 | det 0.0000 seg 0.0000 cnt 7.3677
epoch 17/150 step 120 | loss 3.0895 | det 0.0000 seg 0.0000 cnt 3.0608
epoch 17/150 step 140 | loss 3.0668 | det 0.0000 seg 0.0000 cnt 2.3420
epoch 17/150 step 160 | loss 3.0123 | det 0.0000 seg 0.0000 cnt 2.4601
epoch 17/150 | train 3.0129 | val det 0.0000 seg 0.0000 miou 0.0000 cnt 0.0000 dens 0.000000e+00 mae 0.0000 total_mae 0.0000 | ap50 0.0000 | selected cnt_mae(min) 0.000000
epoch 18/150 step 20 | loss 3.2228 | det 0.0000 seg 0.0000 cnt 5.9428
epoch 18/150 step 40 | loss 3.1448 | det 0.0000 seg 0.0000 cnt 2.5793
epoch 18/150 step 60 | loss 3.1042 | det 0.0000 seg 0.0000 cnt 4.0039
epoch 18/150 step 80 | loss 3.0327 | det 0.0000 seg 0.0000 cnt 3.1185
epoch 18/150 step 100 | loss 2.9920 | det 0.0000 seg 0.0000 cnt 3.5259
epoch 18/150 step 120 | loss 2.9429 | det 0.0000 seg 0.0000 cnt 3.1459
epoch 18/150 step 140 | loss 2.9695 | det 0.0000 seg 0.0000 cnt 4.6155
epoch 18/150 step 160 | loss 2.9369 | det 0.0000 seg 0.0000 cnt 4.3144
epoch 18/150 | train 2.9280 | val det 0.0000 seg 0.0000 miou 0.0000 cnt 0.0000 dens 0.000000e+00 mae 0.0000 total_mae 0.0000 | ap50 0.0000 | selected cnt_mae(min) 0.000000
epoch 19/150 step 20 | loss 3.0995 | det 0.0000 seg 0.0000 cnt 1.5897
epoch 19/150 step 40 | loss 2.7610 | det 0.0000 seg 0.0000 cnt 1.7034
epoch 19/150 step 60 | loss 2.7330 | det 0.0000 seg 0.0000 cnt 3.0407
epoch 19/150 step 80 | loss 2.6261 | det 0.0000 seg 0.0000 cnt 1.4790
epoch 19/150 step 100 | loss 2.7517 | det 0.0000 seg 0.0000 cnt 3.1967
epoch 19/150 step 120 | loss 2.7200 | det 0.0000 seg 0.0000 cnt 3.0806
epoch 19/150 step 140 | loss 2.7880 | det 0.0000 seg 0.0000 cnt 2.0642
epoch 19/150 step 160 | loss 2.7395 | det 0.0000 seg 0.0000 cnt 2.4061
epoch 19/150 | train 2.7446 | val det 0.0000 seg 0.0000 miou 0.0000 cnt 0.0000 dens 0.000000e+00 mae 0.0000 total_mae 0.0000 | ap50 0.0000 | selected cnt_mae(min) 0.000000
epoch 20/150 step 20 | loss 2.7589 | det 0.0000 seg 0.0000 cnt 2.9712
epoch 20/150 step 40 | loss 2.7424 | det 0.0000 seg 0.0000 cnt 2.9964
epoch 20/150 step 60 | loss 2.8503 | det 0.0000 seg 0.0000 cnt 1.5066
epoch 20/150 step 80 | loss 2.7416 | det 0.0000 seg 0.0000 cnt 4.3427
epoch 20/150 step 100 | loss 2.8072 | det 0.0000 seg 0.0000 cnt 2.4086
epoch 20/150 step 120 | loss 2.8171 | det 0.0000 seg 0.0000 cnt 2.0143
epoch 20/150 step 140 | loss 2.8265 | det 0.0000 seg 0.0000 cnt 2.5409
epoch 20/150 step 160 | loss 2.8136 | det 0.0000 seg 0.0000 cnt 3.1750
epoch 20/150 | train 2.8290 | val det 0.0000 seg 0.0000 miou 0.0000 cnt 0.0000 dens 0.000000e+00 mae 0.0000 total_mae 0.0000 | ap50 0.0000 | selected cnt_mae(min) 0.000000
epoch 21/150 step 20 | loss 2.6600 | det 0.0000 seg 0.0000 cnt 3.9150
epoch 21/150 step 40 | loss 2.6074 | det 0.0000 seg 0.0000 cnt 1.5885
epoch 21/150 step 60 | loss 2.6225 | det 0.0000 seg 0.0000 cnt 2.3062
epoch 21/150 step 80 | loss 2.6753 | det 0.0000 seg 0.0000 cnt 2.5595
epoch 21/150 step 100 | loss 2.7259 | det 0.0000 seg 0.0000 cnt 2.7577
epoch 21/150 step 120 | loss 2.7812 | det 0.0000 seg 0.0000 cnt 1.3741
epoch 21/150 step 140 | loss 2.7635 | det 0.0000 seg 0.0000 cnt 1.5017
epoch 21/150 step 160 | loss 2.7718 | det 0.0000 seg 0.0000 cnt 2.1935
epoch 21/150 | train 2.7712 | val det 0.0000 seg 0.0000 miou 0.0000 cnt 0.0000 dens 0.000000e+00 mae 0.0000 total_mae 0.0000 | ap50 0.0000 | selected cnt_mae(min) 0.000000
epoch 22/150 step 20 | loss 2.5245 | det 0.0000 seg 0.0000 cnt 2.6949
epoch 22/150 step 40 | loss 2.5344 | det 0.0000 seg 0.0000 cnt 2.4364
epoch 22/150 step 60 | loss 2.5263 | det 0.0000 seg 0.0000 cnt 3.7803
epoch 22/150 step 80 | loss 2.6065 | det 0.0000 seg 0.0000 cnt 2.8990
epoch 22/150 step 100 | loss 2.6041 | det 0.0000 seg 0.0000 cnt 2.4185
epoch 22/150 step 120 | loss 2.6508 | det 0.0000 seg 0.0000 cnt 2.4163
epoch 22/150 step 140 | loss 2.6441 | det 0.0000 seg 0.0000 cnt 1.7398
epoch 22/150 step 160 | loss 2.6404 | det 0.0000 seg 0.0000 cnt 2.0166
epoch 22/150 | train 2.6418 | val det 0.0000 seg 0.0000 miou 0.0000 cnt 0.0000 dens 0.000000e+00 mae 0.0000 total_mae 0.0000 | ap50 0.0000 | selected cnt_mae(min) 0.000000
epoch 23/150 step 20 | loss 2.7302 | det 0.0000 seg 0.0000 cnt 3.0266
epoch 23/150 step 40 | loss 2.7173 | det 0.0000 seg 0.0000 cnt 2.6035
epoch 23/150 step 60 | loss 2.7271 | det 0.0000 seg 0.0000 cnt 2.4375
epoch 23/150 step 80 | loss 2.6945 | det 0.0000 seg 0.0000 cnt 2.0236
epoch 23/150 step 100 | loss 2.8806 | det 0.0000 seg 0.0000 cnt 3.7818
epoch 23/150 step 120 | loss 2.8383 | det 0.0000 seg 0.0000 cnt 2.1236
epoch 23/150 step 140 | loss 2.8002 | det 0.0000 seg 0.0000 cnt 2.0545
epoch 23/150 step 160 | loss 2.8364 | det 0.0000 seg 0.0000 cnt 3.7000
epoch 23/150 | train 2.8504 | val det 0.0000 seg 0.0000 miou 0.0000 cnt 0.0000 dens 0.000000e+00 mae 0.0000 total_mae 0.0000 | ap50 0.0000 | selected cnt_mae(min) 0.000000
epoch 24/150 step 20 | loss 2.6740 | det 0.0000 seg 0.0000 cnt 1.1335
epoch 24/150 step 40 | loss 2.6246 | det 0.0000 seg 0.0000 cnt 1.9362
epoch 24/150 step 60 | loss 2.5707 | det 0.0000 seg 0.0000 cnt 1.9830
epoch 24/150 step 80 | loss 2.5521 | det 0.0000 seg 0.0000 cnt 1.5972
epoch 24/150 step 100 | loss 2.4904 | det 0.0000 seg 0.0000 cnt 1.7137
epoch 24/150 step 120 | loss 2.5394 | det 0.0000 seg 0.0000 cnt 5.6879
epoch 24/150 step 140 | loss 2.5657 | det 0.0000 seg 0.0000 cnt 1.1089
epoch 24/150 step 160 | loss 2.5502 | det 0.0000 seg 0.0000 cnt 1.4746
epoch 24/150 | train 2.5540 | val det 0.0000 seg 0.0000 miou 0.0000 cnt 0.0000 dens 0.000000e+00 mae 0.0000 total_mae 0.0000 | ap50 0.0000 | selected cnt_mae(min) 0.000000
epoch 25/150 step 20 | loss 2.6185 | det 0.0000 seg 0.0000 cnt 5.9864
epoch 25/150 step 40 | loss 2.6649 | det 0.0000 seg 0.0000 cnt 4.8835
epoch 25/150 step 60 | loss 2.8009 | det 0.0000 seg 0.0000 cnt 2.9714
epoch 25/150 step 80 | loss 2.5989 | det 0.0000 seg 0.0000 cnt 3.4824
epoch 25/150 step 100 | loss 2.5631 | det 0.0000 seg 0.0000 cnt 1.9431
epoch 25/150 step 120 | loss 2.5933 | det 0.0000 seg 0.0000 cnt 3.0119
epoch 25/150 step 140 | loss 2.5465 | det 0.0000 seg 0.0000 cnt 2.5251
epoch 25/150 step 160 | loss 2.5786 | det 0.0000 seg 0.0000 cnt 2.1327
epoch 25/150 | train 2.5867 | val det 0.0000 seg 0.0000 miou 0.0000 cnt 0.0000 dens 0.000000e+00 mae 0.0000 total_mae 0.0000 | ap50 0.0000 | selected cnt_mae(min) 0.000000
epoch 26/150 step 20 | loss 2.8532 | det 0.0000 seg 0.0000 cnt 3.0550
epoch 26/150 step 40 | loss 2.5809 | det 0.0000 seg 0.0000 cnt 2.4321
epoch 26/150 step 60 | loss 2.5416 | det 0.0000 seg 0.0000 cnt 2.2162
epoch 26/150 step 80 | loss 2.5275 | det 0.0000 seg 0.0000 cnt 2.4131
epoch 26/150 step 100 | loss 2.6165 | det 0.0000 seg 0.0000 cnt 6.9737
epoch 26/150 step 120 | loss 2.6312 | det 0.0000 seg 0.0000 cnt 3.0887
epoch 26/150 step 140 | loss 2.6526 | det 0.0000 seg 0.0000 cnt 1.8389
epoch 26/150 step 160 | loss 2.6128 | det 0.0000 seg 0.0000 cnt 2.5242
epoch 26/150 | train 2.6110 | val det 0.0000 seg 0.0000 miou 0.0000 cnt 0.0000 dens 0.000000e+00 mae 0.0000 total_mae 0.0000 | ap50 0.0000 | selected cnt_mae(min) 0.000000
epoch 27/150 step 20 | loss 2.5748 | det 0.0000 seg 0.0000 cnt 3.3896
epoch 27/150 step 40 | loss 2.6721 | det 0.0000 seg 0.0000 cnt 3.1844
epoch 27/150 step 60 | loss 2.6224 | det 0.0000 seg 0.0000 cnt 3.3785
epoch 27/150 step 80 | loss 2.5103 | det 0.0000 seg 0.0000 cnt 1.4825
epoch 27/150 step 100 | loss 2.5272 | det 0.0000 seg 0.0000 cnt 2.7088
epoch 27/150 step 120 | loss 2.5431 | det 0.0000 seg 0.0000 cnt 2.3943
epoch 27/150 step 140 | loss 2.5093 | det 0.0000 seg 0.0000 cnt 2.9790
epoch 27/150 step 160 | loss 2.5184 | det 0.0000 seg 0.0000 cnt 3.5324
epoch 27/150 | train 2.5302 | val det 0.0000 seg 0.0000 miou 0.0000 cnt 0.0000 dens 0.000000e+00 mae 0.0000 total_mae 0.0000 | ap50 0.0000 | selected cnt_mae(min) 0.000000
epoch 28/150 step 20 | loss 2.2551 | det 0.0000 seg 0.0000 cnt 3.0973
epoch 28/150 step 40 | loss 2.7623 | det 0.0000 seg 0.0000 cnt 2.6136
epoch 28/150 step 60 | loss 2.6147 | det 0.0000 seg 0.0000 cnt 1.7841
epoch 28/150 step 80 | loss 2.6598 | det 0.0000 seg 0.0000 cnt 2.2652
epoch 28/150 step 100 | loss 2.6124 | det 0.0000 seg 0.0000 cnt 1.2597
epoch 28/150 step 120 | loss 2.6149 | det 0.0000 seg 0.0000 cnt 2.3175
epoch 28/150 step 140 | loss 2.6177 | det 0.0000 seg 0.0000 cnt 2.5152
epoch 28/150 step 160 | loss 2.6161 | det 0.0000 seg 0.0000 cnt 2.3025
epoch 28/150 | train 2.6148 | val det 0.0000 seg 0.0000 miou 0.0000 cnt 0.0000 dens 0.000000e+00 mae 0.0000 total_mae 0.0000 | ap50 0.0000 | selected cnt_mae(min) 0.000000
epoch 29/150 step 20 | loss 2.8979 | det 0.0000 seg 0.0000 cnt 3.3391
epoch 29/150 step 40 | loss 2.5530 | det 0.0000 seg 0.0000 cnt 1.7617
epoch 29/150 step 60 | loss 2.4708 | det 0.0000 seg 0.0000 cnt 1.8377
epoch 29/150 step 80 | loss 2.4469 | det 0.0000 seg 0.0000 cnt 3.1091
epoch 29/150 step 100 | loss 2.4473 | det 0.0000 seg 0.0000 cnt 1.6936
epoch 29/150 step 120 | loss 2.3801 | det 0.0000 seg 0.0000 cnt 1.6842
epoch 29/150 step 140 | loss 2.4177 | det 0.0000 seg 0.0000 cnt 1.6149
epoch 29/150 step 160 | loss 2.3439 | det 0.0000 seg 0.0000 cnt 1.8209
epoch 29/150 | train 2.3412 | val det 0.0000 seg 0.0000 miou 0.0000 cnt 0.0000 dens 0.000000e+00 mae 0.0000 total_mae 0.0000 | ap50 0.0000 | selected cnt_mae(min) 0.000000
epoch 30/150 step 20 | loss 2.2311 | det 0.0000 seg 0.0000 cnt 2.2537
epoch 30/150 step 40 | loss 2.3748 | det 0.0000 seg 0.0000 cnt 1.6240
epoch 30/150 step 60 | loss 2.3481 | det 0.0000 seg 0.0000 cnt 2.2867
epoch 30/150 step 80 | loss 2.5610 | det 0.0000 seg 0.0000 cnt 2.1633
epoch 30/150 step 100 | loss 2.6052 | det 0.0000 seg 0.0000 cnt 1.3325
epoch 30/150 step 120 | loss 2.5774 | det 0.0000 seg 0.0000 cnt 1.9614
epoch 30/150 step 140 | loss 2.5639 | det 0.0000 seg 0.0000 cnt 1.2467
epoch 30/150 step 160 | loss 2.5836 | det 0.0000 seg 0.0000 cnt 1.9581
epoch 30/150 | train 2.5787 | val det 0.0000 seg 0.0000 miou 0.0000 cnt 0.0000 dens 0.000000e+00 mae 0.0000 total_mae 0.0000 | ap50 0.0000 | selected cnt_mae(min) 0.000000
epoch 31/150 step 20 | loss 2.4231 | det 0.0000 seg 0.0000 cnt 0.8664
epoch 31/150 step 40 | loss 2.4842 | det 0.0000 seg 0.0000 cnt 2.9793
epoch 31/150 step 60 | loss 2.4182 | det 0.0000 seg 0.0000 cnt 2.0499
epoch 31/150 step 80 | loss 2.4409 | det 0.0000 seg 0.0000 cnt 3.1328
epoch 31/150 step 100 | loss 2.4508 | det 0.0000 seg 0.0000 cnt 2.6386
epoch 31/150 step 120 | loss 2.5213 | det 0.0000 seg 0.0000 cnt 2.5189
epoch 31/150 step 140 | loss 2.5137 | det 0.0000 seg 0.0000 cnt 2.4785
epoch 31/150 step 160 | loss 2.5432 | det 0.0000 seg 0.0000 cnt 2.1690
epoch 31/150 | train 2.5428 | val det 0.0000 seg 0.0000 miou 0.0000 cnt 0.0000 dens 0.000000e+00 mae 0.0000 total_mae 0.0000 | ap50 0.0000 | selected cnt_mae(min) 0.000000
epoch 32/150 step 20 | loss 2.5338 | det 0.0000 seg 0.0000 cnt 1.8019
epoch 32/150 step 40 | loss 2.2709 | det 0.0000 seg 0.0000 cnt 1.1161
epoch 32/150 step 60 | loss 2.2745 | det 0.0000 seg 0.0000 cnt 2.1288
epoch 32/150 step 80 | loss 2.3026 | det 0.0000 seg 0.0000 cnt 1.7478
epoch 32/150 step 100 | loss 2.3288 | det 0.0000 seg 0.0000 cnt 2.0372
epoch 32/150 step 120 | loss 2.3349 | det 0.0000 seg 0.0000 cnt 1.8240
epoch 32/150 step 140 | loss 2.3608 | det 0.0000 seg 0.0000 cnt 2.1344
epoch 32/150 step 160 | loss 2.3723 | det 0.0000 seg 0.0000 cnt 2.8732
epoch 32/150 | train 2.3656 | val det 0.0000 seg 0.0000 miou 0.0000 cnt 0.0000 dens 0.000000e+00 mae 0.0000 total_mae 0.0000 | ap50 0.0000 | selected cnt_mae(min) 0.000000
epoch 33/150 step 20 | loss 2.3954 | det 0.0000 seg 0.0000 cnt 2.5678
epoch 33/150 step 40 | loss 2.4651 | det 0.0000 seg 0.0000 cnt 1.6807
epoch 33/150 step 60 | loss 2.4552 | det 0.0000 seg 0.0000 cnt 1.5696
epoch 33/150 step 80 | loss 2.4787 | det 0.0000 seg 0.0000 cnt 3.8027
epoch 33/150 step 100 | loss 2.5235 | det 0.0000 seg 0.0000 cnt 2.5113
epoch 33/150 step 120 | loss 2.5626 | det 0.0000 seg 0.0000 cnt 1.9723
epoch 33/150 step 140 | loss 2.5378 | det 0.0000 seg 0.0000 cnt 1.8573
epoch 33/150 step 160 | loss 2.5104 | det 0.0000 seg 0.0000 cnt 2.3130
epoch 33/150 | train 2.5046 | val det 0.0000 seg 0.0000 miou 0.0000 cnt 0.0000 dens 0.000000e+00 mae 0.0000 total_mae 0.0000 | ap50 0.0000 | selected cnt_mae(min) 0.000000
epoch 34/150 step 20 | loss 2.4185 | det 0.0000 seg 0.0000 cnt 2.5016
epoch 34/150 step 40 | loss 2.4029 | det 0.0000 seg 0.0000 cnt 2.0136
epoch 34/150 step 60 | loss 2.3462 | det 0.0000 seg 0.0000 cnt 1.4838
epoch 34/150 step 80 | loss 2.3322 | det 0.0000 seg 0.0000 cnt 2.5916
epoch 34/150 step 100 | loss 2.3814 | det 0.0000 seg 0.0000 cnt 1.9657
epoch 34/150 step 120 | loss 2.4281 | det 0.0000 seg 0.0000 cnt 3.0575
epoch 34/150 step 140 | loss 2.3944 | det 0.0000 seg 0.0000 cnt 2.4029
epoch 34/150 step 160 | loss 2.4265 | det 0.0000 seg 0.0000 cnt 3.0916
epoch 34/150 | train 2.4214 | val det 0.0000 seg 0.0000 miou 0.0000 cnt 0.0000 dens 0.000000e+00 mae 0.0000 total_mae 0.0000 | ap50 0.0000 | selected cnt_mae(min) 0.000000
epoch 35/150 step 20 | loss 2.3578 | det 0.0000 seg 0.0000 cnt 2.6524
epoch 35/150 step 40 | loss 2.4759 | det 0.0000 seg 0.0000 cnt 2.3472
epoch 35/150 step 60 | loss 2.5243 | det 0.0000 seg 0.0000 cnt 2.2526
epoch 35/150 step 80 | loss 2.5158 | det 0.0000 seg 0.0000 cnt 2.2678
epoch 35/150 step 100 | loss 2.4895 | det 0.0000 seg 0.0000 cnt 1.0990
epoch 35/150 step 120 | loss 2.4289 | det 0.0000 seg 0.0000 cnt 1.5812
epoch 35/150 step 140 | loss 2.3616 | det 0.0000 seg 0.0000 cnt 1.9797
epoch 35/150 step 160 | loss 2.3970 | det 0.0000 seg 0.0000 cnt 7.1766
epoch 35/150 | train 2.4089 | val det 0.0000 seg 0.0000 miou 0.0000 cnt 0.0000 dens 0.000000e+00 mae 0.0000 total_mae 0.0000 | ap50 0.0000 | selected cnt_mae(min) 0.000000
epoch 36/150 step 20 | loss 2.4904 | det 0.0000 seg 0.0000 cnt 4.8521
epoch 36/150 step 40 | loss 2.4942 | det 0.0000 seg 0.0000 cnt 4.5722
epoch 36/150 step 60 | loss 2.4942 | det 0.0000 seg 0.0000 cnt 2.9652
epoch 36/150 step 80 | loss 2.4316 | det 0.0000 seg 0.0000 cnt 3.2894
epoch 36/150 step 100 | loss 2.4600 | det 0.0000 seg 0.0000 cnt 1.2361
epoch 36/150 step 120 | loss 2.5217 | det 0.0000 seg 0.0000 cnt 6.6592
epoch 36/150 step 140 | loss 2.4965 | det 0.0000 seg 0.0000 cnt 1.5454
epoch 36/150 step 160 | loss 2.4796 | det 0.0000 seg 0.0000 cnt 1.1847
epoch 36/150 | train 2.4819 | val det 0.0000 seg 0.0000 miou 0.0000 cnt 0.0000 dens 0.000000e+00 mae 0.0000 total_mae 0.0000 | ap50 0.0000 | selected cnt_mae(min) 0.000000
epoch 37/150 step 20 | loss 2.7753 | det 0.0000 seg 0.0000 cnt 2.8072
epoch 37/150 step 40 | loss 2.5815 | det 0.0000 seg 0.0000 cnt 1.6556
epoch 37/150 step 60 | loss 2.4611 | det 0.0000 seg 0.0000 cnt 1.8087
epoch 37/150 step 80 | loss 2.3531 | det 0.0000 seg 0.0000 cnt 1.5019
epoch 37/150 step 100 | loss 2.3862 | det 0.0000 seg 0.0000 cnt 2.4032
epoch 37/150 step 120 | loss 2.3360 | det 0.0000 seg 0.0000 cnt 1.6808
epoch 37/150 step 140 | loss 2.3442 | det 0.0000 seg 0.0000 cnt 2.9552
epoch 37/150 step 160 | loss 2.3468 | det 0.0000 seg 0.0000 cnt 3.3249
epoch 37/150 | train 2.3512 | val det 0.0000 seg 0.0000 miou 0.0000 cnt 0.0000 dens 0.000000e+00 mae 0.0000 total_mae 0.0000 | ap50 0.0000 | selected cnt_mae(min) 0.000000
epoch 38/150 step 20 | loss 2.5553 | det 0.0000 seg 0.0000 cnt 2.4841
epoch 38/150 step 40 | loss 2.5340 | det 0.0000 seg 0.0000 cnt 1.9922
epoch 38/150 step 60 | loss 2.4451 | det 0.0000 seg 0.0000 cnt 0.8927
epoch 38/150 step 80 | loss 2.4326 | det 0.0000 seg 0.0000 cnt 4.1222
epoch 38/150 step 100 | loss 2.4064 | det 0.0000 seg 0.0000 cnt 1.6888
epoch 38/150 step 120 | loss 2.3903 | det 0.0000 seg 0.0000 cnt 1.2397
epoch 38/150 step 140 | loss 2.3542 | det 0.0000 seg 0.0000 cnt 2.2753
epoch 38/150 step 160 | loss 2.3491 | det 0.0000 seg 0.0000 cnt 2.7826
epoch 38/150 | train 2.3521 | val det 0.0000 seg 0.0000 miou 0.0000 cnt 0.0000 dens 0.000000e+00 mae 0.0000 total_mae 0.0000 | ap50 0.0000 | selected cnt_mae(min) 0.000000
epoch 39/150 step 20 | loss 2.4964 | det 0.0000 seg 0.0000 cnt 3.1619
epoch 39/150 step 40 | loss 2.4860 | det 0.0000 seg 0.0000 cnt 1.5399
epoch 39/150 step 60 | loss 2.3918 | det 0.0000 seg 0.0000 cnt 3.0852
epoch 39/150 step 80 | loss 2.4080 | det 0.0000 seg 0.0000 cnt 2.3138
epoch 39/150 step 100 | loss 2.3636 | det 0.0000 seg 0.0000 cnt 1.2220
epoch 39/150 step 120 | loss 2.3493 | det 0.0000 seg 0.0000 cnt 1.4858
epoch 39/150 step 140 | loss 2.3936 | det 0.0000 seg 0.0000 cnt 1.7218
epoch 39/150 step 160 | loss 2.4560 | det 0.0000 seg 0.0000 cnt 2.8797
epoch 39/150 | train 2.4517 | val det 0.0000 seg 0.0000 miou 0.0000 cnt 0.0000 dens 0.000000e+00 mae 0.0000 total_mae 0.0000 | ap50 0.0000 | selected cnt_mae(min) 0.000000
epoch 40/150 step 20 | loss 2.1619 | det 0.0000 seg 0.0000 cnt 1.1279
epoch 40/150 step 40 | loss 2.1746 | det 0.0000 seg 0.0000 cnt 0.7773
epoch 40/150 step 60 | loss 2.2465 | det 0.0000 seg 0.0000 cnt 1.6126
epoch 40/150 step 80 | loss 2.2013 | det 0.0000 seg 0.0000 cnt 3.0634
epoch 40/150 step 100 | loss 2.2567 | det 0.0000 seg 0.0000 cnt 3.1152
epoch 40/150 step 120 | loss 2.2284 | det 0.0000 seg 0.0000 cnt 2.4229
epoch 40/150 step 140 | loss 2.2635 | det 0.0000 seg 0.0000 cnt 4.8978
epoch 40/150 step 160 | loss 2.2303 | det 0.0000 seg 0.0000 cnt 1.5387
epoch 40/150 | train 2.2369 | val det 0.0000 seg 0.0000 miou 0.0000 cnt 0.0000 dens 0.000000e+00 mae 0.0000 total_mae 0.0000 | ap50 0.0000 | selected cnt_mae(min) 0.000000
epoch 41/150 step 20 | loss 2.4155 | det 0.0000 seg 0.0000 cnt 2.3043
epoch 41/150 step 40 | loss 2.3035 | det 0.0000 seg 0.0000 cnt 2.2330
epoch 41/150 step 60 | loss 2.2418 | det 0.0000 seg 0.0000 cnt 2.2882
epoch 41/150 step 80 | loss 2.2958 | det 0.0000 seg 0.0000 cnt 3.6237
epoch 41/150 step 100 | loss 2.2613 | det 0.0000 seg 0.0000 cnt 2.3634
epoch 41/150 step 120 | loss 2.1890 | det 0.0000 seg 0.0000 cnt 0.8942
epoch 41/150 step 140 | loss 2.2244 | det 0.0000 seg 0.0000 cnt 1.8518
epoch 41/150 step 160 | loss 2.2369 | det 0.0000 seg 0.0000 cnt 2.5822
epoch 41/150 | train 2.2307 | val det 0.0000 seg 0.0000 miou 0.0000 cnt 0.0000 dens 0.000000e+00 mae 0.0000 total_mae 0.0000 | ap50 0.0000 | selected cnt_mae(min) 0.000000
epoch 42/150 step 20 | loss 1.9543 | det 0.0000 seg 0.0000 cnt 1.3244
epoch 42/150 step 40 | loss 2.0577 | det 0.0000 seg 0.0000 cnt 1.4101
epoch 42/150 step 60 | loss 2.2002 | det 0.0000 seg 0.0000 cnt 1.5342
epoch 42/150 step 80 | loss 2.1641 | det 0.0000 seg 0.0000 cnt 1.4380
epoch 42/150 step 100 | loss 2.2042 | det 0.0000 seg 0.0000 cnt 1.0147
epoch 42/150 step 120 | loss 2.1884 | det 0.0000 seg 0.0000 cnt 1.5778
epoch 42/150 step 140 | loss 2.1918 | det 0.0000 seg 0.0000 cnt 2.4472
epoch 42/150 step 160 | loss 2.1870 | det 0.0000 seg 0.0000 cnt 1.7356
epoch 42/150 | train 2.1827 | val det 0.0000 seg 0.0000 miou 0.0000 cnt 0.0000 dens 0.000000e+00 mae 0.0000 total_mae 0.0000 | ap50 0.0000 | selected cnt_mae(min) 0.000000
epoch 43/150 step 20 | loss 2.2574 | det 0.0000 seg 0.0000 cnt 1.8981
epoch 43/150 step 40 | loss 2.1203 | det 0.0000 seg 0.0000 cnt 1.1694
epoch 43/150 step 60 | loss 2.2460 | det 0.0000 seg 0.0000 cnt 2.9537
epoch 43/150 step 80 | loss 2.3144 | det 0.0000 seg 0.0000 cnt 2.0079
epoch 43/150 step 100 | loss 2.2948 | det 0.0000 seg 0.0000 cnt 4.0385
epoch 43/150 step 120 | loss 2.2291 | det 0.0000 seg 0.0000 cnt 2.3613
epoch 43/150 step 140 | loss 2.2648 | det 0.0000 seg 0.0000 cnt 3.8913
epoch 43/150 step 160 | loss 2.2961 | det 0.0000 seg 0.0000 cnt 3.7132
epoch 43/150 | train 2.2983 | val det 0.0000 seg 0.0000 miou 0.0000 cnt 0.0000 dens 0.000000e+00 mae 0.0000 total_mae 0.0000 | ap50 0.0000 | selected cnt_mae(min) 0.000000
epoch 44/150 step 20 | loss 2.3385 | det 0.0000 seg 0.0000 cnt 1.5984
epoch 44/150 step 40 | loss 2.3509 | det 0.0000 seg 0.0000 cnt 2.6875
epoch 44/150 step 60 | loss 2.3002 | det 0.0000 seg 0.0000 cnt 2.2704
epoch 44/150 step 80 | loss 2.4352 | det 0.0000 seg 0.0000 cnt 2.2463
epoch 44/150 step 100 | loss 2.3393 | det 0.0000 seg 0.0000 cnt 1.5717
epoch 44/150 step 120 | loss 2.3197 | det 0.0000 seg 0.0000 cnt 1.7263
epoch 44/150 step 140 | loss 2.2866 | det 0.0000 seg 0.0000 cnt 1.7791
epoch 44/150 step 160 | loss 2.2654 | det 0.0000 seg 0.0000 cnt 2.3883
epoch 44/150 | train 2.2639 | val det 0.0000 seg 0.0000 miou 0.0000 cnt 0.0000 dens 0.000000e+00 mae 0.0000 total_mae 0.0000 | ap50 0.0000 | selected cnt_mae(min) 0.000000
epoch 45/150 step 20 | loss 2.0976 | det 0.0000 seg 0.0000 cnt 2.6246
epoch 45/150 step 40 | loss 2.1657 | det 0.0000 seg 0.0000 cnt 1.1959
epoch 45/150 step 60 | loss 2.2627 | det 0.0000 seg 0.0000 cnt 2.2803
epoch 45/150 step 80 | loss 2.2436 | det 0.0000 seg 0.0000 cnt 4.3512
epoch 45/150 step 100 | loss 2.2286 | det 0.0000 seg 0.0000 cnt 1.8841
epoch 45/150 step 120 | loss 2.1944 | det 0.0000 seg 0.0000 cnt 2.0209
epoch 45/150 step 140 | loss 2.2390 | det 0.0000 seg 0.0000 cnt 1.9032
epoch 45/150 step 160 | loss 2.2188 | det 0.0000 seg 0.0000 cnt 2.4729
epoch 45/150 | train 2.2174 | val det 0.0000 seg 0.0000 miou 0.0000 cnt 0.0000 dens 0.000000e+00 mae 0.0000 total_mae 0.0000 | ap50 0.0000 | selected cnt_mae(min) 0.000000
epoch 46/150 step 20 | loss 2.1021 | det 0.0000 seg 0.0000 cnt 2.6271
epoch 46/150 step 40 | loss 2.1219 | det 0.0000 seg 0.0000 cnt 1.7486
epoch 46/150 step 60 | loss 2.1468 | det 0.0000 seg 0.0000 cnt 3.7568
epoch 46/150 step 80 | loss 2.1687 | det 0.0000 seg 0.0000 cnt 2.5244
epoch 46/150 step 100 | loss 2.2610 | det 0.0000 seg 0.0000 cnt 3.0440
epoch 46/150 step 120 | loss 2.2290 | det 0.0000 seg 0.0000 cnt 1.6589
epoch 46/150 step 140 | loss 2.2324 | det 0.0000 seg 0.0000 cnt 3.7301
epoch 46/150 step 160 | loss 2.1944 | det 0.0000 seg 0.0000 cnt 2.6070
epoch 46/150 | train 2.1882 | val det 0.0000 seg 0.0000 miou 0.0000 cnt 0.0000 dens 0.000000e+00 mae 0.0000 total_mae 0.0000 | ap50 0.0000 | selected cnt_mae(min) 0.000000
epoch 47/150 step 20 | loss 1.9302 | det 0.0000 seg 0.0000 cnt 1.8255
epoch 47/150 step 40 | loss 2.1212 | det 0.0000 seg 0.0000 cnt 1.0617
epoch 47/150 step 60 | loss 2.1426 | det 0.0000 seg 0.0000 cnt 2.9700
epoch 47/150 step 80 | loss 2.1856 | det 0.0000 seg 0.0000 cnt 3.4602
epoch 47/150 step 100 | loss 2.1847 | det 0.0000 seg 0.0000 cnt 1.8669
epoch 47/150 step 120 | loss 2.1666 | det 0.0000 seg 0.0000 cnt 2.0495
epoch 47/150 step 140 | loss 2.1628 | det 0.0000 seg 0.0000 cnt 2.8205
epoch 47/150 step 160 | loss 2.2250 | det 0.0000 seg 0.0000 cnt 5.3726
epoch 47/150 | train 2.2204 | val det 0.0000 seg 0.0000 miou 0.0000 cnt 0.0000 dens 0.000000e+00 mae 0.0000 total_mae 0.0000 | ap50 0.0000 | selected cnt_mae(min) 0.000000
epoch 48/150 step 20 | loss 2.3883 | det 0.0000 seg 0.0000 cnt 2.1982
epoch 48/150 step 40 | loss 2.3328 | det 0.0000 seg 0.0000 cnt 2.3605
epoch 48/150 step 60 | loss 2.2806 | det 0.0000 seg 0.0000 cnt 1.7127
epoch 48/150 step 80 | loss 2.1691 | det 0.0000 seg 0.0000 cnt 1.0300
epoch 48/150 step 100 | loss 2.1110 | det 0.0000 seg 0.0000 cnt 3.8308
epoch 48/150 step 120 | loss 2.1102 | det 0.0000 seg 0.0000 cnt 1.3083
epoch 48/150 step 140 | loss 2.1460 | det 0.0000 seg 0.0000 cnt 1.3459
epoch 48/150 step 160 | loss 2.1670 | det 0.0000 seg 0.0000 cnt 1.4212
epoch 48/150 | train 2.1692 | val det 0.0000 seg 0.0000 miou 0.0000 cnt 0.0000 dens 0.000000e+00 mae 0.0000 total_mae 0.0000 | ap50 0.0000 | selected cnt_mae(min) 0.000000
epoch 49/150 step 20 | loss 2.1362 | det 0.0000 seg 0.0000 cnt 1.6622
epoch 49/150 step 40 | loss 2.4275 | det 0.0000 seg 0.0000 cnt 4.1049
epoch 49/150 step 60 | loss 2.2919 | det 0.0000 seg 0.0000 cnt 2.2255
epoch 49/150 step 80 | loss 2.1722 | det 0.0000 seg 0.0000 cnt 2.6365
epoch 49/150 step 100 | loss 2.1297 | det 0.0000 seg 0.0000 cnt 1.9398
epoch 49/150 step 120 | loss 2.1019 | det 0.0000 seg 0.0000 cnt 2.6268
epoch 49/150 step 140 | loss 2.1229 | det 0.0000 seg 0.0000 cnt 1.2394
epoch 49/150 step 160 | loss 2.1213 | det 0.0000 seg 0.0000 cnt 1.9328
epoch 49/150 | train 2.1169 | val det 0.0000 seg 0.0000 miou 0.0000 cnt 0.0000 dens 0.000000e+00 mae 0.0000 total_mae 0.0000 | ap50 0.0000 | selected cnt_mae(min) 0.000000
epoch 50/150 step 20 | loss 2.1180 | det 0.0000 seg 0.0000 cnt 2.0832
epoch 50/150 step 40 | loss 1.9150 | det 0.0000 seg 0.0000 cnt 1.9432
epoch 50/150 step 60 | loss 2.0428 | det 0.0000 seg 0.0000 cnt 2.4531
epoch 50/150 step 80 | loss 2.0879 | det 0.0000 seg 0.0000 cnt 2.0444
epoch 50/150 step 100 | loss 2.0589 | det 0.0000 seg 0.0000 cnt 2.6261
epoch 50/150 step 120 | loss 2.0332 | det 0.0000 seg 0.0000 cnt 0.8864
epoch 50/150 step 140 | loss 2.1110 | det 0.0000 seg 0.0000 cnt 1.3528
epoch 50/150 step 160 | loss 2.1533 | det 0.0000 seg 0.0000 cnt 1.1787
epoch 50/150 | train 2.1472 | val det 0.0000 seg 0.0000 miou 0.0000 cnt 0.0000 dens 0.000000e+00 mae 0.0000 total_mae 0.0000 | ap50 0.0000 | selected cnt_mae(min) 0.000000
epoch 51/150 step 20 | loss 2.0665 | det 0.0000 seg 0.0000 cnt 1.6459
epoch 51/150 step 40 | loss 2.0316 | det 0.0000 seg 0.0000 cnt 1.1967
epoch 51/150 step 60 | loss 2.0174 | det 0.0000 seg 0.0000 cnt 2.5716
epoch 51/150 step 80 | loss 2.0379 | det 0.0000 seg 0.0000 cnt 2.0097
epoch 51/150 step 100 | loss 2.0597 | det 0.0000 seg 0.0000 cnt 1.5555
epoch 51/150 step 120 | loss 2.0216 | det 0.0000 seg 0.0000 cnt 2.1551
epoch 51/150 step 140 | loss 2.0536 | det 0.0000 seg 0.0000 cnt 1.6194
epoch 51/150 step 160 | loss 2.0257 | det 0.0000 seg 0.0000 cnt 0.9812
epoch 51/150 | train 2.0242 | val det 0.0000 seg 0.0000 miou 0.0000 cnt 0.0000 dens 0.000000e+00 mae 0.0000 total_mae 0.0000 | ap50 0.0000 | selected cnt_mae(min) 0.000000
epoch 52/150 step 20 | loss 2.2076 | det 0.0000 seg 0.0000 cnt 2.7471
epoch 52/150 step 40 | loss 2.0913 | det 0.0000 seg 0.0000 cnt 1.0070
epoch 52/150 step 60 | loss 2.0969 | det 0.0000 seg 0.0000 cnt 1.6625
epoch 52/150 step 80 | loss 2.1720 | det 0.0000 seg 0.0000 cnt 3.0054
epoch 52/150 step 100 | loss 2.1735 | det 0.0000 seg 0.0000 cnt 2.6334
epoch 52/150 step 120 | loss 2.1604 | det 0.0000 seg 0.0000 cnt 1.3644
epoch 52/150 step 140 | loss 2.1269 | det 0.0000 seg 0.0000 cnt 2.1719
epoch 52/150 step 160 | loss 2.0808 | det 0.0000 seg 0.0000 cnt 1.5217
epoch 52/150 | train 2.0750 | val det 0.0000 seg 0.0000 miou 0.0000 cnt 0.0000 dens 0.000000e+00 mae 0.0000 total_mae 0.0000 | ap50 0.0000 | selected cnt_mae(min) 0.000000
epoch 53/150 step 20 | loss 1.8275 | det 0.0000 seg 0.0000 cnt 1.6571
epoch 53/150 step 40 | loss 1.9909 | det 0.0000 seg 0.0000 cnt 1.2396
epoch 53/150 step 60 | loss 2.0049 | det 0.0000 seg 0.0000 cnt 1.4438
epoch 53/150 step 80 | loss 2.0183 | det 0.0000 seg 0.0000 cnt 2.0894
epoch 53/150 step 100 | loss 2.0279 | det 0.0000 seg 0.0000 cnt 1.8332
epoch 53/150 step 120 | loss 2.0955 | det 0.0000 seg 0.0000 cnt 3.5095
epoch 53/150 step 140 | loss 2.1411 | det 0.0000 seg 0.0000 cnt 4.7930
epoch 53/150 step 160 | loss 2.1208 | det 0.0000 seg 0.0000 cnt 2.4949
epoch 53/150 | train 2.1255 | val det 0.0000 seg 0.0000 miou 0.0000 cnt 0.0000 dens 0.000000e+00 mae 0.0000 total_mae 0.0000 | ap50 0.0000 | selected cnt_mae(min) 0.000000
epoch 54/150 step 20 | loss 1.9674 | det 0.0000 seg 0.0000 cnt 1.4886
epoch 54/150 step 40 | loss 2.0363 | det 0.0000 seg 0.0000 cnt 1.7835
epoch 54/150 step 60 | loss 2.0035 | det 0.0000 seg 0.0000 cnt 3.4274
epoch 54/150 step 80 | loss 1.9590 | det 0.0000 seg 0.0000 cnt 1.2348
epoch 54/150 step 100 | loss 2.0131 | det 0.0000 seg 0.0000 cnt 1.2350
epoch 54/150 step 120 | loss 1.9989 | det 0.0000 seg 0.0000 cnt 1.7109
epoch 54/150 step 140 | loss 2.0042 | det 0.0000 seg 0.0000 cnt 1.2091
epoch 54/150 step 160 | loss 1.9672 | det 0.0000 seg 0.0000 cnt 1.1672
epoch 54/150 | train 1.9725 | val det 0.0000 seg 0.0000 miou 0.0000 cnt 0.0000 dens 0.000000e+00 mae 0.0000 total_mae 0.0000 | ap50 0.0000 | selected cnt_mae(min) 0.000000
epoch 55/150 step 20 | loss 1.9726 | det 0.0000 seg 0.0000 cnt 2.1255
epoch 55/150 step 40 | loss 1.9584 | det 0.0000 seg 0.0000 cnt 0.9712
epoch 55/150 step 60 | loss 1.9705 | det 0.0000 seg 0.0000 cnt 1.7927
epoch 55/150 step 80 | loss 1.9470 | det 0.0000 seg 0.0000 cnt 2.1975
epoch 55/150 step 100 | loss 1.9543 | det 0.0000 seg 0.0000 cnt 1.4551
epoch 55/150 step 120 | loss 1.9560 | det 0.0000 seg 0.0000 cnt 1.2998
epoch 55/150 step 140 | loss 1.9902 | det 0.0000 seg 0.0000 cnt 3.1331
epoch 55/150 step 160 | loss 2.0413 | det 0.0000 seg 0.0000 cnt 1.6046
epoch 55/150 | train 2.0429 | val det 0.0000 seg 0.0000 miou 0.0000 cnt 0.0000 dens 0.000000e+00 mae 0.0000 total_mae 0.0000 | ap50 0.0000 | selected cnt_mae(min) 0.000000
epoch 56/150 step 20 | loss 2.1157 | det 0.0000 seg 0.0000 cnt 2.2077
epoch 56/150 step 40 | loss 1.9999 | det 0.0000 seg 0.0000 cnt 1.9087
epoch 56/150 step 60 | loss 2.0601 | det 0.0000 seg 0.0000 cnt 1.2138
epoch 56/150 step 80 | loss 2.0065 | det 0.0000 seg 0.0000 cnt 1.3728
epoch 56/150 step 100 | loss 1.9627 | det 0.0000 seg 0.0000 cnt 1.6570
epoch 56/150 step 120 | loss 1.9800 | det 0.0000 seg 0.0000 cnt 1.4420
epoch 56/150 step 140 | loss 1.9680 | det 0.0000 seg 0.0000 cnt 2.1195
epoch 56/150 step 160 | loss 1.9776 | det 0.0000 seg 0.0000 cnt 1.1428
epoch 56/150 | train 1.9745 | val det 0.0000 seg 0.0000 miou 0.0000 cnt 0.0000 dens 0.000000e+00 mae 0.0000 total_mae 0.0000 | ap50 0.0000 | selected cnt_mae(min) 0.000000
epoch 57/150 step 20 | loss 2.1429 | det 0.0000 seg 0.0000 cnt 2.6914
epoch 57/150 step 40 | loss 2.1567 | det 0.0000 seg 0.0000 cnt 2.7658
epoch 57/150 step 60 | loss 2.0917 | det 0.0000 seg 0.0000 cnt 1.2995
epoch 57/150 step 80 | loss 2.0436 | det 0.0000 seg 0.0000 cnt 1.9949
epoch 57/150 step 100 | loss 2.0897 | det 0.0000 seg 0.0000 cnt 1.2369
epoch 57/150 step 120 | loss 2.0769 | det 0.0000 seg 0.0000 cnt 1.6767
epoch 57/150 step 140 | loss 2.0830 | det 0.0000 seg 0.0000 cnt 2.1640
epoch 57/150 step 160 | loss 2.1007 | det 0.0000 seg 0.0000 cnt 2.2474
epoch 57/150 | train 2.0980 | val det 0.0000 seg 0.0000 miou 0.0000 cnt 0.0000 dens 0.000000e+00 mae 0.0000 total_mae 0.0000 | ap50 0.0000 | selected cnt_mae(min) 0.000000
epoch 58/150 step 20 | loss 2.2567 | det 0.0000 seg 0.0000 cnt 2.5101
epoch 58/150 step 40 | loss 2.0470 | det 0.0000 seg 0.0000 cnt 2.5608
epoch 58/150 step 60 | loss 2.0871 | det 0.0000 seg 0.0000 cnt 1.1515
epoch 58/150 step 80 | loss 2.1089 | det 0.0000 seg 0.0000 cnt 3.2914
epoch 58/150 step 100 | loss 2.1467 | det 0.0000 seg 0.0000 cnt 2.2622
epoch 58/150 step 120 | loss 2.1092 | det 0.0000 seg 0.0000 cnt 1.6223
epoch 58/150 step 140 | loss 2.1482 | det 0.0000 seg 0.0000 cnt 0.7796
epoch 58/150 step 160 | loss 2.1484 | det 0.0000 seg 0.0000 cnt 2.6393
epoch 58/150 | train 2.1476 | val det 0.0000 seg 0.0000 miou 0.0000 cnt 0.0000 dens 0.000000e+00 mae 0.0000 total_mae 0.0000 | ap50 0.0000 | selected cnt_mae(min) 0.000000
epoch 59/150 step 20 | loss 1.9595 | det 0.0000 seg 0.0000 cnt 1.0729
epoch 59/150 step 40 | loss 2.0811 | det 0.0000 seg 0.0000 cnt 2.4298
epoch 59/150 step 60 | loss 1.9806 | det 0.0000 seg 0.0000 cnt 1.4000
epoch 59/150 step 80 | loss 2.0044 | det 0.0000 seg 0.0000 cnt 2.2441
epoch 59/150 step 100 | loss 2.0098 | det 0.0000 seg 0.0000 cnt 2.2911
epoch 59/150 step 120 | loss 1.9696 | det 0.0000 seg 0.0000 cnt 1.7857
epoch 59/150 step 140 | loss 1.9712 | det 0.0000 seg 0.0000 cnt 1.1125
epoch 59/150 step 160 | loss 2.0101 | det 0.0000 seg 0.0000 cnt 2.4257
epoch 59/150 | train 2.0113 | val det 0.0000 seg 0.0000 miou 0.0000 cnt 0.0000 dens 0.000000e+00 mae 0.0000 total_mae 0.0000 | ap50 0.0000 | selected cnt_mae(min) 0.000000
epoch 60/150 step 20 | loss 1.6671 | det 0.0000 seg 0.0000 cnt 1.1339
epoch 60/150 step 40 | loss 1.7788 | det 0.0000 seg 0.0000 cnt 1.1485
epoch 60/150 step 60 | loss 1.9236 | det 0.0000 seg 0.0000 cnt 2.8107
epoch 60/150 step 80 | loss 1.9659 | det 0.0000 seg 0.0000 cnt 1.1575
epoch 60/150 step 100 | loss 1.9455 | det 0.0000 seg 0.0000 cnt 1.8590
epoch 60/150 step 120 | loss 1.9401 | det 0.0000 seg 0.0000 cnt 3.0983
epoch 60/150 step 140 | loss 1.9440 | det 0.0000 seg 0.0000 cnt 1.3714
epoch 60/150 step 160 | loss 1.9348 | det 0.0000 seg 0.0000 cnt 1.8807
epoch 60/150 | train 1.9348 | val det 0.0000 seg 0.0000 miou 0.0000 cnt 0.0000 dens 0.000000e+00 mae 0.0000 total_mae 0.0000 | ap50 0.0000 | selected cnt_mae(min) 0.000000
epoch 61/150 step 20 | loss 2.1517 | det 0.0000 seg 0.0000 cnt 1.7042
epoch 61/150 step 40 | loss 2.0303 | det 0.0000 seg 0.0000 cnt 1.2827
epoch 61/150 step 60 | loss 2.1100 | det 0.0000 seg 0.0000 cnt 1.6724
epoch 61/150 step 80 | loss 2.0314 | det 0.0000 seg 0.0000 cnt 2.0721
epoch 61/150 step 100 | loss 2.0513 | det 0.0000 seg 0.0000 cnt 1.9044
epoch 61/150 step 120 | loss 2.0283 | det 0.0000 seg 0.0000 cnt 1.8177
epoch 61/150 step 140 | loss 2.0131 | det 0.0000 seg 0.0000 cnt 1.8142
epoch 61/150 step 160 | loss 2.0359 | det 0.0000 seg 0.0000 cnt 3.6419
epoch 61/150 | train 2.0371 | val det 0.0000 seg 0.0000 miou 0.0000 cnt 0.0000 dens 0.000000e+00 mae 0.0000 total_mae 0.0000 | ap50 0.0000 | selected cnt_mae(min) 0.000000
epoch 62/150 step 20 | loss 3.1324 | det 0.0000 seg 0.0000 cnt 2.0005
epoch 62/150 step 40 | loss 2.5310 | det 0.0000 seg 0.0000 cnt 1.6181
epoch 62/150 step 60 | loss 2.2743 | det 0.0000 seg 0.0000 cnt 1.5275
epoch 62/150 step 80 | loss 2.2734 | det 0.0000 seg 0.0000 cnt 1.4003
epoch 62/150 step 100 | loss 2.2875 | det 0.0000 seg 0.0000 cnt 2.3167
epoch 62/150 step 120 | loss 2.2158 | det 0.0000 seg 0.0000 cnt 1.8288
epoch 62/150 step 140 | loss 2.2105 | det 0.0000 seg 0.0000 cnt 3.2879
epoch 62/150 step 160 | loss 2.1824 | det 0.0000 seg 0.0000 cnt 2.4355
epoch 62/150 | train 2.1738 | val det 0.0000 seg 0.0000 miou 0.0000 cnt 0.0000 dens 0.000000e+00 mae 0.0000 total_mae 0.0000 | ap50 0.0000 | selected cnt_mae(min) 0.000000
epoch 63/150 step 20 | loss 1.9034 | det 0.0000 seg 0.0000 cnt 2.6743
epoch 63/150 step 40 | loss 1.9715 | det 0.0000 seg 0.0000 cnt 1.8318
epoch 63/150 step 60 | loss 1.9719 | det 0.0000 seg 0.0000 cnt 1.8309
epoch 63/150 step 80 | loss 1.9596 | det 0.0000 seg 0.0000 cnt 1.4467
epoch 63/150 step 100 | loss 1.9631 | det 0.0000 seg 0.0000 cnt 2.2497
epoch 63/150 step 120 | loss 1.9948 | det 0.0000 seg 0.0000 cnt 2.7906
epoch 63/150 step 140 | loss 2.0538 | det 0.0000 seg 0.0000 cnt 4.1494
epoch 63/150 step 160 | loss 2.0383 | det 0.0000 seg 0.0000 cnt 3.0172
epoch 63/150 | train 2.0349 | val det 0.0000 seg 0.0000 miou 0.0000 cnt 0.0000 dens 0.000000e+00 mae 0.0000 total_mae 0.0000 | ap50 0.0000 | selected cnt_mae(min) 0.000000
epoch 64/150 step 20 | loss 2.0050 | det 0.0000 seg 0.0000 cnt 3.0739
epoch 64/150 step 40 | loss 2.1534 | det 0.0000 seg 0.0000 cnt 3.7884
epoch 64/150 step 60 | loss 1.9943 | det 0.0000 seg 0.0000 cnt 1.6686
epoch 64/150 step 80 | loss 1.9819 | det 0.0000 seg 0.0000 cnt 2.1484
epoch 64/150 step 100 | loss 1.9284 | det 0.0000 seg 0.0000 cnt 1.9370
epoch 64/150 step 120 | loss 1.9231 | det 0.0000 seg 0.0000 cnt 2.6040
epoch 64/150 step 140 | loss 1.9776 | det 0.0000 seg 0.0000 cnt 1.7672
epoch 64/150 step 160 | loss 2.0173 | det 0.0000 seg 0.0000 cnt 3.6832
epoch 64/150 | train 2.0174 | val det 0.0000 seg 0.0000 miou 0.0000 cnt 0.0000 dens 0.000000e+00 mae 0.0000 total_mae 0.0000 | ap50 0.0000 | selected cnt_mae(min) 0.000000
epoch 65/150 step 20 | loss 1.8012 | det 0.0000 seg 0.0000 cnt 1.2701
epoch 65/150 step 40 | loss 1.8510 | det 0.0000 seg 0.0000 cnt 2.1488
epoch 65/150 step 60 | loss 1.8229 | det 0.0000 seg 0.0000 cnt 1.5156
epoch 65/150 step 80 | loss 1.8320 | det 0.0000 seg 0.0000 cnt 1.7491
epoch 65/150 step 100 | loss 1.8854 | det 0.0000 seg 0.0000 cnt 0.9138
epoch 65/150 step 120 | loss 1.9016 | det 0.0000 seg 0.0000 cnt 2.1973
epoch 65/150 step 140 | loss 1.9314 | det 0.0000 seg 0.0000 cnt 2.1467
epoch 65/150 step 160 | loss 1.9261 | det 0.0000 seg 0.0000 cnt 2.1071
epoch 65/150 | train 1.9277 | val det 0.0000 seg 0.0000 miou 0.0000 cnt 0.0000 dens 0.000000e+00 mae 0.0000 total_mae 0.0000 | ap50 0.0000 | selected cnt_mae(min) 0.000000
epoch 66/150 step 20 | loss 1.9711 | det 0.0000 seg 0.0000 cnt 2.2497
epoch 66/150 step 40 | loss 2.0761 | det 0.0000 seg 0.0000 cnt 1.1558
epoch 66/150 step 60 | loss 2.0507 | det 0.0000 seg 0.0000 cnt 2.3948
epoch 66/150 step 80 | loss 2.0648 | det 0.0000 seg 0.0000 cnt 2.9140
epoch 66/150 step 100 | loss 2.0027 | det 0.0000 seg 0.0000 cnt 1.9350
epoch 66/150 step 120 | loss 1.9675 | det 0.0000 seg 0.0000 cnt 2.4931
epoch 66/150 step 140 | loss 1.9538 | det 0.0000 seg 0.0000 cnt 1.4122
epoch 66/150 step 160 | loss 1.9618 | det 0.0000 seg 0.0000 cnt 1.1388
epoch 66/150 | train 1.9687 | val det 0.0000 seg 0.0000 miou 0.0000 cnt 0.0000 dens 0.000000e+00 mae 0.0000 total_mae 0.0000 | ap50 0.0000 | selected cnt_mae(min) 0.000000
epoch 67/150 step 20 | loss 1.7900 | det 0.0000 seg 0.0000 cnt 1.9087
epoch 67/150 step 40 | loss 1.8612 | det 0.0000 seg 0.0000 cnt 1.4528
epoch 67/150 step 60 | loss 1.9179 | det 0.0000 seg 0.0000 cnt 1.5859
epoch 67/150 step 80 | loss 1.9584 | det 0.0000 seg 0.0000 cnt 1.6622
epoch 67/150 step 100 | loss 2.0611 | det 0.0000 seg 0.0000 cnt 4.4153
epoch 67/150 step 120 | loss 1.9969 | det 0.0000 seg 0.0000 cnt 1.7065
epoch 67/150 step 140 | loss 1.9850 | det 0.0000 seg 0.0000 cnt 1.0124
epoch 67/150 step 160 | loss 2.0152 | det 0.0000 seg 0.0000 cnt 0.6076
epoch 67/150 | train 2.0178 | val det 0.0000 seg 0.0000 miou 0.0000 cnt 0.0000 dens 0.000000e+00 mae 0.0000 total_mae 0.0000 | ap50 0.0000 | selected cnt_mae(min) 0.000000
epoch 68/150 step 20 | loss 1.9161 | det 0.0000 seg 0.0000 cnt 1.5459
epoch 68/150 step 40 | loss 1.7878 | det 0.0000 seg 0.0000 cnt 3.0699
epoch 68/150 step 60 | loss 1.7610 | det 0.0000 seg 0.0000 cnt 1.3960
epoch 68/150 step 80 | loss 1.7841 | det 0.0000 seg 0.0000 cnt 1.5239
epoch 68/150 step 100 | loss 1.7904 | det 0.0000 seg 0.0000 cnt 1.9727
epoch 68/150 step 120 | loss 1.8645 | det 0.0000 seg 0.0000 cnt 2.7966
epoch 68/150 step 140 | loss 1.8569 | det 0.0000 seg 0.0000 cnt 1.6619
epoch 68/150 step 160 | loss 1.8644 | det 0.0000 seg 0.0000 cnt 1.0466
epoch 68/150 | train 1.8774 | val det 0.0000 seg 0.0000 miou 0.0000 cnt 0.0000 dens 0.000000e+00 mae 0.0000 total_mae 0.0000 | ap50 0.0000 | selected cnt_mae(min) 0.000000
epoch 69/150 step 20 | loss 1.7499 | det 0.0000 seg 0.0000 cnt 2.2537
epoch 69/150 step 40 | loss 1.8233 | det 0.0000 seg 0.0000 cnt 1.6591
epoch 69/150 step 60 | loss 1.8614 | det 0.0000 seg 0.0000 cnt 2.3703
epoch 69/150 step 80 | loss 1.9299 | det 0.0000 seg 0.0000 cnt 1.8972
epoch 69/150 step 100 | loss 1.9613 | det 0.0000 seg 0.0000 cnt 1.7366
epoch 69/150 step 120 | loss 1.9569 | det 0.0000 seg 0.0000 cnt 3.1230
epoch 69/150 step 140 | loss 1.9846 | det 0.0000 seg 0.0000 cnt 1.8770
epoch 69/150 step 160 | loss 1.9510 | det 0.0000 seg 0.0000 cnt 1.1200
epoch 69/150 | train 1.9526 | val det 0.0000 seg 0.0000 miou 0.0000 cnt 0.0000 dens 0.000000e+00 mae 0.0000 total_mae 0.0000 | ap50 0.0000 | selected cnt_mae(min) 0.000000
epoch 70/150 step 20 | loss 1.7738 | det 0.0000 seg 0.0000 cnt 1.7835
epoch 70/150 step 40 | loss 1.8116 | det 0.0000 seg 0.0000 cnt 1.7268
epoch 70/150 step 60 | loss 1.9326 | det 0.0000 seg 0.0000 cnt 0.5210
epoch 70/150 step 80 | loss 1.9151 | det 0.0000 seg 0.0000 cnt 0.9248
epoch 70/150 step 100 | loss 1.8922 | det 0.0000 seg 0.0000 cnt 1.8262
epoch 70/150 step 120 | loss 1.9045 | det 0.0000 seg 0.0000 cnt 0.7744
epoch 70/150 step 140 | loss 1.9309 | det 0.0000 seg 0.0000 cnt 1.8313
epoch 70/150 step 160 | loss 1.9151 | det 0.0000 seg 0.0000 cnt 3.0086
epoch 70/150 | train 1.9151 | val det 0.0000 seg 0.0000 miou 0.0000 cnt 0.0000 dens 0.000000e+00 mae 0.0000 total_mae 0.0000 | ap50 0.0000 | selected cnt_mae(min) 0.000000
epoch 71/150 step 20 | loss 2.3826 | det 0.0000 seg 0.0000 cnt 2.5802
epoch 71/150 step 40 | loss 2.0680 | det 0.0000 seg 0.0000 cnt 0.7693
epoch 71/150 step 60 | loss 2.0250 | det 0.0000 seg 0.0000 cnt 0.6146
epoch 71/150 step 80 | loss 2.0013 | det 0.0000 seg 0.0000 cnt 1.7118
epoch 71/150 step 100 | loss 2.1349 | det 0.0000 seg 0.0000 cnt 1.5567
epoch 71/150 step 120 | loss 2.0696 | det 0.0000 seg 0.0000 cnt 1.4618
epoch 71/150 step 140 | loss 2.0113 | det 0.0000 seg 0.0000 cnt 0.9098
epoch 71/150 step 160 | loss 1.9789 | det 0.0000 seg 0.0000 cnt 1.8666
epoch 71/150 | train 1.9773 | val det 0.0000 seg 0.0000 miou 0.0000 cnt 0.0000 dens 0.000000e+00 mae 0.0000 total_mae 0.0000 | ap50 0.0000 | selected cnt_mae(min) 0.000000
epoch 72/150 step 20 | loss 1.7612 | det 0.0000 seg 0.0000 cnt 2.3278
epoch 72/150 step 40 | loss 1.8402 | det 0.0000 seg 0.0000 cnt 2.2026
epoch 72/150 step 60 | loss 1.7980 | det 0.0000 seg 0.0000 cnt 1.1429
epoch 72/150 step 80 | loss 1.7934 | det 0.0000 seg 0.0000 cnt 1.7766
epoch 72/150 step 100 | loss 1.8053 | det 0.0000 seg 0.0000 cnt 1.5536
epoch 72/150 step 120 | loss 1.7995 | det 0.0000 seg 0.0000 cnt 1.7605
epoch 72/150 step 140 | loss 1.8122 | det 0.0000 seg 0.0000 cnt 2.2096
epoch 72/150 step 160 | loss 1.8794 | det 0.0000 seg 0.0000 cnt 1.6627
epoch 72/150 | train 1.8833 | val det 0.0000 seg 0.0000 miou 0.0000 cnt 0.0000 dens 0.000000e+00 mae 0.0000 total_mae 0.0000 | ap50 0.0000 | selected cnt_mae(min) 0.000000
epoch 73/150 step 20 | loss 1.5508 | det 0.0000 seg 0.0000 cnt 1.0309
epoch 73/150 step 40 | loss 1.6763 | det 0.0000 seg 0.0000 cnt 2.0939
epoch 73/150 step 60 | loss 1.6262 | det 0.0000 seg 0.0000 cnt 1.1670
epoch 73/150 step 80 | loss 1.7412 | det 0.0000 seg 0.0000 cnt 1.8088
epoch 73/150 step 100 | loss 1.7816 | det 0.0000 seg 0.0000 cnt 1.6688
epoch 73/150 step 120 | loss 1.8128 | det 0.0000 seg 0.0000 cnt 2.6831
epoch 73/150 step 140 | loss 1.8150 | det 0.0000 seg 0.0000 cnt 2.7346
epoch 73/150 step 160 | loss 1.8175 | det 0.0000 seg 0.0000 cnt 1.1592
epoch 73/150 | train 1.8212 | val det 0.0000 seg 0.0000 miou 0.0000 cnt 0.0000 dens 0.000000e+00 mae 0.0000 total_mae 0.0000 | ap50 0.0000 | selected cnt_mae(min) 0.000000
epoch 74/150 step 20 | loss 1.7163 | det 0.0000 seg 0.0000 cnt 1.7494
epoch 74/150 step 40 | loss 1.8900 | det 0.0000 seg 0.0000 cnt 2.2949
epoch 74/150 step 60 | loss 1.8123 | det 0.0000 seg 0.0000 cnt 1.4649
epoch 74/150 step 80 | loss 1.8827 | det 0.0000 seg 0.0000 cnt 2.7529
epoch 74/150 step 100 | loss 1.8954 | det 0.0000 seg 0.0000 cnt 2.2128
epoch 74/150 step 120 | loss 1.9285 | det 0.0000 seg 0.0000 cnt 2.4226
epoch 74/150 step 140 | loss 1.9946 | det 0.0000 seg 0.0000 cnt 2.5845
epoch 74/150 step 160 | loss 1.9810 | det 0.0000 seg 0.0000 cnt 0.9404
epoch 74/150 | train 1.9809 | val det 0.0000 seg 0.0000 miou 0.0000 cnt 0.0000 dens 0.000000e+00 mae 0.0000 total_mae 0.0000 | ap50 0.0000 | selected cnt_mae(min) 0.000000
epoch 75/150 step 20 | loss 1.6572 | det 0.0000 seg 0.0000 cnt 1.4006
epoch 75/150 step 40 | loss 1.8513 | det 0.0000 seg 0.0000 cnt 2.4681
epoch 75/150 step 60 | loss 1.8011 | det 0.0000 seg 0.0000 cnt 1.8985
epoch 75/150 step 80 | loss 1.7468 | det 0.0000 seg 0.0000 cnt 2.1444
epoch 75/150 step 100 | loss 1.7538 | det 0.0000 seg 0.0000 cnt 1.1684
epoch 75/150 step 120 | loss 1.8072 | det 0.0000 seg 0.0000 cnt 2.2665
epoch 75/150 step 140 | loss 1.8114 | det 0.0000 seg 0.0000 cnt 1.8802
epoch 75/150 step 160 | loss 1.8199 | det 0.0000 seg 0.0000 cnt 3.2882
epoch 75/150 | train 1.8150 | val det 0.0000 seg 0.0000 miou 0.0000 cnt 0.0000 dens 0.000000e+00 mae 0.0000 total_mae 0.0000 | ap50 0.0000 | selected cnt_mae(min) 0.000000
epoch 76/150 step 20 | loss 1.8616 | det 0.0000 seg 0.0000 cnt 1.2728
epoch 76/150 step 40 | loss 1.7430 | det 0.0000 seg 0.0000 cnt 1.8230
epoch 76/150 step 60 | loss 1.7418 | det 0.0000 seg 0.0000 cnt 1.5944
epoch 76/150 step 80 | loss 1.8424 | det 0.0000 seg 0.0000 cnt 1.6856
epoch 76/150 step 100 | loss 1.8741 | det 0.0000 seg 0.0000 cnt 2.2443
epoch 76/150 step 120 | loss 1.8453 | det 0.0000 seg 0.0000 cnt 1.5367
epoch 76/150 step 140 | loss 1.8971 | det 0.0000 seg 0.0000 cnt 2.6390
epoch 76/150 step 160 | loss 1.9024 | det 0.0000 seg 0.0000 cnt 1.8273
epoch 76/150 | train 1.8981 | val det 0.0000 seg 0.0000 miou 0.0000 cnt 0.0000 dens 0.000000e+00 mae 0.0000 total_mae 0.0000 | ap50 0.0000 | selected cnt_mae(min) 0.000000
epoch 77/150 step 20 | loss 2.3124 | det 0.0000 seg 0.0000 cnt 1.4449
epoch 77/150 step 40 | loss 2.0520 | det 0.0000 seg 0.0000 cnt 1.6813
epoch 77/150 step 60 | loss 1.9041 | det 0.0000 seg 0.0000 cnt 1.3492
epoch 77/150 step 80 | loss 1.8739 | det 0.0000 seg 0.0000 cnt 2.5178
epoch 77/150 step 100 | loss 1.9287 | det 0.0000 seg 0.0000 cnt 1.4965
epoch 77/150 step 120 | loss 1.9188 | det 0.0000 seg 0.0000 cnt 2.2531
epoch 77/150 step 140 | loss 1.8741 | det 0.0000 seg 0.0000 cnt 2.0878
epoch 77/150 step 160 | loss 1.8855 | det 0.0000 seg 0.0000 cnt 1.3780
epoch 77/150 | train 1.8786 | val det 0.0000 seg 0.0000 miou 0.0000 cnt 0.0000 dens 0.000000e+00 mae 0.0000 total_mae 0.0000 | ap50 0.0000 | selected cnt_mae(min) 0.000000
epoch 78/150 step 20 | loss 1.6588 | det 0.0000 seg 0.0000 cnt 1.0196
epoch 78/150 step 40 | loss 1.7765 | det 0.0000 seg 0.0000 cnt 1.3834
epoch 78/150 step 60 | loss 1.7960 | det 0.0000 seg 0.0000 cnt 1.0239
epoch 78/150 step 80 | loss 1.8149 | det 0.0000 seg 0.0000 cnt 2.5651
epoch 78/150 step 100 | loss 1.8286 | det 0.0000 seg 0.0000 cnt 1.4744
epoch 78/150 step 120 | loss 1.8022 | det 0.0000 seg 0.0000 cnt 2.1504
epoch 78/150 step 140 | loss 1.8206 | det 0.0000 seg 0.0000 cnt 1.4399
epoch 78/150 step 160 | loss 1.8233 | det 0.0000 seg 0.0000 cnt 1.6125
epoch 78/150 | train 1.8248 | val det 0.0000 seg 0.0000 miou 0.0000 cnt 0.0000 dens 0.000000e+00 mae 0.0000 total_mae 0.0000 | ap50 0.0000 | selected cnt_mae(min) 0.000000
epoch 79/150 step 20 | loss 1.5845 | det 0.0000 seg 0.0000 cnt 1.8793
epoch 79/150 step 40 | loss 1.6871 | det 0.0000 seg 0.0000 cnt 3.3021
epoch 79/150 step 60 | loss 1.6871 | det 0.0000 seg 0.0000 cnt 1.3781
epoch 79/150 step 80 | loss 1.7646 | det 0.0000 seg 0.0000 cnt 5.0831
epoch 79/150 step 100 | loss 1.7797 | det 0.0000 seg 0.0000 cnt 2.6600
epoch 79/150 step 120 | loss 1.8058 | det 0.0000 seg 0.0000 cnt 0.9645
epoch 79/150 step 140 | loss 1.7783 | det 0.0000 seg 0.0000 cnt 1.7138
epoch 79/150 step 160 | loss 1.7628 | det 0.0000 seg 0.0000 cnt 2.6161
epoch 79/150 | train 1.7589 | val det 0.0000 seg 0.0000 miou 0.0000 cnt 0.0000 dens 0.000000e+00 mae 0.0000 total_mae 0.0000 | ap50 0.0000 | selected cnt_mae(min) 0.000000
epoch 80/150 step 20 | loss 2.3257 | det 0.0000 seg 0.0000 cnt 1.2177
epoch 80/150 step 40 | loss 2.1905 | det 0.0000 seg 0.0000 cnt 2.3239
epoch 80/150 step 60 | loss 2.0958 | det 0.0000 seg 0.0000 cnt 3.4382
epoch 80/150 step 80 | loss 2.0547 | det 0.0000 seg 0.0000 cnt 1.6300
epoch 80/150 step 100 | loss 1.9840 | det 0.0000 seg 0.0000 cnt 1.3136
epoch 80/150 step 120 | loss 1.9595 | det 0.0000 seg 0.0000 cnt 2.8254
epoch 80/150 step 140 | loss 1.9322 | det 0.0000 seg 0.0000 cnt 1.7847
epoch 80/150 step 160 | loss 1.9135 | det 0.0000 seg 0.0000 cnt 0.7920
epoch 80/150 | train 1.9124 | val det 0.0000 seg 0.0000 miou 0.0000 cnt 0.0000 dens 0.000000e+00 mae 0.0000 total_mae 0.0000 | ap50 0.0000 | selected cnt_mae(min) 0.000000
epoch 81/150 step 20 | loss 1.7642 | det 0.0000 seg 0.0000 cnt 1.6977
epoch 81/150 step 40 | loss 1.8507 | det 0.0000 seg 0.0000 cnt 1.9765
epoch 81/150 step 60 | loss 1.8688 | det 0.0000 seg 0.0000 cnt 1.1502
epoch 81/150 step 80 | loss 1.8295 | det 0.0000 seg 0.0000 cnt 1.8244
epoch 81/150 step 100 | loss 1.8067 | det 0.0000 seg 0.0000 cnt 3.4234
epoch 81/150 step 120 | loss 1.8328 | det 0.0000 seg 0.0000 cnt 1.9082
epoch 81/150 step 140 | loss 1.8122 | det 0.0000 seg 0.0000 cnt 0.9306
epoch 81/150 step 160 | loss 1.8981 | det 0.0000 seg 0.0000 cnt 2.5418
epoch 81/150 | train 1.8959 | val det 0.0000 seg 0.0000 miou 0.0000 cnt 0.0000 dens 0.000000e+00 mae 0.0000 total_mae 0.0000 | ap50 0.0000 | selected cnt_mae(min) 0.000000
epoch 82/150 step 20 | loss 1.4732 | det 0.0000 seg 0.0000 cnt 1.6826
epoch 82/150 step 40 | loss 1.5625 | det 0.0000 seg 0.0000 cnt 2.7029
epoch 82/150 step 60 | loss 1.6472 | det 0.0000 seg 0.0000 cnt 2.1904
epoch 82/150 step 80 | loss 1.7085 | det 0.0000 seg 0.0000 cnt 1.2452
epoch 82/150 step 100 | loss 1.7406 | det 0.0000 seg 0.0000 cnt 2.2377
epoch 82/150 step 120 | loss 1.7081 | det 0.0000 seg 0.0000 cnt 2.0549
epoch 82/150 step 140 | loss 1.6943 | det 0.0000 seg 0.0000 cnt 1.2435
epoch 82/150 step 160 | loss 1.7287 | det 0.0000 seg 0.0000 cnt 1.7198
epoch 82/150 | train 1.7282 | val det 0.0000 seg 0.0000 miou 0.0000 cnt 0.0000 dens 0.000000e+00 mae 0.0000 total_mae 0.0000 | ap50 0.0000 | selected cnt_mae(min) 0.000000
epoch 83/150 step 20 | loss 1.7662 | det 0.0000 seg 0.0000 cnt 1.8803
epoch 83/150 step 40 | loss 1.7572 | det 0.0000 seg 0.0000 cnt 2.0068
epoch 83/150 step 60 | loss 1.7985 | det 0.0000 seg 0.0000 cnt 1.1323
epoch 83/150 step 80 | loss 1.7495 | det 0.0000 seg 0.0000 cnt 1.2782
epoch 83/150 step 100 | loss 1.7534 | det 0.0000 seg 0.0000 cnt 1.7581
epoch 83/150 step 120 | loss 1.7318 | det 0.0000 seg 0.0000 cnt 0.6806
epoch 83/150 step 140 | loss 1.7423 | det 0.0000 seg 0.0000 cnt 2.5202
epoch 83/150 step 160 | loss 1.7524 | det 0.0000 seg 0.0000 cnt 1.7238
epoch 83/150 | train 1.7579 | val det 0.0000 seg 0.0000 miou 0.0000 cnt 0.0000 dens 0.000000e+00 mae 0.0000 total_mae 0.0000 | ap50 0.0000 | selected cnt_mae(min) 0.000000
epoch 84/150 step 20 | loss 1.5933 | det 0.0000 seg 0.0000 cnt 1.4486
epoch 84/150 step 40 | loss 1.5518 | det 0.0000 seg 0.0000 cnt 1.4682
epoch 84/150 step 60 | loss 1.7085 | det 0.0000 seg 0.0000 cnt 2.6040
epoch 84/150 step 80 | loss 1.6953 | det 0.0000 seg 0.0000 cnt 1.9354
epoch 84/150 step 100 | loss 1.7231 | det 0.0000 seg 0.0000 cnt 2.4845
epoch 84/150 step 120 | loss 1.7010 | det 0.0000 seg 0.0000 cnt 0.8801
epoch 84/150 step 140 | loss 1.7246 | det 0.0000 seg 0.0000 cnt 1.2511
epoch 84/150 step 160 | loss 1.7212 | det 0.0000 seg 0.0000 cnt 2.8070
epoch 84/150 | train 1.7203 | val det 0.0000 seg 0.0000 miou 0.0000 cnt 0.0000 dens 0.000000e+00 mae 0.0000 total_mae 0.0000 | ap50 0.0000 | selected cnt_mae(min) 0.000000
epoch 85/150 step 20 | loss 1.6980 | det 0.0000 seg 0.0000 cnt 2.5662
epoch 85/150 step 40 | loss 1.6717 | det 0.0000 seg 0.0000 cnt 0.9804
epoch 85/150 step 60 | loss 1.6827 | det 0.0000 seg 0.0000 cnt 1.6605
epoch 85/150 step 80 | loss 1.6410 | det 0.0000 seg 0.0000 cnt 1.4322
epoch 85/150 step 100 | loss 1.6608 | det 0.0000 seg 0.0000 cnt 2.1706
epoch 85/150 step 120 | loss 1.6904 | det 0.0000 seg 0.0000 cnt 1.9762
epoch 85/150 step 140 | loss 1.6775 | det 0.0000 seg 0.0000 cnt 1.7870
epoch 85/150 step 160 | loss 1.7293 | det 0.0000 seg 0.0000 cnt 2.1989
epoch 85/150 | train 1.7252 | val det 0.0000 seg 0.0000 miou 0.0000 cnt 0.0000 dens 0.000000e+00 mae 0.0000 total_mae 0.0000 | ap50 0.0000 | selected cnt_mae(min) 0.000000
epoch 86/150 step 20 | loss 1.5363 | det 0.0000 seg 0.0000 cnt 1.6400
epoch 86/150 step 40 | loss 1.7615 | det 0.0000 seg 0.0000 cnt 2.9459
epoch 86/150 step 60 | loss 1.8094 | det 0.0000 seg 0.0000 cnt 2.1883
epoch 86/150 step 80 | loss 1.8315 | det 0.0000 seg 0.0000 cnt 2.8066
epoch 86/150 step 100 | loss 1.8053 | det 0.0000 seg 0.0000 cnt 1.5590
epoch 86/150 step 120 | loss 1.8208 | det 0.0000 seg 0.0000 cnt 2.8471
epoch 86/150 step 140 | loss 1.8066 | det 0.0000 seg 0.0000 cnt 0.8034
epoch 86/150 step 160 | loss 1.8167 | det 0.0000 seg 0.0000 cnt 1.6275
epoch 86/150 | train 1.8233 | val det 0.0000 seg 0.0000 miou 0.0000 cnt 0.0000 dens 0.000000e+00 mae 0.0000 total_mae 0.0000 | ap50 0.0000 | selected cnt_mae(min) 0.000000
epoch 87/150 step 20 | loss 1.9293 | det 0.0000 seg 0.0000 cnt 2.4154
epoch 87/150 step 40 | loss 1.9820 | det 0.0000 seg 0.0000 cnt 2.9792
epoch 87/150 step 60 | loss 1.8651 | det 0.0000 seg 0.0000 cnt 1.4300
epoch 87/150 step 80 | loss 1.8568 | det 0.0000 seg 0.0000 cnt 0.9609
epoch 87/150 step 100 | loss 1.8395 | det 0.0000 seg 0.0000 cnt 2.0661
epoch 87/150 step 120 | loss 1.9705 | det 0.0000 seg 0.0000 cnt 1.6011
epoch 87/150 step 140 | loss 1.9699 | det 0.0000 seg 0.0000 cnt 1.9592
epoch 87/150 step 160 | loss 1.9724 | det 0.0000 seg 0.0000 cnt 2.7962
epoch 87/150 | train 1.9801 | val det 0.0000 seg 0.0000 miou 0.0000 cnt 0.0000 dens 0.000000e+00 mae 0.0000 total_mae 0.0000 | ap50 0.0000 | selected cnt_mae(min) 0.000000
epoch 88/150 step 20 | loss 1.8559 | det 0.0000 seg 0.0000 cnt 1.2587
epoch 88/150 step 40 | loss 1.8119 | det 0.0000 seg 0.0000 cnt 1.2472
epoch 88/150 step 60 | loss 1.7229 | det 0.0000 seg 0.0000 cnt 1.6439
epoch 88/150 step 80 | loss 1.7181 | det 0.0000 seg 0.0000 cnt 1.4931
epoch 88/150 step 100 | loss 1.7905 | det 0.0000 seg 0.0000 cnt 1.6411
epoch 88/150 step 120 | loss 1.8214 | det 0.0000 seg 0.0000 cnt 1.1271
epoch 88/150 step 140 | loss 1.8298 | det 0.0000 seg 0.0000 cnt 3.0378
epoch 88/150 step 160 | loss 1.8167 | det 0.0000 seg 0.0000 cnt 1.5884
epoch 88/150 | train 1.8140 | val det 0.0000 seg 0.0000 miou 0.0000 cnt 0.0000 dens 0.000000e+00 mae 0.0000 total_mae 0.0000 | ap50 0.0000 | selected cnt_mae(min) 0.000000
epoch 89/150 step 20 | loss 1.8049 | det 0.0000 seg 0.0000 cnt 3.2692
epoch 89/150 step 40 | loss 1.8161 | det 0.0000 seg 0.0000 cnt 0.7740
epoch 89/150 step 60 | loss 1.7401 | det 0.0000 seg 0.0000 cnt 1.3170
epoch 89/150 step 80 | loss 1.7686 | det 0.0000 seg 0.0000 cnt 1.3042
epoch 89/150 step 100 | loss 1.7046 | det 0.0000 seg 0.0000 cnt 0.9701
epoch 89/150 step 120 | loss 1.7653 | det 0.0000 seg 0.0000 cnt 2.7797
epoch 89/150 step 140 | loss 1.7558 | det 0.0000 seg 0.0000 cnt 1.9216
epoch 89/150 step 160 | loss 1.7523 | det 0.0000 seg 0.0000 cnt 1.6307
epoch 89/150 | train 1.7492 | val det 0.0000 seg 0.0000 miou 0.0000 cnt 0.0000 dens 0.000000e+00 mae 0.0000 total_mae 0.0000 | ap50 0.0000 | selected cnt_mae(min) 0.000000
epoch 90/150 step 20 | loss 1.7357 | det 0.0000 seg 0.0000 cnt 1.8509
epoch 90/150 step 40 | loss 1.7457 | det 0.0000 seg 0.0000 cnt 1.6668
epoch 90/150 step 60 | loss 1.7135 | det 0.0000 seg 0.0000 cnt 1.0539
epoch 90/150 step 80 | loss 1.7174 | det 0.0000 seg 0.0000 cnt 1.3688
epoch 90/150 step 100 | loss 1.7290 | det 0.0000 seg 0.0000 cnt 1.7018
epoch 90/150 step 120 | loss 1.8352 | det 0.0000 seg 0.0000 cnt 1.0989
epoch 90/150 step 140 | loss 1.8143 | det 0.0000 seg 0.0000 cnt 1.0225
epoch 90/150 step 160 | loss 1.7913 | det 0.0000 seg 0.0000 cnt 1.6589
epoch 90/150 | train 1.7889 | val det 0.0000 seg 0.0000 miou 0.0000 cnt 0.0000 dens 0.000000e+00 mae 0.0000 total_mae 0.0000 | ap50 0.0000 | selected cnt_mae(min) 0.000000
epoch 91/150 step 20 | loss 1.7523 | det 0.0000 seg 0.0000 cnt 1.9816
epoch 91/150 step 40 | loss 1.5839 | det 0.0000 seg 0.0000 cnt 1.1500
epoch 91/150 step 60 | loss 1.5783 | det 0.0000 seg 0.0000 cnt 1.3996
epoch 91/150 step 80 | loss 1.5989 | det 0.0000 seg 0.0000 cnt 0.6715
epoch 91/150 step 100 | loss 1.6665 | det 0.0000 seg 0.0000 cnt 3.4081
epoch 91/150 step 120 | loss 1.6613 | det 0.0000 seg 0.0000 cnt 1.0818
epoch 91/150 step 140 | loss 1.6447 | det 0.0000 seg 0.0000 cnt 1.1100
epoch 91/150 step 160 | loss 1.6811 | det 0.0000 seg 0.0000 cnt 1.4062
epoch 91/150 | train 1.6776 | val det 0.0000 seg 0.0000 miou 0.0000 cnt 0.0000 dens 0.000000e+00 mae 0.0000 total_mae 0.0000 | ap50 0.0000 | selected cnt_mae(min) 0.000000
epoch 92/150 step 20 | loss 1.8046 | det 0.0000 seg 0.0000 cnt 1.5632
epoch 92/150 step 40 | loss 1.8004 | det 0.0000 seg 0.0000 cnt 1.5534
epoch 92/150 step 60 | loss 1.7444 | det 0.0000 seg 0.0000 cnt 2.2409
epoch 92/150 step 80 | loss 1.7835 | det 0.0000 seg 0.0000 cnt 2.7278
epoch 92/150 step 100 | loss 1.8085 | det 0.0000 seg 0.0000 cnt 4.7216
epoch 92/150 step 120 | loss 1.7707 | det 0.0000 seg 0.0000 cnt 1.6078
epoch 92/150 step 140 | loss 1.7937 | det 0.0000 seg 0.0000 cnt 2.6489
epoch 92/150 step 160 | loss 1.8320 | det 0.0000 seg 0.0000 cnt 2.4162
epoch 92/150 | train 1.8299 | val det 0.0000 seg 0.0000 miou 0.0000 cnt 0.0000 dens 0.000000e+00 mae 0.0000 total_mae 0.0000 | ap50 0.0000 | selected cnt_mae(min) 0.000000
epoch 93/150 step 20 | loss 1.8238 | det 0.0000 seg 0.0000 cnt 3.0592
epoch 93/150 step 40 | loss 1.8954 | det 0.0000 seg 0.0000 cnt 1.8005
epoch 93/150 step 60 | loss 1.9213 | det 0.0000 seg 0.0000 cnt 1.6077
epoch 93/150 step 80 | loss 1.8669 | det 0.0000 seg 0.0000 cnt 3.3909
epoch 93/150 step 100 | loss 1.8634 | det 0.0000 seg 0.0000 cnt 1.3487
epoch 93/150 step 120 | loss 1.8411 | det 0.0000 seg 0.0000 cnt 0.9579
epoch 93/150 step 140 | loss 1.8398 | det 0.0000 seg 0.0000 cnt 2.5508
epoch 93/150 step 160 | loss 1.8079 | det 0.0000 seg 0.0000 cnt 2.5768
epoch 93/150 | train 1.8110 | val det 0.0000 seg 0.0000 miou 0.0000 cnt 0.0000 dens 0.000000e+00 mae 0.0000 total_mae 0.0000 | ap50 0.0000 | selected cnt_mae(min) 0.000000
epoch 94/150 step 20 | loss 1.6857 | det 0.0000 seg 0.0000 cnt 2.8215
epoch 94/150 step 40 | loss 1.7545 | det 0.0000 seg 0.0000 cnt 1.0701
epoch 94/150 step 60 | loss 1.8179 | det 0.0000 seg 0.0000 cnt 1.9292
epoch 94/150 step 80 | loss 1.7178 | det 0.0000 seg 0.0000 cnt 1.3433
epoch 94/150 step 100 | loss 1.7645 | det 0.0000 seg 0.0000 cnt 2.7784
epoch 94/150 step 120 | loss 1.7614 | det 0.0000 seg 0.0000 cnt 1.4272
epoch 94/150 step 140 | loss 1.7439 | det 0.0000 seg 0.0000 cnt 1.1108
epoch 94/150 step 160 | loss 1.7381 | det 0.0000 seg 0.0000 cnt 1.1536
epoch 94/150 | train 1.7441 | val det 0.0000 seg 0.0000 miou 0.0000 cnt 0.0000 dens 0.000000e+00 mae 0.0000 total_mae 0.0000 | ap50 0.0000 | selected cnt_mae(min) 0.000000
epoch 95/150 step 20 | loss 1.8936 | det 0.0000 seg 0.0000 cnt 1.1582
epoch 95/150 step 40 | loss 1.7091 | det 0.0000 seg 0.0000 cnt 2.5022
epoch 95/150 step 60 | loss 1.7684 | det 0.0000 seg 0.0000 cnt 1.4030
epoch 95/150 step 80 | loss 1.7564 | det 0.0000 seg 0.0000 cnt 1.0816
epoch 95/150 step 100 | loss 1.6951 | det 0.0000 seg 0.0000 cnt 1.1269
epoch 95/150 step 120 | loss 1.7226 | det 0.0000 seg 0.0000 cnt 1.7135
epoch 95/150 step 140 | loss 1.6842 | det 0.0000 seg 0.0000 cnt 1.3298
epoch 95/150 step 160 | loss 1.6883 | det 0.0000 seg 0.0000 cnt 1.7411
epoch 95/150 | train 1.6905 | val det 0.0000 seg 0.0000 miou 0.0000 cnt 0.0000 dens 0.000000e+00 mae 0.0000 total_mae 0.0000 | ap50 0.0000 | selected cnt_mae(min) 0.000000
epoch 96/150 step 20 | loss 1.7997 | det 0.0000 seg 0.0000 cnt 1.5111
epoch 96/150 step 40 | loss 1.8736 | det 0.0000 seg 0.0000 cnt 2.5155
epoch 96/150 step 60 | loss 1.9515 | det 0.0000 seg 0.0000 cnt 5.2929
epoch 96/150 step 80 | loss 1.8178 | det 0.0000 seg 0.0000 cnt 1.0151
epoch 96/150 step 100 | loss 1.7806 | det 0.0000 seg 0.0000 cnt 1.0863
epoch 96/150 step 120 | loss 1.7547 | det 0.0000 seg 0.0000 cnt 1.2561
epoch 96/150 step 140 | loss 1.7584 | det 0.0000 seg 0.0000 cnt 1.5716
epoch 96/150 step 160 | loss 1.7656 | det 0.0000 seg 0.0000 cnt 2.0483
epoch 96/150 | train 1.7692 | val det 0.0000 seg 0.0000 miou 0.0000 cnt 0.0000 dens 0.000000e+00 mae 0.0000 total_mae 0.0000 | ap50 0.0000 | selected cnt_mae(min) 0.000000
epoch 97/150 step 20 | loss 1.8175 | det 0.0000 seg 0.0000 cnt 1.1011
epoch 97/150 step 40 | loss 1.8232 | det 0.0000 seg 0.0000 cnt 1.0460
epoch 97/150 step 60 | loss 1.8250 | det 0.0000 seg 0.0000 cnt 2.3511
epoch 97/150 step 80 | loss 1.8268 | det 0.0000 seg 0.0000 cnt 0.6851
epoch 97/150 step 100 | loss 1.9215 | det 0.0000 seg 0.0000 cnt 0.9852
epoch 97/150 step 120 | loss 1.9202 | det 0.0000 seg 0.0000 cnt 1.2038
epoch 97/150 step 140 | loss 1.8837 | det 0.0000 seg 0.0000 cnt 1.1791
epoch 97/150 step 160 | loss 1.8223 | det 0.0000 seg 0.0000 cnt 0.8251
epoch 97/150 | train 1.8183 | val det 0.0000 seg 0.0000 miou 0.0000 cnt 0.0000 dens 0.000000e+00 mae 0.0000 total_mae 0.0000 | ap50 0.0000 | selected cnt_mae(min) 0.000000
epoch 98/150 step 20 | loss 1.5504 | det 0.0000 seg 0.0000 cnt 1.3388
epoch 98/150 step 40 | loss 1.7214 | det 0.0000 seg 0.0000 cnt 2.4276
epoch 98/150 step 60 | loss 1.7428 | det 0.0000 seg 0.0000 cnt 2.5567
epoch 98/150 step 80 | loss 1.7331 | det 0.0000 seg 0.0000 cnt 0.6846
epoch 98/150 step 100 | loss 1.7153 | det 0.0000 seg 0.0000 cnt 2.2108
epoch 98/150 step 120 | loss 1.6703 | det 0.0000 seg 0.0000 cnt 1.8721
epoch 98/150 step 140 | loss 1.6567 | det 0.0000 seg 0.0000 cnt 1.2379
epoch 98/150 step 160 | loss 1.6666 | det 0.0000 seg 0.0000 cnt 0.9514
epoch 98/150 | train 1.6685 | val det 0.0000 seg 0.0000 miou 0.0000 cnt 0.0000 dens 0.000000e+00 mae 0.0000 total_mae 0.0000 | ap50 0.0000 | selected cnt_mae(min) 0.000000
epoch 99/150 step 20 | loss 1.7298 | det 0.0000 seg 0.0000 cnt 2.3398
epoch 99/150 step 40 | loss 1.7194 | det 0.0000 seg 0.0000 cnt 1.5110
epoch 99/150 step 60 | loss 1.6809 | det 0.0000 seg 0.0000 cnt 2.1637
epoch 99/150 step 80 | loss 1.6718 | det 0.0000 seg 0.0000 cnt 1.4932
epoch 99/150 step 100 | loss 1.6907 | det 0.0000 seg 0.0000 cnt 1.5547
epoch 99/150 step 120 | loss 1.6785 | det 0.0000 seg 0.0000 cnt 1.5720
epoch 99/150 step 140 | loss 1.6954 | det 0.0000 seg 0.0000 cnt 1.3377
epoch 99/150 step 160 | loss 1.6919 | det 0.0000 seg 0.0000 cnt 1.9453
epoch 99/150 | train 1.6897 | val det 0.0000 seg 0.0000 miou 0.0000 cnt 0.0000 dens 0.000000e+00 mae 0.0000 total_mae 0.0000 | ap50 0.0000 | selected cnt_mae(min) 0.000000
epoch 100/150 step 20 | loss 1.7133 | det 0.0000 seg 0.0000 cnt 1.0360
epoch 100/150 step 40 | loss 1.7173 | det 0.0000 seg 0.0000 cnt 3.3397
epoch 100/150 step 60 | loss 1.6872 | det 0.0000 seg 0.0000 cnt 1.2713
epoch 100/150 step 80 | loss 1.6212 | det 0.0000 seg 0.0000 cnt 0.9589
epoch 100/150 step 100 | loss 1.6320 | det 0.0000 seg 0.0000 cnt 1.6796
epoch 100/150 step 120 | loss 1.6612 | det 0.0000 seg 0.0000 cnt 2.8816
epoch 100/150 step 140 | loss 1.6687 | det 0.0000 seg 0.0000 cnt 1.2106
epoch 100/150 step 160 | loss 1.7019 | det 0.0000 seg 0.0000 cnt 2.2655
epoch 100/150 | train 1.7009 | val det 0.0000 seg 0.0000 miou 0.0000 cnt 0.0000 dens 0.000000e+00 mae 0.0000 total_mae 0.0000 | ap50 0.0000 | selected cnt_mae(min) 0.000000
epoch 101/150 step 20 | loss 1.7940 | det 0.0000 seg 0.0000 cnt 3.2609
epoch 101/150 step 40 | loss 1.5824 | det 0.0000 seg 0.0000 cnt 1.7034
epoch 101/150 step 60 | loss 1.6125 | det 0.0000 seg 0.0000 cnt 1.2580
epoch 101/150 step 80 | loss 1.6247 | det 0.0000 seg 0.0000 cnt 1.3643
epoch 101/150 step 100 | loss 1.7537 | det 0.0000 seg 0.0000 cnt 2.7718
epoch 101/150 step 120 | loss 1.7944 | det 0.0000 seg 0.0000 cnt 1.7401
epoch 101/150 step 140 | loss 1.7669 | det 0.0000 seg 0.0000 cnt 2.3579
epoch 101/150 step 160 | loss 1.7463 | det 0.0000 seg 0.0000 cnt 1.7999
epoch 101/150 | train 1.7436 | val det 0.0000 seg 0.0000 miou 0.0000 cnt 2.6728 dens 7.979816e-01 mae 1.8749 total_mae 8.6058 | ap50 0.0000 | selected cnt_mae(min) 1.874856
[ckpt] new best cached (cnt_mae 1.874856)
epoch 102/150 step 20 | loss 1.6407 | det 0.0000 seg 0.0000 cnt 0.6090
epoch 102/150 step 40 | loss 1.6146 | det 0.0000 seg 0.0000 cnt 0.8632
epoch 102/150 step 60 | loss 1.6033 | det 0.0000 seg 0.0000 cnt 0.8536
epoch 102/150 step 80 | loss 1.5620 | det 0.0000 seg 0.0000 cnt 1.2240
epoch 102/150 step 100 | loss 1.5673 | det 0.0000 seg 0.0000 cnt 2.9917
epoch 102/150 step 120 | loss 1.5880 | det 0.0000 seg 0.0000 cnt 1.4448
epoch 102/150 step 140 | loss 1.5719 | det 0.0000 seg 0.0000 cnt 1.1472
epoch 102/150 step 160 | loss 1.5660 | det 0.0000 seg 0.0000 cnt 0.6301
epoch 102/150 | train 1.5694 | val det 0.0000 seg 0.0000 miou 0.0000 cnt 2.6446 dens 7.973029e-01 mae 1.8473 total_mae 8.5315 | ap50 0.0000 | selected cnt_mae(min) 1.847283
[ckpt] new best cached (cnt_mae 1.847283)
epoch 103/150 step 20 | loss 1.9174 | det 0.0000 seg 0.0000 cnt 0.5502
epoch 103/150 step 40 | loss 1.7479 | det 0.0000 seg 0.0000 cnt 1.6475
epoch 103/150 step 60 | loss 1.7195 | det 0.0000 seg 0.0000 cnt 2.3178
epoch 103/150 step 80 | loss 1.6864 | det 0.0000 seg 0.0000 cnt 0.9994
epoch 103/150 step 100 | loss 1.6271 | det 0.0000 seg 0.0000 cnt 2.3114
epoch 103/150 step 120 | loss 1.6426 | det 0.0000 seg 0.0000 cnt 1.1377
epoch 103/150 step 140 | loss 1.6070 | det 0.0000 seg 0.0000 cnt 0.8649
epoch 103/150 step 160 | loss 1.6051 | det 0.0000 seg 0.0000 cnt 1.4433
epoch 103/150 | train 1.6064 | val det 0.0000 seg 0.0000 miou 0.0000 cnt 2.6482 dens 7.970731e-01 mae 1.8511 total_mae 8.3336 | ap50 0.0000 | selected cnt_mae(min) 1.851138
epoch 104/150 step 20 | loss 1.4567 | det 0.0000 seg 0.0000 cnt 1.7595
epoch 104/150 step 40 | loss 1.5018 | det 0.0000 seg 0.0000 cnt 1.4487
epoch 104/150 step 60 | loss 1.5412 | det 0.0000 seg 0.0000 cnt 1.3877
epoch 104/150 step 80 | loss 1.5283 | det 0.0000 seg 0.0000 cnt 1.0424
epoch 104/150 step 100 | loss 1.5317 | det 0.0000 seg 0.0000 cnt 1.2509
epoch 104/150 step 120 | loss 1.6834 | det 0.0000 seg 0.0000 cnt 1.1118
epoch 104/150 step 140 | loss 1.6809 | det 0.0000 seg 0.0000 cnt 1.3752
epoch 104/150 step 160 | loss 1.6419 | det 0.0000 seg 0.0000 cnt 1.0897
epoch 104/150 | train 1.6432 | val det 0.0000 seg 0.0000 miou 0.0000 cnt 2.6448 dens 7.964701e-01 mae 1.8483 total_mae 8.5070 | ap50 0.0000 | selected cnt_mae(min) 1.848324
epoch 105/150 step 20 | loss 1.7967 | det 0.0000 seg 0.0000 cnt 2.3451
epoch 105/150 step 40 | loss 1.7346 | det 0.0000 seg 0.0000 cnt 1.6971
epoch 105/150 step 60 | loss 1.6589 | det 0.0000 seg 0.0000 cnt 1.0582
epoch 105/150 step 80 | loss 1.6792 | det 0.0000 seg 0.0000 cnt 3.5981
epoch 105/150 step 100 | loss 1.6577 | det 0.0000 seg 0.0000 cnt 1.8764
epoch 105/150 step 120 | loss 1.6378 | det 0.0000 seg 0.0000 cnt 2.5975
epoch 105/150 step 140 | loss 1.6593 | det 0.0000 seg 0.0000 cnt 2.1681
epoch 105/150 step 160 | loss 1.6715 | det 0.0000 seg 0.0000 cnt 0.9506
epoch 105/150 | train 1.6746 | val det 0.0000 seg 0.0000 miou 0.0000 cnt 2.6453 dens 7.963898e-01 mae 1.8489 total_mae 8.6537 | ap50 0.0000 | selected cnt_mae(min) 1.848908
epoch 106/150 step 20 | loss 1.6765 | det 0.0000 seg 0.0000 cnt 1.8785
epoch 106/150 step 40 | loss 1.7139 | det 0.0000 seg 0.0000 cnt 1.7793
epoch 106/150 step 60 | loss 1.6800 | det 0.0000 seg 0.0000 cnt 1.0167
epoch 106/150 step 80 | loss 1.6984 | det 0.0000 seg 0.0000 cnt 3.4072
epoch 106/150 step 100 | loss 1.6973 | det 0.0000 seg 0.0000 cnt 1.4839
epoch 106/150 step 120 | loss 1.6795 | det 0.0000 seg 0.0000 cnt 2.4118
epoch 106/150 step 140 | loss 1.6950 | det 0.0000 seg 0.0000 cnt 1.5094
epoch 106/150 step 160 | loss 1.6904 | det 0.0000 seg 0.0000 cnt 2.3038
epoch 106/150 | train 1.6915 | val det 0.0000 seg 0.0000 miou 0.0000 cnt 2.6584 dens 7.966093e-01 mae 1.8618 total_mae 8.3447 | ap50 0.0000 | selected cnt_mae(min) 1.861826
epoch 107/150 step 20 | loss 1.5717 | det 0.0000 seg 0.0000 cnt 0.9508
epoch 107/150 step 40 | loss 1.6098 | det 0.0000 seg 0.0000 cnt 0.9048
epoch 107/150 step 60 | loss 1.5940 | det 0.0000 seg 0.0000 cnt 0.9933
epoch 107/150 step 80 | loss 1.6194 | det 0.0000 seg 0.0000 cnt 0.6643
epoch 107/150 step 100 | loss 1.6897 | det 0.0000 seg 0.0000 cnt 1.2956
epoch 107/150 step 120 | loss 1.6455 | det 0.0000 seg 0.0000 cnt 3.2764
epoch 107/150 step 140 | loss 1.6321 | det 0.0000 seg 0.0000 cnt 1.3354
epoch 107/150 step 160 | loss 1.6490 | det 0.0000 seg 0.0000 cnt 3.9756
epoch 107/150 | train 1.6498 | val det 0.0000 seg 0.0000 miou 0.0000 cnt 2.6343 dens 7.954678e-01 mae 1.8388 total_mae 8.3639 | ap50 0.0000 | selected cnt_mae(min) 1.838825
[ckpt] new best cached (cnt_mae 1.838825)
epoch 108/150 step 20 | loss 1.5580 | det 0.0000 seg 0.0000 cnt 1.0270
epoch 108/150 step 40 | loss 1.6297 | det 0.0000 seg 0.0000 cnt 1.7961
epoch 108/150 step 60 | loss 1.6576 | det 0.0000 seg 0.0000 cnt 1.9563
epoch 108/150 step 80 | loss 1.6457 | det 0.0000 seg 0.0000 cnt 1.1773
epoch 108/150 step 100 | loss 1.6315 | det 0.0000 seg 0.0000 cnt 1.7838
epoch 108/150 step 120 | loss 1.7247 | det 0.0000 seg 0.0000 cnt 1.1305
epoch 108/150 step 140 | loss 1.7024 | det 0.0000 seg 0.0000 cnt 2.2375
epoch 108/150 step 160 | loss 1.7497 | det 0.0000 seg 0.0000 cnt 1.6417
epoch 108/150 | train 1.7467 | val det 0.0000 seg 0.0000 miou 0.0000 cnt 2.6337 dens 7.963521e-01 mae 1.8374 total_mae 8.4092 | ap50 0.0000 | selected cnt_mae(min) 1.837397
[ckpt] new best cached (cnt_mae 1.837397)
epoch 109/150 step 20 | loss 2.0413 | det 0.0000 seg 0.0000 cnt 1.3591
epoch 109/150 step 40 | loss 1.7326 | det 0.0000 seg 0.0000 cnt 1.4642
epoch 109/150 step 60 | loss 1.7997 | det 0.0000 seg 0.0000 cnt 1.5848
epoch 109/150 step 80 | loss 1.6891 | det 0.0000 seg 0.0000 cnt 0.9871
epoch 109/150 step 100 | loss 1.7047 | det 0.0000 seg 0.0000 cnt 1.1033
epoch 109/150 step 120 | loss 1.6957 | det 0.0000 seg 0.0000 cnt 1.1633
epoch 109/150 step 140 | loss 1.6887 | det 0.0000 seg 0.0000 cnt 1.8154
epoch 109/150 step 160 | loss 1.7059 | det 0.0000 seg 0.0000 cnt 3.6707
epoch 109/150 | train 1.7095 | val det 0.0000 seg 0.0000 miou 0.0000 cnt 2.6287 dens 7.960479e-01 mae 1.8327 total_mae 8.2432 | ap50 0.0000 | selected cnt_mae(min) 1.832666
[ckpt] new best cached (cnt_mae 1.832666)
epoch 110/150 step 20 | loss 1.6932 | det 0.0000 seg 0.0000 cnt 1.9291
epoch 110/150 step 40 | loss 1.6660 | det 0.0000 seg 0.0000 cnt 2.3680
epoch 110/150 step 60 | loss 1.6624 | det 0.0000 seg 0.0000 cnt 1.1144
epoch 110/150 step 80 | loss 1.6339 | det 0.0000 seg 0.0000 cnt 1.0874
epoch 110/150 step 100 | loss 1.6273 | det 0.0000 seg 0.0000 cnt 1.0683
epoch 110/150 step 120 | loss 1.6196 | det 0.0000 seg 0.0000 cnt 1.2940
epoch 110/150 step 140 | loss 1.6241 | det 0.0000 seg 0.0000 cnt 1.0619
epoch 110/150 step 160 | loss 1.6028 | det 0.0000 seg 0.0000 cnt 1.1150
epoch 110/150 | train 1.5998 | val det 0.0000 seg 0.0000 miou 0.0000 cnt 2.6660 dens 7.959009e-01 mae 1.8701 total_mae 8.5786 | ap50 0.0000 | selected cnt_mae(min) 1.870088
epoch 111/150 step 20 | loss 1.7392 | det 0.0000 seg 0.0000 cnt 1.1682
epoch 111/150 step 40 | loss 1.6497 | det 0.0000 seg 0.0000 cnt 1.7335
epoch 111/150 step 60 | loss 1.6594 | det 0.0000 seg 0.0000 cnt 1.4329
epoch 111/150 step 80 | loss 1.7130 | det 0.0000 seg 0.0000 cnt 1.0548
epoch 111/150 step 100 | loss 1.7329 | det 0.0000 seg 0.0000 cnt 2.4846
epoch 111/150 step 120 | loss 1.7324 | det 0.0000 seg 0.0000 cnt 1.1922
epoch 111/150 step 140 | loss 1.6876 | det 0.0000 seg 0.0000 cnt 1.7811
epoch 111/150 step 160 | loss 1.6981 | det 0.0000 seg 0.0000 cnt 1.1112
epoch 111/150 | train 1.6936 | val det 0.0000 seg 0.0000 miou 0.0000 cnt 2.6385 dens 7.963653e-01 mae 1.8422 total_mae 8.2122 | ap50 0.0000 | selected cnt_mae(min) 1.842160
epoch 112/150 step 20 | loss 1.6090 | det 0.0000 seg 0.0000 cnt 1.1538
epoch 112/150 step 40 | loss 1.5725 | det 0.0000 seg 0.0000 cnt 2.3122
epoch 112/150 step 60 | loss 1.6199 | det 0.0000 seg 0.0000 cnt 1.1572
epoch 112/150 step 80 | loss 1.6579 | det 0.0000 seg 0.0000 cnt 3.9387
epoch 112/150 step 100 | loss 1.6167 | det 0.0000 seg 0.0000 cnt 1.9103
epoch 112/150 step 120 | loss 1.6325 | det 0.0000 seg 0.0000 cnt 1.2048
epoch 112/150 step 140 | loss 1.8415 | det 0.0000 seg 0.0000 cnt 1.8342
epoch 112/150 step 160 | loss 1.7968 | det 0.0000 seg 0.0000 cnt 1.0242
epoch 112/150 | train 1.7982 | val det 0.0000 seg 0.0000 miou 0.0000 cnt 2.6454 dens 7.972115e-01 mae 1.8482 total_mae 8.3311 | ap50 0.0000 | selected cnt_mae(min) 1.848218
epoch 113/150 step 20 | loss 1.6309 | det 0.0000 seg 0.0000 cnt 1.7823
epoch 113/150 step 40 | loss 1.6725 | det 0.0000 seg 0.0000 cnt 1.1369
epoch 113/150 step 60 | loss 1.6758 | det 0.0000 seg 0.0000 cnt 1.3987
epoch 113/150 step 80 | loss 1.6836 | det 0.0000 seg 0.0000 cnt 1.4294
epoch 113/150 step 100 | loss 1.6471 | det 0.0000 seg 0.0000 cnt 1.8072
epoch 113/150 step 120 | loss 1.6364 | det 0.0000 seg 0.0000 cnt 1.4060
epoch 113/150 step 140 | loss 1.6299 | det 0.0000 seg 0.0000 cnt 2.1165
epoch 113/150 step 160 | loss 1.6491 | det 0.0000 seg 0.0000 cnt 4.2597
epoch 113/150 | train 1.6467 | val det 0.0000 seg 0.0000 miou 0.0000 cnt 2.6342 dens 7.963599e-01 mae 1.8378 total_mae 8.3861 | ap50 0.0000 | selected cnt_mae(min) 1.837813
epoch 114/150 step 20 | loss 1.6693 | det 0.0000 seg 0.0000 cnt 1.8340
epoch 114/150 step 40 | loss 1.5859 | det 0.0000 seg 0.0000 cnt 1.7682
epoch 114/150 step 60 | loss 1.5909 | det 0.0000 seg 0.0000 cnt 2.2010
epoch 114/150 step 80 | loss 1.6813 | det 0.0000 seg 0.0000 cnt 1.3061
epoch 114/150 step 100 | loss 1.6628 | det 0.0000 seg 0.0000 cnt 1.3818
epoch 114/150 step 120 | loss 1.6406 | det 0.0000 seg 0.0000 cnt 1.7350
epoch 114/150 step 140 | loss 1.6353 | det 0.0000 seg 0.0000 cnt 1.5706
epoch 114/150 step 160 | loss 1.6210 | det 0.0000 seg 0.0000 cnt 1.3914
epoch 114/150 | train 1.6187 | val det 0.0000 seg 0.0000 miou 0.0000 cnt 2.6443 dens 7.965872e-01 mae 1.8477 total_mae 8.3910 | ap50 0.0000 | selected cnt_mae(min) 1.847669
epoch 115/150 step 20 | loss 1.6736 | det 0.0000 seg 0.0000 cnt 0.9559
epoch 115/150 step 40 | loss 1.6423 | det 0.0000 seg 0.0000 cnt 1.1731
epoch 115/150 step 60 | loss 1.6504 | det 0.0000 seg 0.0000 cnt 2.6092
epoch 115/150 step 80 | loss 1.6562 | det 0.0000 seg 0.0000 cnt 1.2539
epoch 115/150 step 100 | loss 1.6306 | det 0.0000 seg 0.0000 cnt 0.9024
epoch 115/150 step 120 | loss 1.6342 | det 0.0000 seg 0.0000 cnt 2.2726
epoch 115/150 step 140 | loss 1.6297 | det 0.0000 seg 0.0000 cnt 1.1546
epoch 115/150 step 160 | loss 1.6219 | det 0.0000 seg 0.0000 cnt 0.7674
epoch 115/150 | train 1.6232 | val det 0.0000 seg 0.0000 miou 0.0000 cnt 2.6415 dens 7.965653e-01 mae 1.8449 total_mae 8.4414 | ap50 0.0000 | selected cnt_mae(min) 1.844892
epoch 116/150 step 20 | loss 1.7188 | det 0.0000 seg 0.0000 cnt 1.8496
epoch 116/150 step 40 | loss 1.9184 | det 0.0000 seg 0.0000 cnt 2.2306
epoch 116/150 step 60 | loss 1.9082 | det 0.0000 seg 0.0000 cnt 1.7049
epoch 116/150 step 80 | loss 1.8175 | det 0.0000 seg 0.0000 cnt 1.4079
epoch 116/150 step 100 | loss 1.7955 | det 0.0000 seg 0.0000 cnt 1.6395
epoch 116/150 step 120 | loss 1.7692 | det 0.0000 seg 0.0000 cnt 1.9851
epoch 116/150 step 140 | loss 1.7558 | det 0.0000 seg 0.0000 cnt 1.5564
epoch 116/150 step 160 | loss 1.7425 | det 0.0000 seg 0.0000 cnt 1.1931
epoch 116/150 | train 1.7415 | val det 0.0000 seg 0.0000 miou 0.0000 cnt 2.6342 dens 7.956397e-01 mae 1.8385 total_mae 8.1162 | ap50 0.0000 | selected cnt_mae(min) 1.838515
epoch 117/150 step 20 | loss 1.4096 | det 0.0000 seg 0.0000 cnt 1.6652
epoch 117/150 step 40 | loss 1.4735 | det 0.0000 seg 0.0000 cnt 1.2919
epoch 117/150 step 60 | loss 1.5523 | det 0.0000 seg 0.0000 cnt 1.6193
epoch 117/150 step 80 | loss 1.5205 | det 0.0000 seg 0.0000 cnt 1.0836
epoch 117/150 step 100 | loss 1.5427 | det 0.0000 seg 0.0000 cnt 2.2785
epoch 117/150 step 120 | loss 1.5784 | det 0.0000 seg 0.0000 cnt 1.8931
epoch 117/150 step 140 | loss 1.5599 | det 0.0000 seg 0.0000 cnt 1.1026
epoch 117/150 step 160 | loss 1.5421 | det 0.0000 seg 0.0000 cnt 1.1953
epoch 117/150 | train 1.5406 | val det 0.0000 seg 0.0000 miou 0.0000 cnt 2.6421 dens 7.951170e-01 mae 1.8470 total_mae 8.3509 | ap50 0.0000 | selected cnt_mae(min) 1.846998
epoch 118/150 step 20 | loss 1.5565 | det 0.0000 seg 0.0000 cnt 1.6216
epoch 118/150 step 40 | loss 1.5188 | det 0.0000 seg 0.0000 cnt 1.4317
epoch 118/150 step 60 | loss 1.6022 | det 0.0000 seg 0.0000 cnt 1.1816
epoch 118/150 step 80 | loss 1.5708 | det 0.0000 seg 0.0000 cnt 1.3023
epoch 118/150 step 100 | loss 1.6008 | det 0.0000 seg 0.0000 cnt 1.0693
epoch 118/150 step 120 | loss 1.5826 | det 0.0000 seg 0.0000 cnt 1.4738
epoch 118/150 step 140 | loss 1.5767 | det 0.0000 seg 0.0000 cnt 1.4383
epoch 118/150 step 160 | loss 1.5930 | det 0.0000 seg 0.0000 cnt 2.3280
epoch 118/150 | train 1.5889 | val det 0.0000 seg 0.0000 miou 0.0000 cnt 2.6483 dens 7.960989e-01 mae 1.8522 total_mae 8.1627 | ap50 0.0000 | selected cnt_mae(min) 1.852234
epoch 119/150 step 20 | loss 1.8473 | det 0.0000 seg 0.0000 cnt 1.8275
epoch 119/150 step 40 | loss 1.6481 | det 0.0000 seg 0.0000 cnt 0.6891
epoch 119/150 step 60 | loss 1.5262 | det 0.0000 seg 0.0000 cnt 1.7155
epoch 119/150 step 80 | loss 1.5405 | det 0.0000 seg 0.0000 cnt 1.1163
epoch 119/150 step 100 | loss 1.5269 | det 0.0000 seg 0.0000 cnt 1.5273
epoch 119/150 step 120 | loss 1.5404 | det 0.0000 seg 0.0000 cnt 3.0418
epoch 119/150 step 140 | loss 1.5439 | det 0.0000 seg 0.0000 cnt 1.8196
epoch 119/150 step 160 | loss 1.5301 | det 0.0000 seg 0.0000 cnt 1.3290
epoch 119/150 | train 1.5298 | val det 0.0000 seg 0.0000 miou 0.0000 cnt 2.6388 dens 7.964153e-01 mae 1.8424 total_mae 8.2473 | ap50 0.0000 | selected cnt_mae(min) 1.842355
epoch 120/150 step 20 | loss 1.5310 | det 0.0000 seg 0.0000 cnt 1.7881
epoch 120/150 step 40 | loss 1.4617 | det 0.0000 seg 0.0000 cnt 1.6246
epoch 120/150 step 60 | loss 1.4651 | det 0.0000 seg 0.0000 cnt 0.4789
epoch 120/150 step 80 | loss 1.5492 | det 0.0000 seg 0.0000 cnt 1.6788
epoch 120/150 step 100 | loss 1.5667 | det 0.0000 seg 0.0000 cnt 1.0399
epoch 120/150 step 120 | loss 1.5964 | det 0.0000 seg 0.0000 cnt 0.6777
epoch 120/150 step 140 | loss 1.5592 | det 0.0000 seg 0.0000 cnt 1.4575
epoch 120/150 step 160 | loss 1.5644 | det 0.0000 seg 0.0000 cnt 1.2450
epoch 120/150 | train 1.5620 | val det 0.0000 seg 0.0000 miou 0.0000 cnt 2.6361 dens 7.962930e-01 mae 1.8398 total_mae 8.2340 | ap50 0.0000 | selected cnt_mae(min) 1.839802
epoch 121/150 step 20 | loss 1.6443 | det 0.0000 seg 0.0000 cnt 1.2774
epoch 121/150 step 40 | loss 1.5951 | det 0.0000 seg 0.0000 cnt 1.1199
epoch 121/150 step 60 | loss 1.6372 | det 0.0000 seg 0.0000 cnt 1.1000
epoch 121/150 step 80 | loss 1.6091 | det 0.0000 seg 0.0000 cnt 1.2955
epoch 121/150 step 100 | loss 1.5806 | det 0.0000 seg 0.0000 cnt 1.8933
epoch 121/150 step 120 | loss 1.5818 | det 0.0000 seg 0.0000 cnt 1.8045
epoch 121/150 step 140 | loss 1.5610 | det 0.0000 seg 0.0000 cnt 1.6810
epoch 121/150 step 160 | loss 1.5336 | det 0.0000 seg 0.0000 cnt 1.7215
epoch 121/150 | train 1.5329 | val det 0.0000 seg 0.0000 miou 0.0000 cnt 2.6741 dens 7.971946e-01 mae 1.8769 total_mae 8.4905 | ap50 0.0000 | selected cnt_mae(min) 1.876915
epoch 122/150 step 20 | loss 1.5106 | det 0.0000 seg 0.0000 cnt 0.9403
epoch 122/150 step 40 | loss 1.6310 | det 0.0000 seg 0.0000 cnt 1.5827
epoch 122/150 step 60 | loss 1.5914 | det 0.0000 seg 0.0000 cnt 1.2904
epoch 122/150 step 80 | loss 1.5772 | det 0.0000 seg 0.0000 cnt 1.3944
epoch 122/150 step 100 | loss 1.6089 | det 0.0000 seg 0.0000 cnt 1.6162
epoch 122/150 step 120 | loss 1.5982 | det 0.0000 seg 0.0000 cnt 0.8869
epoch 122/150 step 140 | loss 1.6018 | det 0.0000 seg 0.0000 cnt 0.6789
epoch 122/150 step 160 | loss 1.5897 | det 0.0000 seg 0.0000 cnt 0.8750
epoch 122/150 | train 1.5884 | val det 0.0000 seg 0.0000 miou 0.0000 cnt 2.6511 dens 7.962650e-01 mae 1.8548 total_mae 8.9615 | ap50 0.0000 | selected cnt_mae(min) 1.854822
epoch 123/150 step 20 | loss 1.6110 | det 0.0000 seg 0.0000 cnt 3.4183
epoch 123/150 step 40 | loss 1.6547 | det 0.0000 seg 0.0000 cnt 1.8727
epoch 123/150 step 60 | loss 1.6526 | det 0.0000 seg 0.0000 cnt 1.8977
epoch 123/150 step 80 | loss 1.6531 | det 0.0000 seg 0.0000 cnt 3.4531
epoch 123/150 step 100 | loss 1.6812 | det 0.0000 seg 0.0000 cnt 1.3509
epoch 123/150 step 120 | loss 1.6369 | det 0.0000 seg 0.0000 cnt 1.6529
epoch 123/150 step 140 | loss 1.6152 | det 0.0000 seg 0.0000 cnt 1.1357
epoch 123/150 step 160 | loss 1.6226 | det 0.0000 seg 0.0000 cnt 1.5887
epoch 123/150 | train 1.6323 | val det 0.0000 seg 0.0000 miou 0.0000 cnt 2.6397 dens 7.957126e-01 mae 1.8440 total_mae 8.1516 | ap50 0.0000 | selected cnt_mae(min) 1.843968
epoch 124/150 step 20 | loss 1.3943 | det 0.0000 seg 0.0000 cnt 1.5025
epoch 124/150 step 40 | loss 1.3326 | det 0.0000 seg 0.0000 cnt 0.6364
epoch 124/150 step 60 | loss 1.4248 | det 0.0000 seg 0.0000 cnt 2.3372
epoch 124/150 step 80 | loss 1.4635 | det 0.0000 seg 0.0000 cnt 2.8102
epoch 124/150 step 100 | loss 1.4827 | det 0.0000 seg 0.0000 cnt 3.7408
epoch 124/150 step 120 | loss 1.4881 | det 0.0000 seg 0.0000 cnt 1.6716
epoch 124/150 step 140 | loss 1.5393 | det 0.0000 seg 0.0000 cnt 1.4225
epoch 124/150 step 160 | loss 1.5372 | det 0.0000 seg 0.0000 cnt 2.0482
epoch 124/150 | train 1.5388 | val det 0.0000 seg 0.0000 miou 0.0000 cnt 2.6121 dens 7.951863e-01 mae 1.8169 total_mae 8.2341 | ap50 0.0000 | selected cnt_mae(min) 1.816885
[ckpt] new best cached (cnt_mae 1.816885)
epoch 125/150 step 20 | loss 1.3655 | det 0.0000 seg 0.0000 cnt 1.0178
epoch 125/150 step 40 | loss 1.7603 | det 0.0000 seg 0.0000 cnt 1.6498
epoch 125/150 step 60 | loss 1.7094 | det 0.0000 seg 0.0000 cnt 1.7161
epoch 125/150 step 80 | loss 1.6635 | det 0.0000 seg 0.0000 cnt 2.3760
epoch 125/150 step 100 | loss 1.6888 | det 0.0000 seg 0.0000 cnt 0.9171
epoch 125/150 step 120 | loss 1.6494 | det 0.0000 seg 0.0000 cnt 1.2079
epoch 125/150 step 140 | loss 1.6028 | det 0.0000 seg 0.0000 cnt 2.8248
epoch 125/150 step 160 | loss 1.6435 | det 0.0000 seg 0.0000 cnt 1.2826
epoch 125/150 | train 1.6394 | val det 0.0000 seg 0.0000 miou 0.0000 cnt 2.6540 dens 7.947856e-01 mae 1.8593 total_mae 8.3793 | ap50 0.0000 | selected cnt_mae(min) 1.859255
epoch 126/150 step 20 | loss 1.5717 | det 0.0000 seg 0.0000 cnt 1.8428
epoch 126/150 step 40 | loss 1.5973 | det 0.0000 seg 0.0000 cnt 0.6622
epoch 126/150 step 60 | loss 1.5460 | det 0.0000 seg 0.0000 cnt 0.8996
epoch 126/150 step 80 | loss 1.5015 | det 0.0000 seg 0.0000 cnt 1.0873
epoch 126/150 step 100 | loss 1.5256 | det 0.0000 seg 0.0000 cnt 1.1838
epoch 126/150 step 120 | loss 1.5250 | det 0.0000 seg 0.0000 cnt 1.7035
epoch 126/150 step 140 | loss 1.5292 | det 0.0000 seg 0.0000 cnt 1.0982
epoch 126/150 step 160 | loss 1.5783 | det 0.0000 seg 0.0000 cnt 2.0306
epoch 126/150 | train 1.5742 | val det 0.0000 seg 0.0000 miou 0.0000 cnt 2.6352 dens 7.951339e-01 mae 1.8401 total_mae 8.6108 | ap50 0.0000 | selected cnt_mae(min) 1.840086
epoch 127/150 step 20 | loss 1.6245 | det 0.0000 seg 0.0000 cnt 1.1104
epoch 127/150 step 40 | loss 1.4673 | det 0.0000 seg 0.0000 cnt 1.5074
epoch 127/150 step 60 | loss 1.5518 | det 0.0000 seg 0.0000 cnt 3.9158
epoch 127/150 step 80 | loss 1.5768 | det 0.0000 seg 0.0000 cnt 0.9930
epoch 127/150 step 100 | loss 1.6080 | det 0.0000 seg 0.0000 cnt 1.3251
epoch 127/150 step 120 | loss 1.6269 | det 0.0000 seg 0.0000 cnt 5.0702
epoch 127/150 step 140 | loss 1.5952 | det 0.0000 seg 0.0000 cnt 1.2097
epoch 127/150 step 160 | loss 1.5565 | det 0.0000 seg 0.0000 cnt 0.9521
epoch 127/150 | train 1.5610 | val det 0.0000 seg 0.0000 miou 0.0000 cnt 2.6709 dens 7.953611e-01 mae 1.8755 total_mae 8.0684 | ap50 0.0000 | selected cnt_mae(min) 1.875533
epoch 128/150 step 20 | loss 1.5405 | det 0.0000 seg 0.0000 cnt 1.0385
epoch 128/150 step 40 | loss 1.4537 | det 0.0000 seg 0.0000 cnt 1.2483
epoch 128/150 step 60 | loss 1.4389 | det 0.0000 seg 0.0000 cnt 1.1244
epoch 128/150 step 80 | loss 1.4241 | det 0.0000 seg 0.0000 cnt 1.2356
epoch 128/150 step 100 | loss 1.4800 | det 0.0000 seg 0.0000 cnt 2.0514
epoch 128/150 step 120 | loss 1.4710 | det 0.0000 seg 0.0000 cnt 0.9554
epoch 128/150 step 140 | loss 1.4461 | det 0.0000 seg 0.0000 cnt 0.5864
epoch 128/150 step 160 | loss 1.4611 | det 0.0000 seg 0.0000 cnt 2.2055
epoch 128/150 | train 1.4595 | val det 0.0000 seg 0.0000 miou 0.0000 cnt 2.6420 dens 7.958319e-01 mae 1.8461 total_mae 8.3988 | ap50 0.0000 | selected cnt_mae(min) 1.846147
epoch 129/150 step 20 | loss 1.4591 | det 0.0000 seg 0.0000 cnt 1.5845
epoch 129/150 step 40 | loss 1.5573 | det 0.0000 seg 0.0000 cnt 1.6074
epoch 129/150 step 60 | loss 1.6088 | det 0.0000 seg 0.0000 cnt 0.9749
epoch 129/150 step 80 | loss 1.7965 | det 0.0000 seg 0.0000 cnt 3.5674
epoch 129/150 step 100 | loss 1.7343 | det 0.0000 seg 0.0000 cnt 2.1112
epoch 129/150 step 120 | loss 1.6970 | det 0.0000 seg 0.0000 cnt 1.8159
epoch 129/150 step 140 | loss 1.6282 | det 0.0000 seg 0.0000 cnt 0.7837
epoch 129/150 step 160 | loss 1.6030 | det 0.0000 seg 0.0000 cnt 1.2495
epoch 129/150 | train 1.6022 | val det 0.0000 seg 0.0000 miou 0.0000 cnt 2.6449 dens 7.967969e-01 mae 1.8481 total_mae 8.2769 | ap50 0.0000 | selected cnt_mae(min) 1.848114
epoch 130/150 step 20 | loss 1.6546 | det 0.0000 seg 0.0000 cnt 1.5059
epoch 130/150 step 40 | loss 1.5517 | det 0.0000 seg 0.0000 cnt 0.8026
epoch 130/150 step 60 | loss 1.5569 | det 0.0000 seg 0.0000 cnt 2.1293
epoch 130/150 step 80 | loss 1.5339 | det 0.0000 seg 0.0000 cnt 0.8947
epoch 130/150 step 100 | loss 1.5254 | det 0.0000 seg 0.0000 cnt 1.2922
epoch 130/150 step 120 | loss 1.5072 | det 0.0000 seg 0.0000 cnt 1.0080
epoch 130/150 step 140 | loss 1.5133 | det 0.0000 seg 0.0000 cnt 1.0818
epoch 130/150 step 160 | loss 1.5081 | det 0.0000 seg 0.0000 cnt 0.7494
epoch 130/150 | train 1.5065 | val det 0.0000 seg 0.0000 miou 0.0000 cnt 2.6226 dens 7.948541e-01 mae 1.8277 total_mae 8.1241 | ap50 0.0000 | selected cnt_mae(min) 1.827713
epoch 131/150 step 20 | loss 1.8037 | det 0.0000 seg 0.0000 cnt 0.8845
epoch 131/150 step 40 | loss 1.6013 | det 0.0000 seg 0.0000 cnt 1.3907
epoch 131/150 step 60 | loss 1.5752 | det 0.0000 seg 0.0000 cnt 1.8689
epoch 131/150 step 80 | loss 1.5440 | det 0.0000 seg 0.0000 cnt 1.0677
epoch 131/150 step 100 | loss 1.5587 | det 0.0000 seg 0.0000 cnt 2.7497
epoch 131/150 step 120 | loss 1.5533 | det 0.0000 seg 0.0000 cnt 1.5420
epoch 131/150 step 140 | loss 1.5645 | det 0.0000 seg 0.0000 cnt 4.6231
epoch 131/150 step 160 | loss 1.5592 | det 0.0000 seg 0.0000 cnt 1.2936
epoch 131/150 | train 1.5591 | val det 0.0000 seg 0.0000 miou 0.0000 cnt 2.6325 dens 7.954954e-01 mae 1.8370 total_mae 8.2464 | ap50 0.0000 | selected cnt_mae(min) 1.837037
epoch 132/150 step 20 | loss 1.6111 | det 0.0000 seg 0.0000 cnt 2.0679
epoch 132/150 step 40 | loss 1.5725 | det 0.0000 seg 0.0000 cnt 2.0091
epoch 132/150 step 60 | loss 1.5677 | det 0.0000 seg 0.0000 cnt 1.4929
epoch 132/150 step 80 | loss 1.6125 | det 0.0000 seg 0.0000 cnt 2.1032
epoch 132/150 step 100 | loss 1.5726 | det 0.0000 seg 0.0000 cnt 1.4295
epoch 132/150 step 120 | loss 1.5797 | det 0.0000 seg 0.0000 cnt 1.3784
epoch 132/150 step 140 | loss 1.7005 | det 0.0000 seg 0.0000 cnt 6.6871
epoch 132/150 step 160 | loss 1.6737 | det 0.0000 seg 0.0000 cnt 0.7898
epoch 132/150 | train 1.6693 | val det 0.0000 seg 0.0000 miou 0.0000 cnt 2.6628 dens 7.963115e-01 mae 1.8665 total_mae 9.0605 | ap50 0.0000 | selected cnt_mae(min) 1.866529
epoch 133/150 step 20 | loss 1.5263 | det 0.0000 seg 0.0000 cnt 0.9341
epoch 133/150 step 40 | loss 1.5392 | det 0.0000 seg 0.0000 cnt 1.6523
epoch 133/150 step 60 | loss 1.5938 | det 0.0000 seg 0.0000 cnt 1.6662
epoch 133/150 step 80 | loss 1.6249 | det 0.0000 seg 0.0000 cnt 1.1104
epoch 133/150 step 100 | loss 1.5798 | det 0.0000 seg 0.0000 cnt 2.4762
epoch 133/150 step 120 | loss 1.5566 | det 0.0000 seg 0.0000 cnt 1.3062
epoch 133/150 step 140 | loss 1.5836 | det 0.0000 seg 0.0000 cnt 2.7599
epoch 133/150 step 160 | loss 1.6119 | det 0.0000 seg 0.0000 cnt 3.2709
epoch 133/150 | train 1.6067 | val det 0.0000 seg 0.0000 miou 0.0000 cnt 2.6352 dens 7.961060e-01 mae 1.8391 total_mae 8.5095 | ap50 0.0000 | selected cnt_mae(min) 1.839105
epoch 134/150 step 20 | loss 1.4854 | det 0.0000 seg 0.0000 cnt 1.7540
epoch 134/150 step 40 | loss 1.4845 | det 0.0000 seg 0.0000 cnt 1.4046
epoch 134/150 step 60 | loss 1.4742 | det 0.0000 seg 0.0000 cnt 0.7381
epoch 134/150 step 80 | loss 1.4766 | det 0.0000 seg 0.0000 cnt 1.9746
epoch 134/150 step 100 | loss 1.4913 | det 0.0000 seg 0.0000 cnt 1.3896
epoch 134/150 step 120 | loss 1.5164 | det 0.0000 seg 0.0000 cnt 1.0861
epoch 134/150 step 140 | loss 1.5198 | det 0.0000 seg 0.0000 cnt 1.1610
epoch 134/150 step 160 | loss 1.5110 | det 0.0000 seg 0.0000 cnt 1.6295
epoch 134/150 | train 1.5101 | val det 0.0000 seg 0.0000 miou 0.0000 cnt 2.6198 dens 7.953014e-01 mae 1.8245 total_mae 8.1717 | ap50 0.0000 | selected cnt_mae(min) 1.824537
epoch 135/150 step 20 | loss 1.4907 | det 0.0000 seg 0.0000 cnt 1.4799
epoch 135/150 step 40 | loss 1.4467 | det 0.0000 seg 0.0000 cnt 0.9111
epoch 135/150 step 60 | loss 1.4899 | det 0.0000 seg 0.0000 cnt 1.0073
epoch 135/150 step 80 | loss 1.5510 | det 0.0000 seg 0.0000 cnt 1.2092
epoch 135/150 step 100 | loss 1.5737 | det 0.0000 seg 0.0000 cnt 1.5497
epoch 135/150 step 120 | loss 1.5422 | det 0.0000 seg 0.0000 cnt 0.6870
epoch 135/150 step 140 | loss 1.5506 | det 0.0000 seg 0.0000 cnt 0.9466
epoch 135/150 step 160 | loss 1.5204 | det 0.0000 seg 0.0000 cnt 1.4998
epoch 135/150 | train 1.5219 | val det 0.0000 seg 0.0000 miou 0.0000 cnt 2.6152 dens 7.949441e-01 mae 1.8203 total_mae 8.1963 | ap50 0.0000 | selected cnt_mae(min) 1.820302
epoch 136/150 step 20 | loss 1.5265 | det 0.0000 seg 0.0000 cnt 1.3318
epoch 136/150 step 40 | loss 1.5384 | det 0.0000 seg 0.0000 cnt 1.5104
epoch 136/150 step 60 | loss 1.5541 | det 0.0000 seg 0.0000 cnt 0.9741
epoch 136/150 step 80 | loss 1.5091 | det 0.0000 seg 0.0000 cnt 1.3184
epoch 136/150 step 100 | loss 1.5101 | det 0.0000 seg 0.0000 cnt 1.8522
epoch 136/150 step 120 | loss 1.4991 | det 0.0000 seg 0.0000 cnt 1.0106
epoch 136/150 step 140 | loss 1.4683 | det 0.0000 seg 0.0000 cnt 1.9199
epoch 136/150 step 160 | loss 1.5009 | det 0.0000 seg 0.0000 cnt 0.5829
epoch 136/150 | train 1.5064 | val det 0.0000 seg 0.0000 miou 0.0000 cnt 2.6213 dens 7.947040e-01 mae 1.8266 total_mae 8.1404 | ap50 0.0000 | selected cnt_mae(min) 1.826573
epoch 137/150 step 20 | loss 1.4590 | det 0.0000 seg 0.0000 cnt 1.9120
epoch 137/150 step 40 | loss 1.3025 | det 0.0000 seg 0.0000 cnt 1.2309
epoch 137/150 step 60 | loss 1.3301 | det 0.0000 seg 0.0000 cnt 0.6086
epoch 137/150 step 80 | loss 1.4322 | det 0.0000 seg 0.0000 cnt 2.2297
epoch 137/150 step 100 | loss 1.4004 | det 0.0000 seg 0.0000 cnt 1.8320
epoch 137/150 step 120 | loss 1.4306 | det 0.0000 seg 0.0000 cnt 1.5355
epoch 137/150 step 140 | loss 1.4557 | det 0.0000 seg 0.0000 cnt 2.1152
epoch 137/150 step 160 | loss 1.4539 | det 0.0000 seg 0.0000 cnt 1.7477
epoch 137/150 | train 1.4526 | val det 0.0000 seg 0.0000 miou 0.0000 cnt 2.6463 dens 7.953698e-01 mae 1.8510 total_mae 8.1666 | ap50 0.0000 | selected cnt_mae(min) 1.850963
epoch 138/150 step 20 | loss 1.4722 | det 0.0000 seg 0.0000 cnt 2.3324
epoch 138/150 step 40 | loss 1.3996 | det 0.0000 seg 0.0000 cnt 1.1656
epoch 138/150 step 60 | loss 1.4408 | det 0.0000 seg 0.0000 cnt 1.0151
epoch 138/150 step 80 | loss 1.4663 | det 0.0000 seg 0.0000 cnt 1.2158
epoch 138/150 step 100 | loss 1.4268 | det 0.0000 seg 0.0000 cnt 1.2588
epoch 138/150 step 120 | loss 1.4130 | det 0.0000 seg 0.0000 cnt 1.9268
epoch 138/150 step 140 | loss 1.4466 | det 0.0000 seg 0.0000 cnt 1.4648
epoch 138/150 step 160 | loss 1.4313 | det 0.0000 seg 0.0000 cnt 0.7780
epoch 138/150 | train 1.4461 | val det 0.0000 seg 0.0000 miou 0.0000 cnt 2.6298 dens 7.951380e-01 mae 1.8347 total_mae 8.5457 | ap50 0.0000 | selected cnt_mae(min) 1.834710
epoch 139/150 step 20 | loss 1.2529 | det 0.0000 seg 0.0000 cnt 0.6956
epoch 139/150 step 40 | loss 1.3603 | det 0.0000 seg 0.0000 cnt 1.6253
epoch 139/150 step 60 | loss 1.3916 | det 0.0000 seg 0.0000 cnt 1.0447
epoch 139/150 step 80 | loss 1.3959 | det 0.0000 seg 0.0000 cnt 1.9685
epoch 139/150 step 100 | loss 1.3845 | det 0.0000 seg 0.0000 cnt 1.1149
epoch 139/150 step 120 | loss 1.4045 | det 0.0000 seg 0.0000 cnt 1.3946
epoch 139/150 step 140 | loss 1.4237 | det 0.0000 seg 0.0000 cnt 1.6300
epoch 139/150 step 160 | loss 1.4317 | det 0.0000 seg 0.0000 cnt 1.5786
epoch 139/150 | train 1.4321 | val det 0.0000 seg 0.0000 miou 0.0000 cnt 2.6387 dens 7.952436e-01 mae 1.8434 total_mae 8.4649 | ap50 0.0000 | selected cnt_mae(min) 1.843415
epoch 140/150 step 20 | loss 1.5221 | det 0.0000 seg 0.0000 cnt 1.2153
epoch 140/150 step 40 | loss 1.5318 | det 0.0000 seg 0.0000 cnt 1.6918
epoch 140/150 step 60 | loss 1.5379 | det 0.0000 seg 0.0000 cnt 1.2913
epoch 140/150 step 80 | loss 1.5779 | det 0.0000 seg 0.0000 cnt 0.9723
epoch 140/150 step 100 | loss 1.5745 | det 0.0000 seg 0.0000 cnt 1.9568
epoch 140/150 step 120 | loss 1.5507 | det 0.0000 seg 0.0000 cnt 1.1909
epoch 140/150 step 140 | loss 1.5361 | det 0.0000 seg 0.0000 cnt 1.7270
epoch 140/150 step 160 | loss 1.5089 | det 0.0000 seg 0.0000 cnt 0.9047
epoch 140/150 | train 1.5076 | val det 0.0000 seg 0.0000 miou 0.0000 cnt 2.6576 dens 7.951902e-01 mae 1.8624 total_mae 8.8574 | ap50 0.0000 | selected cnt_mae(min) 1.862446
epoch 141/150 step 20 | loss 1.4985 | det 0.0000 seg 0.0000 cnt 1.3398
epoch 141/150 step 40 | loss 1.5391 | det 0.0000 seg 0.0000 cnt 0.4060
epoch 141/150 step 60 | loss 1.5413 | det 0.0000 seg 0.0000 cnt 1.3118
epoch 141/150 step 80 | loss 1.5371 | det 0.0000 seg 0.0000 cnt 1.8982
epoch 141/150 step 100 | loss 1.4880 | det 0.0000 seg 0.0000 cnt 1.3914
epoch 141/150 step 120 | loss 1.4734 | det 0.0000 seg 0.0000 cnt 2.1235
epoch 141/150 step 140 | loss 1.4456 | det 0.0000 seg 0.0000 cnt 0.6823
epoch 141/150 step 160 | loss 1.4291 | det 0.0000 seg 0.0000 cnt 1.3483
epoch 141/150 | train 1.4378 | val det 0.0000 seg 0.0000 miou 0.0000 cnt 2.6674 dens 7.955400e-01 mae 1.8719 total_mae 8.1543 | ap50 0.0000 | selected cnt_mae(min) 1.871877
epoch 142/150 step 20 | loss 1.2951 | det 0.0000 seg 0.0000 cnt 0.7493
epoch 142/150 step 40 | loss 1.4346 | det 0.0000 seg 0.0000 cnt 1.6262
epoch 142/150 step 60 | loss 1.4232 | det 0.0000 seg 0.0000 cnt 0.7584
epoch 142/150 step 80 | loss 1.4288 | det 0.0000 seg 0.0000 cnt 0.6158
epoch 142/150 step 100 | loss 1.4380 | det 0.0000 seg 0.0000 cnt 1.1173
epoch 142/150 step 120 | loss 1.5187 | det 0.0000 seg 0.0000 cnt 2.8495
epoch 142/150 step 140 | loss 1.5088 | det 0.0000 seg 0.0000 cnt 2.0498
epoch 142/150 step 160 | loss 1.4745 | det 0.0000 seg 0.0000 cnt 1.7950
epoch 142/150 | train 1.4736 | val det 0.0000 seg 0.0000 miou 0.0000 cnt 2.6434 dens 7.949265e-01 mae 1.8485 total_mae 8.0289 | ap50 0.0000 | selected cnt_mae(min) 1.848464
epoch 143/150 step 20 | loss 1.4905 | det 0.0000 seg 0.0000 cnt 1.8150
epoch 143/150 step 40 | loss 1.5674 | det 0.0000 seg 0.0000 cnt 1.0193
epoch 143/150 step 60 | loss 1.5577 | det 0.0000 seg 0.0000 cnt 1.3421
epoch 143/150 step 80 | loss 1.5085 | det 0.0000 seg 0.0000 cnt 2.3181
epoch 143/150 step 100 | loss 1.5497 | det 0.0000 seg 0.0000 cnt 1.7965
epoch 143/150 step 120 | loss 1.5624 | det 0.0000 seg 0.0000 cnt 1.7461
epoch 143/150 step 140 | loss 1.5611 | det 0.0000 seg 0.0000 cnt 1.5207
epoch 143/150 step 160 | loss 1.5358 | det 0.0000 seg 0.0000 cnt 1.7992
epoch 143/150 | train 1.5311 | val det 0.0000 seg 0.0000 miou 0.0000 cnt 2.6330 dens 7.963062e-01 mae 1.8367 total_mae 8.6353 | ap50 0.0000 | selected cnt_mae(min) 1.836668
epoch 144/150 step 20 | loss 1.3209 | det 0.0000 seg 0.0000 cnt 1.2384
epoch 144/150 step 40 | loss 1.2819 | det 0.0000 seg 0.0000 cnt 0.7608
epoch 144/150 step 60 | loss 1.3320 | det 0.0000 seg 0.0000 cnt 0.8196
epoch 144/150 step 80 | loss 1.3918 | det 0.0000 seg 0.0000 cnt 0.9567
epoch 144/150 step 100 | loss 1.4555 | det 0.0000 seg 0.0000 cnt 1.4091
epoch 144/150 step 120 | loss 1.4333 | det 0.0000 seg 0.0000 cnt 1.0171
epoch 144/150 step 140 | loss 1.4560 | det 0.0000 seg 0.0000 cnt 2.2001
epoch 144/150 step 160 | loss 1.4801 | det 0.0000 seg 0.0000 cnt 2.9694
epoch 144/150 | train 1.4773 | val det 0.0000 seg 0.0000 miou 0.0000 cnt 2.6128 dens 7.943779e-01 mae 1.8184 total_mae 8.1498 | ap50 0.0000 | selected cnt_mae(min) 1.818437
epoch 145/150 step 20 | loss 2.0718 | det 0.0000 seg 0.0000 cnt 3.5820
epoch 145/150 step 40 | loss 1.7882 | det 0.0000 seg 0.0000 cnt 1.3316
epoch 145/150 step 60 | loss 1.6125 | det 0.0000 seg 0.0000 cnt 1.2888
epoch 145/150 step 80 | loss 1.6179 | det 0.0000 seg 0.0000 cnt 1.3214
epoch 145/150 step 100 | loss 1.6034 | det 0.0000 seg 0.0000 cnt 1.6907
epoch 145/150 step 120 | loss 1.5609 | det 0.0000 seg 0.0000 cnt 0.9309
epoch 145/150 step 140 | loss 1.5909 | det 0.0000 seg 0.0000 cnt 1.6035
epoch 145/150 step 160 | loss 1.5706 | det 0.0000 seg 0.0000 cnt 1.6001
epoch 145/150 | train 1.5686 | val det 0.0000 seg 0.0000 miou 0.0000 cnt 2.6283 dens 7.945883e-01 mae 1.8338 total_mae 8.3349 | ap50 0.0000 | selected cnt_mae(min) 1.833754
epoch 146/150 step 20 | loss 1.3924 | det 0.0000 seg 0.0000 cnt 1.1510
epoch 146/150 step 40 | loss 1.4824 | det 0.0000 seg 0.0000 cnt 2.6030
epoch 146/150 step 60 | loss 1.4731 | det 0.0000 seg 0.0000 cnt 1.8066
epoch 146/150 step 80 | loss 1.4495 | det 0.0000 seg 0.0000 cnt 1.5173
epoch 146/150 step 100 | loss 1.4553 | det 0.0000 seg 0.0000 cnt 1.0601
epoch 146/150 step 120 | loss 1.4726 | det 0.0000 seg 0.0000 cnt 0.8626
epoch 146/150 step 140 | loss 1.4517 | det 0.0000 seg 0.0000 cnt 1.1659
epoch 146/150 step 160 | loss 1.4933 | det 0.0000 seg 0.0000 cnt 2.8264
epoch 146/150 | train 1.4959 | val det 0.0000 seg 0.0000 miou 0.0000 cnt 2.6356 dens 7.953714e-01 mae 1.8402 total_mae 8.4275 | ap50 0.0000 | selected cnt_mae(min) 1.840236
epoch 147/150 step 20 | loss 1.2231 | det 0.0000 seg 0.0000 cnt 1.0704
epoch 147/150 step 40 | loss 1.3262 | det 0.0000 seg 0.0000 cnt 3.1522
epoch 147/150 step 60 | loss 1.3658 | det 0.0000 seg 0.0000 cnt 1.4814
epoch 147/150 step 80 | loss 1.4113 | det 0.0000 seg 0.0000 cnt 2.4122
epoch 147/150 step 100 | loss 1.3758 | det 0.0000 seg 0.0000 cnt 1.0952
epoch 147/150 step 120 | loss 1.3911 | det 0.0000 seg 0.0000 cnt 1.0179
epoch 147/150 step 140 | loss 1.4303 | det 0.0000 seg 0.0000 cnt 1.5199
epoch 147/150 step 160 | loss 1.4442 | det 0.0000 seg 0.0000 cnt 1.7785
epoch 147/150 | train 1.4416 | val det 0.0000 seg 0.0000 miou 0.0000 cnt 2.6138 dens 7.941421e-01 mae 1.8197 total_mae 8.2388 | ap50 0.0000 | selected cnt_mae(min) 1.819680
epoch 148/150 step 20 | loss 1.4764 | det 0.0000 seg 0.0000 cnt 2.3382
epoch 148/150 step 40 | loss 1.4078 | det 0.0000 seg 0.0000 cnt 1.7367
epoch 148/150 step 60 | loss 1.4359 | det 0.0000 seg 0.0000 cnt 2.7793
epoch 148/150 step 80 | loss 1.4672 | det 0.0000 seg 0.0000 cnt 1.3985
epoch 148/150 step 100 | loss 1.4450 | det 0.0000 seg 0.0000 cnt 1.0368
epoch 148/150 step 120 | loss 1.4436 | det 0.0000 seg 0.0000 cnt 1.9770
epoch 148/150 step 140 | loss 1.4443 | det 0.0000 seg 0.0000 cnt 2.1345
epoch 148/150 step 160 | loss 1.4334 | det 0.0000 seg 0.0000 cnt 1.6407
epoch 148/150 | train 1.4312 | val det 0.0000 seg 0.0000 miou 0.0000 cnt 2.6534 dens 7.952224e-01 mae 1.8582 total_mae 8.7074 | ap50 0.0000 | selected cnt_mae(min) 1.858211
epoch 149/150 step 20 | loss 1.5778 | det 0.0000 seg 0.0000 cnt 0.8658
epoch 149/150 step 40 | loss 1.5653 | det 0.0000 seg 0.0000 cnt 2.0797
epoch 149/150 step 60 | loss 1.5140 | det 0.0000 seg 0.0000 cnt 1.0834
epoch 149/150 step 80 | loss 1.6051 | det 0.0000 seg 0.0000 cnt 1.1441
epoch 149/150 step 100 | loss 1.5861 | det 0.0000 seg 0.0000 cnt 0.8244
epoch 149/150 step 120 | loss 1.5632 | det 0.0000 seg 0.0000 cnt 1.5337
epoch 149/150 step 140 | loss 1.5892 | det 0.0000 seg 0.0000 cnt 3.3617
epoch 149/150 step 160 | loss 1.5703 | det 0.0000 seg 0.0000 cnt 1.7883
epoch 149/150 | train 1.5673 | val det 0.0000 seg 0.0000 miou 0.0000 cnt 2.6505 dens 7.957964e-01 mae 1.8547 total_mae 8.9059 | ap50 0.0000 | selected cnt_mae(min) 1.854738
epoch 150/150 step 20 | loss 1.3400 | det 0.0000 seg 0.0000 cnt 0.8739
epoch 150/150 step 40 | loss 1.3752 | det 0.0000 seg 0.0000 cnt 1.6937
epoch 150/150 step 60 | loss 1.4547 | det 0.0000 seg 0.0000 cnt 1.0110
epoch 150/150 step 80 | loss 1.4821 | det 0.0000 seg 0.0000 cnt 1.1524
epoch 150/150 step 100 | loss 1.4589 | det 0.0000 seg 0.0000 cnt 0.3836
epoch 150/150 step 120 | loss 1.4609 | det 0.0000 seg 0.0000 cnt 1.4115
epoch 150/150 step 140 | loss 1.4279 | det 0.0000 seg 0.0000 cnt 1.2985
epoch 150/150 step 160 | loss 1.4272 | det 0.0000 seg 0.0000 cnt 1.1735
epoch 150/150 | train 1.4225 | val det 0.0000 seg 0.0000 miou 0.0000 cnt 2.6519 dens 7.947187e-01 mae 1.8572 total_mae 8.0971 | ap50 0.0000 | selected cnt_mae(min) 1.857194
[ckpt] saved best -> runs/group2_single_full_lora/cnt/best_combo.pt (cnt_mae 1.816885)
[run] project: /data/xiangyuyue/ULLM-zf/fsl-20260209
[run] ckpt: runs/group2_single_full_lora/cnt/best_combo.pt
[run] stats: runs/group2_single_full_lora/cnt/stats_eval_cnt_best_combo_20260402_152745
[run] cmd: /data/xiangyuyue/ULLM-zf/fsl-20260209/miniconda3/envs/fsl/bin/python -m lora_multitask.eval --checkpoint runs/group2_single_full_lora/cnt/best_combo.pt --tasks cnt --stats-dir runs/group2_single_full_lora/cnt/stats_eval_cnt_best_combo_20260402_152745 --device cuda --image-size 448 --model-name dinov3_vitl16 --det-data-root /data/xiangyuyue/ULLM-zf/fsl-20260209/data/det/coco --det-ann-file /data/xiangyuyue/ULLM-zf/fsl-20260209/data/det/coco/annotations/instances_test.json --det-img-dir /data/xiangyuyue/ULLM-zf/fsl-20260209/data/det/coco/images/test --det-backbone-checkpoint /data/xiangyuyue/ULLM-zf/fsl-20260209/dinov3_vitl16_pretrain_lvd1689m-8aa4cbdd.pth --det-score-thr 0 --seg-data-dir /data/xiangyuyue/ULLM-zf/fsl-20260209/data/seg/nas/liyangguang103/newdataset/CD-SematicSeg/EvLab-SS/mydataset/test --seg-backbone-checkpoint /data/xiangyuyue/ULLM-zf/fsl-20260209/dinov3_vitl16_pretrain_lvd1689m-8aa4cbdd.pth --cnt-data-root /data/xiangyuyue/ULLM-zf/fsl-20260209/data/cnt/nas/liyangguang103/newdataset/CD-Count/DSACA --cnt-test-dir /data/xiangyuyue/ULLM-zf/fsl-20260209/data/cnt/nas/liyangguang103/newdataset/CD-Count/DSACA/test_data_class8 --cnt-backbone-checkpoint /data/xiangyuyue/ULLM-zf/fsl-20260209/dinov3_vitl16_pretrain_lvd1689m-8aa4cbdd.pth --det-use-coco-eval


[multitask/eval] running cnt: /data/xiangyuyue/ULLM-zf/fsl-20260209/miniconda3/envs/fsl/bin/python counting/eval.py --checkpoint runs/group2_single_full_lora/cnt/best_combo.pt --stats-dir runs/group2_single_full_lora/cnt/stats_eval_cnt_best_combo_20260402_152745 --data-root /data/xiangyuyue/ULLM-zf/fsl-20260209/data/cnt/nas/liyangguang103/newdataset/CD-Count/DSACA --test-dir /data/xiangyuyue/ULLM-zf/fsl-20260209/data/cnt/nas/liyangguang103/newdataset/CD-Count/DSACA/test_data_class8 --image-size 448 --model-name dinov3_vitl16 --device cuda --backbone-checkpoint /data/xiangyuyue/ULLM-zf/fsl-20260209/dinov3_vitl16_pretrain_lvd1689m-8aa4cbdd.pth --batch-size 32

Initializing dinov3_vitl16 backbone from local dinov3...
Created dinov3_vitl16 backbone
Backbone is trainable (not frozen).
Feature dimension: 1024
Density head initialized with 8 channels
[Cnt] Injected LoRA into dinov3 FFN (replaced_linear=48)
Loading backbone weights from --checkpoint...
Loaded backbone weights from --checkpoint
[Cnt][LoadSummary] backbone: provided=464, total=464, matched≈464 (100.0%), missing=0, unexpected=0
Loading head weights (cnt_head) from --checkpoint...
Loaded head weights (cnt_head) from --checkpoint
[Cnt][LoadSummary] head(cnt_head): missing=0, unexpected=0

Per-class MAE / RMSE:
  class 00: MAE=6.173  RMSE=9.857
  class 01: MAE=1.488  RMSE=2.404
  class 02: MAE=3.907  RMSE=5.983
  class 03: MAE=2.032  RMSE=3.576
  class 04: MAE=0.875  RMSE=1.556
  class 05: MAE=1.654  RMSE=2.697
  class 06: MAE=0.303  RMSE=0.705
  class 07: MAE=3.314  RMSE=4.966
Overall: MAE=2.468  RMSE=3.968
Saved metrics to runs/group2_single_full_lora/cnt/stats_eval_cnt_best_combo_20260402_152745/metrics_cnt_test_data_class8.json

[multitask/eval] done; summary: runs/group2_single_full_lora/cnt/stats_eval_cnt_best_combo_20260402_152745/multitask_eval_summary.json
