WARNING:__main__:
*****************************************
Setting OMP_NUM_THREADS environment variable for each process to be 1 in default, to avoid your system being overloaded, please further tune the variable for optimal performance in your application as needed. 
*****************************************
[rank1]: Traceback (most recent call last):
[rank1]:   File "<frozen runpy>", line 198, in _run_module_as_main
[rank1]:   File "<frozen runpy>", line 88, in _run_code
[rank1]:   File "/data/xiangyuyue/ULLM-zf/fsl-20260209/113_mtlora_vision/train.py", line 742, in <module>
[rank1]:     main()
[rank1]:   File "/data/xiangyuyue/ULLM-zf/fsl-20260209/113_mtlora_vision/train.py", line 413, in main
[rank1]:     device, use_ddp, world_size, rank, local_rank = _init_distributed(args)
[rank1]:                                                     ^^^^^^^^^^^^^^^^^^^^^^^
[rank1]:   File "/data/xiangyuyue/ULLM-zf/fsl-20260209/113_mtlora_vision/train.py", line 122, in _init_distributed
[rank1]:     torch.cuda.set_device(local_rank)
[rank1]:   File "/data/xiangyuyue/ULLM-zf/fsl-20260209/miniconda3/envs/fsl/lib/python3.11/site-packages/torch/cuda/__init__.py", line 478, in set_device
[rank1]:     torch._C._cuda_setDevice(device)
[rank1]: RuntimeError: CUDA error: invalid device ordinal
[rank1]: CUDA kernel errors might be asynchronously reported at some other API call, so the stacktrace below might be incorrect.
[rank1]: For debugging consider passing CUDA_LAUNCH_BLOCKING=1
[rank1]: Compile with `TORCH_USE_CUDA_DSA` to enable device-side assertions.

[rank1]:[W322 15:42:46.472643090 ProcessGroupNCCL.cpp:1250] Warning: WARNING: process group has NOT been destroyed before we destruct ProcessGroupNCCL. On normal program exit, the application should call destroy_process_group to ensure that any pending NCCL operations have finished in this process. In rare cases this process can exit before this point and block the progress of another member of the process group. This constraint has always been present,  but this warning has only been added since PyTorch 2.4 (function operator())
W0322 15:42:47.510000 439 miniconda3/envs/fsl/lib/python3.11/site-packages/torch/distributed/elastic/multiprocessing/api.py:897] Sending process 539 closing signal SIGTERM
E0322 15:42:47.627000 439 miniconda3/envs/fsl/lib/python3.11/site-packages/torch/distributed/elastic/multiprocessing/api.py:869] failed (exitcode: 1) local_rank: 1 (pid: 540) of binary: /data/xiangyuyue/ULLM-zf/fsl-20260209/miniconda3/envs/fsl/bin/python
Traceback (most recent call last):
  File "<frozen runpy>", line 198, in _run_module_as_main
  File "<frozen runpy>", line 88, in _run_code
  File "/data/xiangyuyue/ULLM-zf/fsl-20260209/miniconda3/envs/fsl/lib/python3.11/site-packages/torch/distributed/run.py", line 923, in <module>
    main()
  File "/data/xiangyuyue/ULLM-zf/fsl-20260209/miniconda3/envs/fsl/lib/python3.11/site-packages/torch/distributed/elastic/multiprocessing/errors/__init__.py", line 355, in wrapper
    return f(*args, **kwargs)
           ^^^^^^^^^^^^^^^^^^
  File "/data/xiangyuyue/ULLM-zf/fsl-20260209/miniconda3/envs/fsl/lib/python3.11/site-packages/torch/distributed/run.py", line 919, in main
    run(args)
  File "/data/xiangyuyue/ULLM-zf/fsl-20260209/miniconda3/envs/fsl/lib/python3.11/site-packages/torch/distributed/run.py", line 910, in run
    elastic_launch(
  File "/data/xiangyuyue/ULLM-zf/fsl-20260209/miniconda3/envs/fsl/lib/python3.11/site-packages/torch/distributed/launcher/api.py", line 138, in __call__
    return launch_agent(self._config, self._entrypoint, list(args))
           ^^^^^^^^^^^^^^^^^^^^^^^^^^^^^^^^^^^^^^^^^^^^^^^^^^^^^^^^
  File "/data/xiangyuyue/ULLM-zf/fsl-20260209/miniconda3/envs/fsl/lib/python3.11/site-packages/torch/distributed/launcher/api.py", line 269, in launch_agent
    raise ChildFailedError(
torch.distributed.elastic.multiprocessing.errors.ChildFailedError: 
============================================================
113_mtlora_vision.train FAILED
------------------------------------------------------------
Failures:
  <NO_OTHER_FAILURES>
------------------------------------------------------------
Root Cause (first observed failure):
[0]:
  time      : 2026-03-22_15:42:47
  host      : app-cd51587cb59942288631e97b51b3e584-74cbf94764-jxdtn
  rank      : 1 (local_rank: 1)
  exitcode  : 1 (pid: 540)
  error_file: <N/A>
  traceback : To enable traceback see: https://pytorch.org/docs/stable/elastic/errors.html
============================================================
[train] trainable params: 37068231
[train] adapter params: 3293184
[train] task head params: 33775047
[train] validation starts at epoch 101/150
[train] epoch 1/150 step 20 | loss 1008381.3344 | det 3.8535 seg 2.4926 cnt 1008303.5844 reg 0.0002 | dens 7.013996e-01/3.612331e-05 | count 140773.703/7.250 | mae 140766.453 | total 1126189.625/58.001
[train] epoch 1/150 step 40 | loss 837078.6891 | det 2.7937 seg 1.9732 cnt 837020.9914 reg 0.0002 | dens 3.580658e-01/7.255577e-05 | count 71865.242/14.562 | mae 71850.680 | total 574921.938/116.498
[train] epoch 1/150 step 60 | loss 608570.2887 | det 2.1503 seg 1.7433 cnt 608524.0827 reg 0.0002 | dens 1.544463e-01/4.857831e-05 | count 30997.982/9.750 | mae 30988.232 | total 247983.859/77.999
[train] epoch 1/150 step 80 | loss 466103.3868 | det 1.7491 seg 1.6278 cnt 466064.1248 reg 0.0002 | dens 7.838386e-02/3.768097e-05 | count 15731.955/7.563 | mae 15724.393 | total 125855.641/60.502
[train] epoch 1/150 step 100 | loss 375325.0747 | det 1.4936 seg 1.5842 cnt 375289.9945 reg 0.0003 | dens 2.475832e-02/2.771488e-05 | count 4969.095/5.562 | mae 4963.532 | total 39752.758/44.500
[train] epoch 1/150 step 120 | loss 313444.5446 | det 1.3415 seg 1.5083 cnt 313412.3539 reg 0.0004 | dens 1.006381e-02/6.414861e-05 | count 2019.847/12.875 | mae 2006.972 | total 16158.773/102.999
[train] epoch 1/150 step 140 | loss 268901.2532 | det 1.2351 seg 1.4599 cnt 268871.0458 reg 0.0005 | dens 4.450426e-03/3.176198e-05 | count 893.218/6.375 | mae 886.844 | total 7145.746/50.998
[train] epoch 1/150 step 160 | loss 235364.1991 | det 1.1538 seg 1.4153 cnt 235335.5670 reg 0.0006 | dens 1.686441e-03/3.612279e-05 | count 338.476/7.250 | mae 331.226 | total 2707.804/58.000
[train] epoch 1/150 step 180 | loss 209238.8026 | det 1.0746 seg 1.3667 cnt 209211.7472 reg 0.0007 | dens 5.585584e-04/5.792308e-05 | count 112.105/11.625 | mae 100.480 | total 896.839/93.003
[train] epoch 1/150 step 200 | loss 188324.4757 | det 1.0265 seg 1.3447 cnt 188298.3191 reg 0.0008 | dens 2.680558e-04/2.397805e-05 | count 53.800/4.812 | mae 48.987 | total 430.399/38.500
[train] epoch 1/150 step 220 | loss 171208.6492 | det 0.9745 seg 1.3249 cnt 171183.4311 reg 0.0009 | dens 1.081333e-04/2.522389e-05 | count 21.703/5.063 | mae 18.791 | total 173.622/40.500
[train] epoch 1/150 step 240 | loss 156944.6867 | det 0.9433 seg 1.3210 cnt 156919.9668 reg 0.0010 | dens 5.604163e-05/3.581179e-05 | count 11.248/7.188 | mae 8.188 | total 89.982/57.501
[train] epoch 1/150 step 260 | loss 144874.6785 | det 0.9138 seg 1.3005 cnt 144850.5659 reg 0.0011 | dens 4.493879e-05/7.068819e-05 | count 9.019/14.187 | mae 11.833 | total 72.155/113.499
[train] epoch 1/150 step 280 | loss 134528.3882 | det 0.8787 seg 1.2867 cnt 134504.9122 reg 0.0012 | dens 4.190913e-05/1.650445e-05 | count 8.411/3.313 | mae 5.620 | total 67.291/26.500
[train] epoch 1/150 step 300 | loss 125561.4472 | det 0.8435 seg 1.2758 cnt 125538.5863 reg 0.0013 | dens 3.347106e-05/1.868422e-05 | count 6.718/3.750 | mae 4.389 | total 53.742/30.000
[train] epoch 1/150 step 320 | loss 117715.1571 | det 0.8167 seg 1.2544 cnt 117692.8694 reg 0.0014 | dens 3.003325e-05/3.176273e-05 | count 6.028/6.375 | mae 4.210 | total 48.222/50.999
[train] epoch 1/150 | train 111118.7007
[train] epoch 2/150 step 20 | loss 24.5073 | det 0.4564 seg 1.0811 cnt 9.0095 reg 0.0031 | dens 3.318585e-05/3.799187e-05 | count 6.661/7.625 | mae 4.721 | total 53.284/61.001
[train] epoch 2/150 step 40 | loss 23.0696 | det 0.4496 seg 0.9735 cnt 8.5352 reg 0.0030 | dens 3.010945e-05/4.827216e-05 | count 6.043/9.688 | mae 5.686 | total 48.345/77.507
[train] epoch 2/150 step 60 | loss 22.7359 | det 0.4759 seg 0.9498 cnt 7.9964 reg 0.0031 | dens 2.758762e-05/3.269743e-05 | count 5.537/6.563 | mae 4.066 | total 44.296/52.500
[train] epoch 2/150 step 80 | loss 22.8029 | det 0.4580 seg 0.9501 cnt 8.3283 reg 0.0031 | dens 4.389901e-05/4.764572e-05 | count 8.811/9.563 | mae 5.759 | total 70.486/76.502
[train] epoch 2/150 step 100 | loss 22.7912 | det 0.4481 seg 0.9511 cnt 8.4575 reg 0.0032 | dens 4.486114e-05/4.733363e-05 | count 9.004/9.500 | mae 6.042 | total 72.030/76.000
[train] epoch 2/150 step 120 | loss 22.5098 | det 0.4348 seg 0.9539 cnt 8.3543 reg 0.0032 | dens 2.594490e-05/5.075972e-05 | count 5.207/10.188 | mae 6.195 | total 41.658/81.501
[train] epoch 2/150 step 140 | loss 22.4421 | det 0.4363 seg 0.9462 cnt 8.3257 reg 0.0033 | dens 2.696955e-05/7.504799e-05 | count 5.413/15.062 | mae 10.763 | total 43.303/120.499
[train] epoch 2/150 step 160 | loss 21.9941 | det 0.4217 seg 0.9180 cnt 8.3210 reg 0.0034 | dens 4.469835e-05/7.473764e-05 | count 8.971/15.000 | mae 8.618 | total 71.769/120.001
[train] epoch 2/150 step 180 | loss 21.9217 | det 0.4206 seg 0.9103 cnt 8.3263 reg 0.0035 | dens 2.535422e-05/2.366674e-05 | count 5.089/4.750 | mae 5.482 | total 40.710/38.000
[train] epoch 2/150 step 200 | loss 22.1211 | det 0.4091 seg 0.8929 cnt 8.8386 reg 0.0036 | dens 4.920266e-05/3.114005e-05 | count 9.875/6.250 | mae 6.385 | total 79.001/49.999
[train] epoch 2/150 step 220 | loss 21.6902 | det 0.4005 seg 0.8784 cnt 8.6524 reg 0.0037 | dens 2.221705e-05/5.636526e-05 | count 4.459/11.313 | mae 7.355 | total 35.672/90.502
[train] epoch 2/150 step 240 | loss 21.5009 | det 0.4013 seg 0.8737 cnt 8.4884 reg 0.0038 | dens 2.012061e-05/2.273251e-05 | count 4.038/4.563 | mae 2.793 | total 32.306/36.500
[train] epoch 2/150 step 260 | loss 21.4230 | det 0.4019 seg 0.8696 cnt 8.4339 reg 0.0038 | dens 2.203399e-05/2.148655e-05 | count 4.422/4.312 | mae 2.217 | total 35.378/34.500
[train] epoch 2/150 step 280 | loss 21.1918 | det 0.3982 seg 0.8666 cnt 8.2826 reg 0.0039 | dens 2.289118e-05/5.822605e-05 | count 4.594/11.686 | mae 7.808 | total 36.755/93.490
[train] epoch 2/150 step 300 | loss 20.9139 | det 0.3885 seg 0.8601 cnt 8.2018 reg 0.0040 | dens 3.046915e-05/3.799143e-05 | count 6.115/7.625 | mae 6.586 | total 48.922/61.000
[train] epoch 2/150 step 320 | loss 20.7302 | det 0.3878 seg 0.8589 cnt 8.0377 reg 0.0040 | dens 1.946966e-05/1.806099e-05 | count 3.908/3.625 | mae 3.401 | total 31.261/28.999
[train] epoch 2/150 | train 20.6984
[train] epoch 3/150 step 20 | loss 20.2690 | det 0.4480 seg 0.7833 cnt 7.2763 reg 0.0062 | dens 3.437378e-05/3.830254e-05 | count 6.899/7.687 | mae 4.676 | total 55.192/61.500
[train] epoch 3/150 step 40 | loss 22.2057 | det 0.4120 seg 0.7810 cnt 9.7710 reg 0.0064 | dens 3.532421e-05/5.169322e-05 | count 7.090/10.375 | mae 7.745 | total 56.718/83.000
[train] epoch 3/150 step 60 | loss 21.3395 | det 0.4091 seg 0.7352 cnt 9.3150 reg 0.0064 | dens 2.651820e-05/6.010109e-05 | count 5.322/12.063 | mae 7.224 | total 42.578/96.500
[train] epoch 3/150 step 80 | loss 20.9136 | det 0.3949 seg 0.7675 cnt 8.8431 reg 0.0065 | dens 2.197947e-05/2.460097e-05 | count 4.411/4.938 | mae 3.127 | total 35.291/39.500
[train] epoch 3/150 step 100 | loss 20.1007 | det 0.3714 seg 0.7541 cnt 8.4908 reg 0.0066 | dens 2.394442e-05/1.712668e-05 | count 4.806/3.437 | mae 3.263 | total 38.446/27.499
[train] epoch 3/150 step 120 | loss 19.6710 | det 0.3596 seg 0.7530 cnt 8.2461 reg 0.0067 | dens 2.208950e-05/2.833699e-05 | count 4.433/5.687 | mae 3.124 | total 35.468/45.499
[train] epoch 3/150 step 140 | loss 19.3519 | det 0.3517 seg 0.7697 cnt 7.9123 reg 0.0068 | dens 1.968725e-05/2.958342e-05 | count 3.951/5.938 | mae 4.906 | total 31.610/47.500
[train] epoch 3/150 step 160 | loss 18.8769 | det 0.3426 seg 0.7648 cnt 7.6131 reg 0.0069 | dens 1.595588e-05/3.518852e-05 | count 3.202/7.062 | mae 4.484 | total 25.619/56.500
[train] epoch 3/150 step 180 | loss 18.7804 | det 0.3386 seg 0.7686 cnt 7.5453 reg 0.0070 | dens 4.249825e-05/4.608663e-05 | count 8.530/9.250 | mae 5.241 | total 68.237/73.998
[train] epoch 3/150 step 200 | loss 18.7212 | det 0.3349 seg 0.7639 cnt 7.5804 reg 0.0071 | dens 4.622590e-05/1.899594e-05 | count 9.278/3.813 | mae 5.896 | total 74.222/30.500
[train] epoch 3/150 step 220 | loss 18.7730 | det 0.3336 seg 0.7698 cnt 7.6035 reg 0.0072 | dens 4.048836e-05/4.110514e-05 | count 8.126/8.250 | mae 4.704 | total 65.009/66.000
[train] epoch 3/150 step 240 | loss 19.0306 | det 0.3400 seg 0.7717 cnt 7.7492 reg 0.0073 | dens 2.903830e-05/5.542964e-05 | count 5.828/11.125 | mae 7.728 | total 46.625/89.000
[train] epoch 3/150 step 260 | loss 18.9565 | det 0.3359 seg 0.7666 cnt 7.7769 reg 0.0074 | dens 3.360311e-05/7.785367e-06 | count 6.744/1.563 | mae 5.476 | total 53.954/12.500
[train] epoch 3/150 step 280 | loss 19.1699 | det 0.3470 seg 0.7648 cnt 7.8386 reg 0.0076 | dens 2.616482e-05/3.830290e-05 | count 5.251/7.688 | mae 3.132 | total 42.011/61.500
[train] epoch 3/150 step 300 | loss 19.4419 | det 0.3464 seg 0.7611 cnt 8.1489 reg 0.0077 | dens 2.107374e-05/1.401354e-05 | count 4.230/2.813 | mae 2.247 | total 33.837/22.501
[train] epoch 3/150 step 320 | loss 19.3770 | det 0.3450 seg 0.7568 cnt 8.1393 reg 0.0078 | dens 9.904707e-05/7.629469e-05 | count 19.879/15.313 | mae 6.735 | total 159.033/122.501
[train] epoch 3/150 | train 19.2804
[train] epoch 4/150 step 20 | loss 16.3306 | det 0.2632 seg 0.7807 cnt 6.1267 reg 0.0098 | dens 5.029538e-05/4.110481e-05 | count 10.094/8.250 | mae 3.258 | total 80.756/65.999
[train] epoch 4/150 step 40 | loss 17.3677 | det 0.3200 seg 0.7644 cnt 6.4420 reg 0.0098 | dens 3.121687e-05/6.539597e-05 | count 6.265/13.125 | mae 9.427 | total 50.123/105.002
[train] epoch 4/150 step 60 | loss 17.2353 | det 0.3342 seg 0.7330 cnt 6.3480 reg 0.0100 | dens 2.740694e-05/3.954714e-05 | count 5.501/7.937 | mae 3.112 | total 44.005/63.498
[train] epoch 4/150 step 80 | loss 17.8020 | det 0.3322 seg 0.7107 cnt 7.1223 reg 0.0101 | dens 3.213450e-05/4.328504e-05 | count 6.450/8.687 | mae 5.389 | total 51.596/69.500
[train] epoch 4/150 step 100 | loss 17.9435 | det 0.3204 seg 0.7317 cnt 7.2737 reg 0.0102 | dens 2.757901e-05/2.740335e-05 | count 5.535/5.500 | mae 3.147 | total 44.282/44.000
[train] epoch 4/150 step 120 | loss 18.0416 | det 0.3187 seg 0.7451 cnt 7.2910 reg 0.0103 | dens 2.145288e-05/1.370109e-05 | count 4.306/2.750 | mae 2.116 | total 34.445/21.999
[train] epoch 4/150 step 140 | loss 17.8784 | det 0.3155 seg 0.7444 cnt 7.1812 reg 0.0104 | dens 3.307824e-05/4.203946e-05 | count 6.639/8.437 | mae 3.794 | total 53.111/67.500
[train] epoch 4/150 step 160 | loss 17.7977 | det 0.3110 seg 0.7332 cnt 7.2567 reg 0.0105 | dens 3.454653e-05/7.037754e-05 | count 6.934/14.125 | mae 7.788 | total 55.469/113.000
[train] epoch 4/150 step 180 | loss 17.8784 | det 0.3048 seg 0.7408 cnt 7.3692 reg 0.0106 | dens 3.982336e-05/7.193324e-05 | count 7.993/14.437 | mae 6.885 | total 63.942/115.498
[train] epoch 4/150 step 200 | loss 17.7112 | det 0.3065 seg 0.7370 cnt 7.2061 reg 0.0108 | dens 2.400025e-05/3.954779e-05 | count 4.817/7.937 | mae 4.467 | total 38.536/63.499
[train] epoch 4/150 step 220 | loss 17.6715 | det 0.3137 seg 0.7291 cnt 7.1220 reg 0.0109 | dens 2.900931e-05/3.300883e-05 | count 5.822/6.625 | mae 4.478 | total 46.578/53.000
[train] epoch 4/150 step 240 | loss 17.5693 | det 0.3122 seg 0.7333 cnt 7.0090 reg 0.0110 | dens 3.158650e-05/2.615819e-05 | count 6.340/5.250 | mae 2.593 | total 50.716/42.000
[train] epoch 4/150 step 260 | loss 17.8789 | det 0.3150 seg 0.7282 cnt 7.3176 reg 0.0111 | dens 3.702275e-05/3.487729e-05 | count 7.431/7.000 | mae 3.568 | total 59.445/56.000
[train] epoch 4/150 step 280 | loss 17.7655 | det 0.3204 seg 0.7252 cnt 7.1460 reg 0.0112 | dens 1.911411e-05/2.709252e-05 | count 3.836/5.438 | mae 3.160 | total 30.690/43.501
[train] epoch 4/150 step 300 | loss 17.7470 | det 0.3192 seg 0.7249 cnt 7.1485 reg 0.0114 | dens 6.420662e-05/5.138192e-05 | count 12.887/10.313 | mae 7.807 | total 103.092/82.500
[train] epoch 4/150 step 320 | loss 17.7358 | det 0.3279 seg 0.7242 cnt 7.0121 reg 0.0115 | dens 4.582451e-05/6.228193e-05 | count 9.197/12.500 | mae 4.548 | total 73.577/100.002
[train] epoch 4/150 | train 17.8363
[train] epoch 5/150 step 20 | loss 17.0824 | det 0.2673 seg 0.6428 cnt 7.9170 reg 0.0132 | dens 2.102727e-05/4.266002e-05 | count 4.220/8.562 | mae 5.759 | total 33.762/68.496
[train] epoch 5/150 step 40 | loss 16.9737 | det 0.3133 seg 0.6844 cnt 6.7856 reg 0.0134 | dens 3.462700e-05/2.366634e-05 | count 6.950/4.750 | mae 4.280 | total 55.598/37.999
[train] epoch 5/150 step 60 | loss 16.7176 | det 0.2906 seg 0.6816 cnt 6.8930 reg 0.0134 | dens 3.100744e-05/3.768044e-05 | count 6.223/7.563 | mae 4.256 | total 49.787/60.501
[train] epoch 5/150 step 80 | loss 16.2449 | det 0.2852 seg 0.7021 cnt 6.3367 reg 0.0135 | dens 3.414325e-05/4.266229e-05 | count 6.853/8.562 | mae 3.462 | total 54.821/68.500
[train] epoch 5/150 step 100 | loss 16.3123 | det 0.2868 seg 0.7141 cnt 6.2844 reg 0.0135 | dens 1.740535e-05/7.162533e-06 | count 3.493/1.438 | mae 2.165 | total 27.947/11.500
[train] epoch 5/150 step 120 | loss 16.6663 | det 0.3026 seg 0.7105 cnt 6.4303 reg 0.0136 | dens 1.163685e-04/8.843774e-05 | count 23.356/17.750 | mae 11.904 | total 186.845/141.998
[train] epoch 5/150 step 140 | loss 16.7608 | det 0.3066 seg 0.6927 cnt 6.6063 reg 0.0137 | dens 1.727730e-05/2.273213e-05 | count 3.468/4.562 | mae 2.765 | total 27.741/36.499
[train] epoch 5/150 step 160 | loss 16.8970 | det 0.3080 seg 0.6817 cnt 6.8095 reg 0.0138 | dens 2.308391e-05/6.539574e-06 | count 4.633/1.313 | mae 4.088 | total 37.064/10.500
[train] epoch 5/150 step 180 | loss 17.3244 | det 0.3068 seg 0.6881 cnt 7.2039 reg 0.0140 | dens 2.801432e-05/3.238529e-05 | count 5.623/6.500 | mae 3.463 | total 44.981/51.999
[train] epoch 5/150 step 200 | loss 17.2322 | det 0.3097 seg 0.6941 cnt 7.0200 reg 0.0141 | dens 1.808923e-05/1.961894e-05 | count 3.631/3.938 | mae 3.571 | total 29.045/31.501
[train] epoch 5/150 step 220 | loss 17.1727 | det 0.3087 seg 0.6984 cnt 6.9417 reg 0.0142 | dens 2.320928e-05/4.577559e-05 | count 4.658/9.187 | mae 5.697 | total 37.266/73.499
[train] epoch 5/150 step 240 | loss 17.1360 | det 0.3095 seg 0.6928 cnt 6.9367 reg 0.0143 | dens 4.115139e-05/6.197026e-05 | count 8.259/12.438 | mae 4.529 | total 66.074/99.501
[train] epoch 5/150 step 260 | loss 17.0927 | det 0.3094 seg 0.6919 cnt 6.9023 reg 0.0144 | dens 4.361343e-05/9.124003e-05 | count 8.753/18.312 | mae 9.804 | total 70.027/146.498
[train] epoch 5/150 step 280 | loss 17.0796 | det 0.3104 seg 0.6808 cnt 6.9622 reg 0.0145 | dens 1.528852e-05/2.335517e-05 | count 3.068/4.687 | mae 3.840 | total 24.548/37.500
[train] epoch 5/150 step 300 | loss 17.0476 | det 0.3096 seg 0.6794 cnt 6.9541 reg 0.0146 | dens 2.661427e-05/2.460101e-05 | count 5.342/4.938 | mae 2.235 | total 42.733/39.500
[train] epoch 5/150 step 320 | loss 16.9220 | det 0.3071 seg 0.6732 cnt 6.9152 reg 0.0147 | dens 2.529548e-05/1.868488e-05 | count 5.077/3.750 | mae 2.600 | total 40.615/30.001
[train] epoch 5/150 | train 16.7698
[train] epoch 6/150 step 20 | loss 16.4753 | det 0.2948 seg 0.7317 cnt 6.1839 reg 0.0163 | dens 1.641234e-05/1.058803e-05 | count 3.294/2.125 | mae 1.530 | total 26.352/17.000
[train] epoch 6/150 step 40 | loss 16.8882 | det 0.2803 seg 0.6579 cnt 7.4035 reg 0.0166 | dens 3.331243e-05/3.643427e-05 | count 6.686/7.313 | mae 2.250 | total 53.488/58.500
[train] epoch 6/150 step 60 | loss 16.5261 | det 0.2765 seg 0.6477 cnt 7.1801 reg 0.0166 | dens 6.126207e-05/4.141767e-05 | count 12.296/8.313 | mae 4.173 | total 98.364/66.502
[train] epoch 6/150 step 80 | loss 16.1833 | det 0.2910 seg 0.6386 cnt 6.6921 reg 0.0167 | dens 2.619072e-05/2.740293e-05 | count 5.257/5.500 | mae 2.942 | total 42.053/43.999
[train] epoch 6/150 step 100 | loss 16.2947 | det 0.2919 seg 0.6414 cnt 6.7681 reg 0.0168 | dens 4.598569e-05/3.736755e-05 | count 9.230/7.500 | mae 3.391 | total 73.836/59.999
[train] epoch 6/150 step 120 | loss 15.9242 | det 0.2900 seg 0.6225 cnt 6.5779 reg 0.0169 | dens 1.527298e-05/1.152170e-05 | count 3.065/2.312 | mae 1.644 | total 24.523/18.500
[train] epoch 6/150 step 140 | loss 15.8729 | det 0.2834 seg 0.6384 cnt 6.4986 reg 0.0170 | dens 6.449648e-05/4.048174e-05 | count 12.945/8.125 | mae 6.592 | total 103.558/64.999
[train] epoch 6/150 step 160 | loss 15.9245 | det 0.2817 seg 0.6480 cnt 6.4984 reg 0.0171 | dens 3.057367e-05/3.954792e-05 | count 6.136/7.937 | mae 5.584 | total 49.090/63.499
[train] epoch 6/150 step 180 | loss 16.0329 | det 0.2815 seg 0.6453 cnt 6.6304 reg 0.0172 | dens 2.554092e-05/2.491205e-05 | count 5.126/5.000 | mae 3.901 | total 41.009/40.000
[train] epoch 6/150 step 200 | loss 16.0369 | det 0.2870 seg 0.6368 cnt 6.6203 reg 0.0172 | dens 2.484390e-05/3.954810e-05 | count 4.986/7.937 | mae 3.626 | total 39.890/63.500
[train] epoch 6/150 step 220 | loss 15.9845 | det 0.2888 seg 0.6353 cnt 6.5524 reg 0.0173 | dens 2.619702e-05/5.480787e-05 | count 5.258/11.000 | mae 5.919 | total 42.063/88.001
[train] epoch 6/150 step 240 | loss 15.9460 | det 0.2904 seg 0.6306 cnt 6.5270 reg 0.0174 | dens 5.811523e-05/6.508431e-05 | count 11.664/13.063 | mae 6.814 | total 93.312/104.501
[train] epoch 6/150 step 260 | loss 16.0307 | det 0.2940 seg 0.6376 cnt 6.5023 reg 0.0174 | dens 1.774842e-05/2.335624e-05 | count 3.562/4.688 | mae 2.176 | total 28.497/37.502
[train] epoch 6/150 step 280 | loss 15.8817 | det 0.2919 seg 0.6337 cnt 6.4161 reg 0.0175 | dens 3.093564e-05/1.370204e-05 | count 6.209/2.750 | mae 4.548 | total 49.671/22.000
[train] epoch 6/150 step 300 | loss 15.9539 | det 0.2908 seg 0.6303 cnt 6.5325 reg 0.0176 | dens 3.040474e-05/5.231646e-05 | count 6.102/10.500 | mae 4.772 | total 48.819/84.001
[train] epoch 6/150 step 320 | loss 15.8748 | det 0.2923 seg 0.6291 cnt 6.4403 reg 0.0176 | dens 1.838811e-05/2.771493e-05 | count 3.691/5.562 | mae 3.500 | total 29.525/44.500
[train] epoch 6/150 | train 15.9504
[train] epoch 7/150 step 20 | loss 12.5278 | det 0.2067 seg 0.5277 cnt 5.1868 reg 0.0188 | dens 2.254424e-05/2.117553e-05 | count 4.525/4.250 | mae 3.009 | total 36.198/34.000
[train] epoch 7/150 step 40 | loss 15.3547 | det 0.2395 seg 0.5821 cnt 7.0862 reg 0.0187 | dens 3.304642e-05/3.394328e-05 | count 6.633/6.813 | mae 4.403 | total 53.060/54.500
[train] epoch 7/150 step 60 | loss 14.7658 | det 0.2550 seg 0.5819 cnt 6.2673 reg 0.0187 | dens 4.192685e-05/7.037797e-05 | count 8.415/14.125 | mae 6.427 | total 67.319/113.001
[train] epoch 7/150 step 80 | loss 14.6110 | det 0.2565 seg 0.5787 cnt 6.1154 reg 0.0187 | dens 9.789711e-05/1.083682e-04 | count 19.648/21.750 | mae 7.960 | total 157.187/173.999
[train] epoch 7/150 step 100 | loss 14.5464 | det 0.2602 seg 0.5688 cnt 6.0740 reg 0.0186 | dens 1.970926e-05/1.214476e-05 | count 3.956/2.438 | mae 2.571 | total 31.646/19.500
[train] epoch 7/150 step 120 | loss 14.6610 | det 0.2623 seg 0.5662 cnt 6.1778 reg 0.0187 | dens 3.173588e-05/5.978942e-05 | count 6.370/12.000 | mae 6.352 | total 50.956/96.000
[train] epoch 7/150 step 140 | loss 14.6782 | det 0.2679 seg 0.5676 cnt 6.0996 reg 0.0187 | dens 4.337547e-05/6.072288e-05 | count 8.706/12.187 | mae 4.377 | total 69.645/97.499
[train] epoch 7/150 step 160 | loss 14.7846 | det 0.2762 seg 0.5657 cnt 6.0971 reg 0.0187 | dens 4.693000e-05/9.311042e-05 | count 9.419/18.688 | mae 10.428 | total 75.352/149.501
[train] epoch 7/150 step 180 | loss 15.1779 | det 0.2837 seg 0.5638 cnt 6.3932 reg 0.0187 | dens 3.663117e-05/2.957710e-05 | count 7.352/5.936 | mae 2.056 | total 58.816/47.490
[train] epoch 7/150 step 200 | loss 15.0489 | det 0.2844 seg 0.5645 cnt 6.2489 reg 0.0187 | dens 4.243850e-05/5.574287e-05 | count 8.518/11.188 | mae 3.374 | total 68.141/89.503
[train] epoch 7/150 step 220 | loss 15.0059 | det 0.2875 seg 0.5687 cnt 6.1252 reg 0.0188 | dens 3.547441e-05/4.826725e-05 | count 7.120/9.687 | mae 2.920 | total 56.959/77.499
[train] epoch 7/150 step 240 | loss 15.0067 | det 0.2901 seg 0.5754 cnt 6.0336 reg 0.0187 | dens 2.005002e-05/2.304065e-05 | count 4.024/4.624 | mae 3.365 | total 32.193/36.995
[train] epoch 7/150 step 260 | loss 14.9937 | det 0.2883 seg 0.5749 cnt 6.0506 reg 0.0187 | dens 1.420143e-05/1.806254e-05 | count 2.850/3.625 | mae 3.062 | total 22.802/29.002
[train] epoch 7/150 step 280 | loss 14.9506 | det 0.2898 seg 0.5703 cnt 6.0218 reg 0.0188 | dens 1.944349e-05/3.705639e-05 | count 3.902/7.437 | mae 4.380 | total 31.219/59.499
[train] epoch 7/150 step 300 | loss 14.9996 | det 0.2888 seg 0.5783 cnt 6.0228 reg 0.0188 | dens 4.562024e-05/5.947780e-05 | count 9.156/11.937 | mae 4.339 | total 73.249/95.499
[train] epoch 7/150 step 320 | loss 14.9810 | det 0.2900 seg 0.5836 cnt 5.9429 reg 0.0188 | dens 3.009399e-05/4.671122e-05 | count 6.040/9.375 | mae 4.089 | total 48.320/75.001
[train] epoch 7/150 | train 14.9763
[train] epoch 8/150 step 20 | loss 13.9127 | det 0.2886 seg 0.5731 cnt 4.9792 reg 0.0189 | dens 2.592069e-05/3.363172e-05 | count 5.202/6.750 | mae 2.726 | total 41.619/54.000
[train] epoch 8/150 step 40 | loss 15.2032 | det 0.2796 seg 0.5598 cnt 6.5116 reg 0.0190 | dens 1.888782e-05/5.916687e-06 | count 3.791/1.188 | mae 2.702 | total 30.327/9.500
[train] epoch 8/150 step 60 | loss 14.4143 | det 0.2574 seg 0.5550 cnt 6.0938 reg 0.0189 | dens 2.171887e-05/5.511839e-05 | count 4.359/11.062 | mae 7.244 | total 34.873/88.500
[train] epoch 8/150 step 80 | loss 14.1438 | det 0.2533 seg 0.5575 cnt 5.8653 reg 0.0189 | dens 5.338842e-05/7.224525e-05 | count 10.715/14.500 | mae 5.656 | total 85.722/115.999
[train] epoch 8/150 step 100 | loss 14.0742 | det 0.2655 seg 0.5392 cnt 5.7594 reg 0.0190 | dens 5.740649e-05/3.643424e-05 | count 11.522/7.312 | mae 5.418 | total 92.174/58.500
[train] epoch 8/150 step 120 | loss 14.2719 | det 0.2745 seg 0.5545 cnt 5.6986 reg 0.0190 | dens 2.147260e-05/1.930705e-05 | count 4.310/3.875 | mae 1.804 | total 34.477/31.000
[train] epoch 8/150 step 140 | loss 14.2368 | det 0.2686 seg 0.5587 cnt 5.7190 reg 0.0191 | dens 9.337399e-05/1.096130e-04 | count 18.741/22.000 | mae 6.631 | total 149.924/175.998
[train] epoch 8/150 step 160 | loss 14.1231 | det 0.2610 seg 0.5525 cnt 5.7689 reg 0.0191 | dens 3.145478e-05/4.889008e-05 | count 6.313/9.812 | mae 4.283 | total 50.505/78.499
[train] epoch 8/150 step 180 | loss 14.1944 | det 0.2630 seg 0.5536 cnt 5.8008 reg 0.0191 | dens 2.642900e-05/3.830225e-05 | count 5.304/7.687 | mae 3.295 | total 42.435/61.499
[train] epoch 8/150 step 200 | loss 14.2730 | det 0.2669 seg 0.5556 cnt 5.8049 reg 0.0191 | dens 2.107495e-05/2.958405e-05 | count 4.230/5.938 | mae 3.206 | total 33.839/47.501
[train] epoch 8/150 step 220 | loss 14.2141 | det 0.2674 seg 0.5582 cnt 5.7177 reg 0.0192 | dens 4.898827e-05/4.546477e-05 | count 9.832/9.125 | mae 4.006 | total 78.657/73.000
[train] epoch 8/150 step 240 | loss 14.0281 | det 0.2643 seg 0.5533 cnt 5.6183 reg 0.0192 | dens 1.619773e-05/1.152137e-05 | count 3.251/2.312 | mae 1.793 | total 26.008/18.499
[train] epoch 8/150 step 260 | loss 13.9588 | det 0.2621 seg 0.5492 cnt 5.6140 reg 0.0192 | dens 2.978779e-05/4.390760e-05 | count 5.979/8.812 | mae 3.719 | total 47.828/70.499
[train] epoch 8/150 step 280 | loss 13.8827 | det 0.2606 seg 0.5492 cnt 5.5604 reg 0.0193 | dens 7.089153e-05/7.691697e-05 | count 14.228/15.438 | mae 6.667 | total 113.826/123.500
[train] epoch 8/150 step 300 | loss 13.8541 | det 0.2616 seg 0.5532 cnt 5.4844 reg 0.0193 | dens 1.388393e-05/2.242099e-05 | count 2.787/4.500 | mae 2.357 | total 22.292/36.000
[train] epoch 8/150 step 320 | loss 13.9059 | det 0.2621 seg 0.5597 cnt 5.4783 reg 0.0193 | dens 3.338197e-05/4.328488e-05 | count 6.700/8.687 | mae 2.405 | total 53.599/69.500
[train] epoch 8/150 | train 13.9666
[train] epoch 9/150 step 20 | loss 15.6311 | det 0.3513 seg 0.5125 cnt 6.2421 reg 0.0198 | dens 3.029548e-05/5.885626e-05 | count 6.080/11.813 | mae 6.212 | total 48.643/94.501
[train] epoch 9/150 step 40 | loss 16.3937 | det 0.3023 seg 0.5168 cnt 7.7057 reg 0.0199 | dens 2.806616e-05/3.830254e-05 | count 5.633/7.687 | mae 4.453 | total 45.064/61.500
[train] epoch 9/150 step 60 | loss 15.5917 | det 0.2918 seg 0.5285 cnt 6.9668 reg 0.0199 | dens 4.712255e-05/5.076053e-05 | count 9.458/10.188 | mae 4.252 | total 75.661/81.503
[train] epoch 9/150 step 80 | loss 14.9043 | det 0.2847 seg 0.5237 cnt 6.4242 reg 0.0199 | dens 2.983102e-05/3.549675e-05 | count 5.987/7.124 | mae 3.715 | total 47.898/56.995
[train] epoch 9/150 step 100 | loss 14.5756 | det 0.2895 seg 0.5212 cnt 6.0440 reg 0.0199 | dens 2.672244e-05/1.588140e-05 | count 5.363/3.187 | mae 2.232 | total 42.906/25.500
[train] epoch 9/150 step 120 | loss 14.4766 | det 0.2847 seg 0.5101 cnt 6.1056 reg 0.0199 | dens 1.336165e-05/1.307908e-05 | count 2.682/2.625 | mae 1.737 | total 21.454/21.000
[train] epoch 9/150 step 140 | loss 14.4390 | det 0.2921 seg 0.5079 cnt 5.9744 reg 0.0199 | dens 2.058810e-05/1.463576e-05 | count 4.132/2.937 | mae 1.898 | total 33.057/23.500
[train] epoch 9/150 step 160 | loss 14.4182 | det 0.2841 seg 0.5156 cnt 6.0125 reg 0.0199 | dens 2.308766e-04/3.076835e-04 | count 46.338/61.753 | mae 19.079 | total 370.703/494.026
[train] epoch 9/150 step 180 | loss 14.2609 | det 0.2799 seg 0.5186 cnt 5.8945 reg 0.0199 | dens 3.871963e-05/4.857841e-05 | count 7.771/9.750 | mae 3.786 | total 62.169/77.999
[train] epoch 9/150 step 200 | loss 14.4522 | det 0.2851 seg 0.5271 cnt 5.9394 reg 0.0199 | dens 4.881091e-05/3.768018e-05 | count 9.797/7.563 | mae 7.354 | total 78.372/60.500
[train] epoch 9/150 step 220 | loss 14.4182 | det 0.2823 seg 0.5261 cnt 5.9550 reg 0.0199 | dens 4.155056e-05/3.923734e-05 | count 8.339/7.875 | mae 3.073 | total 66.715/63.001
[train] epoch 9/150 step 240 | loss 14.3447 | det 0.2838 seg 0.5286 cnt 5.8395 reg 0.0199 | dens 3.887584e-05/3.705701e-05 | count 7.803/7.437 | mae 2.877 | total 62.420/59.500
[train] epoch 9/150 step 260 | loss 14.1883 | det 0.2781 seg 0.5366 cnt 5.7045 reg 0.0200 | dens 2.926063e-05/2.553514e-05 | count 5.873/5.125 | mae 2.149 | total 46.982/41.000
[train] epoch 9/150 step 280 | loss 14.1508 | det 0.2736 seg 0.5371 cnt 5.7304 reg 0.0200 | dens 4.337140e-05/2.709158e-05 | count 8.705/5.437 | mae 5.558 | total 69.639/43.499
[train] epoch 9/150 step 300 | loss 14.2745 | det 0.2771 seg 0.5406 cnt 5.7727 reg 0.0201 | dens 3.636523e-05/6.321451e-05 | count 7.299/12.687 | mae 6.201 | total 58.389/101.499
[train] epoch 9/150 step 320 | loss 14.1544 | det 0.2750 seg 0.5363 cnt 5.7181 reg 0.0201 | dens 3.971726e-05/5.480758e-05 | count 7.971/11.000 | mae 3.852 | total 63.771/88.001
[train] epoch 9/150 | train 14.1489
[train] epoch 10/150 step 20 | loss 12.7269 | det 0.2040 seg 0.4983 cnt 5.6604 reg 0.0211 | dens 2.407141e-05/3.799122e-05 | count 4.831/7.625 | mae 4.584 | total 38.650/61.000
[train] epoch 10/150 step 40 | loss 12.9344 | det 0.2146 seg 0.5425 cnt 5.3540 reg 0.0213 | dens 2.486184e-05/2.615804e-05 | count 4.990/5.250 | mae 2.537 | total 39.919/42.000
[train] epoch 10/150 step 60 | loss 12.7985 | det 0.1983 seg 0.5473 cnt 5.4240 reg 0.0212 | dens 4.124938e-05/3.456591e-05 | count 8.279/6.938 | mae 1.803 | total 66.231/55.500
[train] epoch 10/150 step 80 | loss 12.8535 | det 0.1988 seg 0.5576 cnt 5.3888 reg 0.0211 | dens 1.905173e-05/1.307893e-05 | count 3.824/2.625 | mae 2.504 | total 30.590/21.000
[train] epoch 10/150 step 100 | loss 13.2638 | det 0.2116 seg 0.5444 cnt 5.7131 reg 0.0211 | dens 4.853770e-05/4.857852e-05 | count 9.742/9.750 | mae 3.398 | total 77.934/77.999
[train] epoch 10/150 step 120 | loss 13.1233 | det 0.2137 seg 0.5385 cnt 5.5890 reg 0.0210 | dens 3.391843e-05/3.705624e-05 | count 6.808/7.437 | mae 3.027 | total 54.461/59.499
[train] epoch 10/150 step 140 | loss 12.9837 | det 0.2177 seg 0.5299 cnt 5.4574 reg 0.0210 | dens 2.744084e-05/2.646965e-05 | count 5.507/5.313 | mae 1.554 | total 44.060/42.501
[train] epoch 10/150 step 160 | loss 13.1828 | det 0.2258 seg 0.5410 cnt 5.4464 reg 0.0210 | dens 2.735603e-05/3.581210e-05 | count 5.490/7.188 | mae 3.229 | total 43.924/57.501
[train] epoch 10/150 step 180 | loss 13.3036 | det 0.2293 seg 0.5451 cnt 5.4817 reg 0.0210 | dens 3.366910e-05/3.923344e-05 | count 6.758/7.874 | mae 5.109 | total 54.060/62.994
[train] epoch 10/150 step 200 | loss 13.3313 | det 0.2328 seg 0.5471 cnt 5.4408 reg 0.0210 | dens 5.965326e-05/5.480709e-05 | count 11.973/11.000 | mae 1.413 | total 95.781/88.000
[train] epoch 10/150 step 220 | loss 13.4909 | det 0.2374 seg 0.5407 cnt 5.5839 reg 0.0211 | dens 1.765706e-05/3.363156e-05 | count 3.544/6.750 | mae 3.643 | total 28.351/54.000
[train] epoch 10/150 step 240 | loss 13.4781 | det 0.2378 seg 0.5389 cnt 5.5783 reg 0.0210 | dens 5.913818e-05/5.698639e-05 | count 11.869/11.437 | mae 1.733 | total 94.954/91.499
[train] epoch 10/150 step 260 | loss 13.5047 | det 0.2411 seg 0.5408 cnt 5.5411 reg 0.0210 | dens 1.945322e-05/2.366639e-05 | count 3.904/4.750 | mae 1.918 | total 31.235/38.000
[train] epoch 10/150 step 280 | loss 13.3177 | det 0.2377 seg 0.5408 cnt 5.4038 reg 0.0210 | dens 5.083980e-05/5.481637e-05 | count 10.204/11.002 | mae 3.725 | total 81.630/88.015
[train] epoch 10/150 step 300 | loss 13.3797 | det 0.2434 seg 0.5395 cnt 5.3918 reg 0.0211 | dens 2.932605e-05/5.200481e-05 | count 5.886/10.438 | mae 5.349 | total 47.087/83.501
[train] epoch 10/150 step 320 | loss 13.3920 | det 0.2473 seg 0.5355 cnt 5.3778 reg 0.0211 | dens 2.561688e-05/3.020661e-05 | count 5.141/6.063 | mae 2.354 | total 41.131/48.501
[train] epoch 10/150 | train 13.3129
[train] epoch 11/150 step 20 | loss 12.1103 | det 0.2376 seg 0.4671 cnt 4.7886 reg 0.0219 | dens 3.388858e-05/5.231595e-05 | count 6.802/10.500 | mae 4.793 | total 54.413/84.000
[train] epoch 11/150 step 40 | loss 12.5738 | det 0.2562 seg 0.5131 cnt 4.6045 reg 0.0218 | dens 3.818226e-05/6.072371e-05 | count 7.663/12.187 | mae 5.763 | total 61.307/97.500
[train] epoch 11/150 step 60 | loss 13.2474 | det 0.2585 seg 0.5281 cnt 5.1228 reg 0.0218 | dens 3.585337e-05/4.546497e-05 | count 7.196/9.125 | mae 4.297 | total 57.567/73.000
[train] epoch 11/150 step 80 | loss 12.9239 | det 0.2496 seg 0.5203 cnt 4.9947 reg 0.0218 | dens 3.033607e-05/2.895987e-05 | count 6.089/5.812 | mae 2.321 | total 48.709/46.499
[train] epoch 11/150 step 100 | loss 13.2168 | det 0.2488 seg 0.5166 cnt 5.3299 reg 0.0217 | dens 3.642035e-05/3.237913e-05 | count 7.310/6.499 | mae 2.278 | total 58.478/51.989
[train] epoch 11/150 step 120 | loss 13.4816 | det 0.2585 seg 0.5314 cnt 5.3316 reg 0.0218 | dens 3.594213e-05/5.325118e-05 | count 7.214/10.688 | mae 4.190 | total 57.710/85.502
[train] epoch 11/150 step 140 | loss 13.4847 | det 0.2579 seg 0.5250 cnt 5.3946 reg 0.0217 | dens 1.455316e-05/9.030845e-06 | count 2.921/1.813 | mae 2.134 | total 23.367/14.500
[train] epoch 11/150 step 160 | loss 13.3280 | det 0.2617 seg 0.5145 cnt 5.2645 reg 0.0217 | dens 9.860086e-05/1.005835e-04 | count 19.790/20.188 | mae 6.997 | total 158.317/161.500
[train] epoch 11/150 step 180 | loss 13.2072 | det 0.2590 seg 0.5113 cnt 5.2096 reg 0.0217 | dens 3.986910e-05/3.767940e-05 | count 8.002/7.562 | mae 2.718 | total 64.015/60.499
[train] epoch 11/150 step 200 | loss 13.1224 | det 0.2503 seg 0.5120 cnt 5.2501 reg 0.0217 | dens 4.382789e-05/5.449530e-05 | count 8.796/10.937 | mae 3.251 | total 70.371/87.499
[train] epoch 11/150 step 220 | loss 13.0887 | det 0.2431 seg 0.5255 cnt 5.2165 reg 0.0217 | dens 2.961012e-05/3.425456e-05 | count 5.943/6.875 | mae 2.291 | total 47.543/55.000
[train] epoch 11/150 step 240 | loss 13.2121 | det 0.2480 seg 0.5299 cnt 5.2309 reg 0.0217 | dens 2.407981e-05/2.304383e-05 | count 4.833/4.625 | mae 1.690 | total 38.663/37.000
[train] epoch 11/150 step 260 | loss 13.2036 | det 0.2467 seg 0.5259 cnt 5.2745 reg 0.0217 | dens 5.467696e-05/5.138151e-05 | count 10.974/10.312 | mae 2.652 | total 87.791/82.500
[train] epoch 11/150 step 280 | loss 13.2049 | det 0.2463 seg 0.5218 cnt 5.3147 reg 0.0217 | dens 1.999097e-05/1.463497e-05 | count 4.012/2.937 | mae 2.091 | total 32.098/23.498
[train] epoch 11/150 step 300 | loss 13.0827 | det 0.2448 seg 0.5185 cnt 5.2409 reg 0.0217 | dens 3.006930e-05/5.605316e-05 | count 6.035/11.250 | mae 5.958 | total 48.280/90.001
[train] epoch 11/150 step 320 | loss 13.1461 | det 0.2435 seg 0.5307 cnt 5.2258 reg 0.0217 | dens 1.558990e-05/1.058778e-05 | count 3.129/2.125 | mae 2.182 | total 25.032/17.000
[train] epoch 11/150 | train 13.0835
[train] epoch 12/150 step 20 | loss 14.4226 | det 0.3483 seg 0.4727 cnt 5.3950 reg 0.0221 | dens 4.283494e-05/5.169391e-05 | count 8.597/10.375 | mae 3.465 | total 68.777/83.001
[train] epoch 12/150 step 40 | loss 13.3903 | det 0.3002 seg 0.4691 cnt 5.1126 reg 0.0221 | dens 4.817435e-05/5.200356e-05 | count 9.669/10.437 | mae 3.206 | total 77.350/83.499
[train] epoch 12/150 step 60 | loss 12.7085 | det 0.2625 seg 0.4586 cnt 5.0806 reg 0.0222 | dens 4.054088e-05/5.916642e-05 | count 8.137/11.875 | mae 4.530 | total 65.094/94.999
[train] epoch 12/150 step 80 | loss 12.0434 | det 0.2485 seg 0.4437 cnt 4.7442 reg 0.0221 | dens 2.332098e-05/2.802683e-05 | count 4.681/5.625 | mae 3.301 | total 37.445/45.001
[train] epoch 12/150 step 100 | loss 12.5129 | det 0.2664 seg 0.4518 cnt 4.8805 reg 0.0220 | dens 2.980877e-05/3.518936e-05 | count 5.983/7.063 | mae 2.137 | total 47.862/56.501
[train] epoch 12/150 step 120 | loss 12.4717 | det 0.2559 seg 0.4469 cnt 5.0365 reg 0.0220 | dens 3.902096e-05/4.453047e-05 | count 7.832/8.937 | mae 2.764 | total 62.653/71.500
[train] epoch 12/150 step 140 | loss 12.4081 | det 0.2525 seg 0.4586 cnt 4.9291 reg 0.0220 | dens 5.127567e-05/6.383732e-05 | count 10.291/12.812 | mae 5.934 | total 82.330/102.499
[train] epoch 12/150 step 160 | loss 12.3466 | det 0.2531 seg 0.4551 cnt 4.8877 reg 0.0220 | dens 5.410648e-05/5.231589e-05 | count 10.859/10.500 | mae 4.715 | total 86.875/84.000
[train] epoch 12/150 step 180 | loss 12.2535 | det 0.2487 seg 0.4527 cnt 4.8802 reg 0.0220 | dens 3.423506e-05/3.674536e-05 | count 6.871/7.375 | mae 2.594 | total 54.969/59.000
[train] epoch 12/150 step 200 | loss 12.2790 | det 0.2446 seg 0.4519 cnt 4.9731 reg 0.0220 | dens 3.140802e-05/3.238555e-05 | count 6.304/6.500 | mae 2.585 | total 50.430/51.999
[train] epoch 12/150 step 220 | loss 12.3185 | det 0.2488 seg 0.4533 cnt 4.9380 reg 0.0221 | dens 1.828558e-05/2.584426e-05 | count 3.670/5.187 | mae 2.933 | total 29.360/41.496
[train] epoch 12/150 step 240 | loss 12.2130 | det 0.2481 seg 0.4540 cnt 4.8378 reg 0.0221 | dens 2.685264e-05/3.549994e-05 | count 5.389/7.125 | mae 2.938 | total 43.115/57.000
[train] epoch 12/150 step 260 | loss 12.1101 | det 0.2434 seg 0.4591 cnt 4.7645 reg 0.0221 | dens 2.983802e-05/2.833861e-05 | count 5.989/5.688 | mae 2.062 | total 47.909/45.501
[train] epoch 12/150 step 280 | loss 12.1931 | det 0.2456 seg 0.4695 cnt 4.7305 reg 0.0221 | dens 1.334100e-05/1.432402e-05 | count 2.678/2.875 | mae 1.688 | total 21.421/22.999
[train] epoch 12/150 step 300 | loss 12.1643 | det 0.2428 seg 0.4737 cnt 4.7111 reg 0.0221 | dens 1.332381e-05/2.273195e-05 | count 2.674/4.562 | mae 2.406 | total 21.393/36.499
[train] epoch 12/150 step 320 | loss 12.2049 | det 0.2411 seg 0.4791 cnt 4.7337 reg 0.0222 | dens 9.390966e-05/7.162366e-05 | count 18.848/14.375 | mae 6.165 | total 150.784/115.001
[train] epoch 12/150 | train 12.3500
[train] epoch 13/150 step 20 | loss 14.3492 | det 0.3524 seg 0.5711 cnt 4.4721 reg 0.0227 | dens 1.093383e-04/1.525884e-04 | count 21.945/30.625 | mae 9.444 | total 175.557/245.001
[train] epoch 13/150 step 40 | loss 12.7876 | det 0.2860 seg 0.4807 cnt 4.6284 reg 0.0227 | dens 3.083452e-05/2.553557e-05 | count 6.189/5.125 | mae 1.494 | total 49.509/41.001
[train] epoch 13/150 step 60 | loss 12.3722 | det 0.2610 seg 0.4680 cnt 4.6897 reg 0.0229 | dens 2.639852e-05/3.830409e-05 | count 5.298/7.688 | mae 3.361 | total 42.386/61.502
[train] epoch 13/150 step 80 | loss 12.6443 | det 0.2616 seg 0.4868 cnt 4.8030 reg 0.0228 | dens 7.386038e-05/7.318065e-05 | count 14.824/14.688 | mae 7.446 | total 118.593/117.501
[train] epoch 13/150 step 100 | loss 12.3307 | det 0.2595 seg 0.4706 cnt 4.6500 reg 0.0228 | dens 5.992727e-05/6.601765e-05 | count 12.028/13.250 | mae 3.015 | total 96.221/106.000
[train] epoch 13/150 step 120 | loss 12.4154 | det 0.2593 seg 0.4642 cnt 4.7893 reg 0.0228 | dens 9.201656e-05/6.010036e-05 | count 18.468/12.062 | mae 6.984 | total 147.745/96.499
[train] epoch 13/150 step 140 | loss 12.4439 | det 0.2502 seg 0.4556 cnt 5.0230 reg 0.0228 | dens 2.260073e-04/3.129765e-04 | count 45.361/62.816 | mae 22.034 | total 362.884/502.525
[train] epoch 13/150 step 160 | loss 12.5728 | det 0.2559 seg 0.4564 cnt 5.0609 reg 0.0228 | dens 1.885503e-04/2.042821e-04 | count 37.843/41.000 | mae 9.372 | total 302.742/328.002
[train] epoch 13/150 step 180 | loss 12.5347 | det 0.2597 seg 0.4528 cnt 4.9939 reg 0.0228 | dens 2.255136e-05/2.615800e-05 | count 4.526/5.250 | mae 2.725 | total 36.209/42.000
[train] epoch 13/150 step 200 | loss 12.5376 | det 0.2591 seg 0.4572 cnt 4.9705 reg 0.0228 | dens 1.014051e-04/7.442628e-05 | count 20.352/14.938 | mae 6.860 | total 162.819/119.501
[train] epoch 13/150 step 220 | loss 12.4412 | det 0.2522 seg 0.4577 cnt 4.9739 reg 0.0229 | dens 4.515747e-05/4.079437e-05 | count 9.063/8.188 | mae 3.289 | total 72.506/65.501
[train] epoch 13/150 step 240 | loss 12.3552 | det 0.2507 seg 0.4561 cnt 4.9221 reg 0.0229 | dens 4.596670e-05/6.446023e-05 | count 9.226/12.937 | mae 4.680 | total 73.806/103.499
[train] epoch 13/150 step 260 | loss 12.2579 | det 0.2472 seg 0.4552 cnt 4.8853 reg 0.0229 | dens 2.059706e-05/3.674470e-05 | count 4.134/7.375 | mae 3.646 | total 33.071/58.998
[train] epoch 13/150 step 280 | loss 12.3154 | det 0.2464 seg 0.4581 cnt 4.9309 reg 0.0229 | dens 7.628022e-05/6.850946e-05 | count 15.310/13.750 | mae 2.867 | total 122.478/110.001
[train] epoch 13/150 step 300 | loss 12.3111 | det 0.2481 seg 0.4589 cnt 4.8955 reg 0.0229 | dens 6.405433e-05/8.003221e-05 | count 12.856/16.063 | mae 5.612 | total 102.848/128.502
[train] epoch 13/150 step 320 | loss 12.3245 | det 0.2488 seg 0.4590 cnt 4.8976 reg 0.0229 | dens 5.843012e-05/9.061987e-05 | count 11.727/18.188 | mae 7.201 | total 93.817/145.502
[train] epoch 13/150 | train 12.3115
[train] epoch 14/150 step 20 | loss 12.7354 | det 0.2058 seg 0.4755 cnt 5.8210 reg 0.0229 | dens 1.794120e-05/1.681574e-05 | count 3.601/3.375 | mae 1.731 | total 28.807/27.000
[train] epoch 14/150 step 40 | loss 12.6707 | det 0.2374 seg 0.4751 cnt 5.2862 reg 0.0230 | dens 4.047074e-05/7.162269e-05 | count 8.123/14.375 | mae 7.432 | total 64.981/115.000
[train] epoch 14/150 step 60 | loss 12.1303 | det 0.2300 seg 0.4609 cnt 4.9700 reg 0.0230 | dens 3.050580e-05/3.799111e-05 | count 6.123/7.625 | mae 2.545 | total 48.981/61.000
[train] epoch 14/150 step 80 | loss 11.8697 | det 0.2288 seg 0.4579 cnt 4.7514 reg 0.0231 | dens 2.198317e-05/2.802608e-05 | count 4.412/5.625 | mae 2.665 | total 35.297/45.000
[train] epoch 14/150 step 100 | loss 11.7098 | det 0.2281 seg 0.4571 cnt 4.6081 reg 0.0231 | dens 3.163668e-05/4.297326e-05 | count 6.350/8.625 | mae 2.593 | total 50.797/68.999
[train] epoch 14/150 step 120 | loss 11.4985 | det 0.2324 seg 0.4396 cnt 4.4734 reg 0.0232 | dens 3.247439e-05/3.207442e-05 | count 6.518/6.437 | mae 1.804 | total 52.142/51.500
[train] epoch 14/150 step 140 | loss 12.0487 | det 0.2415 seg 0.4496 cnt 4.8065 reg 0.0232 | dens 2.140306e-05/3.518923e-05 | count 4.296/7.063 | mae 3.178 | total 34.365/56.501
[train] epoch 14/150 step 160 | loss 11.8558 | det 0.2346 seg 0.4511 cnt 4.7044 reg 0.0232 | dens 1.763057e-05/1.899520e-05 | count 3.539/3.812 | mae 1.051 | total 28.308/30.499
[train] epoch 14/150 step 180 | loss 11.7664 | det 0.2357 seg 0.4517 cnt 4.5934 reg 0.0232 | dens 3.748154e-05/4.266233e-05 | count 7.523/8.562 | mae 2.661 | total 60.182/68.500
[train] epoch 14/150 step 200 | loss 11.7396 | det 0.2349 seg 0.4430 cnt 4.6481 reg 0.0232 | dens 3.953058e-05/3.518881e-05 | count 7.934/7.063 | mae 1.935 | total 63.472/56.500
[train] epoch 14/150 step 220 | loss 11.7235 | det 0.2371 seg 0.4407 cnt 4.6176 reg 0.0232 | dens 2.799229e-05/4.017069e-05 | count 5.618/8.062 | mae 3.314 | total 44.945/64.499
[train] epoch 14/150 step 240 | loss 11.7690 | det 0.2365 seg 0.4413 cnt 4.6676 reg 0.0232 | dens 4.587718e-05/6.632839e-05 | count 9.208/13.312 | mae 6.385 | total 73.662/106.499
[train] epoch 14/150 step 260 | loss 11.8430 | det 0.2358 seg 0.4455 cnt 4.7191 reg 0.0231 | dens 3.107001e-05/1.930075e-05 | count 6.236/3.874 | mae 2.445 | total 49.887/30.990
[train] epoch 14/150 step 280 | loss 11.7938 | det 0.2364 seg 0.4392 cnt 4.7112 reg 0.0231 | dens 2.389167e-05/2.491218e-05 | count 4.795/5.000 | mae 3.351 | total 38.361/40.000
[train] epoch 14/150 step 300 | loss 11.7696 | det 0.2367 seg 0.4377 cnt 4.6947 reg 0.0231 | dens 1.133926e-04/1.186442e-04 | count 22.758/23.812 | mae 10.021 | total 182.067/190.499
[train] epoch 14/150 step 320 | loss 11.7156 | det 0.2348 seg 0.4367 cnt 4.6764 reg 0.0231 | dens 3.772923e-05/4.702201e-05 | count 7.572/9.438 | mae 3.443 | total 60.579/75.500
[train] epoch 14/150 | train 11.6374
[train] epoch 15/150 step 20 | loss 9.8573 | det 0.1855 seg 0.4652 cnt 3.3301 reg 0.0228 | dens 3.166310e-05/4.671005e-05 | count 6.355/9.375 | mae 3.911 | total 50.839/74.999
[train] epoch 15/150 step 40 | loss 11.1204 | det 0.2087 seg 0.4453 cnt 4.4043 reg 0.0228 | dens 4.014019e-05/4.421881e-05 | count 8.056/8.875 | mae 2.426 | total 64.450/70.999
[train] epoch 15/150 step 60 | loss 10.8614 | det 0.2059 seg 0.4191 cnt 4.3972 reg 0.0230 | dens 4.150606e-05/4.951303e-05 | count 8.330/9.937 | mae 2.318 | total 66.643/79.500
[train] epoch 15/150 step 80 | loss 10.9612 | det 0.2191 seg 0.4047 cnt 4.4141 reg 0.0231 | dens 1.275657e-05/1.681562e-05 | count 2.560/3.375 | mae 2.123 | total 20.482/27.000
[train] epoch 15/150 step 100 | loss 10.9859 | det 0.2092 seg 0.4174 cnt 4.4850 reg 0.0232 | dens 3.213688e-05/2.273243e-05 | count 6.450/4.562 | mae 2.585 | total 51.600/36.500WARNING:__main__:
*****************************************
Setting OMP_NUM_THREADS environment variable for each process to be 1 in default, to avoid your system being overloaded, please further tune the variable for optimal performance in your application as needed. 
*****************************************
[train] trainable params: 37068231
[train] adapter params: 3293184
[train] task head params: 33775047
[train] validation starts at epoch 101/150
/data/xiangyuyue/ULLM-zf/fsl-20260209/miniconda3/envs/fsl/lib/python3.11/site-packages/torch/autograd/graph.py:825: UserWarning: Grad strides do not match bucket view strides. This may indicate grad was not created according to the gradient layout contract, or that the param's strides changed since DDP was constructed.  This is not an error, but may impair performance.
grad.sizes() = [8, 1024, 1, 1], strides() = [1024, 1, 1024, 1024]
bucket_view.sizes() = [8, 1024, 1, 1], strides() = [1024, 1, 1, 1] (Triggered internally at ../torch/csrc/distributed/c10d/reducer.cpp:327.)
  return Variable._execution_engine.run_backward(  # Calls into the C++ engine to run the backward pass
/data/xiangyuyue/ULLM-zf/fsl-20260209/miniconda3/envs/fsl/lib/python3.11/site-packages/torch/autograd/graph.py:825: UserWarning: Grad strides do not match bucket view strides. This may indicate grad was not created according to the gradient layout contract, or that the param's strides changed since DDP was constructed.  This is not an error, but may impair performance.
grad.sizes() = [8, 1024, 1, 1], strides() = [1024, 1, 1024, 1024]
bucket_view.sizes() = [8, 1024, 1, 1], strides() = [1024, 1, 1, 1] (Triggered internally at ../torch/csrc/distributed/c10d/reducer.cpp:327.)
  return Variable._execution_engine.run_backward(  # Calls into the C++ engine to run the backward pass
/data/xiangyuyue/ULLM-zf/fsl-20260209/miniconda3/envs/fsl/lib/python3.11/site-packages/torch/autograd/graph.py:825: UserWarning: Grad strides do not match bucket view strides. This may indicate grad was not created according to the gradient layout contract, or that the param's strides changed since DDP was constructed.  This is not an error, but may impair performance.
grad.sizes() = [8, 1024, 1, 1], strides() = [1024, 1, 1024, 1024]
bucket_view.sizes() = [8, 1024, 1, 1], strides() = [1024, 1, 1, 1] (Triggered internally at ../torch/csrc/distributed/c10d/reducer.cpp:327.)
  return Variable._execution_engine.run_backward(  # Calls into the C++ engine to run the backward pass
/data/xiangyuyue/ULLM-zf/fsl-20260209/miniconda3/envs/fsl/lib/python3.11/site-packages/torch/autograd/graph.py:825: UserWarning: Grad strides do not match bucket view strides. This may indicate grad was not created according to the gradient layout contract, or that the param's strides changed since DDP was constructed.  This is not an error, but may impair performance.
grad.sizes() = [8, 1024, 1, 1], strides() = [1024, 1, 1024, 1024]
bucket_view.sizes() = [8, 1024, 1, 1], strides() = [1024, 1, 1, 1] (Triggered internally at ../torch/csrc/distributed/c10d/reducer.cpp:327.)
  return Variable._execution_engine.run_backward(  # Calls into the C++ engine to run the backward pass
/data/xiangyuyue/ULLM-zf/fsl-20260209/miniconda3/envs/fsl/lib/python3.11/site-packages/torch/autograd/graph.py:825: UserWarning: Grad strides do not match bucket view strides. This may indicate grad was not created according to the gradient layout contract, or that the param's strides changed since DDP was constructed.  This is not an error, but may impair performance.
grad.sizes() = [8, 1024, 1, 1], strides() = [1024, 1, 1024, 1024]
bucket_view.sizes() = [8, 1024, 1, 1], strides() = [1024, 1, 1, 1] (Triggered internally at ../torch/csrc/distributed/c10d/reducer.cpp:327.)
  return Variable._execution_engine.run_backward(  # Calls into the C++ engine to run the backward pass
/data/xiangyuyue/ULLM-zf/fsl-20260209/miniconda3/envs/fsl/lib/python3.11/site-packages/torch/autograd/graph.py:825: UserWarning: Grad strides do not match bucket view strides. This may indicate grad was not created according to the gradient layout contract, or that the param's strides changed since DDP was constructed.  This is not an error, but may impair performance.
grad.sizes() = [8, 1024, 1, 1], strides() = [1024, 1, 1024, 1024]
bucket_view.sizes() = [8, 1024, 1, 1], strides() = [1024, 1, 1, 1] (Triggered internally at ../torch/csrc/distributed/c10d/reducer.cpp:327.)
  return Variable._execution_engine.run_backward(  # Calls into the C++ engine to run the backward pass
/data/xiangyuyue/ULLM-zf/fsl-20260209/miniconda3/envs/fsl/lib/python3.11/site-packages/torch/autograd/graph.py:825: UserWarning: Grad strides do not match bucket view strides. This may indicate grad was not created according to the gradient layout contract, or that the param's strides changed since DDP was constructed.  This is not an error, but may impair performance.
grad.sizes() = [8, 1024, 1, 1], strides() = [1024, 1, 1024, 1024]
bucket_view.sizes() = [8, 1024, 1, 1], strides() = [1024, 1, 1, 1] (Triggered internally at ../torch/csrc/distributed/c10d/reducer.cpp:327.)
  return Variable._execution_engine.run_backward(  # Calls into the C++ engine to run the backward pass
[rank3]: Traceback (most recent call last):
[rank3]:   File "<frozen runpy>", line 198, in _run_module_as_main
[rank3]:   File "<frozen runpy>", line 88, in _run_code
[rank3]:   File "/data/xiangyuyue/ULLM-zf/fsl-20260209/113_mtlora_vision/train.py", line 742, in <module>
[rank3]:     main()
[rank3]:   File "/data/xiangyuyue/ULLM-zf/fsl-20260209/113_mtlora_vision/train.py", line 641, in main
[rank3]:     scaler.scale(total).backward()
[rank3]:   File "/data/xiangyuyue/ULLM-zf/fsl-20260209/miniconda3/envs/fsl/lib/python3.11/site-packages/torch/_tensor.py", line 581, in backward
[rank3]:     torch.autograd.backward(
[rank3]:   File "/data/xiangyuyue/ULLM-zf/fsl-20260209/miniconda3/envs/fsl/lib/python3.11/site-packages/torch/autograd/__init__.py", line 347, in backward
[rank3]:     _engine_run_backward(
[rank3]:   File "/data/xiangyuyue/ULLM-zf/fsl-20260209/miniconda3/envs/fsl/lib/python3.11/site-packages/torch/autograd/graph.py", line 825, in _engine_run_backward
[rank3]:     return Variable._execution_engine.run_backward(  # Calls into the C++ engine to run the backward pass
[rank3]:            ^^^^^^^^^^^^^^^^^^^^^^^^^^^^^^^^^^^^^^^^^^^^^^^^^^^^^^^^^^^^^^^^^^^^^^^^^^^^^^^^^^^^^^^^^^^^^^
[rank3]: RuntimeError: Expected to mark a variable ready only once. This error is caused by one of the following reasons: 1) Use of a module parameter outside the `forward` function. Please make sure model parameters are not shared across multiple concurrent forward-backward passes. or try to use _set_static_graph() as a workaround if this module graph does not change during training loop.2) Reused parameters in multiple reentrant backward passes. For example, if you use multiple `checkpoint` functions to wrap the same part of your model, it would result in the same set of parameters been used by different reentrant backward passes multiple times, and hence marking a variable ready multiple times. DDP does not support such use cases in default. You can try to use _set_static_graph() as a workaround if your module graph does not change over iterations.
[rank3]: Parameter at index 332 with name seg_head.decode.3.weight has been marked as ready twice. This means that multiple autograd engine  hooks have fired for this particular parameter during this iteration.
[rank4]: Traceback (most recent call last):
[rank4]:   File "<frozen runpy>", line 198, in _run_module_as_main
[rank4]:   File "<frozen runpy>", line 88, in _run_code
[rank4]:   File "/data/xiangyuyue/ULLM-zf/fsl-20260209/113_mtlora_vision/train.py", line 742, in <module>
[rank4]:     main()
[rank4]:   File "/data/xiangyuyue/ULLM-zf/fsl-20260209/113_mtlora_vision/train.py", line 641, in main
[rank4]:     scaler.scale(total).backward()
[rank4]:   File "/data/xiangyuyue/ULLM-zf/fsl-20260209/miniconda3/envs/fsl/lib/python3.11/site-packages/torch/_tensor.py", line 581, in backward
[rank4]:     torch.autograd.backward(
[rank4]:   File "/data/xiangyuyue/ULLM-zf/fsl-20260209/miniconda3/envs/fsl/lib/python3.11/site-packages/torch/autograd/__init__.py", line 347, in backward
[rank4]:     _engine_run_backward(
[rank4]:   File "/data/xiangyuyue/ULLM-zf/fsl-20260209/miniconda3/envs/fsl/lib/python3.11/site-packages/torch/autograd/graph.py", line 825, in _engine_run_backward
[rank4]:     return Variable._execution_engine.run_backward(  # Calls into the C++ engine to run the backward pass
[rank4]:            ^^^^^^^^^^^^^^^^^^^^^^^^^^^^^^^^^^^^^^^^^^^^^^^^^^^^^^^^^^^^^^^^^^^^^^^^^^^^^^^^^^^^^^^^^^^^^^
[rank4]: RuntimeError: Expected to mark a variable ready only once. This error is caused by one of the following reasons: 1) Use of a module parameter outside the `forward` function. Please make sure model parameters are not shared across multiple concurrent forward-backward passes. or try to use _set_static_graph() as a workaround if this module graph does not change during training loop.2) Reused parameters in multiple reentrant backward passes. For example, if you use multiple `checkpoint` functions to wrap the same part of your model, it would result in the same set of parameters been used by different reentrant backward passes multiple times, and hence marking a variable ready multiple times. DDP does not support such use cases in default. You can try to use _set_static_graph() as a workaround if your module graph does not change over iterations.
[rank4]: Parameter at index 332 with name seg_head.decode.3.weight has been marked as ready twice. This means that multiple autograd engine  hooks have fired for this particular parameter during this iteration.
[rank0]: Traceback (most recent call last):
[rank0]:   File "<frozen runpy>", line 198, in _run_module_as_main
[rank0]:   File "<frozen runpy>", line 88, in _run_code
[rank0]:   File "/data/xiangyuyue/ULLM-zf/fsl-20260209/113_mtlora_vision/train.py", line 742, in <module>
[rank0]:     main()
[rank0]:   File "/data/xiangyuyue/ULLM-zf/fsl-20260209/113_mtlora_vision/train.py", line 641, in main
[rank0]:     scaler.scale(total).backward()
[rank0]:   File "/data/xiangyuyue/ULLM-zf/fsl-20260209/miniconda3/envs/fsl/lib/python3.11/site-packages/torch/_tensor.py", line 581, in backward
[rank0]:     torch.autograd.backward(
[rank0]:   File "/data/xiangyuyue/ULLM-zf/fsl-20260209/miniconda3/envs/fsl/lib/python3.11/site-packages/torch/autograd/__init__.py", line 347, in backward
[rank0]:     _engine_run_backward(
[rank0]:   File "/data/xiangyuyue/ULLM-zf/fsl-20260209/miniconda3/envs/fsl/lib/python3.11/site-packages/torch/autograd/graph.py", line 825, in _engine_run_backward
[rank0]:     return Variable._execution_engine.run_backward(  # Calls into the C++ engine to run the backward pass
[rank0]:            ^^^^^^^^^^^^^^^^^^^^^^^^^^^^^^^^^^^^^^^^^^^^^^^^^^^^^^^^^^^^^^^^^^^^^^^^^^^^^^^^^^^^^^^^^^^^^^
[rank0]: RuntimeError: Expected to mark a variable ready only once. This error is caused by one of the following reasons: 1) Use of a module parameter outside the `forward` function. Please make sure model parameters are not shared across multiple concurrent forward-backward passes. or try to use _set_static_graph() as a workaround if this module graph does not change during training loop.2) Reused parameters in multiple reentrant backward passes. For example, if you use multiple `checkpoint` functions to wrap the same part of your model, it would result in the same set of parameters been used by different reentrant backward passes multiple times, and hence marking a variable ready multiple times. DDP does not support such use cases in default. You can try to use _set_static_graph() as a workaround if your module graph does not change over iterations.
[rank0]: Parameter at index 332 with name seg_head.decode.3.weight has been marked as ready twice. This means that multiple autograd engine  hooks have fired for this particular parameter during this iteration.
[rank5]: Traceback (most recent call last):
[rank5]:   File "<frozen runpy>", line 198, in _run_module_as_main
[rank5]:   File "<frozen runpy>", line 88, in _run_code
[rank5]:   File "/data/xiangyuyue/ULLM-zf/fsl-20260209/113_mtlora_vision/train.py", line 742, in <module>
[rank5]:     main()
[rank5]:   File "/data/xiangyuyue/ULLM-zf/fsl-20260209/113_mtlora_vision/train.py", line 641, in main
[rank5]:     scaler.scale(total).backward()
[rank5]:   File "/data/xiangyuyue/ULLM-zf/fsl-20260209/miniconda3/envs/fsl/lib/python3.11/site-packages/torch/_tensor.py", line 581, in backward
[rank5]:     torch.autograd.backward(
[rank5]:   File "/data/xiangyuyue/ULLM-zf/fsl-20260209/miniconda3/envs/fsl/lib/python3.11/site-packages/torch/autograd/__init__.py", line 347, in backward
[rank5]:     _engine_run_backward(
[rank5]:   File "/data/xiangyuyue/ULLM-zf/fsl-20260209/miniconda3/envs/fsl/lib/python3.11/site-packages/torch/autograd/graph.py", line 825, in _engine_run_backward
[rank5]:     return Variable._execution_engine.run_backward(  # Calls into the C++ engine to run the backward pass
[rank5]:            ^^^^^^^^^^^^^^^^^^^^^^^^^^^^^^^^^^^^^^^^^^^^^^^^^^^^^^^^^^^^^^^^^^^^^^^^^^^^^^^^^^^^^^^^^^^^^^
[rank5]: RuntimeError: Expected to mark a variable ready only once. This error is caused by one of the following reasons: 1) Use of a module parameter outside the `forward` function. Please make sure model parameters are not shared across multiple concurrent forward-backward passes. or try to use _set_static_graph() as a workaround if this module graph does not change during training loop.2) Reused parameters in multiple reentrant backward passes. For example, if you use multiple `checkpoint` functions to wrap the same part of your model, it would result in the same set of parameters been used by different reentrant backward passes multiple times, and hence marking a variable ready multiple times. DDP does not support such use cases in default. You can try to use _set_static_graph() as a workaround if your module graph does not change over iterations.
[rank5]: Parameter at index 332 with name seg_head.decode.3.weight has been marked as ready twice. This means that multiple autograd engine  hooks have fired for this particular parameter during this iteration.
[rank1]: Traceback (most recent call last):
[rank1]:   File "<frozen runpy>", line 198, in _run_module_as_main
[rank1]:   File "<frozen runpy>", line 88, in _run_code
[rank1]:   File "/data/xiangyuyue/ULLM-zf/fsl-20260209/113_mtlora_vision/train.py", line 742, in <module>
[rank1]:     main()
[rank1]:   File "/data/xiangyuyue/ULLM-zf/fsl-20260209/113_mtlora_vision/train.py", line 641, in main
[rank1]:     scaler.scale(total).backward()
[rank1]:   File "/data/xiangyuyue/ULLM-zf/fsl-20260209/miniconda3/envs/fsl/lib/python3.11/site-packages/torch/_tensor.py", line 581, in backward
[rank1]:     torch.autograd.backward(
[rank1]:   File "/data/xiangyuyue/ULLM-zf/fsl-20260209/miniconda3/envs/fsl/lib/python3.11/site-packages/torch/autograd/__init__.py", line 347, in backward
[rank1]:     _engine_run_backward(
[rank1]:   File "/data/xiangyuyue/ULLM-zf/fsl-20260209/miniconda3/envs/fsl/lib/python3.11/site-packages/torch/autograd/graph.py", line 825, in _engine_run_backward
[rank1]:     return Variable._execution_engine.run_backward(  # Calls into the C++ engine to run the backward pass
[rank1]:            ^^^^^^^^^^^^^^^^^^^^^^^^^^^^^^^^^^^^^^^^^^^^^^^^^^^^^^^^^^^^^^^^^^^^^^^^^^^^^^^^^^^^^^^^^^^^^^
[rank1]: RuntimeError: Expected to mark a variable ready only once. This error is caused by one of the following reasons: 1) Use of a module parameter outside the `forward` function. Please make sure model parameters are not shared across multiple concurrent forward-backward passes. or try to use _set_static_graph() as a workaround if this module graph does not change during training loop.2) Reused parameters in multiple reentrant backward passes. For example, if you use multiple `checkpoint` functions to wrap the same part of your model, it would result in the same set of parameters been used by different reentrant backward passes multiple times, and hence marking a variable ready multiple times. DDP does not support such use cases in default. You can try to use _set_static_graph() as a workaround if your module graph does not change over iterations.
[rank1]: Parameter at index 332 with name seg_head.decode.3.weight has been marked as ready twice. This means that multiple autograd engine  hooks have fired for this particular parameter during this iteration.
[rank2]: Traceback (most recent call last):
[rank2]:   File "<frozen runpy>", line 198, in _run_module_as_main
[rank2]:   File "<frozen runpy>", line 88, in _run_code
[rank2]:   File "/data/xiangyuyue/ULLM-zf/fsl-20260209/113_mtlora_vision/train.py", line 742, in <module>
[rank2]:     main()
[rank2]:   File "/data/xiangyuyue/ULLM-zf/fsl-20260209/113_mtlora_vision/train.py", line 641, in main
[rank2]:     scaler.scale(total).backward()
[rank2]:   File "/data/xiangyuyue/ULLM-zf/fsl-20260209/miniconda3/envs/fsl/lib/python3.11/site-packages/torch/_tensor.py", line 581, in backward
[rank2]:     torch.autograd.backward(
[rank2]:   File "/data/xiangyuyue/ULLM-zf/fsl-20260209/miniconda3/envs/fsl/lib/python3.11/site-packages/torch/autograd/__init__.py", line 347, in backward
[rank2]:     _engine_run_backward(
[rank2]:   File "/data/xiangyuyue/ULLM-zf/fsl-20260209/miniconda3/envs/fsl/lib/python3.11/site-packages/torch/autograd/graph.py", line 825, in _engine_run_backward
[rank2]:     return Variable._execution_engine.run_backward(  # Calls into the C++ engine to run the backward pass
[rank2]:            ^^^^^^^^^^^^^^^^^^^^^^^^^^^^^^^^^^^^^^^^^^^^^^^^^^^^^^^^^^^^^^^^^^^^^^^^^^^^^^^^^^^^^^^^^^^^^^
[rank2]: RuntimeError: Expected to mark a variable ready only once. This error is caused by one of the following reasons: 1) Use of a module parameter outside the `forward` function. Please make sure model parameters are not shared across multiple concurrent forward-backward passes. or try to use _set_static_graph() as a workaround if this module graph does not change during training loop.2) Reused parameters in multiple reentrant backward passes. For example, if you use multiple `checkpoint` functions to wrap the same part of your model, it would result in the same set of parameters been used by different reentrant backward passes multiple times, and hence marking a variable ready multiple times. DDP does not support such use cases in default. You can try to use _set_static_graph() as a workaround if your module graph does not change over iterations.
[rank2]: Parameter at index 332 with name seg_head.decode.3.weight has been marked as ready twice. This means that multiple autograd engine  hooks have fired for this particular parameter during this iteration.
[rank6]: Traceback (most recent call last):
[rank6]:   File "<frozen runpy>", line 198, in _run_module_as_main
[rank6]:   File "<frozen runpy>", line 88, in _run_code
[rank6]:   File "/data/xiangyuyue/ULLM-zf/fsl-20260209/113_mtlora_vision/train.py", line 742, in <module>
[rank6]:     main()
[rank6]:   File "/data/xiangyuyue/ULLM-zf/fsl-20260209/113_mtlora_vision/train.py", line 641, in main
[rank6]:     scaler.scale(total).backward()
[rank6]:   File "/data/xiangyuyue/ULLM-zf/fsl-20260209/miniconda3/envs/fsl/lib/python3.11/site-packages/torch/_tensor.py", line 581, in backward
[rank6]:     torch.autograd.backward(
[rank6]:   File "/data/xiangyuyue/ULLM-zf/fsl-20260209/miniconda3/envs/fsl/lib/python3.11/site-packages/torch/autograd/__init__.py", line 347, in backward
[rank6]:     _engine_run_backward(
[rank6]:   File "/data/xiangyuyue/ULLM-zf/fsl-20260209/miniconda3/envs/fsl/lib/python3.11/site-packages/torch/autograd/graph.py", line 825, in _engine_run_backward
[rank6]:     return Variable._execution_engine.run_backward(  # Calls into the C++ engine to run the backward pass
[rank6]:            ^^^^^^^^^^^^^^^^^^^^^^^^^^^^^^^^^^^^^^^^^^^^^^^^^^^^^^^^^^^^^^^^^^^^^^^^^^^^^^^^^^^^^^^^^^^^^^
[rank6]: RuntimeError: Expected to mark a variable ready only once. This error is caused by one of the following reasons: 1) Use of a module parameter outside the `forward` function. Please make sure model parameters are not shared across multiple concurrent forward-backward passes. or try to use _set_static_graph() as a workaround if this module graph does not change during training loop.2) Reused parameters in multiple reentrant backward passes. For example, if you use multiple `checkpoint` functions to wrap the same part of your model, it would result in the same set of parameters been used by different reentrant backward passes multiple times, and hence marking a variable ready multiple times. DDP does not support such use cases in default. You can try to use _set_static_graph() as a workaround if your module graph does not change over iterations.
[rank6]: Parameter at index 332 with name seg_head.decode.3.weight has been marked as ready twice. This means that multiple autograd engine  hooks have fired for this particular parameter during this iteration.
[rank0]:[W322 19:12:43.114227639 ProcessGroupNCCL.cpp:1250] Warning: WARNING: process group has NOT been destroyed before we destruct ProcessGroupNCCL. On normal program exit, the application should call destroy_process_group to ensure that any pending NCCL operations have finished in this process. In rare cases this process can exit before this point and block the progress of another member of the process group. This constraint has always been present,  but this warning has only been added since PyTorch 2.4 (function operator())
W0322 19:12:45.306000 28 miniconda3/envs/fsl/lib/python3.11/site-packages/torch/distributed/elastic/multiprocessing/api.py:897] Sending process 95 closing signal SIGTERM
W0322 19:12:45.313000 28 miniconda3/envs/fsl/lib/python3.11/site-packages/torch/distributed/elastic/multiprocessing/api.py:897] Sending process 96 closing signal SIGTERM
W0322 19:12:45.313000 28 miniconda3/envs/fsl/lib/python3.11/site-packages/torch/distributed/elastic/multiprocessing/api.py:897] Sending process 97 closing signal SIGTERM
W0322 19:12:45.313000 28 miniconda3/envs/fsl/lib/python3.11/site-packages/torch/distributed/elastic/multiprocessing/api.py:897] Sending process 98 closing signal SIGTERM
W0322 19:12:45.313000 28 miniconda3/envs/fsl/lib/python3.11/site-packages/torch/distributed/elastic/multiprocessing/api.py:897] Sending process 99 closing signal SIGTERM
W0322 19:12:45.313000 28 miniconda3/envs/fsl/lib/python3.11/site-packages/torch/distributed/elastic/multiprocessing/api.py:897] Sending process 100 closing signal SIGTERM
E0322 19:12:46.543000 28 miniconda3/envs/fsl/lib/python3.11/site-packages/torch/distributed/elastic/multiprocessing/api.py:869] failed (exitcode: 1) local_rank: 6 (pid: 101) of binary: /data/xiangyuyue/ULLM-zf/fsl-20260209/miniconda3/envs/fsl/bin/python
Traceback (most recent call last):
  File "<frozen runpy>", line 198, in _run_module_as_main
  File "<frozen runpy>", line 88, in _run_code
  File "/data/xiangyuyue/ULLM-zf/fsl-20260209/miniconda3/envs/fsl/lib/python3.11/site-packages/torch/distributed/run.py", line 923, in <module>
    main()
  File "/data/xiangyuyue/ULLM-zf/fsl-20260209/miniconda3/envs/fsl/lib/python3.11/site-packages/torch/distributed/elastic/multiprocessing/errors/__init__.py", line 355, in wrapper
    return f(*args, **kwargs)
           ^^^^^^^^^^^^^^^^^^
  File "/data/xiangyuyue/ULLM-zf/fsl-20260209/miniconda3/envs/fsl/lib/python3.11/site-packages/torch/distributed/run.py", line 919, in main
    run(args)
  File "/data/xiangyuyue/ULLM-zf/fsl-20260209/miniconda3/envs/fsl/lib/python3.11/site-packages/torch/distributed/run.py", line 910, in run
    elastic_launch(
  File "/data/xiangyuyue/ULLM-zf/fsl-20260209/miniconda3/envs/fsl/lib/python3.11/site-packages/torch/distributed/launcher/api.py", line 138, in __call__
    return launch_agent(self._config, self._entrypoint, list(args))
           ^^^^^^^^^^^^^^^^^^^^^^^^^^^^^^^^^^^^^^^^^^^^^^^^^^^^^^^^
  File "/data/xiangyuyue/ULLM-zf/fsl-20260209/miniconda3/envs/fsl/lib/python3.11/site-packages/torch/distributed/launcher/api.py", line 269, in launch_agent
    raise ChildFailedError(
torch.distributed.elastic.multiprocessing.errors.ChildFailedError: 
============================================================
113_mtlora_vision.train FAILED
------------------------------------------------------------
Failures:
  <NO_OTHER_FAILURES>
------------------------------------------------------------
Root Cause (first observed failure):
[0]:
  time      : 2026-03-22_19:12:45
  host      : pt-289534b702f04e0b8f338d32618e0c76-worker-0.pt-289534b702f04e0b8f338d32618e0c76.ns-zhicheng-f9bddac6.svc.cluster.local
  rank      : 6 (local_rank: 6)
  exitcode  : 1 (pid: 101)
  error_file: <N/A>
  traceback : To enable traceback see: https://pytorch.org/docs/stable/elastic/errors.html
============================================================
WARNING:__main__:
*****************************************
Setting OMP_NUM_THREADS environment variable for each process to be 1 in default, to avoid your system being overloaded, please further tune the variable for optimal performance in your application as needed. 
*****************************************
[train] trainable params: 37068231
[train] adapter params: 3293184
[train] task head params: 33775047
[train] validation starts at epoch 101/150
[rank1]:[W323 07:40:11.106839773 reducer.cpp:327] Warning: Grad strides do not match bucket view strides. This may indicate grad was not created according to the gradient layout contract, or that the param's strides changed since DDP was constructed.  This is not an error, but may impair performance.
grad.sizes() = [256, 1024, 1, 1], strides() = [1024, 1, 1024, 1024]
bucket_view.sizes() = [256, 1024, 1, 1], strides() = [1024, 1, 1, 1] (function operator())
[rank0]:[W323 07:40:11.113684248 reducer.cpp:327] Warning: Grad strides do not match bucket view strides. This may indicate grad was not created according to the gradient layout contract, or that the param's strides changed since DDP was constructed.  This is not an error, but may impair performance.
grad.sizes() = [256, 1024, 1, 1], strides() = [1024, 1, 1024, 1024]
bucket_view.sizes() = [256, 1024, 1, 1], strides() = [1024, 1, 1, 1] (function operator())
[train] epoch 1/150 step 20 | loss 1017489.6656 | det 3.8220 seg 2.4860 cnt 1017412.4406 reg 0.0002 | dens 7.297939e-01/7.317962e-05 | count 146472.562/14.687 | mae 146457.875 | total 1171780.500/117.500
[train] epoch 1/150 step 40 | loss 819694.2461 | det 2.7373 seg 1.9762 cnt 819637.3742 reg 0.0002 | dens 3.439989e-01/4.484157e-05 | count 69041.945/9.000 | mae 69032.945 | total 552335.562/71.999
[train] epoch 1/150 step 60 | loss 593911.8358 | det 2.1292 seg 1.6837 cnt 593866.4252 reg 0.0002 | dens 1.371733e-01/2.335465e-05 | count 27531.223/4.687 | mae 27526.535 | total 220249.781/37.499
[train] epoch 1/150 step 80 | loss 454141.1248 | det 1.7291 seg 1.5555 cnt 454102.7425 reg 0.0003 | dens 5.660340e-02/1.680973e-05 | count 11360.529/3.374 | mae 11357.156 | total 90884.234/26.990
[train] epoch 1/150 step 100 | loss 365417.9939 | det 1.4749 seg 1.4484 cnt 365384.2822 reg 0.0004 | dens 2.239371e-02/3.549359e-05 | count 4494.507/7.124 | mae 4487.383 | total 35956.055/56.990
[train] epoch 1/150 step 120 | loss 305153.6002 | det 1.3228 seg 1.3917 cnt 305122.6237 reg 0.0005 | dens 8.875298e-03/1.033868e-04 | count 1781.308/20.750 | mae 1760.558 | total 14250.463/166.001
[train] epoch 1/150 step 140 | loss 261736.6619 | det 1.1956 seg 1.3506 cnt 261707.9217 reg 0.0007 | dens 3.745615e-03/9.030569e-06 | count 751.760/1.812 | mae 749.948 | total 6014.080/14.500
[train] epoch 1/150 step 160 | loss 229081.9653 | det 1.1120 seg 1.3126 cnt 229054.7826 reg 0.0008 | dens 1.244735e-03/5.480746e-05 | count 249.823/11.000 | mae 238.823 | total 1998.586/88.001
[train] epoch 1/150 | train 215618.1752
[train] epoch 2/150 step 20 | loss 104.4079 | det 0.5586 seg 1.0052 cnt 87.9860 reg 0.0018 | dens 2.486233e-04/2.709226e-05 | count 49.900/5.438 | mae 44.462 | total 399.198/43.500
[train] epoch 2/150 step 40 | loss 75.1385 | det 0.5145 seg 1.0158 cnt 59.2921 reg 0.0021 | dens 9.133411e-05/2.460136e-05 | count 18.331/4.938 | mae 13.588 | total 146.649/39.501
[train] epoch 2/150 step 60 | loss 59.4598 | det 0.4862 seg 1.0036 cnt 44.1362 reg 0.0022 | dens 5.064593e-05/8.656970e-05 | count 10.165/17.375 | mae 15.497 | total 81.319/138.999
[train] epoch 2/150 step 80 | loss 50.5543 | det 0.4573 seg 0.9770 cnt 35.8757 reg 0.0023 | dens 4.597913e-05/3.612311e-05 | count 9.228/7.250 | mae 8.940 | total 73.826/58.000
[train] epoch 2/150 step 100 | loss 45.2962 | det 0.4456 seg 0.9959 cnt 30.6422 reg 0.0025 | dens 3.943159e-05/4.141665e-05 | count 7.914/8.312 | mae 8.127 | total 63.313/66.500
[train] epoch 2/150 step 120 | loss 41.6280 | det 0.4263 seg 0.9694 cnt 27.4757 reg 0.0025 | dens 3.794295e-05/2.989463e-05 | count 7.615/6.000 | mae 6.914 | total 60.922/48.000
[train] epoch 2/150 step 140 | loss 38.9637 | det 0.4276 seg 0.9597 cnt 24.8696 reg 0.0026 | dens 3.127899e-05/3.830212e-05 | count 6.278/7.687 | mae 3.996 | total 50.223/61.499
[train] epoch 2/150 step 160 | loss 36.6402 | det 0.4189 seg 0.9378 cnt 22.8513 reg 0.0027 | dens 3.502450e-05/3.985948e-05 | count 7.030/8.000 | mae 5.577 | total 56.236/64.000
[train] epoch 2/150 | train 36.0615
[train] epoch 3/150 step 20 | loss 19.5806 | det 0.3373 seg 0.8432 cnt 7.7727 reg 0.0031 | dens 3.825236e-05/2.460110e-05 | count 7.677/4.938 | mae 3.385 | total 61.419/39.500
[train] epoch 3/150 step 40 | loss 21.9708 | det 0.3491 seg 0.8496 cnt 9.9351 reg 0.0032 | dens 4.228976e-05/3.310381e-04 | count 8.488/66.441 | mae 60.904 | total 67.902/531.525
[train] epoch 3/150 step 60 | loss 20.8756 | det 0.3576 seg 0.8336 cnt 8.8396 reg 0.0033 | dens 2.979852e-05/5.106986e-05 | count 5.981/10.250 | mae 6.728 | total 47.845/81.999
[train] epoch 3/150 step 80 | loss 21.4146 | det 0.3654 seg 0.8447 cnt 9.1734 reg 0.0034 | dens 2.278616e-05/4.359676e-05 | count 4.573/8.750 | mae 6.297 | total 36.586/70.000
[train] epoch 3/150 step 100 | loss 21.3444 | det 0.3729 seg 0.8197 cnt 9.1900 reg 0.0035 | dens 2.328016e-05/2.802608e-05 | count 4.672/5.625 | mae 4.073 | total 37.379/45.000
[train] epoch 3/150 step 120 | loss 21.2578 | det 0.3702 seg 0.8233 cnt 9.1150 reg 0.0035 | dens 3.161679e-05/3.300852e-05 | count 6.346/6.625 | mae 5.760 | total 50.765/53.000
[train] epoch 3/150 step 140 | loss 21.0161 | det 0.3714 seg 0.8178 cnt 8.8984 reg 0.0036 | dens 2.241097e-05/3.082898e-05 | count 4.498/6.187 | mae 5.574 | total 35.984/49.500
[train] epoch 3/150 step 160 | loss 20.7173 | det 0.3645 seg 0.8168 cnt 8.7110 reg 0.0037 | dens 3.241716e-05/5.075828e-05 | count 6.506/10.187 | mae 10.152 | total 52.050/81.499
[train] epoch 3/150 | train 20.9809
[train] epoch 4/150 step 20 | loss 15.4328 | det 0.2591 seg 0.6556 cnt 6.2975 reg 0.0045 | dens 7.076674e-05/7.940920e-05 | count 14.203/15.938 | mae 4.391 | total 113.625/127.502
[train] epoch 4/150 step 40 | loss 17.2247 | det 0.2957 seg 0.6798 cnt 7.3465 reg 0.0046 | dens 3.533082e-05/3.736868e-05 | count 7.091/7.500 | mae 4.149 | total 56.728/60.000
[train] epoch 4/150 step 60 | loss 17.3564 | det 0.2903 seg 0.7170 cnt 7.2609 reg 0.0048 | dens 3.205576e-05/1.868420e-05 | count 6.434/3.750 | mae 3.241 | total 51.470/30.000
[train] epoch 4/150 step 80 | loss 17.2606 | det 0.3026 seg 0.7071 cnt 7.0595 reg 0.0049 | dens 2.638632e-05/3.300879e-05 | count 5.296/6.625 | mae 3.176 | total 42.367/53.000
[train] epoch 4/150 step 100 | loss 17.4491 | det 0.3083 seg 0.7305 cnt 6.9759 reg 0.0050 | dens 7.120961e-05/8.812919e-05 | count 14.292/17.688 | mae 8.207 | total 114.336/141.503
[train] epoch 4/150 step 120 | loss 17.8385 | det 0.3121 seg 0.7495 cnt 7.1556 reg 0.0052 | dens 4.742410e-05/3.736867e-05 | count 9.518/7.500 | mae 3.987 | total 76.146/60.000
[train] epoch 4/150 step 140 | loss 17.7134 | det 0.3166 seg 0.7482 cnt 6.9740 reg 0.0053 | dens 2.747630e-05/5.044666e-05 | count 5.515/10.125 | mae 5.154 | total 44.117/80.999
[train] epoch 4/150 step 160 | loss 17.5769 | det 0.3165 seg 0.7418 cnt 6.8896 reg 0.0054 | dens 4.415804e-05/5.729858e-05 | count 8.863/11.500 | mae 5.680 | total 70.902/92.000
[train] epoch 4/150 | train 17.6477
[train] epoch 5/150 step 20 | loss 16.2192 | det 0.3082 seg 0.7444 cnt 5.6350 reg 0.0067 | dens 1.939962e-05/2.802656e-05 | count 3.894/5.625 | mae 3.795 | total 31.149/45.000
[train] epoch 5/150 step 40 | loss 17.4916 | det 0.2935 seg 0.7405 cnt 7.1581 reg 0.0066 | dens 1.394234e-04/4.951316e-05 | count 27.983/9.937 | mae 22.186 | total 223.863/79.500
[train] epoch 5/150 step 60 | loss 17.6404 | det 0.3064 seg 0.7541 cnt 7.0050 reg 0.0067 | dens 4.662617e-05/6.601668e-05 | count 9.358/13.250 | mae 5.235 | total 74.864/105.999
[train] epoch 5/150 step 80 | loss 18.1460 | det 0.3040 seg 0.7433 cnt 7.6338 reg 0.0067 | dens 3.281368e-05/3.020709e-05 | count 6.586/6.063 | mae 6.290 | total 52.687/48.501
[train] epoch 5/150 step 100 | loss 17.8338 | det 0.3102 seg 0.7356 cnt 7.2886 reg 0.0068 | dens 2.733957e-05/4.359644e-05 | count 5.487/8.750 | mae 5.505 | total 43.897/70.000
[train] epoch 5/150 step 120 | loss 17.4624 | det 0.3085 seg 0.7357 cnt 6.9426 reg 0.0069 | dens 2.622255e-05/3.114132e-05 | count 5.263/6.250 | mae 5.194 | total 42.104/50.001
[train] epoch 5/150 step 140 | loss 17.6277 | det 0.3121 seg 0.7429 cnt 6.9961 reg 0.0070 | dens 2.707441e-05/2.553522e-05 | count 5.434/5.125 | mae 3.318 | total 43.472/41.000
[train] epoch 5/150 step 160 | loss 17.3537 | det 0.3108 seg 0.7358 cnt 6.7979 reg 0.0071 | dens 2.506333e-05/3.145237e-05 | count 5.030/6.313 | mae 3.386 | total 40.242/50.501
[train] epoch 5/150 | train 17.5589
[train] epoch 6/150 step 20 | loss 14.4869 | det 0.2808 seg 0.6082 cnt 5.4018 reg 0.0078 | dens 2.157442e-05/2.086137e-05 | count 4.330/4.187 | mae 4.069 | total 34.641/33.496
[train] epoch 6/150 step 40 | loss 16.3706 | det 0.2962 seg 0.6367 cnt 6.8266 reg 0.0079 | dens 6.024839e-05/4.266212e-05 | count 12.092/8.562 | mae 4.776 | total 96.737/68.500
[train] epoch 6/150 step 60 | loss 16.5753 | det 0.2977 seg 0.6362 cnt 7.0132 reg 0.0080 | dens 4.210661e-05/8.003150e-05 | count 8.451/16.063 | mae 9.612 | total 67.608/128.501
[train] epoch 6/150 step 80 | loss 16.3254 | det 0.3055 seg 0.6245 cnt 6.7385 reg 0.0082 | dens 2.600783e-05/4.079456e-05 | count 5.220/8.188 | mae 5.515 | total 41.759/65.501
[train] epoch 6/150 step 100 | loss 16.3801 | det 0.3047 seg 0.6422 cnt 6.6630 reg 0.0083 | dens 5.882383e-05/6.072327e-05 | count 11.806/12.187 | mae 3.433 | total 94.449/97.499
[train] epoch 6/150 step 120 | loss 16.8186 | det 0.3017 seg 0.6758 cnt 6.8783 reg 0.0083 | dens 3.213362e-05/4.920227e-05 | count 6.449/9.875 | mae 5.673 | total 51.595/79.001
[train] epoch 6/150 step 140 | loss 17.2325 | det 0.2978 seg 0.6777 cnt 7.3356 reg 0.0085 | dens 4.780780e-05/5.885597e-05 | count 9.595/11.813 | mae 4.596 | total 76.762/94.501
[train] epoch 6/150 step 160 | loss 17.1078 | det 0.2906 seg 0.6773 cnt 7.3217 reg 0.0086 | dens 7.737467e-05/1.083682e-04 | count 15.529/21.750 | mae 7.106 | total 124.235/173.999
[train] epoch 6/150 | train 16.9692
[train] epoch 7/150 step 20 | loss 16.6376 | det 0.3592 seg 0.6463 cnt 6.0698 reg 0.0095 | dens 3.062393e-05/6.228026e-05 | count 6.146/12.500 | mae 6.878 | total 49.171/99.999
[train] epoch 7/150 step 40 | loss 17.5999 | det 0.3456 seg 0.6812 cnt 6.9565 reg 0.0095 | dens 2.300604e-05/3.923622e-05 | count 4.617/7.875 | mae 4.111 | total 36.939/62.999
[train] epoch 7/150 step 60 | loss 16.8882 | det 0.3174 seg 0.6556 cnt 6.8733 reg 0.0095 | dens 5.826887e-05/8.470124e-05 | count 11.695/17.000 | mae 8.987 | total 93.558/135.999
[train] epoch 7/150 step 80 | loss 17.4897 | det 0.3240 seg 0.6405 cnt 7.4955 reg 0.0095 | dens 2.620939e-05/1.899571e-05 | count 5.260/3.813 | mae 2.904 | total 42.083/30.500
[train] epoch 7/150 step 100 | loss 17.1260 | det 0.3205 seg 0.6475 cnt 7.1292 reg 0.0097 | dens 2.279286e-05/2.024131e-05 | count 4.575/4.063 | mae 2.570 | total 36.597/32.500
[train] epoch 7/150 step 120 | loss 16.8104 | det 0.3181 seg 0.6430 cnt 6.8855 reg 0.0097 | dens 2.829931e-05/2.460033e-05 | count 5.680/4.937 | mae 2.889 | total 45.438/39.499
[train] epoch 7/150 step 140 | loss 16.6175 | det 0.3072 seg 0.6355 cnt 6.9153 reg 0.0099 | dens 2.152562e-05/4.888950e-05 | count 4.320/9.812 | mae 6.244 | total 34.562/78.499
[train] epoch 7/150 step 160 | loss 16.4521 | det 0.3014 seg 0.6319 cnt 6.8662 reg 0.0100 | dens 3.895963e-05/4.421906e-05 | count 7.819/8.875 | mae 3.518 | total 62.555/71.000
[train] epoch 7/150 | train 16.2826
[train] epoch 8/150 step 20 | loss 15.8876 | det 0.2888 seg 0.6046 cnt 6.7082 reg 0.0112 | dens 3.329741e-05/2.678114e-05 | count 6.683/5.375 | mae 1.700 | total 53.463/43.001
[train] epoch 8/150 step 40 | loss 14.5929 | det 0.2742 seg 0.5738 cnt 5.8788 reg 0.0113 | dens 3.016880e-05/1.930763e-05 | count 6.055/3.875 | mae 3.127 | total 48.440/31.001
[train] epoch 8/150 step 60 | loss 14.8725 | det 0.2992 seg 0.5647 cnt 5.8554 reg 0.0113 | dens 2.181361e-05/4.079394e-05 | count 4.378/8.188 | mae 4.848 | total 35.025/65.500
[train] epoch 8/150 step 80 | loss 15.4421 | det 0.2911 seg 0.6172 cnt 6.1259 reg 0.0112 | dens 2.511322e-05/2.989433e-05 | count 5.040/6.000 | mae 4.232 | total 40.323/47.999
[train] epoch 8/150 step 100 | loss 15.3301 | det 0.2859 seg 0.6006 cnt 6.2255 reg 0.0112 | dens 3.449679e-05/2.802658e-05 | count 6.924/5.625 | mae 3.317 | total 55.389/45.000
[train] epoch 8/150 step 120 | loss 15.1960 | det 0.2952 seg 0.5918 cnt 6.0220 reg 0.0113 | dens 2.176649e-05/3.736913e-05 | count 4.369/7.500 | mae 4.116 | total 34.949/60.001
[train] epoch 8/150 step 140 | loss 15.4023 | det 0.2960 seg 0.6014 cnt 6.1408 reg 0.0113 | dens 1.813646e-05/1.307899e-05 | count 3.640/2.625 | mae 2.262 | total 29.120/21.000
[train] epoch 8/150 step 160 | loss 15.1551 | det 0.2871 seg 0.6032 cnt 6.0121 reg 0.0114 | dens 8.097671e-05/8.065403e-05 | count 16.252/16.188 | mae 4.739 | total 130.019/129.501
[train] epoch 8/150 | train 15.2535
[train] epoch 9/150 step 20 | loss 16.8572 | det 0.2688 seg 0.5221 cnt 8.6360 reg 0.0125 | dens 5.384718e-05/5.231515e-05 | count 10.807/10.500 | mae 4.964 | total 86.459/83.999
[train] epoch 9/150 step 40 | loss 15.1219 | det 0.2712 seg 0.5362 cnt 6.7520 reg 0.0123 | dens 5.879587e-05/9.248679e-05 | count 11.801/18.562 | mae 7.478 | total 94.405/148.500
[train] epoch 9/150 step 60 | loss 14.9456 | det 0.2751 seg 0.5236 cnt 6.6177 reg 0.0123 | dens 4.494830e-05/3.736901e-05 | count 9.021/7.500 | mae 4.653 | total 72.170/60.001
[train] epoch 9/150 step 80 | loss 15.0407 | det 0.2661 seg 0.5314 cnt 6.7853 reg 0.0123 | dens 4.708560e-05/6.819719e-05 | count 9.450/13.687 | mae 6.624 | total 75.602/109.500
[train] epoch 9/150 step 100 | loss 14.7018 | det 0.2592 seg 0.5586 cnt 6.3330 reg 0.0124 | dens 3.643228e-05/2.958347e-05 | count 7.312/5.938 | mae 2.317 | total 58.497/47.500
[train] epoch 9/150 step 120 | loss 14.8665 | det 0.2623 seg 0.5522 cnt 6.5017 reg 0.0123 | dens 2.389210e-05/2.864883e-05 | count 4.795/5.750 | mae 4.136 | total 38.362/45.999
[train] epoch 9/150 step 140 | loss 14.8018 | det 0.2546 seg 0.5781 cnt 6.3453 reg 0.0124 | dens 4.775174e-05/6.944428e-05 | count 9.584/13.938 | mae 6.248 | total 76.672/111.502
[train] epoch 9/150 step 160 | loss 14.8280 | det 0.2625 seg 0.5731 cnt 6.2937 reg 0.0124 | dens 3.010849e-05/3.082885e-05 | count 6.043/6.187 | mae 2.332 | total 48.343/49.500
[train] epoch 9/150 | train 14.8222
[train] epoch 10/150 step 20 | loss 13.4836 | det 0.2495 seg 0.4648 cnt 6.0098 reg 0.0134 | dens 4.094121e-05/4.826786e-05 | count 8.217/9.688 | mae 4.312 | total 65.737/77.500
[train] epoch 10/150 step 40 | loss 12.6244 | det 0.2230 seg 0.4909 cnt 5.3398 reg 0.0132 | dens 3.456026e-05/3.300915e-05 | count 6.936/6.625 | mae 1.795 | total 55.491/53.001
[train] epoch 10/150 step 60 | loss 13.2042 | det 0.2496 seg 0.5369 cnt 5.1519 reg 0.0132 | dens 5.750570e-05/5.480787e-05 | count 11.542/11.000 | mae 7.180 | total 92.333/88.001
[train] epoch 10/150 step 80 | loss 13.5797 | det 0.2538 seg 0.5445 cnt 5.4035 reg 0.0131 | dens 3.374756e-05/4.702236e-05 | count 6.773/9.438 | mae 3.810 | total 54.186/75.501
[train] epoch 10/150 step 100 | loss 13.7935 | det 0.2476 seg 0.5812 cnt 5.4172 reg 0.0132 | dens 3.617580e-05/3.954810e-05 | count 7.261/7.937 | mae 3.959 | total 58.085/63.500
[train] epoch 10/150 step 120 | loss 14.3412 | det 0.2792 seg 0.5780 cnt 5.5158 reg 0.0133 | dens 4.130874e-05/3.518322e-05 | count 8.291/7.061 | mae 2.559 | total 66.327/56.491
[train] epoch 10/150 step 140 | loss 14.4039 | det 0.2772 seg 0.5820 cnt 5.5759 reg 0.0133 | dens 3.647598e-05/3.612245e-05 | count 7.321/7.250 | mae 1.141 | total 58.567/57.999
[train] epoch 10/150 step 160 | loss 14.3386 | det 0.2825 seg 0.5736 cnt 5.4999 reg 0.0133 | dens 1.610374e-05/2.491209e-05 | count 3.232/5.000 | mae 3.247 | total 25.857/40.000
[train] epoch 10/150 | train 14.2297
[train] epoch 11/150 step 20 | loss 14.2176 | det 0.2762 seg 0.5273 cnt 5.8434 reg 0.0136 | dens 4.030386e-05/5.978948e-05 | count 8.089/12.000 | mae 6.893 | total 64.713/96.000
[train] epoch 11/150 step 40 | loss 14.1116 | det 0.2749 seg 0.5615 cnt 5.4822 reg 0.0135 | dens 4.985237e-05/6.041324e-05 | count 10.006/12.125 | mae 3.588 | total 80.045/97.001
[train] epoch 11/150 step 60 | loss 13.9103 | det 0.2513 seg 0.5605 cnt 5.6435 reg 0.0137 | dens 1.605982e-05/1.058769e-05 | count 3.223/2.125 | mae 1.869 | total 25.786/17.000
[train] epoch 11/150 step 80 | loss 14.1057 | det 0.2737 seg 0.5497 cnt 5.5883 reg 0.0138 | dens 3.246461e-05/4.079336e-05 | count 6.516/8.187 | mae 3.243 | total 52.126/65.499
[train] epoch 11/150 step 100 | loss 14.1927 | det 0.2813 seg 0.5451 cnt 5.5996 reg 0.0139 | dens 4.259275e-05/3.924585e-05 | count 8.549/7.877 | mae 3.549 | total 68.388/63.014
[train] epoch 11/150 step 120 | loss 14.0240 | det 0.2834 seg 0.5382 cnt 5.4539 reg 0.0140 | dens 2.886260e-05/3.612253e-05 | count 5.793/7.250 | mae 2.577 | total 46.343/57.999
[train] epoch 11/150 step 140 | loss 14.4569 | det 0.2814 seg 0.5352 cnt 5.9405 reg 0.0141 | dens 2.424662e-05/1.837375e-05 | count 4.866/3.688 | mae 1.948 | total 38.931/29.501
[train] epoch 11/150 step 160 | loss 14.3228 | det 0.2741 seg 0.5372 cnt 5.9001 reg 0.0142 | dens 2.633045e-05/3.487704e-05 | count 5.285/7.000 | mae 2.806 | total 42.277/56.000
[train] epoch 11/150 | train 14.4635
[train] epoch 12/150 step 20 | loss 12.0172 | det 0.2153 seg 0.4721 cnt 4.9961 reg 0.0145 | dens 4.079828e-05/5.823367e-05 | count 8.188/11.688 | mae 4.238 | total 65.507/93.502
[train] epoch 12/150 step 40 | loss 12.6329 | det 0.2433 seg 0.4714 cnt 5.1981 reg 0.0147 | dens 1.089219e-04/9.404332e-05 | count 21.861/18.875 | mae 12.618 | total 174.889/150.999
[train] epoch 12/150 step 60 | loss 13.9276 | det 0.2562 seg 0.4901 cnt 6.1490 reg 0.0147 | dens 1.870914e-04/3.005209e-04 | count 37.550/60.316 | mae 26.208 | total 300.400/482.526
[train] epoch 12/150 step 80 | loss 14.0818 | det 0.2652 seg 0.4785 cnt 6.2607 reg 0.0148 | dens 4.513960e-05/8.470082e-05 | count 9.060/17.000 | mae 8.359 | total 72.478/135.998
[train] epoch 12/150 step 100 | loss 13.8152 | det 0.2601 seg 0.4958 cnt 5.9322 reg 0.0148 | dens 3.125948e-05/3.332066e-05 | count 6.274/6.688 | mae 4.065 | total 50.191/53.501
[train] epoch 12/150 step 120 | loss 13.5752 | det 0.2495 seg 0.5104 cnt 5.7345 reg 0.0148 | dens 2.239224e-05/2.678110e-05 | count 4.494/5.375 | mae 3.614 | total 35.954/43.001
[train] epoch 12/150 step 140 | loss 13.7913 | det 0.2534 seg 0.5178 cnt 5.8338 reg 0.0148 | dens 1.539913e-05/1.307955e-05 | count 3.091/2.625 | mae 0.924 | total 24.725/21.001
[train] epoch 12/150 step 160 | loss 13.7305 | det 0.2556 seg 0.5150 cnt 5.7606 reg 0.0149 | dens 1.813692e-05/1.276678e-05 | count 3.640/2.562 | mae 1.598 | total 29.121/20.499
[train] epoch 12/150 | train 13.5275
[train] epoch 13/150 step 20 | loss 13.8230 | det 0.2611 seg 0.4771 cnt 6.0742 reg 0.0160 | dens 5.485481e-05/6.881965e-05 | count 11.010/13.812 | mae 6.903 | total 88.077/110.499
[train] epoch 13/150 step 40 | loss 13.3657 | det 0.2588 seg 0.4665 cnt 5.7359 reg 0.0158 | dens 5.351640e-05/5.076340e-05 | count 10.741/10.188 | mae 4.502 | total 85.928/81.507
[train] epoch 13/150 step 60 | loss 13.0289 | det 0.2549 seg 0.4880 cnt 5.2856 reg 0.0158 | dens 3.015849e-05/3.269741e-05 | count 6.053/6.563 | mae 2.116 | total 48.423/52.500
[train] epoch 13/150 step 80 | loss 12.7429 | det 0.2450 seg 0.4846 cnt 5.1757 reg 0.0157 | dens 1.407858e-05/6.850887e-06 | count 2.826/1.375 | mae 1.936 | total 22.605/11.000
[train] epoch 13/150 step 100 | loss 12.8790 | det 0.2392 seg 0.4899 cnt 5.3561 reg 0.0157 | dens 2.413114e-05/2.242147e-05 | count 4.843/4.500 | mae 1.391 | total 38.746/36.001
[train] epoch 13/150 step 120 | loss 13.2120 | det 0.2407 seg 0.4911 cnt 5.6566 reg 0.0158 | dens 6.412192e-05/4.920246e-05 | count 12.870/9.875 | mae 4.289 | total 102.956/79.001
[train] epoch 13/150 step 140 | loss 13.1871 | det 0.2408 seg 0.4892 cnt 5.6454 reg 0.0158 | dens 4.956421e-05/6.010089e-05 | count 9.948/12.062 | mae 3.602 | total 79.582/96.500
[train] epoch 13/150 step 160 | loss 12.9181 | det 0.2348 seg 0.4884 cnt 5.4729 reg 0.0159 | dens 7.488397e-05/9.995385e-05 | count 15.030/20.061 | mae 6.529 | total 120.236/160.489
[train] epoch 13/150 | train 12.9316
[train] epoch 14/150 step 20 | loss 12.6905 | det 0.2544 seg 0.5076 cnt 4.7974 reg 0.0168 | dens 3.861760e-05/3.456514e-05 | count 7.751/6.937 | mae 3.404 | total 62.006/55.499
[train] epoch 14/150 step 40 | loss 12.6296 | det 0.2397 seg 0.5218 cnt 4.8426 reg 0.0167 | dens 4.446929e-05/5.480733e-05 | count 8.925/11.000 | mae 4.094 | total 71.401/88.000
[train] epoch 14/150 step 60 | loss 13.2221 | det 0.2388 seg 0.5011 cnt 5.6140 reg 0.0167 | dens 2.235495e-05/4.515395e-05 | count 4.487/9.063 | mae 4.670 | total 35.894/72.501
WARNING:__main__:
*****************************************
Setting OMP_NUM_THREADS environment variable for each process to be 1 in default, to avoid your system being overloaded, please further tune the variable for optimal performance in your application as needed. 
*****************************************
[train] trainable params: 37068231
[train] adapter params: 3293184
[train] task head params: 33775047
[train] validation starts at epoch 101/150
[rank0]:[W323 08:09:34.935163074 reducer.cpp:327] Warning: Grad strides do not match bucket view strides. This may indicate grad was not created according to the gradient layout contract, or that the param's strides changed since DDP was constructed.  This is not an error, but may impair performance.
grad.sizes() = [256, 1024, 1, 1], strides() = [1024, 1, 1024, 1024]
bucket_view.sizes() = [256, 1024, 1, 1], strides() = [1024, 1, 1, 1] (function operator())
[rank1]:[W323 08:09:34.936100951 reducer.cpp:327] Warning: Grad strides do not match bucket view strides. This may indicate grad was not created according to the gradient layout contract, or that the param's strides changed since DDP was constructed.  This is not an error, but may impair performance.
grad.sizes() = [256, 1024, 1, 1], strides() = [1024, 1, 1024, 1024]
bucket_view.sizes() = [256, 1024, 1, 1], strides() = [1024, 1, 1, 1] (function operator())
[train] epoch 1/150 step 20 | loss 1017490.9219 | det 3.8220 seg 2.4860 cnt 1017413.6969 reg 0.0001 | dens 7.297958e-01/7.317962e-05 | count 146472.938/14.687 | mae 146458.250 | total 1171783.500/117.500
[train] epoch 1/150 step 40 | loss 819641.0203 | det 2.7408 seg 1.9754 cnt 819584.1039 reg 0.0001 | dens 3.439498e-01/4.484157e-05 | count 69032.094/9.000 | mae 69023.094 | total 552256.750/71.999
[train] epoch 1/150 step 60 | loss 593922.1286 | det 2.1366 seg 1.6819 cnt 593876.6235 reg 0.0001 | dens 1.375757e-01/2.335465e-05 | count 27611.984/4.687 | mae 27607.297 | total 220895.875/37.499
[train] epoch 1/150 step 80 | loss 454126.0763 | det 1.7358 seg 1.5556 cnt 454087.5931 reg 0.0001 | dens 5.626671e-02/1.680973e-05 | count 11292.952/3.374 | mae 11289.578 | total 90343.617/26.990
[train] epoch 1/150 step 100 | loss 365397.6337 | det 1.4812 seg 1.4485 cnt 365363.8277 reg 0.0001 | dens 2.221695e-02/3.549359e-05 | count 4459.030/7.124 | mae 4451.906 | total 35672.242/56.990
[train] epoch 1/150 step 120 | loss 305130.5088 | det 1.3286 seg 1.3914 cnt 305099.4487 reg 0.0002 | dens 8.878978e-03/1.033868e-04 | count 1782.047/20.750 | mae 1761.296 | total 14256.372/166.001
[train] epoch 1/150 step 140 | loss 261716.1883 | det 1.2005 seg 1.3512 cnt 261687.3696 reg 0.0002 | dens 3.774365e-03/9.030569e-06 | count 757.530/1.812 | mae 755.718 | total 6060.241/14.500
[train] epoch 1/150 step 160 | loss 229060.3850 | det 1.1165 seg 1.3134 cnt 229033.1292 reg 0.0003 | dens 1.254272e-03/5.480746e-05 | count 251.737/11.000 | mae 240.737 | total 2013.900/88.001
[train] epoch 1/150 | train 215597.5369
[train] epoch 2/150 step 20 | loss 96.8497 | det 0.5523 seg 1.0139 cnt 80.4531 reg 0.0008 | dens 2.294939e-04/2.709226e-05 | count 46.060/5.438 | mae 40.623 | total 368.483/43.500
[train] epoch 2/150 step 40 | loss 70.5607 | det 0.5180 seg 1.0209 cnt 54.6233 reg 0.0008 | dens 8.937514e-05/2.460136e-05 | count 17.938/4.938 | mae 13.151 | total 143.504/39.501
[train] epoch 2/150 step 60 | loss 56.3052 | det 0.4867 seg 1.0072 cnt 40.9462 reg 0.0009 | dens 5.091908e-05/8.656970e-05 | count 10.220/17.375 | mae 15.362 | total 81.757/138.999
[train] epoch 2/150 step 80 | loss 48.2963 | det 0.4585 seg 0.9854 cnt 33.5351 reg 0.0009 | dens 4.292926e-05/3.612311e-05 | count 8.616/7.250 | mae 8.622 | total 68.929/58.000
[train] epoch 2/150 step 100 | loss 43.4440 | det 0.4459 seg 0.9999 cnt 28.7556 reg 0.0010 | dens 3.831895e-05/4.141665e-05 | count 7.691/8.312 | mae 7.738 | total 61.526/66.500
[train] epoch 2/150 step 120 | loss 39.9928 | det 0.4261 seg 0.9749 cnt 25.8008 reg 0.0010 | dens 3.077440e-05/2.989463e-05 | count 6.177/6.000 | mae 5.737 | total 49.412/48.000
[train] epoch 2/150 step 140 | loss 37.6908 | det 0.4273 seg 0.9632 cnt 23.5745 reg 0.0010 | dens 2.900857e-05/3.830212e-05 | count 5.822/7.687 | mae 3.912 | total 46.577/61.499
[train] epoch 2/150 step 160 | loss 35.5779 | det 0.4199 seg 0.9412 cnt 21.7486 reg 0.0011 | dens 3.049699e-05/3.985948e-05 | count 6.121/8.000 | mae 5.571 | total 48.967/64.000
[train] epoch 2/150 | train 35.0461
[train] epoch 3/150 step 20 | loss 19.3154 | det 0.3403 seg 0.8528 cnt 7.3868 reg 0.0014 | dens 3.735704e-05/2.460110e-05 | count 7.498/4.938 | mae 3.163 | total 59.982/39.500
[train] epoch 3/150 step 40 | loss 21.1500 | det 0.3506 seg 0.8510 cnt 9.0812 reg 0.0014 | dens 3.395879e-05/3.310381e-04 | count 6.816/66.441 | mae 62.768 | total 54.525/531.525
[train] epoch 3/150 step 60 | loss 20.3221 | det 0.3582 seg 0.8337 cnt 8.2785 reg 0.0015 | dens 2.340674e-05/5.106986e-05 | count 4.698/10.250 | mae 7.751 | total 37.583/81.999
[train] epoch 3/150 step 80 | loss 21.0424 | det 0.3656 seg 0.8433 cnt 8.8109 reg 0.0015 | dens 2.836265e-05/4.359676e-05 | count 5.692/8.750 | mae 6.248 | total 45.540/70.000
[train] epoch 3/150 step 100 | loss 20.7777 | det 0.3715 seg 0.8211 cnt 8.6356 reg 0.0016 | dens 2.325696e-05/2.802608e-05 | count 4.668/5.625 | mae 4.059 | total 37.342/45.000
[train] epoch 3/150 step 120 | loss 20.6146 | det 0.3671 seg 0.8233 cnt 8.5195 reg 0.0016 | dens 2.597111e-05/3.300852e-05 | count 5.213/6.625 | mae 4.852 | total 41.700/53.000
[train] epoch 3/150 step 140 | loss 20.3919 | det 0.3684 seg 0.8179 cnt 8.3219 reg 0.0017 | dens 2.509085e-05/3.082898e-05 | count 5.036/6.187 | mae 5.666 | total 40.287/49.500
[train] epoch 3/150 step 160 | loss 20.2143 | det 0.3631 seg 0.8183 cnt 8.2199 reg 0.0017 | dens 3.101062e-05/5.075828e-05 | count 6.224/10.187 | mae 10.348 | total 49.792/81.499
[train] epoch 3/150 | train 20.4673
[train] epoch 4/150 step 20 | loss 15.3277 | det 0.2580 seg 0.6539 cnt 6.2240 reg 0.0023 | dens 7.219744e-05/7.940920e-05 | count 14.490/15.938 | mae 4.906 | total 115.923/127.502
[train] epoch 4/150 step 40 | loss 16.7115 | det 0.2899 seg 0.6812 cnt 6.9110 reg 0.0023 | dens 3.069347e-05/3.736868e-05 | count 6.160/7.500 | mae 5.201 | total 49.282/60.000
[train] epoch 4/150 step 60 | loss 17.2213 | det 0.2891 seg 0.7180 cnt 7.1381 reg 0.0023 | dens 2.437163e-05/1.868420e-05 | count 4.891/3.750 | mae 1.898 | total 39.132/30.000
[train] epoch 4/150 step 80 | loss 17.1024 | det 0.3003 seg 0.7081 cnt 6.9306 reg 0.0024 | dens 2.628704e-05/3.300879e-05 | count 5.276/6.625 | mae 3.520 | total 42.207/53.000
[train] epoch 4/150 step 100 | loss 17.4229 | det 0.3065 seg 0.7322 cnt 6.9651 reg 0.0025 | dens 4.207618e-05/8.812919e-05 | count 8.445/17.688 | mae 12.417 | total 67.559/141.503
[train] epoch 4/150 step 120 | loss 17.7967 | det 0.3090 seg 0.7491 cnt 7.1663 reg 0.0025 | dens 4.267963e-05/3.736867e-05 | count 8.566/7.500 | mae 3.234 | total 68.528/60.000
[train] epoch 4/150 step 140 | loss 17.6503 | det 0.3132 seg 0.7475 cnt 6.9699 reg 0.0026 | dens 5.684419e-05/5.044666e-05 | count 11.409/10.125 | mae 5.452 | total 91.271/80.999
[train] epoch 4/150 step 160 | loss 17.5179 | det 0.3115 seg 0.7405 cnt 6.9184 reg 0.0026 | dens 4.503488e-05/5.729858e-05 | count 9.039/11.500 | mae 6.230 | total 72.309/92.000
[train] epoch 4/150 | train 17.6117
[train] epoch 5/150 step 20 | loss 15.9690 | det 0.3182 seg 0.7379 cnt 5.2887 reg 0.0033 | dens 3.347683e-05/2.802656e-05 | count 6.719/5.625 | mae 1.942 | total 53.751/45.000
[train] epoch 5/150 step 40 | loss 16.9110 | det 0.2963 seg 0.7371 cnt 6.5654 reg 0.0033 | dens 1.546465e-04/4.951316e-05 | count 31.038/9.937 | mae 25.180 | total 248.305/79.500
[train] epoch 5/150 step 60 | loss 17.0541 | det 0.3095 seg 0.7546 cnt 6.3714 reg 0.0034 | dens 6.930288e-05/6.601668e-05 | count 13.909/13.250 | mae 6.041 | total 111.275/105.999
[train] epoch 5/150 step 80 | loss 17.6205 | det 0.3076 seg 0.7428 cnt 7.0606 reg 0.0034 | dens 2.311763e-05/3.020709e-05 | count 4.640/6.063 | mae 5.986 | total 37.118/48.501
[train] epoch 5/150 step 100 | loss 17.3979 | det 0.3135 seg 0.7357 cnt 6.8062 reg 0.0034 | dens 3.330625e-05/4.359644e-05 | count 6.685/8.750 | mae 4.661 | total 53.478/70.000
[train] epoch 5/150 step 120 | loss 17.0573 | det 0.3132 seg 0.7358 cnt 6.4688 reg 0.0035 | dens 2.351447e-05/3.114132e-05 | count 4.719/6.250 | mae 4.014 | total 37.756/50.001
[train] epoch 5/150 step 140 | loss 17.1738 | det 0.3168 seg 0.7447 cnt 6.4602 reg 0.0035 | dens 2.099353e-05/2.553522e-05 | count 4.213/5.125 | mae 2.633 | total 33.708/41.000
[train] epoch 5/150 step 160 | loss 16.9451 | det 0.3153 seg 0.7367 cnt 6.3187 reg 0.0035 | dens 2.238284e-05/3.145237e-05 | count 4.492/6.313 | mae 3.542 | total 35.939/50.501
[train] epoch 5/150 | train 17.1704
[train] epoch 6/150 step 20 | loss 14.1270 | det 0.2848 seg 0.6092 cnt 4.9772 reg 0.0039 | dens 1.812115e-05/2.086137e-05 | count 3.637/4.187 | mae 3.864 | total 29.096/33.496
[train] epoch 6/150 step 40 | loss 15.8039 | det 0.2988 seg 0.6383 cnt 6.2113 reg 0.0039 | dens 4.520356e-05/4.266212e-05 | count 9.073/8.562 | mae 1.975 | total 72.580/68.500
[train] epoch 6/150 step 60 | loss 15.8059 | det 0.2972 seg 0.6386 cnt 6.2345 reg 0.0040 | dens 5.215298e-05/8.003150e-05 | count 10.467/16.063 | mae 8.337 | total 83.738/128.501
[train] epoch 6/150 step 80 | loss 15.8353 | det 0.3075 seg 0.6257 cnt 6.2131 reg 0.0040 | dens 4.257887e-05/4.079456e-05 | count 8.546/8.188 | mae 6.833 | total 68.366/65.501
[train] epoch 6/150 step 100 | loss 16.1376 | det 0.3081 seg 0.6436 cnt 6.3640 reg 0.0040 | dens 4.867957e-05/6.072327e-05 | count 9.770/12.187 | mae 4.211 | total 78.161/97.499
[train] epoch 6/150 step 120 | loss 16.4967 | det 0.3049 seg 0.6759 cnt 6.5122 reg 0.0041 | dens 4.165779e-05/4.920227e-05 | count 8.361/9.875 | mae 3.872 | total 66.887/79.001
[train] epoch 6/150 step 140 | loss 16.6696 | det 0.2993 seg 0.6789 cnt 6.7452 reg 0.0041 | dens 6.410525e-05/5.885597e-05 | count 12.866/11.813 | mae 5.257 | total 102.929/94.501
[train] epoch 6/150 step 160 | loss 16.5477 | det 0.2911 seg 0.6787 cnt 6.7478 reg 0.0042 | dens 7.215657e-05/1.083682e-04 | count 14.482/21.750 | mae 8.295 | total 115.857/173.999
[train] epoch 6/150 | train 16.4476
[train] epoch 7/150 step 20 | loss 16.2457 | det 0.3591 seg 0.6445 cnt 5.6989 reg 0.0046 | dens 4.239054e-05/6.228026e-05 | count 8.508/12.500 | mae 4.837 | total 68.064/99.999
[train] epoch 7/150 step 40 | loss 17.2804 | det 0.3473 seg 0.6841 cnt 6.5936 reg 0.0046 | dens 2.035119e-05/3.923622e-05 | count 4.085/7.875 | mae 4.589 | total 32.677/62.999
[train] epoch 7/150 step 60 | loss 16.6318 | det 0.3146 seg 0.6634 cnt 6.6012 reg 0.0046 | dens 6.770293e-05/8.470124e-05 | count 13.588/17.000 | mae 11.470 | total 108.706/135.999
[train] epoch 7/150 step 80 | loss 16.8900 | det 0.3198 seg 0.6479 cnt 6.9044 reg 0.0046 | dens 2.705138e-05/1.899571e-05 | count 5.429/3.813 | mae 3.263 | total 43.435/30.500
[train] epoch 7/150 step 100 | loss 16.7233 | det 0.3188 seg 0.6546 cnt 6.7002 reg 0.0046 | dens 1.998490e-05/2.024131e-05 | count 4.011/4.063 | mae 2.174 | total 32.088/32.500
[train] epoch 7/150 step 120 | loss 16.4937 | det 0.3176 seg 0.6498 cnt 6.5267 reg 0.0046 | dens 3.319020e-05/2.460033e-05 | count 6.661/4.937 | mae 2.857 | total 53.291/39.499
[train] epoch 7/150 step 140 | loss 16.3318 | det 0.3062 seg 0.6392 cnt 6.6212 reg 0.0047 | dens 3.186947e-05/4.888950e-05 | count 6.396/9.812 | mae 5.096 | total 51.171/78.499
[train] epoch 7/150 step 160 | loss 16.1882 | det 0.3027 seg 0.6354 cnt 6.5595 reg 0.0047 | dens 2.504657e-05/4.421906e-05 | count 5.027/8.875 | mae 4.706 | total 40.216/71.000
[train] epoch 7/150 | train 16.0525
[train] epoch 8/150 step 20 | loss 19.7963 | det 0.2872 seg 0.6068 cnt 10.6287 reg 0.0052 | dens 3.594562e-05/2.678114e-05 | count 7.214/5.375 | mae 2.190 | total 57.715/43.001
[train] epoch 8/150 step 40 | loss 16.3989 | det 0.2689 seg 0.5741 cnt 7.7672 reg 0.0052 | dens 2.693512e-05/1.930763e-05 | count 5.406/3.875 | mae 2.791 | total 43.248/31.001
[train] epoch 8/150 step 60 | loss 16.1433 | det 0.2978 seg 0.5675 cnt 7.1314 reg 0.0052 | dens 2.876272e-05/4.079394e-05 | count 5.773/8.188 | mae 4.708 | total 46.182/65.500
[train] epoch 8/150 step 80 | loss 16.2044 | det 0.2888 seg 0.6203 cnt 6.9045 reg 0.0052 | dens 2.916987e-05/2.989433e-05 | count 5.855/6.000 | mae 4.779 | total 46.836/47.999
[train] epoch 8/150 step 100 | loss 15.8223 | det 0.2843 seg 0.6010 cnt 6.7441 reg 0.0051 | dens 4.542853e-05/2.802658e-05 | count 9.118/5.625 | mae 4.258 | total 72.942/45.000
[train] epoch 8/150 step 120 | loss 15.7928 | det 0.2964 seg 0.5913 cnt 6.6108 reg 0.0052 | dens 1.658526e-05/3.736913e-05 | count 3.329/7.500 | mae 5.198 | total 26.630/60.001
[train] epoch 8/150 step 140 | loss 15.9416 | det 0.2971 seg 0.6024 cnt 6.6600 reg 0.0052 | dens 1.684258e-05/1.307899e-05 | count 3.380/2.625 | mae 2.143 | total 27.043/21.000
[train] epoch 8/150 step 160 | loss 15.6282 | det 0.2880 seg 0.6042 cnt 6.4693 reg 0.0052 | dens 9.584027e-05/8.065403e-05 | count 19.236/16.188 | mae 6.506 | total 153.884/129.501
[train] epoch 8/150 | train 15.7044
[train] epoch 9/150 step 20 | loss 15.6843 | det 0.2732 seg 0.5233 cnt 7.3946 reg 0.0056 | dens 3.489286e-05/5.231515e-05 | count 7.003/10.500 | mae 4.967 | total 56.025/83.999
[train] epoch 9/150 step 40 | loss 14.4038 | det 0.2753 seg 0.5395 cnt 5.9535 reg 0.0054 | dens 7.800146e-05/9.248679e-05 | count 15.655/18.562 | mae 4.683 | total 125.242/148.500
[train] epoch 9/150 step 60 | loss 14.5167 | det 0.2781 seg 0.5285 cnt 6.1119 reg 0.0054 | dens 3.864646e-05/3.736901e-05 | count 7.756/7.500 | mae 4.169 | total 62.052/60.001
[train] epoch 9/150 step 80 | loss 14.7392 | det 0.2711 seg 0.5348 cnt 6.3879 reg 0.0054 | dens 5.489445e-05/6.819719e-05 | count 11.018/13.687 | mae 7.238 | total 88.140/109.500
WARNING:__main__:
*****************************************
Setting OMP_NUM_THREADS environment variable for each process to be 1 in default, to avoid your system being overloaded, please further tune the variable for optimal performance in your application as needed. 
*****************************************
[train] trainable params: 40361415
[train] adapter params: 6586368
[train] task head params: 33775047
[train] validation starts at epoch 101/150
[rank0]:[W323 08:24:31.341055012 reducer.cpp:327] Warning: Grad strides do not match bucket view strides. This may indicate grad was not created according to the gradient layout contract, or that the param's strides changed since DDP was constructed.  This is not an error, but may impair performance.
grad.sizes() = [256, 1024, 1, 1], strides() = [1024, 1, 1024, 1024]
bucket_view.sizes() = [256, 1024, 1, 1], strides() = [1024, 1, 1, 1] (function operator())
[rank1]:[W323 08:24:31.343002738 reducer.cpp:327] Warning: Grad strides do not match bucket view strides. This may indicate grad was not created according to the gradient layout contract, or that the param's strides changed since DDP was constructed.  This is not an error, but may impair performance.
grad.sizes() = [256, 1024, 1, 1], strides() = [1024, 1, 1024, 1024]
bucket_view.sizes() = [256, 1024, 1, 1], strides() = [1024, 1, 1, 1] (function operator())
[train] epoch 1/150 step 20 | loss 953243.0375 | det 3.8368 seg 2.3565 cnt 953166.6375 reg 0.0000 | dens 6.834632e-01/7.317962e-05 | count 137173.812/14.687 | mae 137159.125 | total 1097390.500/117.500
[train] epoch 1/150 step 40 | loss 759922.5113 | det 2.7725 seg 1.8549 cnt 759866.0848 reg 0.0000 | dens 3.233183e-01/4.484157e-05 | count 64891.270/9.000 | mae 64882.270 | total 519130.156/71.999
[train] epoch 1/150 step 60 | loss 549396.5708 | det 2.1809 seg 1.5971 cnt 549351.0803 reg 0.0000 | dens 1.305896e-01/2.335465e-05 | count 26209.863/4.687 | mae 26205.176 | total 209678.906/37.499
[train] epoch 1/150 step 80 | loss 419886.4038 | det 1.7822 seg 1.4954 cnt 419847.7077 reg 0.0001 | dens 5.391097e-02/1.680973e-05 | count 10820.148/3.374 | mae 10816.774 | total 86561.188/26.990
[train] epoch 1/150 step 100 | loss 337883.7394 | det 1.5175 seg 1.4074 cnt 337849.7169 reg 0.0001 | dens 2.098082e-02/3.549358e-05 | count 4210.935/7.124 | mae 4203.811 | total 33687.477/56.990
[train] epoch 1/150 step 120 | loss 282159.0734 | det 1.3549 seg 1.3512 cnt 282127.9393 reg 0.0001 | dens 8.387984e-03/1.033868e-04 | count 1683.502/20.750 | mae 1662.752 | total 13468.017/166.001
[train] epoch 1/150 step 140 | loss 242016.0424 | det 1.2209 seg 1.3172 cnt 241987.1914 reg 0.0001 | dens 3.384027e-03/9.030569e-06 | count 679.188/1.812 | mae 677.375 | total 5433.503/14.500
[train] epoch 1/150 step 160 | loss 211822.2197 | det 1.1301 seg 1.2811 cnt 211795.0194 reg 0.0001 | dens 1.082023e-03/5.480746e-05 | count 217.166/11.000 | mae 206.166 | total 1737.330/88.001
[train] epoch 1/150 | train 199373.4197
[train] epoch 2/150 step 20 | loss 111.8014 | det 0.5657 seg 0.9901 cnt 95.3944 reg 0.0003 | dens 2.851152e-04/2.709226e-05 | count 57.224/5.438 | mae 51.786 | total 457.790/43.500
[train] epoch 2/150 step 40 | loss 80.6339 | det 0.5255 seg 1.0246 cnt 64.5542 reg 0.0003 | dens 1.105065e-04/2.460136e-05 | count 22.179/4.938 | mae 17.242 | total 177.433/39.501
[train] epoch 2/150 step 60 | loss 63.0884 | det 0.4898 seg 1.0102 cnt 47.6597 reg 0.0003 | dens 5.153148e-05/8.656970e-05 | count 10.343/17.375 | mae 16.054 | total 82.741/138.999
WARNING:__main__:
*****************************************
Setting OMP_NUM_THREADS environment variable for each process to be 1 in default, to avoid your system being overloaded, please further tune the variable for optimal performance in your application as needed. 
*****************************************
[train] trainable params: 40361415
[train] adapter params: 6586368
[train] task head params: 33775047
[train] validation starts at epoch 101/150
[rank4]:[W323 09:51:43.181763000 reducer.cpp:327] Warning: Grad strides do not match bucket view strides. This may indicate grad was not created according to the gradient layout contract, or that the param's strides changed since DDP was constructed.  This is not an error, but may impair performance.
grad.sizes() = [256, 1024, 1, 1], strides() = [1024, 1, 1024, 1024]
bucket_view.sizes() = [256, 1024, 1, 1], strides() = [1024, 1, 1, 1] (function operator())
[rank5]:[W323 09:51:43.182309026 reducer.cpp:327] Warning: Grad strides do not match bucket view strides. This may indicate grad was not created according to the gradient layout contract, or that the param's strides changed since DDP was constructed.  This is not an error, but may impair performance.
grad.sizes() = [256, 1024, 1, 1], strides() = [1024, 1, 1024, 1024]
bucket_view.sizes() = [256, 1024, 1, 1], strides() = [1024, 1, 1, 1] (function operator())
[rank6]:[W323 09:51:43.182690084 reducer.cpp:327] Warning: Grad strides do not match bucket view strides. This may indicate grad was not created according to the gradient layout contract, or that the param's strides changed since DDP was constructed.  This is not an error, but may impair performance.
grad.sizes() = [256, 1024, 1, 1], strides() = [1024, 1, 1024, 1024]
bucket_view.sizes() = [256, 1024, 1, 1], strides() = [1024, 1, 1, 1] (function operator())
[rank2]:[W323 09:51:43.184462375 reducer.cpp:327] Warning: Grad strides do not match bucket view strides. This may indicate grad was not created according to the gradient layout contract, or that the param's strides changed since DDP was constructed.  This is not an error, but may impair performance.
grad.sizes() = [256, 1024, 1, 1], strides() = [1024, 1, 1024, 1024]
bucket_view.sizes() = [256, 1024, 1, 1], strides() = [1024, 1, 1, 1] (function operator())
[rank3]:[W323 09:51:43.185011474 reducer.cpp:327] Warning: Grad strides do not match bucket view strides. This may indicate grad was not created according to the gradient layout contract, or that the param's strides changed since DDP was constructed.  This is not an error, but may impair performance.
grad.sizes() = [256, 1024, 1, 1], strides() = [1024, 1, 1024, 1024]
bucket_view.sizes() = [256, 1024, 1, 1], strides() = [1024, 1, 1, 1] (function operator())
[rank0]:[W323 09:51:43.185669971 reducer.cpp:327] Warning: Grad strides do not match bucket view strides. This may indicate grad was not created according to the gradient layout contract, or that the param's strides changed since DDP was constructed.  This is not an error, but may impair performance.
grad.sizes() = [256, 1024, 1, 1], strides() = [1024, 1, 1024, 1024]
bucket_view.sizes() = [256, 1024, 1, 1], strides() = [1024, 1, 1, 1] (function operator())
[rank1]:[W323 09:51:43.187222774 reducer.cpp:327] Warning: Grad strides do not match bucket view strides. This may indicate grad was not created according to the gradient layout contract, or that the param's strides changed since DDP was constructed.  This is not an error, but may impair performance.
grad.sizes() = [256, 1024, 1, 1], strides() = [1024, 1, 1024, 1024]
bucket_view.sizes() = [256, 1024, 1, 1], strides() = [1024, 1, 1, 1] (function operator())
[train] epoch 1/150 step 20 | loss 951718.0375 | det 3.8136 seg 2.3624 cnt 951641.9281 reg 0.0000 | dens 6.831327e-01/3.861524e-05 | count 137107.469/7.750 | mae 137099.719 | total 1096859.750/62.002
[train] epoch 1/150 step 40 | loss 753064.2730 | det 2.7150 seg 1.8333 cnt 753008.8797 reg 0.0000 | dens 3.079898e-01/3.767921e-05 | count 61814.789/7.562 | mae 61807.227 | total 494518.312/60.499
[train] epoch 1/150 | train 646411.8410
[train] epoch 2/150 step 20 | loss 63886.6880 | det 0.6515 seg 0.9908 cnt 63868.9889 reg 0.0001 | dens 8.369391e-02/2.802640e-05 | count 16797.701/5.625 | mae 16792.076 | total 134381.609/45.000
[train] epoch 2/150 step 40 | loss 40262.1895 | det 0.5587 seg 1.0036 cnt 40245.7799 reg 0.0001 | dens 4.308073e-02/1.899596e-05 | count 8646.475/3.813 | mae 8642.662 | total 69171.797/30.501
[train] epoch 2/150 | train 34148.7632
[train] epoch 3/150 step 20 | loss 3186.1000 | det 0.5336 seg 0.9104 cnt 3170.8118 reg 0.0002 | dens 8.639582e-03/1.214475e-05 | count 1733.999/2.437 | mae 1731.561 | total 13871.990/19.500
[train] epoch 3/150 step 40 | loss 2219.3305 | det 0.4804 seg 0.8717 cnt 2205.1503 reg 0.0002 | dens 2.899937e-03/3.954842e-05 | count 582.029/7.938 | mae 574.091 | total 4656.231/63.500
[train] epoch 3/150 | train 1906.0131
[train] epoch 4/150 step 20 | loss 258.2990 | det 0.5630 seg 0.7628 cnt 243.7509 reg 0.0004 | dens 6.162942e-04/3.487786e-05 | count 123.693/7.000 | mae 116.693 | total 989.542/56.001
[train] epoch 4/150 step 40 | loss 173.3354 | det 0.4830 seg 0.8462 cnt 159.3201 reg 0.0004 | dens 2.139706e-04/3.456533e-05 | count 42.945/6.937 | mae 36.007 | total 343.558/55.499
[train] epoch 4/150 | train 148.9951
[train] epoch 5/150 step 20 | loss 28.1533 | det 0.3331 seg 0.9527 cnt 15.5349 reg 0.0009 | dens 5.428255e-05/3.954824e-05 | count 10.895/7.937 | mae 8.826 | total 87.158/63.500
[train] epoch 5/150 step 40 | loss 23.7324 | det 0.3131 seg 0.8397 cnt 12.3173 reg 0.0010 | dens 4.742006e-05/1.494734e-05 | count 9.517/3.000 | mae 6.704 | total 76.139/24.000
[train] epoch 5/150 | train 23.0459
[train] epoch 6/150 step 20 | loss 16.9451 | det 0.2475 seg 0.6422 cnt 8.0930 reg 0.0011 | dens 3.173745e-05/3.363096e-05 | count 6.370/6.750 | mae 3.813 | total 50.959/53.999
[train] epoch 6/150 step 40 | loss 18.2840 | det 0.2803 seg 0.6936 cnt 8.5302 reg 0.0012 | dens 3.496258e-05/9.311041e-05 | count 7.017/18.688 | mae 12.732 | total 56.137/149.501
[train] epoch 6/150 | train 17.9037
[train] epoch 7/150 step 20 | loss 18.6339 | det 0.2652 seg 0.7196 cnt 8.8974 reg 0.0013 | dens 3.249893e-05/6.664034e-05 | count 6.523/13.375 | mae 11.305 | total 52.181/107.000
[train] epoch 7/150 step 40 | loss 17.6873 | det 0.2964 seg 0.6369 cnt 8.1448 reg 0.0013 | dens 4.414257e-05/6.446100e-05 | count 8.860/12.938 | mae 8.453 | total 70.877/103.501
[train] epoch 7/150 | train 17.7018
[train] epoch 8/150 step 20 | loss 17.9154 | det 0.3233 seg 0.6458 cnt 7.8978 reg 0.0017 | dens 3.965080e-05/1.186442e-04 | count 7.958/23.812 | mae 17.190 | total 63.665/190.499
[train] epoch 8/150 step 40 | loss 19.6242 | det 0.2828 seg 0.6498 cnt 10.1818 reg 0.0017 | dens 2.752981e-05/1.681593e-05 | count 5.525/3.375 | mae 2.150 | total 44.203/27.000
[train] epoch 8/150 | train 19.2007
[train] epoch 9/150 step 20 | loss 14.6219 | det 0.2758 seg 0.5795 cnt 5.8477 reg 0.0018 | dens 2.596616e-05/9.964988e-06 | count 5.212/2.000 | mae 3.682 | total 41.692/16.000
[train] epoch 9/150 step 40 | loss 14.4118 | det 0.2817 seg 0.5585 cnt 5.7162 reg 0.0019 | dens 2.632754e-05/2.833805e-05 | count 5.284/5.688 | mae 8.040 | total 42.272/45.500
[train] epoch 9/150 | train 14.5690
[train] epoch 10/150 step 20 | loss 15.5867 | det 0.3441 seg 0.5847 cnt 5.7454 reg 0.0022 | dens 2.713429e-05/3.643441e-05 | count 5.446/7.313 | mae 3.081 | total 43.568/58.500
[train] epoch 10/150 step 40 | loss 16.5191 | det 0.3297 seg 0.6910 cnt 6.0428 reg 0.0022 | dens 2.340351e-05/1.712705e-05 | count 4.697/3.437 | mae 1.701 | total 37.577/27.500
[train] epoch 10/150 | train 16.4040
[train] epoch 11/150 step 20 | loss 15.4351 | det 0.3076 seg 0.5302 cnt 6.5771 reg 0.0024 | dens 3.739254e-05/3.238579e-05 | count 7.505/6.500 | mae 3.590 | total 60.039/52.000
[train] epoch 11/150 step 40 | loss 15.4619 | det 0.2938 seg 0.5190 cnt 6.9004 reg 0.0024 | dens 6.812548e-05/6.010052e-05 | count 13.673/12.062 | mae 2.724 | total 109.384/96.499
[train] epoch 11/150 | train 15.8177
[train] epoch 12/150 step 20 | loss 15.9810 | det 0.3220 seg 0.5553 cnt 6.7052 reg 0.0027 | dens 3.661340e-05/4.328485e-05 | count 7.348/8.687 | mae 3.170 | total 58.788/69.500
[train] epoch 12/150 step 40 | loss 15.0590 | det 0.2861 seg 0.5666 cnt 6.2323 reg 0.0026 | dens 4.695319e-05/5.449570e-05 | count 9.424/10.938 | mae 5.035 | total 75.390/87.500
[train] epoch 12/150 | train 15.6788
[train] epoch 13/150 step 20 | loss 13.7339 | det 0.2580 seg 0.5552 cnt 5.4191 reg 0.0029 | dens 4.791927e-05/4.889174e-05 | count 9.618/9.813 | mae 3.332 | total 76.941/78.502
[train] epoch 13/150 step 40 | loss 14.3151 | det 0.2758 seg 0.5326 cnt 5.9146 reg 0.0029 | dens 1.788514e-05/2.304339e-05 | count 3.590/4.625 | mae 3.218 | total 28.717/36.999
[train] epoch 13/150 | train 14.4282
[train] epoch 14/150 step 20 | loss 17.2964 | det 0.3801 seg 0.6425 cnt 6.4518 reg 0.0030 | dens 2.294158e-05/2.553557e-05 | count 4.604/5.125 | mae 2.314 | total 36.836/41.001
[train] epoch 14/150 step 40 | loss 39.2183 | det 0.3340 seg 0.5695 cnt 29.6500 reg 0.0030 | dens 3.765014e-05/3.705712e-05 | count 7.557/7.438 | mae 2.126 | total 60.452/59.500
[train] epoch 14/150 | train 34.4183
[train] epoch 15/150 step 20 | loss 15.9126 | det 0.2528 seg 0.5089 cnt 8.0467 reg 0.0031 | dens 2.687751e-05/3.643401e-05 | count 5.394/7.312 | mae 2.821 | total 43.155/58.500
[train] epoch 15/150 step 40 | loss 19.5070 | det 0.2689 seg 0.5031 cnt 11.4461 reg 0.0031 | dens 3.020487e-05/2.335512e-05 | count 6.062/4.687 | mae 4.358 | total 48.498/37.500
[train] epoch 15/150 | train 18.7956
[train] epoch 16/150 step 20 | loss 15.1865 | det 0.2009 seg 0.4736 cnt 8.3803 reg 0.0033 | dens 3.531418e-05/3.767927e-05 | count 7.088/7.562 | mae 5.183 | total 56.702/60.499
[train] epoch 16/150 step 40 | loss 13.9029 | det 0.2131 seg 0.4603 cnt 7.0215 reg 0.0033 | dens 3.157336e-05/2.958288e-05 | count 6.337/5.937 | mae 2.899 | total 50.695/47.499
[train] epoch 16/150 | train 14.1875
[train] epoch 17/150 step 20 | loss 11.6306 | det 0.1854 seg 0.4763 cnt 5.0353 reg 0.0037 | dens 3.715367e-05/2.864928e-05 | count 7.457/5.750 | mae 2.028 | total 59.655/46.000
[train] epoch 17/150 step 40 | loss 12.3282 | det 0.2355 seg 0.5230 cnt 4.6080 reg 0.0035 | dens 2.244331e-05/1.152175e-05 | count 4.504/2.312 | mae 2.670 | total 36.036/18.500
[train] epoch 17/150 | train 12.3339
[train] epoch 18/150 step 20 | loss 12.2153 | det 0.2575 seg 0.4840 cnt 4.4770 reg 0.0037 | dens 2.601837e-05/2.927176e-05 | count 5.222/5.875 | mae 3.184 | total 41.776/47.000
[train] epoch 18/150 step 40 | loss 11.6426 | det 0.2319 seg 0.4739 cnt 4.3686 reg 0.0036 | dens 2.134652e-05/2.709152e-05 | count 4.284/5.437 | mae 3.356 | total 34.275/43.499
[train] epoch 18/150 | train 11.8814
[train] epoch 19/150 step 20 | loss 12.6752 | det 0.2807 seg 0.4533 cnt 4.8339 reg 0.0038 | dens 2.197527e-05/2.833774e-05 | count 4.411/5.687 | mae 4.244 | total 35.284/45.500
[train] epoch 19/150 step 40 | loss 12.6872 | det 0.2720 seg 0.4725 cnt 4.8235 reg 0.0037 | dens 1.094495e-04/1.307898e-04 | count 21.967/26.250 | mae 10.114 | total 175.736/210.000
[train] epoch 19/150 | train 12.7367
[train] epoch 20/150 step 20 | loss 11.7154 | det 0.2280 seg 0.4436 cnt 4.7427 reg 0.0039 | dens 3.421289e-05/3.145146e-05 | count 6.867/6.312 | mae 1.931 | total 54.933/50.499
[train] epoch 20/150 step 40 | loss 12.3494 | det 0.2428 seg 0.4370 cnt 5.2069 reg 0.0038 | dens 2.599840e-05/3.799163e-05 | count 5.218/7.625 | mae 3.064 | total 41.744/61.001
[train] epoch 20/150 | train 12.5013
[train] epoch 21/150 step 20 | loss 12.4903 | det 0.2128 seg 0.5475 cnt 4.9146 reg 0.0040 | dens 7.998063e-05/6.726361e-05 | count 16.052/13.500 | mae 5.138 | total 128.419/108.001
[train] epoch 21/150 step 40 | loss 12.2214 | det 0.2232 seg 0.4952 cnt 4.9080 reg 0.0039 | dens 2.132509e-05/1.525880e-05 | count 4.280/3.063 | mae 2.268 | total 34.240/24.500
[train] epoch 21/150 | train 12.1334
[train] epoch 22/150 step 20 | loss 12.2584 | det 0.2153 seg 0.4828 cnt 5.1624 reg 0.0040 | dens 6.590879e-05/8.719209e-05 | count 13.228/17.500 | mae 6.855 | total 105.825/139.998
[train] epoch 22/150 step 40 | loss 12.2985 | det 0.2083 seg 0.4930 cnt 5.2256 reg 0.0040 | dens 2.761458e-05/4.359605e-05 | count 5.542/8.750 | mae 4.032 | total 44.339/69.999
[train] epoch 22/150 | train 12.8509
[train] epoch 23/150 step 20 | loss 11.5858 | det 0.2467 seg 0.3808 cnt 4.8353 reg 0.0042 | dens 3.367628e-05/6.570591e-05 | count 6.759/13.187 | mae 6.802 | total 54.072/105.500
[train] epoch 23/150 step 40 | loss 11.2016 | det 0.2326 seg 0.3934 cnt 4.5609 reg 0.0041 | dens 7.458137e-05/8.314614e-05 | count 14.969/16.688 | mae 3.181 | total 119.750/133.502
[train] epoch 23/150 | train 11.7283
[train] epoch 24/150 step 20 | loss 11.8908 | det 0.2468 seg 0.4484 cnt 4.5972 reg 0.0042 | dens 3.431936e-05/2.522417e-05 | count 6.888/5.063 | mae 2.204 | total 55.104/40.501
[train] epoch 24/150 step 40 | loss 11.9442 | det 0.2318 seg 0.4667 cnt 4.7299 reg 0.0041 | dens 3.068649e-05/2.335498e-05 | count 6.159/4.687 | mae 3.528 | total 49.271/37.500
[train] epoch 24/150 | train 12.9093
[train] epoch 25/150 step 20 | loss 9.6478 | det 0.1831 seg 0.4331 cnt 3.4314 reg 0.0045 | dens 3.031151e-05/2.024175e-05 | count 6.084/4.063 | mae 2.441 | total 48.669/32.501
[train] epoch 25/150 step 40 | loss 9.7554 | det 0.1817 seg 0.4136 cnt 3.7177 reg 0.0043 | dens 1.872142e-05/4.297400e-05 | count 3.757/8.625 | mae 5.458 | total 30.060/69.000
[train] epoch 25/150 | train 10.1289
[train] epoch 26/150 step 20 | loss 10.7266 | det 0.2301 seg 0.4136 cnt 3.9615 reg 0.0044 | dens 2.358232e-05/2.397829e-05 | count 4.733/4.813 | mae 2.463 | total 37.865/38.500
[train] epoch 26/150 step 40 | loss 10.6933 | det 0.2131 seg 0.3944 cnt 4.3378 reg 0.0043 | dens 7.336725e-05/9.217673e-05 | count 14.725/18.500 | mae 5.497 | total 117.801/148.002
[train] epoch 26/150 | train 10.7280
[train] epoch 27/150 step 20 | loss 11.2651 | det 0.2234 seg 0.3794 cnt 4.8732 reg 0.0046 | dens 3.952736e-05/5.885627e-05 | count 7.933/11.813 | mae 4.380 | total 63.466/94.501
[train] epoch 27/150 step 40 | loss 10.9929 | det 0.2158 seg 0.3673 cnt 4.8139 reg 0.0044 | dens 2.248683e-05/4.172787e-05 | count 4.513/8.375 | mae 4.874 | total 36.106/67.000
[train] epoch 27/150 | train 11.0066
[train] epoch 28/150 step 20 | loss 10.4997 | det 0.1889 seg 0.4063 cnt 4.4106 reg 0.0046 | dens 3.754784e-05/4.079502e-05 | count 7.536/8.188 | mae 3.194 | total 60.288/65.502
[train] epoch 28/150 step 40 | loss 10.4082 | det 0.2092 seg 0.3755 cnt 4.2622 reg 0.0044 | dens 1.624795e-05/1.743840e-05 | count 3.261/3.500 | mae 1.509 | total 26.088/28.000
[train] epoch 28/150 | train 10.7345
[train] epoch 29/150 step 20 | loss 12.6854 | det 0.1991 seg 0.4482 cnt 6.1096 reg 0.0048 | dens 3.067497e-05/3.332042e-05 | count 6.157/6.688 | mae 3.333 | total 49.253/53.500
[train] epoch 29/150 step 40 | loss 14.3692 | det 0.2226 seg 0.3917 cnt 7.8925 reg 0.0045 | dens 6.322105e-04/3.039461e-04 | count 126.887/61.003 | mae 70.991 | total 1015.097/488.026
[train] epoch 29/150 | train 13.8826
[train] epoch 30/150 step 20 | loss 10.7827 | det 0.2163 seg 0.3504 cnt 4.7301 reg 0.0047 | dens 6.319936e-05/4.172848e-05 | count 12.684/8.375 | mae 4.806 | total 101.475/67.001
[train] epoch 30/150 step 40 | loss 9.9448 | det 0.1907 seg 0.3560 cnt 4.2322 reg 0.0045 | dens 4.026367e-05/4.235170e-05 | count 8.081/8.500 | mae 3.459 | total 64.649/68.001
[train] epoch 30/150 | train 10.0568
[train] epoch 31/150 step 20 | loss 10.2245 | det 0.2223 seg 0.3439 cnt 4.1340 reg 0.0048 | dens 1.078089e-04/1.117941e-04 | count 21.638/22.438 | mae 4.927 | total 173.102/179.500
[train] epoch 31/150 step 40 | loss 10.4009 | det 0.2123 seg 0.3574 cnt 4.3533 reg 0.0045 | dens 2.174870e-05/1.837282e-05 | count 4.365/3.687 | mae 1.823 | total 34.920/29.500
[train] epoch 31/150 | train 10.4638
[train] epoch 32/150 step 20 | loss 10.4448 | det 0.2071 seg 0.3492 cnt 4.5390 reg 0.0047 | dens 4.431072e-05/3.891981e-05 | count 8.893/7.811 | mae 1.468 | total 71.147/62.491
[train] epoch 32/150 step 40 | loss 9.6863 | det 0.1852 seg 0.3476 cnt 4.1233 reg 0.0045 | dens 2.400931e-05/3.238536e-05 | count 4.819/6.500 | mae 2.646 | total 38.550/51.999
[train] epoch 32/150 | train 9.9324
[train] epoch 33/150 step 20 | loss 9.8027 | det 0.2237 seg 0.3150 cnt 3.9229 reg 0.0048 | dens 9.939360e-05/1.005842e-04 | count 19.949/20.188 | mae 3.843 | total 159.590/161.501
[train] epoch 33/150 step 40 | loss 9.8496 | det 0.1970 seg 0.3304 cnt 4.2467 reg 0.0045 | dens 4.619950e-05/6.695196e-05 | count 9.272/13.438 | mae 4.712 | total 74.179/107.500
[train] epoch 33/150 | train 9.9486
[train] epoch 34/150 step 20 | loss 10.7014 | det 0.1873 seg 0.3122 cnt 5.3900 reg 0.0049 | dens 8.248529e-05/5.760923e-05 | count 16.555/11.562 | mae 5.536 | total 132.441/92.499
[train] epoch 34/150 step 40 | loss 10.6691 | det 0.2073 seg 0.3115 cnt 5.0640 reg 0.0045 | dens 4.111480e-05/5.387208e-05 | count 8.252/10.812 | mae 3.160 | total 66.015/86.499
[train] epoch 34/150 | train 10.6175
[train] epoch 35/150 step 20 | loss 10.1789 | det 0.1952 seg 0.3561 cnt 4.3964 reg 0.0049 | dens 5.106195e-05/4.608663e-05 | count 10.248/9.250 | mae 4.496 | total 81.987/73.998
[train] epoch 35/150 step 40 | loss 10.8586 | det 0.2367 seg 0.3441 cnt 4.5516 reg 0.0046 | dens 6.452844e-05/7.318014e-05 | count 12.951/14.688 | mae 2.567 | total 103.609/117.500
[train] epoch 35/150 | train 10.6760
[train] epoch 36/150 step 20 | loss 10.7342 | det 0.2198 seg 0.3908 cnt 4.3060 reg 0.0050 | dens 4.628537e-05/6.632844e-05 | count 9.290/13.312 | mae 4.687 | total 74.317/106.499
[train] epoch 36/150 step 40 | loss 10.1441 | det 0.1952 seg 0.3667 cnt 4.2777 reg 0.0046 | dens 1.897625e-05/2.024117e-05 | count 3.809/4.062 | mae 1.193 | total 30.469/32.500
[train] epoch 36/150 | train 10.1582
[train] epoch 37/150 step 20 | loss 9.6104 | det 0.2081 seg 0.3653 cnt 3.5606 reg 0.0051 | dens 2.032383e-05/1.993064e-05 | count 4.079/4.000 | mae 1.645 | total 32.633/32.001
[train] epoch 37/150 step 40 | loss 9.3914 | det 0.1824 seg 0.3460 cnt 3.8826 reg 0.0047 | dens 4.894371e-05/5.636390e-05 | count 9.823/11.312 | mae 4.194 | total 78.586/90.500
[train] epoch 37/150 | train 9.2346
[train] epoch 38/150 step 20 | loss 8.7430 | det 0.1654 seg 0.3047 cnt 3.8190 reg 0.0051 | dens 1.875097e-05/1.681656e-05 | count 3.763/3.375 | mae 1.588 | total 30.107/27.001
[train] epoch 38/150 step 40 | loss 10.2366 | det 0.2104 seg 0.3261 cnt 4.4678 reg 0.0047 | dens 2.667856e-05/2.802043e-05 | count 5.354/5.624 | mae 1.399 | total 42.836/44.991
[train] epoch 38/150 | train 10.1474
[train] epoch 39/150 step 20 | loss 10.5888 | det 0.2648 seg 0.3229 cnt 4.0294 reg 0.0050 | dens 4.817458e-05/4.982515e-05 | count 9.669/10.000 | mae 1.384 | total 77.351/80.001
[train] epoch 39/150 step 40 | loss 10.6764 | det 0.2166 seg 0.3376 cnt 4.7219 reg 0.0047 | dens 4.712248e-05/4.733408e-05 | count 9.458/9.500 | mae 3.306 | total 75.661/76.001
[train] epoch 39/150 | train 10.8324
[train] epoch 40/150 step 20 | loss 9.5818 | det 0.1453 seg 0.3637 cnt 4.4875 reg 0.0053 | dens 5.109855e-05/4.639932e-05 | count 10.256/9.313 | mae 4.487 | total 82.045/74.500
[train] epoch 40/150 step 40 | loss 10.6819 | det 0.1724 seg 0.3386 cnt 5.3821 reg 0.0048 | dens 4.066367e-05/3.861413e-05 | count 8.161/7.750 | mae 2.430 | total 65.291/62.000
[train] epoch 40/150 | train 10.6536
[train] epoch 41/150 step 20 | loss 11.0107 | det 0.2363 seg 0.3620 cnt 4.5646 reg 0.0053 | dens 2.946909e-05/3.082872e-05 | count 5.915/6.187 | mae 1.849 | total 47.317/49.500
[train] epoch 41/150 step 40 | loss 10.3035 | det 0.2074 seg 0.3501 cnt 4.3860 reg 0.0048 | dens 4.374506e-05/5.231618e-05 | count 8.780/10.500 | mae 2.554 | total 70.238/84.001
[train] epoch 41/150 | train 9.9387
[train] epoch 42/150 step 20 | loss 8.8504 | det 0.1374 seg 0.3128 cnt 4.2812 reg 0.0053 | dens 4.297593e-05/5.511833e-05 | count 8.625/11.062 | mae 3.180 | total 69.004/88.500
[train] epoch 42/150 step 40 | loss 9.4219 | det 0.1545 seg 0.3352 cnt 4.4170 reg 0.0048 | dens 1.398726e-04/1.504088e-04 | count 28.073/30.188 | mae 4.951 | total 224.584/241.501
[train] epoch 42/150 | train 9.5995
[train] epoch 43/150 step 20 | loss 9.4397 | det 0.1909 seg 0.2866 cnt 4.2782 reg 0.0054 | dens 1.688511e-05/1.743878e-05 | count 3.389/3.500 | mae 1.651 | total 27.111/28.000
[train] epoch 43/150 step 40 | loss 9.1100 | det 0.1714 seg 0.2840 cnt 4.2630 reg 0.0049 | dens 2.894958e-05/2.055248e-05 | count 5.810/4.125 | mae 1.937 | total 46.482/33.000
[train] epoch 43/150 | train 9.1533
[train] epoch 44/150 step 20 | loss 8.0940 | det 0.1174 seg 0.2837 cnt 4.0586 reg 0.0053 | dens 5.420988e-05/6.228044e-05 | count 10.880/12.500 | mae 3.256 | total 87.041/99.999
[train] epoch 44/150 step 40 | loss 8.6163 | det 0.1423 seg 0.3064 cnt 4.0257 reg 0.0048 | dens 4.310350e-05/4.328594e-05 | count 8.651/8.688 | mae 3.903 | total 69.208/69.501
[train] epoch 44/150 | train 9.6357
[train] epoch 45/150 step 20 | loss 7.8455 | det 0.1251 seg 0.2902 cnt 3.6429 reg 0.0053 | dens 1.962239e-05/2.148655e-05 | count 3.938/4.312 | mae 1.430 | total 31.506/34.500
[train] epoch 45/150 step 40 | loss 8.5444 | det 0.1691 seg 0.2818 cnt 3.7487 reg 0.0048 | dens 4.282008e-05/4.297369e-05 | count 8.594/8.625 | mae 1.796 | total 68.753/69.000
[train] epoch 45/150 | train 8.8432
[train] epoch 46/150 step 20 | loss 8.8872 | det 0.1312 seg 0.2971 cnt 4.5369 reg 0.0055 | dens 3.120042e-05/3.114089e-05 | count 6.262/6.250 | mae 2.024 | total 50.096/50.001
[train] epoch 46/150 step 40 | loss 8.9011 | det 0.1717 seg 0.2867 cnt 4.0276 reg 0.0049 | dens 2.885060e-05/2.988918e-05 | count 5.790/5.999 | mae 1.697 | total 46.323/47.991
[train] epoch 46/150 | train 8.9174
[train] epoch 47/150 step 20 | loss 9.3515 | det 0.1493 seg 0.2697 cnt 4.9486 reg 0.0055 | dens 1.874995e-05/2.086343e-05 | count 3.763/4.187 | mae 1.314 | total 30.106/33.499
[train] epoch 47/150 step 40 | loss 8.6106 | det 0.1437 seg 0.2812 cnt 4.2006 reg 0.0049 | dens 3.485234e-05/2.615792e-05 | count 6.995/5.250 | mae 1.909 | total 55.960/42.000
[train] epoch 47/150 | train 9.2910
[train] epoch 48/150 step 20 | loss 8.3835 | det 0.1904 seg 0.3082 cnt 3.0566 reg 0.0054 | dens 1.956645e-05/1.899559e-05 | count 3.927/3.812 | mae 1.489 | total 31.417/30.500
[train] epoch 48/150 step 40 | loss 8.4715 | det 0.1579 seg 0.3381 cnt 3.3941 reg 0.0049 | dens 1.142419e-04/1.189565e-04 | count 22.929/23.875 | mae 5.208 | total 183.430/191.000
[train] epoch 48/150 | train 8.5214
[train] epoch 49/150 step 20 | loss 9.2542 | det 0.1013 seg 0.2903 cnt 5.4074 reg 0.0055 | dens 1.905526e-05/2.179971e-05 | count 3.824/4.375 | mae 3.587 | total 30.596/35.002
[train] epoch 49/150 step 40 | loss 9.4251 | det 0.1161 seg 0.2896 cnt 5.3619 reg 0.0049 | dens 2.034596e-04/2.889986e-04 | count 40.835/58.003 | mae 19.586 | total 326.681/464.025
[train] epoch 49/150 | train 9.5902
[train] epoch 50/150 step 20 | loss 8.2613 | det 0.1661 seg 0.2802 cnt 3.5223 reg 0.0055 | dens 6.901936e-05/6.165908e-05 | count 13.852/12.375 | mae 3.205 | total 110.820/99.002
[train] epoch 50/150 step 40 | loss 8.4540 | det 0.1949 seg 0.2588 cnt 3.4549 reg 0.0050 | dens 6.640630e-05/8.221064e-05 | count 13.328/16.500 | mae 5.841 | total 106.624/132.000
[train] epoch 50/150 | train 8.3966
[train] epoch 51/150 step 20 | loss 7.0676 | det 0.1520 seg 0.2387 cnt 2.8733 reg 0.0054 | dens 4.075228e-05/3.830275e-05 | count 8.179/7.688 | mae 1.364 | total 65.433/61.500
[train] epoch 51/150 step 40 | loss 7.6536 | det 0.1270 seg 0.2603 cnt 3.6617 reg 0.0049 | dens 1.073205e-04/1.195796e-04 | count 21.540/24.000 | mae 5.776 | total 172.317/192.001
[train] epoch 51/150 | train 8.0621
[train] epoch 52/150 step 20 | loss 8.7426 | det 0.1666 seg 0.2514 cnt 4.2262 reg 0.0055 | dens 2.501929e-05/1.993012e-05 | count 5.021/4.000 | mae 1.479 | total 40.172/32.000
[train] epoch 52/150 step 40 | loss 8.6828 | det 0.1652 seg 0.2649 cnt 4.0809 reg 0.0049 | dens 5.739899e-05/6.944318e-05 | count 11.520/13.938 | mae 4.639 | total 92.162/111.500
[train] epoch 52/150 | train 8.5366
[train] epoch 53/150 step 20 | loss 9.2269 | det 0.1895 seg 0.3069 cnt 3.9228 reg 0.0056 | dens 2.481914e-05/3.518923e-05 | count 4.981/7.063 | mae 2.437 | total 39.850/56.501
[train] epoch 53/150 step 40 | loss 9.0689 | det 0.1929 seg 0.2983 cnt 3.7843 reg 0.0050 | dens 4.476136e-05/5.979016e-05 | count 8.984/12.000 | mae 3.315 | total 71.870/96.001
[train] epoch 53/150 | train 8.6652
[train] epoch 54/150 step 20 | loss 7.8797 | det 0.1779 seg 0.2007 cnt 3.5993 reg 0.0057 | dens 2.678789e-05/2.833748e-05 | count 5.376/5.687 | mae 1.804 | total 43.012/45.500
[train] epoch 54/150 step 40 | loss 7.4611 | det 0.1466 seg 0.2405 cnt 3.3337 reg 0.0050 | dens 2.286797e-05/2.958321e-05 | count 4.590/5.937 | mae 1.989 | total 36.718/47.500
[train] epoch 54/150 | train 7.4934
[train] epoch 55/150 step 20 | loss 7.4294 | det 0.1470 seg 0.2582 cnt 3.1536 reg 0.0057 | dens 5.162976e-05/3.518823e-05 | count 10.362/7.062 | mae 3.693 | total 82.898/56.499
[train] epoch 55/150 step 40 | loss 8.3824 | det 0.1490 seg 0.2593 cnt 4.0680 reg 0.0050 | dens 2.168447e-05/1.712721e-05 | count 4.352/3.437 | mae 1.797 | total 34.817/27.500
[train] epoch 55/150 | train 8.0620
[train] epoch 56/150 step 20 | loss 8.7373 | det 0.1344 seg 0.2477 cnt 4.7346 reg 0.0057 | dens 3.234419e-05/2.646908e-05 | count 6.492/5.312 | mae 1.314 | total 51.933/42.500
[train] epoch 56/150 step 40 | loss 8.1945 | det 0.1333 seg 0.2476 cnt 4.2095 reg 0.0050 | dens 7.698645e-05/7.629394e-05 | count 15.451/15.312 | mae 3.195 | total 123.612/122.500
[train] epoch 56/150 | train 8.0845
[train] epoch 57/150 step 20 | loss 6.5091 | det 0.0910 seg 0.2816 cnt 2.8848 reg 0.0057 | dens 2.559828e-05/2.460043e-05 | count 5.138/4.937 | mae 1.222 | total 41.101/39.499
[train] epoch 57/150 step 40 | loss 7.4405 | det 0.1486 seg 0.2554 cnt 3.1623 reg 0.0050 | dens 1.737357e-05/2.242096e-05 | count 3.487/4.500 | mae 1.858 | total 27.896/36.000
[train] epoch 57/150 | train 7.2343
[train] epoch 58/150 step 20 | loss 7.4571 | det 0.1396 seg 0.2449 cnt 3.3974 reg 0.0057 | dens 3.671503e-05/4.203899e-05 | count 7.369/8.437 | mae 1.892 | total 58.951/67.499
[train] epoch 58/150 step 40 | loss 7.5188 | det 0.1580 seg 0.2437 cnt 3.1942 reg 0.0050 | dens 2.234765e-05/2.148685e-05 | count 4.485/4.312 | mae 2.227 | total 35.882/34.500
[train] epoch 58/150 | train 7.7361
[train] epoch 59/150 step 20 | loss 5.8211 | det 0.0986 seg 0.2139 cnt 2.6243 reg 0.0056 | dens 1.773172e-05/2.055293e-05 | count 3.559/4.125 | mae 0.997 | total 28.471/33.000
[train] epoch 59/150 step 40 | loss 6.8492 | det 0.1345 seg 0.2354 cnt 2.9432 reg 0.0050 | dens 2.001909e-05/2.397763e-05 | count 4.018/4.812 | mae 2.981 | total 32.143/38.499
[train] epoch 59/150 | train 6.6201
[train] epoch 60/150 step 20 | loss 7.1523 | det 0.1199 seg 0.2538 cnt 3.3183 reg 0.0057 | dens 2.789886e-05/2.740386e-05 | count 5.599/5.500 | mae 1.849 | total 44.795/44.001
[train] epoch 60/150 step 40 | loss 7.1407 | det 0.1311 seg 0.2567 cnt 3.1157 reg 0.0050 | dens 7.428689e-05/6.664032e-05 | count 14.910/13.375 | mae 3.018 | total 119.277/107.000
[train] epoch 60/150 | train 7.1803
[train] epoch 61/150 step 20 | loss 7.8440 | det 0.1531 seg 0.2694 cnt 3.3872 reg 0.0057 | dens 7.988216e-05/8.874536e-05 | count 16.033/17.812 | mae 2.772 | total 128.261/142.492
[train] epoch 61/150 step 40 | loss 7.2956 | det 0.1341 seg 0.2649 cnt 3.1596 reg 0.0051 | dens 1.122090e-04/1.080584e-04 | count 22.521/21.688 | mae 2.273 | total 180.166/173.502
[train] epoch 61/150 | train 7.4210
[train] epoch 62/150 step 20 | loss 6.0788 | det 0.1082 seg 0.2095 cnt 2.7740 reg 0.0057 | dens 2.207588e-05/2.460066e-05 | count 4.431/4.937 | mae 1.365 | total 35.446/39.500
[train] epoch 62/150 step 40 | loss 6.5567 | det 0.1137 seg 0.2407 cnt 2.9202 reg 0.0050 | dens 2.082527e-05/2.117545e-05 | count 4.180/4.250 | mae 0.856 | total 33.438/34.000
[train] epoch 62/150 | train 6.5212
[train] epoch 63/150 step 20 | loss 6.7452 | det 0.0968 seg 0.2576 cnt 3.2273 reg 0.0058 | dens 6.180545e-05/5.947783e-05 | count 12.405/11.937 | mae 2.435 | total 99.237/95.500
[train] epoch 63/150 step 40 | loss 6.7051 | det 0.1132 seg 0.2369 cnt 3.1067 reg 0.0050 | dens 6.575250e-05/6.819671e-05 | count 13.197/13.687 | mae 2.709 | total 105.574/109.499
[train] epoch 63/150 | train 6.8671
[train] epoch 64/150 step 20 | loss 7.8159 | det 0.1856 seg 0.2336 cnt 3.1571 reg 0.0059 | dens 2.637178e-05/2.771532e-05 | count 5.293/5.563 | mae 1.419 | total 42.343/44.501
[train] epoch 64/150 step 40 | loss 7.4585 | det 0.1420 seg 0.2422 cnt 3.3867 reg 0.0051 | dens 1.002224e-05/4.670917e-06 | count 2.012/0.937 | mae 1.118 | total 16.092/7.500
[train] epoch 64/150 | train 7.3794
[train] epoch 65/150 step 20 | loss 7.2154 | det 0.1496 seg 0.2167 cnt 3.2325 reg 0.0059 | dens 2.680731e-05/3.207559e-05 | count 5.380/6.438 | mae 1.477 | total 43.043/51.502
[train] epoch 65/150 step 40 | loss 7.0105 | det 0.1307 seg 0.2319 cnt 3.1893 reg 0.0052 | dens 3.750166e-05/3.892521e-05 | count 7.527/7.812 | mae 2.767 | total 60.214/62.500
[train] epoch 65/150 | train 7.0392
[train] epoch 66/150 step 20 | loss 7.1300 | det 0.1581 seg 0.2363 cnt 2.8629 reg 0.0059 | dens 9.570599e-06/8.096196e-06 | count 1.921/1.625 | mae 0.832 | total 15.367/13.000
[train] epoch 66/150 step 40 | loss 7.2966 | det 0.1497 seg 0.2325 cnt 3.1869 reg 0.0052 | dens 9.767179e-06/8.096761e-06 | count 1.960/1.625 | mae 1.219 | total 15.682/13.000
[train] epoch 66/150 | train 7.2405
[train] epoch 67/150 step 20 | loss 6.8589 | det 0.1264 seg 0.1912 cnt 3.4277 reg 0.0059 | dens 2.701490e-05/2.958397e-05 | count 5.422/5.938 | mae 1.394 | total 43.376/47.501
[train] epoch 67/150 step 40 | loss 6.8261 | det 0.1246 seg 0.2114 cnt 3.2618 reg 0.0051 | dens 1.519342e-05/1.525923e-05 | count 3.049/3.063 | mae 1.060 | total 24.395/24.501
[train] epoch 67/150 | train 6.9426
[train] epoch 68/150 step 20 | loss 7.4192 | det 0.1323 seg 0.2408 cnt 3.5025 reg 0.0059 | dens 8.524772e-05/8.594697e-05 | count 17.110/17.250 | mae 2.771 | total 136.876/137.999
[train] epoch 68/150 step 40 | loss 7.4639 | det 0.1481 seg 0.2336 cnt 3.3682 reg 0.0052 | dens 3.477712e-05/3.954786e-05 | count 6.980/7.937 | mae 2.960 | total 55.839/63.499
[train] epoch 68/150 | train 7.3656
[train] epoch 69/150 step 20 | loss 7.2510 | det 0.1443 seg 0.2193 cnt 3.3260 reg 0.0060 | dens 2.712607e-05/3.300532e-05 | count 5.444/6.624 | mae 1.841 | total 43.554/52.994
[train] epoch 69/150 step 40 | loss 6.6381 | det 0.1262 seg 0.2089 cnt 3.0692 reg 0.0052 | dens 4.659982e-05/5.044839e-05 | count 9.353/10.125 | mae 1.576 | total 74.822/81.002
[train] epoch 69/150 | train 6.9267
[train] epoch 70/150 step 20 | loss 6.8095 | det 0.1662 seg 0.2207 cnt 2.5452 reg 0.0060 | dens 6.079947e-05/7.816292e-05 | count 12.203/15.688 | mae 3.776 | total 97.622/125.501
[train] epoch 70/150 step 40 | loss 6.8355 | det 0.1582 seg 0.2294 cnt 2.6218 reg 0.0052 | dens 1.818193e-05/1.712727e-05 | count 3.649/3.438 | mae 1.236 | total 29.193/27.500
[train] epoch 70/150 | train 6.7609
[train] epoch 71/150 step 20 | loss 7.1668 | det 0.1330 seg 0.2266 cnt 3.3527 reg 0.0060 | dens 2.671068e-05/3.456588e-05 | count 5.361/6.938 | mae 1.728 | total 42.888/55.500
[train] epoch 71/150 step 40 | loss 6.8264 | det 0.1099 seg 0.2183 cnt 3.4262 reg 0.0052 | dens 6.296817e-05/6.259214e-05 | count 12.638/12.562 | mae 1.685 | total 101.104/100.500
[train] epoch 71/150 | train 6.7721
[train] epoch 72/150 step 20 | loss 7.6825 | det 0.1495 seg 0.2669 cnt 3.2985 reg 0.0061 | dens 6.239747e-05/8.812833e-05 | count 12.523/17.688 | mae 5.414 | total 100.187/141.502
[train] epoch 72/150 step 40 | loss 7.0588 | det 0.1416 seg 0.2409 cnt 3.0030 reg 0.0052 | dens 2.701434e-05/2.864974e-05 | count 5.422/5.750 | mae 1.109 | total 43.375/46.001
[train] epoch 72/150 | train 6.9483
[train] epoch 73/150 step 20 | loss 6.4025 | det 0.1364 seg 0.2048 cnt 2.7118 reg 0.0060 | dens 3.522077e-05/3.020647e-05 | count 7.069/6.063 | mae 1.312 | total 56.552/48.500
[train] epoch 73/150 step 40 | loss 6.5998 | det 0.1282 seg 0.2278 cnt 2.8486 reg 0.0052 | dens 1.877753e-05/1.775010e-05 | count 3.769/3.563 | mae 0.669 | total 30.150/28.500
[train] epoch 73/150 | train 6.7093
[train] epoch 74/150 step 20 | loss 6.1334 | det 0.0988 seg 0.2157 cnt 2.9197 reg 0.0060 | dens 2.093732e-05/2.024065e-05 | count 4.202/4.062 | mae 1.549 | total 33.618/32.499
[train] epoch 74/150 step 40 | loss 6.6994 | det 0.0964 seg 0.2173 cnt 3.5104 reg 0.0052 | dens 3.079957e-05/3.518918e-05 | count 6.182/7.063 | mae 1.576 | total 49.453/56.501
[train] epoch 74/150 | train 6.5828
[train] epoch 75/150 step 20 | loss 8.0433 | det 0.1506 seg 0.1991 cnt 4.1859 reg 0.0061 | dens 6.521829e-05/6.757562e-05 | count 13.090/13.563 | mae 3.011 | total 104.717/108.502
[train] epoch 75/150 step 40 | loss 7.9340 | det 0.1627 seg 0.2012 cnt 3.8782 reg 0.0052 | dens 4.958340e-05/4.951282e-05 | count 9.952/9.937 | mae 0.987 | total 79.613/79.499
[train] epoch 75/150 | train 7.6150
[train] epoch 76/150 step 20 | loss 7.4492 | det 0.1343 seg 0.2170 cnt 3.6919 reg 0.0062 | dens 3.717466e-05/3.892053e-05 | count 7.461/7.812 | mae 1.856 | total 59.689/62.492
[train] epoch 76/150 step 40 | loss 6.9780 | det 0.1320 seg 0.2080 cnt 3.3286 reg 0.0052 | dens 3.384027e-05/2.896062e-05 | count 6.792/5.813 | mae 1.153 | total 54.335/46.500
[train] epoch 76/150 | train 6.9376
[train] epoch 77/150 step 20 | loss 6.7374 | det 0.0983 seg 0.3133 cnt 2.7513 reg 0.0062 | dens 3.129116e-05/2.678572e-05 | count 6.280/5.376 | mae 1.132 | total 50.242/43.008
[train] epoch 77/150 step 40 | loss 7.0110 | det 0.1278 seg 0.2648 cnt 2.9696 reg 0.0053 | dens 2.058050e-05/1.588250e-05 | count 4.131/3.188 | mae 1.638 | total 33.045/25.501
[train] epoch 77/150 | train 6.7371
[train] epoch 78/150 step 20 | loss 5.7482 | det 0.1176 seg 0.1866 cnt 2.4845 reg 0.0063 | dens 3.697497e-05/3.612357e-05 | count 7.421/7.250 | mae 1.448 | total 59.368/58.001
[train] epoch 78/150 step 40 | loss 6.6096 | det 0.1213 seg 0.1890 cnt 3.2727 reg 0.0053 | dens 2.103023e-05/2.335538e-05 | count 4.221/4.688 | mae 0.914 | total 33.767/37.500
[train] epoch 78/150 | train 6.4703
[train] epoch 79/150 step 20 | loss 7.9558 | det 0.1431 seg 0.1949 cnt 4.2439 reg 0.0064 | dens 1.154256e-04/9.622292e-05 | count 23.166/19.312 | mae 4.398 | total 185.331/154.499
[train] epoch 79/150 step 40 | loss 7.7330 | det 0.1289 seg 0.1986 cnt 4.2059 reg 0.0053 | dens 2.973456e-05/3.238645e-05 | count 5.968/6.500 | mae 1.849 | total 47.743/52.001
[train] epoch 79/150 | train 7.8823
[train] epoch 80/150 step 20 | loss 8.5385 | det 0.1045 seg 0.2101 cnt 5.2839 reg 0.0063 | dens 1.563820e-05/1.774970e-05 | count 3.139/3.562 | mae 1.137 | total 25.109/28.499
[train] epoch 80/150 step 40 | loss 7.1782 | det 0.1101 seg 0.2027 cnt 3.8992 reg 0.0053 | dens 3.584970e-05/3.799191e-05 | count 7.195/7.625 | mae 1.282 | total 57.561/61.001
[train] epoch 80/150 | train 7.0187
[train] epoch 81/150 step 20 | loss 6.7645 | det 0.1596 seg 0.2252 cnt 2.5627 reg 0.0063 | dens 3.506606e-05/4.048027e-05 | count 7.038/8.125 | mae 1.873 | total 56.303/64.996
[train] epoch 81/150 step 40 | loss 6.4252 | det 0.1334 seg 0.2148 cnt 2.6997 reg 0.0053 | dens 7.668389e-05/6.695301e-05 | count 15.391/13.438 | mae 2.153 | total 123.126/107.502
[train] epoch 81/150 | train 6.1621
[train] epoch 82/150 step 20 | loss 6.5522 | det 0.1633 seg 0.1985 cnt 2.5084 reg 0.0063 | dens 2.847942e-05/3.082909e-05 | count 5.716/6.188 | mae 1.129 | total 45.727/49.500
[train] epoch 82/150 step 40 | loss 6.4370 | det 0.1632 seg 0.2024 cnt 2.3641 reg 0.0053 | dens 2.883049e-05/3.269727e-05 | count 5.786/6.562 | mae 1.429 | total 46.291/52.500
[train] epoch 82/150 | train 6.4514
[train] epoch 83/150 step 20 | loss 6.3941 | det 0.1624 seg 0.1915 cnt 2.4194 reg 0.0064 | dens 3.480230e-05/3.456601e-05 | count 6.985/6.938 | mae 1.552 | total 55.880/55.500
[train] epoch 83/150 step 40 | loss 5.8846 | det 0.1239 seg 0.1854 cnt 2.5375 reg 0.0053 | dens 3.590333e-05/3.238569e-05 | count 7.206/6.500 | mae 1.396 | total 57.648/52.000
[train] epoch 83/150 | train 5.8415
[train] epoch 84/150 step 20 | loss 6.7752 | det 0.1634 seg 0.2140 cnt 2.6048 reg 0.0064 | dens 4.487996e-05/4.764544e-05 | count 9.008/9.563 | mae 1.157 | total 72.061/76.501
[train] epoch 84/150 step 40 | loss 6.4072 | det 0.1206 seg 0.2174 cnt 2.8539 reg 0.0053 | dens 3.888681e-05/4.297425e-05 | count 7.805/8.625 | mae 1.344 | total 62.438/69.001
[train] epoch 84/150 | train 6.5005
[train] epoch 85/150 step 20 | loss 7.1418 | det 0.1701 seg 0.2132 cnt 2.8778 reg 0.0063 | dens 1.287720e-05/1.556998e-05 | count 2.585/3.125 | mae 0.931 | total 20.676/25.000
[train] epoch 85/150 step 40 | loss 6.2937 | det 0.1249 seg 0.2143 cnt 2.6999 reg 0.0053 | dens 2.604859e-05/2.802628e-05 | count 5.228/5.625 | mae 1.281 | total 41.824/45.000
[train] epoch 85/150 | train 6.3718
[train] epoch 86/150 step 20 | loss 7.3369 | det 0.1156 seg 0.1928 cnt 4.0545 reg 0.0063 | dens 4.589482e-05/4.546498e-05 | count 9.211/9.125 | mae 1.364 | total 73.690/73.000
[train] epoch 86/150 step 40 | loss 8.0604 | det 0.1266 seg 0.2437 cnt 4.2058 reg 0.0053 | dens 3.993263e-05/3.363186e-05 | count 8.015/6.750 | mae 1.927 | total 64.117/54.000
[train] epoch 86/150 | train 8.0672
[train] epoch 87/150 step 20 | loss 8.1131 | det 0.1880 seg 0.2632 cnt 3.1800 reg 0.0064 | dens 6.659644e-05/5.947931e-05 | count 13.366/11.938 | mae 1.882 | total 106.929/95.502
[train] epoch 87/150 step 40 | loss 6.6193 | det 0.1265 seg 0.2343 cnt 2.8421 reg 0.0053 | dens 4.431447e-05/4.048308e-05 | count 8.894/8.125 | mae 1.659 | total 71.153/65.001
[train] epoch 87/150 | train 7.2466
[train] epoch 88/150 step 20 | loss 7.0788 | det 0.1085 seg 0.2165 cnt 3.7125 reg 0.0066 | dens 2.907621e-04/3.160913e-04 | count 58.357/63.441 | mae 7.071 | total 466.857/507.526
[train] epoch 88/150 step 40 | loss 6.9080 | det 0.1197 seg 0.2195 cnt 3.3509 reg 0.0054 | dens 3.594016e-05/4.172850e-05 | count 7.213/8.375 | mae 1.844 | total 57.707/67.001
[train] epoch 88/150 | train 6.5671
[train] epoch 89/150 step 20 | loss 6.4280 | det 0.1388 seg 0.1736 cnt 2.9512 reg 0.0064 | dens 1.201304e-04/1.273641e-04 | count 24.111/25.562 | mae 5.179 | total 192.885/204.500
[train] epoch 89/150 step 40 | loss 6.4134 | det 0.1393 seg 0.2072 cnt 2.6603 reg 0.0053 | dens 3.572498e-05/3.612330e-05 | count 7.170/7.250 | mae 2.200 | total 57.361/58.001
[train] epoch 89/150 | train 6.7515
[train] epoch 90/150 step 20 | loss 6.3454 | det 0.1365 seg 0.1905 cnt 2.7675 reg 0.0064 | dens 5.264243e-05/5.481637e-05 | count 10.566/11.002 | mae 1.461 | total 84.524/88.015
[train] epoch 90/150 step 40 | loss 6.2904 | det 0.1086 seg 0.1857 cnt 3.1710 reg 0.0053 | dens 2.369240e-05/3.487715e-05 | count 4.755/7.000 | mae 2.434 | total 38.041/56.000
[train] epoch 90/150 | train 6.2369
[train] epoch 91/150 step 20 | loss 6.4702 | det 0.1063 seg 0.1961 cnt 3.3003 reg 0.0063 | dens 3.260498e-05/3.549346e-05 | count 6.544/7.124 | mae 0.822 | total 52.352/56.989
[train] epoch 91/150 step 40 | loss 6.0595 | det 0.1157 seg 0.1997 cnt 2.7219 reg 0.0054 | dens 2.427871e-05/2.242103e-05 | count 4.873/4.500 | mae 1.078 | total 38.983/36.000
[train] epoch 91/150 | train 5.9652
[train] epoch 92/150 step 20 | loss 6.1411 | det 0.1172 seg 0.2188 cnt 2.6264 reg 0.0063 | dens 2.723084e-05/2.927324e-05 | count 5.465/5.875 | mae 1.550 | total 43.723/47.002
[train] epoch 92/150 step 40 | loss 6.4509 | det 0.1205 seg 0.2040 cnt 3.0064 reg 0.0053 | dens 6.040938e-05/5.636326e-05 | count 12.124/11.312 | mae 1.571 | total 96.995/90.499
[train] epoch 92/150 | train 6.3421
[train] epoch 93/150 step 20 | loss 5.6113 | det 0.0986 seg 0.1857 cnt 2.6403 reg 0.0063 | dens 3.502784e-05/3.332107e-05 | count 7.030/6.688 | mae 0.879 | total 56.242/53.501
[train] epoch 93/150 step 40 | loss 5.4987 | det 0.0910 seg 0.1955 cnt 2.5640 reg 0.0053 | dens 3.390451e-05/3.394277e-05 | count 6.805/6.812 | mae 1.144 | total 54.438/54.500
[train] epoch 93/150 | train 5.8714
[train] epoch 94/150 step 20 | loss 5.7767 | det 0.1018 seg 0.1900 cnt 2.7236 reg 0.0064 | dens 6.765132e-05/6.322461e-05 | count 13.578/12.689 | mae 1.691 | total 108.623/101.515
[train] epoch 94/150 step 40 | loss 6.2898 | det 0.1053 seg 0.1925 cnt 3.1652 reg 0.0053 | dens 2.317945e-05/3.207447e-05 | count 4.652/6.437 | mae 2.025 | total 37.218/51.500
[train] epoch 94/150 | train 6.2265
[train] epoch 95/150 step 20 | loss 7.5620 | det 0.1383 seg 0.1737 cnt 4.0910 reg 0.0064 | dens 2.535699e-05/2.615769e-05 | count 5.089/5.250 | mae 0.894 | total 40.714/42.000
[train] epoch 95/150 step 40 | loss 7.0959 | det 0.1546 seg 0.1774 cnt 3.3520 reg 0.0053 | dens 4.869874e-05/6.259366e-05 | count 9.774/12.563 | mae 3.749 | total 78.192/100.502
[train] epoch 95/150 | train 6.8889
[train] epoch 96/150 step 20 | loss 5.1282 | det 0.0729 seg 0.1813 cnt 2.5778 reg 0.0064 | dens 1.007089e-04/9.342948e-05 | count 20.213/18.752 | mae 2.490 | total 161.701/150.013
[train] epoch 96/150 step 40 | loss 5.3758 | det 0.0902 seg 0.1784 cnt 2.5901 reg 0.0054 | dens 2.054026e-05/1.961847e-05 | count 4.123/3.938 | mae 0.606 | total 32.980/31.500
[train] epoch 96/150 | train 5.6581
[train] epoch 97/150 step 20 | loss 5.6983 | det 0.1080 seg 0.1770 cnt 2.6557 reg 0.0064 | dens 4.581468e-05/3.830202e-05 | count 9.195/7.687 | mae 1.705 | total 73.562/61.499
[train] epoch 97/150 step 40 | loss 6.0423 | det 0.1167 seg 0.1992 cnt 2.6930 reg 0.0053 | dens 2.209512e-05/2.179858e-05 | count 4.435/4.375 | mae 1.116 | total 35.477/35.000
[train] epoch 97/150 | train 6.0216
[train] epoch 98/150 step 20 | loss 5.3984 | det 0.0867 seg 0.1917 cnt 2.5590 reg 0.0064 | dens 2.996701e-05/2.958395e-05 | count 6.014/5.938 | mae 0.761 | total 48.116/47.501
[train] epoch 98/150 step 40 | loss 6.0076 | det 0.1278 seg 0.1967 cnt 2.5111 reg 0.0053 | dens 2.816410e-05/2.927215e-05 | count 5.653/5.875 | mae 0.871 | total 45.221/47.000
[train] epoch 98/150 | train 6.1685
[train] epoch 99/150 step 20 | loss 5.5462 | det 0.1219 seg 0.1783 cnt 2.2843 reg 0.0064 | dens 4.929413e-05/4.422058e-05 | count 9.894/8.875 | mae 1.386 | total 79.148/71.002
[train] epoch 99/150 step 40 | loss 5.8453 | det 0.1438 seg 0.1693 cnt 2.3283 reg 0.0053 | dens 5.816290e-05/5.356208e-05 | count 11.674/10.750 | mae 1.458 | total 93.388/86.001
[train] epoch 99/150 | train 5.8515
[train] epoch 100/150 step 20 | loss 5.3966 | det 0.1010 seg 0.1815 cnt 2.4223 reg 0.0064 | dens 6.220094e-05/6.321533e-05 | count 12.484/12.688 | mae 1.595 | total 99.872/101.501
[train] epoch 100/150 step 40 | loss 5.6705 | det 0.1054 seg 0.1874 cnt 2.5853 reg 0.0053 | dens 8.398832e-05/9.061903e-05 | count 16.857/18.188 | mae 2.615 | total 134.854/145.501
[train] epoch 100/150 | train 5.5444
[train] epoch 101/150 step 20 | loss 6.0839 | det 0.1210 seg 0.2104 cnt 2.5789 reg 0.0065 | dens 1.072976e-04/9.840250e-05 | count 21.535/19.750 | mae 3.088 | total 172.281/157.998
[train] epoch 101/150 step 40 | loss 6.5616 | det 0.1193 seg 0.2667 cnt 2.6333 reg 0.0054 | dens 1.114669e-04/1.049431e-04 | count 22.372/21.063 | mae 2.830 | total 178.975/168.500
[train] epoch 101/150 | train 6.2117
[val] epoch 101 | det 0.3262 seg 0.8609 miou 0.6477 cnt 3.6217 dens 8.507999e-01 mae 2.7709 total_mae 12.8358 | ap50 0.6401 | combo 1.648688
[ckpt] cached best -> epoch 101 (combo 1.648688)
[train] epoch 102/150 step 20 | loss 6.4899 | det 0.1296 seg 0.2283 cnt 2.7140 reg 0.0066 | dens 2.756766e-05/2.584566e-05 | count 5.533/5.187 | mae 1.018 | total 44.264/41.499
[train] epoch 102/150 step 40 | loss 6.0391 | det 0.1088 seg 0.2217 cnt 2.6279 reg 0.0054 | dens 4.685855e-05/4.608813e-05 | count 9.405/9.250 | mae 1.240 | total 75.238/74.001
[train] epoch 102/150 | train 6.1543
[val] epoch 102 | det 0.3330 seg 0.8808 miou 0.6457 cnt 3.5720 dens 8.477666e-01 mae 2.7243 total_mae 13.0086 | ap50 0.6344 | combo 1.647228
[train] epoch 103/150 step 20 | loss 5.5068 | det 0.0828 seg 0.1874 cnt 2.7583 reg 0.0065 | dens 3.200827e-05/3.144524e-05 | count 6.424/6.311 | mae 0.980 | total 51.394/50.489
[train] epoch 103/150 step 40 | loss 5.6737 | det 0.1007 seg 0.1839 cnt 2.6872 reg 0.0054 | dens 2.839557e-05/4.297349e-05 | count 5.699/8.625 | mae 3.066 | total 45.593/69.000
[train] epoch 103/150 | train 5.4836
[val] epoch 103 | det 0.3347 seg 0.8825 miou 0.6447 cnt 3.5363 dens 8.500779e-01 mae 2.6863 total_mae 13.0399 | ap50 0.6363 | combo 1.653216
[ckpt] cached best -> epoch 103 (combo 1.653216)
[train] epoch 104/150 step 20 | loss 5.6219 | det 0.0977 seg 0.1892 cnt 2.6367 reg 0.0065 | dens 6.525594e-05/5.262775e-05 | count 13.097/10.563 | mae 2.614 | total 104.777/84.501
[train] epoch 104/150 step 40 | loss 5.6650 | det 0.1002 seg 0.1805 cnt 2.7125 reg 0.0054 | dens 2.411826e-05/2.678073e-05 | count 4.841/5.375 | mae 1.805 | total 38.725/43.000
[train] epoch 104/150 | train 5.8345
[val] epoch 104 | det 0.3549 seg 0.8806 miou 0.6233 cnt 3.5832 dens 8.503289e-01 mae 2.7329 total_mae 14.2103 | ap50 0.6404 | combo 1.629615
[train] epoch 105/150 step 20 | loss 5.8869 | det 0.0902 seg 0.1484 cnt 3.3403 reg 0.0065 | dens 7.255385e-05/7.068842e-05 | count 14.562/14.187 | mae 2.280 | total 116.495/113.500
[train] epoch 105/150 step 40 | loss 6.3411 | det 0.1165 seg 0.1686 cnt 3.2388 reg 0.0054 | dens 1.074613e-04/9.373252e-05 | count 21.568/18.812 | mae 2.836 | total 172.543/150.500
[train] epoch 105/150 | train 6.2563
[val] epoch 105 | det 0.3427 seg 0.8798 miou 0.6187 cnt 3.6816 dens 8.488316e-01 mae 2.8328 total_mae 13.4332 | ap50 0.6361 | combo 1.607785
[train] epoch 106/150 step 20 | loss 5.6462 | det 0.1024 seg 0.1672 cnt 2.7669 reg 0.0066 | dens 4.848824e-05/5.137853e-05 | count 9.732/10.312 | mae 1.638 | total 77.854/82.495
[train] epoch 106/150 step 40 | loss 5.5656 | det 0.0938 seg 0.2054 cnt 2.5098 reg 0.0054 | dens 4.105908e-05/3.985990e-05 | count 8.241/8.000 | mae 0.678 | total 65.926/64.000
[train] epoch 106/150 | train 5.4634
[val] epoch 106 | det 0.3314 seg 0.8629 miou 0.6402 cnt 3.6125 dens 8.483266e-01 mae 2.7642 total_mae 12.9559 | ap50 0.6306 | combo 1.632562
[train] epoch 107/150 step 20 | loss 5.6635 | det 0.1250 seg 0.1640 cnt 2.4706 reg 0.0065 | dens 4.173780e-05/4.702171e-05 | count 8.377/9.437 | mae 1.335 | total 67.016/75.500
[train] epoch 107/150 step 40 | loss 6.1162 | det 0.1284 seg 0.1887 cnt 2.6748 reg 0.0054 | dens 8.557505e-05/9.156318e-05 | count 17.175/18.377 | mae 2.082 | total 137.402/147.017
[train] epoch 107/150 | train 6.2007
[val] epoch 107 | det 0.3386 seg 0.9192 miou 0.6303 cnt 3.6451 dens 8.518469e-01 mae 2.7932 total_mae 13.5808 | ap50 0.6369 | combo 1.625167
[train] epoch 108/150 step 20 | loss 5.1959 | det 0.0873 seg 0.1579 cnt 2.6172 reg 0.0065 | dens 2.529987e-05/2.179797e-05 | count 5.078/4.375 | mae 1.082 | total 40.622/35.000
[train] epoch 108/150 step 40 | loss 5.9980 | det 0.0813 seg 0.1559 cnt 3.5264 reg 0.0053 | dens 2.674490e-05/2.522102e-05 | count 5.368/5.062 | mae 1.664 | total 42.942/40.496
[train] epoch 108/150 | train 5.9348
[val] epoch 108 | det 0.3400 seg 0.8606 miou 0.6271 cnt 3.5475 dens 8.479871e-01 mae 2.6995 total_mae 12.7625 | ap50 0.6380 | combo 1.635541
[train] epoch 109/150 step 20 | loss 5.3931 | det 0.0987 seg 0.1836 cnt 2.4371 reg 0.0066 | dens 2.489503e-05/2.366747e-05 | count 4.997/4.750 | mae 0.760 | total 39.972/38.001
[train] epoch 109/150 step 40 | loss 5.3822 | det 0.0919 seg 0.1709 cnt 2.6302 reg 0.0054 | dens 6.576326e-05/7.100013e-05 | count 13.199/14.250 | mae 2.534 | total 105.592/114.000
[train] epoch 109/150 | train 5.3530
[val] epoch 109 | det 0.3472 seg 0.8998 miou 0.6415 cnt 3.5536 dens 8.473442e-01 mae 2.7063 total_mae 12.7493 | ap50 0.6328 | combo 1.643745
[train] epoch 110/150 step 20 | loss 6.1484 | det 0.1122 seg 0.1695 cnt 3.1027 reg 0.0065 | dens 2.431495e-05/2.460107e-05 | count 4.880/4.938 | mae 1.089 | total 39.041/39.500
[train] epoch 110/150 step 40 | loss 6.6362 | det 0.1251 seg 0.1698 cnt 3.3966 reg 0.0054 | dens 4.504871e-05/4.857877e-05 | count 9.041/9.750 | mae 1.501 | total 72.332/78.000
[train] epoch 110/150 | train 6.4627
[val] epoch 110 | det 0.3372 seg 0.8856 miou 0.6380 cnt 3.5949 dens 8.479594e-01 mae 2.7470 total_mae 13.7356 | ap50 0.6361 | combo 1.638127
[train] epoch 111/150 step 20 | loss 5.9637 | det 0.1009 seg 0.1377 cnt 3.3423 reg 0.0067 | dens 5.839539e-05/6.695370e-05 | count 11.720/13.438 | mae 2.169 | total 93.762/107.503
[train] epoch 111/150 step 40 | loss 5.6791 | det 0.1016 seg 0.1597 cnt 2.8713 reg 0.0054 | dens 2.601279e-05/2.242117e-05 | count 5.221/4.500 | mae 1.208 | total 41.767/36.000
[train] epoch 111/150 | train 5.6494
[val] epoch 111 | det 0.3350 seg 0.8859 miou 0.6455 cnt 3.5995 dens 8.463210e-01 mae 2.7531 total_mae 12.7657 | ap50 0.6389 | combo 1.647684
[train] epoch 112/150 step 20 | loss 4.6749 | det 0.0955 seg 0.1340 cnt 2.1643 reg 0.0066 | dens 2.444811e-05/2.491249e-05 | count 4.907/5.000 | mae 0.973 | total 39.255/40.000
[train] epoch 112/150 step 40 | loss 4.9957 | det 0.0920 seg 0.1546 cnt 2.3731 reg 0.0054 | dens 6.010190e-05/7.099755e-05 | count 12.063/14.249 | mae 2.902 | total 96.502/113.996
[train] epoch 112/150 | train 4.9936
[val] epoch 112 | det 0.3494 seg 0.9081 miou 0.6404 cnt 3.5302 dens 8.452231e-01 mae 2.6850 total_mae 12.7133 | ap50 0.6322 | combo 1.645053
[train] epoch 113/150 step 20 | loss 7.6394 | det 0.1355 seg 0.1924 cnt 4.0606 reg 0.0065 | dens 8.931144e-05/9.497948e-05 | count 17.925/19.063 | mae 2.205 | total 143.401/152.502
[train] epoch 113/150 step 40 | loss 7.4905 | det 0.1403 seg 0.1949 cnt 3.8214 reg 0.0053 | dens 8.798982e-05/1.005847e-04 | count 17.660/20.188 | mae 2.640 | total 141.279/161.502
[train] epoch 113/150 | train 7.2950
[val] epoch 113 | det 0.3246 seg 0.8755 miou 0.6477 cnt 3.5948 dens 8.501976e-01 mae 2.7447 total_mae 14.2865 | ap50 0.6372 | combo 1.649327
[train] epoch 114/150 step 20 | loss 6.7666 | det 0.1654 seg 0.1563 cnt 3.0294 reg 0.0066 | dens 6.113188e-05/5.013698e-05 | count 12.269/10.063 | mae 2.394 | total 98.155/80.502
[train] epoch 114/150 step 40 | loss 6.2582 | det 0.1415 seg 0.1872 cnt 2.6329 reg 0.0054 | dens 2.647300e-05/2.833795e-05 | count 5.313/5.688 | mae 0.832 | total 42.506/45.500
[train] epoch 114/150 | train 6.1521
[val] epoch 114 | det 0.3502 seg 0.9126 miou 0.6455 cnt 3.5531 dens 8.453528e-01 mae 2.7078 total_mae 12.8305 | ap50 0.6334 | combo 1.648239
[train] epoch 115/150 step 20 | loss 5.5616 | det 0.1203 seg 0.1719 cnt 2.3746 reg 0.0067 | dens 8.308487e-05/9.466791e-05 | count 16.675/19.000 | mae 2.900 | total 133.404/152.002
[train] epoch 115/150 step 40 | loss 5.3096 | det 0.1007 seg 0.1744 cnt 2.3985 reg 0.0055 | dens 2.889202e-05/3.207085e-05 | count 5.799/6.437 | mae 1.137 | total 46.390/51.494
[train] epoch 115/150 | train 5.4869
[val] epoch 115 | det 0.3460 seg 0.8938 miou 0.6469 cnt 3.5498 dens 8.465947e-01 mae 2.7032 total_mae 12.9852 | ap50 0.6398 | combo 1.656597
[ckpt] cached best -> epoch 115 (combo 1.656597)
[train] epoch 116/150 step 20 | loss 5.4857 | det 0.0783 seg 0.2021 cnt 2.6874 reg 0.0068 | dens 2.883753e-05/2.864873e-05 | count 5.788/5.750 | mae 0.872 | total 46.302/45.999
[train] epoch 116/150 step 40 | loss 5.6485 | det 0.0985 seg 0.1774 cnt 2.7459 reg 0.0055 | dens 6.502067e-05/6.010168e-05 | count 13.050/12.063 | mae 1.840 | total 104.399/96.501
[train] epoch 116/150 | train 5.5028
[val] epoch 116 | det 0.3483 seg 0.8674 miou 0.6509 cnt 3.5849 dens 8.494340e-01 mae 2.7354 total_mae 13.1293 | ap50 0.6379 | combo 1.654400
[train] epoch 117/150 step 20 | loss 5.9098 | det 0.1251 seg 0.1561 cnt 2.7784 reg 0.0067 | dens 5.253849e-05/4.826671e-05 | count 10.545/9.687 | mae 1.551 | total 84.357/77.499
[train] epoch 117/150 step 40 | loss 5.9783 | det 0.1174 seg 0.1647 cnt 2.8949 reg 0.0054 | dens 3.194084e-05/3.082822e-05 | count 6.411/6.187 | mae 0.779 | total 51.285/49.499
[train] epoch 117/150 | train 5.7593
[val] epoch 117 | det 0.3458 seg 0.8787 miou 0.6473 cnt 3.6297 dens 8.457144e-01 mae 2.7840 total_mae 13.2969 | ap50 0.6395 | combo 1.646009
[train] epoch 118/150 step 20 | loss 5.1079 | det 0.0684 seg 0.1667 cnt 2.7419 reg 0.0067 | dens 3.448533e-05/3.269714e-05 | count 6.921/6.562 | mae 1.000 | total 55.371/52.500
[train] epoch 118/150 step 40 | loss 5.0347 | det 0.0745 seg 0.1630 cnt 2.6087 reg 0.0054 | dens 5.704580e-05/4.889167e-05 | count 11.449/9.813 | mae 2.278 | total 91.595/78.502
[train] epoch 118/150 | train 5.0127
[val] epoch 118 | det 0.3486 seg 0.8616 miou 0.6502 cnt 3.5687 dens 8.451861e-01 mae 2.7235 total_mae 13.0869 | ap50 0.6361 | combo 1.653561
[train] epoch 119/150 step 20 | loss 5.2431 | det 0.0836 seg 0.1625 cnt 2.6836 reg 0.0066 | dens 5.923725e-05/6.819714e-05 | count 11.889/13.687 | mae 2.288 | total 95.113/109.500
[train] epoch 119/150 step 40 | loss 5.2340 | det 0.0874 seg 0.1713 cnt 2.5475 reg 0.0054 | dens 3.996014e-05/4.297326e-05 | count 8.020/8.625 | mae 1.199 | total 64.161/68.999
[train] epoch 119/150 | train 5.3210
[val] epoch 119 | det 0.3518 seg 0.8553 miou 0.6483 cnt 3.5351 dens 8.464651e-01 mae 2.6886 total_mae 12.9977 | ap50 0.6358 | combo 1.655982
[train] epoch 120/150 step 20 | loss 5.3666 | det 0.1126 seg 0.1555 cnt 2.4264 reg 0.0066 | dens 5.844864e-05/6.913114e-05 | count 11.731/13.875 | mae 2.430 | total 93.847/110.999
[train] epoch 120/150 step 40 | loss 5.6118 | det 0.1058 seg 0.1628 cnt 2.7169 reg 0.0054 | dens 6.733195e-05/7.660473e-05 | count 13.514/15.375 | mae 2.624 | total 108.110/122.999
[train] epoch 120/150 | train 5.2811
[val] epoch 120 | det 0.3406 seg 0.8528 miou 0.6433 cnt 3.5818 dens 8.468419e-01 mae 2.7349 total_mae 13.8809 | ap50 0.6363 | combo 1.645282
[train] epoch 121/150 step 20 | loss 5.2206 | det 0.0802 seg 0.1595 cnt 2.7345 reg 0.0067 | dens 4.014416e-05/4.141553e-05 | count 8.057/8.312 | mae 1.160 | total 64.457/66.498
[train] epoch 121/150 step 40 | loss 5.0743 | det 0.0825 seg 0.1521 cnt 2.6140 reg 0.0054 | dens 1.457253e-05/1.775019e-05 | count 2.925/3.563 | mae 1.299 | total 23.398/28.500
[train] epoch 121/150 | train 5.2495
[val] epoch 121 | det 0.3441 seg 0.8596 miou 0.6494 cnt 3.5462 dens 8.454850e-01 mae 2.7008 total_mae 12.8402 | ap50 0.6385 | combo 1.658221
[ckpt] cached best -> epoch 121 (combo 1.658221)
[train] epoch 122/150 step 20 | loss 4.4550 | det 0.0795 seg 0.1418 cnt 2.1214 reg 0.0067 | dens 2.007954e-05/2.366631e-05 | count 4.030/4.750 | mae 1.343 | total 32.240/37.999
[train] epoch 122/150 step 40 | loss 4.4943 | det 0.0725 seg 0.1500 cnt 2.2021 reg 0.0054 | dens 4.037450e-05/3.923698e-05 | count 8.103/7.875 | mae 0.781 | total 64.827/63.000
[train] epoch 122/150 | train 4.5911
[val] epoch 122 | det 0.3558 seg 0.8996 miou 0.6453 cnt 3.6093 dens 8.454641e-01 mae 2.7638 total_mae 13.0343 | ap50 0.6387 | combo 1.645820
[train] epoch 123/150 step 20 | loss 4.6596 | det 0.0708 seg 0.1490 cnt 2.3984 reg 0.0067 | dens 2.819800e-05/3.518784e-05 | count 5.659/7.062 | mae 2.177 | total 45.276/56.499
[train] epoch 123/150 step 40 | loss 4.8885 | det 0.0807 seg 0.1670 cnt 2.3368 reg 0.0054 | dens 2.257884e-05/2.273295e-05 | count 4.532/4.563 | mae 0.591 | total 36.253/36.501
[train] epoch 123/150 | train 5.0219
[val] epoch 123 | det 0.3553 seg 0.8860 miou 0.6459 cnt 3.5234 dens 8.449655e-01 mae 2.6784 total_mae 12.7353 | ap50 0.6386 | combo 1.657885
[train] epoch 124/150 step 20 | loss 5.2940 | det 0.0996 seg 0.1876 cnt 2.2926 reg 0.0066 | dens 5.381958e-05/5.854356e-05 | count 10.802/11.750 | mae 1.833 | total 86.414/93.999
[train] epoch 124/150 step 40 | loss 5.6622 | det 0.0961 seg 0.1728 cnt 2.8322 reg 0.0054 | dens 4.561050e-05/4.297365e-05 | count 9.154/8.625 | mae 0.971 | total 73.234/69.000
[train] epoch 124/150 | train 5.4410
[val] epoch 124 | det 0.3527 seg 1.0943 miou 0.6331 cnt 3.5353 dens 8.452628e-01 mae 2.6900 total_mae 13.1174 | ap50 0.6450 | combo 1.649827
[train] epoch 125/150 step 20 | loss 4.8314 | det 0.0911 seg 0.1654 cnt 2.1351 reg 0.0067 | dens 4.208407e-05/4.203900e-05 | count 8.446/8.437 | mae 1.494 | total 67.572/67.499
[train] epoch 125/150 step 40 | loss 5.0181 | det 0.1015 seg 0.1618 cnt 2.1960 reg 0.0054 | dens 3.214974e-05/3.518849e-05 | count 6.453/7.062 | mae 0.921 | total 51.621/56.500
[train] epoch 125/150 | train 4.8496
[val] epoch 125 | det 0.3433 seg 0.9134 miou 0.6388 cnt 3.5437 dens 8.444494e-01 mae 2.6993 total_mae 12.6585 | ap50 0.6423 | combo 1.651557
[train] epoch 126/150 step 20 | loss 5.8392 | det 0.1198 seg 0.1636 cnt 2.7265 reg 0.0067 | dens 1.507930e-05/1.339055e-05 | count 3.026/2.688 | mae 0.634 | total 24.212/21.500
[train] epoch 126/150 step 40 | loss 5.4593 | det 0.1054 seg 0.1487 cnt 2.6842 reg 0.0055 | dens 2.864037e-05/2.584670e-05 | count 5.748/5.188 | mae 1.087 | total 45.986/41.500
[train] epoch 126/150 | train 5.4175
[val] epoch 126 | det 0.3581 seg 0.9695 miou 0.6419 cnt 3.5302 dens 8.433431e-01 mae 2.6869 total_mae 12.6216 | ap50 0.6346 | combo 1.648662
[train] epoch 127/150 step 20 | loss 5.1259 | det 0.0845 seg 0.1787 cnt 2.4224 reg 0.0066 | dens 3.021374e-05/2.864929e-05 | count 6.064/5.750 | mae 1.030 | total 48.512/46.000
[train] epoch 127/150 step 40 | loss 5.1501 | det 0.1021 seg 0.1707 cnt 2.2473 reg 0.0053 | dens 2.103253e-05/2.086439e-05 | count 4.221/4.188 | mae 0.783 | total 33.771/33.501
[train] epoch 127/150 | train 5.0209
[val] epoch 127 | det 0.3558 seg 0.9220 miou 0.6441 cnt 3.5292 dens 8.442452e-01 mae 2.6850 total_mae 12.6973 | ap50 0.6379 | combo 1.654511
[train] epoch 128/150 step 20 | loss 4.6965 | det 0.0899 seg 0.1498 cnt 2.1424 reg 0.0066 | dens 4.022353e-05/4.048223e-05 | count 8.073/8.125 | mae 1.238 | total 64.584/65.000
[train] epoch 128/150 step 40 | loss 5.3002 | det 0.1022 seg 0.1469 cnt 2.5866 reg 0.0053 | dens 2.134714e-04/1.887105e-04 | count 42.845/37.875 | mae 5.949 | total 342.756/303.000
[train] epoch 128/150 | train 5.2610
[val] epoch 128 | det 0.3528 seg 0.9132 miou 0.6447 cnt 3.5180 dens 8.445674e-01 mae 2.6734 total_mae 12.6593 | ap50 0.6370 | combo 1.655716
[train] epoch 129/150 step 20 | loss 6.6112 | det 0.0700 seg 0.1849 cnt 4.0755 reg 0.0067 | dens 5.375099e-05/6.228045e-05 | count 10.788/12.500 | mae 2.061 | total 86.304/99.999
[train] epoch 129/150 step 40 | loss 7.3049 | det 0.1052 seg 0.1748 cnt 4.3228 reg 0.0054 | dens 3.594773e-05/4.017081e-05 | count 7.215/8.062 | mae 1.521 | total 57.719/64.500
[train] epoch 129/150 | train 6.8956
[val] epoch 129 | det 0.3520 seg 0.9356 miou 0.6453 cnt 3.6218 dens 8.474560e-01 mae 2.7744 total_mae 14.9843 | ap50 0.6422 | combo 1.647964
[train] epoch 130/150 step 20 | loss 5.3439 | det 0.1086 seg 0.1734 cnt 2.3218 reg 0.0068 | dens 8.683419e-06/7.162300e-06 | count 1.743/1.438 | mae 0.779 | total 13.942/11.500
[train] epoch 130/150 step 40 | loss 5.5850 | det 0.1090 seg 0.1655 cnt 2.6201 reg 0.0054 | dens 7.161443e-05/5.916683e-05 | count 14.373/11.875 | mae 2.632 | total 114.986/95.000
[train] epoch 130/150 | train 5.2968
[val] epoch 130 | det 0.3545 seg 0.8847 miou 0.6491 cnt 3.5094 dens 8.427444e-01 mae 2.6667 total_mae 12.5325 | ap50 0.6407 | combo 1.664786
[ckpt] cached best -> epoch 130 (combo 1.664786)
[train] epoch 131/150 step 20 | loss 5.2614 | det 0.0779 seg 0.1765 cnt 2.6749 reg 0.0067 | dens 5.144499e-05/5.698674e-05 | count 10.325/11.437 | mae 1.917 | total 82.602/91.500
[train] epoch 131/150 step 40 | loss 5.1300 | det 0.0922 seg 0.1609 cnt 2.4541 reg 0.0054 | dens 2.141078e-05/2.335503e-05 | count 4.297/4.687 | mae 0.940 | total 34.378/37.500
[train] epoch 131/150 | train 5.0300
[val] epoch 131 | det 0.3494 seg 0.9369 miou 0.6454 cnt 3.4832 dens 8.446046e-01 mae 2.6386 total_mae 12.6386 | ap50 0.6425 | combo 1.666811
[ckpt] cached best -> epoch 131 (combo 1.666811)
[train] epoch 132/150 step 20 | loss 4.7188 | det 0.0899 seg 0.1426 cnt 2.2219 reg 0.0067 | dens 5.689168e-05/5.387365e-05 | count 11.418/10.813 | mae 1.223 | total 91.347/86.501
[train] epoch 132/150 step 40 | loss 4.6548 | det 0.0890 seg 0.1433 cnt 2.1677 reg 0.0054 | dens 2.834099e-05/2.709234e-05 | count 5.688/5.438 | mae 0.997 | total 45.505/43.500
[train] epoch 132/150 | train 4.6220
[val] epoch 132 | det 0.3640 seg 0.9069 miou 0.6484 cnt 3.5236 dens 8.463608e-01 mae 2.6772 total_mae 12.9681 | ap50 0.6392 | combo 1.661108
[train] epoch 133/150 step 20 | loss 4.5560 | det 0.0943 seg 0.1438 cnt 1.9850 reg 0.0068 | dens 1.603197e-05/2.117543e-05 | count 3.218/4.250 | mae 1.378 | total 25.741/34.000
[train] epoch 133/150 step 40 | loss 4.6931 | det 0.0841 seg 0.1476 cnt 2.2449 reg 0.0055 | dens 3.721228e-05/3.861397e-05 | count 7.469/7.750 | mae 1.047 | total 59.749/62.000
[train] epoch 133/150 | train 4.6166
[val] epoch 133 | det 0.3515 seg 0.9067 miou 0.6482 cnt 3.6025 dens 8.439984e-01 mae 2.7585 total_mae 12.9387 | ap50 0.6435 | combo 1.654255
[train] epoch 134/150 step 20 | loss 5.7397 | det 0.1032 seg 0.1640 cnt 2.8729 reg 0.0067 | dens 2.791968e-05/3.269758e-05 | count 5.604/6.563 | mae 1.405 | total 44.829/52.500
[train] epoch 134/150 step 40 | loss 5.2797 | det 0.0862 seg 0.1574 cnt 2.7217 reg 0.0054 | dens 7.898761e-05/7.442530e-05 | count 15.853/14.937 | mae 1.525 | total 126.825/119.500
[train] epoch 134/150 | train 5.1912
[val] epoch 134 | det 0.3664 seg 0.8716 miou 0.6509 cnt 3.5299 dens 8.446630e-01 mae 2.6853 total_mae 12.6820 | ap50 0.6374 | combo 1.660700
[train] epoch 135/150 step 20 | loss 5.3861 | det 0.0987 seg 0.1547 cnt 2.6613 reg 0.0067 | dens 1.362088e-04/1.370200e-04 | count 27.338/27.500 | mae 2.401 | total 218.701/220.004
[train] epoch 135/150 step 40 | loss 5.6267 | det 0.0846 seg 0.1557 cnt 3.1059 reg 0.0054 | dens 2.261834e-05/2.397879e-05 | count 4.540/4.813 | mae 0.805 | total 36.317/38.501
[train] epoch 135/150 | train 5.5212
[val] epoch 135 | det 0.3528 seg 0.8875 miou 0.6475 cnt 3.5471 dens 8.453150e-01 mae 2.7018 total_mae 12.8539 | ap50 0.6394 | combo 1.656963
[train] epoch 136/150 step 20 | loss 5.0749 | det 0.0834 seg 0.1342 cnt 2.7434 reg 0.0067 | dens 3.453085e-05/3.830364e-05 | count 6.930/7.688 | mae 1.170 | total 55.444/61.502
[train] epoch 136/150 step 40 | loss 5.1452 | det 0.1021 seg 0.1350 cnt 2.5281 reg 0.0054 | dens 7.721026e-05/8.127584e-05 | count 15.496/16.312 | mae 1.474 | total 123.971/130.499
[train] epoch 136/150 | train 5.2629
[val] epoch 136 | det 0.3518 seg 0.8935 miou 0.6517 cnt 3.5567 dens 8.448792e-01 mae 2.7118 total_mae 12.6969 | ap50 0.6344 | combo 1.654860
[train] epoch 137/150 step 20 | loss 4.4891 | det 0.0712 seg 0.1508 cnt 2.2072 reg 0.0067 | dens 2.689304e-05/2.428920e-05 | count 5.398/4.875 | mae 0.968 | total 43.180/39.000
[train] epoch 137/150 step 40 | loss 4.9423 | det 0.0966 seg 0.1493 cnt 2.2933 reg 0.0054 | dens 7.029447e-05/6.414974e-05 | count 14.108/12.875 | mae 1.533 | total 112.867/103.001
[train] epoch 137/150 | train 4.7950
[val] epoch 137 | det 0.3581 seg 0.8984 miou 0.6503 cnt 3.5290 dens 8.421826e-01 mae 2.6868 total_mae 12.6766 | ap50 0.6365 | combo 1.658962
[train] epoch 138/150 step 20 | loss 5.4311 | det 0.1240 seg 0.1587 cnt 2.2945 reg 0.0068 | dens 6.737740e-05/6.290279e-05 | count 13.523/12.625 | mae 2.272 | total 108.183/100.999
[train] epoch 138/150 step 40 | loss 5.0569 | det 0.0972 seg 0.1513 cnt 2.3837 reg 0.0055 | dens 3.684975e-05/3.799168e-05 | count 7.396/7.625 | mae 0.724 | total 59.167/61.001
[train] epoch 138/150 | train 5.7411
[val] epoch 138 | det 0.3578 seg 0.9166 miou 0.6449 cnt 3.5644 dens 8.444501e-01 mae 2.7200 total_mae 14.4012 | ap50 0.6384 | combo 1.650974
[train] epoch 139/150 step 20 | loss 5.5671 | det 0.1161 seg 0.1531 cnt 2.5946 reg 0.0068 | dens 1.891176e-05/1.868397e-05 | count 3.796/3.750 | mae 0.852 | total 30.365/30.000
[train] epoch 139/150 step 40 | loss 4.9399 | det 0.0878 seg 0.1463 cnt 2.4465 reg 0.0055 | dens 2.237333e-05/2.117551e-05 | count 4.490/4.250 | mae 0.780 | total 35.923/34.000
[train] epoch 139/150 | train 4.7129
[val] epoch 139 | det 0.3541 seg 0.8911 miou 0.6514 cnt 3.5008 dens 8.425045e-01 mae 2.6583 total_mae 12.5839 | ap50 0.6429 | combo 1.670488
[ckpt] cached best -> epoch 139 (combo 1.670488)
[train] epoch 140/150 step 20 | loss 5.4081 | det 0.1265 seg 0.1473 cnt 2.3247 reg 0.0067 | dens 4.416230e-05/4.266256e-05 | count 8.864/8.563 | mae 1.149 | total 70.908/68.500
[train] epoch 140/150 step 40 | loss 5.1748 | det 0.0994 seg 0.1450 cnt 2.5181 reg 0.0054 | dens 5.428211e-05/5.293922e-05 | count 10.895/10.625 | mae 1.470 | total 87.157/85.001
[train] epoch 140/150 | train 5.0213
[val] epoch 140 | det 0.3500 seg 0.8969 miou 0.6487 cnt 3.5012 dens 8.415013e-01 mae 2.6597 total_mae 12.5153 | ap50 0.6420 | combo 1.666718
[train] epoch 141/150 step 20 | loss 4.3199 | det 0.0954 seg 0.1380 cnt 1.7788 reg 0.0067 | dens 2.876798e-05/2.802592e-05 | count 5.774/5.625 | mae 0.788 | total 46.191/44.999
[train] epoch 141/150 step 40 | loss 4.5337 | det 0.0973 seg 0.1406 cnt 1.9443 reg 0.0054 | dens 4.671027e-05/4.671128e-05 | count 9.375/9.375 | mae 0.700 | total 74.999/75.001
[train] epoch 141/150 | train 4.2919
[val] epoch 141 | det 0.3532 seg 0.9052 miou 0.6468 cnt 3.5084 dens 8.407308e-01 mae 2.6677 total_mae 12.4036 | ap50 0.6407 | combo 1.662371
[train] epoch 142/150 step 20 | loss 4.8660 | det 0.0724 seg 0.1227 cnt 2.7916 reg 0.0067 | dens 4.278165e-05/5.293894e-05 | count 8.586/10.625 | mae 2.406 | total 68.692/85.000
[train] epoch 142/150 step 40 | loss 4.9616 | det 0.0766 seg 0.1419 cnt 2.6714 reg 0.0054 | dens 1.515162e-04/1.653551e-04 | count 30.410/33.187 | mae 3.182 | total 243.279/265.499
[train] epoch 142/150 | train 5.1176
[val] epoch 142 | det 0.3492 seg 0.9213 miou 0.6411 cnt 3.4806 dens 8.420439e-01 mae 2.6385 total_mae 12.6777 | ap50 0.6427 | combo 1.662790
[train] epoch 143/150 step 20 | loss 4.7783 | det 0.0943 seg 0.1460 cnt 2.1895 reg 0.0066 | dens 2.754343e-05/2.397840e-05 | count 5.528/4.813 | mae 1.064 | total 44.225/38.500
[train] epoch 143/150 step 40 | loss 4.8085 | det 0.0887 seg 0.1599 cnt 2.1942 reg 0.0054 | dens 2.198985e-05/1.993004e-05 | count 4.413/4.000 | mae 0.660 | total 35.308/32.000
[train] epoch 143/150 | train 5.2398
[val] epoch 143 | det 0.3622 seg 1.0123 miou 0.6435 cnt 3.5264 dens 8.441519e-01 mae 2.6823 total_mae 12.7178 | ap50 0.6429 | combo 1.659176
[train] epoch 144/150 step 20 | loss 5.3156 | det 0.1186 seg 0.1480 cnt 2.3461 reg 0.0067 | dens 1.016493e-04/1.021394e-04 | count 20.401/20.500 | mae 1.400 | total 163.211/163.998
[train] epoch 144/150 step 40 | loss 5.3486 | det 0.0907 seg 0.1496 cnt 2.7862 reg 0.0054 | dens 1.131024e-04/1.121046e-04 | count 22.700/22.500 | mae 1.311 | total 181.601/179.999
[train] epoch 144/150 | train 5.0579
[val] epoch 144 | det 0.3597 seg 0.9156 miou 0.6458 cnt 3.5261 dens 8.443988e-01 mae 2.6817 total_mae 13.4501 | ap50 0.6397 | combo 1.658387
[train] epoch 145/150 step 20 | loss 6.6262 | det 0.1089 seg 0.1465 cnt 3.8135 reg 0.0068 | dens 3.798465e-05/3.518815e-05 | count 7.624/7.062 | mae 1.145 | total 60.989/56.499
[train] epoch 145/150 step 40 | loss 5.8286 | det 0.0952 seg 0.1531 cnt 3.1703 reg 0.0054 | dens 7.875235e-05/7.629401e-05 | count 15.806/15.313 | mae 1.933 | total 126.447/122.500
[train] epoch 145/150 | train 5.8786
[val] epoch 145 | det 0.3662 seg 0.8801 miou 0.6503 cnt 3.5098 dens 8.413906e-01 mae 2.6684 total_mae 12.6176 | ap50 0.6411 | combo 1.666106
[train] epoch 146/150 step 20 | loss 4.9839 | det 0.0893 seg 0.1515 cnt 2.4258 reg 0.0068 | dens 3.214424e-05/2.833761e-05 | count 6.451/5.687 | mae 0.888 | total 51.612/45.500
[train] epoch 146/150 step 40 | loss 4.9629 | det 0.0926 seg 0.1613 cnt 2.2782 reg 0.0054 | dens 1.602877e-05/2.055259e-05 | count 3.217/4.125 | mae 1.743 | total 25.736/33.000
[train] epoch 146/150 | train 4.9032
[val] epoch 146 | det 0.3558 seg 0.9232 miou 0.6451 cnt 3.5291 dens 8.420536e-01 mae 2.6870 total_mae 12.7011 | ap50 0.6426 | combo 1.659816
[train] epoch 147/150 step 20 | loss 4.5198 | det 0.0929 seg 0.1441 cnt 1.9668 reg 0.0067 | dens 3.480808e-05/3.487754e-05 | count 6.986/7.000 | mae 0.838 | total 55.889/56.000
[train] epoch 147/150 step 40 | loss 5.5143 | det 0.0991 seg 0.1509 cnt 2.8149 reg 0.0054 | dens 7.652921e-06/8.719036e-06 | count 1.536/1.750 | mae 0.568 | total 12.288/14.000
[train] epoch 147/150 | train 5.3950
[val] epoch 147 | det 0.3686 seg 0.8569 miou 0.6510 cnt 3.4883 dens 8.438478e-01 mae 2.6444 total_mae 13.1537 | ap50 0.6415 | combo 1.670608
[ckpt] cached best -> epoch 147 (combo 1.670608)
[train] epoch 148/150 step 20 | loss 6.4010 | det 0.1043 seg 0.1646 cnt 3.5120 reg 0.0068 | dens 4.380740e-05/4.733286e-05 | count 8.792/9.500 | mae 1.667 | total 70.339/75.999
[train] epoch 148/150 step 40 | loss 5.4647 | det 0.0923 seg 0.1606 cnt 2.7900 reg 0.0054 | dens 2.150099e-05/1.930751e-05 | count 4.315/3.875 | mae 0.998 | total 34.523/31.001
[train] epoch 148/150 | train 5.3697
[val] epoch 148 | det 0.3815 seg 0.8956 miou 0.6495 cnt 3.5221 dens 8.423975e-01 mae 2.6797 total_mae 12.6816 | ap50 0.6425 | combo 1.665160
[train] epoch 149/150 step 20 | loss 4.8826 | det 0.0944 seg 0.1431 cnt 2.3158 reg 0.0068 | dens 3.072197e-05/3.456505e-05 | count 6.166/6.937 | mae 1.066 | total 49.328/55.499
[train] epoch 149/150 step 40 | loss 4.6322 | det 0.0847 seg 0.1421 cnt 2.2204 reg 0.0054 | dens 3.374875e-05/3.799120e-05 | count 6.774/7.625 | mae 1.025 | total 54.188/61.000
[train] epoch 149/150 | train 4.9229
[val] epoch 149 | det 0.3566 seg 0.9070 miou 0.6490 cnt 3.5177 dens 8.436766e-01 mae 2.6740 total_mae 13.1645 | ap50 0.6470 | combo 1.669958
[train] epoch 150/150 step 20 | loss 5.0465 | det 0.0936 seg 0.1487 cnt 2.4454 reg 0.0067 | dens 4.469404e-05/4.079399e-05 | count 8.970/8.188 | mae 1.617 | total 71.762/65.500
[train] epoch 150/150 step 40 | loss 5.0937 | det 0.1019 seg 0.1538 cnt 2.3287 reg 0.0054 | dens 1.648815e-05/1.307891e-05 | count 3.309/2.625 | mae 0.925 | total 26.474/21.000
[train] epoch 150/150 | train 5.0383
[val] epoch 150 | det 0.3659 seg 0.9398 miou 0.6500 cnt 3.4902 dens 8.406353e-01 mae 2.6496 total_mae 12.4472 | ap50 0.6435 | combo 1.670997
[ckpt] cached best -> epoch 150 (combo 1.670997)
[ckpt] saving cached best -> runs/113_mtlora_vision_10per/best_combo.pt
